selection_id,selection_type,source_record_id,objective_id,name,subcategory,route_block,selection_status,selected_source,source_location,source_detail,route_timing,prerequisites_or_inputs,avoid_until,validation_owner,source_note_refs,notes
PROGSEL-000001,skill_book_copy,BOOKLOC-000001,OBJ-000819,A Game at Dinner,Alchemy,G05,selected_default_copy_pending_route_validation,Dead Crone Rock,Dead Crone Rock,"Dead Crone Rock (The Reach), by a lever opening the way to the rooftop",Collect selected copy when its route block is safe; read after Scholar's Insight and high-skill timing check.,,Do not read before Scholar's Insight unless final route explicitly documents the tradeoff.,TB-031G/TB-033 route-access and final skill-state validation,SN-000051-skill-books-and-reader.md,One title-level skill book objective needs one selected copy; duplicate copies remain non-required alternates.
PROGSEL-000002,skill_book_copy,BOOKLOC-000007,OBJ-000820,De Rerum Dirennis,Alchemy,G03,selected_default_copy_pending_route_validation,240 ft N of Evergreen Grove,240 ft N of Evergreen Grove,240 ft N of Evergreen Grove (Falkreath Hold),Collect selected copy when its route block is safe; read after Scholar's Insight and high-skill timing check.,,Do not read before Scholar's Insight unless final route explicitly documents the tradeoff.,TB-031G/TB-033 route-access and final skill-state validation,SN-000051-skill-books-and-reader.md,One title-level skill book objective needs one selected copy; duplicate copies remain non-required alternates.
PROGSEL-000003,skill_book_copy,BOOKLOC-000013,OBJ-000821,Herbalist's Guide to Skyrim,Alchemy,G02,selected_default_copy_pending_route_validation,Arcadia's Cauldron,Arcadia's Cauldron,Arcadia's Cauldron (Whiterun),Collect selected copy when its route block is safe; read after Scholar's Insight and high-skill timing check.,,Do not read before Scholar's Insight unless final route explicitly documents the tradeoff.,TB-031G/TB-033 route-access and final skill-state validation,SN-000051-skill-books-and-reader.md,One title-level skill book objective needs one selected copy; duplicate copies remain non-required alternates.
PROGSEL-000004,skill_book_copy,BOOKLOC-000017,OBJ-000822,"Mannimarco, King of Worms",Alchemy,G03,selected_default_copy_pending_route_validation,Evergreen Grove,Evergreen Grove,"Evergreen Grove (Falkreath Hold), on an altar",Collect selected copy when its route block is safe; read after Scholar's Insight and high-skill timing check.,,Do not read before Scholar's Insight unless final route explicitly documents the tradeoff.,TB-031G/TB-033 route-access and final skill-state validation,SN-000051-skill-books-and-reader.md,One title-level skill book objective needs one selected copy; duplicate copies remain non-required alternates.
PROGSEL-000005,skill_book_copy,BOOKLOC-000022,OBJ-000823,Song of the Alchemists,Alchemy,G03,selected_default_copy_pending_route_validation,Anise's Cabin,Anise's Cabin,"Anise's Cabin (Falkreath Hold), on a table at the foot of the bed",Collect selected copy when its route block is safe; read after Scholar's Insight and high-skill timing check.,,Do not read before Scholar's Insight unless final route explicitly documents the tradeoff.,TB-031G/TB-033 route-access and final skill-state validation,SN-000051-skill-books-and-reader.md,One title-level skill book objective needs one selected copy; duplicate copies remain non-required alternates.
PROGSEL-000006,skill_book_copy,BOOKLOC-000026,OBJ-000824,Breathing Water,Alteration,G03,selected_default_copy_pending_route_validation,Ilinalta's Deep,Ilinalta's Deep,"Ilinalta's Deep (Falkreath Hold), underwater room, next to a submerged chest",Collect selected copy when its route block is safe; read after Scholar's Insight and high-skill timing check.,,Do not read before Scholar's Insight unless final route explicitly documents the tradeoff.,TB-031G/TB-033 route-access and final skill-state validation,SN-000051-skill-books-and-reader.md,One title-level skill book objective needs one selected copy; duplicate copies remain non-required alternates.
PROGSEL-000007,skill_book_copy,BOOKLOC-000032,OBJ-000825,Daughter of the Niben,Alteration,G06,selected_default_copy_pending_route_validation,Brandy-Mug Farm,Brandy-Mug Farm,"Brandy-Mug Farm (Eastmarch), on top of the fireplace",Collect selected copy when its route block is safe; read after Scholar's Insight and high-skill timing check.,,Do not read before Scholar's Insight unless final route explicitly documents the tradeoff.,TB-031G/TB-033 route-access and final skill-state validation,SN-000051-skill-books-and-reader.md,One title-level skill book objective needs one selected copy; duplicate copies remain non-required alternates.
PROGSEL-000008,skill_book_copy,BOOKLOC-000039,OBJ-000826,Reality & Other Falsehoods,Alteration,G04,selected_default_copy_pending_route_validation,Snow-Shod Farm,Snow-Shod Farm,"Snow-Shod Farm (The Rift), basement",Collect selected copy when its route block is safe; read after Scholar's Insight and high-skill timing check.,,Do not read before Scholar's Insight unless final route explicitly documents the tradeoff.,TB-031G/TB-033 route-access and final skill-state validation,SN-000051-skill-books-and-reader.md,One title-level skill book objective needs one selected copy; duplicate copies remain non-required alternates.
PROGSEL-000009,skill_book_copy,BOOKLOC-000043,OBJ-000827,Sithis,Alteration,G14,selected_default_copy_pending_route_validation,Cradle Stone Tower,Cradle Stone Tower,Cradle Stone Tower,Collect selected copy when its route block is safe; read after Scholar's Insight and high-skill timing check.,,Do not read before Scholar's Insight unless final route explicitly documents the tradeoff.,TB-031G/TB-033 route-access and final skill-state validation,SN-000051-skill-books-and-reader.md,One title-level skill book objective needs one selected copy; duplicate copies remain non-required alternates.
PROGSEL-000010,skill_book_copy,BOOKLOC-000048,OBJ-000828,The Lunar Lorkhan,Alteration,G06,selected_default_copy_pending_route_validation,Cragwallow Slope,Cragwallow Slope,"Cragwallow Slope (Eastmarch), central chamber",Collect selected copy when its route block is safe; read after Scholar's Insight and high-skill timing check.,,Do not read before Scholar's Insight unless final route explicitly documents the tradeoff.,TB-031G/TB-033 route-access and final skill-state validation,SN-000051-skill-books-and-reader.md,One title-level skill book objective needs one selected copy; duplicate copies remain non-required alternates.
PROGSEL-000011,skill_book_copy,BOOKLOC-000053,OBJ-000829,Father Of The Niben,Archery,G03,selected_default_copy_pending_route_validation,Hunter's Rest,Hunter's Rest,"Hunter's Rest (Falkreath Hold), between two bedrolls",Collect selected copy when its route block is safe; read after Scholar's Insight and high-skill timing check.,,Do not read before Scholar's Insight unless final route explicitly documents the tradeoff.,TB-031G/TB-033 route-access and final skill-state validation,SN-000051-skill-books-and-reader.md,One title-level skill book objective needs one selected copy; duplicate copies remain non-required alternates.
PROGSEL-000012,skill_book_copy,BOOKLOC-000058,OBJ-000830,"The Black Arrow, v2",Archery,G07,selected_default_copy_pending_route_validation,Brood Cavern,Brood Cavern,"Brood Cavern (Hjaalmarch), on the body of a dead hunter",Collect selected copy when its route block is safe; read after Scholar's Insight and high-skill timing check.,,Do not read before Scholar's Insight unless final route explicitly documents the tradeoff.,TB-031G/TB-033 route-access and final skill-state validation,SN-000051-skill-books-and-reader.md,One title-level skill book objective needs one selected copy; duplicate copies remain non-required alternates.
PROGSEL-000013,skill_book_copy,BOOKLOC-000063,OBJ-000831,The Gold Ribbon of Merit,Archery,G03,selected_default_copy_pending_route_validation,Angi's Camp,Angi's Camp,"Angi's Camp (Falkreath Hold), inside the shack, on the end table by the bed",Collect selected copy when its route block is safe; read after Scholar's Insight and high-skill timing check.,,Do not read before Scholar's Insight unless final route explicitly documents the tradeoff.,TB-031G/TB-033 route-access and final skill-state validation,SN-000051-skill-books-and-reader.md,One title-level skill book objective needs one selected copy; duplicate copies remain non-required alternates.
PROGSEL-000014,skill_book_copy,BOOKLOC-000069,OBJ-000832,The Marksmanship Lesson,Archery,G05,selected_default_copy_pending_route_validation,Cliffside Retreat,Cliffside Retreat,"Cliffside Retreat (The Reach), on a table",Collect selected copy when its route block is safe; read after Scholar's Insight and high-skill timing check.,,Do not read before Scholar's Insight unless final route explicitly documents the tradeoff.,TB-031G/TB-033 route-access and final skill-state validation,SN-000051-skill-books-and-reader.md,One title-level skill book objective needs one selected copy; duplicate copies remain non-required alternates.
PROGSEL-000015,skill_book_copy,BOOKLOC-000074,OBJ-000833,Vernaccus and Bourlor,Archery,G04,selected_default_copy_pending_route_validation,Clearspring Cave,Clearspring Cave,Clearspring Cave (The Rift),Collect selected copy when its route block is safe; read after Scholar's Insight and high-skill timing check.,,Do not read before Scholar's Insight unless final route explicitly documents the tradeoff.,TB-031G/TB-033 route-access and final skill-state validation,SN-000051-skill-books-and-reader.md,One title-level skill book objective needs one selected copy; duplicate copies remain non-required alternates.
PROGSEL-000016,skill_book_copy,BOOKLOC-000079,OBJ-000834,"A Dance in Fire, v2",Block,G07,selected_default_copy_pending_route_validation,Fort Snowhawk,Fort Snowhawk,"Fort Snowhawk (Hjaalmarch), on a table in the room west of the back entrance in the main keep",Collect selected copy when its route block is safe; read after Scholar's Insight and high-skill timing check.,,Do not read before Scholar's Insight unless final route explicitly documents the tradeoff.,TB-031G/TB-033 route-access and final skill-state validation,SN-000051-skill-books-and-reader.md,One title-level skill book objective needs one selected copy; duplicate copies remain non-required alternates.
PROGSEL-000017,skill_book_copy,BOOKLOC-000084,OBJ-000835,Battle of Red Mountain,Block,G04,selected_default_copy_pending_route_validation,Largashbur Cellar,Largashbur Cellar,Largashbur Cellar (The Rift),Collect selected copy when its route block is safe; read after Scholar's Insight and high-skill timing check.,,Do not read before Scholar's Insight unless final route explicitly documents the tradeoff.,TB-031G/TB-033 route-access and final skill-state validation,SN-000051-skill-books-and-reader.md,One title-level skill book objective needs one selected copy; duplicate copies remain non-required alternates.
PROGSEL-000018,skill_book_copy,BOOKLOC-000089,OBJ-000836,Death Blow of Abernanit,Block,G14,selected_default_copy_pending_route_validation,430 ft W of Dawnstar,430 ft W of Dawnstar,430 ft W of Dawnstar,Collect selected copy when its route block is safe; read after Scholar's Insight and high-skill timing check.,,Do not read before Scholar's Insight unless final route explicitly documents the tradeoff.,TB-031G/TB-033 route-access and final skill-state validation,SN-000051-skill-books-and-reader.md,One title-level skill book objective needs one selected copy; duplicate copies remain non-required alternates.
PROGSEL-000019,skill_book_copy,BOOKLOC-000095,OBJ-000837,The Mirror,Block,G05,selected_default_copy_pending_route_validation,Broken Tower Redoubt,Broken Tower Redoubt,"Broken Tower Redoubt (The Reach), on bookshelf in the sleeping area",Collect selected copy when its route block is safe; read after Scholar's Insight and high-skill timing check.,,Do not read before Scholar's Insight unless final route explicitly documents the tradeoff.,TB-031G/TB-033 route-access and final skill-state validation,SN-000051-skill-books-and-reader.md,One title-level skill book objective needs one selected copy; duplicate copies remain non-required alternates.
PROGSEL-000020,skill_book_copy,BOOKLOC-000099,OBJ-000838,Warrior,Block,G08,selected_default_copy_pending_route_validation,Driftshade Refuge,Driftshade Refuge,"Driftshade Refuge (Winterhold), near the fireplace in the boss's chamber",Collect selected copy when its route block is safe; read after Scholar's Insight and high-skill timing check.,,Do not read before Scholar's Insight unless final route explicitly documents the tradeoff.,TB-031G/TB-033 route-access and final skill-state validation,SN-000051-skill-books-and-reader.md,One title-level skill book objective needs one selected copy; duplicate copies remain non-required alternates.
PROGSEL-000021,skill_book_copy,BOOKLOC-000104,OBJ-000839,"2920, Frostfall, v10",Conjuration,G06,selected_default_copy_pending_route_validation,Belyn Hlaalu's House,Belyn Hlaalu's House,"Belyn Hlaalu's House (Windhelm), upstairs behind the dresser",Collect selected copy when its route block is safe; read after Scholar's Insight and high-skill timing check.,,Do not read before Scholar's Insight unless final route explicitly documents the tradeoff.,TB-031G/TB-033 route-access and final skill-state validation,SN-000051-skill-books-and-reader.md,One title-level skill book objective needs one selected copy; duplicate copies remain non-required alternates.
PROGSEL-000022,skill_book_copy,BOOKLOC-000109,OBJ-000840,"2920, Hearth Fire, v9",Conjuration,G03,selected_default_copy_pending_route_validation,640 ft SE of Angi's Camp,640 ft SE of Angi's Camp,640 ft SE of Angi's Camp (Falkreath Hold),Collect selected copy when its route block is safe; read after Scholar's Insight and high-skill timing check.,,Do not read before Scholar's Insight unless final route explicitly documents the tradeoff.,TB-031G/TB-033 route-access and final skill-state validation,SN-000051-skill-books-and-reader.md,One title-level skill book objective needs one selected copy; duplicate copies remain non-required alternates.
PROGSEL-000023,skill_book_copy,BOOKLOC-000115,OBJ-000841,Liminal Bridges,Conjuration,G05,selected_default_copy_pending_route_validation,Broken Tower Redoubt,Broken Tower Redoubt,"Broken Tower Redoubt (The Reach), the topmost tower (the Briarheart's room)",Collect selected copy when its route block is safe; read after Scholar's Insight and high-skill timing check.,,Do not read before Scholar's Insight unless final route explicitly documents the tradeoff.,TB-031G/TB-033 route-access and final skill-state validation,SN-000051-skill-books-and-reader.md,One title-level skill book objective needs one selected copy; duplicate copies remain non-required alternates.
PROGSEL-000024,skill_book_copy,BOOKLOC-000119,OBJ-000842,The Doors of Oblivion,Conjuration,G02,selected_default_copy_pending_route_validation,Fellglow Keep,Fellglow Keep,"Fellglow Keep (Whiterun Hold), podium in far west room",Collect selected copy when its route block is safe; read after Scholar's Insight and high-skill timing check.,,Do not read before Scholar's Insight unless final route explicitly documents the tradeoff.,TB-031G/TB-033 route-access and final skill-state validation,SN-000051-skill-books-and-reader.md,One title-level skill book objective needs one selected copy; duplicate copies remain non-required alternates.
PROGSEL-000025,skill_book_copy,BOOKLOC-000124,OBJ-000843,The Warrior's Charge,Conjuration,G03,selected_default_copy_pending_route_validation,Brittleshin Pass,Brittleshin Pass,"Brittleshin Pass (Falkreath Hold), near the Arcane Enchanter",Collect selected copy when its route block is safe; read after Scholar's Insight and high-skill timing check.,,Do not read before Scholar's Insight unless final route explicitly documents the tradeoff.,TB-031G/TB-033 route-access and final skill-state validation,SN-000051-skill-books-and-reader.md,One title-level skill book objective needs one selected copy; duplicate copies remain non-required alternates.
PROGSEL-000026,skill_book_copy,BOOKLOC-000130,OBJ-000844,A Hypothetical Treachery,Destruction,G06,selected_default_copy_pending_route_validation,Aretino Residence,Aretino Residence,"Aretino Residence (Windhelm), behind the bookshelf",Collect selected copy when its route block is safe; read after Scholar's Insight and high-skill timing check.,,Do not read before Scholar's Insight unless final route explicitly documents the tradeoff.,TB-031G/TB-033 route-access and final skill-state validation,SN-000051-skill-books-and-reader.md,One title-level skill book objective needs one selected copy; duplicate copies remain non-required alternates.
PROGSEL-000027,skill_book_copy,BOOKLOC-000137,OBJ-000845,Horror of Castle Xyr,Destruction,G04,selected_default_copy_pending_route_validation,210 ft WSW of Darklight Tower,210 ft WSW of Darklight Tower,210 ft WSW of Darklight Tower (The Rift),Collect selected copy when its route block is safe; read after Scholar's Insight and high-skill timing check.,,Do not read before Scholar's Insight unless final route explicitly documents the tradeoff.,TB-031G/TB-033 route-access and final skill-state validation,SN-000051-skill-books-and-reader.md,One title-level skill book objective needs one selected copy; duplicate copies remain non-required alternates.
PROGSEL-000028,skill_book_copy,BOOKLOC-000142,OBJ-000846,"Mystery of Talara, v3",Destruction,G08,selected_default_copy_pending_route_validation,Birna's Oddments,Birna's Oddments,"Birna's Oddments (Winterhold), upstairs on a dresser",Collect selected copy when its route block is safe; read after Scholar's Insight and high-skill timing check.,,Do not read before Scholar's Insight unless final route explicitly documents the tradeoff.,TB-031G/TB-033 route-access and final skill-state validation,SN-000051-skill-books-and-reader.md,One title-level skill book objective needs one selected copy; duplicate copies remain non-required alternates.
PROGSEL-000029,skill_book_copy,BOOKLOC-000147,OBJ-000847,Response to Bero's Speech,Destruction,G03,selected_default_copy_pending_route_validation,Haemar's Cavern,Haemar's Cavern,"Haemar's Cavern (Falkreath Hold), on a desk near two dead bandits",Collect selected copy when its route block is safe; read after Scholar's Insight and high-skill timing check.,,Do not read before Scholar's Insight unless final route explicitly documents the tradeoff.,TB-031G/TB-033 route-access and final skill-state validation,SN-000051-skill-books-and-reader.md,One title-level skill book objective needs one selected copy; duplicate copies remain non-required alternates.
PROGSEL-000030,skill_book_copy,BOOKLOC-000154,OBJ-000848,The Art of War Magic,Destruction,G04,selected_default_copy_pending_route_validation,470 ft N of Fallowstone Cave,470 ft N of Fallowstone Cave,470 ft N of Fallowstone Cave (The Rift),Collect selected copy when its route block is safe; read after Scholar's Insight and high-skill timing check.,,Do not read before Scholar's Insight unless final route explicitly documents the tradeoff.,TB-031G/TB-033 route-access and final skill-state validation,SN-000051-skill-books-and-reader.md,One title-level skill book objective needs one selected copy; duplicate copies remain non-required alternates.
PROGSEL-000031,skill_book_copy,BOOKLOC-000158,OBJ-000849,A Tragedy in Black,Enchanting,G05,selected_default_copy_pending_route_validation,Bruca's Leap Redoubt,Bruca's Leap Redoubt,"Bruca's Leap Redoubt (The Reach), on the bookshelf",Collect selected copy when its route block is safe; read after Scholar's Insight and high-skill timing check.,,Do not read before Scholar's Insight unless final route explicitly documents the tradeoff.,TB-031G/TB-033 route-access and final skill-state validation,SN-000051-skill-books-and-reader.md,One title-level skill book objective needs one selected copy; duplicate copies remain non-required alternates.
PROGSEL-000032,skill_book_copy,BOOKLOC-000164,OBJ-000850,Catalogue of Armor Enchantments,Enchanting,G08,selected_default_copy_pending_route_validation,The Brinehammer Below Deck,The Brinehammer Below Deck,The Brinehammer Below Deck (The Pale),Collect selected copy when its route block is safe; read after Scholar's Insight and high-skill timing check.,,Do not read before Scholar's Insight unless final route explicitly documents the tradeoff.,TB-031G/TB-033 route-access and final skill-state validation,SN-000051-skill-books-and-reader.md,One title-level skill book objective needs one selected copy; duplicate copies remain non-required alternates.
PROGSEL-000033,skill_book_copy,BOOKLOC-000169,OBJ-000851,Catalogue of Weapon Enchantments,Enchanting,G07,selected_default_copy_pending_route_validation,Castle Dour,Castle Dour,"Castle Dour, Emperor's Tower (Solitude)",Collect selected copy when its route block is safe; read after Scholar's Insight and high-skill timing check.,,Do not read before Scholar's Insight unless final route explicitly documents the tradeoff.,TB-031G/TB-033 route-access and final skill-state validation,SN-000051-skill-books-and-reader.md,One title-level skill book objective needs one selected copy; duplicate copies remain non-required alternates.
PROGSEL-000034,skill_book_copy,BOOKLOC-000176,OBJ-000852,Enchanter's Primer,Enchanting,G02,selected_default_copy_pending_route_validation,Carlotta Valentia's House,Carlotta Valentia's House,"Carlotta Valentia's House (Whiterun), on the bedroom floor",Collect selected copy when its route block is safe; read after Scholar's Insight and high-skill timing check.,,Do not read before Scholar's Insight unless final route explicitly documents the tradeoff.,TB-031G/TB-033 route-access and final skill-state validation,SN-000051-skill-books-and-reader.md,One title-level skill book objective needs one selected copy; duplicate copies remain non-required alternates.
PROGSEL-000035,skill_book_copy,BOOKLOC-000182,OBJ-000853,Twin Secrets,Enchanting,G05,selected_default_copy_pending_route_validation,Calcelmo's Laboratory,Calcelmo's Laboratory,Calcelmo's Laboratory (Markarth),Collect selected copy when its route block is safe; read after Scholar's Insight and high-skill timing check.,,Do not read before Scholar's Insight unless final route explicitly documents the tradeoff.,TB-031G/TB-033 route-access and final skill-state validation,SN-000051-skill-books-and-reader.md,One title-level skill book objective needs one selected copy; duplicate copies remain non-required alternates.
PROGSEL-000036,skill_book_copy,BOOKLOC-000187,OBJ-000854,"2920, MidYear, v6",Heavy Armor,G14,selected_default_copy_pending_route_validation,Blackreach,Blackreach,"Blackreach, over a stone table in the south zone",Collect selected copy when its route block is safe; read after Scholar's Insight and high-skill timing check.,,Do not read before Scholar's Insight unless final route explicitly documents the tradeoff.,TB-031G/TB-033 route-access and final skill-state validation,SN-000051-skill-books-and-reader.md,One title-level skill book objective needs one selected copy; duplicate copies remain non-required alternates.
PROGSEL-000037,skill_book_copy,BOOKLOC-000192,OBJ-000855,Chimarvamidium,Heavy Armor,G05,selected_default_copy_pending_route_validation,Calcelmo's Tower,Calcelmo's Tower,Calcelmo's Tower (Markarth),Collect selected copy when its route block is safe; read after Scholar's Insight and high-skill timing check.,,Do not read before Scholar's Insight unless final route explicitly documents the tradeoff.,TB-031G/TB-033 route-access and final skill-state validation,SN-000051-skill-books-and-reader.md,One title-level skill book objective needs one selected copy; duplicate copies remain non-required alternates.
PROGSEL-000038,skill_book_copy,BOOKLOC-000202,OBJ-000856,Hallgerd's Tale,Heavy Armor,G04,selected_default_copy_pending_route_validation,530 ft NNW of Fallowstone Cave,530 ft NNW of Fallowstone Cave,530 ft NNW of Fallowstone Cave (The Rift),Collect selected copy when its route block is safe; read after Scholar's Insight and high-skill timing check.,,Do not read before Scholar's Insight unless final route explicitly documents the tradeoff.,TB-031G/TB-033 route-access and final skill-state validation,SN-000051-skill-books-and-reader.md,One title-level skill book objective needs one selected copy; duplicate copies remain non-required alternates.
PROGSEL-000039,skill_book_copy,BOOKLOC-000208,OBJ-000857,Orsinium and the Orcs,Heavy Armor,G02,selected_default_copy_pending_route_validation,Darkshade,Darkshade,"Darkshade (Whiterun Hold), second room, lying near the water",Collect selected copy when its route block is safe; read after Scholar's Insight and high-skill timing check.,,Do not read before Scholar's Insight unless final route explicitly documents the tradeoff.,TB-031G/TB-033 route-access and final skill-state validation,SN-000051-skill-books-and-reader.md,One title-level skill book objective needs one selected copy; duplicate copies remain non-required alternates.
PROGSEL-000040,skill_book_copy,BOOKLOC-000214,OBJ-000858,The Knights of the Nine,Heavy Armor,G02,selected_default_copy_pending_route_validation,Guldun Rock Cave,Guldun Rock Cave,Guldun Rock Cave (Whiterun Hold),Collect selected copy when its route block is safe; read after Scholar's Insight and high-skill timing check.,,Do not read before Scholar's Insight unless final route explicitly documents the tradeoff.,TB-031G/TB-033 route-access and final skill-state validation,SN-000051-skill-books-and-reader.md,One title-level skill book objective needs one selected copy; duplicate copies remain non-required alternates.
PROGSEL-000041,skill_book_copy,BOOKLOC-000219,OBJ-000859,"2920, Sun's Dawn, v2",Illusion,G14,selected_default_copy_pending_route_validation,Ansilvund Burial Chambers,Ansilvund Burial Chambers,"Ansilvund Burial Chambers, in the second section, large room with the hanging cages, on a pressurized pedestal",Collect selected copy when its route block is safe; read after Scholar's Insight and high-skill timing check.,,Do not read before Scholar's Insight unless final route explicitly documents the tradeoff.,TB-031G/TB-033 route-access and final skill-state validation,SN-000051-skill-books-and-reader.md,One title-level skill book objective needs one selected copy; duplicate copies remain non-required alternates.
PROGSEL-000042,skill_book_copy,BOOKLOC-000224,OBJ-000860,Before the Ages of Man,Illusion,G04,selected_default_copy_pending_route_validation,Angarvunde Ruins,Angarvunde Ruins,"Angarvunde Ruins (The Rift), on a table with embalming tools",Collect selected copy when its route block is safe; read after Scholar's Insight and high-skill timing check.,,Do not read before Scholar's Insight unless final route explicitly documents the tradeoff.,TB-031G/TB-033 route-access and final skill-state validation,SN-000051-skill-books-and-reader.md,One title-level skill book objective needs one selected copy; duplicate copies remain non-required alternates.
PROGSEL-000043,skill_book_copy,BOOKLOC-000230,OBJ-000861,Incident at Necrom,Illusion,G03,selected_default_copy_pending_route_validation,Bloodlet Throne,Bloodlet Throne,"Bloodlet Throne (Falkreath Hold), in the jail cell",Collect selected copy when its route block is safe; read after Scholar's Insight and high-skill timing check.,,Do not read before Scholar's Insight unless final route explicitly documents the tradeoff.,TB-031G/TB-033 route-access and final skill-state validation,SN-000051-skill-books-and-reader.md,One title-level skill book objective needs one selected copy; duplicate copies remain non-required alternates.
PROGSEL-000044,skill_book_copy,BOOKLOC-000235,OBJ-000862,"Mystery of Talara, Part 4",Illusion,G05,selected_default_copy_pending_route_validation,Blind Cliff Bastion,Blind Cliff Bastion,"Blind Cliff Bastion (The Reach), on the platform near the large chest",Collect selected copy when its route block is safe; read after Scholar's Insight and high-skill timing check.,,Do not read before Scholar's Insight unless final route explicitly documents the tradeoff.,TB-031G/TB-033 route-access and final skill-state validation,SN-000051-skill-books-and-reader.md,One title-level skill book objective needs one selected copy; duplicate copies remain non-required alternates.
PROGSEL-000045,skill_book_copy,BOOKLOC-000240,OBJ-000863,The Black Arts On Trial,Illusion,G03,selected_default_copy_pending_route_validation,Falkreath Jail,Falkreath Jail,Falkreath Jail (Falkreath),Collect selected copy when its route block is safe; read after Scholar's Insight and high-skill timing check.,,Do not read before Scholar's Insight unless final route explicitly documents the tradeoff.,TB-031G/TB-033 route-access and final skill-state validation,SN-000051-skill-books-and-reader.md,One title-level skill book objective needs one selected copy; duplicate copies remain non-required alternates.
PROGSEL-000046,skill_book_copy,BOOKLOC-000246,OBJ-000864,Ice and Chitin,Light Armor,G05,selected_default_copy_pending_route_validation,Guard Tower,Guard Tower,"Guard Tower (Markarth), in the northeast corner on a wooden table",Collect selected copy when its route block is safe; read after Scholar's Insight and high-skill timing check.,,Do not read before Scholar's Insight unless final route explicitly documents the tradeoff.,TB-031G/TB-033 route-access and final skill-state validation,SN-000051-skill-books-and-reader.md,One title-level skill book objective needs one selected copy; duplicate copies remain non-required alternates.
PROGSEL-000047,skill_book_copy,BOOKLOC-000251,OBJ-000865,Jornibret's Last Dance,Light Armor,G04,selected_default_copy_pending_route_validation,Autumnwatch Tower,Autumnwatch Tower,"Autumnwatch Tower (The Rift), top floor of the small tower",Collect selected copy when its route block is safe; read after Scholar's Insight and high-skill timing check.,,Do not read before Scholar's Insight unless final route explicitly documents the tradeoff.,TB-031G/TB-033 route-access and final skill-state validation,SN-000051-skill-books-and-reader.md,One title-level skill book objective needs one selected copy; duplicate copies remain non-required alternates.
PROGSEL-000048,skill_book_copy,BOOKLOC-000256,OBJ-000866,Rislav The Righteous,Light Armor,G06,selected_default_copy_pending_route_validation,160 ft W of Abandoned Prison,160 ft W of Abandoned Prison,"160 ft W of Abandoned Prison (Eastmarch), in the debris surrounding a cabin crushed by a fallen tree",Collect selected copy when its route block is safe; read after Scholar's Insight and high-skill timing check.,,Do not read before Scholar's Insight unless final route explicitly documents the tradeoff.,TB-031G/TB-033 route-access and final skill-state validation,SN-000051-skill-books-and-reader.md,One title-level skill book objective needs one selected copy; duplicate copies remain non-required alternates.
PROGSEL-000049,skill_book_copy,BOOKLOC-000261,OBJ-000867,The Rear Guard,Light Armor,G07,selected_default_copy_pending_route_validation,Castle Dour,Castle Dour,"Castle Dour (Solitude), downstairs",Collect selected copy when its route block is safe; read after Scholar's Insight and high-skill timing check.,,Do not read before Scholar's Insight unless final route explicitly documents the tradeoff.,TB-031G/TB-033 route-access and final skill-state validation,SN-000051-skill-books-and-reader.md,One title-level skill book objective needs one selected copy; duplicate copies remain non-required alternates.
PROGSEL-000050,skill_book_copy,BOOKLOC-000267,OBJ-000868,The Refugees,Light Armor,G14,selected_default_copy_pending_route_validation,Blind Cliff Cave,Blind Cliff Cave,"Blind Cliff Cave, in the collapsed tower",Collect selected copy when its route block is safe; read after Scholar's Insight and high-skill timing check.,,Do not read before Scholar's Insight unless final route explicitly documents the tradeoff.,TB-031G/TB-033 route-access and final skill-state validation,SN-000051-skill-books-and-reader.md,One title-level skill book objective needs one selected copy; duplicate copies remain non-required alternates.
PROGSEL-000051,skill_book_copy,BOOKLOC-000272,OBJ-000869,Advances in Lockpicking,Lockpicking,G04,selected_default_copy_pending_route_validation,390 ft ENE of Angarvunde,390 ft ENE of Angarvunde,"390 ft ENE of Angarvunde (The Rift), next to a dead Redguard",Collect selected copy when its route block is safe; read after Scholar's Insight and high-skill timing check.,,Do not read before Scholar's Insight unless final route explicitly documents the tradeoff.,TB-031G/TB-033 route-access and final skill-state validation,SN-000051-skill-books-and-reader.md,One title-level skill book objective needs one selected copy; duplicate copies remain non-required alternates.
PROGSEL-000052,skill_book_copy,BOOKLOC-000278,OBJ-000870,Proper Lock Design,Lockpicking,G05,selected_default_copy_pending_route_validation,Cidhna Mine,Cidhna Mine,"Cidhna Mine (Markarth), next to the Evidence Chest",Collect selected copy when its route block is safe; read after Scholar's Insight and high-skill timing check.,,Do not read before Scholar's Insight unless final route explicitly documents the tradeoff.,TB-031G/TB-033 route-access and final skill-state validation,SN-000051-skill-books-and-reader.md,One title-level skill book objective needs one selected copy; duplicate copies remain non-required alternates.
PROGSEL-000053,skill_book_copy,BOOKLOC-000283,OBJ-000871,Surfeit of Thieves,Lockpicking,G04,selected_default_copy_pending_route_validation,Mistveil Keep Jarl's Chambers,Mistveil Keep Jarl's Chambers,Mistveil Keep Jarl's Chambers (Riften),Collect selected copy when its route block is safe; read after Scholar's Insight and high-skill timing check.,,Do not read before Scholar's Insight unless final route explicitly documents the tradeoff.,TB-031G/TB-033 route-access and final skill-state validation,SN-000051-skill-books-and-reader.md,One title-level skill book objective needs one selected copy; duplicate copies remain non-required alternates.
PROGSEL-000054,skill_book_copy,BOOKLOC-000288,OBJ-000872,The Locked Room,Lockpicking,G08,selected_default_copy_pending_route_validation,Alftand Animonculory,Alftand Animonculory,"Alftand Animonculory (Winterhold), in the treasure room",Collect selected copy when its route block is safe; read after Scholar's Insight and high-skill timing check.,,Do not read before Scholar's Insight unless final route explicitly documents the tradeoff.,TB-031G/TB-033 route-access and final skill-state validation,SN-000051-skill-books-and-reader.md,One title-level skill book objective needs one selected copy; duplicate copies remain non-required alternates.
PROGSEL-000055,skill_book_copy,BOOKLOC-000293,OBJ-000873,"The Wolf Queen, v1",Lockpicking,G02,selected_default_copy_pending_route_validation,Broken Fang Cave,Broken Fang Cave,Broken Fang Cave (Whiterun Hold),Collect selected copy when its route block is safe; read after Scholar's Insight and high-skill timing check.,,Do not read before Scholar's Insight unless final route explicitly documents the tradeoff.,TB-031G/TB-033 route-access and final skill-state validation,SN-000051-skill-books-and-reader.md,One title-level skill book objective needs one selected copy; duplicate copies remain non-required alternates.
PROGSEL-000056,skill_book_copy,BOOKLOC-000298,OBJ-000874,"2920, Morning Star, v1",One-handed,G14,selected_default_copy_pending_route_validation,Driftshade Refuge,Driftshade Refuge,"Driftshade Refuge, on a table in the final room with the barred door",Collect selected copy when its route block is safe; read after Scholar's Insight and high-skill timing check.,,Do not read before Scholar's Insight unless final route explicitly documents the tradeoff.,TB-031G/TB-033 route-access and final skill-state validation,SN-000051-skill-books-and-reader.md,One title-level skill book objective needs one selected copy; duplicate copies remain non-required alternates.
PROGSEL-000057,skill_book_copy,BOOKLOC-000304,OBJ-000875,Fire and Darkness,One-handed,G14,selected_default_copy_pending_route_validation,Dawnstar Sanctuary,Dawnstar Sanctuary,"Dawnstar Sanctuary, basement",Collect selected copy when its route block is safe; read after Scholar's Insight and high-skill timing check.,,Do not read before Scholar's Insight unless final route explicitly documents the tradeoff.,TB-031G/TB-033 route-access and final skill-state validation,SN-000051-skill-books-and-reader.md,One title-level skill book objective needs one selected copy; duplicate copies remain non-required alternates.
PROGSEL-000058,skill_book_copy,BOOKLOC-000310,OBJ-000876,Mace Etiquette,One-handed,G04,selected_default_copy_pending_route_validation,Fort Greenwall Captain's Quarters,Fort Greenwall Captain's Quarters,Fort Greenwall Captain's Quarters (The Rift),Collect selected copy when its route block is safe; read after Scholar's Insight and high-skill timing check.,,Do not read before Scholar's Insight unless final route explicitly documents the tradeoff.,TB-031G/TB-033 route-access and final skill-state validation,SN-000051-skill-books-and-reader.md,One title-level skill book objective needs one selected copy; duplicate copies remain non-required alternates.
PROGSEL-000059,skill_book_copy,BOOKLOC-000315,OBJ-000877,Night Falls on Sentinel,One-handed,G03,selected_default_copy_pending_route_validation,310 ft S of The Guardian Stones,310 ft S of The Guardian Stones,"310 ft S of The Guardian Stones (Falkreath Hold), in a tent in a bandit camp",Collect selected copy when its route block is safe; read after Scholar's Insight and high-skill timing check.,,Do not read before Scholar's Insight unless final route explicitly documents the tradeoff.,TB-031G/TB-033 route-access and final skill-state validation,SN-000051-skill-books-and-reader.md,One title-level skill book objective needs one selected copy; duplicate copies remain non-required alternates.
PROGSEL-000060,skill_book_copy,BOOKLOC-000318,OBJ-000878,The Importance of Where,One-handed,G08,selected_default_copy_pending_route_validation,Brina's House,Brina's House,Brina's House (Dawnstar),Collect selected copy when its route block is safe; read after Scholar's Insight and high-skill timing check.,,Do not read before Scholar's Insight unless final route explicitly documents the tradeoff.,TB-031G/TB-033 route-access and final skill-state validation,SN-000051-skill-books-and-reader.md,One title-level skill book objective needs one selected copy; duplicate copies remain non-required alternates.
PROGSEL-000061,skill_book_copy,BOOKLOC-000323,OBJ-000879,Aevar Stone-Singer,Pickpocket,G14,selected_default_copy_pending_route_validation,Lost Valkygg,Lost Valkygg,"Lost Valkygg, southern room",Collect selected copy when its route block is safe; read after Scholar's Insight and high-skill timing check.,,Do not read before Scholar's Insight unless final route explicitly documents the tradeoff.,TB-031G/TB-033 route-access and final skill-state validation,SN-000051-skill-books-and-reader.md,One title-level skill book objective needs one selected copy; duplicate copies remain non-required alternates.
PROGSEL-000062,skill_book_copy,BOOKLOC-000328,OBJ-000880,Beggar,Pickpocket,G04,selected_default_copy_pending_route_validation,Haelga's Bunkhouse,Haelga's Bunkhouse,"Haelga's Bunkhouse (Riften), on a counter upstairs",Collect selected copy when its route block is safe; read after Scholar's Insight and high-skill timing check.,,Do not read before Scholar's Insight unless final route explicitly documents the tradeoff.,TB-031G/TB-033 route-access and final skill-state validation,SN-000051-skill-books-and-reader.md,One title-level skill book objective needs one selected copy; duplicate copies remain non-required alternates.
PROGSEL-000063,skill_book_copy,BOOKLOC-000334,OBJ-000881,Guide to Better Thieving,Pickpocket,G05,selected_default_copy_pending_route_validation,Fort Sungard Oubliette,Fort Sungard Oubliette,"Fort Sungard Oubliette (The Reach), down the hole",Collect selected copy when its route block is safe; read after Scholar's Insight and high-skill timing check.,,Do not read before Scholar's Insight unless final route explicitly documents the tradeoff.,TB-031G/TB-033 route-access and final skill-state validation,SN-000051-skill-books-and-reader.md,One title-level skill book objective needs one selected copy; duplicate copies remain non-required alternates.
PROGSEL-000064,skill_book_copy,BOOKLOC-000339,OBJ-000882,Purloined Shadows,Pickpocket,G03,selected_default_copy_pending_route_validation,NW of Bonechill Passage,NW of Bonechill Passage,"NW of Bonechill Passage (Falkreath Hold), in a hut under the bed",Collect selected copy when its route block is safe; read after Scholar's Insight and high-skill timing check.,,Do not read before Scholar's Insight unless final route explicitly documents the tradeoff.,TB-031G/TB-033 route-access and final skill-state validation,SN-000051-skill-books-and-reader.md,One title-level skill book objective needs one selected copy; duplicate copies remain non-required alternates.
PROGSEL-000065,skill_book_copy,BOOKLOC-000344,OBJ-000883,Thief,Pickpocket,G06,selected_default_copy_pending_route_validation,Argonian Assemblage,Argonian Assemblage,"Argonian Assemblage (Windhelm), on a dresser",Collect selected copy when its route block is safe; read after Scholar's Insight and high-skill timing check.,,Do not read before Scholar's Insight unless final route explicitly documents the tradeoff.,TB-031G/TB-033 route-access and final skill-state validation,SN-000051-skill-books-and-reader.md,One title-level skill book objective needs one selected copy; duplicate copies remain non-required alternates.
PROGSEL-000066,skill_book_copy,BOOKLOC-000349,OBJ-000884,"2920, Rain's Hand, v4",Restoration,G05,selected_default_copy_pending_route_validation,Blind Cliff Bastion,Blind Cliff Bastion,Blind Cliff Bastion (The Reach) carried by Petra,Collect selected copy when its route block is safe; read after Scholar's Insight and high-skill timing check.,,Do not read before Scholar's Insight unless final route explicitly documents the tradeoff.,TB-031G/TB-033 route-access and final skill-state validation,SN-000051-skill-books-and-reader.md,One title-level skill book objective needs one selected copy; duplicate copies remain non-required alternates.
PROGSEL-000067,skill_book_copy,BOOKLOC-000354,OBJ-000885,"Mystery of Talara, v 2",Restoration,G04,selected_default_copy_pending_route_validation,Crystaldrift Cave,Crystaldrift Cave,"Crystaldrift Cave (The Rift), carried by dead Gadnor",Collect selected copy when its route block is safe; read after Scholar's Insight and high-skill timing check.,,Do not read before Scholar's Insight unless final route explicitly documents the tradeoff.,TB-031G/TB-033 route-access and final skill-state validation,SN-000051-skill-books-and-reader.md,One title-level skill book objective needs one selected copy; duplicate copies remain non-required alternates.
PROGSEL-000068,skill_book_copy,BOOKLOC-000359,OBJ-000886,Racial Phylogeny,Restoration,G04,selected_default_copy_pending_route_validation,Avanchnzel Animoncultory,Avanchnzel Animoncultory,"Avanchnzel Animoncultory (The Rift), in a room on the eastern side, on the northern table",Collect selected copy when its route block is safe; read after Scholar's Insight and high-skill timing check.,,Do not read before Scholar's Insight unless final route explicitly documents the tradeoff.,TB-031G/TB-033 route-access and final skill-state validation,SN-000051-skill-books-and-reader.md,One title-level skill book objective needs one selected copy; duplicate copies remain non-required alternates.
PROGSEL-000069,skill_book_copy,BOOKLOC-000365,OBJ-000887,The Exodus,Restoration,G04,selected_default_copy_pending_route_validation,Forelhost Crypt,Forelhost Crypt,Forelhost Crypt (The Rift),Collect selected copy when its route block is safe; read after Scholar's Insight and high-skill timing check.,,Do not read before Scholar's Insight unless final route explicitly documents the tradeoff.,TB-031G/TB-033 route-access and final skill-state validation,SN-000051-skill-books-and-reader.md,One title-level skill book objective needs one selected copy; duplicate copies remain non-required alternates.
PROGSEL-000070,skill_book_copy,BOOKLOC-000370,OBJ-000888,Withershins,Restoration,G14,selected_default_copy_pending_route_validation,Arcwind Point,Arcwind Point,"Arcwind Point, at a pedestal the top of the tower after progressing through the ruins",Collect selected copy when its route block is safe; read after Scholar's Insight and high-skill timing check.,,Do not read before Scholar's Insight unless final route explicitly documents the tradeoff.,TB-031G/TB-033 route-access and final skill-state validation,SN-000051-skill-books-and-reader.md,One title-level skill book objective needs one selected copy; duplicate copies remain non-required alternates.
PROGSEL-000071,skill_book_copy,BOOKLOC-000375,OBJ-000889,Cherim's Heart,Smithing,G07,selected_default_copy_pending_route_validation,Broken Oar Grotto,Broken Oar Grotto,Broken Oar Grotto (Haafingar),Collect selected copy when its route block is safe; read after Scholar's Insight and high-skill timing check.,,Do not read before Scholar's Insight unless final route explicitly documents the tradeoff.,TB-031G/TB-033 route-access and final skill-state validation,SN-000051-skill-books-and-reader.md,One title-level skill book objective needs one selected copy; duplicate copies remain non-required alternates.
PROGSEL-000072,skill_book_copy,BOOKLOC-000380,OBJ-000890,Heavy Armor Forging,Smithing,G14,selected_default_copy_pending_route_validation,East Empire Company Warehouse,East Empire Company Warehouse,East Empire Company Warehouse,Collect selected copy when its route block is safe; read after Scholar's Insight and high-skill timing check.,,Do not read before Scholar's Insight unless final route explicitly documents the tradeoff.,TB-031G/TB-033 route-access and final skill-state validation,SN-000051-skill-books-and-reader.md,One title-level skill book objective needs one selected copy; duplicate copies remain non-required alternates.
PROGSEL-000073,skill_book_copy,BOOKLOC-000385,OBJ-000891,Last Scabbard of Akrash,Smithing,G14,selected_default_copy_pending_route_validation,330 ft SSE of Black-Briar Lodge,330 ft SSE of Black-Briar Lodge,330 ft SSE of Black-Briar Lodge,Collect selected copy when its route block is safe; read after Scholar's Insight and high-skill timing check.,,Do not read before Scholar's Insight unless final route explicitly documents the tradeoff.,TB-031G/TB-033 route-access and final skill-state validation,SN-000051-skill-books-and-reader.md,One title-level skill book objective needs one selected copy; duplicate copies remain non-required alternates.
PROGSEL-000074,skill_book_copy,BOOKLOC-000389,OBJ-000892,Light Armor Forging,Smithing,G14,selected_default_copy_pending_route_validation,Cracked Tusk Keep,Cracked Tusk Keep,"Cracked Tusk Keep, near the forge",Collect selected copy when its route block is safe; read after Scholar's Insight and high-skill timing check.,,Do not read before Scholar's Insight unless final route explicitly documents the tradeoff.,TB-031G/TB-033 route-access and final skill-state validation,SN-000051-skill-books-and-reader.md,One title-level skill book objective needs one selected copy; duplicate copies remain non-required alternates.
PROGSEL-000075,skill_book_copy,BOOKLOC-000394,OBJ-000893,The Armorer's Challenge,Smithing,G03,selected_default_copy_pending_route_validation,Bilegulch Mine,Bilegulch Mine,Bilegulch Mine (Falkreath Hold),Collect selected copy when its route block is safe; read after Scholar's Insight and high-skill timing check.,,Do not read before Scholar's Insight unless final route explicitly documents the tradeoff.,TB-031G/TB-033 route-access and final skill-state validation,SN-000051-skill-books-and-reader.md,One title-level skill book objective needs one selected copy; duplicate copies remain non-required alternates.
PROGSEL-000076,skill_book_copy,BOOKLOC-000399,OBJ-000894,"2920, Last Seed, v8",Sneak,G05,selected_default_copy_pending_route_validation,Hag Rock Redoubt Ruin,Hag Rock Redoubt Ruin,"Hag Rock Redoubt Ruin (The Reach), over the table",Collect selected copy when its route block is safe; read after Scholar's Insight and high-skill timing check.,,Do not read before Scholar's Insight unless final route explicitly documents the tradeoff.,TB-031G/TB-033 route-access and final skill-state validation,SN-000051-skill-books-and-reader.md,One title-level skill book objective needs one selected copy; duplicate copies remain non-required alternates.
PROGSEL-000077,skill_book_copy,BOOKLOC-000403,OBJ-000895,Legend of Krately House,Sneak,G04,selected_default_copy_pending_route_validation,Black-Briar Lodge,Black-Briar Lodge,"Black-Briar Lodge (Riften), master bedroom",Collect selected copy when its route block is safe; read after Scholar's Insight and high-skill timing check.,,Do not read before Scholar's Insight unless final route explicitly documents the tradeoff.,TB-031G/TB-033 route-access and final skill-state validation,SN-000051-skill-books-and-reader.md,One title-level skill book objective needs one selected copy; duplicate copies remain non-required alternates.
PROGSEL-000078,skill_book_copy,BOOKLOC-000408,OBJ-000896,Sacred Witness,Sneak,G14,selected_default_copy_pending_route_validation,Dawnstar Sanctuary,Dawnstar Sanctuary,"Dawnstar Sanctuary, on a table in the entrance hall",Collect selected copy when its route block is safe; read after Scholar's Insight and high-skill timing check.,,Do not read before Scholar's Insight unless final route explicitly documents the tradeoff.,TB-031G/TB-033 route-access and final skill-state validation,SN-000051-skill-books-and-reader.md,One title-level skill book objective needs one selected copy; duplicate copies remain non-required alternates.
PROGSEL-000079,skill_book_copy,BOOKLOC-000413,OBJ-000897,The Red Kitchen Reader,Sneak,G08,selected_default_copy_pending_route_validation,Frostmere Crypt,Frostmere Crypt,"Frostmere Crypt (The Pale), inside the ruins, on a bookshelf",Collect selected copy when its route block is safe; read after Scholar's Insight and high-skill timing check.,,Do not read before Scholar's Insight unless final route explicitly documents the tradeoff.,TB-031G/TB-033 route-access and final skill-state validation,SN-000051-skill-books-and-reader.md,One title-level skill book objective needs one selected copy; duplicate copies remain non-required alternates.
PROGSEL-000080,skill_book_copy,BOOKLOC-000419,OBJ-000898,Three Thieves,Sneak,G03,selected_default_copy_pending_route_validation,280 ft SE of Angi's Camp,280 ft SE of Angi's Camp,280 ft SE of Angi's Camp (Falkreath Hold),Collect selected copy when its route block is safe; read after Scholar's Insight and high-skill timing check.,,Do not read before Scholar's Insight unless final route explicitly documents the tradeoff.,TB-031G/TB-033 route-access and final skill-state validation,SN-000051-skill-books-and-reader.md,One title-level skill book objective needs one selected copy; duplicate copies remain non-required alternates.
PROGSEL-000081,skill_book_copy,BOOKLOC-000424,OBJ-000899,"2920, Second Seed, v5",Speech,G14,selected_default_copy_pending_route_validation,East of Gjukar's Monument at a Shrine of Zenithar,East of Gjukar's Monument at a Shrine of Zenithar,East of Gjukar's Monument at a Shrine of Zenithar,Collect selected copy when its route block is safe; read after Scholar's Insight and high-skill timing check.,,Do not read before Scholar's Insight unless final route explicitly documents the tradeoff.,TB-031G/TB-033 route-access and final skill-state validation,SN-000051-skill-books-and-reader.md,One title-level skill book objective needs one selected copy; duplicate copies remain non-required alternates.
PROGSEL-000082,skill_book_copy,BOOKLOC-000429,OBJ-000900,"A Dance in Fire, v6",Speech,G07,selected_default_copy_pending_route_validation,Dainty Sload,Dainty Sload,Dainty Sload (Haafingar),Collect selected copy when its route block is safe; read after Scholar's Insight and high-skill timing check.,,Do not read before Scholar's Insight unless final route explicitly documents the tradeoff.,TB-031G/TB-033 route-access and final skill-state validation,SN-000051-skill-books-and-reader.md,One title-level skill book objective needs one selected copy; duplicate copies remain non-required alternates.
PROGSEL-000083,skill_book_copy,BOOKLOC-000434,OBJ-000901,"A Dance in Fire, v7",Speech,G14,selected_default_copy_pending_route_validation,Outside Angarvunde,Outside Angarvunde,"Outside Angarvunde, on a table",Collect selected copy when its route block is safe; read after Scholar's Insight and high-skill timing check.,,Do not read before Scholar's Insight unless final route explicitly documents the tradeoff.,TB-031G/TB-033 route-access and final skill-state validation,SN-000051-skill-books-and-reader.md,One title-level skill book objective needs one selected copy; duplicate copies remain non-required alternates.
PROGSEL-000084,skill_book_copy,BOOKLOC-000439,OBJ-000902,Biography of the Wolf Queen,Speech,G07,selected_default_copy_pending_route_validation,Blue Palace,Blue Palace,"Blue Palace (Solitude), Jarl's bedroom",Collect selected copy when its route block is safe; read after Scholar's Insight and high-skill timing check.,,Do not read before Scholar's Insight unless final route explicitly documents the tradeoff.,TB-031G/TB-033 route-access and final skill-state validation,SN-000051-skill-books-and-reader.md,One title-level skill book objective needs one selected copy; duplicate copies remain non-required alternates.
PROGSEL-000085,skill_book_copy,BOOKLOC-000444,OBJ-000903,The Buying Game,Speech,G07,selected_default_copy_pending_route_validation,Bards College,Bards College,"Bards College (Solitude), in one of the classrooms",Collect selected copy when its route block is safe; read after Scholar's Insight and high-skill timing check.,,Do not read before Scholar's Insight unless final route explicitly documents the tradeoff.,TB-031G/TB-033 route-access and final skill-state validation,SN-000051-skill-books-and-reader.md,One title-level skill book objective needs one selected copy; duplicate copies remain non-required alternates.
PROGSEL-000086,skill_book_copy,BOOKLOC-000449,OBJ-000904,Battle of Sancre Tor,Two-handed,G08,selected_default_copy_pending_route_validation,Bleakcoast Cave,Bleakcoast Cave,"Bleakcoast Cave (Winterhold), carried by a dead conjurer (respawn infinitely)",Collect selected copy when its route block is safe; read after Scholar's Insight and high-skill timing check.,,Do not read before Scholar's Insight unless final route explicitly documents the tradeoff.,TB-031G/TB-033 route-access and final skill-state validation,SN-000051-skill-books-and-reader.md,One title-level skill book objective needs one selected copy; duplicate copies remain non-required alternates.
PROGSEL-000087,skill_book_copy,BOOKLOC-000454,OBJ-000905,King,Two-handed,G14,selected_default_copy_pending_route_validation,Bleakwind Bluff,Bleakwind Bluff,"Bleakwind Bluff, next to the cairn",Collect selected copy when its route block is safe; read after Scholar's Insight and high-skill timing check.,,Do not read before Scholar's Insight unless final route explicitly documents the tradeoff.,TB-031G/TB-033 route-access and final skill-state validation,SN-000051-skill-books-and-reader.md,One title-level skill book objective needs one selected copy; duplicate copies remain non-required alternates.
PROGSEL-000088,skill_book_copy,BOOKLOC-000459,OBJ-000906,Song Of Hrormir,Two-handed,G06,selected_default_copy_pending_route_validation,Abandoned Prison,Abandoned Prison,"Abandoned Prison (Eastmarch), in a storage room filled with books and a Master-level chest",Collect selected copy when its route block is safe; read after Scholar's Insight and high-skill timing check.,,Do not read before Scholar's Insight unless final route explicitly documents the tradeoff.,TB-031G/TB-033 route-access and final skill-state validation,SN-000051-skill-books-and-reader.md,One title-level skill book objective needs one selected copy; duplicate copies remain non-required alternates.
PROGSEL-000089,skill_book_copy,BOOKLOC-000464,OBJ-000907,The Legendary Sancre Tor,Two-handed,G05,selected_default_copy_pending_route_validation,580 ft ENE of Broken Tower Redoubt,580 ft ENE of Broken Tower Redoubt,580 ft ENE of Broken Tower Redoubt (The Reach),Collect selected copy when its route block is safe; read after Scholar's Insight and high-skill timing check.,,Do not read before Scholar's Insight unless final route explicitly documents the tradeoff.,TB-031G/TB-033 route-access and final skill-state validation,SN-000051-skill-books-and-reader.md,One title-level skill book objective needs one selected copy; duplicate copies remain non-required alternates.
PROGSEL-000090,skill_book_copy,BOOKLOC-000469,OBJ-000908,Words and Philosophy,Two-handed,G04,selected_default_copy_pending_route_validation,Geirmund's Hall,Geirmund's Hall,"Geirmund's Hall (The Rift), in the boss treasure room, on a bookshelf",Collect selected copy when its route block is safe; read after Scholar's Insight and high-skill timing check.,,Do not read before Scholar's Insight unless final route explicitly documents the tradeoff.,TB-031G/TB-033 route-access and final skill-state validation,SN-000051-skill-books-and-reader.md,One title-level skill book objective needs one selected copy; duplicate copies remain non-required alternates.
PROGSEL-000091,spell_tome_source,BOOKLOC-000481,OBJ-000910,Spell Tome: Candlelight,Alteration,G08,selected_vendor_source,College of Winterhold,College of Winterhold,"Purchase from Tolfdir at the College of Winterhold. Source note: Can be purchased from: Calcelmo, Falion, Farengar Secret-Fire, Madena, Nelacar, Sybille Stentor, Tolfdir, Wuunferth the Unliving, Wylandriah.",Buy during the relevant College/service block if vendor-sourced; otherwise pair with parent quest/location.,Vendor availability/restock timing needs route validation.,Random loot is not baseline; do not require a source not selected in this table.,TB-033 spell-source and final learned-spell validation,SN-000052-spell-tomes-and-learned-spells.md,College specialist vendors are preferred where source-listed; fixed/scripted sources are used where a vendor source is not the clean default.
PROGSEL-000092,spell_tome_source,BOOKLOC-000493,OBJ-000911,Spell Tome: Oakflesh,Alteration,G08,selected_vendor_source,College of Winterhold,College of Winterhold,"Purchase from Tolfdir at the College of Winterhold. Source note: Can be purchased from: Calcelmo, Falion, Farengar Secret-Fire, Madena, Nelacar, Riverwood Trader, Sybille Stentor, Tolfdir, Wuunferth the Unliving, Wylandriah.",Buy during the relevant College/service block if vendor-sourced; otherwise pair with parent quest/location.,Vendor availability/restock timing needs route validation.,Random loot is not baseline; do not require a source not selected in this table.,TB-033 spell-source and final learned-spell validation,SN-000052-spell-tomes-and-learned-spells.md,College specialist vendors are preferred where source-listed; fixed/scripted sources are used where a vendor source is not the clean default.
PROGSEL-000093,spell_tome_source,BOOKLOC-000498,OBJ-000912,Spell Tome: Teleport Pet Mudcrab,Alteration,G14,selected_fixed_or_scripted_source,Dwarven Armored Mudcrab,Dwarven Armored Mudcrab,Learned when receiving Dwarven Armored Mudcrab as a pet.,Buy during the relevant College/service block if vendor-sourced; otherwise pair with parent quest/location.,,Random loot is not baseline; do not require a source not selected in this table.,TB-033 spell-source and final learned-spell validation,SN-000052-spell-tomes-and-learned-spells.md,College specialist vendors are preferred where source-listed; fixed/scripted sources are used where a vendor source is not the clean default.
PROGSEL-000094,spell_tome_source,BOOKLOC-000499,OBJ-000913,Spell Tome: Teleport Pet Nix-Hound,Alteration,G14,selected_fixed_or_scripted_source,Nix-Hound,Nix-Hound,Learned when receiving Nix-Hound as a pet.,Buy during the relevant College/service block if vendor-sourced; otherwise pair with parent quest/location.,,Random loot is not baseline; do not require a source not selected in this table.,TB-033 spell-source and final learned-spell validation,SN-000052-spell-tomes-and-learned-spells.md,College specialist vendors are preferred where source-listed; fixed/scripted sources are used where a vendor source is not the clean default.
PROGSEL-000095,spell_tome_source,BOOKLOC-000505,OBJ-000914,Spell Tome: Magelight,Alteration,G08,selected_vendor_source,College of Winterhold,College of Winterhold,"Purchase from Tolfdir at the College of Winterhold. Source note: Can be purchased from: Calcelmo, Falion, Farengar Secret-Fire, Madena, Sybille Stentor, Tolfdir, Wuunferth the Unliving, Wylandriah.",Buy during the relevant College/service block if vendor-sourced; otherwise pair with parent quest/location.,Vendor availability/restock timing needs route validation.,Random loot is not baseline; do not require a source not selected in this table.,TB-033 spell-source and final learned-spell validation,SN-000052-spell-tomes-and-learned-spells.md,College specialist vendors are preferred where source-listed; fixed/scripted sources are used where a vendor source is not the clean default.
PROGSEL-000096,spell_tome_source,BOOKLOC-000514,OBJ-000915,Spell Tome: Stoneflesh,Alteration,G08,selected_vendor_source,College of Winterhold,College of Winterhold,"Purchase from Tolfdir at the College of Winterhold. Source note: Can be purchased from: Calcelmo, Falion, Farengar Secret-Fire, Madena, Sybille Stentor, Tolfdir, Wuunferth the Unliving, Wylandriah.",Buy during the relevant College/service block if vendor-sourced; otherwise pair with parent quest/location.,Vendor availability/restock timing needs route validation.,Random loot is not baseline; do not require a source not selected in this table.,TB-033 spell-source and final learned-spell validation,SN-000052-spell-tomes-and-learned-spells.md,College specialist vendors are preferred where source-listed; fixed/scripted sources are used where a vendor source is not the clean default.
PROGSEL-000097,spell_tome_source,BOOKLOC-000518,OBJ-000916,Spell Tome: Ash Shell,Alteration,G12,selected_vendor_source,Tel Mithryn,Tel Mithryn,Purchase from Talvas Fathryon at Tel Mithryn. Source note: Can be purchased from Talvas Fathryon after completing the quest From the Ashes.,Buy during the relevant College/service block if vendor-sourced; otherwise pair with parent quest/location.,Can be purchased from Talvas Fathryon after completing the quest From the Ashes | Vendor availability/restock timing needs route validation.,Random loot is not baseline; do not require a source not selected in this table.,TB-033 spell-source and final learned-spell validation,SN-000052-spell-tomes-and-learned-spells.md,College specialist vendors are preferred where source-listed; fixed/scripted sources are used where a vendor source is not the clean default.
PROGSEL-000098,spell_tome_source,BOOKLOC-000519,OBJ-000917,Spell Tome: Detect Life,Alteration,G08,selected_vendor_source,College of Winterhold,College of Winterhold,"Purchase from Tolfdir at the College of Winterhold. Source note: Can be purchased from: Tolfdir, Wylandriah.",Buy during the relevant College/service block if vendor-sourced; otherwise pair with parent quest/location.,Adept vendor stock generally requires school skill 40 and inventory reset; validate per merchant later.,Random loot is not baseline; do not require a source not selected in this table.,TB-033 spell-source and final learned-spell validation,SN-000052-spell-tomes-and-learned-spells.md,College specialist vendors are preferred where source-listed; fixed/scripted sources are used where a vendor source is not the clean default.
PROGSEL-000099,spell_tome_source,BOOKLOC-000523,OBJ-000918,Spell Tome: Ironflesh,Alteration,G08,selected_vendor_source,College of Winterhold,College of Winterhold,"Purchase from Tolfdir at the College of Winterhold. Source note: Can be purchased from: Tolfdir, Wylandriah.",Buy during the relevant College/service block if vendor-sourced; otherwise pair with parent quest/location.,Adept vendor stock generally requires school skill 40 and inventory reset; validate per merchant later.,Random loot is not baseline; do not require a source not selected in this table.,TB-033 spell-source and final learned-spell validation,SN-000052-spell-tomes-and-learned-spells.md,College specialist vendors are preferred where source-listed; fixed/scripted sources are used where a vendor source is not the clean default.
PROGSEL-000100,spell_tome_source,BOOKLOC-000526,OBJ-000919,Spell Tome: Master Transmute,Alteration,G14,selected_fixed_or_scripted_source,The Warrens,The Warrens,Can be found in the safe in Eslaf's room in The Warrens during or after the quest Fortunate Son.,Buy during the relevant College/service block if vendor-sourced; otherwise pair with parent quest/location.,Can be found in the safe in Eslaf's room in The Warrens during or after the quest Fortunate Son,Random loot is not baseline; do not require a source not selected in this table.,TB-033 spell-source and final learned-spell validation,SN-000052-spell-tomes-and-learned-spells.md,College specialist vendors are preferred where source-listed; fixed/scripted sources are used where a vendor source is not the clean default.
PROGSEL-000101,spell_tome_source,BOOKLOC-000528,OBJ-000920,Spell Tome: Paralysis Rune,Alteration,G08,selected_vendor_source,College of Winterhold,College of Winterhold,"Purchase from Tolfdir at the College of Winterhold. Source note: Can be purchased from: Tolfdir, Wylandriah.",Buy during the relevant College/service block if vendor-sourced; otherwise pair with parent quest/location.,Vendor availability/restock timing needs route validation.,Random loot is not baseline; do not require a source not selected in this table.,TB-033 spell-source and final learned-spell validation,SN-000052-spell-tomes-and-learned-spells.md,College specialist vendors are preferred where source-listed; fixed/scripted sources are used where a vendor source is not the clean default.
PROGSEL-000102,spell_tome_source,BOOKLOC-000530,OBJ-000921,Spell Tome: Telekinesis,Alteration,G08,selected_vendor_source,College of Winterhold,College of Winterhold,"Purchase from Tolfdir at the College of Winterhold. Source note: Can be purchased from: Tolfdir, Wylandriah.",Buy during the relevant College/service block if vendor-sourced; otherwise pair with parent quest/location.,Adept vendor stock generally requires school skill 40 and inventory reset; validate per merchant later.,Random loot is not baseline; do not require a source not selected in this table.,TB-033 spell-source and final learned-spell validation,SN-000052-spell-tomes-and-learned-spells.md,College specialist vendors are preferred where source-listed; fixed/scripted sources are used where a vendor source is not the clean default.
PROGSEL-000103,spell_tome_source,BOOKLOC-000535,OBJ-000922,Spell Tome: Telekinesis Arrows,Alteration,G14,selected_fixed_or_scripted_source,the Arcanaeum,the Arcanaeum,Can be found in the Arcanaeum.,Buy during the relevant College/service block if vendor-sourced; otherwise pair with parent quest/location.,,Random loot is not baseline; do not require a source not selected in this table.,TB-033 spell-source and final learned-spell validation,SN-000052-spell-tomes-and-learned-spells.md,College specialist vendors are preferred where source-listed; fixed/scripted sources are used where a vendor source is not the clean default.
PROGSEL-000104,spell_tome_source,BOOKLOC-000536,OBJ-000923,Spell Tome: Transmute Mineral Ore,Alteration,G14,selected_fixed_or_scripted_source,Ansilvund Burial Chambers,Ansilvund Burial Chambers,"Can be found in Ansilvund Burial Chambers, Halted Stream Camp.",Buy during the relevant College/service block if vendor-sourced; otherwise pair with parent quest/location.,,Random loot is not baseline; do not require a source not selected in this table.,TB-033 spell-source and final learned-spell validation,SN-000052-spell-tomes-and-learned-spells.md,College specialist vendors are preferred where source-listed; fixed/scripted sources are used where a vendor source is not the clean default.
PROGSEL-000105,spell_tome_source,BOOKLOC-000538,OBJ-000924,Spell Tome: Waterbreathing,Alteration,G08,selected_vendor_source,College of Winterhold,College of Winterhold,"Purchase from Tolfdir at the College of Winterhold. Source note: Can be purchased from: Tolfdir, Wylandriah.",Buy during the relevant College/service block if vendor-sourced; otherwise pair with parent quest/location.,Adept vendor stock generally requires school skill 40 and inventory reset; validate per merchant later.,Random loot is not baseline; do not require a source not selected in this table.,TB-033 spell-source and final learned-spell validation,SN-000052-spell-tomes-and-learned-spells.md,College specialist vendors are preferred where source-listed; fixed/scripted sources are used where a vendor source is not the clean default.
PROGSEL-000106,spell_tome_source,BOOKLOC-000541,OBJ-000925,Spell Tome: Ash Rune,Alteration,G12,selected_vendor_source,Tel Mithryn,Tel Mithryn,Purchase from Talvas Fathryon at Tel Mithryn. Source note: Can be purchased from Talvas Fathryon after completing the quest From the Ashes.,Buy during the relevant College/service block if vendor-sourced; otherwise pair with parent quest/location.,Can be purchased from Talvas Fathryon after completing the quest From the Ashes | Vendor availability/restock timing needs route validation.,Random loot is not baseline; do not require a source not selected in this table.,TB-033 spell-source and final learned-spell validation,SN-000052-spell-tomes-and-learned-spells.md,College specialist vendors are preferred where source-listed; fixed/scripted sources are used where a vendor source is not the clean default.
PROGSEL-000107,spell_tome_source,BOOKLOC-000542,OBJ-000926,Spell Tome: Detect Undead,Alteration,G08,selected_vendor_source,College of Winterhold,College of Winterhold,Purchase from Tolfdir at the College of Winterhold. Source note: Can be purchased from: Tolfdir.,Buy during the relevant College/service block if vendor-sourced; otherwise pair with parent quest/location.,Expert vendor stock generally requires school skill 65 and inventory reset; validate per merchant later.,Random loot is not baseline; do not require a source not selected in this table.,TB-033 spell-source and final learned-spell validation,SN-000052-spell-tomes-and-learned-spells.md,College specialist vendors are preferred where source-listed; fixed/scripted sources are used where a vendor source is not the clean default.
PROGSEL-000108,spell_tome_source,BOOKLOC-000545,OBJ-000927,Spell Tome: Ebonyflesh,Alteration,G08,selected_vendor_source,College of Winterhold,College of Winterhold,Purchase from Tolfdir at the College of Winterhold. Source note: Can be purchased from: Tolfdir.,Buy during the relevant College/service block if vendor-sourced; otherwise pair with parent quest/location.,Expert vendor stock generally requires school skill 65 and inventory reset; validate per merchant later.,Random loot is not baseline; do not require a source not selected in this table.,TB-033 spell-source and final learned-spell validation,SN-000052-spell-tomes-and-learned-spells.md,College specialist vendors are preferred where source-listed; fixed/scripted sources are used where a vendor source is not the clean default.
PROGSEL-000109,spell_tome_source,BOOKLOC-000547,OBJ-000928,Spell Tome: Paralyze,Alteration,G08,selected_vendor_source,College of Winterhold,College of Winterhold,Purchase from Tolfdir at the College of Winterhold. Source note: Can be purchased from: Tolfdir.,Buy during the relevant College/service block if vendor-sourced; otherwise pair with parent quest/location.,Expert vendor stock generally requires school skill 65 and inventory reset; validate per merchant later.,Random loot is not baseline; do not require a source not selected in this table.,TB-033 spell-source and final learned-spell validation,SN-000052-spell-tomes-and-learned-spells.md,College specialist vendors are preferred where source-listed; fixed/scripted sources are used where a vendor source is not the clean default.
PROGSEL-000110,spell_tome_source,BOOKLOC-000549,OBJ-000929,Spell Tome: Dragonhide,Alteration,G14,selected_fixed_or_scripted_source,Alteration Ritual Spell,Alteration Ritual Spell,Reward for quest Alteration Ritual Spell.,Buy during the relevant College/service block if vendor-sourced; otherwise pair with parent quest/location.,Reward for quest Alteration Ritual Spell,Random loot is not baseline; do not require a source not selected in this table.,TB-033 spell-source and final learned-spell validation,SN-000052-spell-tomes-and-learned-spells.md,College specialist vendors are preferred where source-listed; fixed/scripted sources are used where a vendor source is not the clean default.
PROGSEL-000111,spell_tome_source,BOOKLOC-000550,OBJ-000930,Spell Tome: Mass Paralysis,Alteration,G08,selected_vendor_source,College of Winterhold,College of Winterhold,Purchase from Tolfdir at the College of Winterhold. Source note: Can be purchased from: Tolfdir (only after Alteration Ritual Spell has been completed).,Buy during the relevant College/service block if vendor-sourced; otherwise pair with parent quest/location.,Can be purchased from: Tolfdir (only after Alteration Ritual Spell has been completed) | Master tome purchase requires the relevant ritual spell quest; validate ritual completion timing later.,Random loot is not baseline; do not require a source not selected in this table.,TB-033 spell-source and final learned-spell validation,SN-000052-spell-tomes-and-learned-spells.md,College specialist vendors are preferred where source-listed; fixed/scripted sources are used where a vendor source is not the clean default.
PROGSEL-000112,spell_tome_source,BOOKLOC-000551,OBJ-000931,Spell Tome: Equilibrium,Alteration,G14,selected_fixed_or_scripted_source,Labyrinthian Chasm,Labyrinthian Chasm,Can be found in Labyrinthian Chasm.,Buy during the relevant College/service block if vendor-sourced; otherwise pair with parent quest/location.,,Random loot is not baseline; do not require a source not selected in this table.,TB-033 spell-source and final learned-spell validation,SN-000052-spell-tomes-and-learned-spells.md,College specialist vendors are preferred where source-listed; fixed/scripted sources are used where a vendor source is not the clean default.
PROGSEL-000113,spell_tome_source,BOOKLOC-000552,OBJ-000932,Spell Tome: Bound Dagger,Conjuration,G12,selected_vendor_source,Tel Mithryn,Tel Mithryn,Purchase from Talvas Fathryon at Tel Mithryn. Source note: Can be purchased from Talvas Fathryon after completing the quest From the Ashes.,Buy during the relevant College/service block if vendor-sourced; otherwise pair with parent quest/location.,Can be purchased from Talvas Fathryon after completing the quest From the Ashes | Vendor availability/restock timing needs route validation.,Random loot is not baseline; do not require a source not selected in this table.,TB-033 spell-source and final learned-spell validation,SN-000052-spell-tomes-and-learned-spells.md,College specialist vendors are preferred where source-listed; fixed/scripted sources are used where a vendor source is not the clean default.
PROGSEL-000114,spell_tome_source,BOOKLOC-000558,OBJ-000933,Spell Tome: Bound Sword,Conjuration,G08,selected_vendor_source,College of Winterhold,College of Winterhold,"Purchase from Phinis Gestor at the College of Winterhold. Source note: Can be purchased from: Calcelmo, Falion, Farengar Secret-Fire, Madena, Nelacar, Phinis Gestor, Sybille Stentor, Wuunferth the Unliving, Wylandriah, Talvas Fathryon.",Buy during the relevant College/service block if vendor-sourced; otherwise pair with parent quest/location.,Vendor availability/restock timing needs route validation.,Random loot is not baseline; do not require a source not selected in this table.,TB-033 spell-source and final learned-spell validation,SN-000052-spell-tomes-and-learned-spells.md,College specialist vendors are preferred where source-listed; fixed/scripted sources are used where a vendor source is not the clean default.
PROGSEL-000115,spell_tome_source,BOOKLOC-000571,OBJ-000934,Spell Tome: Conjure Familiar,Conjuration,G08,selected_vendor_source,College of Winterhold,College of Winterhold,"Purchase from Phinis Gestor at the College of Winterhold. Source note: Can be purchased from: Calcelmo, Falion, Farengar Secret-Fire, Madena, Nelacar, Phinis Gestor, Sybille Stentor, Wuunferth the Unliving, Wylandriah, Talvas Fathryon.",Buy during the relevant College/service block if vendor-sourced; otherwise pair with parent quest/location.,Vendor availability/restock timing needs route validation.,Random loot is not baseline; do not require a source not selected in this table.,TB-033 spell-source and final learned-spell validation,SN-000052-spell-tomes-and-learned-spells.md,College specialist vendors are preferred where source-listed; fixed/scripted sources are used where a vendor source is not the clean default.
PROGSEL-000116,spell_tome_source,BOOKLOC-000577,OBJ-000935,Spell Tome: Conjure Skeleton Minion,Conjuration,G08,selected_vendor_source,College of Winterhold,College of Winterhold,Purchase from Phinis Gestor at the College of Winterhold. Source note: Can be purchased from: Phinis Gestor.,Buy during the relevant College/service block if vendor-sourced; otherwise pair with parent quest/location.,Vendor availability/restock timing needs route validation.,Random loot is not baseline; do not require a source not selected in this table.,TB-033 spell-source and final learned-spell validation,SN-000052-spell-tomes-and-learned-spells.md,College specialist vendors are preferred where source-listed; fixed/scripted sources are used where a vendor source is not the clean default.
PROGSEL-000117,spell_tome_source,BOOKLOC-000579,OBJ-000936,Spell Tome: Conjure Undying Ghost,Conjuration,G08,selected_vendor_source,College of Winterhold,College of Winterhold,Purchase from Phinis Gestor at the College of Winterhold. Source note: Can be purchased from: Phinis Gestor.,Buy during the relevant College/service block if vendor-sourced; otherwise pair with parent quest/location.,Vendor availability/restock timing needs route validation.,Random loot is not baseline; do not require a source not selected in this table.,TB-033 spell-source and final learned-spell validation,SN-000052-spell-tomes-and-learned-spells.md,College specialist vendors are preferred where source-listed; fixed/scripted sources are used where a vendor source is not the clean default.
PROGSEL-000118,spell_tome_source,BOOKLOC-000586,OBJ-000937,Spell Tome: Conjure Zombie,Conjuration,G08,selected_vendor_source,College of Winterhold,College of Winterhold,"Purchase from Phinis Gestor at the College of Winterhold. Source note: Can be purchased from: Calcelmo, Falion, Farengar Secret-Fire, Madena, Nelacar, Phinis Gestor, Sybille Stentor, Wuunferth the Unliving, Wylandriah, Talvas Fathryon (only after The Rising Dead has been completed).",Buy during the relevant College/service block if vendor-sourced; otherwise pair with parent quest/location.,"Can be purchased from: Calcelmo, Falion, Farengar Secret-Fire, Madena, Nelacar, Phinis Gestor, Sybille Stentor, Wuunferth the Unliving, Wylandriah, Talvas Fathryon (only after The Rising Dead has been completed) | Vendor availability/restock timing needs route validation.",Random loot is not baseline; do not require a source not selected in this table.,TB-033 spell-source and final learned-spell validation,SN-000052-spell-tomes-and-learned-spells.md,College specialist vendors are preferred where source-listed; fixed/scripted sources are used where a vendor source is not the clean default.
PROGSEL-000119,spell_tome_source,BOOKLOC-000597,OBJ-000938,Spell Tome: Raise Zombie,Conjuration,G08,selected_vendor_source,College of Winterhold,College of Winterhold,"Purchase from Phinis Gestor at the College of Winterhold. Source note: Can be purchased from: Calcelmo, Falion, Farengar Secret-Fire, Madena, Nelacar, Phinis Gestor, Riverwood Trader, Sybille Stentor, Wuunferth the Unliving, Wylandriah, Talvas Fathryon.",Buy during the relevant College/service block if vendor-sourced; otherwise pair with parent quest/location.,Vendor availability/restock timing needs route validation.,Random loot is not baseline; do not require a source not selected in this table.,TB-033 spell-source and final learned-spell validation,SN-000052-spell-tomes-and-learned-spells.md,College specialist vendors are preferred where source-listed; fixed/scripted sources are used where a vendor source is not the clean default.
PROGSEL-000120,spell_tome_source,BOOKLOC-000612,OBJ-000939,Spell Tome: Bound Battleaxe,Conjuration,G08,selected_vendor_source,College of Winterhold,College of Winterhold,"Purchase from Phinis Gestor at the College of Winterhold. Source note: Can be purchased from: Calcelmo, Falion, Farengar Secret-Fire, Madena, Nelacar, Phinis Gestor, Sybille Stentor, Wuunferth the Unliving, Wylandriah, Talvas Fathryon.",Buy during the relevant College/service block if vendor-sourced; otherwise pair with parent quest/location.,Vendor availability/restock timing needs route validation.,Random loot is not baseline; do not require a source not selected in this table.,TB-033 spell-source and final learned-spell validation,SN-000052-spell-tomes-and-learned-spells.md,College specialist vendors are preferred where source-listed; fixed/scripted sources are used where a vendor source is not the clean default.
PROGSEL-000121,spell_tome_source,BOOKLOC-000618,OBJ-000940,Spell Tome: Conjure Boneman,Conjuration,G13,selected_fixed_or_scripted_source,Soul Cairn,Soul Cairn,"Found in the Soul Cairn in the center of the encircling pathways southwest of Jiub's Opus, Page 9.",Buy during the relevant College/service block if vendor-sourced; otherwise pair with parent quest/location.,,Random loot is not baseline; do not require a source not selected in this table.,TB-033 spell-source and final learned-spell validation,SN-000052-spell-tomes-and-learned-spells.md,College specialist vendors are preferred where source-listed; fixed/scripted sources are used where a vendor source is not the clean default.
PROGSEL-000122,spell_tome_source,BOOKLOC-000624,OBJ-000941,Spell Tome: Conjure Flame Atronach,Conjuration,G08,selected_vendor_source,College of Winterhold,College of Winterhold,"Purchase from Phinis Gestor at the College of Winterhold. Source note: Can be purchased from: Calcelmo, Falion, Farengar Secret-Fire, Madena, Nelacar, Phinis Gestor, Sybille Stentor, Wuunferth the Unliving, Wylandriah, Talvas Fathryon.",Buy during the relevant College/service block if vendor-sourced; otherwise pair with parent quest/location.,Vendor availability/restock timing needs route validation.,Random loot is not baseline; do not require a source not selected in this table.,TB-033 spell-source and final learned-spell validation,SN-000052-spell-tomes-and-learned-spells.md,College specialist vendors are preferred where source-listed; fixed/scripted sources are used where a vendor source is not the clean default.
PROGSEL-000123,spell_tome_source,BOOKLOC-000637,OBJ-000942,Spell Tome: Conjure Foul Zombie,Conjuration,G08,selected_vendor_source,College of Winterhold,College of Winterhold,"Purchase from Phinis Gestor at the College of Winterhold. Source note: Can be purchased from: Calcelmo, Falion, Farengar Secret-Fire, Madena, Nelacar, Phinis Gestor, Sybille Stentor, Wuunferth the Unliving, Wylandriah, Talvas Fathryon (only after The Rising Dead has been completed).",Buy during the relevant College/service block if vendor-sourced; otherwise pair with parent quest/location.,"Can be purchased from: Calcelmo, Falion, Farengar Secret-Fire, Madena, Nelacar, Phinis Gestor, Sybille Stentor, Wuunferth the Unliving, Wylandriah, Talvas Fathryon (only after The Rising Dead has been completed) | Vendor availability/restock timing needs route validation.",Random loot is not baseline; do not require a source not selected in this table.,TB-033 spell-source and final learned-spell validation,SN-000052-spell-tomes-and-learned-spells.md,College specialist vendors are preferred where source-listed; fixed/scripted sources are used where a vendor source is not the clean default.
PROGSEL-000124,spell_tome_source,BOOKLOC-000643,OBJ-000943,Spell Tome: Conjure Haunting Spirit,Conjuration,G08,selected_vendor_source,College of Winterhold,College of Winterhold,Purchase from Phinis Gestor at the College of Winterhold. Source note: Can be purchased from: Phinis Gestor.,Buy during the relevant College/service block if vendor-sourced; otherwise pair with parent quest/location.,Vendor availability/restock timing needs route validation.,Random loot is not baseline; do not require a source not selected in this table.,TB-033 spell-source and final learned-spell validation,SN-000052-spell-tomes-and-learned-spells.md,College specialist vendors are preferred where source-listed; fixed/scripted sources are used where a vendor source is not the clean default.
PROGSEL-000125,spell_tome_source,BOOKLOC-000645,OBJ-000944,Spell Tome: Conjure Skeleton Marksman,Conjuration,G08,selected_vendor_source,College of Winterhold,College of Winterhold,Purchase from Phinis Gestor at the College of Winterhold. Source note: Can be purchased from: Phinis Gestor.,Buy during the relevant College/service block if vendor-sourced; otherwise pair with parent quest/location.,Vendor availability/restock timing needs route validation.,Random loot is not baseline; do not require a source not selected in this table.,TB-033 spell-source and final learned-spell validation,SN-000052-spell-tomes-and-learned-spells.md,College specialist vendors are preferred where source-listed; fixed/scripted sources are used where a vendor source is not the clean default.
PROGSEL-000126,spell_tome_source,BOOKLOC-000646,OBJ-000945,Spell Tome: Conjure Flaming Familiar,Conjuration,G14,selected_fixed_or_scripted_source,A Scroll For Anska,A Scroll For Anska,Reward for quest A Scroll For Anska.,Buy during the relevant College/service block if vendor-sourced; otherwise pair with parent quest/location.,Reward for quest A Scroll For Anska,Random loot is not baseline; do not require a source not selected in this table.,TB-033 spell-source and final learned-spell validation,SN-000052-spell-tomes-and-learned-spells.md,College specialist vendors are preferred where source-listed; fixed/scripted sources are used where a vendor source is not the clean default.
PROGSEL-000127,spell_tome_source,BOOKLOC-000652,OBJ-000946,Spell Tome: Reanimate Corpse,Conjuration,G08,selected_vendor_source,College of Winterhold,College of Winterhold,"Purchase from Phinis Gestor at the College of Winterhold. Source note: Can be purchased from: Calcelmo, Falion, Farengar Secret-Fire, Madena, Nelacar, Phinis Gestor, Sybille Stentor, Wuunferth the Unliving, Wylandriah, Talvas Fathryon.",Buy during the relevant College/service block if vendor-sourced; otherwise pair with parent quest/location.,Vendor availability/restock timing needs route validation.,Random loot is not baseline; do not require a source not selected in this table.,TB-033 spell-source and final learned-spell validation,SN-000052-spell-tomes-and-learned-spells.md,College specialist vendors are preferred where source-listed; fixed/scripted sources are used where a vendor source is not the clean default.
PROGSEL-000128,spell_tome_source,BOOKLOC-000659,OBJ-000947,Spell Tome: Soul Split,Conjuration,G08,selected_vendor_source,College of Winterhold,College of Winterhold,Purchase from Phinis Gestor at the College of Winterhold. Source note: Can be purchased from: Phinis Gestor.,Buy during the relevant College/service block if vendor-sourced; otherwise pair with parent quest/location.,Vendor availability/restock timing needs route validation.,Random loot is not baseline; do not require a source not selected in this table.,TB-033 spell-source and final learned-spell validation,SN-000052-spell-tomes-and-learned-spells.md,College specialist vendors are preferred where source-listed; fixed/scripted sources are used where a vendor source is not the clean default.
PROGSEL-000129,spell_tome_source,BOOKLOC-000666,OBJ-000948,Spell Tome: Soul Trap,Conjuration,G08,selected_vendor_source,College of Winterhold,College of Winterhold,"Purchase from Phinis Gestor at the College of Winterhold. Source note: Can be purchased from: Calcelmo, Falion, Farengar Secret-Fire, Madena, Nelacar, Phinis Gestor, Sybille Stentor, Wuunferth the Unliving, Wylandriah, Talvas Fathryon.",Buy during the relevant College/service block if vendor-sourced; otherwise pair with parent quest/location.,Vendor availability/restock timing needs route validation.,Random loot is not baseline; do not require a source not selected in this table.,TB-033 spell-source and final learned-spell validation,SN-000052-spell-tomes-and-learned-spells.md,College specialist vendors are preferred where source-listed; fixed/scripted sources are used where a vendor source is not the clean default.
PROGSEL-000130,spell_tome_source,BOOKLOC-000673,OBJ-000949,Spell Tome: Conjure Daedric Horse,Conjuration,G13,selected_fixed_or_scripted_source,Deadlands,Deadlands,Can be found in: The Deadlands (inside The Punished).,Buy during the relevant College/service block if vendor-sourced; otherwise pair with parent quest/location.,,Random loot is not baseline; do not require a source not selected in this table.,TB-033 spell-source and final learned-spell validation,SN-000052-spell-tomes-and-learned-spells.md,College specialist vendors are preferred where source-listed; fixed/scripted sources are used where a vendor source is not the clean default.
PROGSEL-000131,spell_tome_source,BOOKLOC-000676,OBJ-000950,Spell Tome: Banish Daedra,Conjuration,G08,selected_vendor_source,College of Winterhold,College of Winterhold,"Purchase from Phinis Gestor at the College of Winterhold. Source note: Can be purchased from: Calcelmo, Falion, Phinis Gestor.",Buy during the relevant College/service block if vendor-sourced; otherwise pair with parent quest/location.,Adept vendor stock generally requires school skill 40 and inventory reset; validate per merchant later.,Random loot is not baseline; do not require a source not selected in this table.,TB-033 spell-source and final learned-spell validation,SN-000052-spell-tomes-and-learned-spells.md,College specialist vendors are preferred where source-listed; fixed/scripted sources are used where a vendor source is not the clean default.
PROGSEL-000132,spell_tome_source,BOOKLOC-000679,OBJ-000951,Spell Tome: Banish Undead,Conjuration,G08,selected_vendor_source,College of Winterhold,College of Winterhold,Purchase from Phinis Gestor at the College of Winterhold. Source note: Can be purchased from: Phinis Gestor.,Buy during the relevant College/service block if vendor-sourced; otherwise pair with parent quest/location.,Vendor availability/restock timing needs route validation.,Random loot is not baseline; do not require a source not selected in this table.,TB-033 spell-source and final learned-spell validation,SN-000052-spell-tomes-and-learned-spells.md,College specialist vendors are preferred where source-listed; fixed/scripted sources are used where a vendor source is not the clean default.
PROGSEL-000133,spell_tome_source,BOOKLOC-000682,OBJ-000952,Spell Tome: Bound Bow,Conjuration,G08,selected_vendor_source,College of Winterhold,College of Winterhold,"Purchase from Phinis Gestor at the College of Winterhold. Source note: Can be purchased from: Calcelmo, Falion, Phinis Gestor.",Buy during the relevant College/service block if vendor-sourced; otherwise pair with parent quest/location.,Adept vendor stock generally requires school skill 40 and inventory reset; validate per merchant later.,Random loot is not baseline; do not require a source not selected in this table.,TB-033 spell-source and final learned-spell validation,SN-000052-spell-tomes-and-learned-spells.md,College specialist vendors are preferred where source-listed; fixed/scripted sources are used where a vendor source is not the clean default.
PROGSEL-000134,spell_tome_source,BOOKLOC-000687,OBJ-000953,Spell Tome: Bound Quiver,Conjuration,G08,selected_vendor_source,College of Winterhold,College of Winterhold,"Purchase from Phinis Gestor at the College of Winterhold. Source note: Can be purchased from: Calcelmo, Falion, Phinis Gestor.",Buy during the relevant College/service block if vendor-sourced; otherwise pair with parent quest/location.,Vendor availability/restock timing needs route validation.,Random loot is not baseline; do not require a source not selected in this table.,TB-033 spell-source and final learned-spell validation,SN-000052-spell-tomes-and-learned-spells.md,College specialist vendors are preferred where source-listed; fixed/scripted sources are used where a vendor source is not the clean default.
PROGSEL-000135,spell_tome_source,BOOKLOC-000688,OBJ-000954,Spell Tome: Conjure Ash Spawn,Conjuration,G12,selected_vendor_source,Tel Mithryn,Tel Mithryn,Purchase from Talvas Fathryon at Tel Mithryn. Source note: Can be purchased from Talvas Fathryon after completing the quest Telvanni Research.,Buy during the relevant College/service block if vendor-sourced; otherwise pair with parent quest/location.,Can be purchased from Talvas Fathryon after completing the quest Telvanni Research | Vendor availability/restock timing needs route validation.,Random loot is not baseline; do not require a source not selected in this table.,TB-033 spell-source and final learned-spell validation,SN-000052-spell-tomes-and-learned-spells.md,College specialist vendors are preferred where source-listed; fixed/scripted sources are used where a vendor source is not the clean default.
PROGSEL-000136,spell_tome_source,BOOKLOC-000689,OBJ-000955,Spell Tome: Conjure Dark Seducer Archer,Conjuration,G14,selected_fixed_or_scripted_source,Thoron,Thoron,Carried by Thoron.,Buy during the relevant College/service block if vendor-sourced; otherwise pair with parent quest/location.,,Random loot is not baseline; do not require a source not selected in this table.,TB-033 spell-source and final learned-spell validation,SN-000052-spell-tomes-and-learned-spells.md,College specialist vendors are preferred where source-listed; fixed/scripted sources are used where a vendor source is not the clean default.
PROGSEL-000137,spell_tome_source,BOOKLOC-000691,OBJ-000956,Spell Tome: Conjure Dark Seducer Warrior,Conjuration,G14,selected_fixed_or_scripted_source,Thoron,Thoron,Carried by Thoron.,Buy during the relevant College/service block if vendor-sourced; otherwise pair with parent quest/location.,,Random loot is not baseline; do not require a source not selected in this table.,TB-033 spell-source and final learned-spell validation,SN-000052-spell-tomes-and-learned-spells.md,College specialist vendors are preferred where source-listed; fixed/scripted sources are used where a vendor source is not the clean default.
PROGSEL-000138,spell_tome_source,BOOKLOC-000695,OBJ-000957,Spell Tome: Conjure Frost Atronach,Conjuration,G08,selected_vendor_source,College of Winterhold,College of Winterhold,"Purchase from Phinis Gestor at the College of Winterhold. Source note: Can be purchased from: Calcelmo, Falion, Phinis Gestor.",Buy during the relevant College/service block if vendor-sourced; otherwise pair with parent quest/location.,Adept vendor stock generally requires school skill 40 and inventory reset; validate per merchant later.,Random loot is not baseline; do not require a source not selected in this table.,TB-033 spell-source and final learned-spell validation,SN-000052-spell-tomes-and-learned-spells.md,College specialist vendors are preferred where source-listed; fixed/scripted sources are used where a vendor source is not the clean default.
PROGSEL-000139,spell_tome_source,BOOKLOC-000698,OBJ-000958,Spell Tome: Conjure Golden Saint Archer,Conjuration,G14,selected_fixed_or_scripted_source,Thoron,Thoron,Carried by Thoron.,Buy during the relevant College/service block if vendor-sourced; otherwise pair with parent quest/location.,,Random loot is not baseline; do not require a source not selected in this table.,TB-033 spell-source and final learned-spell validation,SN-000052-spell-tomes-and-learned-spells.md,College specialist vendors are preferred where source-listed; fixed/scripted sources are used where a vendor source is not the clean default.
PROGSEL-000140,spell_tome_source,BOOKLOC-000700,OBJ-000959,Spell Tome: Conjure Golden Saint Warrior,Conjuration,G14,selected_fixed_or_scripted_source,Thoron,Thoron,Carried by Thoron.,Buy during the relevant College/service block if vendor-sourced; otherwise pair with parent quest/location.,,Random loot is not baseline; do not require a source not selected in this table.,TB-033 spell-source and final learned-spell validation,SN-000052-spell-tomes-and-learned-spells.md,College specialist vendors are preferred where source-listed; fixed/scripted sources are used where a vendor source is not the clean default.
PROGSEL-000141,spell_tome_source,BOOKLOC-000702,OBJ-000960,Spell Tome: Conjure Mistman,Conjuration,G13,selected_fixed_or_scripted_source,Soul Cairn,Soul Cairn,"Found in the Soul Cairn next to Jiub's Opus, Page 7.",Buy during the relevant College/service block if vendor-sourced; otherwise pair with parent quest/location.,,Random loot is not baseline; do not require a source not selected in this table.,TB-033 spell-source and final learned-spell validation,SN-000052-spell-tomes-and-learned-spells.md,College specialist vendors are preferred where source-listed; fixed/scripted sources are used where a vendor source is not the clean default.
PROGSEL-000142,spell_tome_source,BOOKLOC-000705,OBJ-000961,Spell Tome: Conjure Putrid Zombie,Conjuration,G08,selected_vendor_source,College of Winterhold,College of Winterhold,"Purchase from Phinis Gestor at the College of Winterhold. Source note: Can be purchased from: Calcelmo, Falion, Phinis Gestor (only after The Rising Dead has been completed).",Buy during the relevant College/service block if vendor-sourced; otherwise pair with parent quest/location.,"Can be purchased from: Calcelmo, Falion, Phinis Gestor (only after The Rising Dead has been completed) | Vendor availability/restock timing needs route validation.",Random loot is not baseline; do not require a source not selected in this table.,TB-033 spell-source and final learned-spell validation,SN-000052-spell-tomes-and-learned-spells.md,College specialist vendors are preferred where source-listed; fixed/scripted sources are used where a vendor source is not the clean default.
PROGSEL-000143,spell_tome_source,BOOKLOC-000707,OBJ-000962,Spell Tome: Conjure Seeker,Conjuration,G12,selected_fixed_or_scripted_source,Apocrypha,Apocrypha,"If your Conjuration skill is 40 or higher, the spell tome may be found in Apocrypha when reading any of the Black Books.",Buy during the relevant College/service block if vendor-sourced; otherwise pair with parent quest/location.,,Random loot is not baseline; do not require a source not selected in this table.,TB-033 spell-source and final learned-spell validation,SN-000052-spell-tomes-and-learned-spells.md,College specialist vendors are preferred where source-listed; fixed/scripted sources are used where a vendor source is not the clean default.
PROGSEL-000144,spell_tome_source,BOOKLOC-000709,OBJ-000963,Spell Tome: Conjure Skeleton Champion,Conjuration,G08,selected_vendor_source,College of Winterhold,College of Winterhold,Purchase from Phinis Gestor at the College of Winterhold. Source note: Can be purchased from: Phinis Gestor.,Buy during the relevant College/service block if vendor-sourced; otherwise pair with parent quest/location.,Vendor availability/restock timing needs route validation.,Random loot is not baseline; do not require a source not selected in this table.,TB-033 spell-source and final learned-spell validation,SN-000052-spell-tomes-and-learned-spells.md,College specialist vendors are preferred where source-listed; fixed/scripted sources are used where a vendor source is not the clean default.
PROGSEL-000145,spell_tome_source,BOOKLOC-000710,OBJ-000964,Spell Tome: Conjure Tomb Guardian,Conjuration,G08,selected_vendor_source,College of Winterhold,College of Winterhold,Purchase from Phinis Gestor at the College of Winterhold. Source note: Can be purchased from: Phinis Gestor.,Buy during the relevant College/service block if vendor-sourced; otherwise pair with parent quest/location.,Vendor availability/restock timing needs route validation.,Random loot is not baseline; do not require a source not selected in this table.,TB-033 spell-source and final learned-spell validation,SN-000052-spell-tomes-and-learned-spells.md,College specialist vendors are preferred where source-listed; fixed/scripted sources are used where a vendor source is not the clean default.
PROGSEL-000146,spell_tome_source,BOOKLOC-000711,OBJ-000965,Spell Tome: Necromancer's Ritual,Conjuration,G08,selected_vendor_source,College of Winterhold,College of Winterhold,Purchase from Phinis Gestor at the College of Winterhold. Source note: Can be purchased from: Phinis Gestor.,Buy during the relevant College/service block if vendor-sourced; otherwise pair with parent quest/location.,Vendor availability/restock timing needs route validation.,Random loot is not baseline; do not require a source not selected in this table.,TB-033 spell-source and final learned-spell validation,SN-000052-spell-tomes-and-learned-spells.md,College specialist vendors are preferred where source-listed; fixed/scripted sources are used where a vendor source is not the clean default.
PROGSEL-000147,spell_tome_source,BOOKLOC-000715,OBJ-000966,Spell Tome: Revenant,Conjuration,G08,selected_vendor_source,College of Winterhold,College of Winterhold,"Purchase from Phinis Gestor at the College of Winterhold. Source note: Can be purchased from: Calcelmo, Falion, Phinis Gestor.",Buy during the relevant College/service block if vendor-sourced; otherwise pair with parent quest/location.,Adept vendor stock generally requires school skill 40 and inventory reset; validate per merchant later.,Random loot is not baseline; do not require a source not selected in this table.,TB-033 spell-source and final learned-spell validation,SN-000052-spell-tomes-and-learned-spells.md,College specialist vendors are preferred where source-listed; fixed/scripted sources are used where a vendor source is not the clean default.
PROGSEL-000148,spell_tome_source,BOOKLOC-000718,OBJ-000967,Spell Tome: Conjure Ash Guardian,Conjuration,G14,selected_fixed_or_scripted_source,From the Ashes,From the Ashes,Reward for quest From the Ashes.,Buy during the relevant College/service block if vendor-sourced; otherwise pair with parent quest/location.,Reward for quest From the Ashes,Random loot is not baseline; do not require a source not selected in this table.,TB-033 spell-source and final learned-spell validation,SN-000052-spell-tomes-and-learned-spells.md,College specialist vendors are preferred where source-listed; fixed/scripted sources are used where a vendor source is not the clean default.
PROGSEL-000149,spell_tome_source,BOOKLOC-000719,OBJ-000968,Spell Tome: Command Daedra,Conjuration,G08,selected_vendor_source,College of Winterhold,College of Winterhold,Purchase from Phinis Gestor at the College of Winterhold. Source note: Can be purchased from: Phinis Gestor.,Buy during the relevant College/service block if vendor-sourced; otherwise pair with parent quest/location.,Expert vendor stock generally requires school skill 65 and inventory reset; validate per merchant later.,Random loot is not baseline; do not require a source not selected in this table.,TB-033 spell-source and final learned-spell validation,SN-000052-spell-tomes-and-learned-spells.md,College specialist vendors are preferred where source-listed; fixed/scripted sources are used where a vendor source is not the clean default.
PROGSEL-000150,spell_tome_source,BOOKLOC-000721,OBJ-000969,Spell Tome: Conjure Ayleid Lich,Conjuration,G14,selected_fixed_or_scripted_source,Atronach Forge,Atronach Forge,Can be created at the Atronach Forge.,Buy during the relevant College/service block if vendor-sourced; otherwise pair with parent quest/location.,,Random loot is not baseline; do not require a source not selected in this table.,TB-033 spell-source and final learned-spell validation,SN-000052-spell-tomes-and-learned-spells.md,College specialist vendors are preferred where source-listed; fixed/scripted sources are used where a vendor source is not the clean default.
PROGSEL-000151,spell_tome_source,BOOKLOC-000722,OBJ-000970,Spell Tome: Conjure Cursed Spectre,Conjuration,G08,selected_vendor_source,College of Winterhold,College of Winterhold,Purchase from Phinis Gestor at the College of Winterhold. Source note: Can be purchased from: Phinis Gestor.,Buy during the relevant College/service block if vendor-sourced; otherwise pair with parent quest/location.,Vendor availability/restock timing needs route validation.,Random loot is not baseline; do not require a source not selected in this table.,TB-033 spell-source and final learned-spell validation,SN-000052-spell-tomes-and-learned-spells.md,College specialist vendors are preferred where source-listed; fixed/scripted sources are used where a vendor source is not the clean default.
PROGSEL-000152,spell_tome_source,BOOKLOC-000723,OBJ-000971,Spell Tome: Conjure Dremora Lord,Conjuration,G08,selected_vendor_source,College of Winterhold,College of Winterhold,Purchase from Phinis Gestor at the College of Winterhold. Source note: Can be purchased from: Phinis Gestor.,Buy during the relevant College/service block if vendor-sourced; otherwise pair with parent quest/location.,Expert vendor stock generally requires school skill 65 and inventory reset; validate per merchant later.,Random loot is not baseline; do not require a source not selected in this table.,TB-033 spell-source and final learned-spell validation,SN-000052-spell-tomes-and-learned-spells.md,College specialist vendors are preferred where source-listed; fixed/scripted sources are used where a vendor source is not the clean default.
PROGSEL-000153,spell_tome_source,BOOKLOC-000725,OBJ-000972,Spell Tome: Conjure Malignant Zombie,Conjuration,G08,selected_vendor_source,College of Winterhold,College of Winterhold,Purchase from Phinis Gestor at the College of Winterhold. Source note: Can be purchased from: Phinis Gestor (only after Conjuration Ritual Spell and The Rising Dead have been completed).,Buy during the relevant College/service block if vendor-sourced; otherwise pair with parent quest/location.,Can be purchased from: Phinis Gestor (only after Conjuration Ritual Spell and The Rising Dead have been completed) | Vendor availability/restock timing needs route validation.,Random loot is not baseline; do not require a source not selected in this table.,TB-033 spell-source and final learned-spell validation,SN-000052-spell-tomes-and-learned-spells.md,College specialist vendors are preferred where source-listed; fixed/scripted sources are used where a vendor source is not the clean default.
PROGSEL-000154,spell_tome_source,BOOKLOC-000727,OBJ-000973,Spell Tome: Conjure Skeleton Warlock,Conjuration,G08,selected_vendor_source,College of Winterhold,College of Winterhold,Purchase from Phinis Gestor at the College of Winterhold. Source note: Can be purchased from: Phinis Gestor.,Buy during the relevant College/service block if vendor-sourced; otherwise pair with parent quest/location.,Vendor availability/restock timing needs route validation.,Random loot is not baseline; do not require a source not selected in this table.,TB-033 spell-source and final learned-spell validation,SN-000052-spell-tomes-and-learned-spells.md,College specialist vendors are preferred where source-listed; fixed/scripted sources are used where a vendor source is not the clean default.
PROGSEL-000155,spell_tome_source,BOOKLOC-000728,OBJ-000974,Spell Tome: Conjure Storm Atronach,Conjuration,G08,selected_vendor_source,College of Winterhold,College of Winterhold,Purchase from Phinis Gestor at the College of Winterhold. Source note: Can be purchased from: Phinis Gestor.,Buy during the relevant College/service block if vendor-sourced; otherwise pair with parent quest/location.,Expert vendor stock generally requires school skill 65 and inventory reset; validate per merchant later.,Random loot is not baseline; do not require a source not selected in this table.,TB-033 spell-source and final learned-spell validation,SN-000052-spell-tomes-and-learned-spells.md,College specialist vendors are preferred where source-listed; fixed/scripted sources are used where a vendor source is not the clean default.
PROGSEL-000156,spell_tome_source,BOOKLOC-000731,OBJ-000975,Spell Tome: Conjure Wrathman,Conjuration,G13,selected_fixed_or_scripted_source,Soul Cairn,Soul Cairn,"Found in the Soul Cairn in a building due south of Jiub's Opus, Page 5.",Buy during the relevant College/service block if vendor-sourced; otherwise pair with parent quest/location.,,Random loot is not baseline; do not require a source not selected in this table.,TB-033 spell-source and final learned-spell validation,SN-000052-spell-tomes-and-learned-spells.md,College specialist vendors are preferred where source-listed; fixed/scripted sources are used where a vendor source is not the clean default.
PROGSEL-000157,spell_tome_source,BOOKLOC-000732,OBJ-000976,Spell Tome: Dread Zombie,Conjuration,G08,selected_vendor_source,College of Winterhold,College of Winterhold,Purchase from Phinis Gestor at the College of Winterhold. Source note: Can be purchased from: Phinis Gestor.,Buy during the relevant College/service block if vendor-sourced; otherwise pair with parent quest/location.,Expert vendor stock generally requires school skill 65 and inventory reset; validate per merchant later.,Random loot is not baseline; do not require a source not selected in this table.,TB-033 spell-source and final learned-spell validation,SN-000052-spell-tomes-and-learned-spells.md,College specialist vendors are preferred where source-listed; fixed/scripted sources are used where a vendor source is not the clean default.
PROGSEL-000158,spell_tome_source,BOOKLOC-000734,OBJ-000977,Spell Tome: Expel Daedra,Conjuration,G08,selected_vendor_source,College of Winterhold,College of Winterhold,Purchase from Phinis Gestor at the College of Winterhold. Source note: Can be purchased from: Phinis Gestor.,Buy during the relevant College/service block if vendor-sourced; otherwise pair with parent quest/location.,Expert vendor stock generally requires school skill 65 and inventory reset; validate per merchant later.,Random loot is not baseline; do not require a source not selected in this table.,TB-033 spell-source and final learned-spell validation,SN-000052-spell-tomes-and-learned-spells.md,College specialist vendors are preferred where source-listed; fixed/scripted sources are used where a vendor source is not the clean default.
PROGSEL-000159,spell_tome_source,BOOKLOC-000737,OBJ-000978,Spell Tome: Pride of Hirstaang,Conjuration,G08,selected_vendor_source,College of Winterhold,College of Winterhold,Purchase from Phinis Gestor at the College of Winterhold. Source note: Can be purchased from: Phinis Gestor.,Buy during the relevant College/service block if vendor-sourced; otherwise pair with parent quest/location.,Vendor availability/restock timing needs route validation.,Random loot is not baseline; do not require a source not selected in this table.,TB-033 spell-source and final learned-spell validation,SN-000052-spell-tomes-and-learned-spells.md,College specialist vendors are preferred where source-listed; fixed/scripted sources are used where a vendor source is not the clean default.
PROGSEL-000160,spell_tome_source,BOOKLOC-000738,OBJ-000979,Spell Tome: Conjure Ancient Deathpriest,Conjuration,G08,selected_vendor_source,College of Winterhold,College of Winterhold,Purchase from Phinis Gestor at the College of Winterhold. Source note: Can be purchased from: Phinis Gestor.,Buy during the relevant College/service block if vendor-sourced; otherwise pair with parent quest/location.,Master tome purchase requires the relevant ritual spell quest; validate ritual completion timing later.,Random loot is not baseline; do not require a source not selected in this table.,TB-033 spell-source and final learned-spell validation,SN-000052-spell-tomes-and-learned-spells.md,College specialist vendors are preferred where source-listed; fixed/scripted sources are used where a vendor source is not the clean default.
PROGSEL-000161,spell_tome_source,BOOKLOC-000739,OBJ-000980,Spell Tome: Conjure Bone Colossus,Conjuration,G08,selected_vendor_source,College of Winterhold,College of Winterhold,Purchase from Phinis Gestor at the College of Winterhold. Source note: Can be purchased from: Phinis Gestor.,Buy during the relevant College/service block if vendor-sourced; otherwise pair with parent quest/location.,Master tome purchase requires the relevant ritual spell quest; validate ritual completion timing later.,Random loot is not baseline; do not require a source not selected in this table.,TB-033 spell-source and final learned-spell validation,SN-000052-spell-tomes-and-learned-spells.md,College specialist vendors are preferred where source-listed; fixed/scripted sources are used where a vendor source is not the clean default.
PROGSEL-000162,spell_tome_source,BOOKLOC-000740,OBJ-000981,Spell Tome: Conjure Staada,Conjuration,G14,selected_fixed_or_scripted_source,Atronach Forge,Atronach Forge,Can be created at the Atronach Forge.,Buy during the relevant College/service block if vendor-sourced; otherwise pair with parent quest/location.,,Random loot is not baseline; do not require a source not selected in this table.,TB-033 spell-source and final learned-spell validation,SN-000052-spell-tomes-and-learned-spells.md,College specialist vendors are preferred where source-listed; fixed/scripted sources are used where a vendor source is not the clean default.
PROGSEL-000163,spell_tome_source,BOOKLOC-000741,OBJ-000982,Spell Tome: Flame Thrall,Conjuration,G14,selected_fixed_or_scripted_source,Conjuration Ritual Spell,Conjuration Ritual Spell,Reward for quest Conjuration Ritual Spell.,Buy during the relevant College/service block if vendor-sourced; otherwise pair with parent quest/location.,Reward for quest Conjuration Ritual Spell,Random loot is not baseline; do not require a source not selected in this table.,TB-033 spell-source and final learned-spell validation,SN-000052-spell-tomes-and-learned-spells.md,College specialist vendors are preferred where source-listed; fixed/scripted sources are used where a vendor source is not the clean default.
PROGSEL-000164,spell_tome_source,BOOKLOC-000743,OBJ-000983,Spell Tome: Dead Thrall,Conjuration,G08,selected_vendor_source,College of Winterhold,College of Winterhold,Purchase from Phinis Gestor at the College of Winterhold. Source note: Can be purchased from: Phinis Gestor (only after Conjuration Ritual Spell has been completed).,Buy during the relevant College/service block if vendor-sourced; otherwise pair with parent quest/location.,Can be purchased from: Phinis Gestor (only after Conjuration Ritual Spell has been completed) | Master tome purchase requires the relevant ritual spell quest; validate ritual completion timing later.,Random loot is not baseline; do not require a source not selected in this table.,TB-033 spell-source and final learned-spell validation,SN-000052-spell-tomes-and-learned-spells.md,College specialist vendors are preferred where source-listed; fixed/scripted sources are used where a vendor source is not the clean default.
PROGSEL-000165,spell_tome_source,BOOKLOC-000744,OBJ-000984,Spell Tome: Frost Thrall,Conjuration,G08,selected_vendor_source,College of Winterhold,College of Winterhold,Purchase from Phinis Gestor at the College of Winterhold. Source note: Can be purchased from: Phinis Gestor (only after Conjuration Ritual Spell has been completed).,Buy during the relevant College/service block if vendor-sourced; otherwise pair with parent quest/location.,Can be purchased from: Phinis Gestor (only after Conjuration Ritual Spell has been completed) | Master tome purchase requires the relevant ritual spell quest; validate ritual completion timing later.,Random loot is not baseline; do not require a source not selected in this table.,TB-033 spell-source and final learned-spell validation,SN-000052-spell-tomes-and-learned-spells.md,College specialist vendors are preferred where source-listed; fixed/scripted sources are used where a vendor source is not the clean default.
PROGSEL-000166,spell_tome_source,BOOKLOC-000745,OBJ-000985,Spell Tome: Storm Thrall,Conjuration,G08,selected_vendor_source,College of Winterhold,College of Winterhold,Purchase from Phinis Gestor at the College of Winterhold. Source note: Can be purchased from: Phinis Gestor (only after Conjuration Ritual Spell has been completed).,Buy during the relevant College/service block if vendor-sourced; otherwise pair with parent quest/location.,Can be purchased from: Phinis Gestor (only after Conjuration Ritual Spell has been completed) | Master tome purchase requires the relevant ritual spell quest; validate ritual completion timing later.,Random loot is not baseline; do not require a source not selected in this table.,TB-033 spell-source and final learned-spell validation,SN-000052-spell-tomes-and-learned-spells.md,College specialist vendors are preferred where source-listed; fixed/scripted sources are used where a vendor source is not the clean default.
PROGSEL-000167,spell_tome_source,BOOKLOC-000750,OBJ-000986,Spell Tome: Choking Grasp,Destruction,G08,selected_vendor_source,College of Winterhold,College of Winterhold,"Purchase from Faralda at the College of Winterhold. Source note: Can be purchased from: Calcelmo, Enthir, Falion, Faralda, Farengar Secret-Fire, Madena, Sybille Stentor, Wuunferth the Unliving, Wylandriah, Talvas Fathryon.",Buy during the relevant College/service block if vendor-sourced; otherwise pair with parent quest/location.,Vendor availability/restock timing needs route validation.,Random loot is not baseline; do not require a source not selected in this table.,TB-033 spell-source and final learned-spell validation,SN-000052-spell-tomes-and-learned-spells.md,College specialist vendors are preferred where source-listed; fixed/scripted sources are used where a vendor source is not the clean default.
PROGSEL-000168,spell_tome_source,BOOKLOC-000761,OBJ-000987,Spell Tome: Elemental Flare,Destruction,G08,selected_vendor_source,College of Winterhold,College of Winterhold,"Purchase from Faralda at the College of Winterhold. Source note: Can be purchased from: Calcelmo, Enthir, Falion, Faralda, Farengar Secret-Fire, Madena, Sybille Stentor, Wuunferth the Unliving, Wylandriah, Talvas Fathryon.",Buy during the relevant College/service block if vendor-sourced; otherwise pair with parent quest/location.,Vendor availability/restock timing needs route validation.,Random loot is not baseline; do not require a source not selected in this table.,TB-033 spell-source and final learned-spell validation,SN-000052-spell-tomes-and-learned-spells.md,College specialist vendors are preferred where source-listed; fixed/scripted sources are used where a vendor source is not the clean default.
PROGSEL-000169,spell_tome_source,BOOKLOC-000772,OBJ-000988,Spell Tome: Flames,Destruction,G08,selected_vendor_source,College of Winterhold,College of Winterhold,"Purchase from Faralda at the College of Winterhold. Source note: Can be purchased from: Calcelmo, Enthir, Falion, Faralda, Farengar Secret-Fire, Madena, Nelacar, Sybille Stentor, Wuunferth the Unliving, Wylandriah, Talvas Fathryon.",Buy during the relevant College/service block if vendor-sourced; otherwise pair with parent quest/location.,Vendor availability/restock timing needs route validation.,Random loot is not baseline; do not require a source not selected in this table.,TB-033 spell-source and final learned-spell validation,SN-000052-spell-tomes-and-learned-spells.md,College specialist vendors are preferred where source-listed; fixed/scripted sources are used where a vendor source is not the clean default.
PROGSEL-000170,spell_tome_source,BOOKLOC-000788,OBJ-000989,Spell Tome: Frostbite,Destruction,G08,selected_vendor_source,College of Winterhold,College of Winterhold,"Purchase from Faralda at the College of Winterhold. Source note: Can be purchased from: Calcelmo, Enthir, Falion, Faralda, Farengar Secret-Fire, Madena, Nelacar, Riverwood Trader, Sybille Stentor, Wuunferth the Unliving, Wylandriah, Talvas Fathryon.",Buy during the relevant College/service block if vendor-sourced; otherwise pair with parent quest/location.,Vendor availability/restock timing needs route validation.,Random loot is not baseline; do not require a source not selected in this table.,TB-033 spell-source and final learned-spell validation,SN-000052-spell-tomes-and-learned-spells.md,College specialist vendors are preferred where source-listed; fixed/scripted sources are used where a vendor source is not the clean default.
PROGSEL-000171,spell_tome_source,BOOKLOC-000805,OBJ-000990,Spell Tome: Sparks,Destruction,G08,selected_vendor_source,College of Winterhold,College of Winterhold,"Purchase from Faralda at the College of Winterhold. Source note: Can be purchased from: Calcelmo, Enthir, Falion, Faralda, Farengar Secret-Fire, Madena, Nelacar, Sybille Stentor, Wuunferth the Unliving, Wylandriah, Talvas Fathryon.",Buy during the relevant College/service block if vendor-sourced; otherwise pair with parent quest/location.,Vendor availability/restock timing needs route validation.,Random loot is not baseline; do not require a source not selected in this table.,TB-033 spell-source and final learned-spell validation,SN-000052-spell-tomes-and-learned-spells.md,College specialist vendors are preferred where source-listed; fixed/scripted sources are used where a vendor source is not the clean default.
PROGSEL-000172,spell_tome_source,BOOKLOC-000820,OBJ-000991,Spell Tome: Elemental Bolt,Destruction,G08,selected_vendor_source,College of Winterhold,College of Winterhold,"Purchase from Faralda at the College of Winterhold. Source note: Can be purchased from: Calcelmo, Enthir, Falion, Faralda, Farengar Secret-Fire, Madena, Sybille Stentor, Wuunferth the Unliving, Wylandriah, Talvas Fathryon.",Buy during the relevant College/service block if vendor-sourced; otherwise pair with parent quest/location.,Vendor availability/restock timing needs route validation.,Random loot is not baseline; do not require a source not selected in this table.,TB-033 spell-source and final learned-spell validation,SN-000052-spell-tomes-and-learned-spells.md,College specialist vendors are preferred where source-listed; fixed/scripted sources are used where a vendor source is not the clean default.
PROGSEL-000173,spell_tome_source,BOOKLOC-000830,OBJ-000992,Spell Tome: Fire Rune,Destruction,G08,selected_vendor_source,College of Winterhold,College of Winterhold,"Purchase from Faralda at the College of Winterhold. Source note: Can be purchased from: Calcelmo, Enthir, Falion, Faralda, Farengar Secret-Fire, Madena, Sybille Stentor, Wuunferth the Unliving, Wylandriah, Talvas Fathryon.",Buy during the relevant College/service block if vendor-sourced; otherwise pair with parent quest/location.,Vendor availability/restock timing needs route validation.,Random loot is not baseline; do not require a source not selected in this table.,TB-033 spell-source and final learned-spell validation,SN-000052-spell-tomes-and-learned-spells.md,College specialist vendors are preferred where source-listed; fixed/scripted sources are used where a vendor source is not the clean default.
PROGSEL-000174,spell_tome_source,BOOKLOC-000841,OBJ-000993,Spell Tome: Firebolt,Destruction,G08,selected_vendor_source,College of Winterhold,College of Winterhold,"Purchase from Faralda at the College of Winterhold. Source note: Can be purchased from: Calcelmo, Enthir, Falion, Faralda, Farengar Secret-Fire, Madena, Sybille Stentor, Wuunferth the Unliving, Wylandriah, Talvas Fathryon.",Buy during the relevant College/service block if vendor-sourced; otherwise pair with parent quest/location.,Vendor availability/restock timing needs route validation.,Random loot is not baseline; do not require a source not selected in this table.,TB-033 spell-source and final learned-spell validation,SN-000052-spell-tomes-and-learned-spells.md,College specialist vendors are preferred where source-listed; fixed/scripted sources are used where a vendor source is not the clean default.
PROGSEL-000175,spell_tome_source,BOOKLOC-000852,OBJ-000994,Spell Tome: Frost Rune,Destruction,G08,selected_vendor_source,College of Winterhold,College of Winterhold,"Purchase from Faralda at the College of Winterhold. Source note: Can be purchased from: Calcelmo, Enthir, Falion, Faralda, Farengar Secret-Fire, Madena, Sybille Stentor, Wuunferth the Unliving, Wylandriah, Talvas Fathryon.",Buy during the relevant College/service block if vendor-sourced; otherwise pair with parent quest/location.,Vendor availability/restock timing needs route validation.,Random loot is not baseline; do not require a source not selected in this table.,TB-033 spell-source and final learned-spell validation,SN-000052-spell-tomes-and-learned-spells.md,College specialist vendors are preferred where source-listed; fixed/scripted sources are used where a vendor source is not the clean default.
PROGSEL-000176,spell_tome_source,BOOKLOC-000863,OBJ-000995,Spell Tome: Ice Spike,Destruction,G08,selected_vendor_source,College of Winterhold,College of Winterhold,"Purchase from Faralda at the College of Winterhold. Source note: Can be purchased from: Calcelmo, Enthir, Falion, Faralda, Farengar Secret-Fire, Madena, Sybille Stentor, Wuunferth the Unliving, Wylandriah, Talvas Fathryon.",Buy during the relevant College/service block if vendor-sourced; otherwise pair with parent quest/location.,Vendor availability/restock timing needs route validation.,Random loot is not baseline; do not require a source not selected in this table.,TB-033 spell-source and final learned-spell validation,SN-000052-spell-tomes-and-learned-spells.md,College specialist vendors are preferred where source-listed; fixed/scripted sources are used where a vendor source is not the clean default.
PROGSEL-000177,spell_tome_source,BOOKLOC-000875,OBJ-000996,Spell Tome: Lightning Bolt,Destruction,G08,selected_vendor_source,College of Winterhold,College of Winterhold,"Purchase from Faralda at the College of Winterhold. Source note: Can be purchased from: Calcelmo, Enthir, Falion, Faralda, Farengar Secret-Fire, Madena, Sybille Stentor, Wuunferth the Unliving, Wylandriah, Talvas Fathryon.",Buy during the relevant College/service block if vendor-sourced; otherwise pair with parent quest/location.,Vendor availability/restock timing needs route validation.,Random loot is not baseline; do not require a source not selected in this table.,TB-033 spell-source and final learned-spell validation,SN-000052-spell-tomes-and-learned-spells.md,College specialist vendors are preferred where source-listed; fixed/scripted sources are used where a vendor source is not the clean default.
PROGSEL-000178,spell_tome_source,BOOKLOC-000886,OBJ-000997,Spell Tome: Lightning Rune,Destruction,G08,selected_vendor_source,College of Winterhold,College of Winterhold,"Purchase from Faralda at the College of Winterhold. Source note: Can be purchased from: Calcelmo, Enthir, Falion, Faralda, Farengar Secret-Fire, Madena, Sybille Stentor, Wuunferth the Unliving, Wylandriah, Talvas Fathryon.",Buy during the relevant College/service block if vendor-sourced; otherwise pair with parent quest/location.,Vendor availability/restock timing needs route validation.,Random loot is not baseline; do not require a source not selected in this table.,TB-033 spell-source and final learned-spell validation,SN-000052-spell-tomes-and-learned-spells.md,College specialist vendors are preferred where source-listed; fixed/scripted sources are used where a vendor source is not the clean default.
PROGSEL-000179,spell_tome_source,BOOKLOC-000898,OBJ-000998,Spell Tome: Strangulation,Destruction,G08,selected_vendor_source,College of Winterhold,College of Winterhold,"Purchase from Faralda at the College of Winterhold. Source note: Can be purchased from: Calcelmo, Enthir, Falion, Faralda, Farengar Secret-Fire, Madena, Sybille Stentor, Wuunferth the Unliving, Wylandriah, Talvas Fathryon.",Buy during the relevant College/service block if vendor-sourced; otherwise pair with parent quest/location.,Vendor availability/restock timing needs route validation.,Random loot is not baseline; do not require a source not selected in this table.,TB-033 spell-source and final learned-spell validation,SN-000052-spell-tomes-and-learned-spells.md,College specialist vendors are preferred where source-listed; fixed/scripted sources are used where a vendor source is not the clean default.
PROGSEL-000180,spell_tome_source,BOOKLOC-000906,OBJ-000999,Spell Tome: Chain Lightning,Destruction,G08,selected_vendor_source,College of Winterhold,College of Winterhold,"Purchase from Faralda at the College of Winterhold. Source note: Can be purchased from: Enthir, Faralda, Farengar Secret-Fire, Madena, Wuunferth the Unliving, Talvas Fathryon.",Buy during the relevant College/service block if vendor-sourced; otherwise pair with parent quest/location.,Adept vendor stock generally requires school skill 40 and inventory reset; validate per merchant later.,Random loot is not baseline; do not require a source not selected in this table.,TB-033 spell-source and final learned-spell validation,SN-000052-spell-tomes-and-learned-spells.md,College specialist vendors are preferred where source-listed; fixed/scripted sources are used where a vendor source is not the clean default.
PROGSEL-000181,spell_tome_source,BOOKLOC-000914,OBJ-001000,Spell Tome: Elemental Burst,Destruction,G08,selected_vendor_source,College of Winterhold,College of Winterhold,"Purchase from Faralda at the College of Winterhold. Source note: Can be purchased from: Enthir, Faralda, Farengar Secret-Fire, Madena, Wuunferth the Unliving, Talvas Fathryon.",Buy during the relevant College/service block if vendor-sourced; otherwise pair with parent quest/location.,Vendor availability/restock timing needs route validation.,Random loot is not baseline; do not require a source not selected in this table.,TB-033 spell-source and final learned-spell validation,SN-000052-spell-tomes-and-learned-spells.md,College specialist vendors are preferred where source-listed; fixed/scripted sources are used where a vendor source is not the clean default.
PROGSEL-000182,spell_tome_source,BOOKLOC-000920,OBJ-001001,Spell Tome: Fireball,Destruction,G08,selected_vendor_source,College of Winterhold,College of Winterhold,"Purchase from Faralda at the College of Winterhold. Source note: Can be purchased from: Enthir, Faralda, Farengar Secret-Fire, Madena, Wuunferth the Unliving, Talvas Fathryon.",Buy during the relevant College/service block if vendor-sourced; otherwise pair with parent quest/location.,Adept vendor stock generally requires school skill 40 and inventory reset; validate per merchant later.,Random loot is not baseline; do not require a source not selected in this table.,TB-033 spell-source and final learned-spell validation,SN-000052-spell-tomes-and-learned-spells.md,College specialist vendors are preferred where source-listed; fixed/scripted sources are used where a vendor source is not the clean default.
PROGSEL-000183,spell_tome_source,BOOKLOC-000927,OBJ-001002,Spell Tome: Flame Cloak,Destruction,G08,selected_vendor_source,College of Winterhold,College of Winterhold,"Purchase from Faralda at the College of Winterhold. Source note: Can be purchased from: Enthir, Faralda, Farengar Secret-Fire, Madena, Wuunferth the Unliving, Talvas Fathryon.",Buy during the relevant College/service block if vendor-sourced; otherwise pair with parent quest/location.,Adept vendor stock generally requires school skill 40 and inventory reset; validate per merchant later.,Random loot is not baseline; do not require a source not selected in this table.,TB-033 spell-source and final learned-spell validation,SN-000052-spell-tomes-and-learned-spells.md,College specialist vendors are preferred where source-listed; fixed/scripted sources are used where a vendor source is not the clean default.
PROGSEL-000184,spell_tome_source,BOOKLOC-000935,OBJ-001003,Spell Tome: Frost Cloak,Destruction,G08,selected_vendor_source,College of Winterhold,College of Winterhold,"Purchase from Faralda at the College of Winterhold. Source note: Can be purchased from: Enthir, Faralda, Farengar Secret-Fire, Madena, Wuunferth the Unliving, Talvas Fathryon.",Buy during the relevant College/service block if vendor-sourced; otherwise pair with parent quest/location.,Adept vendor stock generally requires school skill 40 and inventory reset; validate per merchant later.,Random loot is not baseline; do not require a source not selected in this table.,TB-033 spell-source and final learned-spell validation,SN-000052-spell-tomes-and-learned-spells.md,College specialist vendors are preferred where source-listed; fixed/scripted sources are used where a vendor source is not the clean default.
PROGSEL-000185,spell_tome_source,BOOKLOC-000943,OBJ-001004,Spell Tome: Hangman's Noose,Destruction,G08,selected_vendor_source,College of Winterhold,College of Winterhold,"Purchase from Faralda at the College of Winterhold. Source note: Can be purchased from: Enthir, Faralda, Farengar Secret-Fire, Madena, Wuunferth the Unliving, Talvas Fathryon.",Buy during the relevant College/service block if vendor-sourced; otherwise pair with parent quest/location.,Vendor availability/restock timing needs route validation.,Random loot is not baseline; do not require a source not selected in this table.,TB-033 spell-source and final learned-spell validation,SN-000052-spell-tomes-and-learned-spells.md,College specialist vendors are preferred where source-listed; fixed/scripted sources are used where a vendor source is not the clean default.
PROGSEL-000186,spell_tome_source,BOOKLOC-000949,OBJ-001005,Spell Tome: Ice Storm,Destruction,G08,selected_vendor_source,College of Winterhold,College of Winterhold,"Purchase from Faralda at the College of Winterhold. Source note: Can be purchased from: Enthir, Faralda, Farengar Secret-Fire, Madena, Wuunferth the Unliving, Talvas Fathryon.",Buy during the relevant College/service block if vendor-sourced; otherwise pair with parent quest/location.,Adept vendor stock generally requires school skill 40 and inventory reset; validate per merchant later.,Random loot is not baseline; do not require a source not selected in this table.,TB-033 spell-source and final learned-spell validation,SN-000052-spell-tomes-and-learned-spells.md,College specialist vendors are preferred where source-listed; fixed/scripted sources are used where a vendor source is not the clean default.
PROGSEL-000187,spell_tome_source,BOOKLOC-000956,OBJ-001006,Spell Tome: Lightning Cloak,Destruction,G08,selected_vendor_source,College of Winterhold,College of Winterhold,"Purchase from Faralda at the College of Winterhold. Source note: Can be purchased from: Enthir, Faralda, Farengar Secret-Fire, Madena, Wuunferth the Unliving, Talvas Fathryon.",Buy during the relevant College/service block if vendor-sourced; otherwise pair with parent quest/location.,Adept vendor stock generally requires school skill 40 and inventory reset; validate per merchant later.,Random loot is not baseline; do not require a source not selected in this table.,TB-033 spell-source and final learned-spell validation,SN-000052-spell-tomes-and-learned-spells.md,College specialist vendors are preferred where source-listed; fixed/scripted sources are used where a vendor source is not the clean default.
PROGSEL-000188,spell_tome_source,BOOKLOC-000962,OBJ-001007,Spell Tome: Whirlwind Cloak,Destruction,G12,selected_vendor_source,Tel Mithryn,Tel Mithryn,Purchase from Talvas Fathryon at Tel Mithryn. Source note: Can be purchased from Talvas Fathryon after completing the quest Wind and Sand.,Buy during the relevant College/service block if vendor-sourced; otherwise pair with parent quest/location.,Can be purchased from Talvas Fathryon after completing the quest Wind and Sand | Vendor availability/restock timing needs route validation.,Random loot is not baseline; do not require a source not selected in this table.,TB-033 spell-source and final learned-spell validation,SN-000052-spell-tomes-and-learned-spells.md,College specialist vendors are preferred where source-listed; fixed/scripted sources are used where a vendor source is not the clean default.
PROGSEL-000189,spell_tome_source,BOOKLOC-000965,OBJ-001008,Spell Tome: Elemental Blast,Destruction,G08,selected_vendor_source,College of Winterhold,College of Winterhold,"Purchase from Faralda at the College of Winterhold. Source note: Can be purchased from: Enthir, Faralda, Talvas Fathryon.",Buy during the relevant College/service block if vendor-sourced; otherwise pair with parent quest/location.,Vendor availability/restock timing needs route validation.,Random loot is not baseline; do not require a source not selected in this table.,TB-033 spell-source and final learned-spell validation,SN-000052-spell-tomes-and-learned-spells.md,College specialist vendors are preferred where source-listed; fixed/scripted sources are used where a vendor source is not the clean default.
PROGSEL-000190,spell_tome_source,BOOKLOC-000968,OBJ-001009,Spell Tome: Icy Spear,Destruction,G08,selected_vendor_source,College of Winterhold,College of Winterhold,"Purchase from Faralda at the College of Winterhold. Source note: Can be purchased from: Enthir, Faralda, Talvas Fathryon.",Buy during the relevant College/service block if vendor-sourced; otherwise pair with parent quest/location.,Expert vendor stock generally requires school skill 65 and inventory reset; validate per merchant later.,Random loot is not baseline; do not require a source not selected in this table.,TB-033 spell-source and final learned-spell validation,SN-000052-spell-tomes-and-learned-spells.md,College specialist vendors are preferred where source-listed; fixed/scripted sources are used where a vendor source is not the clean default.
PROGSEL-000191,spell_tome_source,BOOKLOC-000972,OBJ-001010,Spell Tome: Incinerate,Destruction,G08,selected_vendor_source,College of Winterhold,College of Winterhold,"Purchase from Faralda at the College of Winterhold. Source note: Can be purchased from: Enthir, Faralda, Talvas Fathryon.",Buy during the relevant College/service block if vendor-sourced; otherwise pair with parent quest/location.,Expert vendor stock generally requires school skill 65 and inventory reset; validate per merchant later.,Random loot is not baseline; do not require a source not selected in this table.,TB-033 spell-source and final learned-spell validation,SN-000052-spell-tomes-and-learned-spells.md,College specialist vendors are preferred where source-listed; fixed/scripted sources are used where a vendor source is not the clean default.
PROGSEL-000192,spell_tome_source,BOOKLOC-000977,OBJ-001011,Spell Tome: Mara's Wrath,Destruction,G08,selected_vendor_source,College of Winterhold,College of Winterhold,"Purchase from Faralda at the College of Winterhold. Source note: Can be purchased from: Enthir, Faralda, Talvas Fathryon.",Buy during the relevant College/service block if vendor-sourced; otherwise pair with parent quest/location.,Vendor availability/restock timing needs route validation.,Random loot is not baseline; do not require a source not selected in this table.,TB-033 spell-source and final learned-spell validation,SN-000052-spell-tomes-and-learned-spells.md,College specialist vendors are preferred where source-listed; fixed/scripted sources are used where a vendor source is not the clean default.
PROGSEL-000193,spell_tome_source,BOOKLOC-000980,OBJ-001012,Spell Tome: Thunderbolt,Destruction,G08,selected_vendor_source,College of Winterhold,College of Winterhold,"Purchase from Faralda at the College of Winterhold. Source note: Can be purchased from: Enthir, Faralda, Talvas Fathryon.",Buy during the relevant College/service block if vendor-sourced; otherwise pair with parent quest/location.,Expert vendor stock generally requires school skill 65 and inventory reset; validate per merchant later.,Random loot is not baseline; do not require a source not selected in this table.,TB-033 spell-source and final learned-spell validation,SN-000052-spell-tomes-and-learned-spells.md,College specialist vendors are preferred where source-listed; fixed/scripted sources are used where a vendor source is not the clean default.
PROGSEL-000194,spell_tome_source,BOOKLOC-000985,OBJ-001013,Spell Tome: Touch of Death,Destruction,G08,selected_vendor_source,College of Winterhold,College of Winterhold,"Purchase from Faralda at the College of Winterhold. Source note: Can be purchased from: Enthir, Faralda, Talvas Fathryon.",Buy during the relevant College/service block if vendor-sourced; otherwise pair with parent quest/location.,Vendor availability/restock timing needs route validation.,Random loot is not baseline; do not require a source not selected in this table.,TB-033 spell-source and final learned-spell validation,SN-000052-spell-tomes-and-learned-spells.md,College specialist vendors are preferred where source-listed; fixed/scripted sources are used where a vendor source is not the clean default.
PROGSEL-000195,spell_tome_source,BOOKLOC-000988,OBJ-001014,Spell Tome: Unbounded Flames,Destruction,G08,selected_vendor_source,College of Winterhold,College of Winterhold,Purchase from Faralda at the College of Winterhold. Source note: Can be purchased from: Faralda (only after Destruction Ritual Spell has been completed).,Buy during the relevant College/service block if vendor-sourced; otherwise pair with parent quest/location.,Can be purchased from: Faralda (only after Destruction Ritual Spell has been completed) | Vendor availability/restock timing needs route validation.,Random loot is not baseline; do not require a source not selected in this table.,TB-033 spell-source and final learned-spell validation,SN-000052-spell-tomes-and-learned-spells.md,College specialist vendors are preferred where source-listed; fixed/scripted sources are used where a vendor source is not the clean default.
PROGSEL-000196,spell_tome_source,BOOKLOC-000990,OBJ-001015,Spell Tome: Unbounded Freezing,Destruction,G08,selected_vendor_source,College of Winterhold,College of Winterhold,Purchase from Faralda at the College of Winterhold. Source note: Can be purchased from: Faralda (only after Destruction Ritual Spell has been completed).,Buy during the relevant College/service block if vendor-sourced; otherwise pair with parent quest/location.,Can be purchased from: Faralda (only after Destruction Ritual Spell has been completed) | Vendor availability/restock timing needs route validation.,Random loot is not baseline; do not require a source not selected in this table.,TB-033 spell-source and final learned-spell validation,SN-000052-spell-tomes-and-learned-spells.md,College specialist vendors are preferred where source-listed; fixed/scripted sources are used where a vendor source is not the clean default.
PROGSEL-000197,spell_tome_source,BOOKLOC-000992,OBJ-001016,Spell Tome: Unbounded Storms,Destruction,G08,selected_vendor_source,College of Winterhold,College of Winterhold,Purchase from Faralda at the College of Winterhold. Source note: Can be purchased from: Faralda (only after Destruction Ritual Spell has been completed).,Buy during the relevant College/service block if vendor-sourced; otherwise pair with parent quest/location.,Can be purchased from: Faralda (only after Destruction Ritual Spell has been completed) | Vendor availability/restock timing needs route validation.,Random loot is not baseline; do not require a source not selected in this table.,TB-033 spell-source and final learned-spell validation,SN-000052-spell-tomes-and-learned-spells.md,College specialist vendors are preferred where source-listed; fixed/scripted sources are used where a vendor source is not the clean default.
PROGSEL-000198,spell_tome_source,BOOKLOC-000994,OBJ-001017,Spell Tome: Wall of Flames,Destruction,G08,selected_vendor_source,College of Winterhold,College of Winterhold,"Purchase from Faralda at the College of Winterhold. Source note: Can be purchased from: Enthir, Faralda, Talvas Fathryon.",Buy during the relevant College/service block if vendor-sourced; otherwise pair with parent quest/location.,Expert vendor stock generally requires school skill 65 and inventory reset; validate per merchant later.,Random loot is not baseline; do not require a source not selected in this table.,TB-033 spell-source and final learned-spell validation,SN-000052-spell-tomes-and-learned-spells.md,College specialist vendors are preferred where source-listed; fixed/scripted sources are used where a vendor source is not the clean default.
PROGSEL-000199,spell_tome_source,BOOKLOC-000998,OBJ-001018,Spell Tome: Wall of Frost,Destruction,G08,selected_vendor_source,College of Winterhold,College of Winterhold,"Purchase from Faralda at the College of Winterhold. Source note: Can be purchased from: Enthir, Faralda, Talvas Fathryon.",Buy during the relevant College/service block if vendor-sourced; otherwise pair with parent quest/location.,Expert vendor stock generally requires school skill 65 and inventory reset; validate per merchant later.,Random loot is not baseline; do not require a source not selected in this table.,TB-033 spell-source and final learned-spell validation,SN-000052-spell-tomes-and-learned-spells.md,College specialist vendors are preferred where source-listed; fixed/scripted sources are used where a vendor source is not the clean default.
PROGSEL-000200,spell_tome_source,BOOKLOC-001002,OBJ-001019,Spell Tome: Wall of Storms,Destruction,G08,selected_vendor_source,College of Winterhold,College of Winterhold,"Purchase from Faralda at the College of Winterhold. Source note: Can be purchased from: Enthir, Faralda, Talvas Fathryon.",Buy during the relevant College/service block if vendor-sourced; otherwise pair with parent quest/location.,Expert vendor stock generally requires school skill 65 and inventory reset; validate per merchant later.,Random loot is not baseline; do not require a source not selected in this table.,TB-033 spell-source and final learned-spell validation,SN-000052-spell-tomes-and-learned-spells.md,College specialist vendors are preferred where source-listed; fixed/scripted sources are used where a vendor source is not the clean default.
PROGSEL-000201,spell_tome_source,BOOKLOC-001005,OBJ-001020,Spell Tome: Blizzard,Destruction,G08,selected_vendor_source,College of Winterhold,College of Winterhold,Purchase from Faralda at the College of Winterhold. Source note: Can be purchased from: Faralda (only after Destruction Ritual Spell has been completed).,Buy during the relevant College/service block if vendor-sourced; otherwise pair with parent quest/location.,Can be purchased from: Faralda (only after Destruction Ritual Spell has been completed) | Master tome purchase requires the relevant ritual spell quest; validate ritual completion timing later.,Random loot is not baseline; do not require a source not selected in this table.,TB-033 spell-source and final learned-spell validation,SN-000052-spell-tomes-and-learned-spells.md,College specialist vendors are preferred where source-listed; fixed/scripted sources are used where a vendor source is not the clean default.
PROGSEL-000202,spell_tome_source,BOOKLOC-001006,OBJ-001021,Spell Tome: Fire Storm,Destruction,G14,selected_fixed_or_scripted_source,Destruction Ritual Spell,Destruction Ritual Spell,Reward for quest Destruction Ritual Spell.,Buy during the relevant College/service block if vendor-sourced; otherwise pair with parent quest/location.,Reward for quest Destruction Ritual Spell,Random loot is not baseline; do not require a source not selected in this table.,TB-033 spell-source and final learned-spell validation,SN-000052-spell-tomes-and-learned-spells.md,College specialist vendors are preferred where source-listed; fixed/scripted sources are used where a vendor source is not the clean default.
PROGSEL-000203,spell_tome_source,BOOKLOC-001007,OBJ-001022,Spell Tome: Lightning Storm,Destruction,G08,selected_vendor_source,College of Winterhold,College of Winterhold,Purchase from Faralda at the College of Winterhold. Source note: Can be purchased from: Faralda (only after Destruction Ritual Spell has been completed).,Buy during the relevant College/service block if vendor-sourced; otherwise pair with parent quest/location.,Can be purchased from: Faralda (only after Destruction Ritual Spell has been completed) | Master tome purchase requires the relevant ritual spell quest; validate ritual completion timing later.,Random loot is not baseline; do not require a source not selected in this table.,TB-033 spell-source and final learned-spell validation,SN-000052-spell-tomes-and-learned-spells.md,College specialist vendors are preferred where source-listed; fixed/scripted sources are used where a vendor source is not the clean default.
PROGSEL-000204,spell_tome_source,BOOKLOC-001009,OBJ-001023,Spell Tome: Clairvoyance,Illusion,G08,selected_vendor_source,College of Winterhold,College of Winterhold,"Purchase from Drevis Neloren at the College of Winterhold. Source note: Can be purchased from: Calcelmo, Drevis Neloren, Falion, Farengar Secret-Fire, Madena, Nelacar, Riverwood Trader, Sybille Stentor, Wuunferth the Unliving, Wylandriah.",Buy during the relevant College/service block if vendor-sourced; otherwise pair with parent quest/location.,Vendor availability/restock timing needs route validation.,Random loot is not baseline; do not require a source not selected in this table.,TB-033 spell-source and final learned-spell validation,SN-000052-spell-tomes-and-learned-spells.md,College specialist vendors are preferred where source-listed; fixed/scripted sources are used where a vendor source is not the clean default.
PROGSEL-000205,spell_tome_source,BOOKLOC-001021,OBJ-001024,Spell Tome: Courage,Illusion,G08,selected_vendor_source,College of Winterhold,College of Winterhold,"Purchase from Drevis Neloren at the College of Winterhold. Source note: Can be purchased from: Calcelmo, Drevis Neloren, Falion, Farengar Secret-Fire, Madena, Nelacar, Sybille Stentor, Wuunferth the Unliving, Wylandriah.",Buy during the relevant College/service block if vendor-sourced; otherwise pair with parent quest/location.,Vendor availability/restock timing needs route validation.,Random loot is not baseline; do not require a source not selected in this table.,TB-033 spell-source and final learned-spell validation,SN-000052-spell-tomes-and-learned-spells.md,College specialist vendors are preferred where source-listed; fixed/scripted sources are used where a vendor source is not the clean default.
PROGSEL-000206,spell_tome_source,BOOKLOC-001033,OBJ-001025,Spell Tome: Fury,Illusion,G08,selected_vendor_source,College of Winterhold,College of Winterhold,"Purchase from Drevis Neloren at the College of Winterhold. Source note: Can be purchased from: Calcelmo, Drevis Neloren, Falion, Farengar Secret-Fire, Madena, Nelacar, Riverwood Trader, Sybille Stentor, Wuunferth the Unliving, Wylandriah.",Buy during the relevant College/service block if vendor-sourced; otherwise pair with parent quest/location.,Vendor availability/restock timing needs route validation.,Random loot is not baseline; do not require a source not selected in this table.,TB-033 spell-source and final learned-spell validation,SN-000052-spell-tomes-and-learned-spells.md,College specialist vendors are preferred where source-listed; fixed/scripted sources are used where a vendor source is not the clean default.
PROGSEL-000207,spell_tome_source,BOOKLOC-001044,OBJ-001026,Spell Tome: Calm,Illusion,G08,selected_vendor_source,College of Winterhold,College of Winterhold,"Purchase from Drevis Neloren at the College of Winterhold. Source note: Can be purchased from: Calcelmo, Drevis Neloren, Falion, Farengar Secret-Fire, Madena, Sybille Stentor, Wuunferth the Unliving, Wylandriah.",Buy during the relevant College/service block if vendor-sourced; otherwise pair with parent quest/location.,Vendor availability/restock timing needs route validation.,Random loot is not baseline; do not require a source not selected in this table.,TB-033 spell-source and final learned-spell validation,SN-000052-spell-tomes-and-learned-spells.md,College specialist vendors are preferred where source-listed; fixed/scripted sources are used where a vendor source is not the clean default.
PROGSEL-000208,spell_tome_source,BOOKLOC-001053,OBJ-001027,Spell Tome: Fear,Illusion,G08,selected_vendor_source,College of Winterhold,College of Winterhold,"Purchase from Drevis Neloren at the College of Winterhold. Source note: Can be purchased from: Calcelmo, Drevis Neloren, Falion, Farengar Secret-Fire, Madena, Sybille Stentor, Wuunferth the Unliving, Wylandriah.",Buy during the relevant College/service block if vendor-sourced; otherwise pair with parent quest/location.,Vendor availability/restock timing needs route validation.,Random loot is not baseline; do not require a source not selected in this table.,TB-033 spell-source and final learned-spell validation,SN-000052-spell-tomes-and-learned-spells.md,College specialist vendors are preferred where source-listed; fixed/scripted sources are used where a vendor source is not the clean default.
PROGSEL-000209,spell_tome_source,BOOKLOC-001062,OBJ-001028,Spell Tome: Muffle,Illusion,G08,selected_vendor_source,College of Winterhold,College of Winterhold,"Purchase from Drevis Neloren at the College of Winterhold. Source note: Can be purchased from: Calcelmo, Drevis Neloren, Falion, Farengar Secret-Fire, Madena, Sybille Stentor, Wuunferth the Unliving, Wylandriah.",Buy during the relevant College/service block if vendor-sourced; otherwise pair with parent quest/location.,Vendor availability/restock timing needs route validation.,Random loot is not baseline; do not require a source not selected in this table.,TB-033 spell-source and final learned-spell validation,SN-000052-spell-tomes-and-learned-spells.md,College specialist vendors are preferred where source-listed; fixed/scripted sources are used where a vendor source is not the clean default.
PROGSEL-000210,spell_tome_source,BOOKLOC-001070,OBJ-001029,Spell Tome: Frenzy,Illusion,G08,selected_vendor_source,College of Winterhold,College of Winterhold,"Purchase from Drevis Neloren at the College of Winterhold. Source note: Can be purchased from: Drevis Neloren, Sybille Stentor.",Buy during the relevant College/service block if vendor-sourced; otherwise pair with parent quest/location.,Adept vendor stock generally requires school skill 40 and inventory reset; validate per merchant later.,Random loot is not baseline; do not require a source not selected in this table.,TB-033 spell-source and final learned-spell validation,SN-000052-spell-tomes-and-learned-spells.md,College specialist vendors are preferred where source-listed; fixed/scripted sources are used where a vendor source is not the clean default.
PROGSEL-000211,spell_tome_source,BOOKLOC-001073,OBJ-001030,Spell Tome: Frenzy Rune,Illusion,G12,selected_vendor_source,Tel Mithryn,Tel Mithryn,Purchase from Talvas Fathryon at Tel Mithryn. Source note: Can be purchased from Talvas Fathryon after completing the quest From the Ashes.,Buy during the relevant College/service block if vendor-sourced; otherwise pair with parent quest/location.,Can be purchased from Talvas Fathryon after completing the quest From the Ashes | Vendor availability/restock timing needs route validation.,Random loot is not baseline; do not require a source not selected in this table.,TB-033 spell-source and final learned-spell validation,SN-000052-spell-tomes-and-learned-spells.md,College specialist vendors are preferred where source-listed; fixed/scripted sources are used where a vendor source is not the clean default.
PROGSEL-000212,spell_tome_source,BOOKLOC-001075,OBJ-001031,Spell Tome: Orum's Aquatic Escape,Illusion,G08,selected_vendor_source,College of Winterhold,College of Winterhold,"Purchase from Drevis Neloren at the College of Winterhold. Source note: Can be purchased from: Drevis Neloren, Sybille Stentor.",Buy during the relevant College/service block if vendor-sourced; otherwise pair with parent quest/location.,Vendor availability/restock timing needs route validation.,Random loot is not baseline; do not require a source not selected in this table.,TB-033 spell-source and final learned-spell validation,SN-000052-spell-tomes-and-learned-spells.md,College specialist vendors are preferred where source-listed; fixed/scripted sources are used where a vendor source is not the clean default.
PROGSEL-000213,spell_tome_source,BOOKLOC-001077,OBJ-001032,Spell Tome: Rally,Illusion,G08,selected_vendor_source,College of Winterhold,College of Winterhold,"Purchase from Drevis Neloren at the College of Winterhold. Source note: Can be purchased from: Drevis Neloren, Sybille Stentor.",Buy during the relevant College/service block if vendor-sourced; otherwise pair with parent quest/location.,Adept vendor stock generally requires school skill 40 and inventory reset; validate per merchant later.,Random loot is not baseline; do not require a source not selected in this table.,TB-033 spell-source and final learned-spell validation,SN-000052-spell-tomes-and-learned-spells.md,College specialist vendors are preferred where source-listed; fixed/scripted sources are used where a vendor source is not the clean default.
PROGSEL-000214,spell_tome_source,BOOKLOC-001081,OBJ-001033,Spell Tome: Fenrik's Welcome,Illusion,G08,selected_vendor_source,College of Winterhold,College of Winterhold,Purchase from Drevis Neloren at the College of Winterhold. Source note: Can be purchased from: Drevis Neloren.,Buy during the relevant College/service block if vendor-sourced; otherwise pair with parent quest/location.,Vendor availability/restock timing needs route validation.,Random loot is not baseline; do not require a source not selected in this table.,TB-033 spell-source and final learned-spell validation,SN-000052-spell-tomes-and-learned-spells.md,College specialist vendors are preferred where source-listed; fixed/scripted sources are used where a vendor source is not the clean default.
PROGSEL-000215,spell_tome_source,BOOKLOC-001082,OBJ-001034,Spell Tome: Invisibility,Illusion,G08,selected_vendor_source,College of Winterhold,College of Winterhold,Purchase from Drevis Neloren at the College of Winterhold. Source note: Can be purchased from: Drevis Neloren.,Buy during the relevant College/service block if vendor-sourced; otherwise pair with parent quest/location.,Expert vendor stock generally requires school skill 65 and inventory reset; validate per merchant later.,Random loot is not baseline; do not require a source not selected in this table.,TB-033 spell-source and final learned-spell validation,SN-000052-spell-tomes-and-learned-spells.md,College specialist vendors are preferred where source-listed; fixed/scripted sources are used where a vendor source is not the clean default.
PROGSEL-000216,spell_tome_source,BOOKLOC-001084,OBJ-001035,Spell Tome: Pacify,Illusion,G08,selected_vendor_source,College of Winterhold,College of Winterhold,Purchase from Drevis Neloren at the College of Winterhold. Source note: Can be purchased from: Drevis Neloren.,Buy during the relevant College/service block if vendor-sourced; otherwise pair with parent quest/location.,Expert vendor stock generally requires school skill 65 and inventory reset; validate per merchant later.,Random loot is not baseline; do not require a source not selected in this table.,TB-033 spell-source and final learned-spell validation,SN-000052-spell-tomes-and-learned-spells.md,College specialist vendors are preferred where source-listed; fixed/scripted sources are used where a vendor source is not the clean default.
PROGSEL-000217,spell_tome_source,BOOKLOC-001086,OBJ-001036,Spell Tome: Rout,Illusion,G08,selected_vendor_source,College of Winterhold,College of Winterhold,Purchase from Drevis Neloren at the College of Winterhold. Source note: Can be purchased from: Drevis Neloren.,Buy during the relevant College/service block if vendor-sourced; otherwise pair with parent quest/location.,Expert vendor stock generally requires school skill 65 and inventory reset; validate per merchant later.,Random loot is not baseline; do not require a source not selected in this table.,TB-033 spell-source and final learned-spell validation,SN-000052-spell-tomes-and-learned-spells.md,College specialist vendors are preferred where source-listed; fixed/scripted sources are used where a vendor source is not the clean default.
PROGSEL-000218,spell_tome_source,BOOKLOC-001088,OBJ-001037,Spell Tome: Call to Arms,Illusion,G08,selected_vendor_source,College of Winterhold,College of Winterhold,Purchase from Drevis Neloren at the College of Winterhold. Source note: Can be purchased from: Drevis Neloren (only after Illusion Ritual Spell has been completed).,Buy during the relevant College/service block if vendor-sourced; otherwise pair with parent quest/location.,Can be purchased from: Drevis Neloren (only after Illusion Ritual Spell has been completed) | Master tome purchase requires the relevant ritual spell quest; validate ritual completion timing later.,Random loot is not baseline; do not require a source not selected in this table.,TB-033 spell-source and final learned-spell validation,SN-000052-spell-tomes-and-learned-spells.md,College specialist vendors are preferred where source-listed; fixed/scripted sources are used where a vendor source is not the clean default.
PROGSEL-000219,spell_tome_source,BOOKLOC-001089,OBJ-001038,Spell Tome: Harmony,Illusion,G08,selected_vendor_source,College of Winterhold,College of Winterhold,Purchase from Drevis Neloren at the College of Winterhold. Source note: Can be purchased from: Drevis Neloren (only after Illusion Ritual Spell has been completed).,Buy during the relevant College/service block if vendor-sourced; otherwise pair with parent quest/location.,Can be purchased from: Drevis Neloren (only after Illusion Ritual Spell has been completed) | Master tome purchase requires the relevant ritual spell quest; validate ritual completion timing later.,Random loot is not baseline; do not require a source not selected in this table.,TB-033 spell-source and final learned-spell validation,SN-000052-spell-tomes-and-learned-spells.md,College specialist vendors are preferred where source-listed; fixed/scripted sources are used where a vendor source is not the clean default.
PROGSEL-000220,spell_tome_source,BOOKLOC-001090,OBJ-001039,Spell Tome: Hysteria,Illusion,G14,selected_fixed_or_scripted_source,Illusion Ritual Spell,Illusion Ritual Spell,Reward for quest Illusion Ritual Spell.,Buy during the relevant College/service block if vendor-sourced; otherwise pair with parent quest/location.,Reward for quest Illusion Ritual Spell,Random loot is not baseline; do not require a source not selected in this table.,TB-033 spell-source and final learned-spell validation,SN-000052-spell-tomes-and-learned-spells.md,College specialist vendors are preferred where source-listed; fixed/scripted sources are used where a vendor source is not the clean default.
PROGSEL-000221,spell_tome_source,BOOKLOC-001091,OBJ-001040,Spell Tome: Mayhem,Illusion,G08,selected_vendor_source,College of Winterhold,College of Winterhold,Purchase from Drevis Neloren at the College of Winterhold. Source note: Can be purchased from: Drevis Neloren (only after Illusion Ritual Spell has been completed).,Buy during the relevant College/service block if vendor-sourced; otherwise pair with parent quest/location.,Can be purchased from: Drevis Neloren (only after Illusion Ritual Spell has been completed) | Master tome purchase requires the relevant ritual spell quest; validate ritual completion timing later.,Random loot is not baseline; do not require a source not selected in this table.,TB-033 spell-source and final learned-spell validation,SN-000052-spell-tomes-and-learned-spells.md,College specialist vendors are preferred where source-listed; fixed/scripted sources are used where a vendor source is not the clean default.
PROGSEL-000222,spell_tome_source,BOOKLOC-001094,OBJ-001041,Spell Tome: Healing,Restoration,G08,selected_vendor_source,College of Winterhold,College of Winterhold,"Purchase from Colette Marence at the College of Winterhold. Source note: Can be purchased from: Calcelmo, Colette Marence, Falion, Farengar Secret-Fire, Madena, Nelacar, Sybille Stentor, Wuunferth the Unliving, Wylandriah.",Buy during the relevant College/service block if vendor-sourced; otherwise pair with parent quest/location.,Vendor availability/restock timing needs route validation.,Random loot is not baseline; do not require a source not selected in this table.,TB-033 spell-source and final learned-spell validation,SN-000052-spell-tomes-and-learned-spells.md,College specialist vendors are preferred where source-listed; fixed/scripted sources are used where a vendor source is not the clean default.
PROGSEL-000223,spell_tome_source,BOOKLOC-001104,OBJ-001042,Spell Tome: Lesser Ward,Restoration,G08,selected_vendor_source,College of Winterhold,College of Winterhold,"Purchase from Colette Marence at the College of Winterhold. Source note: Can be purchased from: Calcelmo, Colette Marence, Falion, Farengar Secret-Fire, Madena, Nelacar, Riverwood Trader, Sybille Stentor, Wuunferth the Unliving, Wylandriah.",Buy during the relevant College/service block if vendor-sourced; otherwise pair with parent quest/location.,Vendor availability/restock timing needs route validation.,Random loot is not baseline; do not require a source not selected in this table.,TB-033 spell-source and final learned-spell validation,SN-000052-spell-tomes-and-learned-spells.md,College specialist vendors are preferred where source-listed; fixed/scripted sources are used where a vendor source is not the clean default.
PROGSEL-000224,spell_tome_source,BOOKLOC-001117,OBJ-001043,Spell Tome: Fast Healing,Restoration,G08,selected_vendor_source,College of Winterhold,College of Winterhold,"Purchase from Colette Marence at the College of Winterhold. Source note: Can be purchased from: Calcelmo, Colette Marence, Falion, Farengar Secret-Fire, Madena, Nelacar, Sybille Stentor, Wuunferth the Unliving, Wylandriah.",Buy during the relevant College/service block if vendor-sourced; otherwise pair with parent quest/location.,Vendor availability/restock timing needs route validation.,Random loot is not baseline; do not require a source not selected in this table.,TB-033 spell-source and final learned-spell validation,SN-000052-spell-tomes-and-learned-spells.md,College specialist vendors are preferred where source-listed; fixed/scripted sources are used where a vendor source is not the clean default.
PROGSEL-000225,spell_tome_source,BOOKLOC-001127,OBJ-001044,Spell Tome: Healing Hands,Restoration,G08,selected_vendor_source,College of Winterhold,College of Winterhold,"Purchase from Colette Marence at the College of Winterhold. Source note: Can be purchased from: Calcelmo, Colette Marence, Falion, Farengar Secret-Fire, Madena, Nelacar, Sybille Stentor, Wuunferth the Unliving, Wylandriah.",Buy during the relevant College/service block if vendor-sourced; otherwise pair with parent quest/location.,Vendor availability/restock timing needs route validation.,Random loot is not baseline; do not require a source not selected in this table.,TB-033 spell-source and final learned-spell validation,SN-000052-spell-tomes-and-learned-spells.md,College specialist vendors are preferred where source-listed; fixed/scripted sources are used where a vendor source is not the clean default.
PROGSEL-000226,spell_tome_source,BOOKLOC-001137,OBJ-001045,Spell Tome: Necromantic Healing,Restoration,G14,selected_fixed_or_scripted_source,Dimhollow Crypt,Dimhollow Crypt,Can be found in Dimhollow Crypt.,Buy during the relevant College/service block if vendor-sourced; otherwise pair with parent quest/location.,,Random loot is not baseline; do not require a source not selected in this table.,TB-033 spell-source and final learned-spell validation,SN-000052-spell-tomes-and-learned-spells.md,College specialist vendors are preferred where source-listed; fixed/scripted sources are used where a vendor source is not the clean default.
PROGSEL-000227,spell_tome_source,BOOKLOC-001139,OBJ-001046,Spell Tome: Steadfast Ward,Restoration,G08,selected_vendor_source,College of Winterhold,College of Winterhold,"Purchase from Colette Marence at the College of Winterhold. Source note: Can be purchased from: Calcelmo, Colette Marence, Falion, Farengar Secret-Fire, Madena, Nelacar, Sybille Stentor, Wuunferth the Unliving, Wylandriah.",Buy during the relevant College/service block if vendor-sourced; otherwise pair with parent quest/location.,Vendor availability/restock timing needs route validation.,Random loot is not baseline; do not require a source not selected in this table.,TB-033 spell-source and final learned-spell validation,SN-000052-spell-tomes-and-learned-spells.md,College specialist vendors are preferred where source-listed; fixed/scripted sources are used where a vendor source is not the clean default.
PROGSEL-000228,spell_tome_source,BOOKLOC-001149,OBJ-001047,Spell Tome: Sun Fire,Restoration,G04,selected_vendor_source,Fort Dawnguard,Fort Dawnguard,Purchase from Sorine Jurard at Fort Dawnguard. Source note: Can be purchased from: Sorine Jurard.,Buy during the relevant College/service block if vendor-sourced; otherwise pair with parent quest/location.,Vendor availability/restock timing needs route validation.,Random loot is not baseline; do not require a source not selected in this table.,TB-033 spell-source and final learned-spell validation,SN-000052-spell-tomes-and-learned-spells.md,College specialist vendors are preferred where source-listed; fixed/scripted sources are used where a vendor source is not the clean default.
PROGSEL-000229,spell_tome_source,BOOKLOC-001151,OBJ-001048,Spell Tome: Turn Lesser Undead,Restoration,G08,selected_vendor_source,College of Winterhold,College of Winterhold,"Purchase from Colette Marence at the College of Winterhold. Source note: Can be purchased from: Calcelmo, Colette Marence, Falion, Farengar Secret-Fire, Madena, Nelacar, Sybille Stentor, Wuunferth the Unliving, Wylandriah.",Buy during the relevant College/service block if vendor-sourced; otherwise pair with parent quest/location.,Vendor availability/restock timing needs route validation.,Random loot is not baseline; do not require a source not selected in this table.,TB-033 spell-source and final learned-spell validation,SN-000052-spell-tomes-and-learned-spells.md,College specialist vendors are preferred where source-listed; fixed/scripted sources are used where a vendor source is not the clean default.
PROGSEL-000230,spell_tome_source,BOOKLOC-001160,OBJ-001049,Spell Tome: Close Wounds,Restoration,G08,selected_vendor_source,College of Winterhold,College of Winterhold,Purchase from Colette Marence at the College of Winterhold. Source note: Can be purchased from: Colette Marence.,Buy during the relevant College/service block if vendor-sourced; otherwise pair with parent quest/location.,Adept vendor stock generally requires school skill 40 and inventory reset; validate per merchant later.,Random loot is not baseline; do not require a source not selected in this table.,TB-033 spell-source and final learned-spell validation,SN-000052-spell-tomes-and-learned-spells.md,College specialist vendors are preferred where source-listed; fixed/scripted sources are used where a vendor source is not the clean default.
PROGSEL-000231,spell_tome_source,BOOKLOC-001163,OBJ-001050,Spell Tome: Greater Ward,Restoration,G08,selected_vendor_source,College of Winterhold,College of Winterhold,Purchase from Colette Marence at the College of Winterhold. Source note: Can be purchased from: Colette Marence.,Buy during the relevant College/service block if vendor-sourced; otherwise pair with parent quest/location.,Adept vendor stock generally requires school skill 40 and inventory reset; validate per merchant later.,Random loot is not baseline; do not require a source not selected in this table.,TB-033 spell-source and final learned-spell validation,SN-000052-spell-tomes-and-learned-spells.md,College specialist vendors are preferred where source-listed; fixed/scripted sources are used where a vendor source is not the clean default.
PROGSEL-000232,spell_tome_source,BOOKLOC-001166,OBJ-001051,Spell Tome: Heal Other,Restoration,G08,selected_vendor_source,College of Winterhold,College of Winterhold,Purchase from Colette Marence at the College of Winterhold. Source note: Can be purchased from: Colette Marence.,Buy during the relevant College/service block if vendor-sourced; otherwise pair with parent quest/location.,Adept vendor stock generally requires school skill 40 and inventory reset; validate per merchant later.,Random loot is not baseline; do not require a source not selected in this table.,TB-033 spell-source and final learned-spell validation,SN-000052-spell-tomes-and-learned-spells.md,College specialist vendors are preferred where source-listed; fixed/scripted sources are used where a vendor source is not the clean default.
PROGSEL-000233,spell_tome_source,BOOKLOC-001170,OBJ-001052,Spell Tome: Heal Undead,Restoration,G14,selected_vendor_source,Castle Volkihar,Castle Volkihar,Purchase from Ronthil at Castle Volkihar. Source note: Can be purchased from: Ronthil.,Buy during the relevant College/service block if vendor-sourced; otherwise pair with parent quest/location.,Vendor availability/restock timing needs route validation.,Random loot is not baseline; do not require a source not selected in this table.,TB-033 spell-source and final learned-spell validation,SN-000052-spell-tomes-and-learned-spells.md,College specialist vendors are preferred where source-listed; fixed/scripted sources are used where a vendor source is not the clean default.
PROGSEL-000234,spell_tome_source,BOOKLOC-001171,OBJ-001053,Spell Tome: Poison Rune,Restoration,G12,selected_vendor_source,Tel Mithryn,Tel Mithryn,Purchase from Talvas Fathryon at Tel Mithryn. Source note: Can be purchased from: Talvas Fathryon (after From the Ashes).,Buy during the relevant College/service block if vendor-sourced; otherwise pair with parent quest/location.,Vendor availability/restock timing needs route validation.,Random loot is not baseline; do not require a source not selected in this table.,TB-033 spell-source and final learned-spell validation,SN-000052-spell-tomes-and-learned-spells.md,College specialist vendors are preferred where source-listed; fixed/scripted sources are used where a vendor source is not the clean default.
PROGSEL-000235,spell_tome_source,BOOKLOC-001172,OBJ-001054,Spell Tome: Repel Lesser Undead,Restoration,G08,selected_vendor_source,College of Winterhold,College of Winterhold,Purchase from Colette Marence at the College of Winterhold. Source note: Can be purchased from: Colette Marence.,Buy during the relevant College/service block if vendor-sourced; otherwise pair with parent quest/location.,Adept vendor stock generally requires school skill 40 and inventory reset; validate per merchant later.,Random loot is not baseline; do not require a source not selected in this table.,TB-033 spell-source and final learned-spell validation,SN-000052-spell-tomes-and-learned-spells.md,College specialist vendors are preferred where source-listed; fixed/scripted sources are used where a vendor source is not the clean default.
PROGSEL-000236,spell_tome_source,BOOKLOC-001175,OBJ-001055,Spell Tome: Stendarr's Aura,Restoration,G04,selected_vendor_source,Fort Dawnguard,Fort Dawnguard,Purchase from Florentius Baenius at Fort Dawnguard. Source note: Can be purchased from: Florentius Baenius.,Buy during the relevant College/service block if vendor-sourced; otherwise pair with parent quest/location.,Vendor availability/restock timing needs route validation.,Random loot is not baseline; do not require a source not selected in this table.,TB-033 spell-source and final learned-spell validation,SN-000052-spell-tomes-and-learned-spells.md,College specialist vendors are preferred where source-listed; fixed/scripted sources are used where a vendor source is not the clean default.
PROGSEL-000237,spell_tome_source,BOOKLOC-001176,OBJ-001056,Spell Tome: Turn Undead,Restoration,G08,selected_vendor_source,College of Winterhold,College of Winterhold,Purchase from Colette Marence at the College of Winterhold. Source note: Can be purchased from: Colette Marence.,Buy during the relevant College/service block if vendor-sourced; otherwise pair with parent quest/location.,Adept vendor stock generally requires school skill 40 and inventory reset; validate per merchant later.,Random loot is not baseline; do not require a source not selected in this table.,TB-033 spell-source and final learned-spell validation,SN-000052-spell-tomes-and-learned-spells.md,College specialist vendors are preferred where source-listed; fixed/scripted sources are used where a vendor source is not the clean default.
PROGSEL-000238,spell_tome_source,BOOKLOC-001180,OBJ-001057,Spell Tome: Vampire's Bane,Restoration,G04,selected_vendor_source,Fort Dawnguard,Fort Dawnguard,Purchase from Florentius Baenius at Fort Dawnguard. Source note: Can be purchased from: Florentius Baenius.,Buy during the relevant College/service block if vendor-sourced; otherwise pair with parent quest/location.,Vendor availability/restock timing needs route validation.,Random loot is not baseline; do not require a source not selected in this table.,TB-033 spell-source and final learned-spell validation,SN-000052-spell-tomes-and-learned-spells.md,College specialist vendors are preferred where source-listed; fixed/scripted sources are used where a vendor source is not the clean default.
PROGSEL-000239,spell_tome_source,BOOKLOC-001181,OBJ-001058,Spell Tome: Circle of Protection,Restoration,G08,selected_vendor_source,College of Winterhold,College of Winterhold,Purchase from Colette Marence at the College of Winterhold. Source note: Can be purchased from: Colette Marence.,Buy during the relevant College/service block if vendor-sourced; otherwise pair with parent quest/location.,Expert vendor stock generally requires school skill 65 and inventory reset; validate per merchant later.,Random loot is not baseline; do not require a source not selected in this table.,TB-033 spell-source and final learned-spell validation,SN-000052-spell-tomes-and-learned-spells.md,College specialist vendors are preferred where source-listed; fixed/scripted sources are used where a vendor source is not the clean default.
PROGSEL-000240,spell_tome_source,BOOKLOC-001183,OBJ-001059,Spell Tome: Grand Healing,Restoration,G08,selected_vendor_source,College of Winterhold,College of Winterhold,Purchase from Colette Marence at the College of Winterhold. Source note: Can be purchased from: Colette Marence.,Buy during the relevant College/service block if vendor-sourced; otherwise pair with parent quest/location.,Expert vendor stock generally requires school skill 65 and inventory reset; validate per merchant later.,Random loot is not baseline; do not require a source not selected in this table.,TB-033 spell-source and final learned-spell validation,SN-000052-spell-tomes-and-learned-spells.md,College specialist vendors are preferred where source-listed; fixed/scripted sources are used where a vendor source is not the clean default.
PROGSEL-000241,spell_tome_source,BOOKLOC-001185,OBJ-001060,Spell Tome: Repel Undead,Restoration,G08,selected_vendor_source,College of Winterhold,College of Winterhold,Purchase from Colette Marence at the College of Winterhold. Source note: Can be purchased from: Colette Marence.,Buy during the relevant College/service block if vendor-sourced; otherwise pair with parent quest/location.,Expert vendor stock generally requires school skill 65 and inventory reset; validate per merchant later.,Random loot is not baseline; do not require a source not selected in this table.,TB-033 spell-source and final learned-spell validation,SN-000052-spell-tomes-and-learned-spells.md,College specialist vendors are preferred where source-listed; fixed/scripted sources are used where a vendor source is not the clean default.
PROGSEL-000242,spell_tome_source,BOOKLOC-001187,OBJ-001061,Spell Tome: Turn Greater Undead,Restoration,G08,selected_vendor_source,College of Winterhold,College of Winterhold,Purchase from Colette Marence at the College of Winterhold. Source note: Can be purchased from: Colette Marence.,Buy during the relevant College/service block if vendor-sourced; otherwise pair with parent quest/location.,Expert vendor stock generally requires school skill 65 and inventory reset; validate per merchant later.,Random loot is not baseline; do not require a source not selected in this table.,TB-033 spell-source and final learned-spell validation,SN-000052-spell-tomes-and-learned-spells.md,College specialist vendors are preferred where source-listed; fixed/scripted sources are used where a vendor source is not the clean default.
PROGSEL-000243,spell_tome_source,BOOKLOC-001189,OBJ-001062,Spell Tome: Bane of the Undead,Restoration,G14,selected_fixed_or_scripted_source,Restoration Ritual Spell,Restoration Ritual Spell,Reward for quest Restoration Ritual Spell.,Buy during the relevant College/service block if vendor-sourced; otherwise pair with parent quest/location.,Reward for quest Restoration Ritual Spell,Random loot is not baseline; do not require a source not selected in this table.,TB-033 spell-source and final learned-spell validation,SN-000052-spell-tomes-and-learned-spells.md,College specialist vendors are preferred where source-listed; fixed/scripted sources are used where a vendor source is not the clean default.
PROGSEL-000244,spell_tome_source,BOOKLOC-001190,OBJ-001063,Spell Tome: Guardian Circle,Restoration,G08,selected_vendor_source,College of Winterhold,College of Winterhold,Purchase from Colette Marence at the College of Winterhold. Source note: Can be purchased from: Colette Marence (only after Restoration Ritual Spell has been completed).,Buy during the relevant College/service block if vendor-sourced; otherwise pair with parent quest/location.,Can be purchased from: Colette Marence (only after Restoration Ritual Spell has been completed) | Master tome purchase requires the relevant ritual spell quest; validate ritual completion timing later.,Random loot is not baseline; do not require a source not selected in this table.,TB-033 spell-source and final learned-spell validation,SN-000052-spell-tomes-and-learned-spells.md,College specialist vendors are preferred where source-listed; fixed/scripted sources are used where a vendor source is not the clean default.
PROGSEL-000245,enchantment_learning_source,ENCH-000001,OBJ-002467,Fortify Alchemy,Fortify Skill,G14,selected_nonunique_or_creation_source_family,"All varieties of Bracers/Gauntlets, Helmets, and Necklaces of Alchemy",Arcane enchanter and acquired disposable source item,"All varieties of Bracers/Gauntlets, Helmets, and Necklaces of Alchemy Includes the enchantments of [Minor/Major/Eminent/Extreme/Peerless] Alchemy Muiri's Ring Ring of Pure Mixtures This item cannot be disenchanted while the related quest is active, but can at other times. Due to a bug, the Dwarven Helmet of Eminent Alteration also has an alchemy enchantment",Store source items as found; disenchant after source-item preservation checks and before final enchanting validation.,Arcane enchanter access; source item not unique-preserved; unlearned effect.,Do not disenchant unique-preservation exclusions; do not assume random stock before the item is verified.,TB-033 enchantment-learning validation,SN-000083-enchantment-learning-scope.md,Exact physical item can be any source-listed nonunique member of the selected family; random/vendor availability must be verified in final route inventory.
PROGSEL-000246,enchantment_learning_source,ENCH-000002,OBJ-002468,Fortify Alteration,Fortify Skill,G14,selected_nonunique_or_creation_source_family,"All varieties of Armor, Bracers, and Helmets of Alteration",Arcane enchanter and acquired disposable source item,"All varieties of Armor, Bracers, and Helmets of Alteration Includes the enchantments of [Minor/Major/Eminent/Extreme/Peerless] Alteration",Store source items as found; disenchant after source-item preservation checks and before final enchanting validation.,Arcane enchanter access; source item not unique-preserved; unlearned effect.,Do not disenchant unique-preservation exclusions; do not assume random stock before the item is verified.,TB-033 enchantment-learning validation,SN-000083-enchantment-learning-scope.md,Exact physical item can be any source-listed nonunique member of the selected family; random/vendor availability must be verified in final route inventory.
PROGSEL-000247,enchantment_learning_source,ENCH-000003,OBJ-002469,Fortify Archery,Fortify Skill,G14,selected_nonunique_or_creation_source_family,"All varieties of Bracers/Gauntlets, Circlets, Helmets, and Rings of Archery",Arcane enchanter and acquired disposable source item,"All varieties of Bracers/Gauntlets, Circlets, Helmets, and Rings of Archery Includes the enchantments of [Minor/Major/Eminent/Extreme/Peerless] Archery",Store source items as found; disenchant after source-item preservation checks and before final enchanting validation.,Arcane enchanter access; source item not unique-preserved; unlearned effect.,Do not disenchant unique-preservation exclusions; do not assume random stock before the item is verified.,TB-033 enchantment-learning validation,SN-000083-enchantment-learning-scope.md,Exact physical item can be any source-listed nonunique member of the selected family; random/vendor availability must be verified in final route inventory.
PROGSEL-000248,enchantment_learning_source,ENCH-000004,OBJ-002470,Fortify Barter,Fortify Skill,G14,selected_nonunique_or_creation_source_family,All Necklaces of Haggling,Arcane enchanter and acquired disposable source item,All Necklaces of Haggling Includes the enchantments of [Minor/Major/Eminent/Extreme/Peerless] Barter,Store source items as found; disenchant after source-item preservation checks and before final enchanting validation.,Arcane enchanter access; source item not unique-preserved; unlearned effect.,Do not disenchant unique-preservation exclusions; do not assume random stock before the item is verified.,TB-033 enchantment-learning validation,SN-000083-enchantment-learning-scope.md,Exact physical item can be any source-listed nonunique member of the selected family; random/vendor availability must be verified in final route inventory.
PROGSEL-000249,enchantment_learning_source,ENCH-000005,OBJ-002471,Fortify Block,Fortify Skill,G14,selected_nonunique_or_creation_source_family,All varieties of Shield of Blocking,Arcane enchanter and acquired disposable source item,All varieties of Shield of Blocking Includes the enchantments of [Minor/Major/Eminent/Extreme/Peerless] Fortify Block,Store source items as found; disenchant after source-item preservation checks and before final enchanting validation.,Arcane enchanter access; source item not unique-preserved; unlearned effect.,Do not disenchant unique-preservation exclusions; do not assume random stock before the item is verified.,TB-033 enchantment-learning validation,SN-000083-enchantment-learning-scope.md,Exact physical item can be any source-listed nonunique member of the selected family; random/vendor availability must be verified in final route inventory.
PROGSEL-000250,enchantment_learning_source,ENCH-000006,OBJ-002472,Fortify Conjuration,Fortify Skill,G14,selected_nonunique_or_creation_source_family,"All varieties of Armor, Bracers, and Helmet of Conjuring",Arcane enchanter and acquired disposable source item,"All varieties of Armor, Bracers, and Helmet of Conjuring Includes the enchantments of [Minor/Major/Eminent/Extreme/Peerless] Fortify Conjuring All varieties of Circlets, and Imperial Helmets of Conjuration Includes the enchantments of [Minor/Major/Eminent/Extreme/Peerless] Conjuration",Store source items as found; disenchant after source-item preservation checks and before final enchanting validation.,Arcane enchanter access; source item not unique-preserved; unlearned effect.,Do not disenchant unique-preservation exclusions; do not assume random stock before the item is verified.,TB-033 enchantment-learning validation,SN-000083-enchantment-learning-scope.md,Exact physical item can be any source-listed nonunique member of the selected family; random/vendor availability must be verified in final route inventory.
PROGSEL-000251,enchantment_learning_source,ENCH-000007,OBJ-002473,Fortify Destruction,Fortify Skill,G14,selected_nonunique_or_creation_source_family,"All varieties of Armor, Bracers, Circlets, Helmets, Necklaces, and Rings of Destruction",Arcane enchanter and acquired disposable source item,"All varieties of Armor, Bracers, Circlets, Helmets, Necklaces, and Rings of Destruction Includes the enchantments of [Minor/Major/Eminent/Extreme/Peerless] Destruction Hooded Thalmor Robes Thalmor Robes",Store source items as found; disenchant after source-item preservation checks and before final enchanting validation.,Arcane enchanter access; source item not unique-preserved; unlearned effect.,Do not disenchant unique-preservation exclusions; do not assume random stock before the item is verified.,TB-033 enchantment-learning validation,SN-000083-enchantment-learning-scope.md,Exact physical item can be any source-listed nonunique member of the selected family; random/vendor availability must be verified in final route inventory.
PROGSEL-000252,enchantment_learning_source,ENCH-000008,OBJ-002474,Fortify Heavy Armor,Fortify Skill,G14,selected_nonunique_or_creation_source_family,Most varieties of Armor and Necklaces of the Knight,Arcane enchanter and acquired disposable source item,Most varieties of Armor and Necklaces of the Knight Includes the enchantments of the [Minor/Major/Eminent/Extreme/Noble/Peerless] Knight,Store source items as found; disenchant after source-item preservation checks and before final enchanting validation.,Arcane enchanter access; source item not unique-preserved; unlearned effect.,Do not disenchant unique-preservation exclusions; do not assume random stock before the item is verified.,TB-033 enchantment-learning validation,SN-000083-enchantment-learning-scope.md,Exact physical item can be any source-listed nonunique member of the selected family; random/vendor availability must be verified in final route inventory.
PROGSEL-000253,enchantment_learning_source,ENCH-000009,OBJ-002475,Fortify Illusion,Fortify Skill,G14,selected_nonunique_or_creation_source_family,"All varieties of Armor, and Helmets of Illusion",Arcane enchanter and acquired disposable source item,"All varieties of Armor, and Helmets of Illusion Includes the enchantments of [Minor/Major/Eminent/Extreme/Peerless] Illusion",Store source items as found; disenchant after source-item preservation checks and before final enchanting validation.,Arcane enchanter access; source item not unique-preserved; unlearned effect.,Do not disenchant unique-preservation exclusions; do not assume random stock before the item is verified.,TB-033 enchantment-learning validation,SN-000083-enchantment-learning-scope.md,Exact physical item can be any source-listed nonunique member of the selected family; random/vendor availability must be verified in final route inventory.
PROGSEL-000254,enchantment_learning_source,ENCH-000010,OBJ-002476,Fortify Light Armor,Fortify Skill,G14,selected_nonunique_or_creation_source_family,All varieties of Armor and Necklaces of the Squire,Arcane enchanter and acquired disposable source item,All varieties of Armor and Necklaces of the Squire Includes the enchantments of the [Minor/Major/Eminent/Extreme/Noble/Peerless] Squire,Store source items as found; disenchant after source-item preservation checks and before final enchanting validation.,Arcane enchanter access; source item not unique-preserved; unlearned effect.,Do not disenchant unique-preservation exclusions; do not assume random stock before the item is verified.,TB-033 enchantment-learning validation,SN-000083-enchantment-learning-scope.md,Exact physical item can be any source-listed nonunique member of the selected family; random/vendor availability must be verified in final route inventory.
PROGSEL-000255,enchantment_learning_source,ENCH-000011,OBJ-002477,Fortify Lockpicking,Fortify Skill,G14,selected_nonunique_or_creation_source_family,All varieties of Bracers/Gauntlets and Necklaces of Lockpicking,Arcane enchanter and acquired disposable source item,All varieties of Bracers/Gauntlets and Necklaces of Lockpicking Includes the enchantments of [Minor/Major/Eminent/Extreme/Peerless] Lockpicking,Store source items as found; disenchant after source-item preservation checks and before final enchanting validation.,Arcane enchanter access; source item not unique-preserved; unlearned effect.,Do not disenchant unique-preservation exclusions; do not assume random stock before the item is verified.,TB-033 enchantment-learning validation,SN-000083-enchantment-learning-scope.md,Exact physical item can be any source-listed nonunique member of the selected family; random/vendor availability must be verified in final route inventory.
PROGSEL-000256,enchantment_learning_source,ENCH-000012,OBJ-002478,Fortify One-Handed,Fortify Skill,G14,selected_nonunique_or_creation_source_family,"All varieties of Bracers/Gauntlets, Necklaces, and Rings of Wielding",Arcane enchanter and acquired disposable source item,"All varieties of Bracers/Gauntlets, Necklaces, and Rings of Wielding Includes the enchantments of [Minor/Major/Eminent/Extreme/Peerless] Wielding",Store source items as found; disenchant after source-item preservation checks and before final enchanting validation.,Arcane enchanter access; source item not unique-preserved; unlearned effect.,Do not disenchant unique-preservation exclusions; do not assume random stock before the item is verified.,TB-033 enchantment-learning validation,SN-000083-enchantment-learning-scope.md,Exact physical item can be any source-listed nonunique member of the selected family; random/vendor availability must be verified in final route inventory.
PROGSEL-000257,enchantment_learning_source,ENCH-000013,OBJ-002479,Fortify Pickpocket,Fortify Skill,G14,selected_nonunique_or_creation_source_family,All varieties of Bracers/Gauntlets and Rings of Deft Hands,Arcane enchanter and acquired disposable source item,All varieties of Bracers/Gauntlets and Rings of Deft Hands Includes the enchantments of [Minor/Major/Eminent/Extreme/Peerless] Deft Hands,Store source items as found; disenchant after source-item preservation checks and before final enchanting validation.,Arcane enchanter access; source item not unique-preserved; unlearned effect.,Do not disenchant unique-preservation exclusions; do not assume random stock before the item is verified.,TB-033 enchantment-learning validation,SN-000083-enchantment-learning-scope.md,Exact physical item can be any source-listed nonunique member of the selected family; random/vendor availability must be verified in final route inventory.
PROGSEL-000258,enchantment_learning_source,ENCH-000014,OBJ-002480,Fortify Restoration,Fortify Skill,G14,selected_nonunique_or_creation_source_family,"All varieties of Armor, Circlets, Helmets, and Rings of Restoration",Arcane enchanter and acquired disposable source item,"All varieties of Armor, Circlets, Helmets, and Rings of Restoration Includes the enchantments of [Minor/Major/Eminent/Extreme/Peerless] Restoration",Store source items as found; disenchant after source-item preservation checks and before final enchanting validation.,Arcane enchanter access; source item not unique-preserved; unlearned effect.,Do not disenchant unique-preservation exclusions; do not assume random stock before the item is verified.,TB-033 enchantment-learning validation,SN-000083-enchantment-learning-scope.md,Exact physical item can be any source-listed nonunique member of the selected family; random/vendor availability must be verified in final route inventory.
PROGSEL-000259,enchantment_learning_source,ENCH-000015,OBJ-002481,Fortify Smithing,Fortify Skill,G14,selected_nonunique_or_creation_source_family,"All varieties of Bracers/Gauntlets, Necklaces, and Rings of Smithing",Arcane enchanter and acquired disposable source item,"All varieties of Bracers/Gauntlets, Necklaces, and Rings of Smithing Includes the enchantments of [Minor/Major/Eminent/Extreme/Peerless] Smithing Silver-Blood Family Ring The Forgemaster's Fingers",Store source items as found; disenchant after source-item preservation checks and before final enchanting validation.,Arcane enchanter access; source item not unique-preserved; unlearned effect.,Do not disenchant unique-preservation exclusions; do not assume random stock before the item is verified.,TB-033 enchantment-learning validation,SN-000083-enchantment-learning-scope.md,Exact physical item can be any source-listed nonunique member of the selected family; random/vendor availability must be verified in final route inventory.
PROGSEL-000260,enchantment_learning_source,ENCH-000016,OBJ-002482,Fortify Sneak,Fortify Skill,G14,selected_nonunique_or_creation_source_family,"All varieties of Boots, Necklaces, and Rings of Sneaking",Arcane enchanter and acquired disposable source item,"All varieties of Boots, Necklaces, and Rings of Sneaking Includes the enchantments of [Minor/Major/Eminent/Extreme/Peerless] Sneaking",Store source items as found; disenchant after source-item preservation checks and before final enchanting validation.,Arcane enchanter access; source item not unique-preserved; unlearned effect.,Do not disenchant unique-preservation exclusions; do not assume random stock before the item is verified.,TB-033 enchantment-learning validation,SN-000083-enchantment-learning-scope.md,Exact physical item can be any source-listed nonunique member of the selected family; random/vendor availability must be verified in final route inventory.
PROGSEL-000261,enchantment_learning_source,ENCH-000017,OBJ-002483,Fortify Two-Handed,Fortify Skill,G14,selected_nonunique_or_creation_source_family,"All varieties of Bracers/Gauntlets, Necklaces, and Rings of Sure Grip",Arcane enchanter and acquired disposable source item,"All varieties of Bracers/Gauntlets, Necklaces, and Rings of Sure Grip Includes the enchantments of [Minor/Major/Eminent/Extreme/Peerless] Sure Grip Ironhand Gauntlets Ring of Minor Striking",Store source items as found; disenchant after source-item preservation checks and before final enchanting validation.,Arcane enchanter access; source item not unique-preserved; unlearned effect.,Do not disenchant unique-preservation exclusions; do not assume random stock before the item is verified.,TB-033 enchantment-learning validation,SN-000083-enchantment-learning-scope.md,Exact physical item can be any source-listed nonunique member of the selected family; random/vendor availability must be verified in final route inventory.
PROGSEL-000262,enchantment_learning_source,ENCH-000018,OBJ-002484,Fortify Healing Rate,Fortify Attribute,G14,selected_nonunique_or_creation_source_family,"All varieties of Armor, Necklaces, and Rings of Mending",Arcane enchanter and acquired disposable source item,"All varieties of Armor, Necklaces, and Rings of Mending All varieties of Armor, Necklaces, and Rings of Revival All varieties of Armor, Necklaces, and Rings of Regeneration All varieties of Armor, Necklaces, and Rings of Remedy",Store source items as found; disenchant after source-item preservation checks and before final enchanting validation.,Arcane enchanter access; source item not unique-preserved; unlearned effect.,Do not disenchant unique-preservation exclusions; do not assume random stock before the item is verified.,TB-033 enchantment-learning validation,SN-000083-enchantment-learning-scope.md,Exact physical item can be any source-listed nonunique member of the selected family; random/vendor availability must be verified in final route inventory.
PROGSEL-000263,enchantment_learning_source,ENCH-000019,OBJ-002485,Fortify Health,Fortify Attribute,G14,selected_nonunique_or_creation_source_family,All varieties of Armor of Health,Arcane enchanter and acquired disposable source item,All varieties of Armor of Health Includes the enchantments of [Minor/Major/Eminent/Extreme/Peerless] Health Enchanted Ring,Store source items as found; disenchant after source-item preservation checks and before final enchanting validation.,Arcane enchanter access; source item not unique-preserved; unlearned effect.,Do not disenchant unique-preservation exclusions; do not assume random stock before the item is verified.,TB-033 enchantment-learning validation,SN-000083-enchantment-learning-scope.md,Exact physical item can be any source-listed nonunique member of the selected family; random/vendor availability must be verified in final route inventory.
PROGSEL-000264,enchantment_learning_source,ENCH-000020,OBJ-002486,Fortify Magicka,Fortify Attribute,G14,selected_nonunique_or_creation_source_family,"All varieties of Circlets, Helmets, and Rings of Magicka",Arcane enchanter and acquired disposable source item,"All varieties of Circlets, Helmets, and Rings of Magicka Includes the enchantments of [Minor/Major/Eminent/Extreme/Peerless] Magicka Adept Hood Amulet of Julianos Apprentice Hood Black Mage Hood Executioner's Hood Mage's Circlet Novice Hood Savos Aren's Amulet",Store source items as found; disenchant after source-item preservation checks and before final enchanting validation.,Arcane enchanter access; source item not unique-preserved; unlearned effect.,Do not disenchant unique-preservation exclusions; do not assume random stock before the item is verified.,TB-033 enchantment-learning validation,SN-000083-enchantment-learning-scope.md,Exact physical item can be any source-listed nonunique member of the selected family; random/vendor availability must be verified in final route inventory.
PROGSEL-000265,enchantment_learning_source,ENCH-000021,OBJ-002487,Fortify Magicka Regen,Fortify Attribute,G14,selected_nonunique_or_creation_source_family,"All varieties of Helmets, Rings, and Robes of Recovery items",Arcane enchanter and acquired disposable source item,"All varieties of Helmets, Rings, and Robes of Recovery items All varieties of Armor, Helmets, Rings, and Robes of Replenishing All varieties of Helmets, Rings, and Robes of Resurgence Adept Robes Apprentice Robes Black Mage Robes Blue Mage Robes Expert Robes Hooded Black Mage Robes Hooded Necromancer Robes Master Robes Mythic Dawn Robes Necromancer Robes Novice Robes",Store source items as found; disenchant after source-item preservation checks and before final enchanting validation.,Arcane enchanter access; source item not unique-preserved; unlearned effect.,Do not disenchant unique-preservation exclusions; do not assume random stock before the item is verified.,TB-033 enchantment-learning validation,SN-000083-enchantment-learning-scope.md,Exact physical item can be any source-listed nonunique member of the selected family; random/vendor availability must be verified in final route inventory.
PROGSEL-000266,enchantment_learning_source,ENCH-000022,OBJ-002488,Fortify Stamina,Fortify Attribute,G14,selected_nonunique_or_creation_source_family,"All varieties of Armor, Boots, Necklaces, and Rings of Stamina",Arcane enchanter and acquired disposable source item,"All varieties of Armor, Boots, Necklaces, and Rings of Stamina Includes the enchantments of [Minor/Major/Eminent/Extreme/Peerless] Stamina",Store source items as found; disenchant after source-item preservation checks and before final enchanting validation.,Arcane enchanter access; source item not unique-preserved; unlearned effect.,Do not disenchant unique-preservation exclusions; do not assume random stock before the item is verified.,TB-033 enchantment-learning validation,SN-000083-enchantment-learning-scope.md,Exact physical item can be any source-listed nonunique member of the selected family; random/vendor availability must be verified in final route inventory.
PROGSEL-000267,enchantment_learning_source,ENCH-000023,OBJ-002489,Fortify Stamina Regen,Fortify Attribute,G14,selected_nonunique_or_creation_source_family,"All varieties of Armor, Necklaces and Rings of Invigoration",Arcane enchanter and acquired disposable source item,"All varieties of Armor, Necklaces and Rings of Invigoration All varieties of Armor, Necklaces and Rings of Recuperation All varieties of Armor, Necklaces and Rings of Rejuvenation All varieties of Armor, Necklaces and Rings of Renewal",Store source items as found; disenchant after source-item preservation checks and before final enchanting validation.,Arcane enchanter access; source item not unique-preserved; unlearned effect.,Do not disenchant unique-preservation exclusions; do not assume random stock before the item is verified.,TB-033 enchantment-learning validation,SN-000083-enchantment-learning-scope.md,Exact physical item can be any source-listed nonunique member of the selected family; random/vendor availability must be verified in final route inventory.
PROGSEL-000268,enchantment_learning_source,ENCH-000024,OBJ-002490,Fortify Carry Weight,Fortify Other,G14,selected_nonunique_or_creation_source_family,Charmed Necklace,Arcane enchanter and acquired disposable source item,Charmed Necklace All varieties of Boots of Brawn All varieties of Boots of Hauling All varieties of Boots of Lifting All varieties of Boots of the Mammoth All varieties of Boots of the Ox All varieties of Boots of Strength,Store source items as found; disenchant after source-item preservation checks and before final enchanting validation.,Arcane enchanter access; source item not unique-preserved; unlearned effect.,Do not disenchant unique-preservation exclusions; do not assume random stock before the item is verified.,TB-033 enchantment-learning validation,SN-000083-enchantment-learning-scope.md,Exact physical item can be any source-listed nonunique member of the selected family; random/vendor availability must be verified in final route inventory.
PROGSEL-000269,enchantment_learning_source,ENCH-000025,OBJ-002491,Fortify Alteration and Magicka Regen,Fortify Other,G14,selected_nonunique_or_creation_source_family,All varieties of Robes of Alteration,Arcane enchanter and acquired disposable source item,All varieties of Robes of Alteration Includes the enchantments of [Minor/Major/Eminent/Extreme/Peerless] Alteration,Store source items as found; disenchant after source-item preservation checks and before final enchanting validation.,Arcane enchanter access; source item not unique-preserved; unlearned effect.,Do not disenchant unique-preservation exclusions; do not assume random stock before the item is verified.,TB-033 enchantment-learning validation,SN-000083-enchantment-learning-scope.md,Exact physical item can be any source-listed nonunique member of the selected family; random/vendor availability must be verified in final route inventory.
PROGSEL-000270,enchantment_learning_source,ENCH-000026,OBJ-002492,Fortify Conjuration and Magicka Regen,Fortify Other,G14,selected_nonunique_or_creation_source_family,All varieties of Robes and Vampire Armor DG of Conjuration,Arcane enchanter and acquired disposable source item,All varieties of Robes and Vampire Armor DG of Conjuration Includes the enchantments of [Minor/Major/Eminent/Extreme/Peerless] Conjuration,Store source items as found; disenchant after source-item preservation checks and before final enchanting validation.,Arcane enchanter access; source item not unique-preserved; unlearned effect.,Do not disenchant unique-preservation exclusions; do not assume random stock before the item is verified.,TB-033 enchantment-learning validation,SN-000083-enchantment-learning-scope.md,Exact physical item can be any source-listed nonunique member of the selected family; random/vendor availability must be verified in final route inventory.
PROGSEL-000271,enchantment_learning_source,ENCH-000027,OBJ-002493,Fortify Destruction and Magicka Regen,Fortify Other,G14,selected_nonunique_or_creation_source_family,All varieties of Robes and Vampire Armor DG of Destruction,Arcane enchanter and acquired disposable source item,All varieties of Robes and Vampire Armor DG of Destruction Includes the enchantments of [Minor/Major/Eminent/Extreme/Peerless] Destruction,Store source items as found; disenchant after source-item preservation checks and before final enchanting validation.,Arcane enchanter access; source item not unique-preserved; unlearned effect.,Do not disenchant unique-preservation exclusions; do not assume random stock before the item is verified.,TB-033 enchantment-learning validation,SN-000083-enchantment-learning-scope.md,Exact physical item can be any source-listed nonunique member of the selected family; random/vendor availability must be verified in final route inventory.
PROGSEL-000272,enchantment_learning_source,ENCH-000028,OBJ-002494,Fortify Illusion and Magicka Regen,Fortify Other,G14,selected_nonunique_or_creation_source_family,All varieties of Robes of Illusion,Arcane enchanter and acquired disposable source item,All varieties of Robes of Illusion Includes the enchantments of [Minor/Major/Eminent/Extreme/Peerless] Illusion,Store source items as found; disenchant after source-item preservation checks and before final enchanting validation.,Arcane enchanter access; source item not unique-preserved; unlearned effect.,Do not disenchant unique-preservation exclusions; do not assume random stock before the item is verified.,TB-033 enchantment-learning validation,SN-000083-enchantment-learning-scope.md,Exact physical item can be any source-listed nonunique member of the selected family; random/vendor availability must be verified in final route inventory.
PROGSEL-000273,enchantment_learning_source,ENCH-000029,OBJ-002495,Dark Moon,Fortify Other,G14,selected_nonunique_or_creation_source_family,Elite and Ascendant Necromancer Hoods CC,Arcane enchanter and acquired disposable source item,Elite and Ascendant Necromancer Hoods CC,Store source items as found; disenchant after source-item preservation checks and before final enchanting validation.,Arcane enchanter access; source item not unique-preserved; unlearned effect.,Do not disenchant unique-preservation exclusions; do not assume random stock before the item is verified.,TB-033 enchantment-learning validation,SN-000083-enchantment-learning-scope.md,Exact physical item can be any source-listed nonunique member of the selected family; random/vendor availability must be verified in final route inventory.
PROGSEL-000274,enchantment_learning_source,ENCH-000030,OBJ-002496,Empower Necromancy,Fortify Other,G14,selected_nonunique_or_creation_source_family,Elite and Ascendant Necromancer Robes CC,Arcane enchanter and acquired disposable source item,Elite and Ascendant Necromancer Robes CC,Store source items as found; disenchant after source-item preservation checks and before final enchanting validation.,Arcane enchanter access; source item not unique-preserved; unlearned effect.,Do not disenchant unique-preservation exclusions; do not assume random stock before the item is verified.,TB-033 enchantment-learning validation,SN-000083-enchantment-learning-scope.md,Exact physical item can be any source-listed nonunique member of the selected family; random/vendor availability must be verified in final route inventory.
PROGSEL-000275,enchantment_learning_source,ENCH-000031,OBJ-002497,Fortify Restoration and Magicka Regen,Fortify Other,G14,selected_nonunique_or_creation_source_family,All varieties of Robes of Restoration,Arcane enchanter and acquired disposable source item,All varieties of Robes of Restoration Includes the enchantments of [Minor/Major/Eminent/Extreme/Peerless] Restoration,Store source items as found; disenchant after source-item preservation checks and before final enchanting validation.,Arcane enchanter access; source item not unique-preserved; unlearned effect.,Do not disenchant unique-preservation exclusions; do not assume random stock before the item is verified.,TB-033 enchantment-learning validation,SN-000083-enchantment-learning-scope.md,Exact physical item can be any source-listed nonunique member of the selected family; random/vendor availability must be verified in final route inventory.
PROGSEL-000276,enchantment_learning_source,ENCH-000032,OBJ-002498,Fortify Unarmed,Fortify Other,,excluded_unique_preservation,Gloves of the Pugilist,Excluded/audit only,Gloves of the Pugilist,Do not learn in main-route continuity.,excluded_unique_preservation,Do not disenchant unique-preservation exclusions; do not assume random stock before the item is verified.,TB-033 enchantment-learning validation,SN-000083-enchantment-learning-scope.md,Exact physical item can be any source-listed nonunique member of the selected family; random/vendor availability must be verified in final route inventory.
PROGSEL-000277,enchantment_learning_source,ENCH-000033,OBJ-002499,Resist Disease,Resist,G14,selected_nonunique_or_creation_source_family,Necklace of Disease Immunity Necklace of Disease Resistance,Arcane enchanter and acquired disposable source item,Necklace of Disease Immunity Necklace of Disease Resistance,Store source items as found; disenchant after source-item preservation checks and before final enchanting validation.,Arcane enchanter access; source item not unique-preserved; unlearned effect.,Do not disenchant unique-preservation exclusions; do not assume random stock before the item is verified.,TB-033 enchantment-learning validation,SN-000083-enchantment-learning-scope.md,Exact physical item can be any source-listed nonunique member of the selected family; random/vendor availability must be verified in final route inventory.
PROGSEL-000278,enchantment_learning_source,ENCH-000034,OBJ-002500,Resist Fire,Resist,G14,selected_nonunique_or_creation_source_family,"All varieties of Boots, Necklaces, and Shields of Dwindling Flames",Arcane enchanter and acquired disposable source item,"All varieties of Boots, Necklaces, and Shields of Dwindling Flames All varieties of Boots, Necklaces, and Shields of Fire Abatement All varieties of Boots, Necklaces, and Shields of Fire Suppression All varieties of Boots, Necklaces, and Shields of Flame Suppression All varieties of Boots, Necklaces, and Shields of the Firewalker All varieties of Boots, Necklaces, and Shields of Resist Fire All varieties of Boots, Necklaces, and Shields of Waning Fire Ancient Helmet of the Unburned Steel Shield of Fire Resist",Store source items as found; disenchant after source-item preservation checks and before final enchanting validation.,Arcane enchanter access; source item not unique-preserved; unlearned effect.,Do not disenchant unique-preservation exclusions; do not assume random stock before the item is verified.,TB-033 enchantment-learning validation,SN-000083-enchantment-learning-scope.md,Exact physical item can be any source-listed nonunique member of the selected family; random/vendor availability must be verified in final route inventory.
PROGSEL-000279,enchantment_learning_source,ENCH-000035,OBJ-002501,Resist Frost,Resist,G14,selected_nonunique_or_creation_source_family,"All varieties of Armor, Boots, Necklaces, and Shields of Dwindling Frost",Arcane enchanter and acquired disposable source item,"All varieties of Armor, Boots, Necklaces, and Shields of Dwindling Frost All varieties of Armor, Boots, Necklaces, and Shields of Frost Abatement All varieties of Armor, Boots, Necklaces, and Shields of Frost Suppression All varieties of Armor, Boots, Necklaces, and Shields of Resist Frost All varieties of Armor, Boots, Necklaces, and Shields of Waning Frost All varieties of Armor, Boots, Necklaces, and Shields of Warmth Helm of Yngol Herebane's Fortress Necklace of Frost Resist",Store source items as found; disenchant after source-item preservation checks and before final enchanting validation.,Arcane enchanter access; source item not unique-preserved; unlearned effect.,Do not disenchant unique-preservation exclusions; do not assume random stock before the item is verified.,TB-033 enchantment-learning validation,SN-000083-enchantment-learning-scope.md,Exact physical item can be any source-listed nonunique member of the selected family; random/vendor availability must be verified in final route inventory.
PROGSEL-000280,enchantment_learning_source,ENCH-000036,OBJ-002502,Resist Magic,Resist,G14,selected_nonunique_or_creation_source_family,"All varieties of Necklaces, Rings, and Shields of Dwindling Magic, of Resist Magic, of Waning Magic, of Magic Abatement, of Magic Suppression, and of Nullification A second version of the effect is available from one item: Shield of Solitude",Arcane enchanter and acquired disposable source item,"All varieties of Necklaces, Rings, and Shields of Dwindling Magic, of Resist Magic, of Waning Magic, of Magic Abatement, of Magic Suppression, and of Nullification A second version of the effect is available from one item: Shield of Solitude",Store source items as found; disenchant after source-item preservation checks and before final enchanting validation.,Arcane enchanter access; source item not unique-preserved; unlearned effect.,Do not disenchant unique-preservation exclusions; do not assume random stock before the item is verified.,TB-033 enchantment-learning validation,SN-000083-enchantment-learning-scope.md,Exact physical item can be any source-listed nonunique member of the selected family; random/vendor availability must be verified in final route inventory.
PROGSEL-000281,enchantment_learning_source,ENCH-000037,OBJ-002503,Resist Poison,Resist,G14,selected_nonunique_or_creation_source_family,Necklace of Poison Immunity Necklace of Poison Resistance,Arcane enchanter and acquired disposable source item,Necklace of Poison Immunity Necklace of Poison Resistance,Store source items as found; disenchant after source-item preservation checks and before final enchanting validation.,Arcane enchanter access; source item not unique-preserved; unlearned effect.,Do not disenchant unique-preservation exclusions; do not assume random stock before the item is verified.,TB-033 enchantment-learning validation,SN-000083-enchantment-learning-scope.md,Exact physical item can be any source-listed nonunique member of the selected family; random/vendor availability must be verified in final route inventory.
PROGSEL-000282,enchantment_learning_source,ENCH-000038,OBJ-002504,Resist Shock,Resist,G14,selected_nonunique_or_creation_source_family,"All varieties of Boots, Necklaces, and Shields of Dwindling Shock",Arcane enchanter and acquired disposable source item,"All varieties of Boots, Necklaces, and Shields of Dwindling Shock All varieties of Boots, Necklaces, and Shields of Grounding All varieties of Boots, Necklaces, and Shields of Resist Shock All varieties of Boots, Necklaces, and Shields of Shock Abatement All varieties of Boots, Necklaces, and Shields of Shock Suppression All varieties of Boots, Necklaces, and Shields of Waning Shock",Store source items as found; disenchant after source-item preservation checks and before final enchanting validation.,Arcane enchanter access; source item not unique-preserved; unlearned effect.,Do not disenchant unique-preservation exclusions; do not assume random stock before the item is verified.,TB-033 enchantment-learning validation,SN-000083-enchantment-learning-scope.md,Exact physical item can be any source-listed nonunique member of the selected family; random/vendor availability must be verified in final route inventory.
PROGSEL-000283,enchantment_learning_source,ENCH-000039,OBJ-002505,Muffle,Other,G14,selected_nonunique_or_creation_source_family,All varieties of Boots of Muffling,Arcane enchanter and acquired disposable source item,All varieties of Boots of Muffling,Store source items as found; disenchant after source-item preservation checks and before final enchanting validation.,Arcane enchanter access; source item not unique-preserved; unlearned effect.,Do not disenchant unique-preservation exclusions; do not assume random stock before the item is verified.,TB-033 enchantment-learning validation,SN-000083-enchantment-learning-scope.md,Exact physical item can be any source-listed nonunique member of the selected family; random/vendor availability must be verified in final route inventory.
PROGSEL-000284,enchantment_learning_source,ENCH-000040,OBJ-002506,Waterbreathing,Other,G14,selected_nonunique_or_creation_source_family,"All varieties of Circlets, Helmets, and Necklaces of Waterbreathing",Arcane enchanter and acquired disposable source item,"All varieties of Circlets, Helmets, and Necklaces of Waterbreathing",Store source items as found; disenchant after source-item preservation checks and before final enchanting validation.,Arcane enchanter access; source item not unique-preserved; unlearned effect.,Do not disenchant unique-preservation exclusions; do not assume random stock before the item is verified.,TB-033 enchantment-learning validation,SN-000083-enchantment-learning-scope.md,Exact physical item can be any source-listed nonunique member of the selected family; random/vendor availability must be verified in final route inventory.
PROGSEL-000285,enchantment_learning_source,ENCH-000041,OBJ-002507,Absorb Health,Absorb,G14,selected_nonunique_or_creation_source_family,All weapons of Absorption,Arcane enchanter and acquired disposable source item,All weapons of Absorption All weapons of Consuming All weapons of Devouring All weapons of Leeching All weapons of the Vampire Blade of Woe Drainblood Battleaxe Gauldur Blackblade,Store source items as found; disenchant after source-item preservation checks and before final enchanting validation.,Arcane enchanter access; source item not unique-preserved; unlearned effect.,Do not disenchant unique-preservation exclusions; do not assume random stock before the item is verified.,TB-033 enchantment-learning validation,SN-000083-enchantment-learning-scope.md,Exact physical item can be any source-listed nonunique member of the selected family; random/vendor availability must be verified in final route inventory.
PROGSEL-000286,enchantment_learning_source,ENCH-000042,OBJ-002508,Absorb Magicka,Absorb,G14,selected_nonunique_or_creation_source_family,All weapons of the Sorcerer,Arcane enchanter and acquired disposable source item,All weapons of the Sorcerer All weapons of Evoking All weapons of Harrowing All weapons of Siphoning All weapons of Winnowing Gauldur Blackbow Drainspell Bow - has unique version of effect,Store source items as found; disenchant after source-item preservation checks and before final enchanting validation.,Arcane enchanter access; source item not unique-preserved; unlearned effect.,Do not disenchant unique-preservation exclusions; do not assume random stock before the item is verified.,TB-033 enchantment-learning validation,SN-000083-enchantment-learning-scope.md,Exact physical item can be any source-listed nonunique member of the selected family; random/vendor availability must be verified in final route inventory.
PROGSEL-000287,enchantment_learning_source,ENCH-000043,OBJ-002509,Absorb Stamina,Absorb,G14,selected_nonunique_or_creation_source_family,All weapons of Subsuming,Arcane enchanter and acquired disposable source item,All weapons of Subsuming All weapons of Garnering All weapons of Gleaning All weapons of Harvesting All weapons of Reaping Drainheart Sword - has unique version of effect,Store source items as found; disenchant after source-item preservation checks and before final enchanting validation.,Arcane enchanter access; source item not unique-preserved; unlearned effect.,Do not disenchant unique-preservation exclusions; do not assume random stock before the item is verified.,TB-033 enchantment-learning validation,SN-000083-enchantment-learning-scope.md,Exact physical item can be any source-listed nonunique member of the selected family; random/vendor availability must be verified in final route inventory.
PROGSEL-000288,enchantment_learning_source,ENCH-000044,OBJ-002510,Chaos Damage,Damage,G14,selected_nonunique_or_creation_source_family,All weapons of Chaos,Arcane enchanter and acquired disposable source item,All weapons of Chaos All weapons of Extreme Chaos All weapons of High Chaos All weapons of Ultimate Chaos Champion's Cudgel,Store source items as found; disenchant after source-item preservation checks and before final enchanting validation.,Arcane enchanter access; source item not unique-preserved; unlearned effect.,Do not disenchant unique-preservation exclusions; do not assume random stock before the item is verified.,TB-033 enchantment-learning validation,SN-000083-enchantment-learning-scope.md,Exact physical item can be any source-listed nonunique member of the selected family; random/vendor availability must be verified in final route inventory.
PROGSEL-000289,enchantment_learning_source,ENCH-000045,OBJ-002511,Fire Damage,Damage,G14,selected_nonunique_or_creation_source_family,All weapons of Burning,Arcane enchanter and acquired disposable source item,All weapons of Burning All weapons of Scorching All weapons of Embers All weapons of Fire All weapons of Flames All weapons of the Blaze All weapons of the Inferno Herebane's Courage,Store source items as found; disenchant after source-item preservation checks and before final enchanting validation.,Arcane enchanter access; source item not unique-preserved; unlearned effect.,Do not disenchant unique-preservation exclusions; do not assume random stock before the item is verified.,TB-033 enchantment-learning validation,SN-000083-enchantment-learning-scope.md,Exact physical item can be any source-listed nonunique member of the selected family; random/vendor availability must be verified in final route inventory.
PROGSEL-000290,enchantment_learning_source,ENCH-000046,OBJ-002512,Frost Damage,Damage,G14,selected_nonunique_or_creation_source_family,All weapons of Chills,Arcane enchanter and acquired disposable source item,All weapons of Chills All weapons of Blizzards All weapons of Cold All weapons of Freezing All weapons of Frost All weapons of Ice All weapons of Winter Aegisbane Eduj Firiniel's End Grimsever Okin,Store source items as found; disenchant after source-item preservation checks and before final enchanting validation.,Arcane enchanter access; source item not unique-preserved; unlearned effect.,Do not disenchant unique-preservation exclusions; do not assume random stock before the item is verified.,TB-033 enchantment-learning validation,SN-000083-enchantment-learning-scope.md,Exact physical item can be any source-listed nonunique member of the selected family; random/vendor availability must be verified in final route inventory.
PROGSEL-000291,enchantment_learning_source,ENCH-000047,OBJ-002513,Magicka Damage,Damage,G14,selected_nonunique_or_creation_source_family,All weapons of Depleting,Arcane enchanter and acquired disposable source item,All weapons of Depleting All weapons of Diminishing All weapons of Draining All weapons of Enervating All weapons of Nullifying All weapons of Sapping,Store source items as found; disenchant after source-item preservation checks and before final enchanting validation.,Arcane enchanter access; source item not unique-preserved; unlearned effect.,Do not disenchant unique-preservation exclusions; do not assume random stock before the item is verified.,TB-033 enchantment-learning validation,SN-000083-enchantment-learning-scope.md,Exact physical item can be any source-listed nonunique member of the selected family; random/vendor availability must be verified in final route inventory.
PROGSEL-000292,enchantment_learning_source,ENCH-000048,OBJ-002514,Shock Damage,Damage,G14,selected_nonunique_or_creation_source_family,All weapons of Sparks,Arcane enchanter and acquired disposable source item,All weapons of Sparks All weapons of Arcing All weapons of Shocks All weapons of Thunderbolts All weapons of Lightning All weapons of Storms,Store source items as found; disenchant after source-item preservation checks and before final enchanting validation.,Arcane enchanter access; source item not unique-preserved; unlearned effect.,Do not disenchant unique-preservation exclusions; do not assume random stock before the item is verified.,TB-033 enchantment-learning validation,SN-000083-enchantment-learning-scope.md,Exact physical item can be any source-listed nonunique member of the selected family; random/vendor availability must be verified in final route inventory.
PROGSEL-000293,enchantment_learning_source,ENCH-000049,OBJ-002515,Stamina Damage,Damage,G14,selected_nonunique_or_creation_source_family,All weapons of Debilitation,Arcane enchanter and acquired disposable source item,All weapons of Debilitation All weapons of Exhaustion All weapons of Fatigue All weapons of Lethargy All weapons of Torpor All weapons of Weariness Froki's Bow,Store source items as found; disenchant after source-item preservation checks and before final enchanting validation.,Arcane enchanter access; source item not unique-preserved; unlearned effect.,Do not disenchant unique-preservation exclusions; do not assume random stock before the item is verified.,TB-033 enchantment-learning validation,SN-000083-enchantment-learning-scope.md,Exact physical item can be any source-listed nonunique member of the selected family; random/vendor availability must be verified in final route inventory.
PROGSEL-000294,enchantment_learning_source,ENCH-000050,OBJ-002516,Banish,Repel,G14,selected_nonunique_or_creation_source_family,All weapons of Annihilating,Arcane enchanter and acquired disposable source item,All weapons of Annihilating All weapons of Banishing All weapons of Expelling,Store source items as found; disenchant after source-item preservation checks and before final enchanting validation.,Arcane enchanter access; source item not unique-preserved; unlearned effect.,Do not disenchant unique-preservation exclusions; do not assume random stock before the item is verified.,TB-033 enchantment-learning validation,SN-000083-enchantment-learning-scope.md,Exact physical item can be any source-listed nonunique member of the selected family; random/vendor availability must be verified in final route inventory.
PROGSEL-000295,enchantment_learning_source,ENCH-000051,OBJ-002517,Fear,Repel,G14,selected_nonunique_or_creation_source_family,All weapons of Cowardice,Arcane enchanter and acquired disposable source item,All weapons of Cowardice All weapons of Despair All weapons of Dismay All weapons of Dread All weapons of Fear All weapons of Terror,Store source items as found; disenchant after source-item preservation checks and before final enchanting validation.,Arcane enchanter access; source item not unique-preserved; unlearned effect.,Do not disenchant unique-preservation exclusions; do not assume random stock before the item is verified.,TB-033 enchantment-learning validation,SN-000083-enchantment-learning-scope.md,Exact physical item can be any source-listed nonunique member of the selected family; random/vendor availability must be verified in final route inventory.
PROGSEL-000296,enchantment_learning_source,ENCH-000052,OBJ-002518,Turn Undead,Repel,G14,selected_nonunique_or_creation_source_family,All varieties of Blessed weapons,Arcane enchanter and acquired disposable source item,All varieties of Blessed weapons All varieties of Hallowed weapons All varieties of Holy weapons All varieties of Reverent weapons All varieties of Sanctified weapons All varieties of Virtuous weapons,Store source items as found; disenchant after source-item preservation checks and before final enchanting validation.,Arcane enchanter access; source item not unique-preserved; unlearned effect.,Do not disenchant unique-preservation exclusions; do not assume random stock before the item is verified.,TB-033 enchantment-learning validation,SN-000083-enchantment-learning-scope.md,Exact physical item can be any source-listed nonunique member of the selected family; random/vendor availability must be verified in final route inventory.
PROGSEL-000297,enchantment_learning_source,ENCH-000053,OBJ-002519,Paralyze,Apply Effect,G14,selected_nonunique_or_creation_source_family,All weapons of Immobilizing,Arcane enchanter and acquired disposable source item,All weapons of Immobilizing All weapons of Petrifying All weapons of Stunning,Store source items as found; disenchant after source-item preservation checks and before final enchanting validation.,Arcane enchanter access; source item not unique-preserved; unlearned effect.,Do not disenchant unique-preservation exclusions; do not assume random stock before the item is verified.,TB-033 enchantment-learning validation,SN-000083-enchantment-learning-scope.md,Exact physical item can be any source-listed nonunique member of the selected family; random/vendor availability must be verified in final route inventory.
PROGSEL-000298,enchantment_learning_source,ENCH-000054,OBJ-002520,Soul Trap,Apply Effect,G14,selected_nonunique_or_creation_source_family,All weapons of Animus,Arcane enchanter and acquired disposable source item,All weapons of Animus All weapons of Binding All weapons of Damnation All weapons of Malediction All weapons of Soul Snares All weapons of Souls,Store source items as found; disenchant after source-item preservation checks and before final enchanting validation.,Arcane enchanter access; source item not unique-preserved; unlearned effect.,Do not disenchant unique-preservation exclusions; do not assume random stock before the item is verified.,TB-033 enchantment-learning validation,SN-000083-enchantment-learning-scope.md,Exact physical item can be any source-listed nonunique member of the selected family; random/vendor availability must be verified in final route inventory.
PROGSEL-000299,enchantment_learning_source,ENCH-000055,OBJ-002521,Briarheart Geis,Special,,excluded_unobtainable,Briarheart Geis,Excluded/audit only,Briarheart Geis,Do not learn in main-route continuity.,excluded_unobtainable,Do not disenchant unique-preservation exclusions; do not assume random stock before the item is verified.,TB-033 enchantment-learning validation,SN-000083-enchantment-learning-scope.md,Exact physical item can be any source-listed nonunique member of the selected family; random/vendor availability must be verified in final route inventory.
PROGSEL-000300,enchantment_learning_source,ENCH-000056,OBJ-002522,Fiery Soul Trap,Special,,excluded_unique_preservation,Steel Battleaxe of Fiery Souls,Excluded/audit only,Steel Battleaxe of Fiery Souls,Do not learn in main-route continuity.,excluded_unique_preservation,Do not disenchant unique-preservation exclusions; do not assume random stock before the item is verified.,TB-033 enchantment-learning validation,SN-000083-enchantment-learning-scope.md,Exact physical item can be any source-listed nonunique member of the selected family; random/vendor availability must be verified in final route inventory.
PROGSEL-000301,enchantment_learning_source,ENCH-000057,OBJ-002523,Huntsman's Prowess,Special,,excluded_unique_preservation,Poacher's Axe,Excluded/audit only,Poacher's Axe,Do not learn in main-route continuity.,excluded_unique_preservation,Do not disenchant unique-preservation exclusions; do not assume random stock before the item is verified.,TB-033 enchantment-learning validation,SN-000083-enchantment-learning-scope.md,Exact physical item can be any source-listed nonunique member of the selected family; random/vendor availability must be verified in final route inventory.
PROGSEL-000302,enchantment_learning_source,ENCH-000058,OBJ-002524,Silent Moons Enchant,Special,G14,selected_nonunique_or_creation_source_family,Lunar Iron Mace Lunar Iron Sword Lunar Iron War Axe Lunar Steel Mace Lunar Steel Sword Lunar Steel War Axe,Arcane enchanter and acquired disposable source item,Lunar Iron Mace Lunar Iron Sword Lunar Iron War Axe Lunar Steel Mace Lunar Steel Sword Lunar Steel War Axe,Store source items as found; disenchant after source-item preservation checks and before final enchanting validation.,Arcane enchanter access; source item not unique-preserved; unlearned effect.,Do not disenchant unique-preservation exclusions; do not assume random stock before the item is verified.,TB-033 enchantment-learning validation,SN-000083-enchantment-learning-scope.md,Exact physical item can be any source-listed nonunique member of the selected family; random/vendor availability must be verified in final route inventory.
PROGSEL-000303,enchantment_learning_source,ENCH-000059,OBJ-002525,Smithing Expertise,Special,,excluded_unique_preservation,Notched Pickaxe,Excluded/audit only,Notched Pickaxe,Do not learn in main-route continuity.,excluded_unique_preservation,Do not disenchant unique-preservation exclusions; do not assume random stock before the item is verified.,TB-033 enchantment-learning validation,SN-000083-enchantment-learning-scope.md,Exact physical item can be any source-listed nonunique member of the selected family; random/vendor availability must be verified in final route inventory.
PROGSEL-000304,alchemy_ingredient_source,ALCHEMY-000001,OBJ-002527,Abecean Longfin,base_game,G02/G14,apothecary_purchase_or_route_harvest,apothecary_purchase_or_route_harvest,Common,Weakness to Frost | Fortify Sneak | Weakness to Poison | Fortify Restoration,Buy or harvest one copy during regional service loops; store for Experimenter pass.,One ingredient copy; Alchemy 50 and Experimenter 3 for one-eat all-effects discovery policy.,Do not consume quest/one-time ingredients before parent quest and preservation checks are complete.,TB-033 alchemy-effect validation,SN-000084-alchemy-ingredient-effect-discovery.md,Collected by catching Abacean Longfin fish.
PROGSEL-000305,alchemy_ingredient_source,ALCHEMY-000002,OBJ-002528,Aloe Vera Leaves,base_game,G06/G14,khajiit_caravan_purchase,khajiit_caravan_purchase,Khajiit Traders,"Restore Health | Restore Stamina | Damage Magicka (1.67x, 1.71x) | Invisibility",Buy one copy from Khajiit caravan stock and store it for the Experimenter pass.,One ingredient copy; Alchemy 50 and Experimenter 3 for one-eat all-effects discovery policy.,Do not consume quest/one-time ingredients before parent quest and preservation checks are complete.,TB-033 alchemy-effect validation,SN-000084-alchemy-ingredient-effect-discovery.md,"Added by Special Edition Patch 1.6.1130 on December 5, 2023."
PROGSEL-000306,alchemy_ingredient_source,ALCHEMY-000003,OBJ-002529,Ancestor Moth Wing,dawnguard,G11/G14,dawnguard_parent_route,dawnguard_parent_route,None,Damage Stamina | Fortify Conjuration | Damage Magicka Regen | Fortify Enchanting,Acquire during Dawnguard/Forgotten Vale parent routing and store for final discovery.,One ingredient copy; Alchemy 50 and Experimenter 3 for one-eat all-effects discovery policy.,Do not consume quest/one-time ingredients before parent quest and preservation checks are complete.,TB-033 alchemy-effect validation,SN-000084-alchemy-ingredient-effect-discovery.md,Collected by catching Ancestor Moths.
PROGSEL-000307,alchemy_ingredient_source,ALCHEMY-000004,OBJ-002530,Ash Creep Cluster,dragonborn,G12/G14,solstheim_harvest_or_purchase,solstheim_harvest_or_purchase,Rare,Damage Stamina | Invisibility | Resist Fire | Fortify Destruction,Acquire during the Solstheim spine and store at the selected base.,One ingredient copy; Alchemy 50 and Experimenter 3 for one-eat all-effects discovery policy.,Do not consume quest/one-time ingredients before parent quest and preservation checks are complete.,TB-033 alchemy-effect validation,SN-000084-alchemy-ingredient-effect-discovery.md,Harvested from creep cluster plants unique to Solstheim.
PROGSEL-000308,alchemy_ingredient_source,ALCHEMY-000005,OBJ-002531,Ash Hopper Jelly,dragonborn,G12/G14,solstheim_harvest_or_purchase,solstheim_harvest_or_purchase,not_listed,Restore Health | Fortify Light Armor | Resist Shock | Weakness to Frost,Acquire during the Solstheim spine and store at the selected base.,One ingredient copy; Alchemy 50 and Experimenter 3 for one-eat all-effects discovery policy.,Do not consume quest/one-time ingredients before parent quest and preservation checks are complete.,TB-033 alchemy-effect validation,SN-000084-alchemy-ingredient-effect-discovery.md,Collected from dead ash hoppers.
PROGSEL-000309,alchemy_ingredient_source,ALCHEMY-000006,OBJ-002532,Ashen Grass Pod,dragonborn,G12/G14,solstheim_harvest_or_purchase,solstheim_harvest_or_purchase,not_listed,"Resist Fire (1.33x, 1.36x) | Weakness to Shock | Fortify Lockpicking | Fortify Sneak",Acquire during the Solstheim spine and store at the selected base.,One ingredient copy; Alchemy 50 and Experimenter 3 for one-eat all-effects discovery policy.,Do not consume quest/one-time ingredients before parent quest and preservation checks are complete.,TB-033 alchemy-effect validation,SN-000084-alchemy-ingredient-effect-discovery.md,Harvested from spiky grass plants unique to Solstheim.
PROGSEL-000310,alchemy_ingredient_source,ALCHEMY-000007,OBJ-002533,Bear Claws,base_game,G02/G14,apothecary_purchase_or_route_harvest,apothecary_purchase_or_route_harvest,None (Uncommon),"Restore Stamina (0.8x, 0.78x) | Fortify Health | Fortify One-handed | Damage Magicka Regen",Buy or harvest one copy during regional service loops; store for Experimenter pass.,One ingredient copy; Alchemy 50 and Experimenter 3 for one-eat all-effects discovery policy.,Do not consume quest/one-time ingredients before parent quest and preservation checks are complete.,TB-033 alchemy-effect validation,SN-000084-alchemy-ingredient-effect-discovery.md,Collected from various types of dead Bears.
PROGSEL-000311,alchemy_ingredient_source,ALCHEMY-000008,OBJ-002534,Bee,base_game,G02/G14,apothecary_purchase_or_route_harvest,apothecary_purchase_or_route_harvest,Common,Restore Stamina | Ravage Stamina | Regenerate Stamina | Weakness to Shock,Buy or harvest one copy during regional service loops; store for Experimenter pass.,One ingredient copy; Alchemy 50 and Experimenter 3 for one-eat all-effects discovery policy.,Do not consume quest/one-time ingredients before parent quest and preservation checks are complete.,TB-033 alchemy-effect validation,SN-000084-alchemy-ingredient-effect-discovery.md,Collected from beehives and by catching Bees.
PROGSEL-000312,alchemy_ingredient_source,ALCHEMY-000009,OBJ-002535,Beehive Husk,base_game,G02/G14,apothecary_purchase_or_route_harvest,apothecary_purchase_or_route_harvest,None (Common),Resist Poison (0.5x) | Fortify Light Armor | Fortify Sneak | Fortify Destruction,Buy or harvest one copy during regional service loops; store for Experimenter pass.,One ingredient copy; Alchemy 50 and Experimenter 3 for one-eat all-effects discovery policy.,Do not consume quest/one-time ingredients before parent quest and preservation checks are complete.,TB-033 alchemy-effect validation,SN-000084-alchemy-ingredient-effect-discovery.md,Collected from beehives.
PROGSEL-000313,alchemy_ingredient_source,ALCHEMY-000010,OBJ-002536,Bleeding Crown,base_game,G14,garden_or_greenhouse_grow,garden_or_greenhouse_grow,Uncommon,Weakness to Fire | Fortify Block | Weakness to Poison | Resist Magic,Plant/grow or harvest one copy where route infrastructure supports it; store for Experimenter pass.,One ingredient copy; Alchemy 50 and Experimenter 3 for one-eat all-effects discovery policy.,Do not consume quest/one-time ingredients before parent quest and preservation checks are complete.,TB-033 alchemy-effect validation,SN-000084-alchemy-ingredient-effect-discovery.md,"Harvested from Bleeding Crown, a mushroom found in various caves."
PROGSEL-000314,alchemy_ingredient_source,ALCHEMY-000011,OBJ-002537,Blisterwort,base_game,G14,garden_or_greenhouse_grow,garden_or_greenhouse_grow,Uncommon,"Damage Stamina | Frenzy | Restore Health (0.6x, 0.57x) | Fortify Smithing",Plant/grow or harvest one copy where route infrastructure supports it; store for Experimenter pass.,One ingredient copy; Alchemy 50 and Experimenter 3 for one-eat all-effects discovery policy.,Do not consume quest/one-time ingredients before parent quest and preservation checks are complete.,TB-033 alchemy-effect validation,SN-000084-alchemy-ingredient-effect-discovery.md,Harvested from Blisterwort mushrooms found in various caves.
PROGSEL-000315,alchemy_ingredient_source,ALCHEMY-000012,OBJ-002538,Blue Butterfly Wing,base_game,G02/G14,apothecary_purchase_or_route_harvest,apothecary_purchase_or_route_harvest,Uncommon,Damage Stamina | Fortify Conjuration | Damage Magicka Regen | Fortify Enchanting,Buy or harvest one copy during regional service loops; store for Experimenter pass.,One ingredient copy; Alchemy 50 and Experimenter 3 for one-eat all-effects discovery policy.,Do not consume quest/one-time ingredients before parent quest and preservation checks are complete.,TB-033 alchemy-effect validation,SN-000084-alchemy-ingredient-effect-discovery.md,Collected by catching Blue Butterflies. Often found during daylight hours near flowering plants.
PROGSEL-000316,alchemy_ingredient_source,ALCHEMY-000013,OBJ-002539,Blue Dartwing,base_game,G02/G14,apothecary_purchase_or_route_harvest,apothecary_purchase_or_route_harvest,None (Uncommon),Resist Shock | Fortify Pickpocket | Restore Health | Fear,Buy or harvest one copy during regional service loops; store for Experimenter pass.,One ingredient copy; Alchemy 50 and Experimenter 3 for one-eat all-effects discovery policy.,Do not consume quest/one-time ingredients before parent quest and preservation checks are complete.,TB-033 alchemy-effect validation,SN-000084-alchemy-ingredient-effect-discovery.md,Collected by catching Dragonflies found near rivers and streams below the snow line.
PROGSEL-000317,alchemy_ingredient_source,ALCHEMY-000014,OBJ-002540,Blue Mountain Flower,base_game,G14,garden_or_greenhouse_grow,garden_or_greenhouse_grow,Common,Restore Health | Fortify Conjuration | Fortify Health | Damage Magicka Regen,Plant/grow or harvest one copy where route infrastructure supports it; store for Experimenter pass.,One ingredient copy; Alchemy 50 and Experimenter 3 for one-eat all-effects discovery policy.,Do not consume quest/one-time ingredients before parent quest and preservation checks are complete.,TB-033 alchemy-effect validation,SN-000084-alchemy-ingredient-effect-discovery.md,"Harvested from the blue variety of Mountain Flower, found throughout Skyrim."
PROGSEL-000318,alchemy_ingredient_source,ALCHEMY-000015,OBJ-002541,Boar Tusk,dragonborn,G12/G14,solstheim_harvest_or_purchase,solstheim_harvest_or_purchase,not_listed,"Fortify Stamina (1.25x, 5x, 7.5x) | Fortify Health (5x, 5.9x) | Fortify Block | Frenzy",Acquire during the Solstheim spine and store at the selected base.,One ingredient copy; Alchemy 50 and Experimenter 3 for one-eat all-effects discovery policy.,Do not consume quest/one-time ingredients before parent quest and preservation checks are complete.,TB-033 alchemy-effect validation,SN-000084-alchemy-ingredient-effect-discovery.md,Collected from dead bristlebacks and rieklings.
PROGSEL-000319,alchemy_ingredient_source,ALCHEMY-000016,OBJ-002542,Bone Meal,base_game,G02/G14,apothecary_purchase_or_route_harvest,apothecary_purchase_or_route_harvest,Common,Damage Stamina | Resist Fire | Fortify Conjuration | Ravage Stamina,Buy or harvest one copy during regional service loops; store for Experimenter pass.,One ingredient copy; Alchemy 50 and Experimenter 3 for one-eat all-effects discovery policy.,Do not consume quest/one-time ingredients before parent quest and preservation checks are complete.,TB-033 alchemy-effect validation,SN-000084-alchemy-ingredient-effect-discovery.md,"Collected from undead such as skeletons, and Draugr."
PROGSEL-000320,alchemy_ingredient_source,ALCHEMY-000017,OBJ-002543,Briar Heart,base_game,G02/G14,apothecary_purchase_or_route_harvest,apothecary_purchase_or_route_harvest,Rare,Restore Magicka | Fortify Block (0.5x) | Paralysis | Fortify Magicka,Buy or harvest one copy during regional service loops; store for Experimenter pass.,One ingredient copy; Alchemy 50 and Experimenter 3 for one-eat all-effects discovery policy.,Do not consume quest/one-time ingredients before parent quest and preservation checks are complete.,TB-033 alchemy-effect validation,SN-000084-alchemy-ingredient-effect-discovery.md,Collected from Forsworn Briarhearts.
PROGSEL-000321,alchemy_ingredient_source,ALCHEMY-000018,OBJ-002544,Burnt Spriggan Wood,dragonborn,G12/G14,solstheim_harvest_or_purchase,solstheim_harvest_or_purchase,not_listed,Weakness to Fire | Fortify Alteration | Damage Magicka Regen | Slow,Acquire during the Solstheim spine and store at the selected base.,One ingredient copy; Alchemy 50 and Experimenter 3 for one-eat all-effects discovery policy.,Do not consume quest/one-time ingredients before parent quest and preservation checks are complete.,TB-033 alchemy-effect validation,SN-000084-alchemy-ingredient-effect-discovery.md,Collected from dead burnt spriggans.
PROGSEL-000322,alchemy_ingredient_source,ALCHEMY-000019,OBJ-002545,Butterfly Wing,base_game,G02/G14,apothecary_purchase_or_route_harvest,apothecary_purchase_or_route_harvest,Uncommon,Restore Health | Fortify Barter | Lingering Damage Stamina | Damage Magicka,Buy or harvest one copy during regional service loops; store for Experimenter pass.,One ingredient copy; Alchemy 50 and Experimenter 3 for one-eat all-effects discovery policy.,Do not consume quest/one-time ingredients before parent quest and preservation checks are complete.,TB-033 alchemy-effect validation,SN-000084-alchemy-ingredient-effect-discovery.md,Collected from catching Monarch Butterflies. Often found during daylight hours near flowering plants.
PROGSEL-000323,alchemy_ingredient_source,ALCHEMY-000020,OBJ-002546,Canis Root,base_game,G14,garden_or_greenhouse_grow,garden_or_greenhouse_grow,Uncommon,Damage Stamina | Fortify One-handed | Fortify Marksman | Paralysis,Plant/grow or harvest one copy where route infrastructure supports it; store for Experimenter pass.,One ingredient copy; Alchemy 50 and Experimenter 3 for one-eat all-effects discovery policy.,Do not consume quest/one-time ingredients before parent quest and preservation checks are complete.,TB-033 alchemy-effect validation,SN-000084-alchemy-ingredient-effect-discovery.md,"Harvested from Canis Root, found in The Rift and Hjaalmarch."
PROGSEL-000324,alchemy_ingredient_source,ALCHEMY-000021,OBJ-002547,Charred Skeever Hide,base_game,G02/G14,apothecary_purchase_or_route_harvest,apothecary_purchase_or_route_harvest,Uncommon,Restore Stamina | Cure Disease (0.36x) | Resist Poison | Restore Health,Buy or harvest one copy during regional service loops; store for Experimenter pass.,One ingredient copy; Alchemy 50 and Experimenter 3 for one-eat all-effects discovery policy.,Do not consume quest/one-time ingredients before parent quest and preservation checks are complete.,TB-033 alchemy-effect validation,SN-000084-alchemy-ingredient-effect-discovery.md,"Food, collected from dead Skeevers found on roasting spits."
PROGSEL-000325,alchemy_ingredient_source,ALCHEMY-000022,OBJ-002548,Chaurus Eggs,base_game,G02/G14,apothecary_purchase_or_route_harvest,apothecary_purchase_or_route_harvest,Uncommon,Weakness to Poison | Fortify Stamina | Damage Magicka | Invisibility,Buy or harvest one copy during regional service loops; store for Experimenter pass.,One ingredient copy; Alchemy 50 and Experimenter 3 for one-eat all-effects discovery policy.,Do not consume quest/one-time ingredients before parent quest and preservation checks are complete.,TB-033 alchemy-effect validation,SN-000084-alchemy-ingredient-effect-discovery.md,"Collected from Chaurus Egg Sacs, found in Falmer caves."
PROGSEL-000326,alchemy_ingredient_source,ALCHEMY-000023,OBJ-002549,Chaurus Hunter Antennae,dawnguard,G11/G14,dawnguard_parent_route,dawnguard_parent_route,None,Damage Stamina | Fortify Conjuration | Damage Magicka Regen | Fortify Enchanting,Acquire during Dawnguard/Forgotten Vale parent routing and store for final discovery.,One ingredient copy; Alchemy 50 and Experimenter 3 for one-eat all-effects discovery policy.,Do not consume quest/one-time ingredients before parent quest and preservation checks are complete.,TB-033 alchemy-effect validation,SN-000084-alchemy-ingredient-effect-discovery.md,Collected from dead Chaurus Hunters and Chaurus Hunter Fledglings.
PROGSEL-000327,alchemy_ingredient_source,ALCHEMY-000024,OBJ-002550,Chicken's Egg,base_game,G02/G14,apothecary_purchase_or_route_harvest,apothecary_purchase_or_route_harvest,Uncommon,Resist Magic | Damage Magicka Regen | Waterbreathing | Lingering Damage Stamina,Buy or harvest one copy during regional service loops; store for Experimenter pass.,One ingredient copy; Alchemy 50 and Experimenter 3 for one-eat all-effects discovery policy.,Do not consume quest/one-time ingredients before parent quest and preservation checks are complete.,TB-033 alchemy-effect validation,SN-000084-alchemy-ingredient-effect-discovery.md,"Food, harvested from Chicken nests in various farms."
PROGSEL-000328,alchemy_ingredient_source,ALCHEMY-000025,OBJ-002551,Creep Cluster,base_game,G14,garden_or_greenhouse_grow,garden_or_greenhouse_grow,Uncommon,Restore Magicka | Damage Stamina Regen | Fortify Carry Weight | Weakness to Magic,Plant/grow or harvest one copy where route infrastructure supports it; store for Experimenter pass.,One ingredient copy; Alchemy 50 and Experimenter 3 for one-eat all-effects discovery policy.,Do not consume quest/one-time ingredients before parent quest and preservation checks are complete.,TB-033 alchemy-effect validation,SN-000084-alchemy-ingredient-effect-discovery.md,"Harvested from Creep Cluster, found in the volcanic tundra of Eastmarch."
PROGSEL-000329,alchemy_ingredient_source,ALCHEMY-000026,OBJ-002552,Crimson Nirnroot,base_game,G14,route_harvest,route_harvest,None,Damage Health (3x) | Damage Stamina (3x) | Invisibility | Resist Magic,Harvest one copy during natural regional routing and store for Experimenter pass.,One ingredient copy; Alchemy 50 and Experimenter 3 for one-eat all-effects discovery policy.,Do not consume quest/one-time ingredients before parent quest and preservation checks are complete.,TB-033 alchemy-effect validation,SN-000084-alchemy-ingredient-effect-discovery.md,"Harvested from Crimson Nirnroot, found in Blackreach, needed for the quest A Return To Your Roots."
PROGSEL-000330,alchemy_ingredient_source,ALCHEMY-000027,OBJ-002553,Cyrodilic Spadetail,base_game,G02/G14,apothecary_purchase_or_route_harvest,apothecary_purchase_or_route_harvest,Common,Damage Stamina | Fortify Restoration | Fear | Ravage Health,Buy or harvest one copy during regional service loops; store for Experimenter pass.,One ingredient copy; Alchemy 50 and Experimenter 3 for one-eat all-effects discovery policy.,Do not consume quest/one-time ingredients before parent quest and preservation checks are complete.,TB-033 alchemy-effect validation,SN-000084-alchemy-ingredient-effect-discovery.md,Collected by catching Cyrodilic Spadetail fish.
PROGSEL-000331,alchemy_ingredient_source,ALCHEMY-000028,OBJ-002554,Daedra Heart,base_game,G02/G14,apothecary_purchase_or_route_harvest,apothecary_purchase_or_route_harvest,Rare,Restore Health | Damage Stamina Regen | Damage Magicka | Fear,Buy or harvest one copy during regional service loops; store for Experimenter pass.,One ingredient copy; Alchemy 50 and Experimenter 3 for one-eat all-effects discovery policy.,Do not consume quest/one-time ingredients before parent quest and preservation checks are complete.,TB-033 alchemy-effect validation,SN-000084-alchemy-ingredient-effect-discovery.md,Collected from dead Dremora.
PROGSEL-000332,alchemy_ingredient_source,ALCHEMY-000029,OBJ-002555,Deathbell,base_game,G14,garden_or_greenhouse_grow,garden_or_greenhouse_grow,Rare,Damage Health (1.5x) | Ravage Stamina (2.1x) | Slow | Weakness to Poison,Plant/grow or harvest one copy where route infrastructure supports it; store for Experimenter pass.,One ingredient copy; Alchemy 50 and Experimenter 3 for one-eat all-effects discovery policy.,Do not consume quest/one-time ingredients before parent quest and preservation checks are complete.,TB-033 alchemy-effect validation,SN-000084-alchemy-ingredient-effect-discovery.md,"Harvested from Deathbell, found in Hjaalmarch. Needed for the quests Few and Far Between and The Only Cure."
PROGSEL-000333,alchemy_ingredient_source,ALCHEMY-000030,OBJ-002556,Dragon's Tongue,base_game,G14,garden_or_greenhouse_grow,garden_or_greenhouse_grow,Common,Resist Fire | Fortify Barter | Fortify Illusion | Fortify Two-handed,Plant/grow or harvest one copy where route infrastructure supports it; store for Experimenter pass.,One ingredient copy; Alchemy 50 and Experimenter 3 for one-eat all-effects discovery policy.,Do not consume quest/one-time ingredients before parent quest and preservation checks are complete.,TB-033 alchemy-effect validation,SN-000084-alchemy-ingredient-effect-discovery.md,"Harvested from Dragon's Tongue, found in the volcanic tundra of Eastmarch."
PROGSEL-000334,alchemy_ingredient_source,ALCHEMY-000031,OBJ-002557,Dwarven Oil,base_game,G02/G14,apothecary_purchase_or_route_harvest,apothecary_purchase_or_route_harvest,Uncommon,Weakness to Magic | Fortify Illusion | Regenerate Magicka | Restore Magicka,Buy or harvest one copy during regional service loops; store for Experimenter pass.,One ingredient copy; Alchemy 50 and Experimenter 3 for one-eat all-effects discovery policy.,Do not consume quest/one-time ingredients before parent quest and preservation checks are complete.,TB-033 alchemy-effect validation,SN-000084-alchemy-ingredient-effect-discovery.md,"Collected from destroyed Dwarven Automatons, found in Dwarven Ruins."
PROGSEL-000335,alchemy_ingredient_source,ALCHEMY-000032,OBJ-002558,Ectoplasm,base_game,G02/G14,apothecary_purchase_or_route_harvest,apothecary_purchase_or_route_harvest,Uncommon,Restore Magicka | Fortify Destruction (0.8x) | Fortify Magicka | Damage Health,Buy or harvest one copy during regional service loops; store for Experimenter pass.,One ingredient copy; Alchemy 50 and Experimenter 3 for one-eat all-effects discovery policy.,Do not consume quest/one-time ingredients before parent quest and preservation checks are complete.,TB-033 alchemy-effect validation,SN-000084-alchemy-ingredient-effect-discovery.md,Collected from undead Ghosts.
PROGSEL-000336,alchemy_ingredient_source,ALCHEMY-000033,OBJ-002559,Elves Ear,base_game,G02/G14,apothecary_purchase_or_route_harvest,apothecary_purchase_or_route_harvest,Common,Restore Magicka | Fortify Marksman | Weakness to Frost | Resist Fire,Buy or harvest one copy during regional service loops; store for Experimenter pass.,One ingredient copy; Alchemy 50 and Experimenter 3 for one-eat all-effects discovery policy.,Do not consume quest/one-time ingredients before parent quest and preservation checks are complete.,TB-033 alchemy-effect validation,SN-000084-alchemy-ingredient-effect-discovery.md,Harvested from Dried Elves Ear bunches found in homes and camps.
PROGSEL-000337,alchemy_ingredient_source,ALCHEMY-000034,OBJ-002560,Emperor Parasol Moss,dragonborn,G12/G14,solstheim_harvest_or_purchase,solstheim_harvest_or_purchase,not_listed,Damage Health (1.5x) | Fortify Magicka | Regenerate Health | Fortify Two-handed,Acquire during the Solstheim spine and store at the selected base.,One ingredient copy; Alchemy 50 and Experimenter 3 for one-eat all-effects discovery policy.,Do not consume quest/one-time ingredients before parent quest and preservation checks are complete.,TB-033 alchemy-effect validation,SN-000084-alchemy-ingredient-effect-discovery.md,Harvested from emperor parasol moss plants near Tel Mithryn.
PROGSEL-000338,alchemy_ingredient_source,ALCHEMY-000035,OBJ-002561,Eye of Sabre Cat,base_game,G02/G14,apothecary_purchase_or_route_harvest,apothecary_purchase_or_route_harvest,None (Uncommon),Restore Stamina | Ravage Health | Damage Magicka | Restore Health,Buy or harvest one copy during regional service loops; store for Experimenter pass.,One ingredient copy; Alchemy 50 and Experimenter 3 for one-eat all-effects discovery policy.,Do not consume quest/one-time ingredients before parent quest and preservation checks are complete.,TB-033 alchemy-effect validation,SN-000084-alchemy-ingredient-effect-discovery.md,Collected from dead Sabre Cats.
PROGSEL-000339,alchemy_ingredient_source,ALCHEMY-000036,OBJ-002562,Falmer Ear,base_game,G02/G14,apothecary_purchase_or_route_harvest,apothecary_purchase_or_route_harvest,Uncommon,Damage Health | Frenzy | Resist Poison | Fortify Lockpicking,Buy or harvest one copy during regional service loops; store for Experimenter pass.,One ingredient copy; Alchemy 50 and Experimenter 3 for one-eat all-effects discovery policy.,Do not consume quest/one-time ingredients before parent quest and preservation checks are complete.,TB-033 alchemy-effect validation,SN-000084-alchemy-ingredient-effect-discovery.md,Collected from dead Falmer.
PROGSEL-000340,alchemy_ingredient_source,ALCHEMY-000037,OBJ-002563,Felsaad Tern Feathers,dragonborn,G12/G14,solstheim_harvest_or_purchase,solstheim_harvest_or_purchase,not_listed,Restore Health | Fortify Light Armor | Cure Disease | Resist Magic,Acquire during the Solstheim spine and store at the selected base.,One ingredient copy; Alchemy 50 and Experimenter 3 for one-eat all-effects discovery policy.,Do not consume quest/one-time ingredients before parent quest and preservation checks are complete.,TB-033 alchemy-effect validation,SN-000084-alchemy-ingredient-effect-discovery.md,Collected from dead Felsaad terns.
PROGSEL-000341,alchemy_ingredient_source,ALCHEMY-000038,OBJ-002564,Fire Salts,base_game,G02/G14,apothecary_purchase_or_route_harvest,apothecary_purchase_or_route_harvest,Rare,Weakness to Frost | Resist Fire | Restore Magicka | Regenerate Magicka,Buy or harvest one copy during regional service loops; store for Experimenter pass.,One ingredient copy; Alchemy 50 and Experimenter 3 for one-eat all-effects discovery policy.,Do not consume quest/one-time ingredients before parent quest and preservation checks are complete.,TB-033 alchemy-effect validation,SN-000084-alchemy-ingredient-effect-discovery.md,"Collected from dead Flame Atronachs, a type of daedra. Needed for the quest Stoking the Flames."
PROGSEL-000342,alchemy_ingredient_source,ALCHEMY-000039,OBJ-002565,Fly Amanita,base_game,G14,garden_or_greenhouse_grow,garden_or_greenhouse_grow,Uncommon,Resist Fire | Fortify Two-handed | Frenzy | Regenerate Stamina,Plant/grow or harvest one copy where route infrastructure supports it; store for Experimenter pass.,One ingredient copy; Alchemy 50 and Experimenter 3 for one-eat all-effects discovery policy.,Do not consume quest/one-time ingredients before parent quest and preservation checks are complete.,TB-033 alchemy-effect validation,SN-000084-alchemy-ingredient-effect-discovery.md,"Harvested from Fly Amanita mushrooms, found in various caves."
PROGSEL-000343,alchemy_ingredient_source,ALCHEMY-000040,OBJ-002566,Frost Mirriam,base_game,G02/G14,apothecary_purchase_or_route_harvest,apothecary_purchase_or_route_harvest,Uncommon,Resist Frost | Fortify Sneak | Ravage Magicka | Damage Stamina Regen,Buy or harvest one copy during regional service loops; store for Experimenter pass.,One ingredient copy; Alchemy 50 and Experimenter 3 for one-eat all-effects discovery policy.,Do not consume quest/one-time ingredients before parent quest and preservation checks are complete.,TB-033 alchemy-effect validation,SN-000084-alchemy-ingredient-effect-discovery.md,Harvested from Dried Frost Mirriam bunches found in homes and camps.
PROGSEL-000344,alchemy_ingredient_source,ALCHEMY-000041,OBJ-002567,Frost Salts,base_game,G02/G14,apothecary_purchase_or_route_harvest,apothecary_purchase_or_route_harvest,Rare,Weakness to Fire | Resist Frost | Restore Magicka | Fortify Conjuration,Buy or harvest one copy during regional service loops; store for Experimenter pass.,One ingredient copy; Alchemy 50 and Experimenter 3 for one-eat all-effects discovery policy.,Do not consume quest/one-time ingredients before parent quest and preservation checks are complete.,TB-033 alchemy-effect validation,SN-000084-alchemy-ingredient-effect-discovery.md,"Collected from dead Frost Atronachs, a type of daedra. One is needed for the quest Dravynea's Frost Salts."
PROGSEL-000345,alchemy_ingredient_source,ALCHEMY-000042,OBJ-002568,Garlic,base_game,G02/G14,apothecary_purchase_or_route_harvest,apothecary_purchase_or_route_harvest,Common,Resist Poison | Fortify Stamina | Regenerate Magicka | Regenerate Health,Buy or harvest one copy during regional service loops; store for Experimenter pass.,One ingredient copy; Alchemy 50 and Experimenter 3 for one-eat all-effects discovery policy.,Do not consume quest/one-time ingredients before parent quest and preservation checks are complete.,TB-033 alchemy-effect validation,SN-000084-alchemy-ingredient-effect-discovery.md,Food. Can also be harvested from Garlic Braids.
PROGSEL-000346,alchemy_ingredient_source,ALCHEMY-000043,OBJ-002569,Giant Lichen,base_game,G14,garden_or_greenhouse_grow,garden_or_greenhouse_grow,Uncommon,Weakness to Shock | Ravage Health | Weakness to Poison | Restore Magicka,Plant/grow or harvest one copy where route infrastructure supports it; store for Experimenter pass.,One ingredient copy; Alchemy 50 and Experimenter 3 for one-eat all-effects discovery policy.,Do not consume quest/one-time ingredients before parent quest and preservation checks are complete.,TB-033 alchemy-effect validation,SN-000084-alchemy-ingredient-effect-discovery.md,"Harvested from Giant Lichen, found in Hjaalmarch."
PROGSEL-000347,alchemy_ingredient_source,ALCHEMY-000044,OBJ-002570,Giant's Toe,base_game,G02/G14,apothecary_purchase_or_route_harvest,apothecary_purchase_or_route_harvest,Rare,"Damage Stamina | Fortify Health (5x, 5.9x) | Fortify Carry Weight | Damage Stamina Regen",Buy or harvest one copy during regional service loops; store for Experimenter pass.,One ingredient copy; Alchemy 50 and Experimenter 3 for one-eat all-effects discovery policy.,Do not consume quest/one-time ingredients before parent quest and preservation checks are complete.,TB-033 alchemy-effect validation,SN-000084-alchemy-ingredient-effect-discovery.md,"Collected from dead Giants, which can be found in Giant Camps."
PROGSEL-000348,alchemy_ingredient_source,ALCHEMY-000045,OBJ-002571,Gleamblossom,dawnguard,G11/G14,dawnguard_parent_route,dawnguard_parent_route,None,Resist Magic | Fear | Regenerate Health | Paralysis,Acquire during Dawnguard/Forgotten Vale parent routing and store for final discovery.,One ingredient copy; Alchemy 50 and Experimenter 3 for one-eat all-effects discovery policy.,Do not consume quest/one-time ingredients before parent quest and preservation checks are complete.,TB-033 alchemy-effect validation,SN-000084-alchemy-ingredient-effect-discovery.md,Harvested from the plant of the same name.
PROGSEL-000349,alchemy_ingredient_source,ALCHEMY-000046,OBJ-002572,Glow Dust,base_game,G02/G14,apothecary_purchase_or_route_harvest,apothecary_purchase_or_route_harvest,Uncommon,Damage Magicka | Damage Magicka Regen | Fortify Destruction | Resist Shock,Buy or harvest one copy during regional service loops; store for Experimenter pass.,One ingredient copy; Alchemy 50 and Experimenter 3 for one-eat all-effects discovery policy.,Do not consume quest/one-time ingredients before parent quest and preservation checks are complete.,TB-033 alchemy-effect validation,SN-000084-alchemy-ingredient-effect-discovery.md,Collected from dead Wisps and Wispmothers.
PROGSEL-000350,alchemy_ingredient_source,ALCHEMY-000047,OBJ-002573,Glowing Mushroom,base_game,G14,garden_or_greenhouse_grow,garden_or_greenhouse_grow,None,Resist Shock | Fortify Destruction | Fortify Smithing | Fortify Health,Plant/grow or harvest one copy where route infrastructure supports it; store for Experimenter pass.,One ingredient copy; Alchemy 50 and Experimenter 3 for one-eat all-effects discovery policy.,Do not consume quest/one-time ingredients before parent quest and preservation checks are complete.,TB-033 alchemy-effect validation,SN-000084-alchemy-ingredient-effect-discovery.md,"Harvested from Glowing Mushrooms, found in various caves."
PROGSEL-000351,alchemy_ingredient_source,ALCHEMY-000048,OBJ-002574,Grass Pod,base_game,G14,garden_or_greenhouse_grow,garden_or_greenhouse_grow,Uncommon,Resist Poison | Ravage Magicka | Fortify Alteration | Restore Magicka,Plant/grow or harvest one copy where route infrastructure supports it; store for Experimenter pass.,One ingredient copy; Alchemy 50 and Experimenter 3 for one-eat all-effects discovery policy.,Do not consume quest/one-time ingredients before parent quest and preservation checks are complete.,TB-033 alchemy-effect validation,SN-000084-alchemy-ingredient-effect-discovery.md,"Harvested from Spiky Grass, found in northern regions of Skyrim."
PROGSEL-000352,alchemy_ingredient_source,ALCHEMY-000049,OBJ-002575,Hagraven Claw,base_game,G02/G14,apothecary_purchase_or_route_harvest,apothecary_purchase_or_route_harvest,Rare,Resist Magic | Lingering Damage Magicka | Fortify Enchanting | Fortify Barter,Buy or harvest one copy during regional service loops; store for Experimenter pass.,One ingredient copy; Alchemy 50 and Experimenter 3 for one-eat all-effects discovery policy.,Do not consume quest/one-time ingredients before parent quest and preservation checks are complete.,TB-033 alchemy-effect validation,SN-000084-alchemy-ingredient-effect-discovery.md,Collected from dead Hagravens.
PROGSEL-000353,alchemy_ingredient_source,ALCHEMY-000050,OBJ-002576,Hagraven Feathers,base_game,G02/G14,apothecary_purchase_or_route_harvest,apothecary_purchase_or_route_harvest,Rare,Damage Magicka | Fortify Conjuration | Frenzy | Weakness to Shock,Buy or harvest one copy during regional service loops; store for Experimenter pass.,One ingredient copy; Alchemy 50 and Experimenter 3 for one-eat all-effects discovery policy.,Do not consume quest/one-time ingredients before parent quest and preservation checks are complete.,TB-033 alchemy-effect validation,SN-000084-alchemy-ingredient-effect-discovery.md,Collected from dead Hagravens. Can also be found scattered around their sleeping areas.
PROGSEL-000354,alchemy_ingredient_source,ALCHEMY-000051,OBJ-002577,Hanging Moss,base_game,G02/G14,apothecary_purchase_or_route_harvest,apothecary_purchase_or_route_harvest,Uncommon,Damage Magicka | Fortify Health | Damage Magicka Regen | Fortify One-handed,Buy or harvest one copy during regional service loops; store for Experimenter pass.,One ingredient copy; Alchemy 50 and Experimenter 3 for one-eat all-effects discovery policy.,Do not consume quest/one-time ingredients before parent quest and preservation checks are complete.,TB-033 alchemy-effect validation,SN-000084-alchemy-ingredient-effect-discovery.md,Harvested from Hanging Moss.
PROGSEL-000355,alchemy_ingredient_source,ALCHEMY-000052,OBJ-002578,Hawk Beak,base_game,G02/G14,apothecary_purchase_or_route_harvest,apothecary_purchase_or_route_harvest,Uncommon,Restore Stamina | Resist Frost | Fortify Carry Weight | Resist Shock,Buy or harvest one copy during regional service loops; store for Experimenter pass.,One ingredient copy; Alchemy 50 and Experimenter 3 for one-eat all-effects discovery policy.,Do not consume quest/one-time ingredients before parent quest and preservation checks are complete.,TB-033 alchemy-effect validation,SN-000084-alchemy-ingredient-effect-discovery.md,Collected from dead Hawks.
PROGSEL-000356,alchemy_ingredient_source,ALCHEMY-000053,OBJ-002579,Hawk Feathers,base_game,G02/G14,apothecary_purchase_or_route_harvest,apothecary_purchase_or_route_harvest,Uncommon,Cure Disease (0.36x) | Fortify Light Armor | Fortify One-handed | Fortify Sneak,Buy or harvest one copy during regional service loops; store for Experimenter pass.,One ingredient copy; Alchemy 50 and Experimenter 3 for one-eat all-effects discovery policy.,Do not consume quest/one-time ingredients before parent quest and preservation checks are complete.,TB-033 alchemy-effect validation,SN-000084-alchemy-ingredient-effect-discovery.md,Collected from dead Hawks.
PROGSEL-000357,alchemy_ingredient_source,ALCHEMY-000054,OBJ-002580,Hawk's Egg,base_game,G14,route_harvest,route_harvest,None,Resist Magic | Damage Magicka Regen | Waterbreathing | Lingering Damage Stamina,Harvest one copy during natural regional routing and store for Experimenter pass.,One ingredient copy; Alchemy 50 and Experimenter 3 for one-eat all-effects discovery policy.,Do not consume quest/one-time ingredients before parent quest and preservation checks are complete.,TB-033 alchemy-effect validation,SN-000084-alchemy-ingredient-effect-discovery.md,Harvested from Hawk nests.
PROGSEL-000358,alchemy_ingredient_source,ALCHEMY-000055,OBJ-002581,Histcarp,base_game,G02/G14,apothecary_purchase_or_route_harvest,apothecary_purchase_or_route_harvest,Common,Restore Stamina | Fortify Magicka | Damage Stamina Regen | Waterbreathing,Buy or harvest one copy during regional service loops; store for Experimenter pass.,One ingredient copy; Alchemy 50 and Experimenter 3 for one-eat all-effects discovery policy.,Do not consume quest/one-time ingredients before parent quest and preservation checks are complete.,TB-033 alchemy-effect validation,SN-000084-alchemy-ingredient-effect-discovery.md,Collected by catching Histcarp fish.
PROGSEL-000359,alchemy_ingredient_source,ALCHEMY-000056,OBJ-002582,Honeycomb,base_game,G02/G14,apothecary_purchase_or_route_harvest,apothecary_purchase_or_route_harvest,None (Common),Restore Stamina | Fortify Block (0.5x) | Fortify Light Armor | Ravage Stamina,Buy or harvest one copy during regional service loops; store for Experimenter pass.,One ingredient copy; Alchemy 50 and Experimenter 3 for one-eat all-effects discovery policy.,Do not consume quest/one-time ingredients before parent quest and preservation checks are complete.,TB-033 alchemy-effect validation,SN-000084-alchemy-ingredient-effect-discovery.md,Food. Collected from beehives.
PROGSEL-000360,alchemy_ingredient_source,ALCHEMY-000057,OBJ-002583,Human Flesh,base_game,G14,route_harvest,route_harvest,None,Damage Health | Paralysis | Restore Magicka | Fortify Sneak,Harvest one copy during natural regional routing and store for Experimenter pass.,One ingredient copy; Alchemy 50 and Experimenter 3 for one-eat all-effects discovery policy.,Do not consume quest/one-time ingredients before parent quest and preservation checks are complete.,TB-033 alchemy-effect validation,SN-000084-alchemy-ingredient-effect-discovery.md,"Cannot be harvested or collected; with the Dawnguard add-on installed, several respawning samples can be found in Volkihar Keep."
PROGSEL-000361,alchemy_ingredient_source,ALCHEMY-000058,OBJ-002584,Human Heart,base_game,G14,route_harvest,route_harvest,None,Damage Health | Damage Magicka | Damage Magicka Regen | Frenzy,Harvest one copy during natural regional routing and store for Experimenter pass.,One ingredient copy; Alchemy 50 and Experimenter 3 for one-eat all-effects discovery policy.,Do not consume quest/one-time ingredients before parent quest and preservation checks are complete.,TB-033 alchemy-effect validation,SN-000084-alchemy-ingredient-effect-discovery.md,Cannot be harvested or collected; limited number of samples available.
PROGSEL-000362,alchemy_ingredient_source,ALCHEMY-000059,OBJ-002585,Ice Wraith Teeth,base_game,G02/G14,apothecary_purchase_or_route_harvest,apothecary_purchase_or_route_harvest,Rare,Weakness to Frost | Fortify Heavy Armor | Invisibility | Weakness to Fire,Buy or harvest one copy during regional service loops; store for Experimenter pass.,One ingredient copy; Alchemy 50 and Experimenter 3 for one-eat all-effects discovery policy.,Do not consume quest/one-time ingredients before parent quest and preservation checks are complete.,TB-033 alchemy-effect validation,SN-000084-alchemy-ingredient-effect-discovery.md,Collected from Ice Wraiths. Needed for the quest Ice Cold.
PROGSEL-000363,alchemy_ingredient_source,ALCHEMY-000060,OBJ-002586,Imp Stool,base_game,G14,garden_or_greenhouse_grow,garden_or_greenhouse_grow,Rare,"Damage Health | Lingering Damage Health | Paralysis | Restore Health (0.6x, 0.57x)",Plant/grow or harvest one copy where route infrastructure supports it; store for Experimenter pass.,One ingredient copy; Alchemy 50 and Experimenter 3 for one-eat all-effects discovery policy.,Do not consume quest/one-time ingredients before parent quest and preservation checks are complete.,TB-033 alchemy-effect validation,SN-000084-alchemy-ingredient-effect-discovery.md,"Harvested from Imp Stool mushrooms, found in various caves."
PROGSEL-000364,alchemy_ingredient_source,ALCHEMY-000061,OBJ-002587,Jazbay Grapes,base_game,G14,garden_or_greenhouse_grow,garden_or_greenhouse_grow,Rare,Weakness to Magic | Fortify Magicka | Regenerate Magicka | Ravage Health,Plant/grow or harvest one copy where route infrastructure supports it; store for Experimenter pass.,One ingredient copy; Alchemy 50 and Experimenter 3 for one-eat all-effects discovery policy.,Do not consume quest/one-time ingredients before parent quest and preservation checks are complete.,TB-033 alchemy-effect validation,SN-000084-alchemy-ingredient-effect-discovery.md,"Harvested from Jazbay vines, found in the volcanic tundra of Eastmarch. Needed for the quest Smooth Jazbay."
PROGSEL-000365,alchemy_ingredient_source,ALCHEMY-000062,OBJ-002588,Juniper Berries,base_game,G14,garden_or_greenhouse_grow,garden_or_greenhouse_grow,Common,Weakness to Fire | Fortify Marksman | Regenerate Health | Damage Stamina Regen,Plant/grow or harvest one copy where route infrastructure supports it; store for Experimenter pass.,One ingredient copy; Alchemy 50 and Experimenter 3 for one-eat all-effects discovery policy.,Do not consume quest/one-time ingredients before parent quest and preservation checks are complete.,TB-033 alchemy-effect validation,SN-000084-alchemy-ingredient-effect-discovery.md,"Harvested from Juniper shrubs, common in The Reach. Needed for the quest Elmus Favor Quest."
PROGSEL-000366,alchemy_ingredient_source,ALCHEMY-000063,OBJ-002589,Large Antlers,base_game,G02/G14,apothecary_purchase_or_route_harvest,apothecary_purchase_or_route_harvest,None (Uncommon),"Restore Stamina | Fortify Stamina | Slow (6x, 1.75x) | Damage Stamina Regen",Buy or harvest one copy during regional service loops; store for Experimenter pass.,One ingredient copy; Alchemy 50 and Experimenter 3 for one-eat all-effects discovery policy.,Do not consume quest/one-time ingredients before parent quest and preservation checks are complete.,TB-033 alchemy-effect validation,SN-000084-alchemy-ingredient-effect-discovery.md,Collected from dead male Elk.
PROGSEL-000367,alchemy_ingredient_source,ALCHEMY-000064,OBJ-002590,Lavender,base_game,G14,garden_or_greenhouse_grow,garden_or_greenhouse_grow,Common,Resist Magic | Fortify Stamina | Ravage Magicka | Fortify Conjuration,Plant/grow or harvest one copy where route infrastructure supports it; store for Experimenter pass.,One ingredient copy; Alchemy 50 and Experimenter 3 for one-eat all-effects discovery policy.,Do not consume quest/one-time ingredients before parent quest and preservation checks are complete.,TB-033 alchemy-effect validation,SN-000084-alchemy-ingredient-effect-discovery.md,"Harvested from Lavender, most common in Whiterun Hold."
PROGSEL-000368,alchemy_ingredient_source,ALCHEMY-000065,OBJ-002591,Luna Moth Wing,base_game,G02/G14,apothecary_purchase_or_route_harvest,apothecary_purchase_or_route_harvest,Uncommon,Damage Magicka | Fortify Light Armor | Regenerate Health | Invisibility,Buy or harvest one copy during regional service loops; store for Experimenter pass.,One ingredient copy; Alchemy 50 and Experimenter 3 for one-eat all-effects discovery policy.,Do not consume quest/one-time ingredients before parent quest and preservation checks are complete.,TB-033 alchemy-effect validation,SN-000084-alchemy-ingredient-effect-discovery.md,Collected by catching Luna Moths. Often found near flowers after dark.
PROGSEL-000369,alchemy_ingredient_source,ALCHEMY-000066,OBJ-002592,Moon Sugar,base_game,G06/G14,khajiit_caravan_purchase,khajiit_caravan_purchase,Uncommon,Weakness to Fire | Resist Frost | Restore Magicka | Regenerate Magicka,Buy one copy from Khajiit caravan stock and store it for the Experimenter pass.,One ingredient copy; Alchemy 50 and Experimenter 3 for one-eat all-effects discovery policy.,Do not consume quest/one-time ingredients before parent quest and preservation checks are complete.,TB-033 alchemy-effect validation,SN-000084-alchemy-ingredient-effect-discovery.md,Cannot be collected or harvested. Can be purchased from the Khajiit Traders.
PROGSEL-000370,alchemy_ingredient_source,ALCHEMY-000067,OBJ-002593,Mora Tapinella,base_game,G14,garden_or_greenhouse_grow,garden_or_greenhouse_grow,Uncommon,Restore Magicka | Lingering Damage Health | Regenerate Stamina | Fortify Illusion,Plant/grow or harvest one copy where route infrastructure supports it; store for Experimenter pass.,One ingredient copy; Alchemy 50 and Experimenter 3 for one-eat all-effects discovery policy.,Do not consume quest/one-time ingredients before parent quest and preservation checks are complete.,TB-033 alchemy-effect validation,SN-000084-alchemy-ingredient-effect-discovery.md,"Harvested from Mora Tapinella mushrooms, found growing on dead trees."
PROGSEL-000371,alchemy_ingredient_source,ALCHEMY-000068,OBJ-002594,Mudcrab Chitin,base_game,G02/G14,apothecary_purchase_or_route_harvest,apothecary_purchase_or_route_harvest,None (Common),Restore Stamina | Cure Disease | Resist Poison | Resist Fire,Buy or harvest one copy during regional service loops; store for Experimenter pass.,One ingredient copy; Alchemy 50 and Experimenter 3 for one-eat all-effects discovery policy.,Do not consume quest/one-time ingredients before parent quest and preservation checks are complete.,TB-033 alchemy-effect validation,SN-000084-alchemy-ingredient-effect-discovery.md,"Collected from dead Mudcrabs, found in or near bodies of water."
PROGSEL-000372,alchemy_ingredient_source,ALCHEMY-000069,OBJ-002595,Namira's Rot,base_game,G14,garden_or_greenhouse_grow,garden_or_greenhouse_grow,Uncommon,Damage Magicka | Fortify Lockpicking | Fear | Regenerate Health,Plant/grow or harvest one copy where route infrastructure supports it; store for Experimenter pass.,One ingredient copy; Alchemy 50 and Experimenter 3 for one-eat all-effects discovery policy.,Do not consume quest/one-time ingredients before parent quest and preservation checks are complete.,TB-033 alchemy-effect validation,SN-000084-alchemy-ingredient-effect-discovery.md,"Harvested from Namira's Rot mushrooms, found in various caves."
PROGSEL-000373,alchemy_ingredient_source,ALCHEMY-000070,OBJ-002596,Netch Jelly,dragonborn,G12/G14,solstheim_harvest_or_purchase,solstheim_harvest_or_purchase,not_listed,Paralysis | Fortify Carry Weight | Restore Stamina (2x) | Fear,Acquire during the Solstheim spine and store at the selected base.,One ingredient copy; Alchemy 50 and Experimenter 3 for one-eat all-effects discovery policy.,Do not consume quest/one-time ingredients before parent quest and preservation checks are complete.,TB-033 alchemy-effect validation,SN-000084-alchemy-ingredient-effect-discovery.md,Collected from dead netch.
PROGSEL-000374,alchemy_ingredient_source,ALCHEMY-000071,OBJ-002597,Nightshade,base_game,G14,garden_or_greenhouse_grow,garden_or_greenhouse_grow,Rare,Damage Health | Damage Magicka Regen | Lingering Damage Stamina | Fortify Destruction (0.8x),Plant/grow or harvest one copy where route infrastructure supports it; store for Experimenter pass.,One ingredient copy; Alchemy 50 and Experimenter 3 for one-eat all-effects discovery policy.,Do not consume quest/one-time ingredients before parent quest and preservation checks are complete.,TB-033 alchemy-effect validation,SN-000084-alchemy-ingredient-effect-discovery.md,"Harvested from Nightshade, found growing throughout Skyrim. Needed for the quest Few and Far Between."
PROGSEL-000375,alchemy_ingredient_source,ALCHEMY-000072,OBJ-002598,Nirnroot,base_game,G02/G14,apothecary_purchase_or_route_harvest,apothecary_purchase_or_route_harvest,Rare,Damage Health (12.6x) | Damage Stamina | Invisibility | Resist Magic,Buy or harvest one copy during regional service loops; store for Experimenter pass.,One ingredient copy; Alchemy 50 and Experimenter 3 for one-eat all-effects discovery policy.,Do not consume quest/one-time ingredients before parent quest and preservation checks are complete.,TB-033 alchemy-effect validation,SN-000084-alchemy-ingredient-effect-discovery.md,"Harvested from Nirnroot, found near bodies of water throughout Skyrim. Needed for the quest Few and Far Between."
PROGSEL-000376,alchemy_ingredient_source,ALCHEMY-000073,OBJ-002599,Nordic Barnacle,base_game,G02/G14,apothecary_purchase_or_route_harvest,apothecary_purchase_or_route_harvest,Uncommon,Damage Magicka | Waterbreathing | Regenerate Health | Fortify Pickpocket,Buy or harvest one copy during regional service loops; store for Experimenter pass.,One ingredient copy; Alchemy 50 and Experimenter 3 for one-eat all-effects discovery policy.,Do not consume quest/one-time ingredients before parent quest and preservation checks are complete.,TB-033 alchemy-effect validation,SN-000084-alchemy-ingredient-effect-discovery.md,"Harvested from Nordic Barnacle Clusters, found in or near water."
PROGSEL-000377,alchemy_ingredient_source,ALCHEMY-000074,OBJ-002600,Orange Dartwing,base_game,G02/G14,apothecary_purchase_or_route_harvest,apothecary_purchase_or_route_harvest,None (Uncommon),Restore Stamina | Ravage Magicka | Fortify Pickpocket | Lingering Damage Health,Buy or harvest one copy during regional service loops; store for Experimenter pass.,One ingredient copy; Alchemy 50 and Experimenter 3 for one-eat all-effects discovery policy.,Do not consume quest/one-time ingredients before parent quest and preservation checks are complete.,TB-033 alchemy-effect validation,SN-000084-alchemy-ingredient-effect-discovery.md,Collected by catching Dragonflies found near rivers and streams below the snow line.
PROGSEL-000378,alchemy_ingredient_source,ALCHEMY-000075,OBJ-002601,Pearl,base_game,G02/G14,apothecary_purchase_or_route_harvest,apothecary_purchase_or_route_harvest,None (Rare),Restore Stamina | Fortify Block | Restore Magicka | Resist Shock,Buy or harvest one copy during regional service loops; store for Experimenter pass.,One ingredient copy; Alchemy 50 and Experimenter 3 for one-eat all-effects discovery policy.,Do not consume quest/one-time ingredients before parent quest and preservation checks are complete.,TB-033 alchemy-effect validation,SN-000084-alchemy-ingredient-effect-discovery.md,"Cannot be harvested or collected in the original version of the game; only readily available after the Merchant perk has been unlocked. With Dragonborn, they can be harvested from Pearl Oysters in Solstheim."
PROGSEL-000379,alchemy_ingredient_source,ALCHEMY-000076,OBJ-002602,Pine Thrush Egg,base_game,G02/G14,apothecary_purchase_or_route_harvest,apothecary_purchase_or_route_harvest,Common,Restore Stamina | Fortify Lockpicking | Weakness to Poison | Resist Shock,Buy or harvest one copy during regional service loops; store for Experimenter pass.,One ingredient copy; Alchemy 50 and Experimenter 3 for one-eat all-effects discovery policy.,Do not consume quest/one-time ingredients before parent quest and preservation checks are complete.,TB-033 alchemy-effect validation,SN-000084-alchemy-ingredient-effect-discovery.md,"Harvested from bird nests in forested regions, in particular The Rift."
PROGSEL-000380,alchemy_ingredient_source,ALCHEMY-000077,OBJ-002603,Poison Bloom,dawnguard,G11/G14,dawnguard_parent_route,dawnguard_parent_route,None,Damage Health (1.5x) | Slow | Fortify Carry Weight | Fear,Acquire during Dawnguard/Forgotten Vale parent routing and store for final discovery.,One ingredient copy; Alchemy 50 and Experimenter 3 for one-eat all-effects discovery policy.,Do not consume quest/one-time ingredients before parent quest and preservation checks are complete.,TB-033 alchemy-effect validation,SN-000084-alchemy-ingredient-effect-discovery.md,Harvested from the plant of the same name.
PROGSEL-000381,alchemy_ingredient_source,ALCHEMY-000078,OBJ-002604,Powdered Mammoth Tusk,base_game,G02/G14,apothecary_purchase_or_route_harvest,apothecary_purchase_or_route_harvest,None (Uncommon),Restore Stamina | Fortify Sneak | Weakness to Fire | Fear,Buy or harvest one copy during regional service loops; store for Experimenter pass.,One ingredient copy; Alchemy 50 and Experimenter 3 for one-eat all-effects discovery policy.,Do not consume quest/one-time ingredients before parent quest and preservation checks are complete.,TB-033 alchemy-effect validation,SN-000084-alchemy-ingredient-effect-discovery.md,Cannot be harvested or collected; only readily available after the Merchant perk has been unlocked.
PROGSEL-000382,alchemy_ingredient_source,ALCHEMY-000079,OBJ-002605,Purple Mountain Flower,base_game,G14,garden_or_greenhouse_grow,garden_or_greenhouse_grow,Common,Restore Stamina | Fortify Sneak | Lingering Damage Magicka | Resist Frost,Plant/grow or harvest one copy where route infrastructure supports it; store for Experimenter pass.,One ingredient copy; Alchemy 50 and Experimenter 3 for one-eat all-effects discovery policy.,Do not consume quest/one-time ingredients before parent quest and preservation checks are complete.,TB-033 alchemy-effect validation,SN-000084-alchemy-ingredient-effect-discovery.md,Harvested from the purple variety of Mountain Flower.
PROGSEL-000383,alchemy_ingredient_source,ALCHEMY-000080,OBJ-002606,Red Mountain Flower,base_game,G14,garden_or_greenhouse_grow,garden_or_greenhouse_grow,Common,Restore Magicka | Ravage Magicka | Fortify Magicka | Damage Health,Plant/grow or harvest one copy where route infrastructure supports it; store for Experimenter pass.,One ingredient copy; Alchemy 50 and Experimenter 3 for one-eat all-effects discovery policy.,Do not consume quest/one-time ingredients before parent quest and preservation checks are complete.,TB-033 alchemy-effect validation,SN-000084-alchemy-ingredient-effect-discovery.md,Harvested from the red variety of Mountain Flower.
PROGSEL-000384,alchemy_ingredient_source,ALCHEMY-000081,OBJ-002607,River Betty,base_game,G02/G14,apothecary_purchase_or_route_harvest,apothecary_purchase_or_route_harvest,Common,Damage Health (2.5x) | Fortify Alteration | Slow | Fortify Carry Weight,Buy or harvest one copy during regional service loops; store for Experimenter pass.,One ingredient copy; Alchemy 50 and Experimenter 3 for one-eat all-effects discovery policy.,Do not consume quest/one-time ingredients before parent quest and preservation checks are complete.,TB-033 alchemy-effect validation,SN-000084-alchemy-ingredient-effect-discovery.md,Collected by catching River Betty fish.
PROGSEL-000385,alchemy_ingredient_source,ALCHEMY-000082,OBJ-002608,Rock Warbler Egg,base_game,G02/G14,apothecary_purchase_or_route_harvest,apothecary_purchase_or_route_harvest,Uncommon,Restore Health | Fortify One-handed | Damage Stamina | Weakness to Magic,Buy or harvest one copy during regional service loops; store for Experimenter pass.,One ingredient copy; Alchemy 50 and Experimenter 3 for one-eat all-effects discovery policy.,Do not consume quest/one-time ingredients before parent quest and preservation checks are complete.,TB-033 alchemy-effect validation,SN-000084-alchemy-ingredient-effect-discovery.md,"Harvested from bird nests in rocky regions, in particular The Reach."
PROGSEL-000386,alchemy_ingredient_source,ALCHEMY-000083,OBJ-002609,Sabre Cat Tooth,base_game,G02/G14,apothecary_purchase_or_route_harvest,apothecary_purchase_or_route_harvest,None (Uncommon),Restore Stamina | Fortify Heavy Armor | Fortify Smithing | Weakness to Poison,Buy or harvest one copy during regional service loops; store for Experimenter pass.,One ingredient copy; Alchemy 50 and Experimenter 3 for one-eat all-effects discovery policy.,Do not consume quest/one-time ingredients before parent quest and preservation checks are complete.,TB-033 alchemy-effect validation,SN-000084-alchemy-ingredient-effect-discovery.md,Collected from dead Sabre cats.
PROGSEL-000387,alchemy_ingredient_source,ALCHEMY-000084,OBJ-002610,Salmon Roe,base_game,G14,route_harvest,route_harvest,None,"Restore Stamina (0.4x, 0.36x) | Waterbreathing (12x, 15.4x) | Fortify Magicka (12.5x, 0.08x, 1.05x) | Regenerate Magicka",Harvest one copy during natural regional routing and store for Experimenter pass.,One ingredient copy; Alchemy 50 and Experimenter 3 for one-eat all-effects discovery policy.,Do not consume quest/one-time ingredients before parent quest and preservation checks are complete.,TB-033 alchemy-effect validation,SN-000084-alchemy-ingredient-effect-discovery.md,Harvested from jumping Salmon.
PROGSEL-000388,alchemy_ingredient_source,ALCHEMY-000085,OBJ-002611,Salt Pile,base_game,G02/G14,apothecary_purchase_or_route_harvest,apothecary_purchase_or_route_harvest,Common,Weakness to Magic | Fortify Restoration | Slow | Regenerate Magicka,Buy or harvest one copy during regional service loops; store for Experimenter pass.,One ingredient copy; Alchemy 50 and Experimenter 3 for one-eat all-effects discovery policy.,Do not consume quest/one-time ingredients before parent quest and preservation checks are complete.,TB-033 alchemy-effect validation,SN-000084-alchemy-ingredient-effect-discovery.md,"Food. Cannot be harvested or collected, but is commonly found in barrels and sacks."
PROGSEL-000389,alchemy_ingredient_source,ALCHEMY-000086,OBJ-002612,Scaly Pholiota,base_game,G14,garden_or_greenhouse_grow,garden_or_greenhouse_grow,Uncommon,Weakness to Magic | Fortify Illusion | Regenerate Stamina | Fortify Carry Weight,Plant/grow or harvest one copy where route infrastructure supports it; store for Experimenter pass.,One ingredient copy; Alchemy 50 and Experimenter 3 for one-eat all-effects discovery policy.,Do not consume quest/one-time ingredients before parent quest and preservation checks are complete.,TB-033 alchemy-effect validation,SN-000084-alchemy-ingredient-effect-discovery.md,"Harvested from Scaly Pholiota mushrooms, found growing on dead trees."
PROGSEL-000390,alchemy_ingredient_source,ALCHEMY-000087,OBJ-002613,Scathecraw,dragonborn,G12/G14,solstheim_harvest_or_purchase,solstheim_harvest_or_purchase,not_listed,Ravage Health | Ravage Stamina | Ravage Magicka | Lingering Damage Health,Acquire during the Solstheim spine and store at the selected base.,One ingredient copy; Alchemy 50 and Experimenter 3 for one-eat all-effects discovery policy.,Do not consume quest/one-time ingredients before parent quest and preservation checks are complete.,TB-033 alchemy-effect validation,SN-000084-alchemy-ingredient-effect-discovery.md,Harvested from scathecraw plants.
PROGSEL-000391,alchemy_ingredient_source,ALCHEMY-000088,OBJ-002614,Silverside Perch,base_game,G02/G14,apothecary_purchase_or_route_harvest,apothecary_purchase_or_route_harvest,Common,Restore Stamina | Damage Stamina Regen | Ravage Health | Resist Frost,Buy or harvest one copy during regional service loops; store for Experimenter pass.,One ingredient copy; Alchemy 50 and Experimenter 3 for one-eat all-effects discovery policy.,Do not consume quest/one-time ingredients before parent quest and preservation checks are complete.,TB-033 alchemy-effect validation,SN-000084-alchemy-ingredient-effect-discovery.md,Collected by catching Silverside Perch fish.
PROGSEL-000392,alchemy_ingredient_source,ALCHEMY-000089,OBJ-002615,Skeever Tail,base_game,G02/G14,apothecary_purchase_or_route_harvest,apothecary_purchase_or_route_harvest,Common,Damage Stamina Regen | Ravage Health | Damage Health | Fortify Light Armor,Buy or harvest one copy during regional service loops; store for Experimenter pass.,One ingredient copy; Alchemy 50 and Experimenter 3 for one-eat all-effects discovery policy.,Do not consume quest/one-time ingredients before parent quest and preservation checks are complete.,TB-033 alchemy-effect validation,SN-000084-alchemy-ingredient-effect-discovery.md,Collected from dead Skeevers.
PROGSEL-000393,alchemy_ingredient_source,ALCHEMY-000090,OBJ-002616,Slaughterfish Egg,base_game,G02/G14,apothecary_purchase_or_route_harvest,apothecary_purchase_or_route_harvest,Uncommon,Resist Poison | Fortify Pickpocket | Lingering Damage Health | Fortify Stamina,Buy or harvest one copy during regional service loops; store for Experimenter pass.,One ingredient copy; Alchemy 50 and Experimenter 3 for one-eat all-effects discovery policy.,Do not consume quest/one-time ingredients before parent quest and preservation checks are complete.,TB-033 alchemy-effect validation,SN-000084-alchemy-ingredient-effect-discovery.md,"Collected from Slaughterfish Egg Nests, found in or near water."
PROGSEL-000394,alchemy_ingredient_source,ALCHEMY-000091,OBJ-002617,Slaughterfish Scales,base_game,G02/G14,apothecary_purchase_or_route_harvest,apothecary_purchase_or_route_harvest,Uncommon,Resist Frost | Lingering Damage Health | Fortify Heavy Armor | Fortify Block,Buy or harvest one copy during regional service loops; store for Experimenter pass.,One ingredient copy; Alchemy 50 and Experimenter 3 for one-eat all-effects discovery policy.,Do not consume quest/one-time ingredients before parent quest and preservation checks are complete.,TB-033 alchemy-effect validation,SN-000084-alchemy-ingredient-effect-discovery.md,Collected from dead Slaughterfish.
PROGSEL-000395,alchemy_ingredient_source,ALCHEMY-000092,OBJ-002618,Small Antlers,base_game,G02/G14,apothecary_purchase_or_route_harvest,apothecary_purchase_or_route_harvest,None (Common),Weakness to Poison | Fortify Restoration | Lingering Damage Stamina | Damage Health,Buy or harvest one copy during regional service loops; store for Experimenter pass.,One ingredient copy; Alchemy 50 and Experimenter 3 for one-eat all-effects discovery policy.,Do not consume quest/one-time ingredients before parent quest and preservation checks are complete.,TB-033 alchemy-effect validation,SN-000084-alchemy-ingredient-effect-discovery.md,Collected from dead female Elk.
PROGSEL-000396,alchemy_ingredient_source,ALCHEMY-000093,OBJ-002619,Small Pearl,base_game,G02/G14,apothecary_purchase_or_route_harvest,apothecary_purchase_or_route_harvest,None (Uncommon),Restore Stamina | Fortify One-handed | Fortify Restoration | Resist Frost,Buy or harvest one copy during regional service loops; store for Experimenter pass.,One ingredient copy; Alchemy 50 and Experimenter 3 for one-eat all-effects discovery policy.,Do not consume quest/one-time ingredients before parent quest and preservation checks are complete.,TB-033 alchemy-effect validation,SN-000084-alchemy-ingredient-effect-discovery.md,"Cannot be harvested or collected in the original version of the game; only readily available after the Merchant perk has been unlocked. With Dragonborn, they can be harvested from Pearl Oysters in Solstheim."
PROGSEL-000397,alchemy_ingredient_source,ALCHEMY-000094,OBJ-002620,Snowberries,base_game,G14,garden_or_greenhouse_grow,garden_or_greenhouse_grow,Common,Resist Fire | Fortify Enchanting | Resist Frost | Resist Shock,Plant/grow or harvest one copy where route infrastructure supports it; store for Experimenter pass.,One ingredient copy; Alchemy 50 and Experimenter 3 for one-eat all-effects discovery policy.,Do not consume quest/one-time ingredients before parent quest and preservation checks are complete.,TB-033 alchemy-effect validation,SN-000084-alchemy-ingredient-effect-discovery.md,"Harvested from Snowberry bushes, found in snowy regions of Skyrim."
PROGSEL-000398,alchemy_ingredient_source,ALCHEMY-000095,OBJ-002621,Spawn Ash,dragonborn,G12/G14,solstheim_harvest_or_purchase,solstheim_harvest_or_purchase,not_listed,Ravage Stamina | Resist Fire | Fortify Enchanting | Ravage Magicka,Acquire during the Solstheim spine and store at the selected base.,One ingredient copy; Alchemy 50 and Experimenter 3 for one-eat all-effects discovery policy.,Do not consume quest/one-time ingredients before parent quest and preservation checks are complete.,TB-033 alchemy-effect validation,SN-000084-alchemy-ingredient-effect-discovery.md,Collected from dead ash spawn.
PROGSEL-000399,alchemy_ingredient_source,ALCHEMY-000096,OBJ-002622,Spider Egg,base_game,G02/G14,apothecary_purchase_or_route_harvest,apothecary_purchase_or_route_harvest,Uncommon,Damage Stamina | Damage Magicka Regen | Fortify Lockpicking | Fortify Marksman,Buy or harvest one copy during regional service loops; store for Experimenter pass.,One ingredient copy; Alchemy 50 and Experimenter 3 for one-eat all-effects discovery policy.,Do not consume quest/one-time ingredients before parent quest and preservation checks are complete.,TB-033 alchemy-effect validation,SN-000084-alchemy-ingredient-effect-discovery.md,Collected from spider Egg Sacs and Web Sacs.
PROGSEL-000400,alchemy_ingredient_source,ALCHEMY-000097,OBJ-002623,Spriggan Sap,base_game,G02/G14,apothecary_purchase_or_route_harvest,apothecary_purchase_or_route_harvest,Uncommon,Damage Magicka Regen | Fortify Enchanting | Fortify Smithing | Fortify Alteration,Buy or harvest one copy during regional service loops; store for Experimenter pass.,One ingredient copy; Alchemy 50 and Experimenter 3 for one-eat all-effects discovery policy.,Do not consume quest/one-time ingredients before parent quest and preservation checks are complete.,TB-033 alchemy-effect validation,SN-000084-alchemy-ingredient-effect-discovery.md,Cannot be harvested or collected; best source is merchants.
PROGSEL-000401,alchemy_ingredient_source,ALCHEMY-000098,OBJ-002624,Swamp Fungal Pod,base_game,G14,garden_or_greenhouse_grow,garden_or_greenhouse_grow,Uncommon,Resist Shock | Lingering Damage Magicka | Paralysis | Restore Health,Plant/grow or harvest one copy where route infrastructure supports it; store for Experimenter pass.,One ingredient copy; Alchemy 50 and Experimenter 3 for one-eat all-effects discovery policy.,Do not consume quest/one-time ingredients before parent quest and preservation checks are complete.,TB-033 alchemy-effect validation,SN-000084-alchemy-ingredient-effect-discovery.md,"Harvested from Swamp Fungal Pod, common in the tundra marsh of Hjaalmarch."
PROGSEL-000402,alchemy_ingredient_source,ALCHEMY-000099,OBJ-002625,Taproot,base_game,G02/G14,apothecary_purchase_or_route_harvest,apothecary_purchase_or_route_harvest,Uncommon,Weakness to Magic | Fortify Illusion | Regenerate Magicka | Restore Magicka,Buy or harvest one copy during regional service loops; store for Experimenter pass.,One ingredient copy; Alchemy 50 and Experimenter 3 for one-eat all-effects discovery policy.,Do not consume quest/one-time ingredients before parent quest and preservation checks are complete.,TB-033 alchemy-effect validation,SN-000084-alchemy-ingredient-effect-discovery.md,Collected from dead Spriggans.
PROGSEL-000403,alchemy_ingredient_source,ALCHEMY-000100,OBJ-002626,Thistle Branch,base_game,G14,garden_or_greenhouse_grow,garden_or_greenhouse_grow,Common,"Resist Frost | Ravage Stamina | Resist Poison (0.75x, 0x, 0.1x) | Fortify Heavy Armor",Plant/grow or harvest one copy where route infrastructure supports it; store for Experimenter pass.,One ingredient copy; Alchemy 50 and Experimenter 3 for one-eat all-effects discovery policy.,Do not consume quest/one-time ingredients before parent quest and preservation checks are complete.,TB-033 alchemy-effect validation,SN-000084-alchemy-ingredient-effect-discovery.md,Harvested from Thistle.
PROGSEL-000404,alchemy_ingredient_source,ALCHEMY-000101,OBJ-002627,Torchbug Thorax,base_game,G02/G14,apothecary_purchase_or_route_harvest,apothecary_purchase_or_route_harvest,None (Uncommon),Restore Stamina | Lingering Damage Magicka | Weakness to Magic | Fortify Stamina,Buy or harvest one copy during regional service loops; store for Experimenter pass.,One ingredient copy; Alchemy 50 and Experimenter 3 for one-eat all-effects discovery policy.,Do not consume quest/one-time ingredients before parent quest and preservation checks are complete.,TB-033 alchemy-effect validation,SN-000084-alchemy-ingredient-effect-discovery.md,Collected by catching Torchbugs. Found below the snowline after dark.
PROGSEL-000405,alchemy_ingredient_source,ALCHEMY-000102,OBJ-002628,Trama Root,dragonborn,G12/G14,solstheim_harvest_or_purchase,solstheim_harvest_or_purchase,not_listed,Weakness to Shock | Fortify Carry Weight | Damage Magicka | Slow,Acquire during the Solstheim spine and store at the selected base.,One ingredient copy; Alchemy 50 and Experimenter 3 for one-eat all-effects discovery policy.,Do not consume quest/one-time ingredients before parent quest and preservation checks are complete.,TB-033 alchemy-effect validation,SN-000084-alchemy-ingredient-effect-discovery.md,Harvested from trama root plants.
PROGSEL-000406,alchemy_ingredient_source,ALCHEMY-000103,OBJ-002629,Troll Fat,base_game,G02/G14,apothecary_purchase_or_route_harvest,apothecary_purchase_or_route_harvest,Uncommon,Resist Poison | Fortify Two-handed | Frenzy | Damage Health,Buy or harvest one copy during regional service loops; store for Experimenter pass.,One ingredient copy; Alchemy 50 and Experimenter 3 for one-eat all-effects discovery policy.,Do not consume quest/one-time ingredients before parent quest and preservation checks are complete.,TB-033 alchemy-effect validation,SN-000084-alchemy-ingredient-effect-discovery.md,Collected from dead Trolls. Needed for the quest The Cursed Tribe.
PROGSEL-000407,alchemy_ingredient_source,ALCHEMY-000104,OBJ-002630,Tundra Cotton,base_game,G14,garden_or_greenhouse_grow,garden_or_greenhouse_grow,Common,Resist Magic | Fortify Magicka | Fortify Block | Fortify Barter,Plant/grow or harvest one copy where route infrastructure supports it; store for Experimenter pass.,One ingredient copy; Alchemy 50 and Experimenter 3 for one-eat all-effects discovery policy.,Do not consume quest/one-time ingredients before parent quest and preservation checks are complete.,TB-033 alchemy-effect validation,SN-000084-alchemy-ingredient-effect-discovery.md,"Harvested from Tundra Cotton, found in Whiterun Hold."
PROGSEL-000408,alchemy_ingredient_source,ALCHEMY-000105,OBJ-002631,Vampire Dust,base_game,G02/G14,apothecary_purchase_or_route_harvest,apothecary_purchase_or_route_harvest,Rare,Invisibility | Restore Magicka | Regenerate Health | Cure Disease,Buy or harvest one copy during regional service loops; store for Experimenter pass.,One ingredient copy; Alchemy 50 and Experimenter 3 for one-eat all-effects discovery policy.,Do not consume quest/one-time ingredients before parent quest and preservation checks are complete.,TB-033 alchemy-effect validation,SN-000084-alchemy-ingredient-effect-discovery.md,Collected from dead Vampires.
PROGSEL-000409,alchemy_ingredient_source,ALCHEMY-000106,OBJ-002632,Void Salts,base_game,G02/G14,apothecary_purchase_or_route_harvest,apothecary_purchase_or_route_harvest,Rare,Weakness to Shock | Resist Magic | Damage Health | Fortify Magicka,Buy or harvest one copy during regional service loops; store for Experimenter pass.,One ingredient copy; Alchemy 50 and Experimenter 3 for one-eat all-effects discovery policy.,Do not consume quest/one-time ingredients before parent quest and preservation checks are complete.,TB-033 alchemy-effect validation,SN-000084-alchemy-ingredient-effect-discovery.md,Collected from dead Storm Atronachs.
PROGSEL-000410,alchemy_ingredient_source,ALCHEMY-000107,OBJ-002633,Wheat,base_game,G14,garden_or_greenhouse_grow,garden_or_greenhouse_grow,Common,Restore Health | Fortify Health | Damage Stamina Regen | Lingering Damage Magicka,Plant/grow or harvest one copy where route infrastructure supports it; store for Experimenter pass.,One ingredient copy; Alchemy 50 and Experimenter 3 for one-eat all-effects discovery policy.,Do not consume quest/one-time ingredients before parent quest and preservation checks are complete.,TB-033 alchemy-effect validation,SN-000084-alchemy-ingredient-effect-discovery.md,"Food. Harvested from wheat bushels, found in various farms."
PROGSEL-000411,alchemy_ingredient_source,ALCHEMY-000108,OBJ-002634,White Cap,base_game,G14,garden_or_greenhouse_grow,garden_or_greenhouse_grow,Uncommon,Weakness to Frost | Fortify Heavy Armor | Restore Magicka | Ravage Magicka,Plant/grow or harvest one copy where route infrastructure supports it; store for Experimenter pass.,One ingredient copy; Alchemy 50 and Experimenter 3 for one-eat all-effects discovery policy.,Do not consume quest/one-time ingredients before parent quest and preservation checks are complete.,TB-033 alchemy-effect validation,SN-000084-alchemy-ingredient-effect-discovery.md,"Harvested from White Cap mushrooms, found in various caves."
PROGSEL-000412,alchemy_ingredient_source,ALCHEMY-000109,OBJ-002635,Wisp Wrappings,base_game,G02/G14,apothecary_purchase_or_route_harvest,apothecary_purchase_or_route_harvest,None (Uncommon),Restore Stamina | Fortify Destruction | Fortify Carry Weight | Resist Magic,Buy or harvest one copy during regional service loops; store for Experimenter pass.,One ingredient copy; Alchemy 50 and Experimenter 3 for one-eat all-effects discovery policy.,Do not consume quest/one-time ingredients before parent quest and preservation checks are complete.,TB-033 alchemy-effect validation,SN-000084-alchemy-ingredient-effect-discovery.md,Collected from dead Wispmothers.
PROGSEL-000413,alchemy_ingredient_source,ALCHEMY-000110,OBJ-002636,Yellow Mountain Flower,dawnguard,G11/G14,dawnguard_parent_route,dawnguard_parent_route,None,Resist Poison | Fortify Restoration (1.25x) | Fortify Health | Damage Stamina Regen,Acquire during Dawnguard/Forgotten Vale parent routing and store for final discovery.,One ingredient copy; Alchemy 50 and Experimenter 3 for one-eat all-effects discovery policy.,Do not consume quest/one-time ingredients before parent quest and preservation checks are complete.,TB-033 alchemy-effect validation,SN-000084-alchemy-ingredient-effect-discovery.md,Harvested from the yellow variety of Mountain Flower.
PROGSEL-000414,alchemy_ingredient_source,ALCHEMY-000111,OBJ-002637,Alocasia Fruit,ae_creation,G06/G14,khajiit_caravan_purchase,khajiit_caravan_purchase,not_listed,"Regenerate Stamina (1.2x, 1.22x) | Light | Ravage Magicka (1.5x, 1.56x) | Regenerate Health (1.2x, 1.22x)",Buy one copy from Khajiit caravan stock and store it for the Experimenter pass.,One ingredient copy; Alchemy 50 and Experimenter 3 for one-eat all-effects discovery policy.,Do not consume quest/one-time ingredients before parent quest and preservation checks are complete.,TB-033 alchemy-effect validation,SN-000084-alchemy-ingredient-effect-discovery.md,Originating from the Shivering Isles. One of the Rare Curios sold by Khajiit trade caravans.
PROGSEL-000415,alchemy_ingredient_source,ALCHEMY-000112,OBJ-002638,Ambrosia,ae_creation,G06/G14,khajiit_caravan_purchase,khajiit_caravan_purchase,not_listed,"Restore Health (1.2x, 1.22x) | Regenerate Health (1.2x, 1.22x) | Fortify Health (1.25x, 1.27x) | Cure Poison (1.56x)",Buy one copy from Khajiit caravan stock and store it for the Experimenter pass.,One ingredient copy; Alchemy 50 and Experimenter 3 for one-eat all-effects discovery policy.,Do not consume quest/one-time ingredients before parent quest and preservation checks are complete.,TB-033 alchemy-effect validation,SN-000084-alchemy-ingredient-effect-discovery.md,Originating from Mankar Camoran's destroyed realm of Oblivion. One of the Rare Curios sold by Khajiit trade caravans.
PROGSEL-000416,alchemy_ingredient_source,ALCHEMY-000113,OBJ-002639,Angelfish,ae_creation,G14,fishing_source,fishing_source,not_listed,Regenerate Health | Resist Fire | Fortify Marksman | Waterbreathing,Acquire during TB-031F fishing/counter route and store for the Experimenter pass.,One ingredient copy; Alchemy 50 and Experimenter 3 for one-eat all-effects discovery policy.,Do not consume quest/one-time ingredients before parent quest and preservation checks are complete.,TB-033 alchemy-effect validation,SN-000084-alchemy-ingredient-effect-discovery.md,"Caught by Fishing in temperate lakes with an Alik'ri rod, or in the Ancestor Glade."
PROGSEL-000417,alchemy_ingredient_source,ALCHEMY-000114,OBJ-002640,Angler Larvae,ae_creation,G14,fishing_source,fishing_source,not_listed,Lingering Damage Health | Regenerate Stamina | Waterbreathing | Fortify Two-handed,Acquire during TB-031F fishing/counter route and store for the Experimenter pass.,One ingredient copy; Alchemy 50 and Experimenter 3 for one-eat all-effects discovery policy.,Do not consume quest/one-time ingredients before parent quest and preservation checks are complete.,TB-033 alchemy-effect validation,SN-000084-alchemy-ingredient-effect-discovery.md,Caught by Fishing in freezing waters.
PROGSEL-000418,alchemy_ingredient_source,ALCHEMY-000115,OBJ-002641,Aster Bloom Core,ae_creation,G06/G14,khajiit_caravan_purchase,khajiit_caravan_purchase,not_listed,"Resist Magic (2x, 2.14x) | Fortify Light Armor (2x, 2.14x) | Fortify Block (1.25x, 1.27x) | Paralysis (2x, 2.14x)",Buy one copy from Khajiit caravan stock and store it for the Experimenter pass.,One ingredient copy; Alchemy 50 and Experimenter 3 for one-eat all-effects discovery policy.,Do not consume quest/one-time ingredients before parent quest and preservation checks are complete.,TB-033 alchemy-effect validation,SN-000084-alchemy-ingredient-effect-discovery.md,Originating from the Shivering Isles. One of the Rare Curios sold by Khajiit trade caravans.
PROGSEL-000419,alchemy_ingredient_source,ALCHEMY-000116,OBJ-002642,Bittergreen Petals,ae_creation,G06/G14,khajiit_caravan_purchase,khajiit_caravan_purchase,not_listed,"Lingering Damage Stamina (2x, 2.14x) | Invisibility (1.5x, 1.56x) | Cure Poison | Damage Magicka (1.5x, 1.56x)",Buy one copy from Khajiit caravan stock and store it for the Experimenter pass.,One ingredient copy; Alchemy 50 and Experimenter 3 for one-eat all-effects discovery policy.,Do not consume quest/one-time ingredients before parent quest and preservation checks are complete.,TB-033 alchemy-effect validation,SN-000084-alchemy-ingredient-effect-discovery.md,Originating from Vvardenfell. One of the Rare Curios sold by Khajiit trade caravans.
PROGSEL-000420,alchemy_ingredient_source,ALCHEMY-000117,OBJ-002643,Blind Watcher's Eye,ae_creation,G06/G14,khajiit_caravan_purchase,khajiit_caravan_purchase,not_listed,"Light | Fortify Magicka (1.25x, 1.27x) | Fortify Alteration (1.25x, 1.27x) | Spell Absorption",Buy one copy from Khajiit caravan stock and store it for the Experimenter pass.,One ingredient copy; Alchemy 50 and Experimenter 3 for one-eat all-effects discovery policy.,Do not consume quest/one-time ingredients before parent quest and preservation checks are complete.,TB-033 alchemy-effect validation,SN-000084-alchemy-ingredient-effect-discovery.md,Originating from the Shivering Isles. One of the Rare Curios sold by Khajiit trade caravans.
PROGSEL-000421,alchemy_ingredient_source,ALCHEMY-000118,OBJ-002644,Bliss Bug Thorax,ae_creation,G14,route_harvest,route_harvest,not_listed,"Weakness to Fire | Resist Fire | Fortify Heavy Armor | Fortify Illusion (0.25x, 0.21x)",Harvest one copy during natural regional routing and store for Experimenter pass.,One ingredient copy; Alchemy 50 and Experimenter 3 for one-eat all-effects discovery policy.,Do not consume quest/one-time ingredients before parent quest and preservation checks are complete.,TB-033 alchemy-effect validation,SN-000084-alchemy-ingredient-effect-discovery.md,Harvested by Saints & Seducers.
PROGSEL-000422,alchemy_ingredient_source,ALCHEMY-000119,OBJ-002645,Blister Pod Cap,ae_creation,G06/G14,khajiit_caravan_purchase,khajiit_caravan_purchase,not_listed,"Restore Magicka (1.2x, 1.22x) | Fortify Magicka (1.25x, 1.27x) | Night Eye | Invisibility (1.5x, 1.56x)",Buy one copy from Khajiit caravan stock and store it for the Experimenter pass.,One ingredient copy; Alchemy 50 and Experimenter 3 for one-eat all-effects discovery policy.,Do not consume quest/one-time ingredients before parent quest and preservation checks are complete.,TB-033 alchemy-effect validation,SN-000084-alchemy-ingredient-effect-discovery.md,Originating from the Shivering Isles. One of the Rare Curios sold by Khajiit trade caravans.
PROGSEL-000423,alchemy_ingredient_source,ALCHEMY-000120,OBJ-002646,Bloodgrass,ae_creation,G14,route_harvest,route_harvest,not_listed,"Invisibility | Resist Poison | Slow (6x, 0.57x) | Fortify Health (1.25x, 1.27x)",Harvest one copy during natural regional routing and store for Experimenter pass.,One ingredient copy; Alchemy 50 and Experimenter 3 for one-eat all-effects discovery policy.,Do not consume quest/one-time ingredients before parent quest and preservation checks are complete.,TB-033 alchemy-effect validation,SN-000084-alchemy-ingredient-effect-discovery.md,"Harvested from the Deadlands, if one has The Cause to go there."
PROGSEL-000424,alchemy_ingredient_source,ALCHEMY-000121,OBJ-002647,Bog Beacon,ae_creation,G06/G14,khajiit_caravan_purchase,khajiit_caravan_purchase,not_listed,"Restore Magicka (1.2x, 1.22x) | Fortify Heavy Armor (1.5x, 1.56x) | Fear (2x, 2.14x) | Damage Stamina (1.33x, 1.36x)",Buy one copy from Khajiit caravan stock and store it for the Experimenter pass.,One ingredient copy; Alchemy 50 and Experimenter 3 for one-eat all-effects discovery policy.,Do not consume quest/one-time ingredients before parent quest and preservation checks are complete.,TB-033 alchemy-effect validation,SN-000084-alchemy-ingredient-effect-discovery.md,Originating from Cyrodiil. One of the Rare Curios sold by Khajiit trade caravans.
PROGSEL-000425,alchemy_ingredient_source,ALCHEMY-000122,OBJ-002648,Bungler's Bane,ae_creation,G06/G14,khajiit_caravan_purchase,khajiit_caravan_purchase,not_listed,"Slow (2x, 2.14x) | Ravage Stamina (1.5x, 3.34x) | Damage Stamina Regen (2x, 2.14x) | Resist Magic (2x, 2.14x)",Buy one copy from Khajiit caravan stock and store it for the Experimenter pass.,One ingredient copy; Alchemy 50 and Experimenter 3 for one-eat all-effects discovery policy.,Do not consume quest/one-time ingredients before parent quest and preservation checks are complete.,TB-033 alchemy-effect validation,SN-000084-alchemy-ingredient-effect-discovery.md,Originating from Vvardenfell. One of the Rare Curios sold by Khajiit trade caravans.
PROGSEL-000426,alchemy_ingredient_source,ALCHEMY-000123,OBJ-002649,Chokeberry,ae_creation,G06/G14,khajiit_caravan_purchase,khajiit_caravan_purchase,not_listed,"Damage Health (1.5x, 1.56x) | Ravage Health (1.5x, 3.34x) | Lingering Damage Health (2x, 2.14x) | Weakness to Poison (1.5x, 1.56x)",Buy one copy from Khajiit caravan stock and store it for the Experimenter pass.,One ingredient copy; Alchemy 50 and Experimenter 3 for one-eat all-effects discovery policy.,Do not consume quest/one-time ingredients before parent quest and preservation checks are complete.,TB-033 alchemy-effect validation,SN-000084-alchemy-ingredient-effect-discovery.md,Originating from the vile lair of a Cyrodiilic vampire assassin. One of the Rare Curios sold by Khajiit trade caravans.
PROGSEL-000427,alchemy_ingredient_source,ALCHEMY-000124,OBJ-002650,Chokeweed,ae_creation,G06/G14,khajiit_caravan_purchase,khajiit_caravan_purchase,not_listed,"Weakness to Frost (1.33x, 1.37x) | Restore Stamina (1.2x, 1.22x) | Cure Disease (0.36x) | Damage Magicka (1.33x, 1.37x)",Buy one copy from Khajiit caravan stock and store it for the Experimenter pass.,One ingredient copy; Alchemy 50 and Experimenter 3 for one-eat all-effects discovery policy.,Do not consume quest/one-time ingredients before parent quest and preservation checks are complete.,TB-033 alchemy-effect validation,SN-000084-alchemy-ingredient-effect-discovery.md,Originating from Vvardenfell. One of the Rare Curios sold by Khajiit trade caravans.
PROGSEL-000428,alchemy_ingredient_source,ALCHEMY-000125,OBJ-002651,Coda Flower,ae_creation,G06/G14,khajiit_caravan_purchase,khajiit_caravan_purchase,not_listed,"Damage Health (1.5x, 1.56x) | Lingering Damage Stamina (2x, 2.14x) | Ravage Magicka (1.5x, 1.56x) | Fortify Carry Weight (1.25x, 1.27x)",Buy one copy from Khajiit caravan stock and store it for the Experimenter pass.,One ingredient copy; Alchemy 50 and Experimenter 3 for one-eat all-effects discovery policy.,Do not consume quest/one-time ingredients before parent quest and preservation checks are complete.,TB-033 alchemy-effect validation,SN-000084-alchemy-ingredient-effect-discovery.md,Originating from Vvardenfell. One of the Rare Curios sold by Khajiit trade caravans.
PROGSEL-000429,alchemy_ingredient_source,ALCHEMY-000126,OBJ-002652,Comberry,ae_creation,G06/G14,khajiit_caravan_purchase,khajiit_caravan_purchase,not_listed,"Damage Stamina (1.33x, 1.36x) | Spell Absorption | Restore Magicka (1.2x, 1.22x) | Fortify Destruction (1.2x, 1.22x)",Buy one copy from Khajiit caravan stock and store it for the Experimenter pass.,One ingredient copy; Alchemy 50 and Experimenter 3 for one-eat all-effects discovery policy.,Do not consume quest/one-time ingredients before parent quest and preservation checks are complete.,TB-033 alchemy-effect validation,SN-000084-alchemy-ingredient-effect-discovery.md,Originating from Vvardenfell. One of the Rare Curios sold by Khajiit trade caravans.
PROGSEL-000430,alchemy_ingredient_source,ALCHEMY-000127,OBJ-002653,Congealed Putrescence,ae_creation,G06/G14,khajiit_caravan_purchase,khajiit_caravan_purchase,not_listed,"Ravage Health (1.5x, 3.34x) | Restore Magicka (1.2x, 1.22x) | Weakness to Fire (1.33x, 1.36x) | Fortify Conjuration (1.2x, 1.22x)",Buy one copy from Khajiit caravan stock and store it for the Experimenter pass.,One ingredient copy; Alchemy 50 and Experimenter 3 for one-eat all-effects discovery policy.,Do not consume quest/one-time ingredients before parent quest and preservation checks are complete.,TB-033 alchemy-effect validation,SN-000084-alchemy-ingredient-effect-discovery.md,Originating from the Shivering Isles. One of the Rare Curios sold by Khajiit trade caravans.
PROGSEL-000431,alchemy_ingredient_source,ALCHEMY-000128,OBJ-002654,Corkbulb Root,ae_creation,G06/G14,khajiit_caravan_purchase,khajiit_caravan_purchase,not_listed,"Paralysis (2x, 2.14x) | Restore Health (1.2x, 1.22x) | Resist Shock (1.33x, 1.36x) | Fortify Marksman (1.25x, 1.27x)",Buy one copy from Khajiit caravan stock and store it for the Experimenter pass.,One ingredient copy; Alchemy 50 and Experimenter 3 for one-eat all-effects discovery policy.,Do not consume quest/one-time ingredients before parent quest and preservation checks are complete.,TB-033 alchemy-effect validation,SN-000084-alchemy-ingredient-effect-discovery.md,Originating from Vvardenfell. One of the Rare Curios sold by Khajiit trade caravans.
PROGSEL-000432,alchemy_ingredient_source,ALCHEMY-000129,OBJ-002655,Daedra Silk,ae_creation,G06/G14,khajiit_caravan_purchase,khajiit_caravan_purchase,not_listed,"Lingering Damage Stamina (2x, 2.14x) | Paralysis (2x, 2.14x) | Night Eye | Invisibility (1.5x, 1.56x)",Buy one copy from Khajiit caravan stock and store it for the Experimenter pass.,One ingredient copy; Alchemy 50 and Experimenter 3 for one-eat all-effects discovery policy.,Do not consume quest/one-time ingredients before parent quest and preservation checks are complete.,TB-033 alchemy-effect validation,SN-000084-alchemy-ingredient-effect-discovery.md,Originating from the planes of Oblivion. One of the Rare Curios sold by Khajiit trade caravans.
PROGSEL-000433,alchemy_ingredient_source,ALCHEMY-000130,OBJ-002656,Daedra Venin,ae_creation,G06/G14,khajiit_caravan_purchase,khajiit_caravan_purchase,not_listed,"Ravage Health (1.5x, 3.34x) | Paralysis (2x, 2.14x) | Fortify Destruction (1.2x, 1.22x) | Spell Absorption",Buy one copy from Khajiit caravan stock and store it for the Experimenter pass.,One ingredient copy; Alchemy 50 and Experimenter 3 for one-eat all-effects discovery policy.,Do not consume quest/one-time ingredients before parent quest and preservation checks are complete.,TB-033 alchemy-effect validation,SN-000084-alchemy-ingredient-effect-discovery.md,Originating from the planes of Oblivion. One of the Rare Curios sold by Khajiit trade caravans.
PROGSEL-000434,alchemy_ingredient_source,ALCHEMY-000131,OBJ-002657,Daedroth Teeth,ae_creation,G06/G14,khajiit_caravan_purchase,khajiit_caravan_purchase,not_listed,"Resist Frost (1.33x, 1.36x) | Light | Damage Magicka Regen (2x, 2.14x) | Regenerate Stamina (1.2x, 1.22x)",Buy one copy from Khajiit caravan stock and store it for the Experimenter pass.,One ingredient copy; Alchemy 50 and Experimenter 3 for one-eat all-effects discovery policy.,Do not consume quest/one-time ingredients before parent quest and preservation checks are complete.,TB-033 alchemy-effect validation,SN-000084-alchemy-ingredient-effect-discovery.md,Originating from the planes of Oblivion. One of the Rare Curios sold by Khajiit trade caravans.
PROGSEL-000435,alchemy_ingredient_source,ALCHEMY-000132,OBJ-002658,Dreugh Wax,ae_creation,G06/G14,khajiit_caravan_purchase,khajiit_caravan_purchase,not_listed,"Weakness to Magic (1.5x, 1.56x) | Frenzy (2x, 2.14x) | Fortify Enchanting (2x, 2.14x) | Fortify Smithing (1.25x, 1.27x)",Buy one copy from Khajiit caravan stock and store it for the Experimenter pass.,One ingredient copy; Alchemy 50 and Experimenter 3 for one-eat all-effects discovery policy.,Do not consume quest/one-time ingredients before parent quest and preservation checks are complete.,TB-033 alchemy-effect validation,SN-000084-alchemy-ingredient-effect-discovery.md,Originating from Vvardenfell's dreughs or Cyrodiil's land dreughs. One of the Rare Curios sold by Khajiit trade caravans.
PROGSEL-000436,alchemy_ingredient_source,ALCHEMY-000133,OBJ-002659,Elytra Ichor,ae_creation,G06/G14,khajiit_caravan_purchase,khajiit_caravan_purchase,not_listed,"Restore Magicka (1.2x, 1.22x) | Invisibility (1.5x, 1.56x) | Slow (2x, 2.14x) | Fear (2x, 2.14x)",Buy one copy from Khajiit caravan stock and store it for the Experimenter pass.,One ingredient copy; Alchemy 50 and Experimenter 3 for one-eat all-effects discovery policy.,Do not consume quest/one-time ingredients before parent quest and preservation checks are complete.,TB-033 alchemy-effect validation,SN-000084-alchemy-ingredient-effect-discovery.md,Originating from the Shivering Isles. One of the Rare Curios sold by Khajiit trade caravans.
PROGSEL-000437,alchemy_ingredient_source,ALCHEMY-000134,OBJ-002660,Fire Petal,ae_creation,G06/G14,khajiit_caravan_purchase,khajiit_caravan_purchase,not_listed,"Damage Health (1.5x, 1.56x) | Resist Fire (1.33x, 1.36x) | Spell Absorption | Paralysis (2x, 2.14x)",Buy one copy from Khajiit caravan stock and store it for the Experimenter pass.,One ingredient copy; Alchemy 50 and Experimenter 3 for one-eat all-effects discovery policy.,Do not consume quest/one-time ingredients before parent quest and preservation checks are complete.,TB-033 alchemy-effect validation,SN-000084-alchemy-ingredient-effect-discovery.md,Originating from Vvardenfell. One of the Rare Curios sold by Khajiit trade caravans.
PROGSEL-000438,alchemy_ingredient_source,ALCHEMY-000135,OBJ-002661,Flame Stalk,ae_creation,G06/G14,khajiit_caravan_purchase,khajiit_caravan_purchase,not_listed,"Restore Health (1.2x, 1.22x) | Resist Frost (1.33x, 1.36x) | Weakness to Fire (1.33x, 1.36x) | Invisibility (1.5x, 1.56x)",Buy one copy from Khajiit caravan stock and store it for the Experimenter pass.,One ingredient copy; Alchemy 50 and Experimenter 3 for one-eat all-effects discovery policy.,Do not consume quest/one-time ingredients before parent quest and preservation checks are complete.,TB-033 alchemy-effect validation,SN-000084-alchemy-ingredient-effect-discovery.md,Originating from the Shivering Isles. One of the Rare Curios sold by Khajiit trade caravans.
PROGSEL-000439,alchemy_ingredient_source,ALCHEMY-000136,OBJ-002662,Fungus Stalk,ae_creation,G06/G14,khajiit_caravan_purchase,khajiit_caravan_purchase,not_listed,"Restore Magicka (1.2x, 1.22x) | Fortify Health (1.25x, 5x, 7.5x) | Fortify Stamina (1.25x, 5x, 7.5x) | Waterbreathing (1.6x, 1.67x)",Buy one copy from Khajiit caravan stock and store it for the Experimenter pass.,One ingredient copy; Alchemy 50 and Experimenter 3 for one-eat all-effects discovery policy.,Do not consume quest/one-time ingredients before parent quest and preservation checks are complete.,TB-033 alchemy-effect validation,SN-000084-alchemy-ingredient-effect-discovery.md,Originating from the Shivering Isles. One of the Rare Curios sold by Khajiit trade caravans.
PROGSEL-000440,alchemy_ingredient_source,ALCHEMY-000137,OBJ-002663,Glassfish,ae_creation,G14,fishing_source,fishing_source,not_listed,"Restore Magicka | Invisibility | Fortify Illusion (0.25x, 0.21x) | Fortify Persuasion",Acquire during TB-031F fishing/counter route and store for the Experimenter pass.,One ingredient copy; Alchemy 50 and Experimenter 3 for one-eat all-effects discovery policy.,Do not consume quest/one-time ingredients before parent quest and preservation checks are complete.,TB-033 alchemy-effect validation,SN-000084-alchemy-ingredient-effect-discovery.md,Caught by Fishing in temperate lakes.
PROGSEL-000441,alchemy_ingredient_source,ALCHEMY-000138,OBJ-002664,Gnarl Bark,ae_creation,G06/G14,khajiit_caravan_purchase,khajiit_caravan_purchase,not_listed,"Damage Health (1.5x, 1.56x) | Regenerate Health (1.2x, 1.22x) | Fortify Heavy Armor (1.5x, 1.56x) | Resist Fire (1.33x, 1.36x)",Buy one copy from Khajiit caravan stock and store it for the Experimenter pass.,One ingredient copy; Alchemy 50 and Experimenter 3 for one-eat all-effects discovery policy.,Do not consume quest/one-time ingredients before parent quest and preservation checks are complete.,TB-033 alchemy-effect validation,SN-000084-alchemy-ingredient-effect-discovery.md,Originating from the Shivering Isles. One of the Rare Curios sold by Khajiit trade caravans.
PROGSEL-000442,alchemy_ingredient_source,ALCHEMY-000139,OBJ-002665,Gold Kanet,ae_creation,G06/G14,khajiit_caravan_purchase,khajiit_caravan_purchase,not_listed,"Paralysis (2x, 2.14x) | Ravage Health (1.5x, 3.34x) | Weakness to Frost (1.33x, 1.36x) | Fortify Smithing (1.25x, 1.27x)",Buy one copy from Khajiit caravan stock and store it for the Experimenter pass.,One ingredient copy; Alchemy 50 and Experimenter 3 for one-eat all-effects discovery policy.,Do not consume quest/one-time ingredients before parent quest and preservation checks are complete.,TB-033 alchemy-effect validation,SN-000084-alchemy-ingredient-effect-discovery.md,Originating from Vvardenfell. One of the Rare Curios sold by Khajiit trade caravans.
PROGSEL-000443,alchemy_ingredient_source,ALCHEMY-000140,OBJ-002666,Goldfish,ae_creation,G14,fishing_source,fishing_source,None,Restore Stamina | Fortify Heavy Armor | Waterbreathing | Resist Frost,Acquire during TB-031F fishing/counter route and store for the Experimenter pass.,One ingredient copy; Alchemy 50 and Experimenter 3 for one-eat all-effects discovery policy.,Do not consume quest/one-time ingredients before parent quest and preservation checks are complete.,TB-033 alchemy-effect validation,SN-000084-alchemy-ingredient-effect-discovery.md,Caught by Fishing in temperate lakes in clear weather or in the ponds found in some clearings.
PROGSEL-000444,alchemy_ingredient_source,ALCHEMY-000141,OBJ-002667,Green Butterfly Wing,ae_creation,G14,route_harvest,route_harvest,not_listed,"Restore Magicka | Fear | Slow (6x, 0.57x) | Invisibility",Harvest one copy during natural regional routing and store for Experimenter pass.,One ingredient copy; Alchemy 50 and Experimenter 3 for one-eat all-effects discovery policy.,Do not consume quest/one-time ingredients before parent quest and preservation checks are complete.,TB-033 alchemy-effect validation,SN-000084-alchemy-ingredient-effect-discovery.md,Harvested by Saints & Seducers.
PROGSEL-000445,alchemy_ingredient_source,ALCHEMY-000142,OBJ-002668,Hackle-Lo Leaf,ae_creation,G06/G14,khajiit_caravan_purchase,khajiit_caravan_purchase,not_listed,"Restore Stamina (1.2x, 1.22x) | Paralysis (2x, 2.14x) | Waterbreathing (1.6x, 1.67x) | Fortify Restoration (1.25x, 1.27x)",Buy one copy from Khajiit caravan stock and store it for the Experimenter pass.,One ingredient copy; Alchemy 50 and Experimenter 3 for one-eat all-effects discovery policy.,Do not consume quest/one-time ingredients before parent quest and preservation checks are complete.,TB-033 alchemy-effect validation,SN-000084-alchemy-ingredient-effect-discovery.md,Originating from Vvardenfell. One of the Rare Curios sold by Khajiit trade caravans.
PROGSEL-000446,alchemy_ingredient_source,ALCHEMY-000143,OBJ-002669,Harrada,ae_creation,G14,route_harvest,route_harvest,not_listed,"Damage Health (2x, 2.14x) | Damage Magicka (1.33x, 1.36x) | Paralysis | Damage Magicka Regen",Harvest one copy during natural regional routing and store for Experimenter pass.,One ingredient copy; Alchemy 50 and Experimenter 3 for one-eat all-effects discovery policy.,Do not consume quest/one-time ingredients before parent quest and preservation checks are complete.,TB-033 alchemy-effect validation,SN-000084-alchemy-ingredient-effect-discovery.md,"Harvested from the Deadlands, if one has The Cause to go there."
PROGSEL-000447,alchemy_ingredient_source,ALCHEMY-000144,OBJ-002670,Heart of Order,ae_creation,G06/G14,khajiit_caravan_purchase,khajiit_caravan_purchase,not_listed,"Restore Health (1.2x, 1.22x) | Fortify Health (1.25x, 5x, 7.5x) | Fortify One-handed (1.25x, 1.27x) | Fortify Two-handed (1.25x, 1.27x)",Buy one copy from Khajiit caravan stock and store it for the Experimenter pass.,One ingredient copy; Alchemy 50 and Experimenter 3 for one-eat all-effects discovery policy.,Do not consume quest/one-time ingredients before parent quest and preservation checks are complete.,TB-033 alchemy-effect validation,SN-000084-alchemy-ingredient-effect-discovery.md,Originating from the Shivering Isles during a Greymarch. One of the Rare Curios sold by Khajiit trade caravans.
PROGSEL-000448,alchemy_ingredient_source,ALCHEMY-000145,OBJ-002671,Hunger Tongue,ae_creation,G06/G14,khajiit_caravan_purchase,khajiit_caravan_purchase,not_listed,"Weakness to Fire (1.33x, 2x, 2.93x) | Cure Disease (0.36x) | Cure Poison | Fortify Magicka (1.25x, 1.27x)",Buy one copy from Khajiit caravan stock and store it for the Experimenter pass.,One ingredient copy; Alchemy 50 and Experimenter 3 for one-eat all-effects discovery policy.,Do not consume quest/one-time ingredients before parent quest and preservation checks are complete.,TB-033 alchemy-effect validation,SN-000084-alchemy-ingredient-effect-discovery.md,Originating from the Shivering Isles. One of the Rare Curios sold by Khajiit trade caravans.
PROGSEL-000449,alchemy_ingredient_source,ALCHEMY-000146,OBJ-002672,Hydnum Azure Giant Spore,ae_creation,G06/G14,khajiit_caravan_purchase,khajiit_caravan_purchase,not_listed,"Resist Frost (1.33x, 1.36x) | Fortify Health (1.25x, 5x, 7.5x) | Regenerate Health (1.2x, 1.22x) | Light",Buy one copy from Khajiit caravan stock and store it for the Experimenter pass.,One ingredient copy; Alchemy 50 and Experimenter 3 for one-eat all-effects discovery policy.,Do not consume quest/one-time ingredients before parent quest and preservation checks are complete.,TB-033 alchemy-effect validation,SN-000084-alchemy-ingredient-effect-discovery.md,Originating from the Shivering Isles. One of the Rare Curios sold by Khajiit trade caravans.
PROGSEL-000450,alchemy_ingredient_source,ALCHEMY-000147,OBJ-002673,Hypha Facia,ae_creation,G06/G14,khajiit_caravan_purchase,khajiit_caravan_purchase,not_listed,"Weakness to Poison (1.5x, 1.56x) | Frenzy (2x, 2.14x) | Ravage Stamina (1.5x, 3.34x) | Resist Magic (2x, 2.14x)",Buy one copy from Khajiit caravan stock and store it for the Experimenter pass.,One ingredient copy; Alchemy 50 and Experimenter 3 for one-eat all-effects discovery policy.,Do not consume quest/one-time ingredients before parent quest and preservation checks are complete.,TB-033 alchemy-effect validation,SN-000084-alchemy-ingredient-effect-discovery.md,Originating from Vvardenfell. One of the Rare Curios sold by Khajiit trade caravans.
PROGSEL-000451,alchemy_ingredient_source,ALCHEMY-000148,OBJ-002674,Imp Gall,ae_creation,G06/G14,khajiit_caravan_purchase,khajiit_caravan_purchase,not_listed,"Damage Health (1.5x, 1.56x) | Weakness to Fire (1.33x, 1.36x) | Fortify Barter (2x, 2.14x) | Cure Poison",Buy one copy from Khajiit caravan stock and store it for the Experimenter pass.,One ingredient copy; Alchemy 50 and Experimenter 3 for one-eat all-effects discovery policy.,Do not consume quest/one-time ingredients before parent quest and preservation checks are complete.,TB-033 alchemy-effect validation,SN-000084-alchemy-ingredient-effect-discovery.md,Originating from Cyrodiil. One of the Rare Curios sold by Khajiit trade caravans.
PROGSEL-000452,alchemy_ingredient_source,ALCHEMY-000149,OBJ-002675,Ironwood Fruit,ae_creation,G14,route_harvest,route_harvest,not_listed,Restore Health | Resist Fire | Damage Stamina | Restore Magicka,Harvest one copy during natural regional routing and store for Experimenter pass.,One ingredient copy; Alchemy 50 and Experimenter 3 for one-eat all-effects discovery policy.,Do not consume quest/one-time ingredients before parent quest and preservation checks are complete.,TB-033 alchemy-effect validation,SN-000084-alchemy-ingredient-effect-discovery.md,Harvested from the Ironwood Trees found in Iron Tusk Cave.
PROGSEL-000453,alchemy_ingredient_source,ALCHEMY-000150,OBJ-002676,Juvenile Mudcrab,ae_creation,G14,fishing_source,fishing_source,not_listed,Regenerate Stamina | Fortify Carry Weight | Cure Disease | Fortify Two-handed,Acquire during TB-031F fishing/counter route and store for the Experimenter pass.,One ingredient copy; Alchemy 50 and Experimenter 3 for one-eat all-effects discovery policy.,Do not consume quest/one-time ingredients before parent quest and preservation checks are complete.,TB-033 alchemy-effect validation,SN-000084-alchemy-ingredient-effect-discovery.md,Caught by Fishing on the surface.
PROGSEL-000454,alchemy_ingredient_source,ALCHEMY-000151,OBJ-002677,Kagouti Hide,ae_creation,G06/G14,khajiit_caravan_purchase,khajiit_caravan_purchase,not_listed,"Lingering Damage Stamina (2x, 2.14x) | Night Eye | Fortify Carry Weight (1.25x, 1.27x) | Resist Shock (1.33x, 1.36x)",Buy one copy from Khajiit caravan stock and store it for the Experimenter pass.,One ingredient copy; Alchemy 50 and Experimenter 3 for one-eat all-effects discovery policy.,Do not consume quest/one-time ingredients before parent quest and preservation checks are complete.,TB-033 alchemy-effect validation,SN-000084-alchemy-ingredient-effect-discovery.md,Originating from Vvardenfell. One of the Rare Curios sold by Khajiit trade caravans.
PROGSEL-000455,alchemy_ingredient_source,ALCHEMY-000152,OBJ-002678,Kresh Fiber,ae_creation,G06/G14,khajiit_caravan_purchase,khajiit_caravan_purchase,not_listed,"Weakness to Magic (1.5x, 1.56x) | Slow (2x, 2.14x) | Fortify Sneak (1.25x, 1.27x) | Fortify Pickpocket (1.25x, 1.27x)",Buy one copy from Khajiit caravan stock and store it for the Experimenter pass.,One ingredient copy; Alchemy 50 and Experimenter 3 for one-eat all-effects discovery policy.,Do not consume quest/one-time ingredients before parent quest and preservation checks are complete.,TB-033 alchemy-effect validation,SN-000084-alchemy-ingredient-effect-discovery.md,Originating from Vvardenfell. One of the Rare Curios sold by Khajiit trade caravans.
PROGSEL-000456,alchemy_ingredient_source,ALCHEMY-000153,OBJ-002679,Lichor,ae_creation,G06/G14,khajiit_caravan_purchase,khajiit_caravan_purchase,not_listed,"Restore Magicka (1.2x, 1.22x) | Regenerate Magicka (1.2x, 1.22x) | Fortify Magicka (1.25x, 1.27x) | Spell Absorption",Buy one copy from Khajiit caravan stock and store it for the Experimenter pass.,One ingredient copy; Alchemy 50 and Experimenter 3 for one-eat all-effects discovery policy.,Do not consume quest/one-time ingredients before parent quest and preservation checks are complete.,TB-033 alchemy-effect validation,SN-000084-alchemy-ingredient-effect-discovery.md,Originating from Mankar Camoran's destroyed realm of Oblivion. One of the Rare Curios sold by Khajiit trade caravans.
PROGSEL-000457,alchemy_ingredient_source,ALCHEMY-000154,OBJ-002680,Luminous Russula,ae_creation,G06/G14,khajiit_caravan_purchase,khajiit_caravan_purchase,not_listed,"Lingering Damage Stamina (2x, 2.14x) | Lingering Damage Health (2x, 2.14x) | Waterbreathing (1.6x, 1.67x) | Fear (2x, 2.14x)",Buy one copy from Khajiit caravan stock and store it for the Experimenter pass.,One ingredient copy; Alchemy 50 and Experimenter 3 for one-eat all-effects discovery policy.,Do not consume quest/one-time ingredients before parent quest and preservation checks are complete.,TB-033 alchemy-effect validation,SN-000084-alchemy-ingredient-effect-discovery.md,Originating from Vvardenfell. One of the Rare Curios sold by Khajiit trade caravans.
PROGSEL-000458,alchemy_ingredient_source,ALCHEMY-000155,OBJ-002681,Lyretail Anthias,ae_creation,G14,fishing_source,fishing_source,not_listed,Restore Magicka | Fortify Alteration | Fortify Conjuration | Fortify Carry Weight,Acquire during TB-031F fishing/counter route and store for the Experimenter pass.,One ingredient copy; Alchemy 50 and Experimenter 3 for one-eat all-effects discovery policy.,Do not consume quest/one-time ingredients before parent quest and preservation checks are complete.,TB-033 alchemy-effect validation,SN-000084-alchemy-ingredient-effect-discovery.md,Caught by Fishing in temperate streams and at Evergreen Grove.
PROGSEL-000459,alchemy_ingredient_source,ALCHEMY-000156,OBJ-002682,Marshmerrow,ae_creation,G06/G14,khajiit_caravan_purchase,khajiit_caravan_purchase,not_listed,"Restore Health (1.2x, 1.22x) | Fortify Carry Weight (1.25x, 1.27x) | Weakness to Magic (1.5x, 1.56x) | Damage Stamina (1.33x, 1.36x)",Buy one copy from Khajiit caravan stock and store it for the Experimenter pass.,One ingredient copy; Alchemy 50 and Experimenter 3 for one-eat all-effects discovery policy.,Do not consume quest/one-time ingredients before parent quest and preservation checks are complete.,TB-033 alchemy-effect validation,SN-000084-alchemy-ingredient-effect-discovery.md,Originating from Vvardenfell. One of the Rare Curios sold by Khajiit trade caravans.
PROGSEL-000460,alchemy_ingredient_source,ALCHEMY-000157,OBJ-002683,Minotaur Horn,ae_creation,G06/G14,khajiit_caravan_purchase,khajiit_caravan_purchase,not_listed,"Resist Poison (1.25x, 1.27x) | Damage Magicka Regen (2x, 2.14x) | Regenerate Health (1.2x, 1.22x) | Regenerate Magicka (1.2x, 1.22x)",Buy one copy from Khajiit caravan stock and store it for the Experimenter pass.,One ingredient copy; Alchemy 50 and Experimenter 3 for one-eat all-effects discovery policy.,Do not consume quest/one-time ingredients before parent quest and preservation checks are complete.,TB-033 alchemy-effect validation,SN-000084-alchemy-ingredient-effect-discovery.md,Originating from Cyrodiil. One of the Rare Curios sold by Khajiit trade caravans.
PROGSEL-000461,alchemy_ingredient_source,ALCHEMY-000158,OBJ-002684,Mort Flesh,ae_creation,G14,route_harvest,route_harvest,None,Damage Health | Damage Magicka | Damage Magicka Regen | Frenzy,Harvest one copy during natural regional routing and store for Experimenter pass.,One ingredient copy; Alchemy 50 and Experimenter 3 for one-eat all-effects discovery policy.,Do not consume quest/one-time ingredients before parent quest and preservation checks are complete.,TB-033 alchemy-effect validation,SN-000084-alchemy-ingredient-effect-discovery.md,Originating from Cyrodiil. Dropped by the zombies from Plague of the Dead.
PROGSEL-000462,alchemy_ingredient_source,ALCHEMY-000159,OBJ-002685,Nightshade,ae_creation,G14,route_harvest,route_harvest,None,Damage Health | Damage Magicka Regen | Lingering Damage Stamina | Fortify Destruction (0.8x),Harvest one copy during natural regional routing and store for Experimenter pass.,One ingredient copy; Alchemy 50 and Experimenter 3 for one-eat all-effects discovery policy.,Do not consume quest/one-time ingredients before parent quest and preservation checks are complete.,TB-033 alchemy-effect validation,SN-000084-alchemy-ingredient-effect-discovery.md,A variant of the regular Nightshade that has one less leaf on its stem.
PROGSEL-000463,alchemy_ingredient_source,ALCHEMY-000160,OBJ-002686,Ogre's Teeth,ae_creation,G06/G14,khajiit_caravan_purchase,khajiit_caravan_purchase,not_listed,"Weakness to Shock (1.33x, 1.36x) | Resist Poison (1.25x, 1.27x) | Lingering Damage Magicka (2x, 2.12x) | Regenerate Health (1.2x, 1.22x)",Buy one copy from Khajiit caravan stock and store it for the Experimenter pass.,One ingredient copy; Alchemy 50 and Experimenter 3 for one-eat all-effects discovery policy.,Do not consume quest/one-time ingredients before parent quest and preservation checks are complete.,TB-033 alchemy-effect validation,SN-000084-alchemy-ingredient-effect-discovery.md,Originating from Cyrodiil. One of the Rare Curios sold by Khajiit trade caravans.
PROGSEL-000464,alchemy_ingredient_source,ALCHEMY-000161,OBJ-002687,Pearlfish,ae_creation,G14,fishing_source,fishing_source,not_listed,Restore Stamina | Resist Frost | Fortify Smithing | Fortify One-handed,Acquire during TB-031F fishing/counter route and store for the Experimenter pass.,One ingredient copy; Alchemy 50 and Experimenter 3 for one-eat all-effects discovery policy.,Do not consume quest/one-time ingredients before parent quest and preservation checks are complete.,TB-033 alchemy-effect validation,SN-000084-alchemy-ingredient-effect-discovery.md,Caught by Fishing in temperate lakes and streams in rainy weather.
PROGSEL-000465,alchemy_ingredient_source,ALCHEMY-000162,OBJ-002688,Purple Butterfly Wing,ae_creation,G14,route_harvest,route_harvest,not_listed,Regenerate Health | Regenerate Magicka | Regenerate Stamina | Paralysis,Harvest one copy during natural regional routing and store for Experimenter pass.,One ingredient copy; Alchemy 50 and Experimenter 3 for one-eat all-effects discovery policy.,Do not consume quest/one-time ingredients before parent quest and preservation checks are complete.,TB-033 alchemy-effect validation,SN-000084-alchemy-ingredient-effect-discovery.md,Harvested by Saints & Seducers.
PROGSEL-000466,alchemy_ingredient_source,ALCHEMY-000163,OBJ-002689,Pygmy Sunfish,ae_creation,G14,fishing_source,fishing_source,not_listed,Restore Stamina | Lingering Damage Magicka | Damage Magicka Regen | Fortify Restoration,Acquire during TB-031F fishing/counter route and store for the Experimenter pass.,One ingredient copy; Alchemy 50 and Experimenter 3 for one-eat all-effects discovery policy.,Do not consume quest/one-time ingredients before parent quest and preservation checks are complete.,TB-033 alchemy-effect validation,SN-000084-alchemy-ingredient-effect-discovery.md,Caught by Fishing in temperate lakes in rainy weather.
PROGSEL-000467,alchemy_ingredient_source,ALCHEMY-000164,OBJ-002690,Red Kelp Gas Bladder,ae_creation,G06/G14,khajiit_caravan_purchase,khajiit_caravan_purchase,not_listed,"Regenerate Stamina (1.2x, 1.22x) | Waterbreathing (1.6x, 1.67x) | Cure Disease (0.36x) | Fortify Magicka (1.25x, 1.27x)",Buy one copy from Khajiit caravan stock and store it for the Experimenter pass.,One ingredient copy; Alchemy 50 and Experimenter 3 for one-eat all-effects discovery policy.,Do not consume quest/one-time ingredients before parent quest and preservation checks are complete.,TB-033 alchemy-effect validation,SN-000084-alchemy-ingredient-effect-discovery.md,Originating from the Shivering Isles. One of the Rare Curios sold by Khajiit trade caravans.
PROGSEL-000468,alchemy_ingredient_source,ALCHEMY-000165,OBJ-002691,Redwort Flower,ae_creation,G06/G14,khajiit_caravan_purchase,khajiit_caravan_purchase,not_listed,"Resist Frost (1.33x, 1.36x) | Cure Poison | Damage Health (1.5x, 1.56x) | Invisibility (1.5x, 1.56x)",Buy one copy from Khajiit caravan stock and store it for the Experimenter pass.,One ingredient copy; Alchemy 50 and Experimenter 3 for one-eat all-effects discovery policy.,Do not consume quest/one-time ingredients before parent quest and preservation checks are complete.,TB-033 alchemy-effect validation,SN-000084-alchemy-ingredient-effect-discovery.md,Originating from Cyrodiil. One of the Rare Curios sold by Khajiit trade caravans.
PROGSEL-000469,alchemy_ingredient_source,ALCHEMY-000166,OBJ-002692,Roobrush,ae_creation,G06/G14,khajiit_caravan_purchase,khajiit_caravan_purchase,not_listed,"Weakness to Magic (1.5x, 1.56x) | Fortify Sneak (1.25x, 1.27x) | Lingering Damage Health (2x, 2.14x) | Cure Poison",Buy one copy from Khajiit caravan stock and store it for the Experimenter pass.,One ingredient copy; Alchemy 50 and Experimenter 3 for one-eat all-effects discovery policy.,Do not consume quest/one-time ingredients before parent quest and preservation checks are complete.,TB-033 alchemy-effect validation,SN-000084-alchemy-ingredient-effect-discovery.md,Originating from Vvardenfell. One of the Rare Curios sold by Khajiit trade caravans.
PROGSEL-000470,alchemy_ingredient_source,ALCHEMY-000167,OBJ-002693,Rot Scale,ae_creation,G14,route_harvest,route_harvest,not_listed,"Slow (3x, 0.26x) | Lingering Damage Health (3x, 3.34x) | Fear (0.16x, 0.14x) | Paralysis",Harvest one copy during natural regional routing and store for Experimenter pass.,One ingredient copy; Alchemy 50 and Experimenter 3 for one-eat all-effects discovery policy.,Do not consume quest/one-time ingredients before parent quest and preservation checks are complete.,TB-033 alchemy-effect validation,SN-000084-alchemy-ingredient-effect-discovery.md,Originating from the Shivering Isles.
PROGSEL-000471,alchemy_ingredient_source,ALCHEMY-000168,OBJ-002694,Saltrice,ae_creation,G06/G14,khajiit_caravan_purchase,khajiit_caravan_purchase,not_listed,"Restore Stamina (1.2x, 1.22x) | Fortify Magicka (1.25x, 1.27x) | Damage Stamina Regen (2x, 2.14x) | Restore Health (1.2x, 1.22x)",Buy one copy from Khajiit caravan stock and store it for the Experimenter pass.,One ingredient copy; Alchemy 50 and Experimenter 3 for one-eat all-effects discovery policy.,Do not consume quest/one-time ingredients before parent quest and preservation checks are complete.,TB-033 alchemy-effect validation,SN-000084-alchemy-ingredient-effect-discovery.md,Originating from Morrowind. One of the Rare Curios sold by Khajiit trade caravans.
PROGSEL-000472,alchemy_ingredient_source,ALCHEMY-000169,OBJ-002695,Scalon Fin,ae_creation,G06/G14,khajiit_caravan_purchase,khajiit_caravan_purchase,not_listed,"Waterbreathing (1.6x, 1.67x) | Damage Health (1.5x, 1.56x) | Lingering Damage Magicka (2x, 2.14x) | Damage Magicka Regen (2x, 2.14x)",Buy one copy from Khajiit caravan stock and store it for the Experimenter pass.,One ingredient copy; Alchemy 50 and Experimenter 3 for one-eat all-effects discovery policy.,Do not consume quest/one-time ingredients before parent quest and preservation checks are complete.,TB-033 alchemy-effect validation,SN-000084-alchemy-ingredient-effect-discovery.md,Originating from the Shivering Isles. One of the Rare Curios sold by Khajiit trade caravans.
PROGSEL-000473,alchemy_ingredient_source,ALCHEMY-000170,OBJ-002696,Screaming Maw,ae_creation,G14,route_harvest,route_harvest,not_listed,"Regenerate Magicka (4x, 0.2x, 0.78x) | Fortify Alteration (1.25x 1.27x) | Invisibility (0.25x, 0.22x) | Regenerate Health (4x, 0.03x, 0.11x)",Harvest one copy during natural regional routing and store for Experimenter pass.,One ingredient copy; Alchemy 50 and Experimenter 3 for one-eat all-effects discovery policy.,Do not consume quest/one-time ingredients before parent quest and preservation checks are complete.,TB-033 alchemy-effect validation,SN-000084-alchemy-ingredient-effect-discovery.md,Originating from the Shivering Isles. Harvested by Saints & Seducers.
PROGSEL-000474,alchemy_ingredient_source,ALCHEMY-000171,OBJ-002697,Scrib Jelly,ae_creation,G06/G14,khajiit_caravan_purchase,khajiit_caravan_purchase,not_listed,"Regenerate Magicka (1.2x, 1.22x) | Cure Poison | Cure Disease (0.36x) | Regenerate Stamina (1.2x, 1.22x)",Buy one copy from Khajiit caravan stock and store it for the Experimenter pass.,One ingredient copy; Alchemy 50 and Experimenter 3 for one-eat all-effects discovery policy.,Do not consume quest/one-time ingredients before parent quest and preservation checks are complete.,TB-033 alchemy-effect validation,SN-000084-alchemy-ingredient-effect-discovery.md,Originating from Vvardenfell. One of the Rare Curios sold by Khajiit trade caravans.
PROGSEL-000475,alchemy_ingredient_source,ALCHEMY-000172,OBJ-002698,Scrib Jerky,ae_creation,G06/G14,khajiit_caravan_purchase,khajiit_caravan_purchase,not_listed,"Restore Stamina (1.2x, 1.22x) | Fortify Stamina (1.25x, 1.27x) | Paralysis (2x, 2.14x) | Waterbreathing (1.6x, 1.67x)",Buy one copy from Khajiit caravan stock and store it for the Experimenter pass.,One ingredient copy; Alchemy 50 and Experimenter 3 for one-eat all-effects discovery policy.,Do not consume quest/one-time ingredients before parent quest and preservation checks are complete.,TB-033 alchemy-effect validation,SN-000084-alchemy-ingredient-effect-discovery.md,Originating from Vvardenfell. One of the Rare Curios sold by Khajiit trade caravans.
PROGSEL-000476,alchemy_ingredient_source,ALCHEMY-000173,OBJ-002699,Sload Soap,ae_creation,G06/G14,khajiit_caravan_purchase,khajiit_caravan_purchase,not_listed,"Resist Fire (1.33x, 1.36x) | Fear (2x, 2.14x) | Fortify Conjuration (1.2x, 1.22x) | Fortify Alteration (1.25x, 1.27x)",Buy one copy from Khajiit caravan stock and store it for the Experimenter pass.,One ingredient copy; Alchemy 50 and Experimenter 3 for one-eat all-effects discovery policy.,Do not consume quest/one-time ingredients before parent quest and preservation checks are complete.,TB-033 alchemy-effect validation,SN-000084-alchemy-ingredient-effect-discovery.md,Popular in Vvardenfell. One of the Rare Curios sold by Khajiit trade caravans.
PROGSEL-000477,alchemy_ingredient_source,ALCHEMY-000174,OBJ-002700,Spadefish,ae_creation,G14,fishing_source,fishing_source,not_listed,Restore Health | Fortify Lockpicking | Fortify Pickpocket | Cure Disease,Acquire during TB-031F fishing/counter route and store for the Experimenter pass.,One ingredient copy; Alchemy 50 and Experimenter 3 for one-eat all-effects discovery policy.,Do not consume quest/one-time ingredients before parent quest and preservation checks are complete.,TB-033 alchemy-effect validation,SN-000084-alchemy-ingredient-effect-discovery.md,"Caught by Fishing in temperate streams on sunny days, in the Eldergleam Sanctuary, and in the Evergreen Grove."
PROGSEL-000478,alchemy_ingredient_source,ALCHEMY-000175,OBJ-002701,Spiddal Stick,ae_creation,G14,route_harvest,route_harvest,not_listed,"Damage Health (2x, 2.14x) | Damage Magicka (1.33x, 1.36x) | Weakness to Fire | Restore Stamina (0.4x, 0.36x)",Harvest one copy during natural regional routing and store for Experimenter pass.,One ingredient copy; Alchemy 50 and Experimenter 3 for one-eat all-effects discovery policy.,Do not consume quest/one-time ingredients before parent quest and preservation checks are complete.,TB-033 alchemy-effect validation,SN-000084-alchemy-ingredient-effect-discovery.md,"Harvested from the Deadlands, if one has The Cause to go there."
PROGSEL-000479,alchemy_ingredient_source,ALCHEMY-000176,OBJ-002702,Steel-Blue Entoloma,ae_creation,G06/G14,khajiit_caravan_purchase,khajiit_caravan_purchase,Khajiit Traders,Restore Magicka | Fortify Destruction | Resist Frost | Fortify Carry Weight,Buy one copy from Khajiit caravan stock and store it for the Experimenter pass.,One ingredient copy; Alchemy 50 and Experimenter 3 for one-eat all-effects discovery policy.,Do not consume quest/one-time ingredients before parent quest and preservation checks are complete.,TB-033 alchemy-effect validation,SN-000084-alchemy-ingredient-effect-discovery.md,Originating from Cyrodiil. Useful to con goblins.
PROGSEL-000480,alchemy_ingredient_source,ALCHEMY-000177,OBJ-002703,Stoneflower Petals,ae_creation,G06/G14,khajiit_caravan_purchase,khajiit_caravan_purchase,not_listed,"Weakness to Shock (1.33x, 1.36x) | Fortify One-handed (1.25x, 1.27x) | Fortify Magicka (1.25x, 1.27x) | Fortify Enchanting (2x, 2.14x)",Buy one copy from Khajiit caravan stock and store it for the Experimenter pass.,One ingredient copy; Alchemy 50 and Experimenter 3 for one-eat all-effects discovery policy.,Do not consume quest/one-time ingredients before parent quest and preservation checks are complete.,TB-033 alchemy-effect validation,SN-000084-alchemy-ingredient-effect-discovery.md,Originating from Vvardenfell. One of the Rare Curios sold by Khajiit trade caravans.
PROGSEL-000481,alchemy_ingredient_source,ALCHEMY-000178,OBJ-002704,Thorn Hook,ae_creation,G14,route_harvest,route_harvest,not_listed,"Lingering Damage Health | Paralysis | Regenerate Magicka (0.6x, 0.6x, 0.32x) | Regenerate Health (0.6x, 0.6x, 0.32x)",Harvest one copy during natural regional routing and store for Experimenter pass.,One ingredient copy; Alchemy 50 and Experimenter 3 for one-eat all-effects discovery policy.,Do not consume quest/one-time ingredients before parent quest and preservation checks are complete.,TB-033 alchemy-effect validation,SN-000084-alchemy-ingredient-effect-discovery.md,Originating from the Shivering Isles. Harvested by Saints & Seducers.
PROGSEL-000482,alchemy_ingredient_source,ALCHEMY-000179,OBJ-002705,Void Essence,ae_creation,G06/G14,khajiit_caravan_purchase,khajiit_caravan_purchase,not_listed,"Restore Health (1.2x, 1.22x) | Fortify Health (1.25x, 5x, 7.5x) | Fortify Stamina (1.25x, 5x, 7.5x) | Regenerate Health (1.2x, 1.22x)",Buy one copy from Khajiit caravan stock and store it for the Experimenter pass.,One ingredient copy; Alchemy 50 and Experimenter 3 for one-eat all-effects discovery policy.,Do not consume quest/one-time ingredients before parent quest and preservation checks are complete.,TB-033 alchemy-effect validation,SN-000084-alchemy-ingredient-effect-discovery.md,Originating from the Shivering Isles. One of the Rare Curios sold by Khajiit trade caravans.
PROGSEL-000483,alchemy_ingredient_source,ALCHEMY-000180,OBJ-002706,Watcher's Eye,ae_creation,G06/G14,khajiit_caravan_purchase,khajiit_caravan_purchase,not_listed,"Night Eye | Fortify Magicka (1.25x, 1.27x) | Fortify Illusion (5x, 5.87x) | Spell Absorption",Buy one copy from Khajiit caravan stock and store it for the Experimenter pass.,One ingredient copy; Alchemy 50 and Experimenter 3 for one-eat all-effects discovery policy.,Do not consume quest/one-time ingredients before parent quest and preservation checks are complete.,TB-033 alchemy-effect validation,SN-000084-alchemy-ingredient-effect-discovery.md,Originating from the Shivering Isles. One of the Rare Curios sold by Khajiit trade caravans.
PROGSEL-000484,alchemy_ingredient_source,ALCHEMY-000181,OBJ-002707,Wild Grass Pod,ae_creation,G14,route_harvest,route_harvest,None,Resist Poison | Ravage Magicka | Fortify Alteration | Restore Magicka,Harvest one copy during natural regional routing and store for Experimenter pass.,One ingredient copy; Alchemy 50 and Experimenter 3 for one-eat all-effects discovery policy.,Do not consume quest/one-time ingredients before parent quest and preservation checks are complete.,TB-033 alchemy-effect validation,SN-000084-alchemy-ingredient-effect-discovery.md,"Growing near the entrance to the Runoff Caverns, made wild by Forgotten Seasons."
PROGSEL-000485,alchemy_ingredient_source,ALCHEMY-000182,OBJ-002708,Wisp Stalk Caps,ae_creation,G06/G14,khajiit_caravan_purchase,khajiit_caravan_purchase,not_listed,"Damage Health (1.5x, 1.56x) | Weakness to Poison (1.5x, 1.56x) | Frenzy (2x, 2.14x) | Regenerate Stamina (1.2x, 1.22x)",Buy one copy from Khajiit caravan stock and store it for the Experimenter pass.,One ingredient copy; Alchemy 50 and Experimenter 3 for one-eat all-effects discovery policy.,Do not consume quest/one-time ingredients before parent quest and preservation checks are complete.,TB-033 alchemy-effect validation,SN-000084-alchemy-ingredient-effect-discovery.md,Originating from Cyrodiil. One of the Rare Curios sold by Khajiit trade caravans.
PROGSEL-000486,alchemy_ingredient_source,ALCHEMY-000183,OBJ-002709,Withering Moon,ae_creation,G06/G14,khajiit_caravan_purchase,khajiit_caravan_purchase,not_listed,"Restore Magicka (1.2x, 1.22x) | Spell Absorption | Fortify Light Armor (1.5x, 1.56x) | Cure Disease (0.36x)",Buy one copy from Khajiit caravan stock and store it for the Experimenter pass.,One ingredient copy; Alchemy 50 and Experimenter 3 for one-eat all-effects discovery policy.,Do not consume quest/one-time ingredients before parent quest and preservation checks are complete.,TB-033 alchemy-effect validation,SN-000084-alchemy-ingredient-effect-discovery.md,Originating from the Shivering Isles. One of the Rare Curios sold by Khajiit trade caravans.
PROGSEL-000487,alchemy_ingredient_source,ALCHEMY-000184,OBJ-002710,Worm's Head Cap,ae_creation,G06/G14,khajiit_caravan_purchase,khajiit_caravan_purchase,not_listed,"Fortify Lockpicking (1.5x, 1.56x) | Night Eye | Fortify Carry Weight (1.25x, 1.27x) | Slow (2x, 2.14x)",Buy one copy from Khajiit caravan stock and store it for the Experimenter pass.,One ingredient copy; Alchemy 50 and Experimenter 3 for one-eat all-effects discovery policy.,Do not consume quest/one-time ingredients before parent quest and preservation checks are complete.,TB-033 alchemy-effect validation,SN-000084-alchemy-ingredient-effect-discovery.md,Originating from the Shivering Isles. One of the Rare Curios sold by Khajiit trade caravans.
PROGSEL-000488,alchemy_ingredient_source,ALCHEMY-000185,OBJ-002711,Berit's Ashes,base_game,G14,quest_window_consumption,quest_window_consumption,None,Damage Stamina | Resist Fire | Fortify Conjuration | Ravage Stamina,"Consume one copy only after the parent quest no longer needs it, with a hard save before the discovery pass.",One ingredient copy; Alchemy 50 and Experimenter 3 for one-eat all-effects discovery policy.,Do not consume quest/one-time ingredients before parent quest and preservation checks are complete.,TB-033 alchemy-effect validation,SN-000084-alchemy-ingredient-effect-discovery.md,This ingredient is given as a quest item. Its effects are all identical to standard Bone Meal.
PROGSEL-000489,alchemy_ingredient_source,ALCHEMY-000186,OBJ-002712,Corrupted Human Heart,ae_creation,G14,quest_window_consumption,quest_window_consumption,None,Damage Health | Damage Magicka | Damage Magicka Regen | Frenzy,"Consume one copy only after the parent quest no longer needs it, with a hard save before the discovery pass.",One ingredient copy; Alchemy 50 and Experimenter 3 for one-eat all-effects discovery policy.,Do not consume quest/one-time ingredients before parent quest and preservation checks are complete.,TB-033 alchemy-effect validation,SN-000084-alchemy-ingredient-effect-discovery.md,The heart of a cursed Spell Knight.
PROGSEL-000490,alchemy_ingredient_source,ALCHEMY-000187,OBJ-002713,Farengar's Frost Salt,base_game,G14,quest_window_consumption,quest_window_consumption,None,Weakness to Fire | Resist Frost | Restore Magicka | Fortify Conjuration,"Consume one copy only after the parent quest no longer needs it, with a hard save before the discovery pass.",One ingredient copy; Alchemy 50 and Experimenter 3 for one-eat all-effects discovery policy.,Do not consume quest/one-time ingredients before parent quest and preservation checks are complete.,TB-033 alchemy-effect validation,SN-000084-alchemy-ingredient-effect-discovery.md,"This ingredient is given as a quest item. It is identical to standard Frost Salts, except for its name."
PROGSEL-000491,alchemy_ingredient_source,ALCHEMY-000188,OBJ-002714,Fine-Cut Void Salts,base_game,G14,quest_window_consumption,quest_window_consumption,None,Weakness to Shock | Resist Magic | Damage Health | Fortify Magicka,"Consume one copy only after the parent quest no longer needs it, with a hard save before the discovery pass.",One ingredient copy; Alchemy 50 and Experimenter 3 for one-eat all-effects discovery policy.,Do not consume quest/one-time ingredients before parent quest and preservation checks are complete.,TB-033 alchemy-effect validation,SN-000084-alchemy-ingredient-effect-discovery.md,"This ingredient is given as a quest item. It is identical to standard Void Salts, except for its name."
PROGSEL-000492,alchemy_ingredient_source,ALCHEMY-000189,OBJ-002715,Jarrin Root,base_game,G14,quest_window_consumption,quest_window_consumption,None,Damage Health (100x) | Damage Magicka | Damage Stamina | Damage Magicka Regen,"Consume one copy only after the parent quest no longer needs it, with a hard save before the discovery pass.",One ingredient copy; Alchemy 50 and Experimenter 3 for one-eat all-effects discovery policy.,Do not consume quest/one-time ingredients before parent quest and preservation checks are complete.,TB-033 alchemy-effect validation,SN-000084-alchemy-ingredient-effect-discovery.md,You may only receive this ingredient once during the Dark Brotherhood quest line.
PROGSEL-000493,alchemy_ingredient_source,ALCHEMY-000190,OBJ-002716,Simon Rodayne's Heart,ae_creation,G14,quest_window_consumption,quest_window_consumption,None,Damage Health | Damage Magicka | Damage Magicka Regen | Frenzy,"Consume one copy only after the parent quest no longer needs it, with a hard save before the discovery pass.",One ingredient copy; Alchemy 50 and Experimenter 3 for one-eat all-effects discovery policy.,Do not consume quest/one-time ingredients before parent quest and preservation checks are complete.,TB-033 alchemy-effect validation,SN-000084-alchemy-ingredient-effect-discovery.md,"The heart of a fallen Spell Knight, purified of corruption."
PROGSEL-000494,merchant_investment,MERINV-000001,OBJ-002718,Nurelion (Quintus Navale),Eastmarch,G06,selected_investment_circuit,The White Phial,Windhelm / Eastmarch,,Invest during the first safe regional merchant sweep after Speech 70 and Investor are active.,Speech 70; Investor perk; merchant alive/accessible; no active hostile/faction state.,Complete before any Speech reset or role/default change that can affect merchant access.,TB-033 investment validation,SN-000085-merchant-investment-scope.md,Source-listed checked Invest row; final route timing and NPC safety validation deferred.
PROGSEL-000495,merchant_investment,MERINV-000002,OBJ-002719,Oengul War-Anvil (Hermir Strong-Heart),Eastmarch,G06,selected_investment_circuit,Blacksmith Quarters,Windhelm / Eastmarch,,Invest during the first safe regional merchant sweep after Speech 70 and Investor are active.,Speech 70; Investor perk; merchant alive/accessible; no active hostile/faction state.,Complete before any Speech reset or role/default change that can affect merchant access.,TB-033 investment validation,SN-000085-merchant-investment-scope.md,Source-listed checked Invest row; final route timing and NPC safety validation deferred.
PROGSEL-000496,merchant_investment,MERINV-000003,OBJ-002720,Revyn Sadri,Eastmarch,G06,selected_investment_circuit,Sadri's Used Wares,Windhelm / Eastmarch,,Invest during the first safe regional merchant sweep after Speech 70 and Investor are active.,Speech 70; Investor perk; merchant alive/accessible; no active hostile/faction state.,Complete before any Speech reset or role/default change that can affect merchant access.,TB-033 investment validation,SN-000085-merchant-investment-scope.md,Source-listed checked Invest row; final route timing and NPC safety validation deferred.
PROGSEL-000497,merchant_investment,MERINV-000004,OBJ-002721,Wuunferth the Unliving,Eastmarch,G06,selected_investment_circuit,Palace of the Kings,Windhelm / Eastmarch,,Invest during the first safe regional merchant sweep after Speech 70 and Investor are active.,Speech 70; Investor perk; merchant alive/accessible; no active hostile/faction state.,Complete before any Speech reset or role/default change that can affect merchant access.,TB-033 investment validation,SN-000085-merchant-investment-scope.md,Source-listed checked Invest row; final route timing and NPC safety validation deferred.
PROGSEL-000498,merchant_investment,MERINV-000005,OBJ-002722,Solaf,Falkreath Hold,G03,selected_investment_circuit,Gray Pine Goods,Falkreath / Falkreath Hold,,Invest during the first safe regional merchant sweep after Speech 70 and Investor are active.,Speech 70; Investor perk; merchant alive/accessible; no active hostile/faction state.,Complete before any Speech reset or role/default change that can affect merchant access.,TB-033 investment validation,SN-000085-merchant-investment-scope.md,Source-listed checked Invest row; final route timing and NPC safety validation deferred.
PROGSEL-000499,merchant_investment,MERINV-000006,,Lod,Falkreath Hold,,bugged_unofficial_patch_only,Lod's House,Falkreath / Falkreath Hold,,Do not route as required investment unless TB-031H/TB-033 later validates official PS4 AE availability.,Speech 70; Investor perk; merchant alive/accessible; no active hostile/faction state.,Complete before any Speech reset or role/default change that can affect merchant access.,TB-033 investment validation,SN-000085-merchant-investment-scope.md,Source table marks investment as bugged without the Unofficial Patch; do not route under official PS4 AE policy.
PROGSEL-000500,merchant_investment,MERINV-000007,,Zaria,Falkreath Hold,,bugged_unofficial_patch_only,Grave Concoctions,Falkreath / Falkreath Hold,,Do not route as required investment unless TB-031H/TB-033 later validates official PS4 AE availability.,Speech 70; Investor perk; merchant alive/accessible; no active hostile/faction state.,Complete before any Speech reset or role/default change that can affect merchant access.,TB-033 investment validation,SN-000085-merchant-investment-scope.md,Source table marks investment as bugged without the Unofficial Patch; do not route under official PS4 AE policy.
PROGSEL-000501,merchant_investment,MERINV-000008,,Angeline Morrard (Vivienne Onis),Haafingar,,bugged_unofficial_patch_only,Angeline's Aromatics,Solitude / Haafingar,,Do not route as required investment unless TB-031H/TB-033 later validates official PS4 AE availability.,Speech 70; Investor perk; merchant alive/accessible; no active hostile/faction state.,Complete before any Speech reset or role/default change that can affect merchant access.,TB-033 investment validation,SN-000085-merchant-investment-scope.md,Source table marks investment as bugged without the Unofficial Patch; do not route under official PS4 AE policy.
PROGSEL-000502,merchant_investment,MERINV-000009,OBJ-002723,Beirand,Haafingar,G07,selected_investment_circuit,Solitude Blacksmith,Solitude / Haafingar,,Invest during the first safe regional merchant sweep after Speech 70 and Investor are active.,Speech 70; Investor perk; merchant alive/accessible; no active hostile/faction state.,Complete before any Speech reset or role/default change that can affect merchant access.,TB-033 investment validation,SN-000085-merchant-investment-scope.md,Source-listed checked Invest row; final route timing and NPC safety validation deferred.
PROGSEL-000503,merchant_investment,MERINV-000010,OBJ-002724,Endarie; Taarie,Haafingar,G07,selected_investment_circuit,Radiant Raiment,Solitude / Haafingar,,Invest during the first safe regional merchant sweep after Speech 70 and Investor are active.,Speech 70; Investor perk; merchant alive/accessible; no active hostile/faction state.,Complete before any Speech reset or role/default change that can affect merchant access.,TB-033 investment validation,SN-000085-merchant-investment-scope.md,Source-listed checked Invest row; final route timing and NPC safety validation deferred.
PROGSEL-000504,merchant_investment,MERINV-000011,,Fihada (Jawanan),Haafingar,,bugged_unofficial_patch_only,Fletcher,Solitude / Haafingar,,Do not route as required investment unless TB-031H/TB-033 later validates official PS4 AE availability.,Speech 70; Investor perk; merchant alive/accessible; no active hostile/faction state.,Complete before any Speech reset or role/default change that can affect merchant access.,TB-033 investment validation,SN-000085-merchant-investment-scope.md,Source table marks investment as bugged without the Unofficial Patch; do not route under official PS4 AE policy.
PROGSEL-000505,merchant_investment,MERINV-000012,OBJ-002725,Sayma,Haafingar,G07,selected_investment_circuit,Bits and Pieces,Solitude / Haafingar,,Invest during the first safe regional merchant sweep after Speech 70 and Investor are active.,Speech 70; Investor perk; merchant alive/accessible; no active hostile/faction state.,Complete before any Speech reset or role/default change that can affect merchant access.,TB-033 investment validation,SN-000085-merchant-investment-scope.md,Source-listed checked Invest row; final route timing and NPC safety validation deferred.
PROGSEL-000506,merchant_investment,MERINV-000013,OBJ-002726,Sybille Stentor (Melaran),Haafingar,G07,selected_investment_circuit,Blue Palace,Solitude / Haafingar,,Invest during the first safe regional merchant sweep after Speech 70 and Investor are active.,Speech 70; Investor perk; merchant alive/accessible; no active hostile/faction state.,Complete before any Speech reset or role/default change that can affect merchant access.,TB-033 investment validation,SN-000085-merchant-investment-scope.md,Source-listed checked Invest row; final route timing and NPC safety validation deferred.
PROGSEL-000507,merchant_investment,MERINV-000014,,Falion,Hjaalmarch,,bugged_unofficial_patch_only,Falion's House,Morthal / Hjaalmarch,Cures vampirism,Do not route as required investment unless TB-031H/TB-033 later validates official PS4 AE availability.,Speech 70; Investor perk; merchant alive/accessible; no active hostile/faction state.,Complete before any Speech reset or role/default change that can affect merchant access.,TB-033 investment validation,SN-000085-merchant-investment-scope.md,Source table marks investment as bugged without the Unofficial Patch; do not route under official PS4 AE policy.
PROGSEL-000508,merchant_investment,MERINV-000015,OBJ-002727,Lami,Hjaalmarch,G07,selected_investment_circuit,Thaumaturgist's Hut,Morthal / Hjaalmarch,,Invest during the first safe regional merchant sweep after Speech 70 and Investor are active.,Speech 70; Investor perk; merchant alive/accessible; no active hostile/faction state.,Complete before any Speech reset or role/default change that can affect merchant access.,TB-033 investment validation,SN-000085-merchant-investment-scope.md,Source-listed checked Invest row; final route timing and NPC safety validation deferred.
PROGSEL-000509,merchant_investment,MERINV-000016,OBJ-002728,Frida,The Pale,G08,selected_investment_circuit,The Mortar and Pestle,Dawnstar / The Pale,,Invest during the first safe regional merchant sweep after Speech 70 and Investor are active.,Speech 70; Investor perk; merchant alive/accessible; no active hostile/faction state.,Complete before any Speech reset or role/default change that can affect merchant access.,TB-033 investment validation,SN-000085-merchant-investment-scope.md,Source-listed checked Invest row; final route timing and NPC safety validation deferred.
PROGSEL-000510,merchant_investment,MERINV-000017,OBJ-002729,Rustleif; Seren,The Pale,G08,selected_investment_circuit,Rustleif's House,Dawnstar / The Pale,,Invest during the first safe regional merchant sweep after Speech 70 and Investor are active.,Speech 70; Investor perk; merchant alive/accessible; no active hostile/faction state.,Complete before any Speech reset or role/default change that can affect merchant access.,TB-033 investment validation,SN-000085-merchant-investment-scope.md,Source-listed checked Invest row; final route timing and NPC safety validation deferred.
PROGSEL-000511,merchant_investment,MERINV-000018,OBJ-002730,Bothela (Muiri),The Reach,G05,selected_investment_circuit,The Hag's Cure,Markarth / The Reach,,Invest during the first safe regional merchant sweep after Speech 70 and Investor are active.,Speech 70; Investor perk; merchant alive/accessible; no active hostile/faction state.,Complete before any Speech reset or role/default change that can affect merchant access.,TB-033 investment validation,SN-000085-merchant-investment-scope.md,Source-listed checked Invest row; final route timing and NPC safety validation deferred.
PROGSEL-000512,merchant_investment,MERINV-000019,OBJ-002731,Calcelmo,The Reach,G05,selected_investment_circuit,in Understone Keep,Markarth / The Reach,,Invest during the first safe regional merchant sweep after Speech 70 and Investor are active.,Speech 70; Investor perk; merchant alive/accessible; no active hostile/faction state.,Complete before any Speech reset or role/default change that can affect merchant access.,TB-033 investment validation,SN-000085-merchant-investment-scope.md,Source-listed checked Invest row; final route timing and NPC safety validation deferred.
PROGSEL-000513,merchant_investment,MERINV-000020,,Ghorza gra-Bagol (Tacitus Sallustius),The Reach,,bugged_unofficial_patch_only,at the forge near The Hag's Cure or in Understone Keep,Markarth / The Reach,,Do not route as required investment unless TB-031H/TB-033 later validates official PS4 AE availability.,Speech 70; Investor perk; merchant alive/accessible; no active hostile/faction state.,Complete before any Speech reset or role/default change that can affect merchant access.,TB-033 investment validation,SN-000085-merchant-investment-scope.md,Source table marks investment as bugged without the Unofficial Patch; do not route under official PS4 AE policy.
PROGSEL-000514,merchant_investment,MERINV-000021,OBJ-002732,Lisbet (Imedhnain),The Reach,G05,selected_investment_circuit,Arnleif and Sons Trading Company,Markarth / The Reach,,Invest during the first safe regional merchant sweep after Speech 70 and Investor are active.,Speech 70; Investor perk; merchant alive/accessible; no active hostile/faction state.,Complete before any Speech reset or role/default change that can affect merchant access.,TB-033 investment validation,SN-000085-merchant-investment-scope.md,Source-listed checked Invest row; final route timing and NPC safety validation deferred.
PROGSEL-000515,merchant_investment,MERINV-000022,OBJ-002733,Moth gro-Bagol,The Reach,G05,selected_investment_circuit,in Understone Keep,Markarth / The Reach,,Invest during the first safe regional merchant sweep after Speech 70 and Investor are active.,Speech 70; Investor perk; merchant alive/accessible; no active hostile/faction state.,Complete before any Speech reset or role/default change that can affect merchant access.,TB-033 investment validation,SN-000085-merchant-investment-scope.md,Source-listed checked Invest row; final route timing and NPC safety validation deferred.
PROGSEL-000516,merchant_investment,MERINV-000023,OBJ-002734,Balimund (Asbjorn Fire-Tamer),The Rift,G04,selected_investment_circuit,The Scorched Hammer,Riften / The Rift,,Invest during the first safe regional merchant sweep after Speech 70 and Investor are active.,Speech 70; Investor perk; merchant alive/accessible; no active hostile/faction state.,Complete before any Speech reset or role/default change that can affect merchant access.,TB-033 investment validation,SN-000085-merchant-investment-scope.md,Source-listed checked Invest row; final route timing and NPC safety validation deferred.
PROGSEL-000517,merchant_investment,MERINV-000024,OBJ-002735,Bersi Honey-Hand (Drifa),The Rift,G04,selected_investment_circuit,Pawned Prawn,Riften / The Rift,,Invest during the first safe regional merchant sweep after Speech 70 and Investor are active.,Speech 70; Investor perk; merchant alive/accessible; no active hostile/faction state.,Complete before any Speech reset or role/default change that can affect merchant access.,TB-033 investment validation,SN-000085-merchant-investment-scope.md,Source-listed checked Invest row; final route timing and NPC safety validation deferred.
PROGSEL-000518,merchant_investment,MERINV-000025,,Brand-Shei,The Rift,,bugged_unofficial_patch_only,Marketplace Stall,Riften / The Rift,,Do not route as required investment unless TB-031H/TB-033 later validates official PS4 AE availability.,Speech 70; Investor perk; merchant alive/accessible; no active hostile/faction state.,Complete before any Speech reset or role/default change that can affect merchant access.,TB-033 investment validation,SN-000085-merchant-investment-scope.md,Source table marks investment as bugged without the Unofficial Patch; do not route under official PS4 AE policy.
PROGSEL-000519,merchant_investment,MERINV-000026,OBJ-002736,Elgrim; Hafjorg,The Rift,G04,selected_investment_circuit,Elgrim's Elixirs,Riften / The Rift,,Invest during the first safe regional merchant sweep after Speech 70 and Investor are active.,Speech 70; Investor perk; merchant alive/accessible; no active hostile/faction state.,Complete before any Speech reset or role/default change that can affect merchant access.,TB-033 investment validation,SN-000085-merchant-investment-scope.md,Source-listed checked Invest row; final route timing and NPC safety validation deferred.
PROGSEL-000520,merchant_investment,MERINV-000027,,Grelka,The Rift,,bugged_unofficial_patch_only,Marketplace Stall,Riften / The Rift,,Do not route as required investment unless TB-031H/TB-033 later validates official PS4 AE availability.,Speech 70; Investor perk; merchant alive/accessible; no active hostile/faction state.,Complete before any Speech reset or role/default change that can affect merchant access.,TB-033 investment validation,SN-000085-merchant-investment-scope.md,Source table marks investment as bugged without the Unofficial Patch; do not route under official PS4 AE policy.
PROGSEL-000521,merchant_investment,MERINV-000028,,Madesi,The Rift,,bugged_unofficial_patch_only,Marketplace Stall,Riften / The Rift,,Do not route as required investment unless TB-031H/TB-033 later validates official PS4 AE availability.,Speech 70; Investor perk; merchant alive/accessible; no active hostile/faction state.,Complete before any Speech reset or role/default change that can affect merchant access.,TB-033 investment validation,SN-000085-merchant-investment-scope.md,Source table marks investment as bugged without the Unofficial Patch; do not route under official PS4 AE policy.
PROGSEL-000522,merchant_investment,MERINV-000029,,Marise Aravel,The Rift,,bugged_unofficial_patch_only,Marketplace Stall,Riften / The Rift,,Do not route as required investment unless TB-031H/TB-033 later validates official PS4 AE availability.,Speech 70; Investor perk; merchant alive/accessible; no active hostile/faction state.,Complete before any Speech reset or role/default change that can affect merchant access.,TB-033 investment validation,SN-000085-merchant-investment-scope.md,Source table marks investment as bugged without the Unofficial Patch; do not route under official PS4 AE policy.
PROGSEL-000523,merchant_investment,MERINV-000030,OBJ-002737,Wylandriah,The Rift,G04,selected_investment_circuit,in Mistveil Keep,Riften / The Rift,,Invest during the first safe regional merchant sweep after Speech 70 and Investor are active.,Speech 70; Investor perk; merchant alive/accessible; no active hostile/faction state.,Complete before any Speech reset or role/default change that can affect merchant access.,TB-033 investment validation,SN-000085-merchant-investment-scope.md,Source-listed checked Invest row; final route timing and NPC safety validation deferred.
PROGSEL-000524,merchant_investment,MERINV-000031,,Filnjar,The Rift,,bugged_unofficial_patch_only,Filnjar's House,Shor's Stone / The Rift,,Do not route as required investment unless TB-031H/TB-033 later validates official PS4 AE availability.,Speech 70; Investor perk; merchant alive/accessible; no active hostile/faction state.,Complete before any Speech reset or role/default change that can affect merchant access.,TB-033 investment validation,SN-000085-merchant-investment-scope.md,Source table marks investment as bugged without the Unofficial Patch; do not route under official PS4 AE policy.
PROGSEL-000525,merchant_investment,MERINV-000032,OBJ-002738,Florentius Baenius DG,The Rift,G04,selected_investment_circuit,,Fort Dawnguard DG / The Rift,Hostile to vampires,Invest during the first safe regional merchant sweep after Speech 70 and Investor are active.,Speech 70; Investor perk; merchant alive/accessible; no active hostile/faction state.,Complete before any Speech reset or role/default change that can affect merchant access.,TB-033 investment validation,SN-000085-merchant-investment-scope.md,Source-listed checked Invest row; final route timing and NPC safety validation deferred.
PROGSEL-000526,merchant_investment,MERINV-000033,OBJ-002739,Glover Mallory,Solstheim,G12,selected_investment_circuit,Glover Mallory's House,Raven Rock / Solstheim,,Invest during the first safe regional merchant sweep after Speech 70 and Investor are active.,Speech 70; Investor perk; merchant alive/accessible; no active hostile/faction state.,Complete before any Speech reset or role/default change that can affect merchant access.,TB-033 investment validation,SN-000085-merchant-investment-scope.md,Source-listed checked Invest row; final route timing and NPC safety validation deferred.
PROGSEL-000527,merchant_investment,MERINV-000034,,Blacksmith CC,Solstheim,,unknown_needs_validation,Ashfall's Tear CC,Ashfall's Tear CC / Solstheim,Only appears if you side with the Tribunal Temple during Her Word Against Theirs,Do not route as required investment unless TB-031H/TB-033 later validates official PS4 AE availability.,Speech 70; Investor perk; merchant alive/accessible; no active hostile/faction state.,Complete before any Speech reset or role/default change that can affect merchant access.,TB-033 investment validation,SN-000085-merchant-investment-scope.md,Source table marks investment status as unknown; validate official PS4 AE behavior before routing.
PROGSEL-000528,merchant_investment,MERINV-000035,,Caretaker Ineril CC,Solstheim,,unknown_needs_validation,Ashfall's Tear CC,Ashfall's Tear CC / Solstheim,Only appears after you give one of the translated Propaganda Letters to Geldis Sadri during Her Word Against Theirs,Do not route as required investment unless TB-031H/TB-033 later validates official PS4 AE availability.,Speech 70; Investor perk; merchant alive/accessible; no active hostile/faction state.,Complete before any Speech reset or role/default change that can affect merchant access.,TB-033 investment validation,SN-000085-merchant-investment-scope.md,Source table marks investment status as unknown; validate official PS4 AE behavior before routing.
PROGSEL-000529,merchant_investment,MERINV-000036,,Curate Melita CC,Solstheim,,unknown_needs_validation,Ashfall's Tear CC,Ashfall's Tear CC / Solstheim,Only available if you set her free during Careless Curation,Do not route as required investment unless TB-031H/TB-033 later validates official PS4 AE availability.,Speech 70; Investor perk; merchant alive/accessible; no active hostile/faction state.,Complete before any Speech reset or role/default change that can affect merchant access.,TB-033 investment validation,SN-000085-merchant-investment-scope.md,Source table marks investment status as unknown; validate official PS4 AE behavior before routing.
PROGSEL-000530,merchant_investment,MERINV-000037,,Priest Drureth CC,Solstheim,,unknown_needs_validation,Ashfall's Tear CC,Ashfall's Tear CC / Solstheim,,Do not route as required investment unless TB-031H/TB-033 later validates official PS4 AE availability.,Speech 70; Investor perk; merchant alive/accessible; no active hostile/faction state.,Complete before any Speech reset or role/default change that can affect merchant access.,TB-033 investment validation,SN-000085-merchant-investment-scope.md,Source table marks investment status as unknown; validate official PS4 AE behavior before routing.
PROGSEL-000531,merchant_investment,MERINV-000038,OBJ-002740,Alvor,Whiterun Hold,G02,selected_investment_circuit,Alvor and Sigrid's House,Riverwood / Whiterun Hold,,Invest during the first safe regional merchant sweep after Speech 70 and Investor are active.,Speech 70; Investor perk; merchant alive/accessible; no active hostile/faction state.,Complete before any Speech reset or role/default change that can affect merchant access.,TB-033 investment validation,SN-000085-merchant-investment-scope.md,Source-listed checked Invest row; final route timing and NPC safety validation deferred.
PROGSEL-000532,merchant_investment,MERINV-000039,OBJ-002741,Lucan Valerius (Camilla Valerius),Whiterun Hold,G02,selected_investment_circuit,Riverwood Trader,Riverwood / Whiterun Hold,,Invest during the first safe regional merchant sweep after Speech 70 and Investor are active.,Speech 70; Investor perk; merchant alive/accessible; no active hostile/faction state.,Complete before any Speech reset or role/default change that can affect merchant access.,TB-033 investment validation,SN-000085-merchant-investment-scope.md,Source-listed checked Invest row; final route timing and NPC safety validation deferred.
PROGSEL-000533,merchant_investment,MERINV-000040,OBJ-002742,Adrianne Avenicci (Outside),Whiterun Hold,G02,selected_investment_circuit,Warmaiden's,Whiterun / Whiterun Hold,,Invest during the first safe regional merchant sweep after Speech 70 and Investor are active.,Speech 70; Investor perk; merchant alive/accessible; no active hostile/faction state.,Complete before any Speech reset or role/default change that can affect merchant access.,TB-033 investment validation,SN-000085-merchant-investment-scope.md,Source-listed checked Invest row; final route timing and NPC safety validation deferred.
PROGSEL-000534,merchant_investment,MERINV-000041,OBJ-002743,Adrianne Avenicci; Ulfberth War-Bear,Whiterun Hold,G02,selected_investment_circuit,Warmaiden's,Whiterun / Whiterun Hold,,Invest during the first safe regional merchant sweep after Speech 70 and Investor are active.,Speech 70; Investor perk; merchant alive/accessible; no active hostile/faction state.,Complete before any Speech reset or role/default change that can affect merchant access.,TB-033 investment validation,SN-000085-merchant-investment-scope.md,Source-listed checked Invest row; final route timing and NPC safety validation deferred.
PROGSEL-000535,merchant_investment,MERINV-000042,,Anoriath,Whiterun Hold,,bugged_unofficial_patch_only,Marketplace Stall,Whiterun / Whiterun Hold,,Do not route as required investment unless TB-031H/TB-033 later validates official PS4 AE availability.,Speech 70; Investor perk; merchant alive/accessible; no active hostile/faction state.,Complete before any Speech reset or role/default change that can affect merchant access.,TB-033 investment validation,SN-000085-merchant-investment-scope.md,Source table marks investment as bugged without the Unofficial Patch; do not route under official PS4 AE policy.
PROGSEL-000536,merchant_investment,MERINV-000043,OBJ-002744,Arcadia,Whiterun Hold,G02,selected_investment_circuit,Arcadia's Cauldron,Whiterun / Whiterun Hold,,Invest during the first safe regional merchant sweep after Speech 70 and Investor are active.,Speech 70; Investor perk; merchant alive/accessible; no active hostile/faction state.,Complete before any Speech reset or role/default change that can affect merchant access.,TB-033 investment validation,SN-000085-merchant-investment-scope.md,Source-listed checked Invest row; final route timing and NPC safety validation deferred.
PROGSEL-000537,merchant_investment,MERINV-000044,OBJ-002745,Belethor,Whiterun Hold,G02,selected_investment_circuit,Belethor's General Goods,Whiterun / Whiterun Hold,,Invest during the first safe regional merchant sweep after Speech 70 and Investor are active.,Speech 70; Investor perk; merchant alive/accessible; no active hostile/faction state.,Complete before any Speech reset or role/default change that can affect merchant access.,TB-033 investment validation,SN-000085-merchant-investment-scope.md,Source-listed checked Invest row; final route timing and NPC safety validation deferred.
PROGSEL-000538,merchant_investment,MERINV-000045,,Elrindir,Whiterun Hold,,bugged_unofficial_patch_only,The Drunken Huntsman,Whiterun / Whiterun Hold,,Do not route as required investment unless TB-031H/TB-033 later validates official PS4 AE availability.,Speech 70; Investor perk; merchant alive/accessible; no active hostile/faction state.,Complete before any Speech reset or role/default change that can affect merchant access.,TB-033 investment validation,SN-000085-merchant-investment-scope.md,Source table marks investment as bugged without the Unofficial Patch; do not route under official PS4 AE policy.
PROGSEL-000539,merchant_investment,MERINV-000046,OBJ-002746,Farengar Secret-Fire,Whiterun Hold,G02,selected_investment_circuit,Dragonsreach,Whiterun / Whiterun Hold,,Invest during the first safe regional merchant sweep after Speech 70 and Investor are active.,Speech 70; Investor perk; merchant alive/accessible; no active hostile/faction state.,Complete before any Speech reset or role/default change that can affect merchant access.,TB-033 investment validation,SN-000085-merchant-investment-scope.md,Source-listed checked Invest row; final route timing and NPC safety validation deferred.
PROGSEL-000540,merchant_investment,MERINV-000047,OBJ-002747,Birna,Winterhold,G08,selected_investment_circuit,Birna's Oddments,Winterhold / Winterhold,,Invest during the first safe regional merchant sweep after Speech 70 and Investor are active.,Speech 70; Investor perk; merchant alive/accessible; no active hostile/faction state.,Complete before any Speech reset or role/default change that can affect merchant access.,TB-033 investment validation,SN-000085-merchant-investment-scope.md,Source-listed checked Invest row; final route timing and NPC safety validation deferred.
PROGSEL-000541,merchant_investment,MERINV-000048,OBJ-002748,Ahkari,Not Specific to One Hold,G14,selected_investment_circuit,Dawnstar or Riften,Dawnstar or Riften / Not Specific to One Hold,,Invest during the first safe regional merchant sweep after Speech 70 and Investor are active.,Speech 70; Investor perk; merchant alive/accessible; no active hostile/faction state.,Complete before any Speech reset or role/default change that can affect merchant access.,TB-033 investment validation,SN-000085-merchant-investment-scope.md,Source-listed checked Invest row; final route timing and NPC safety validation deferred.
PROGSEL-000542,merchant_investment,MERINV-000049,OBJ-002749,Ma'dran,Not Specific to One Hold,G14,selected_investment_circuit,Solitude or Windhelm,Solitude or Windhelm / Not Specific to One Hold,,Invest during the first safe regional merchant sweep after Speech 70 and Investor are active.,Speech 70; Investor perk; merchant alive/accessible; no active hostile/faction state.,Complete before any Speech reset or role/default change that can affect merchant access.,TB-033 investment validation,SN-000085-merchant-investment-scope.md,Source-listed checked Invest row; final route timing and NPC safety validation deferred.
PROGSEL-000543,merchant_investment,MERINV-000050,OBJ-002750,Ri'saad,Not Specific to One Hold,G14,selected_investment_circuit,Markarth or Whiterun,Markarth or Whiterun / Not Specific to One Hold,,Invest during the first safe regional merchant sweep after Speech 70 and Investor are active.,Speech 70; Investor perk; merchant alive/accessible; no active hostile/faction state.,Complete before any Speech reset or role/default change that can affect merchant access.,TB-033 investment validation,SN-000085-merchant-investment-scope.md,Source-listed checked Invest row; final route timing and NPC safety validation deferred.
PROGSEL-000544,crafting_system_action,CRAFTSYS-000001,OBJ-000348 | OBJ-002438 | OBJ-002457 | OBJ-002526,Alchemy,skill_controlled,G02/G14,represented_existing_objectives,"Craft one early Restore Health potion for Artificer; run final value/XP batches only after sleep, storage, and ingredient stockpile checks.",Route station selected by block policy,"Alchemy tutorial, skill/perk, and all ingredient-effect discovery rows already represent this system; recipe sequence deferred.","Perform where the selected station, materials, bed/rest support, storage, and Survival carry constraints are all satisfied.",Alchemy lab; stored ingredients; later Experimenter 3 for discovery pass.,Do not use material-recovery exploits or early max-crafting power spikes.,TB-033 crafting-system validation,SN-000086-practical-crafting-system-reconciliation.md,TB-031E chooses a representative output/action where the source table intentionally left system use open.
PROGSEL-000545,crafting_system_action,CRAFTSYS-000002,OBJ-000350 | OBJ-002429 | OBJ-002448 | OBJ-002466,Enchanting,skill_controlled,G02/G14,represented_existing_objectives,Enchant one disposable crafted item for Artificer after the first nonunique enchantment source is learned; reserve final dual-effect gear for Enchanting 100.,Route station selected by block policy,"Enchanting tutorial, skill/perk, and non-destructive enchantment-learning rows already represent this system; power-curve timing deferred.","Perform where the selected station, materials, bed/rest support, storage, and Survival carry constraints are all satisfied.",Arcane enchanter; filled soul gem; disposable item; learned nonunique effect.,Do not use material-recovery exploits or early max-crafting power spikes.,TB-033 crafting-system validation,SN-000086-practical-crafting-system-reconciliation.md,TB-031E chooses a representative output/action where the source table intentionally left system use open.
PROGSEL-000546,crafting_system_action,CRAFTSYS-000003,OBJ-002754,Staff Enchanting,skill_controlled_special_station,G12,new_objective_added,Craft Staff of Flames at a normal Staff Enchanter.,Route station selected by block policy,"Dragonborn Staff Enchanter access needed as practical system coverage; AE station/item rows are cross-links, not a replacement for the base system row.","Perform where the selected station, materials, bed/rest support, storage, and Survival carry constraints are all satisfied.",Tel Mithryn Staff Enchanter after Reluctant Steward; unenchanted Destruction staff; Flames known; 1 Heart Stone.,Do not use material-recovery exploits or early max-crafting power spikes.,TB-033 crafting-system validation,SN-000086-practical-crafting-system-reconciliation.md,TB-031E chooses a representative output/action where the source table intentionally left system use open.
PROGSEL-000547,crafting_system_action,CRAFTSYS-000004,OBJ-000349 | OBJ-002436 | OBJ-002455 | OBJ-000476,Smithing,skill_controlled,G02/G14,represented_existing_objectives,Forge one Iron Dagger for Artificer and use later material batches for Smithing recovery.,Route station selected by block policy,"Blacksmithing tutorial, Smithing skill/perk, and Stalhrim Crafter rows represent source-listed smithing progression; recipe and material planning deferred.","Perform where the selected station, materials, bed/rest support, storage, and Survival carry constraints are all satisfied.",Forge/anvil; 1 iron ingot; 1 leather strip.,Do not use material-recovery exploits or early max-crafting power spikes.,TB-033 crafting-system validation,SN-000086-practical-crafting-system-reconciliation.md,TB-031E chooses a representative output/action where the source table intentionally left system use open.
PROGSEL-000548,crafting_system_action,CRAFTSYS-000005,OBJ-002753,Atronach Forge,special_crafting_station,G08/G14,new_objective_added,Craft Fire Salts at The Midden Atronach Forge as representative practical-system use and Survival hot-soup support.,Route station selected by block policy,Adds system-level coverage; individual recipe notes and outputs are checklist-dependent and deferred.,"Perform where the selected station, materials, bed/rest support, storage, and Survival carry constraints are all satisfied.",Salt Pile; ruby/flawless ruby/silver ruby ring/gold ruby necklace; any Soul Gem.,Do not use material-recovery exploits or early max-crafting power spikes.,TB-033 crafting-system validation,SN-000086-practical-crafting-system-reconciliation.md,TB-031E chooses a representative output/action where the source table intentionally left system use open.
PROGSEL-000549,crafting_system_action,CRAFTSYS-000006,OBJ-000407,Baking,food_crafting,G14,checklist_deferred,"Use a Hearthfire oven only after homestead construction makes it route-natural; keep as property/checklist support, not an early requirement.",Route station selected by block policy,Hearthfire furnishing/property coverage records baking infrastructure; exact recipe requirements wait for checklist and wing/default planning.,"Perform where the selected station, materials, bed/rest support, storage, and Survival carry constraints are all satisfied.",Hearthfire home with kitchen/oven access and stored ingredients.,Do not use material-recovery exploits or early max-crafting power spikes.,TB-033 crafting-system validation,SN-000086-practical-crafting-system-reconciliation.md,TB-031E chooses a representative output/action where the source table intentionally left system use open.
PROGSEL-000550,crafting_system_action,CRAFTSYS-000007,OBJ-000711,Bone Forge,ae_special_crafting_station,G06/G14,represented_existing_objectives,Treat Bone Forge use as Gallows Hall property/system support after acquisition; exact skeleton output remains property/checklist validation.,Route station selected by block policy,Gallows Hall necromancy crafting-system row already represents Bone Forge coverage; exact outputs deferred.,"Perform where the selected station, materials, bed/rest support, storage, and Survival carry constraints are all satisfied.",Gallows Hall acquisition and stored crafting ingredients.,Do not use material-recovery exploits or early max-crafting power spikes.,TB-033 crafting-system validation,SN-000086-practical-crafting-system-reconciliation.md,TB-031E chooses a representative output/action where the source table intentionally left system use open.
PROGSEL-000551,crafting_system_action,CRAFTSYS-000008,OBJ-000394 | OBJ-000401 | OBJ-000402 | OBJ-000406 | OBJ-000407,Construction,property_construction,G14,represented_existing_objectives,Build all three Hearthfire homes and wings through staged material depots for Master Architect/property completion.,Route station selected by block policy,Hearthfire construction quest/stage/property rows already represent construction system coverage.,"Perform where the selected station, materials, bed/rest support, storage, and Survival carry constraints are all satisfied.","Purchased land, drafting tables/workbenches, lumber, stone, clay, iron fittings, locks, hinges, nails, glass/straw/goat horns where needed.",Do not use material-recovery exploits or early max-crafting power spikes.,TB-033 crafting-system validation,SN-000086-practical-crafting-system-reconciliation.md,TB-031E chooses a representative output/action where the source table intentionally left system use open.
PROGSEL-000552,crafting_system_action,CRAFTSYS-000009,OBJ-002752,Cooking,food_crafting,G01/G06/G14,represented_existing_objectives,Cook ordinary food early for Hard Worker and Survival; stage Fire Salts for hot soup before cold expeditions.,Route station selected by block policy,Hard Worker trophy row captures required cooking action; Survival Mode food planning remains TB-019/TB-020.,"Perform where the selected station, materials, bed/rest support, storage, and Survival carry constraints are all satisfied.",Cooking pot/spit; food ingredients; Fire Salts for hot soups.,Do not use material-recovery exploits or early max-crafting power spikes.,TB-033 crafting-system validation,SN-000086-practical-crafting-system-reconciliation.md,TB-031E chooses a representative output/action where the source table intentionally left system use open.
PROGSEL-000553,crafting_system_action,CRAFTSYS-000010,OBJ-002755,Imbuing Chamber,special_crafting_station,G12,new_objective_added,Create a Mind Control Spider as representative Imbuing Chamber use.,Route station selected by block policy,Adds system-level coverage for Dragonborn spider crafting; individual spider recipes and outputs are checklist-dependent and deferred.,"Perform where the selected station, materials, bed/rest support, storage, and Survival carry constraints are all satisfied.",White Ridge Barrow Imbuing Chamber; Albino Spider Pod; any Soul Gem.,Do not use material-recovery exploits or early max-crafting power spikes.,TB-033 crafting-system validation,SN-000086-practical-crafting-system-reconciliation.md,TB-031E chooses a representative output/action where the source table intentionally left system use open.
PROGSEL-000554,crafting_system_action,CRAFTSYS-000011,OBJ-002752,Mining,material_gathering,G02,represented_existing_objectives,Mine one ore vein early for Hard Worker and continue route-natural ore gathering for Smithing.,Route station selected by block policy,Hard Worker trophy row captures required mining action; ore/material planning remains route-level work.,"Perform where the selected station, materials, bed/rest support, storage, and Survival carry constraints are all satisfied.",Pickaxe and safe ore vein.,Do not use material-recovery exploits or early max-crafting power spikes.,TB-033 crafting-system validation,SN-000086-practical-crafting-system-reconciliation.md,TB-031E chooses a representative output/action where the source table intentionally left system use open.
PROGSEL-000555,crafting_system_action,CRAFTSYS-000012,OBJ-000349 | OBJ-002436 | OBJ-002455,Smelting,material_processing,G02/G14,route_action_only,Smelt route-mined ore into ingots during Smithing/material staging.,Route station selected by block policy,Smelting supports smithing material flow but is not a separate finite completion target unless checklist mapping says otherwise.,"Perform where the selected station, materials, bed/rest support, storage, and Survival carry constraints are all satisfied.",Smelter access and stored ore.,Do not use material-recovery exploits or early max-crafting power spikes.,TB-033 crafting-system validation,SN-000086-practical-crafting-system-reconciliation.md,TB-031E chooses a representative output/action where the source table intentionally left system use open.
PROGSEL-000556,crafting_system_action,CRAFTSYS-000013,OBJ-000349 | OBJ-002436 | OBJ-002455,Tanning,material_processing,G02/G14,route_action_only,Tan hides/leather and cut leather strips during Smithing/material staging.,Route station selected by block policy,Tanning supports smithing material flow but is not a separate finite completion target unless checklist mapping says otherwise.,"Perform where the selected station, materials, bed/rest support, storage, and Survival carry constraints are all satisfied.",Tanning rack and hides/leather.,Do not use material-recovery exploits or early max-crafting power spikes.,TB-033 crafting-system validation,SN-000086-practical-crafting-system-reconciliation.md,TB-031E chooses a representative output/action where the source table intentionally left system use open.
PROGSEL-000557,training_policy,SKILL-000001,OBJ-002426,Alteration,magic,G08/G14,selected_training_block,Tolfdir at the College of Winterhold.,College of Winterhold,Foundation row from UESP Skills table; individual perk names and requirements remain TB-009B.,Train after College access and before Alteration ritual or magic-reset blocks if the route is short.,Use at most five paid sessions per character level; trainers cannot raise skills above 90.,Do not spend all training if it would overlevel before reward gates.,TB-033 final skill-state validation,SN-000120-training-and-skill-boost-constraints.md,"Training is a smoothing tool, not the sole route to skill 100."
PROGSEL-000558,training_policy,SKILL-000002,OBJ-002427,Conjuration,magic,G08/G12/G14,selected_training_block,Phinis Gestor to expert range; Talvas Fathryon or Falion for master range when Solstheim/Morthal access is clean.,College of Winterhold / Tel Mithryn / Morthal,Foundation row from UESP Skills table; individual perk names and requirements remain TB-009B.,Train before Conjuration ritual support and late magic-reset cycles.,Use at most five paid sessions per character level; trainers cannot raise skills above 90.,Do not require follower-trainer free training from Talvas.,TB-033 final skill-state validation,SN-000120-training-and-skill-boost-constraints.md,"Training is a smoothing tool, not the sole route to skill 100."
PROGSEL-000559,training_policy,SKILL-000003,OBJ-002428,Destruction,magic,G08/G14,selected_training_block,Faralda at the College of Winterhold.,College of Winterhold,Foundation row from UESP Skills table; individual perk names and requirements remain TB-009B.,Use for controlled combat casting support and final gaps rather than repeated reset baseline.,Use at most five paid sessions per character level; trainers cannot raise skills above 90.,Do not reset while Destruction is the active damage plan.,TB-033 final skill-state validation,SN-000120-training-and-skill-boost-constraints.md,"Training is a smoothing tool, not the sole route to skill 100."
PROGSEL-000560,training_policy,SKILL-000004,OBJ-002429,Enchanting,magic,G08/G12/G14,selected_training_block,Sergius Turrianus to expert range; Neloth for master range after Solstheim/Tel Mithryn access.,College of Winterhold / Tel Mithryn,Foundation row from UESP Skills table; individual perk names and requirements remain TB-009B.,Train around disenchanting and final gear batches; recover to 100 for Extra Effect final gear.,Use at most five paid sessions per character level; trainers cannot raise skills above 90.,Do not destroy preserved unique items for training or learning.,TB-033 final skill-state validation,SN-000120-training-and-skill-boost-constraints.md,"Training is a smoothing tool, not the sole route to skill 100."
PROGSEL-000561,training_policy,SKILL-000005,OBJ-002430,Illusion,magic,G08/G14,selected_training_block,Drevis Neloren at the College of Winterhold.,College of Winterhold,Foundation row from UESP Skills table; individual perk names and requirements remain TB-009B.,Train after spell access and use as a preferred late magic reset if crowd-control support is safe.,Use at most five paid sessions per character level; trainers cannot raise skills above 90.,Do not assume master-spell setup before College readiness.,TB-033 final skill-state validation,SN-000120-training-and-skill-boost-constraints.md,"Training is a smoothing tool, not the sole route to skill 100."
PROGSEL-000562,training_policy,SKILL-000006,OBJ-002431,Restoration,magic,G08/G11/G14,selected_training_block,Colette Marence to expert range; Florentius Baenius for master range after Dawnguard Bolstering the Ranks.,College of Winterhold / Fort Dawnguard,Foundation row from UESP Skills table; individual perk names and requirements remain TB-009B.,Train before undead-heavy/Dawnguard gaps and final recovery; conditional reset only.,Use at most five paid sessions per character level; trainers cannot raise skills above 90.,Do not reset immediately before Survival recovery or undead-heavy content.,TB-033 final skill-state validation,SN-000120-training-and-skill-boost-constraints.md,"Training is a smoothing tool, not the sole route to skill 100."
PROGSEL-000563,training_policy,SKILL-000007,OBJ-002432,Archery,combat,G11/G14,selected_training_block,Sorine Jurard after Dawnguard-side access; Niruin is a Thieves Guild backup.,Fort Dawnguard / Ragged Flagon,Foundation row from UESP Skills table; individual perk names and requirements remain TB-009B.,Use sparingly for combat readiness and final gaps; natural Dawnguard/crossbow play should do most work.,Use at most five paid sessions per character level; trainers cannot raise skills above 90.,Do not reset primary offense before hard combat.,TB-033 final skill-state validation,SN-000120-training-and-skill-boost-constraints.md,"Training is a smoothing tool, not the sole route to skill 100."
PROGSEL-000564,training_policy,SKILL-000008,OBJ-002433,Block,combat,G02/G14,selected_training_block,Njada Stonearm through Companions to expert range; Chief Larak only if Blood-Kin/master training is route-clean.,Jorrvaskr / Mor Khazgur,Foundation row from UESP Skills table; individual perk names and requirements remain TB-009B.,Use only to smooth defensive gaps; natural combat and final perk validation carry the rest.,Use at most five paid sessions per character level; trainers cannot raise skills above 90.,Do not reset Block with armor/offense before hard dungeons.,TB-033 final skill-state validation,SN-000120-training-and-skill-boost-constraints.md,"Training is a smoothing tool, not the sole route to skill 100."
PROGSEL-000565,training_policy,SKILL-000009,OBJ-002434,Heavy Armor,combat,G02/G11/G14,selected_training_block,"Farkas after Companions access, with Isran as the Dawnguard-side master backup.",Jorrvaskr / Fort Dawnguard,Foundation row from UESP Skills table; individual perk names and requirements remain TB-009B.,Use for combat build support only if heavy armor remains relevant to the route.,Use at most five paid sessions per character level; trainers cannot raise skills above 90.,Do not reset defensive armor before hard combat.,TB-033 final skill-state validation,SN-000120-training-and-skill-boost-constraints.md,"Training is a smoothing tool, not the sole route to skill 100."
PROGSEL-000566,training_policy,SKILL-000010,OBJ-002435,One-handed,combat,G02/G14,selected_training_block,Amren for common training; Athis to expert range; Chief Burguk only if Blood-Kin/master training is route-clean.,Whiterun / Jorrvaskr / Dushnikh Yal,Foundation row from UESP Skills table; individual perk names and requirements remain TB-009B.,Natural combat should do most work; use training for final gaps.,Use at most five paid sessions per character level; trainers cannot raise skills above 90.,Do not reset primary offense before hard combat.,TB-033 final skill-state validation,SN-000120-training-and-skill-boost-constraints.md,"Training is a smoothing tool, not the sole route to skill 100."
PROGSEL-000567,training_policy,SKILL-000011,OBJ-002436,Smithing,combat,G02/G11/G14,selected_training_block,Balimund to expert range; Eorlund Gray-Mane or Gunmar for master range depending on route access.,Riften / Skyforge / Fort Dawnguard,Foundation row from UESP Skills table; individual perk names and requirements remain TB-009B.,Use with material stockpiles and staged gear upgrades; major late reset candidate.,Use at most five paid sessions per character level; trainers cannot raise skills above 90.,No early max-crafting power spike.,TB-033 final skill-state validation,SN-000120-training-and-skill-boost-constraints.md,"Training is a smoothing tool, not the sole route to skill 100."
PROGSEL-000568,training_policy,SKILL-000012,OBJ-002437,Two-handed,combat,G02/G14,selected_training_block,Vilkas after Companions access; Wulf Wild-Blood is a Solstheim backup if needed.,Jorrvaskr / Skaal Village,Foundation row from UESP Skills table; individual perk names and requirements remain TB-009B.,Use for final gaps if two-handed is not naturally active in combat.,Use at most five paid sessions per character level; trainers cannot raise skills above 90.,Do not reset primary offense before hard combat.,TB-033 final skill-state validation,SN-000120-training-and-skill-boost-constraints.md,"Training is a smoothing tool, not the sole route to skill 100."
PROGSEL-000569,training_policy,SKILL-000013,OBJ-002438,Alchemy,stealth,G02/G10/G14,selected_training_block,Arcadia to expert range when useful; Babette for master-range training after Dark Brotherhood access.,Whiterun / Dark Brotherhood Sanctuary,Foundation row from UESP Skills table; individual perk names and requirements remain TB-009B.,"Use as a major late support skill, but preserve ingredient discovery and stored materials before repeated resets.",Use at most five paid sessions per character level; trainers cannot raise skills above 90.,No follower/trainer gold recovery; no Fortify Restoration loop baseline.,TB-033 final skill-state validation,SN-000120-training-and-skill-boost-constraints.md,"Training is a smoothing tool, not the sole route to skill 100."
PROGSEL-000570,training_policy,SKILL-000014,OBJ-002439,Light Armor,stealth,G04/G14,selected_training_block,Grelka to expert range; Nazir for master range after Dark Brotherhood access.,Riften Market / Dark Brotherhood Sanctuary,Foundation row from UESP Skills table; individual perk names and requirements remain TB-009B.,Use for final perk gaps or if light-armor rewards are part of the active build.,Use at most five paid sessions per character level; trainers cannot raise skills above 90.,Do not reset defensive armor before hard combat.,TB-033 final skill-state validation,SN-000120-training-and-skill-boost-constraints.md,"Training is a smoothing tool, not the sole route to skill 100."
PROGSEL-000571,training_policy,SKILL-000015,OBJ-002440,Lockpicking,stealth,G04/G14,selected_training_block,Vex at the Ragged Flagon.,Ragged Flagon,Foundation row from UESP Skills table; individual perk names and requirements remain TB-009B.,Use paid training for final gaps because useful lock XP is finite.,Use at most five paid sessions per character level; trainers cannot raise skills above 90.,No repeated Lockpicking Legendary reset baseline.,TB-033 final skill-state validation,SN-000120-training-and-skill-boost-constraints.md,"Training is a smoothing tool, not the sole route to skill 100."
PROGSEL-000572,training_policy,SKILL-000016,OBJ-002441,Pickpocket,stealth,G04/G14,selected_training_block,Silda the Unseen to expert range; Vipir the Fleet for master range after Thieves Guild access.,Windhelm / Ragged Flagon,Foundation row from UESP Skills table; individual perk names and requirements remain TB-009B.,Use after crime/trophy risk controls are in place; useful as a conditional late reset only.,Use at most five paid sessions per character level; trainers cannot raise skills above 90.,No trainer-gold pickpocket recovery baseline.,TB-033 final skill-state validation,SN-000120-training-and-skill-boost-constraints.md,"Training is a smoothing tool, not the sole route to skill 100."
PROGSEL-000573,training_policy,SKILL-000017,OBJ-002442,Sneak,stealth,G04/G14,selected_training_block,Garvey to expert range; Delvin Mallory for master range.,Markarth / Ragged Flagon,Foundation row from UESP Skills table; individual perk names and requirements remain TB-009B.,Use as a conditional late reset or final gap filler after stealth route safety exists.,Use at most five paid sessions per character level; trainers cannot raise skills above 90.,Do not use isolated early stealth grind as baseline.,TB-033 final skill-state validation,SN-000120-training-and-skill-boost-constraints.md,"Training is a smoothing tool, not the sole route to skill 100."
PROGSEL-000574,training_policy,SKILL-000018,OBJ-002443,Speech,stealth,G07/G14,selected_training_block,Revyn Sadri for early/common support; Giraud Gemane for master range after Bards College access.,Windhelm / Bards College,Foundation row from UESP Skills table; individual perk names and requirements remain TB-009B.,"Complete Investor, planned investments, and major selling before any reset.",Use at most five paid sessions per character level; trainers cannot raise skills above 90.,No repeated Speech Legendary reset baseline.,TB-033 final skill-state validation,SN-000120-training-and-skill-boost-constraints.md,"Training is a smoothing tool, not the sole route to skill 100."
PROGSEL-000575,legendary_reset_distribution,SKILL-000001,OBJ-002426,Alteration,magic,G14,preferred_repeated_reset,preferred_repeated_reset,Late progression loop,Can be reset after skill level 100 if selected for the all-perks level plan; exact reset timing deferred to TB-020.,"G14 baseline; cautiously late G12/G13 only after combat alternatives, beds, storage, and recovery paths exist.",Skill at 100 before each Legendary reset; final route must restore every skill to 100 and allocate all 251 perk ranks.,Do not reset active offense/defense/support before hard content or before required service/investment work.,TB-033 final skill-state validation,SN-000119-leveling-perk-points-and-legendary-reset-plan.md | SN-000120-training-and-skill-boost-constraints.md,"Magic reset engine after College spell access, Magicka support, and safe bed loop exist."
PROGSEL-000576,legendary_reset_distribution,SKILL-000002,OBJ-002427,Conjuration,magic,G14,preferred_repeated_reset,preferred_repeated_reset,Late progression loop,Can be reset after skill level 100 if selected for the all-perks level plan; exact reset timing deferred to TB-020.,"G14 baseline; cautiously late G12/G13 only after combat alternatives, beds, storage, and recovery paths exist.",Skill at 100 before each Legendary reset; final route must restore every skill to 100 and allocate all 251 perk ranks.,Do not reset active offense/defense/support before hard content or before required service/investment work.,TB-033 final skill-state validation,SN-000119-leveling-perk-points-and-legendary-reset-plan.md | SN-000120-training-and-skill-boost-constraints.md,"Magic reset engine after summons, Soul Trap support, and Magicka/cost support exist."
PROGSEL-000577,legendary_reset_distribution,SKILL-000003,OBJ-002428,Destruction,magic,G14,combat_emergency_only,combat_emergency_only,Late progression loop,Can be reset after skill level 100 if selected for the all-perks level plan; exact reset timing deferred to TB-020.,"G14 baseline; cautiously late G12/G13 only after combat alternatives, beds, storage, and recovery paths exist.",Skill at 100 before each Legendary reset; final route must restore every skill to 100 and allocate all 251 perk ranks.,Do not reset active offense/defense/support before hard content or before required service/investment work.,TB-033 final skill-state validation,SN-000119-leveling-perk-points-and-legendary-reset-plan.md | SN-000120-training-and-skill-boost-constraints.md,Combat offense skill; avoid repeated resets unless another damage plan carries Legendary fights.
PROGSEL-000578,legendary_reset_distribution,SKILL-000004,OBJ-002429,Enchanting,magic,G14,preferred_repeated_reset,preferred_repeated_reset,Late progression loop,Can be reset after skill level 100 if selected for the all-perks level plan; exact reset timing deferred to TB-020.,"G14 baseline; cautiously late G12/G13 only after combat alternatives, beds, storage, and recovery paths exist.",Skill at 100 before each Legendary reset; final route must restore every skill to 100 and allocate all 251 perk ranks.,Do not reset active offense/defense/support before hard content or before required service/investment work.,TB-033 final skill-state validation,SN-000119-leveling-perk-points-and-legendary-reset-plan.md | SN-000120-training-and-skill-boost-constraints.md,Primary crafting reset after source effects are learned and before final gear is made; recover to 100.
PROGSEL-000579,legendary_reset_distribution,SKILL-000005,OBJ-002430,Illusion,magic,G14,preferred_repeated_reset,preferred_repeated_reset,Late progression loop,Can be reset after skill level 100 if selected for the all-perks level plan; exact reset timing deferred to TB-020.,"G14 baseline; cautiously late G12/G13 only after combat alternatives, beds, storage, and recovery paths exist.",Skill at 100 before each Legendary reset; final route must restore every skill to 100 and allocate all 251 perk ranks.,Do not reset active offense/defense/support before hard content or before required service/investment work.,TB-033 final skill-state validation,SN-000119-leveling-perk-points-and-legendary-reset-plan.md | SN-000120-training-and-skill-boost-constraints.md,Magic reset engine after utility/control spell access and safe casting conditions exist.
PROGSEL-000580,legendary_reset_distribution,SKILL-000006,OBJ-002431,Restoration,magic,G14,conditional_reset,conditional_reset,Late progression loop,Can be reset after skill level 100 if selected for the all-perks level plan; exact reset timing deferred to TB-020.,"G14 baseline; cautiously late G12/G13 only after combat alternatives, beds, storage, and recovery paths exist.",Skill at 100 before each Legendary reset; final route must restore every skill to 100 and allocate all 251 perk ranks.,Do not reset active offense/defense/support before hard content or before required service/investment work.,TB-033 final skill-state validation,SN-000119-leveling-perk-points-and-legendary-reset-plan.md | SN-000120-training-and-skill-boost-constraints.md,Conditional reset only after Dawnguard/undead-heavy and Survival recovery risks are safe.
PROGSEL-000581,legendary_reset_distribution,SKILL-000007,OBJ-002432,Archery,combat,G14,avoid_repeated_reset,avoid_repeated_reset,Late progression loop,Can be reset after skill level 100 if selected for the all-perks level plan; exact reset timing deferred to TB-020.,"G14 baseline; cautiously late G12/G13 only after combat alternatives, beds, storage, and recovery paths exist.",Skill at 100 before each Legendary reset; final route must restore every skill to 100 and allocate all 251 perk ranks.,Do not reset active offense/defense/support before hard content or before required service/investment work.,TB-033 final skill-state validation,SN-000119-leveling-perk-points-and-legendary-reset-plan.md | SN-000120-training-and-skill-boost-constraints.md,Combat offense skill; train/use naturally and avoid repeated Legendary resets.
PROGSEL-000582,legendary_reset_distribution,SKILL-000008,OBJ-002433,Block,combat,G14,avoid_repeated_reset,avoid_repeated_reset,Late progression loop,Can be reset after skill level 100 if selected for the all-perks level plan; exact reset timing deferred to TB-020.,"G14 baseline; cautiously late G12/G13 only after combat alternatives, beds, storage, and recovery paths exist.",Skill at 100 before each Legendary reset; final route must restore every skill to 100 and allocate all 251 perk ranks.,Do not reset active offense/defense/support before hard content or before required service/investment work.,TB-033 final skill-state validation,SN-000119-leveling-perk-points-and-legendary-reset-plan.md | SN-000120-training-and-skill-boost-constraints.md,Defensive skill; reset only as emergency after combat alternatives are stable.
PROGSEL-000583,legendary_reset_distribution,SKILL-000009,OBJ-002434,Heavy Armor,combat,G14,avoid_repeated_reset,avoid_repeated_reset,Late progression loop,Can be reset after skill level 100 if selected for the all-perks level plan; exact reset timing deferred to TB-020.,"G14 baseline; cautiously late G12/G13 only after combat alternatives, beds, storage, and recovery paths exist.",Skill at 100 before each Legendary reset; final route must restore every skill to 100 and allocate all 251 perk ranks.,Do not reset active offense/defense/support before hard content or before required service/investment work.,TB-033 final skill-state validation,SN-000119-leveling-perk-points-and-legendary-reset-plan.md | SN-000120-training-and-skill-boost-constraints.md,Defensive skill; do not reset alongside other defense/offense skills.
PROGSEL-000584,legendary_reset_distribution,SKILL-000010,OBJ-002435,One-handed,combat,G14,combat_emergency_only,combat_emergency_only,Late progression loop,Can be reset after skill level 100 if selected for the all-perks level plan; exact reset timing deferred to TB-020.,"G14 baseline; cautiously late G12/G13 only after combat alternatives, beds, storage, and recovery paths exist.",Skill at 100 before each Legendary reset; final route must restore every skill to 100 and allocate all 251 perk ranks.,Do not reset active offense/defense/support before hard content or before required service/investment work.,TB-033 final skill-state validation,SN-000119-leveling-perk-points-and-legendary-reset-plan.md | SN-000120-training-and-skill-boost-constraints.md,Combat offense skill; avoid repeated resets unless a separate offense plan is active.
PROGSEL-000585,legendary_reset_distribution,SKILL-000011,OBJ-002436,Smithing,combat,G14,preferred_repeated_reset,preferred_repeated_reset,Late progression loop,Can be reset after skill level 100 if selected for the all-perks level plan; exact reset timing deferred to TB-020.,"G14 baseline; cautiously late G12/G13 only after combat alternatives, beds, storage, and recovery paths exist.",Skill at 100 before each Legendary reset; final route must restore every skill to 100 and allocate all 251 perk ranks.,Do not reset active offense/defense/support before hard content or before required service/investment work.,TB-033 final skill-state validation,SN-000119-leveling-perk-points-and-legendary-reset-plan.md | SN-000120-training-and-skill-boost-constraints.md,"Primary crafting reset engine after material, gold, storage, and power-curve controls exist."
PROGSEL-000586,legendary_reset_distribution,SKILL-000012,OBJ-002437,Two-handed,combat,G14,combat_emergency_only,combat_emergency_only,Late progression loop,Can be reset after skill level 100 if selected for the all-perks level plan; exact reset timing deferred to TB-020.,"G14 baseline; cautiously late G12/G13 only after combat alternatives, beds, storage, and recovery paths exist.",Skill at 100 before each Legendary reset; final route must restore every skill to 100 and allocate all 251 perk ranks.,Do not reset active offense/defense/support before hard content or before required service/investment work.,TB-033 final skill-state validation,SN-000119-leveling-perk-points-and-legendary-reset-plan.md | SN-000120-training-and-skill-boost-constraints.md,Combat offense skill; avoid repeated resets unless a separate offense plan is active.
PROGSEL-000587,legendary_reset_distribution,SKILL-000013,OBJ-002438,Alchemy,stealth,G14,preferred_repeated_reset,preferred_repeated_reset,Late progression loop,Can be reset after skill level 100 if selected for the all-perks level plan; exact reset timing deferred to TB-020.,"G14 baseline; cautiously late G12/G13 only after combat alternatives, beds, storage, and recovery paths exist.",Skill at 100 before each Legendary reset; final route must restore every skill to 100 and allocate all 251 perk ranks.,Do not reset active offense/defense/support before hard content or before required service/investment work.,TB-033 final skill-state validation,SN-000119-leveling-perk-points-and-legendary-reset-plan.md | SN-000120-training-and-skill-boost-constraints.md,Primary level-252 engine after Experimenter/discovery policy and renewable ingredient supply exist.
PROGSEL-000588,legendary_reset_distribution,SKILL-000014,OBJ-002439,Light Armor,stealth,G14,avoid_repeated_reset,avoid_repeated_reset,Late progression loop,Can be reset after skill level 100 if selected for the all-perks level plan; exact reset timing deferred to TB-020.,"G14 baseline; cautiously late G12/G13 only after combat alternatives, beds, storage, and recovery paths exist.",Skill at 100 before each Legendary reset; final route must restore every skill to 100 and allocate all 251 perk ranks.,Do not reset active offense/defense/support before hard content or before required service/investment work.,TB-033 final skill-state validation,SN-000119-leveling-perk-points-and-legendary-reset-plan.md | SN-000120-training-and-skill-boost-constraints.md,Defensive skill; final gaps through training/use rather than repeated resets.
PROGSEL-000589,legendary_reset_distribution,SKILL-000015,OBJ-002440,Lockpicking,stealth,G14,excluded_repeated_reset,excluded_repeated_reset,Late progression loop,Can be reset after skill level 100 if selected for the all-perks level plan; exact reset timing deferred to TB-020.,"G14 baseline; cautiously late G12/G13 only after combat alternatives, beds, storage, and recovery paths exist.",Skill at 100 before each Legendary reset; final route must restore every skill to 100 and allocate all 251 perk ranks.,Do not reset active offense/defense/support before hard content or before required service/investment work.,TB-033 final skill-state validation,SN-000119-leveling-perk-points-and-legendary-reset-plan.md | SN-000120-training-and-skill-boost-constraints.md,Finite useful lock XP; baseline is no repeated Legendary reset.
PROGSEL-000590,legendary_reset_distribution,SKILL-000016,OBJ-002441,Pickpocket,stealth,G14,conditional_reset,conditional_reset,Late progression loop,Can be reset after skill level 100 if selected for the all-perks level plan; exact reset timing deferred to TB-020.,"G14 baseline; cautiously late G12/G13 only after combat alternatives, beds, storage, and recovery paths exist.",Skill at 100 before each Legendary reset; final route must restore every skill to 100 and allocate all 251 perk ranks.,Do not reset active offense/defense/support before hard content or before required service/investment work.,TB-033 final skill-state validation,SN-000119-leveling-perk-points-and-legendary-reset-plan.md | SN-000120-training-and-skill-boost-constraints.md,Conditional late reset only after crime/trophy risks and source inventory are controlled.
PROGSEL-000591,legendary_reset_distribution,SKILL-000017,OBJ-002442,Sneak,stealth,G14,conditional_reset,conditional_reset,Late progression loop,Can be reset after skill level 100 if selected for the all-perks level plan; exact reset timing deferred to TB-020.,"G14 baseline; cautiously late G12/G13 only after combat alternatives, beds, storage, and recovery paths exist.",Skill at 100 before each Legendary reset; final route must restore every skill to 100 and allocate all 251 perk ranks.,Do not reset active offense/defense/support before hard content or before required service/investment work.,TB-033 final skill-state validation,SN-000119-leveling-perk-points-and-legendary-reset-plan.md | SN-000120-training-and-skill-boost-constraints.md,Conditional reset only when stealth remains safe and does not replace combat readiness.
PROGSEL-000592,legendary_reset_distribution,SKILL-000018,OBJ-002443,Speech,stealth,G14,excluded_repeated_reset,excluded_repeated_reset,Late progression loop,Can be reset after skill level 100 if selected for the all-perks level plan; exact reset timing deferred to TB-020.,"G14 baseline; cautiously late G12/G13 only after combat alternatives, beds, storage, and recovery paths exist.",Skill at 100 before each Legendary reset; final route must restore every skill to 100 and allocate all 251 perk ranks.,Do not reset active offense/defense/support before hard content or before required service/investment work.,TB-033 final skill-state validation,SN-000119-leveling-perk-points-and-legendary-reset-plan.md | SN-000120-training-and-skill-boost-constraints.md,"Investments/selling/Fence support make repeated resets non-baseline; if used, only after all Speech-dependent work."
PROGSEL-000593,progression_policy,BLACKBOOK-SCHOLARS-INSIGHT,OBJ-000797,Scholar's Insight skill-book policy,Black Book power,G12/G14,selected_until_skill_books_read,Use Scholar's Insight before the planned skill-book reading pass; switch to final Black Book defaults after skill-book completion.,Black Book power swap surface,Read selected skill books late enough to preserve progression value.,Read selected skill books late enough to preserve progression value.,Route must satisfy parent quest/book power access first.,Do not casually read skill books before this power is active unless final route documents a specific tradeoff.,TB-033 final skill-state validation,SN-000051-skill-books-and-reader.md,Manual TB-031E progression policy row.
PROGSEL-000594,progression_policy,OGHMA-INFINIUM-TIMING,OBJ-001079,Oghma Infinium timing policy,Quest skill reward,G14,selected_late_gap_closer,"Read/use late on the skill group with the largest remaining pre-100 gap; if the final route needs a fixed default, use Magic unless TB-033 final skill-state math chooses otherwise.",Discerning the Transmundane / Oghma Infinium,Acquire through the controlled Septimus window; do not use until progression math is known.,Acquire through the controlled Septimus window; do not use until progression math is known.,Route must satisfy parent quest/book power access first.,Do not use to raise skills already at 100; hard-save before reading because the reward can fail to grant all points.,TB-033 final skill-state validation,SN-000053-black-books-and-unique-quest-books.md | SN-000126-progression-source-selection-and-grind-policy.md,Manual TB-031E progression policy row.
