row_kind,row_id,objective_id,checklist_id,display_name,checklist_entry,category,subcategory,checklist_tab,mapping_type,route_placement,source_content,book_category,support_table_rows,representative_sources,selection_type,selection_status,selected_source,source_location,route_timing,guide_name_match,coverage_source,internal_coverage_row_count,acquire_treatment,read_or_learn_treatment,storage_treatment,hold_or_stage_treatment,duplicate_or_covered_treatment,master_gate_treatment,route_resolution_treatment,exclusion_treatment,branch_treatment,audit_status,coverage_statuses,completion_statuses,guide_locations,recommended_action,notes
book_document_objective,OBJ-000761,OBJ-000761,,Animal Allegiance,,spell_power,dragon_shout,,,main_route,base_game,,0,,,,,,,Y,objective,2,N,Y,N,Y,N,N,N,N,N,book_document_objective_covered,advanced_in_guide | word_learned_now,in_progress,"Companions Finale, Totems, And Beast-Blood Preservation | Riften Thaneship Frost And Rift Roads",none,
book_document_objective,OBJ-000762,OBJ-000762,,Aura Whisper,,spell_power,dragon_shout,,,main_route,base_game,,0,,,,,,,Y,objective,2,N,Y,N,N,N,N,N,N,N,book_document_objective_covered,word_learned_now,in_progress,"Riften Thaneship Frost And Rift Roads | Whispers, Solitude Jobs, And The Wedding Assassination",none,
book_document_objective,OBJ-000763,OBJ-000763,,Battle Fury,,spell_power,dragon_shout,,,main_route,dragonborn,,0,,,,,,,Y,objective,1,Y,Y,N,N,N,N,N,N,N,book_document_objective_covered,placed_in_guide,complete,"Vahlok's Tomb, Riekling Roads, And Thirsk",none,
book_document_objective,OBJ-000764,OBJ-000764,,Become Ethereal,,spell_power,dragon_shout,,,main_route,base_game,,0,,,,,,,Y,objective,1,N,Y,N,Y,N,N,N,N,N,book_document_objective_covered,progressed_in_guide,partial,Main Quest Staging Before Sky Haven,none,
book_document_objective,OBJ-000765,OBJ-000765,,Bend Will,,spell_power,dragon_shout,,,main_route,dragonborn,,0,,,,,,,Y,objective,3,N,Y,N,N,N,N,N,N,N,book_document_objective_covered,placed_in_guide,complete | in_progress_1_of_3 | in_progress_2_of_3,"Miraak Finale, Lost Knowledge, And Last Black Books | Tel Mithryn, Nchardak, And Kagrumez | Temple Of Miraak, Skaal, And Stalhrim",none,
book_document_objective,OBJ-000766,OBJ-000766,,Call Dragon,,spell_power,dragon_shout,,,main_route,base_game,,0,,,,,,,Y,objective,1,N,Y,N,N,N,N,N,N,N,book_document_objective_covered,placed_in_guide,complete,Blades Research Blackreach And The Fallen,none,
book_document_objective,OBJ-000767,OBJ-000767,,Call of Valor,,spell_power,dragon_shout,,,main_route,base_game,,0,,,,,,,Y,objective,1,N,Y,N,N,N,N,N,N,N,book_document_objective_covered,placed_in_guide,complete,World-Eater's Eyrie and Dragonslayer,none,
book_document_objective,OBJ-000768,OBJ-000768,,Clear Skies,,spell_power,dragon_shout,,,main_route,base_game,,0,,,,,,,Y,objective,1,N,Y,N,N,N,N,N,N,N,book_document_objective_covered,placed_in_guide,complete,Blades Research Blackreach And The Fallen,none,
book_document_objective,OBJ-000769,OBJ-000769,,Cyclone,,spell_power,dragon_shout,,,main_route,dragonborn,,0,,,,,,,Y,objective,5,N,Y,N,Y,N,N,N,N,N,book_document_objective_covered,held_for_later | placed_in_guide,complete | held_for_benkongerike_route | held_for_white_ridge_route | in_progress_2_of_3 | in_progress_kolbjorn_word_learned,"Kolbjorn Excavation And Raven Rock West | Miraak Finale, Lost Knowledge, And Last Black Books | Tel Mithryn, Nchardak, And Kagrumez | Temple Of Miraak, Skaal, And Stalhrim",none,
book_document_objective,OBJ-000770,OBJ-000770,,Disarm,,spell_power,dragon_shout,,,main_route,base_game,,0,,,,,,,Y,objective,1,N,Y,N,N,N,N,N,N,N,book_document_objective_covered,word_learned_now,in_progress,Goldenglow Honningbrew Solitude And Snow Veil,none,
book_document_objective,OBJ-000771,OBJ-000771,,Dismay,,spell_power,dragon_shout,,,main_route,base_game,,0,,,,,,,Y,objective,2,N,Y,N,N,N,N,N,N,N,book_document_objective_covered,word_learned_now,in_progress,Labyrinthian And The Eye Of Magnus | Riften Thaneship Frost And Rift Roads,none,
book_document_objective,OBJ-000772,OBJ-000772,,Dragon Aspect,,spell_power,dragon_shout,,,main_route,dragonborn,,0,,,,,,,Y,objective,3,N,Y,N,N,N,N,N,N,N,book_document_objective_covered,placed_in_guide,complete | in_progress | in_progress_2_of_3,"Miraak Finale, Lost Knowledge, And Last Black Books | Solstheim Entry, Raven Rock Core, And Frostmoon Rings | Temple Of Miraak, Skaal, And Stalhrim",none,
book_document_objective,OBJ-000773,OBJ-000773,,Dragonrend,,spell_power,dragon_shout,,,main_route,base_game,,0,,,,,,,Y,objective,1,N,Y,N,N,N,N,N,N,N,book_document_objective_covered,placed_in_guide,complete,Blades Research Blackreach And The Fallen,none,
book_document_objective,OBJ-000774,OBJ-000774,,Drain Vitality,,spell_power,dragon_shout,,,main_route,dawnguard,,0,,,,,,,Y,objective,3,N,Y,N,Y,N,N,N,N,Y,book_document_objective_covered,advanced_in_guide | placed_in_guide | word_placed_in_guide,complete | in_progress | partial_1_of_3,Dawnguard Fork And Volkihar Branch | Dawnguard Worldspaces | High-Risk AE Routes and Separate Worldspaces,none,
book_document_objective,OBJ-000775,OBJ-000775,,Elemental Fury,,spell_power,dragon_shout,,,main_route,base_game,,0,,,,,,,Y,objective,1,N,Y,N,N,Y,N,N,N,N,book_document_objective_covered,duplicate_covered_by_existing_route,complete_for_word,Retrospective redistributed regional sections; no player-facing Location Counter Sweep dump,none,
book_document_objective,OBJ-000776,OBJ-000776,,Fire Breath,,spell_power,dragon_shout,,,main_route,base_game,,0,,,,,,,Y,objective,2,N,Y,N,N,N,N,N,N,N,book_document_objective_covered,first_word_learned | progressed_in_guide,in_progress,Blades Research Blackreach And The Fallen | Companions Entry,none,
book_document_objective,OBJ-000777,OBJ-000777,,Frost Breath,,spell_power,dragon_shout,,,main_route,base_game,,0,,,,,,,Y,objective,1,N,Y,N,N,N,N,N,N,N,book_document_objective_covered,partial_word_complete,partial_word_complete,Potema Shield Of Solitude And Bone Wolf,none,
book_document_objective,OBJ-000778,OBJ-000778,,Ice Form,,spell_power,dragon_shout,,,main_route,base_game,,0,,,,,,,Y,objective,2,N,Y,N,N,N,N,N,N,N,book_document_objective_covered,placed_in_guide,partial_shout_complete | partial_word_2_of_3,"Dawnstar, Pale Blade, And Heljarchen | Winterhold, College Entry, And Saarthal",none,
book_document_objective,OBJ-000779,OBJ-000779,,Kyne's Peace,,spell_power,dragon_shout,,,main_route,base_game,,0,,,,,,,Y,objective,2,N,Y,N,Y,N,N,N,N,N,book_document_objective_covered,redistributed_or_gated | word_learned_now,complete_for_remaining_word | in_progress_shout_words,Retrospective redistributed regional sections; no player-facing Location Counter Sweep dump | Southern Warm Corridor,none,
book_document_objective,OBJ-000780,OBJ-000780,,Marked for Death,,spell_power,dragon_shout,,,main_route,base_game,,0,,,,,,,Y,objective,2,N,Y,N,N,N,N,N,N,N,book_document_objective_covered,advanced_in_guide | placed_in_guide,one_word_learned | partial_word_complete,Cicero Aventus And The Sanctuary Door | Windhelm Murder Investigation And White Phial,none,
book_document_objective,OBJ-000781,OBJ-000781,,Slow Time,,spell_power,dragon_shout,,,main_route,base_game,,0,,,,,,,Y,objective,3,N,Y,N,Y,N,N,N,N,N,book_document_objective_covered,progressed_in_guide | word_learned_now,in_progress | partial,"Imperial Civil War | Labyrinthian And The Eye Of Magnus | Security, Shadowmere, And The Brotherhood Endgame",none,
book_document_objective,OBJ-000782,OBJ-000782,,Soul Tear,,spell_power,dragon_shout,,,main_route,dawnguard,,0,,,,,,,Y,objective,1,N,Y,N,N,N,N,N,N,N,book_document_objective_covered,placed_in_guide,complete,Dawnguard Worldspaces,none,
book_document_objective,OBJ-000783,OBJ-000783,,Storm Call,,spell_power,dragon_shout,,,main_route,base_game,,0,,,,,,,Y,objective,2,Y,Y,N,Y,N,N,N,N,N,book_document_objective_covered,placed_in_guide,partial_word_2_of_3 | partial_word_Qo_acquired,"Dawnstar, Pale Blade, And Heljarchen | World-Eater's Eyrie and Dragonslayer",none,
book_document_objective,OBJ-000784,OBJ-000784,,Summon Durnehviir,,spell_power,dragon_shout,,,main_route,dawnguard,,0,,,,,,,Y,objective,1,N,Y,N,N,N,N,N,N,N,book_document_objective_covered,placed_in_guide,complete,Dawnguard Worldspaces,none,
book_document_objective,OBJ-000785,OBJ-000785,,Throw Voice,,spell_power,dragon_shout,,,main_route,base_game,,0,,,,,,,Y,objective,1,N,Y,N,N,Y,N,N,N,N,book_document_objective_covered,duplicate_covered_by_existing_route,complete,Retrospective redistributed regional sections; no player-facing Location Counter Sweep dump,none,
book_document_objective,OBJ-000786,OBJ-000786,,Unrelenting Force,,spell_power,dragon_shout,,,main_route,base_game,,0,,,,,,,Y,objective,3,N,Y,N,Y,N,N,N,N,N,book_document_objective_covered,first_word_learned_and_unlocked | placed_in_guide | progressed_and_completed,complete | partial_shout_completion,Bleak Falls Barrow And First Dragon | Main Quest Staging Before Sky Haven,none,
book_document_objective,OBJ-000787,OBJ-000787,,Whirlwind Sprint,,spell_power,dragon_shout,,,main_route,base_game,,0,,,,,,,Y,objective,3,Y,Y,N,Y,N,N,N,N,N,book_document_objective_covered,progressed_in_guide | word_placed_in_guide,partial | progressed,Bards College Lost Library And Instrument Roads | Haafingar Caves Volskygge And Night Hunter | Main Quest Staging Before Sky Haven,none,
book_document_objective,OBJ-000795,OBJ-000795,,Waking Dreams,,spell_power,black_book_power_set,,,main_route,dragonborn,,0,,,,,,,Y,objective,2,N,N,Y,Y,N,N,N,N,N,book_document_objective_covered,placed_in_guide,available_not_spent | available_unused,"Black Book Defaults and Progression Switches | Miraak Finale, Lost Knowledge, And Last Black Books",none,
book_document_objective,OBJ-000796,OBJ-000796,,Epistolary Acumen,,spell_power,black_book_power_set,,,main_route,dragonborn,,0,,,,,,,Y,objective,2,Y,Y,N,N,N,N,N,N,N,book_document_objective_covered,placed_in_guide,complete | default_retained,"Black Book Defaults and Progression Switches | Tel Mithryn, Nchardak, And Kagrumez",none,
book_document_objective,OBJ-000797,OBJ-000797,,Filament and Filigree,,spell_power,black_book_power_set,,,main_route,dragonborn,,0,,progression_policy,selected_until_skill_books_read,Use Scholar's Insight before the planned skill-book reading pass; switch to final Black Book defaults after skill-book completion.,Black Book power swap surface,Read selected skill books late enough to preserve progression value.,Y,objective,2,Y,Y,Y,N,N,N,N,N,N,book_document_objective_covered,placed_in_guide,complete_default_secret_of_arcana | default_reconfirmed,Black Book Defaults and Progression Switches | Kolbjorn Excavation And Raven Rock West,none,
book_document_objective,OBJ-000798,OBJ-000798,,The Hidden Twilight,,spell_power,black_book_power_set,,,main_route,dragonborn,,0,,,,,,,Y,objective,2,Y,Y,N,N,N,N,N,N,N,book_document_objective_covered,placed_in_guide,complete | default_reconfirmed,"Black Book Defaults and Progression Switches | Tel Mithryn, Nchardak, And Kagrumez",none,
book_document_objective,OBJ-000799,OBJ-000799,,The Sallow Regent,,spell_power,black_book_power_set,,,main_route,dragonborn,,0,,,,,,,Y,objective,2,Y,N,N,Y,N,N,N,N,N,book_document_objective_covered,placed_in_guide,default_selected | standing_default_reconfirmed,"Black Book Defaults and Progression Switches | Miraak Finale, Lost Knowledge, And Last Black Books",none,
book_document_objective,OBJ-000800,OBJ-000800,,Untold Legends,,spell_power,black_book_power_set,,,main_route,dragonborn,,0,,,,,,,Y,objective,2,Y,N,N,N,N,N,N,N,N,book_document_objective_covered,placed_in_guide,default_reconfirmed | default_selected,"Black Book Defaults and Progression Switches | Miraak Finale, Lost Knowledge, And Last Black Books",none,
book_document_objective,OBJ-000801,OBJ-000801,,The Winds of Change,,spell_power,black_book_power_set,,,main_route,dragonborn,,0,,,,,,,Y,objective,3,N,Y,N,Y,N,N,N,N,N,book_document_objective_covered,final_default_selected | placed_in_guide,complete | scholars_insight_retained,"Black Book Defaults and Progression Switches | Books, Spells, and Documents | Solstheim Entry, Raven Rock Core, And Frostmoon Rings",none,
book_document_objective,OBJ-000819,OBJ-000819,,A Game at Dinner,,book_document,skill_book_title,,,main_route,base_game,skill_book,6,"Dead Crone Rock: Dead Crone Rock (The Reach), by a lever opening the way to the rooftop",skill_book_copy,selected_default_copy_pending_route_validation,Dead Crone Rock,Dead Crone Rock,Collect selected copy when its route block is safe; read after Scholar's Insight and high-skill timing check.,Y,objective,5,Y,Y,N,Y,Y,N,N,N,N,book_document_objective_covered,read_in_guide | redistributed_or_gated | same_location_left_unopened,complete | staged_for_scholars_insight_window,"Books, Spells, and Documents | Goldenglow Honningbrew Solitude And Snow Veil | Retrospective redistributed regional sections; no player-facing Location Counter Sweep dump | Whiterun Property Western Caves Gray-Mane Rescue And Onmund | Windhelm Murder Investigation And White Phial",none,
book_document_objective,OBJ-000820,OBJ-000820,,De Rerum Dirennis,,book_document,skill_book_title,,,main_route,base_game,skill_book,6,240 ft N of Evergreen Grove: 240 ft N of Evergreen Grove (Falkreath Hold),skill_book_copy,selected_default_copy_pending_route_validation,240 ft N of Evergreen Grove,240 ft N of Evergreen Grove,Collect selected copy when its route block is safe; read after Scholar's Insight and high-skill timing check.,Y,objective,4,Y,Y,N,Y,Y,N,N,N,N,book_document_objective_covered,audited_not_read_here | read_in_guide | redistributed_or_gated | same_location_left_unopened,complete | staged_for_scholars_insight_window,"Blades Research Blackreach And The Fallen | Books, Spells, and Documents | Haafingar Caves Volskygge And Night Hunter | Retrospective redistributed regional sections; no player-facing Location Counter Sweep dump",none,
book_document_objective,OBJ-000821,OBJ-000821,,Herbalist's Guide to Skyrim,,book_document,skill_book_title,,,main_route,base_game,skill_book,4,Arcadia's Cauldron: Arcadia's Cauldron (Whiterun),skill_book_copy,selected_default_copy_pending_route_validation,Arcadia's Cauldron,Arcadia's Cauldron,Collect selected copy when its route block is safe; read after Scholar's Insight and high-skill timing check.,Y,objective,2,Y,Y,N,Y,Y,N,N,N,N,book_document_objective_covered,read_in_guide | same_location_left_unopened,complete | staged_for_scholars_insight_window,"Books, Spells, and Documents | Riften Thaneship Frost And Rift Roads",none,
book_document_objective,OBJ-000822,OBJ-000822,,"Mannimarco, King of Worms",,book_document,skill_book_title,,,main_route,base_game,skill_book,5,"Evergreen Grove: Evergreen Grove (Falkreath Hold), on an altar",skill_book_copy,selected_default_copy_pending_route_validation,Evergreen Grove,Evergreen Grove,Collect selected copy when its route block is safe; read after Scholar's Insight and high-skill timing check.,Y,objective,3,Y,Y,N,Y,Y,N,N,N,N,book_document_objective_covered,read_in_guide | redistributed_or_gated | same_location_left_unopened,complete | staged_for_scholars_insight_window,"Books, Spells, and Documents | Dawnstar, Vaermina, And Cold-Weather Setup | Retrospective redistributed regional sections; no player-facing Location Counter Sweep dump",none,
book_document_objective,OBJ-000823,OBJ-000823,,Song of the Alchemists,,book_document,skill_book_title,,,main_route,base_game,skill_book,4,"Anise's Cabin: Anise's Cabin (Falkreath Hold), on a table at the foot of the bed",skill_book_copy,selected_apocrypha_scholar_insight_copy,Apocrypha,Waking Dreams Chapter III,Read during the level-60 Miraak finale after Scholar's Insight is active.,Y,objective,4,Y,Y,N,Y,N,N,N,N,N,book_document_objective_covered,not_routed_here | placed_in_guide | retrospectively_confirmed_read_after_scholars_insight | same_room_left_unopened,complete | staged_for_anise_cabin_or_scholars_insight_window | staged_for_selected_copy_later,"Books, Spells, and Documents | Goldenhills Farm And Rorikstead | Helgen Riverwood And First Survival Loop | Miraak Finale, Lost Knowledge, And Last Black Books",none,
book_document_objective,OBJ-000824,OBJ-000824,,Breathing Water,,book_document,skill_book_title,,,main_route,base_game,skill_book,6,"Ilinalta's Deep: Ilinalta's Deep (Falkreath Hold), underwater room, next to a submerged chest",skill_book_copy,selected_apocrypha_scholar_insight_copy,Apocrypha,The Hidden Twilight Chapter V,Read during the Tel Mithryn/Nchardak section after Scholar's Insight is active.,Y,objective,3,Y,Y,N,Y,N,N,N,N,N,book_document_objective_covered,placed_in_guide | retrospectively_confirmed_read_after_scholars_insight | same_location_left_unopened,complete | staged_for_scholars_insight_window,"Books, Spells, and Documents | Riften Thaneship Frost And Rift Roads | Tel Mithryn, Nchardak, And Kagrumez",none,
book_document_objective,OBJ-000825,OBJ-000825,,Daughter of the Niben,,book_document,skill_book_title,,,main_route,base_game,skill_book,5,"Brandy-Mug Farm: Brandy-Mug Farm (Eastmarch), on top of the fireplace",skill_book_copy,selected_default_copy_pending_route_validation,Brandy-Mug Farm,Brandy-Mug Farm,Collect selected copy when its route block is safe; read after Scholar's Insight and high-skill timing check.,Y,objective,3,Y,Y,N,Y,Y,N,N,N,N,book_document_objective_covered,nearby_candidate_not_routed | read_in_guide | reward_copy_acquired_unread,complete | staged_for_scholars_insight_read | staged_for_scholars_insight_window,"Books, Spells, and Documents | Fellglow Keep And Good Intentions | Windhelm Murder Investigation And White Phial",none,
book_document_objective,OBJ-000826,OBJ-000826,,Reality & Other Falsehoods,,book_document,skill_book_title,,,main_route,base_game,skill_book,6,Bthardamz Arcanex: Bthardamz Arcanex (The Reach) carried by Orchendor (only as part of quest The Only Cure),skill_book_copy,selected_default_copy_pending_route_validation,Snow-Shod Farm,Snow-Shod Farm,Collect selected copy when its route block is safe; read after Scholar's Insight and high-skill timing check.,Y,objective,4,Y,Y,N,Y,Y,N,N,N,Y,book_document_objective_covered,audited_not_routed_here | conditional_not_read_if_red_eagle | read_in_guide | same_location_left_unopened,complete | staged_for_scholar_insight | staged_for_scholars_insight_window | staged_with_reason,"Books, Spells, and Documents | Dawnstar, Pale Blade, And Heljarchen | Markarth Prison Daedric Rites And Reach Redoubts | Peryite's Shrine And Bthardamz",none,
book_document_objective,OBJ-000827,OBJ-000827,,Sithis,,book_document,skill_book_title,,,main_route,base_game,skill_book,5,Cradle Stone Tower: Cradle Stone Tower,skill_book_copy,selected_default_copy_pending_route_validation,Cradle Stone Tower,Cradle Stone Tower,Collect selected copy when its route block is safe; read after Scholar's Insight and high-skill timing check.,Y,objective,4,Y,Y,N,Y,Y,N,N,N,N,book_document_objective_covered,read_in_guide | redistributed_or_gated | same_location_left_unopened,complete | staged_for_scholars_insight_window,"Books, Spells, and Documents | Cicero Aventus And The Sanctuary Door | Retrospective redistributed regional sections; no player-facing Location Counter Sweep dump | Security, Shadowmere, And The Brotherhood Endgame",none,
book_document_objective,OBJ-000828,OBJ-000828,,The Lunar Lorkhan,,book_document,skill_book_title,,,main_route,base_game,skill_book,5,"Cragwallow Slope: Cragwallow Slope (Eastmarch), central chamber",skill_book_copy,selected_default_copy_pending_route_validation,Cragwallow Slope,Cragwallow Slope,Collect selected copy when its route block is safe; read after Scholar's Insight and high-skill timing check.,Y,objective,5,Y,Y,N,Y,Y,N,N,N,N,book_document_objective_covered,audited_not_read_here | read_in_guide | redistributed_or_gated | same_location_left_unopened | same_location_not_entered,complete | staged_for_scholars_insight_window | staged_for_selected_copy_or_late_reading_window | staged_for_skill_book_window_or_mzulft_bundle,"Arkngthamz And The First Aetherium Shards | Books, Spells, and Documents | Mzulft And The Winterhold Crisis | Retrospective redistributed regional sections; no player-facing Location Counter Sweep dump | Solitude Coast Wild Horse And Wolfskull",none,
book_document_objective,OBJ-000829,OBJ-000829,,Father Of The Niben,,book_document,skill_book_title,,,main_route,base_game,skill_book,5,"Hunter's Rest: Hunter's Rest (Falkreath Hold), between two bedrolls",skill_book_copy,selected_default_copy_pending_route_validation,Hunter's Rest,Hunter's Rest,Collect selected copy when its route block is safe; read after Scholar's Insight and high-skill timing check.,Y,objective,3,Y,Y,N,Y,Y,N,N,N,N,book_document_objective_covered,read_in_guide | redistributed_or_gated | same_location_left_unopened,complete | staged_for_scholars_insight_window,"Books, Spells, and Documents | Retrospective redistributed regional sections; no player-facing Location Counter Sweep dump | Riften Thaneship Frost And Rift Roads",none,
book_document_objective,OBJ-000830,OBJ-000830,,"The Black Arrow, v2",,book_document,skill_book_title,,,main_route,base_game,skill_book,5,"Brood Cavern: Brood Cavern (Hjaalmarch), on the body of a dead hunter",skill_book_copy,selected_scholar_insight_route_copy,Robber's Gorge,Robber's Gorge,Read during the Vampire Lord cure closeout after Scholar's Insight is active.,Y,objective,2,Y,Y,N,Y,N,N,N,N,N,book_document_objective_covered,placed_in_guide | retrospectively_confirmed_read_after_scholars_insight,complete,"Books, Spells, and Documents | Vampire Lord Mastery and Rising at Dawn Closeout",none,
book_document_objective,OBJ-000831,OBJ-000831,,The Gold Ribbon of Merit,,book_document,skill_book_title,,,main_route,base_game,skill_book,6,"Angi's Camp: Angi's Camp (Falkreath Hold), inside the shack, on the end table by the bed",skill_book_copy,selected_apocrypha_scholar_insight_copy,Apocrypha,Untold Legends Chapter IV,Read during the Benkongerike/Untold Legends Lost Knowledge route after Scholar's Insight is active.,Y,objective,4,Y,Y,N,Y,N,N,N,N,N,book_document_objective_covered,audited_not_read_here | placed_in_guide | retrospectively_confirmed_read_after_scholars_insight | same_location_left_unopened,complete | staged_for_scholars_insight_window,"Books, Spells, and Documents | Imperial Civil War | Miraak Finale, Lost Knowledge, And Last Black Books | Riften Thaneship Frost And Rift Roads",none,
book_document_objective,OBJ-000832,OBJ-000832,,The Marksmanship Lesson,,book_document,skill_book_title,,,main_route,base_game,skill_book,5,"Cliffside Retreat: Cliffside Retreat (The Reach), on a table",skill_book_copy,selected_default_copy_pending_route_validation,Cliffside Retreat,Cliffside Retreat,Collect selected copy when its route block is safe; read after Scholar's Insight and high-skill timing check.,Y,objective,4,Y,Y,N,Y,Y,N,N,N,N,book_document_objective_covered,read_in_guide | redistributed_or_gated | same_location_left_unopened,complete | staged_for_scholars_insight_window | staged_for_selected_copy_later,"Books, Spells, and Documents | Companions Entry | Retrospective redistributed regional sections; no player-facing Location Counter Sweep dump | Security, Shadowmere, And The Brotherhood Endgame",none,
book_document_objective,OBJ-000833,OBJ-000833,,Vernaccus and Bourlor,,book_document,skill_book_title,,,main_route,base_game,skill_book,5,Clearspring Cave: Clearspring Cave (The Rift),skill_book_copy,selected_scholar_insight_route_copy,Graywinter Watch,Graywinter Watch,Leave the Graywinter Watch copy closed during the Rift/Kyne's Sacred Trials route; return and read it during the post-Scholar's Insight skill-book reconciliation.,Y,objective,4,Y,Y,N,Y,N,N,N,N,N,book_document_objective_covered,knifepoint_copy_held | not_read_here | read_in_guide | redistributed_or_gated,complete | staged_for_scholar_insight | staged_for_scholars_insight_window,"Books, Spells, and Documents | Falkreath Land Lakeview Foundation And Glenmoril Coven | Markarth Prison Daedric Rites And Reach Redoubts | Retrospective redistributed regional sections; no player-facing Location Counter Sweep dump",none,
book_document_objective,OBJ-000834,OBJ-000834,,"A Dance in Fire, v2",,book_document,skill_book_title,,,main_route,base_game,skill_book,5,"Fort Snowhawk: Fort Snowhawk (Hjaalmarch), on a table in the room west of the back entrance in the main keep",skill_book_copy,selected_default_copy_pending_route_validation,Fort Snowhawk,Fort Snowhawk,Collect selected copy when its route block is safe; read after Scholar's Insight and high-skill timing check.,Y,objective,3,Y,Y,N,Y,Y,N,N,N,N,book_document_objective_covered,audited_not_read_here | read_in_guide | redistributed_or_gated,complete | staged_for_scholars_insight_skill_book_window,"Books, Spells, and Documents | Karthspire Sky Haven And Dragonbane | Retrospective redistributed regional sections; no player-facing Location Counter Sweep dump",none,
book_document_objective,OBJ-000835,OBJ-000835,,Battle of Red Mountain,,book_document,skill_book_title,,,main_route,base_game,skill_book,5,Largashbur Cellar: Largashbur Cellar (The Rift),skill_book_copy,selected_default_copy_pending_route_validation,Largashbur Cellar,Largashbur Cellar,Collect selected copy when its route block is safe; read after Scholar's Insight and high-skill timing check.,Y,objective,2,Y,Y,N,Y,Y,N,N,N,N,book_document_objective_covered,read_in_guide | redistributed_or_gated,complete,"Books, Spells, and Documents | Retrospective redistributed regional sections; no player-facing Location Counter Sweep dump",none,
book_document_objective,OBJ-000836,OBJ-000836,,Death Blow of Abernanit,,book_document,skill_book_title,,,main_route,base_game,skill_book,6,430 ft W of Dawnstar: 430 ft W of Dawnstar,skill_book_copy,selected_apocrypha_scholar_insight_copy,Apocrypha,Epistolary Acumen Chapter III,Read during the Tel Mithryn/Nchardak section after Scholar's Insight is active.,Y,objective,7,Y,Y,N,Y,Y,N,N,N,N,book_document_objective_covered,audited_not_routed_here | nearby_candidate_not_routed | placed_in_guide | retrospectively_confirmed_read_after_scholars_insight | same_location_left_unopened | same_room_left_unopened,complete | staged_for_scholars_insight_window | staged_for_selected_copy_or_late_reading_window | staged_for_selected_dawnstar_copy | staged_with_reason,"Books, Spells, and Documents | Dawnstar, Pale Blade, And Heljarchen | First Day In Whiterun | Gauldur Legend Finale | Peryite's Shrine And Bthardamz | Riften Thaneship Frost And Rift Roads | ... (7 total)",none,
book_document_objective,OBJ-000837,OBJ-000837,,The Mirror,,book_document,skill_book_title,,,main_route,base_game,skill_book,4,"Broken Tower Redoubt: Broken Tower Redoubt (The Reach), on bookshelf in the sleeping area",skill_book_copy,selected_default_copy_pending_route_validation,Broken Tower Redoubt,Broken Tower Redoubt,Collect selected copy when its route block is safe; read after Scholar's Insight and high-skill timing check.,Y,objective,4,Y,Y,N,Y,Y,N,N,N,N,book_document_objective_covered,not_read_here | read_in_guide | same_location_left_unopened,complete | staged_for_scholar_insight_or_captain_aldis | staged_for_scholars_insight_or_aldis_favor | staged_for_scholars_insight_window,"Books, Spells, and Documents | Markarth Prison Daedric Rites And Reach Redoubts | Solitude Coast Wild Horse And Wolfskull | Windhelm Murder Investigation And White Phial",none,
book_document_objective,OBJ-000838,OBJ-000838,,Warrior,,book_document,skill_book_title,,,main_route,base_game,skill_book,5,"Driftshade Refuge: Driftshade Refuge (Winterhold), near the fireplace in the boss's chamber",skill_book_copy,selected_default_copy_pending_route_validation,Driftshade Refuge,Driftshade Refuge,Collect selected copy when its route block is safe; read after Scholar's Insight and high-skill timing check.,Y,objective,5,Y,Y,N,Y,Y,N,N,N,N,book_document_objective_covered,audited_not_read_here | read_in_guide | redistributed_or_gated | selected_source_left_unopened,complete | staged_for_scholars_insight_window,"Blades Research Blackreach And The Fallen | Books, Spells, and Documents | Companions Finale, Totems, And Beast-Blood Preservation | Imperial Civil War | Retrospective redistributed regional sections; no player-facing Location Counter Sweep dump",none,
book_document_objective,OBJ-000839,OBJ-000839,,"2920, Frostfall, v10",,book_document,skill_book_title,,,main_route,base_game,skill_book,5,"Belyn Hlaalu's House: Belyn Hlaalu's House (Windhelm), upstairs behind the dresser",skill_book_copy,selected_default_copy_pending_route_validation,Belyn Hlaalu's House,Belyn Hlaalu's House,Collect selected copy when its route block is safe; read after Scholar's Insight and high-skill timing check.,Y,objective,2,Y,Y,N,Y,Y,N,N,N,N,book_document_objective_covered,audited_not_routed_here | read_in_guide,complete | staged_for_selected_copy_or_late_reading_window,"Books, Spells, and Documents | Gauldur Legend Finale",none,
book_document_objective,OBJ-000840,OBJ-000840,,"2920, Hearth Fire, v9",,book_document,skill_book_title,,,main_route,base_game,skill_book,6,640 ft SE of Angi's Camp: 640 ft SE of Angi's Camp (Falkreath Hold),skill_book_copy,selected_apocrypha_scholar_insight_copy,Apocrypha,The Hidden Twilight Chapter V,Read during the Tel Mithryn/Nchardak section after Scholar's Insight is active.,Y,objective,3,Y,Y,Y,Y,Y,N,N,N,N,book_document_objective_covered,placed_in_guide | retrospectively_confirmed_read_after_scholars_insight | reward_copy_acquired_unread,complete | staged_for_scholars_insight_read,"Books, Spells, and Documents | Fellglow Keep And Good Intentions | Tel Mithryn, Nchardak, And Kagrumez",none,
book_document_objective,OBJ-000841,OBJ-000841,,Liminal Bridges,,book_document,skill_book_title,,,main_route,base_game,skill_book,4,"Broken Tower Redoubt: Broken Tower Redoubt (The Reach), the topmost tower (the Briarheart's room)",skill_book_copy,selected_scholar_insight_route_copy,Falkreath Watchtower,Falkreath Watchtower,Read during the Bittercup Falkreath pass after Scholar's Insight is active.,Y,objective,5,Y,Y,N,Y,N,N,N,N,N,book_document_objective_covered,not_read_here | placed_in_guide | retrospectively_confirmed_read_after_scholars_insight | same_location_left_unopened | sleeping_tree_adjacent_audited_not_routed,complete | staged_for_scholar_insight | staged_for_scholars_insight_window,"Bittercup, The Pit, And Fortunate Son | Books, Spells, and Documents | Labyrinthian And The Eye Of Magnus | Markarth Prison Daedric Rites And Reach Redoubts | Saadia First Horse And Western Road Support",none,
book_document_objective,OBJ-000842,OBJ-000842,,The Doors of Oblivion,,book_document,skill_book_title,,,main_route,base_game,skill_book,5,"Fellglow Keep: Fellglow Keep (Whiterun Hold), podium in far west room",skill_book_copy,selected_late_skill_book_copy,Sightless Pit exterior skeleton,120 ft SSW of Sightless Pit,Read during the late Scholar's Insight skill-book window; the Fellglow Keep copy is left closed during Hitting the Books.,Y,objective,4,Y,Y,N,Y,N,N,N,N,N,book_document_objective_covered,not_read_here | read_in_guide | redistributed_or_gated | same_location_left_unopened,complete | staged_for_late_selected_copy | staged_for_scholar_insight,"Books, Spells, and Documents | Fellglow Keep And Good Intentions | Markarth Prison Daedric Rites And Reach Redoubts | Retrospective redistributed regional sections; no player-facing Location Counter Sweep dump",none,
book_document_objective,OBJ-000843,OBJ-000843,,The Warrior's Charge,,book_document,skill_book_title,,,main_route,base_game,skill_book,6,"Brittleshin Pass: Brittleshin Pass (Falkreath Hold), near the Arcane Enchanter",skill_book_copy,selected_scholar_insight_route_copy,Southfringe Sanctum exterior,310 ft north of Southfringe Sanctum,Leave the Southfringe exterior copy closed during the Southern Warm Corridor route; return and read it during the post-Scholar's Insight skill-book reconciliation.,Y,objective,3,Y,Y,N,Y,N,N,N,N,N,book_document_objective_covered,read_in_guide | redistributed_or_gated | same_location_left_unopened,complete | staged_for_scholars_insight_window,"Books, Spells, and Documents | Retrospective redistributed regional sections; no player-facing Location Counter Sweep dump | Whiterun Property Western Caves Gray-Mane Rescue And Onmund",none,
book_document_objective,OBJ-000844,OBJ-000844,,A Hypothetical Treachery,,book_document,skill_book_title,,,main_route,base_game,skill_book,7,"Aretino Residence: Aretino Residence (Windhelm), behind the bookshelf",skill_book_copy,selected_apocrypha_scholar_insight_copy,Apocrypha,The Hidden Twilight Chapter V,Read during the Tel Mithryn/Nchardak section after Scholar's Insight is active.,Y,objective,6,Y,Y,Y,Y,N,N,N,N,N,book_document_objective_covered,audited_not_routed_here | placed_in_guide | retrospectively_confirmed_read_after_scholars_insight | same_location_left_unopened | sleeping_tree_adjacent_audited_not_routed,complete | staged_for_scholars_insight_window | staged_with_reason,"Books, Spells, and Documents | Cicero Aventus And The Sanctuary Door | Dawnstar, Pale Blade, And Heljarchen | Fellglow Keep And Good Intentions | Saadia First Horse And Western Road Support | Tel Mithryn, Nchardak, And Kagrumez",none,
book_document_objective,OBJ-000845,OBJ-000845,,Horror of Castle Xyr,,book_document,skill_book_title,,,main_route,base_game,skill_book,5,210 ft WSW of Darklight Tower: 210 ft WSW of Darklight Tower (The Rift),skill_book_copy,selected_default_copy_pending_route_validation,210 ft WSW of Darklight Tower,210 ft WSW of Darklight Tower,Collect selected copy when its route block is safe; read after Scholar's Insight and high-skill timing check.,Y,objective,3,Y,Y,N,Y,Y,N,N,N,N,book_document_objective_covered,read_in_guide | same_location_left_unopened,complete | staged_for_scholars_insight_window,"Books, Spells, and Documents | Falkreath Land Lakeview Foundation And Glenmoril Coven | Riften Thaneship Frost And Rift Roads",none,
book_document_objective,OBJ-000846,OBJ-000846,,"Mystery of Talara, v3",,book_document,skill_book_title,,,main_route,base_game,skill_book,5,"Birna's Oddments: Birna's Oddments (Winterhold), upstairs on a dresser",skill_book_copy,selected_default_copy_pending_route_validation,Birna's Oddments,Birna's Oddments,Collect selected copy when its route block is safe; read after Scholar's Insight and high-skill timing check.,Y,objective,2,Y,Y,N,Y,Y,N,N,N,N,book_document_objective_covered,read_in_guide | same_location_left_unopened,complete | staged_for_scholars_insight_window,"Books, Spells, and Documents | Riften Thaneship Frost And Rift Roads",none,
book_document_objective,OBJ-000847,OBJ-000847,,Response to Bero's Speech,,book_document,skill_book_title,,,main_route,base_game,skill_book,5,"Haemar's Cavern: Haemar's Cavern (Falkreath Hold), on a desk near two dead bandits",skill_book_copy,selected_default_copy_pending_route_validation,Haemar's Cavern,Haemar's Cavern,Collect selected copy when its route block is safe; read after Scholar's Insight and high-skill timing check.,Y,objective,3,Y,Y,N,Y,Y,N,N,N,N,book_document_objective_covered,read_in_guide | redistributed_or_gated | reward_copy_acquired_unread,complete | staged_for_scholars_insight_read,"Books, Spells, and Documents | Fellglow Keep And Good Intentions | Retrospective redistributed regional sections; no player-facing Location Counter Sweep dump",none,
book_document_objective,OBJ-000848,OBJ-000848,,The Art of War Magic,,book_document,skill_book_title,,,main_route,base_game,skill_book,6,"Southfringe Sanctum: Southfringe Sanctum (Falkreath Hold) carried by Bashnag, only during the quest The Savior of Selveni Nethri, or Bashnag is only a generic leveled necromancer",skill_book_copy,selected_apocrypha_scholar_insight_copy,Apocrypha,Waking Dreams Chapter VI,Read during the level-60 Miraak finale after Scholar's Insight is active.,Y,objective,4,Y,Y,N,Y,N,N,N,N,N,book_document_objective_covered,nearby_candidate_not_routed | placed_in_guide | retrospectively_confirmed_read_after_scholars_insight | same_location_left_unopened,complete | staged_for_scholars_insight_window | staged_for_selected_fallowstone_area_copy,"Books, Spells, and Documents | Haafingar Caves Volskygge And Night Hunter | Miraak Finale, Lost Knowledge, And Last Black Books | Peryite's Shrine And Bthardamz",none,
book_document_objective,OBJ-000849,OBJ-000849,,A Tragedy in Black,,book_document,skill_book_title,,,main_route,base_game,skill_book,6,"Bruca's Leap Redoubt: Bruca's Leap Redoubt (The Reach), on the bookshelf",skill_book_copy,selected_default_copy_pending_route_validation,Bruca's Leap Redoubt,Bruca's Leap Redoubt,Collect selected copy when its route block is safe; read after Scholar's Insight and high-skill timing check.,Y,objective,5,Y,Y,N,Y,Y,N,N,N,Y,book_document_objective_covered,conditional_not_read_if_bruca | nearby_candidate_not_routed | read_in_guide | same_location_left_unopened,complete | staged_for_scholar_insight | staged_for_scholars_insight_window,"Books, Spells, and Documents | Falkreath Land Lakeview Foundation And Glenmoril Coven | Gildergreen Renewal After The War | Markarth Prison Daedric Rites And Reach Redoubts | Windhelm Follow-Up And Eastmarch Roads",none,
book_document_objective,OBJ-000850,OBJ-000850,,Catalogue of Armor Enchantments,,book_document,skill_book_title,,,main_route,base_game,skill_book,5,The Brinehammer Below Deck: The Brinehammer Below Deck (The Pale),skill_book_copy,selected_default_copy_pending_route_validation,The Brinehammer Below Deck,The Brinehammer Below Deck,Collect selected copy when its route block is safe; read after Scholar's Insight and high-skill timing check.,Y,objective,1,Y,Y,N,Y,Y,N,N,N,N,book_document_objective_covered,read_in_guide,complete,"Books, Spells, and Documents",none,
book_document_objective,OBJ-000851,OBJ-000851,,Catalogue of Weapon Enchantments,,book_document,skill_book_title,,,main_route,base_game,skill_book,7,"Castle Dour: Castle Dour, Emperor's Tower (Solitude)",skill_book_copy,selected_scholar_insight_route_copy,Roadside Ruins,Roadside Ruins,Read during the Bittercup Roadside Ruins altar pass after Scholar's Insight is active.,Y,objective,6,Y,Y,N,Y,N,N,N,N,N,book_document_objective_covered,placed_in_guide | retrospectively_confirmed_read_after_scholars_insight | reward_copy_acquired_unread | same_location_left_unopened | same_room_left_unopened,complete | staged_for_scholars_insight_read | staged_for_scholars_insight_window,"Bittercup, The Pit, And Fortunate Son | Books, Spells, and Documents | Fellglow Keep And Good Intentions | High Hrothgar Ustengrav Morthal And The Embassy | Riften Thaneship Frost And Rift Roads | Security, Shadowmere, And The Brotherhood Endgame",none,
book_document_objective,OBJ-000852,OBJ-000852,,Enchanter's Primer,,book_document,skill_book_title,,,main_route,base_game,skill_book,6,"Carlotta Valentia's House: Carlotta Valentia's House (Whiterun), on the bedroom floor",skill_book_copy,selected_default_copy_pending_route_validation,Carlotta Valentia's House,Carlotta Valentia's House,Collect selected copy when its route block is safe; read after Scholar's Insight and high-skill timing check.,Y,objective,4,Y,Y,N,Y,Y,N,N,N,N,book_document_objective_covered,not_routed_here | read_in_guide | same_location_left_unopened | same_room_left_unopened,complete | staged_for_scholars_insight_window,"Bards College Lost Library And Instrument Roads | Books, Spells, and Documents | First Day In Whiterun | Whiterun Property Western Caves Gray-Mane Rescue And Onmund",none,
book_document_objective,OBJ-000853,OBJ-000853,,Twin Secrets,,book_document,skill_book_title,,,main_route,base_game,skill_book,5,Calcelmo's Laboratory: Calcelmo's Laboratory (Markarth),skill_book_copy,selected_scholars_insight_route_copy,Shrine of Stendarr,Shrine of Stendarr,Read during The Cause Shrine of Stendarr and Two Pillars route after Scholar's Insight is active.,Y,objective,7,Y,Y,N,Y,N,N,N,N,Y,book_document_objective_covered,audited_not_read_here | conditional_not_read_if_serpent | not_read_here | placed_in_guide | retrospectively_confirmed_read_after_scholars_insight | same_location_left_unopened | ... (7 total),complete | staged_for_hard_answers_calcelmo_laboratory | staged_for_scholar_insight | staged_for_scholars_insight_skill_book_window | staged_for_scholars_insight_window,"Books, Spells, and Documents | High-Risk AE Routes and Separate Worldspaces | Markarth Nchuand-Zel And Old Hroldan | Markarth Prison Daedric Rites And Reach Redoubts | Nightingale Rewards And The Skeleton Key | Riften Thaneship Frost And Rift Roads | ... (7 total)",none,
book_document_objective,OBJ-000854,OBJ-000854,,"2920, MidYear, v6",,book_document,skill_book_title,,,main_route,base_game,skill_book,5,"Blackreach: Blackreach, over a stone table in the south zone",skill_book_copy,selected_default_copy_pending_route_validation,Blackreach,Blackreach,Collect selected copy when its route block is safe; read after Scholar's Insight and high-skill timing check.,Y,objective,2,Y,Y,N,Y,Y,N,N,N,N,book_document_objective_covered,audited_not_read_here | read_in_guide,complete | staged_for_scholars_insight_window,"Blades Research Blackreach And The Fallen | Books, Spells, and Documents",none,
book_document_objective,OBJ-000855,OBJ-000855,,Chimarvamidium,,book_document,skill_book_title,,,main_route,base_game,skill_book,10,Calcelmo's Tower: Calcelmo's Tower (Markarth),skill_book_copy,selected_default_copy_pending_route_validation,Septimus Signus's Outpost,Septimus Signus's Outpost,Collect selected copy when its route block is safe; read after Scholar's Insight and high-skill timing check.,Y,objective,5,Y,Y,N,Y,N,N,N,N,N,book_document_objective_covered,audited_not_read_here | not_read_here | read_in_guide | same_location_left_unopened | source_selection_corrected,complete | staged_for_scholar_insight_or_hard_answers | staged_for_scholars_insight_skill_book_window | staged_for_scholars_insight_window,"Blades Research Blackreach And The Fallen | Books, Spells, and Documents | High Hrothgar Ustengrav Morthal And The Embassy | Markarth Nchuand-Zel And Old Hroldan | Nightingale Rewards And The Skeleton Key",none,
book_document_objective,OBJ-000856,OBJ-000856,,Hallgerd's Tale,,book_document,skill_book_title,,,main_route,base_game,skill_book,6,530 ft NNW of Fallowstone Cave: 530 ft NNW of Fallowstone Cave (The Rift),skill_book_copy,selected_default_copy_pending_route_validation,530 ft NNW of Fallowstone Cave,530 ft NNW of Fallowstone Cave,Collect selected copy when its route block is safe; read after Scholar's Insight and high-skill timing check.,Y,objective,5,Y,Y,N,Y,Y,N,N,N,N,book_document_objective_covered,nearby_candidate_not_routed | read_in_guide | redistributed_or_gated | same_location_left_unopened,complete | staged_for_scholars_insight_window | staged_for_selected_copy_later,"Books, Spells, and Documents | Companions Entry | Gildergreen Renewal After The War | Retrospective redistributed regional sections; no player-facing Location Counter Sweep dump | Riften Thaneship Frost And Rift Roads",none,
book_document_objective,OBJ-000857,OBJ-000857,,Orsinium and the Orcs,,book_document,skill_book_title,,,main_route,base_game,skill_book,6,"Darkshade: Darkshade (Whiterun Hold), second room, lying near the water",skill_book_copy,selected_apocrypha_scholar_insight_copy,Apocrypha,Epistolary Acumen Chapter III,Read during the Tel Mithryn/Nchardak section after Scholar's Insight is active.,Y,objective,4,Y,Y,N,Y,N,N,N,N,N,book_document_objective_covered,placed_in_guide | redistributed_or_gated | retrospectively_confirmed_read_after_scholars_insight | same_room_left_unopened,complete | staged_for_scholars_insight_window,"Books, Spells, and Documents | High Hrothgar Ustengrav Morthal And The Embassy | Retrospective redistributed regional sections; no player-facing Location Counter Sweep dump | Tel Mithryn, Nchardak, And Kagrumez",none,
book_document_objective,OBJ-000858,OBJ-000858,,The Knights of the Nine,,book_document,skill_book_title,,,main_route,base_game,skill_book,5,Guldun Rock Cave: Guldun Rock Cave (Whiterun Hold),skill_book_copy,selected_default_copy_pending_route_validation,Guldun Rock Cave,Guldun Rock Cave,Collect selected copy when its route block is safe; read after Scholar's Insight and high-skill timing check.,Y,objective,2,Y,Y,N,Y,Y,N,N,N,N,book_document_objective_covered,read_in_guide | redistributed_or_gated,complete,"Books, Spells, and Documents | Retrospective redistributed regional sections; no player-facing Location Counter Sweep dump",none,
book_document_objective,OBJ-000859,OBJ-000859,,"2920, Sun's Dawn, v2",,book_document,skill_book_title,,,main_route,base_game,skill_book,5,"Ansilvund Burial Chambers: Ansilvund Burial Chambers, in the second section, large room with the hanging cages, on a pressurized pedestal",skill_book_copy,selected_default_copy_pending_route_validation,Ansilvund Burial Chambers,Ansilvund Burial Chambers,Collect selected copy when its route block is safe; read after Scholar's Insight and high-skill timing check.,Y,objective,3,Y,Y,N,Y,Y,N,N,N,N,book_document_objective_covered,read_in_guide | same_location_left_unopened,complete | staged_for_scholars_insight_window,"Books, Spells, and Documents | Riften Thaneship Frost And Rift Roads | Windhelm Follow-Up And Eastmarch Roads",none,
book_document_objective,OBJ-000860,OBJ-000860,,Before the Ages of Man,,book_document,skill_book_title,,,main_route,base_game,skill_book,6,"Angarvunde Ruins: Angarvunde Ruins (The Rift), on a table with embalming tools",skill_book_copy,selected_apocrypha_scholar_insight_copy,Apocrypha,The Hidden Twilight Chapter V,Read during the Tel Mithryn/Nchardak section after Scholar's Insight is active.,Y,objective,5,Y,Y,N,Y,N,N,N,N,N,book_document_objective_covered,not_read_here | placed_in_guide | retrospectively_confirmed_read_after_scholars_insight | same_location_left_unopened,complete | staged_for_scholars_insight_skill_book_window | staged_for_scholars_insight_window,"Books, Spells, and Documents | Main Quest Staging Before Sky Haven | Riften Thaneship Frost And Rift Roads | Southern Warm Corridor | Tel Mithryn, Nchardak, And Kagrumez",none,
book_document_objective,OBJ-000861,OBJ-000861,,Incident at Necrom,,book_document,skill_book_title,,,main_route,base_game,skill_book,5,"Bloodlet Throne: Bloodlet Throne (Falkreath Hold), in the jail cell",skill_book_copy,selected_default_copy_pending_route_validation,Bloodlet Throne,Bloodlet Throne,Collect selected copy when its route block is safe; read after Scholar's Insight and high-skill timing check.,Y,objective,4,Y,Y,N,Y,Y,N,N,N,N,book_document_objective_covered,nearby_candidate_not_routed | read_in_guide | same_location_left_unopened | same_room_left_unopened,complete | staged_for_scholars_insight_window,"Books, Spells, and Documents | Haafingar Caves Volskygge And Night Hunter | Peryite's Shrine And Bthardamz | Southern Warm Corridor",none,
book_document_objective,OBJ-000862,OBJ-000862,,"Mystery of Talara, Part 4",,book_document,skill_book_title,,,main_route,base_game,skill_book,5,"Blind Cliff Bastion: Blind Cliff Bastion (The Reach), on the platform near the large chest",skill_book_copy,selected_scholars_insight_route_copy,Broken Fang Cave,Broken Fang Cave,Read during the Broken Fang Cave sweep after Scholar's Insight is active.,Y,objective,5,Y,Y,N,Y,N,N,N,N,N,book_document_objective_covered,not_read_here | placed_in_guide | retrospectively_confirmed_read_after_scholars_insight | same_location_left_unopened | same_room_left_unopened,complete | staged_for_scholar_insight | staged_for_scholars_insight_window,"Bards College Lost Library And Instrument Roads | Books, Spells, and Documents | High-Risk AE Routes and Separate Worldspaces | Markarth Prison Daedric Rites And Reach Redoubts | Security, Shadowmere, And The Brotherhood Endgame",none,
book_document_objective,OBJ-000863,OBJ-000863,,The Black Arts On Trial,,book_document,skill_book_title,,,main_route,base_game,skill_book,6,Falkreath Jail: Falkreath Jail (Falkreath),skill_book_copy,selected_scholar_insight_route_copy,Hillgrund's Tomb exterior,370 ft SSE of Hillgrund's Tomb,Leave the Hillgrund exterior copy closed during the Eastmarch route; return and read it during the post-Scholar's Insight skill-book reconciliation.,Y,objective,6,Y,Y,Y,Y,N,N,N,N,N,book_document_objective_covered,read_in_guide | redistributed_or_gated | reward_copy_acquired_unread | same_actor_not_taken_or_read_here | same_building_left_unopened | same_location_left_unopened,complete | staged_for_scholars_insight_read | staged_for_scholars_insight_window,"Books, Spells, and Documents | Fellglow Keep And Good Intentions | Hircine And Bloated Man's Grotto | Retrospective redistributed regional sections; no player-facing Location Counter Sweep dump | Whiterun Property Western Caves Gray-Mane Rescue And Onmund | Windhelm Murder Investigation And White Phial",none,
book_document_objective,OBJ-000864,OBJ-000864,,Ice and Chitin,,book_document,skill_book_title,,,main_route,base_game,skill_book,5,"Guard Tower: Guard Tower (Markarth), in the northeast corner on a wooden table",skill_book_copy,selected_default_copy_pending_route_validation,Guard Tower,Guard Tower,Collect selected copy when its route block is safe; read after Scholar's Insight and high-skill timing check.,Y,objective,2,Y,Y,N,Y,Y,N,N,N,N,book_document_objective_covered,read_in_guide | same_location_left_unopened,complete | staged_for_scholars_insight_window,"Books, Spells, and Documents | Goldenglow Honningbrew Solitude And Snow Veil",none,
book_document_objective,OBJ-000865,OBJ-000865,,Jornibret's Last Dance,,book_document,skill_book_title,,,main_route,base_game,skill_book,5,"Autumnwatch Tower: Autumnwatch Tower (The Rift), top floor of the small tower",skill_book_copy,selected_default_copy_pending_route_validation,Autumnwatch Tower,Autumnwatch Tower,Collect selected copy when its route block is safe; read after Scholar's Insight and high-skill timing check.,Y,objective,4,Y,Y,N,Y,Y,N,N,N,N,book_document_objective_covered,audited_not_read_here | not_read_here | read_in_guide | redistributed_or_gated,complete | staged_for_scholar_insight | staged_for_scholars_insight_window,"Books, Spells, and Documents | Imperial Civil War | Markarth Nchuand-Zel And Old Hroldan | Retrospective redistributed regional sections; no player-facing Location Counter Sweep dump",none,
book_document_objective,OBJ-000866,OBJ-000866,,Rislav The Righteous,,book_document,skill_book_title,,,main_route,base_game,skill_book,5,"160 ft W of Abandoned Prison: 160 ft W of Abandoned Prison (Eastmarch), in the debris surrounding a cabin crushed by a fallen tree",skill_book_copy,selected_default_copy_pending_route_validation,160 ft W of Abandoned Prison,160 ft W of Abandoned Prison,Collect selected copy when its route block is safe; read after Scholar's Insight and high-skill timing check.,Y,objective,4,Y,Y,N,Y,Y,N,N,N,N,book_document_objective_covered,fort_greymoor_audited_not_routed | read_in_guide | redistributed_or_gated | same_location_left_unopened,complete | staged_for_scholars_insight_window,"Books, Spells, and Documents | Retrospective redistributed regional sections; no player-facing Location Counter Sweep dump | Saadia First Horse And Western Road Support | Windhelm Follow-Up And Eastmarch Roads",none,
book_document_objective,OBJ-000867,OBJ-000867,,The Rear Guard,,book_document,skill_book_title,,,main_route,base_game,skill_book,6,"Castle Dour: Castle Dour (Solitude), downstairs",skill_book_copy,selected_apocrypha_scholar_insight_copy,Apocrypha,Untold Legends Chapter IV,Read during the Benkongerike/Untold Legends Lost Knowledge route after Scholar's Insight is active.,Y,objective,4,Y,Y,N,Y,N,N,N,N,Y,book_document_objective_covered,conditional_not_read_if_druadach | placed_in_guide | retrospectively_confirmed_read_after_scholars_insight | same_location_left_unopened,complete | staged_for_scholar_insight | staged_for_scholars_insight_window,"Books, Spells, and Documents | Companions Finale, Totems, And Beast-Blood Preservation | Markarth Prison Daedric Rites And Reach Redoubts | Miraak Finale, Lost Knowledge, And Last Black Books",none,
book_document_objective,OBJ-000868,OBJ-000868,,The Refugees,,book_document,skill_book_title,,,main_route,base_game,skill_book,5,"Blind Cliff Cave: Blind Cliff Cave, in the collapsed tower",skill_book_copy,selected_default_copy_pending_route_validation,Blind Cliff Cave,Blind Cliff Cave,Collect selected copy when its route block is safe; read after Scholar's Insight and high-skill timing check.,Y,objective,4,Y,Y,N,Y,Y,N,N,N,N,book_document_objective_covered,not_read_here | not_routed_here | read_in_guide | same_room_left_unopened,complete | staged_for_scholar_insight | staged_for_scholars_insight_window,"Books, Spells, and Documents | Helgen Riverwood And First Survival Loop | Markarth Prison Daedric Rites And Reach Redoubts | Solitude Coast Wild Horse And Wolfskull",none,
book_document_objective,OBJ-000869,OBJ-000869,,Advances in Lockpicking,,book_document,skill_book_title,,,main_route,base_game,skill_book,6,"390 ft ENE of Angarvunde: 390 ft ENE of Angarvunde (The Rift), next to a dead Redguard",skill_book_copy,selected_apocrypha_scholar_insight_copy,Apocrypha,Untold Legends Chapter IV,Read during the Benkongerike/Untold Legends Lost Knowledge route after Scholar's Insight is active.,Y,objective,4,Y,Y,N,Y,N,N,N,N,N,book_document_objective_covered,placed_in_guide | retrospectively_confirmed_read_after_scholars_insight | same_location_left_unopened,complete | staged_for_scholars_insight_window,"Books, Spells, and Documents | Falkreath Land Lakeview Foundation And Glenmoril Coven | Miraak Finale, Lost Knowledge, And Last Black Books | Riften Thaneship Frost And Rift Roads",none,
book_document_objective,OBJ-000870,OBJ-000870,,Proper Lock Design,,book_document,skill_book_title,,,main_route,base_game,skill_book,5,"Cidhna Mine: Cidhna Mine (Markarth), next to the Evidence Chest",skill_book_copy,selected_scholars_insight_route_copy,West of the gate at the top of Darklight Tower,Crowstooth's Camp / Darklight Tower exterior,Read during the Crowstooth's Camp and Arcwind approach after Scholar's Insight is active.,Y,objective,4,Y,Y,N,Y,Y,N,N,N,N,book_document_objective_covered,not_read_here | placed_in_guide | retrospectively_confirmed_read_after_scholars_insight | same_location_left_unopened,complete | staged_for_alternate_source | staged_for_scholars_insight_window,"Books, Spells, and Documents | High-Risk AE Routes and Separate Worldspaces | Markarth Prison Daedric Rites And Reach Redoubts | Riften Thaneship Frost And Rift Roads",none,
book_document_objective,OBJ-000871,OBJ-000871,,Surfeit of Thieves,,book_document,skill_book_title,,,main_route,base_game,skill_book,5,Mistveil Keep Jarl's Chambers: Mistveil Keep Jarl's Chambers (Riften),skill_book_copy,selected_default_copy_pending_route_validation,Mistveil Keep Jarl's Chambers,Mistveil Keep Jarl's Chambers,Collect selected copy when its route block is safe; read after Scholar's Insight and high-skill timing check.,Y,objective,5,Y,Y,N,Y,Y,N,N,N,N,book_document_objective_covered,audited_same_room_left_unopened | read_in_guide | same_location_left_unopened | same_room_left_unopened,complete | staged_for_scholars_insight_window,"Books, Spells, and Documents | First Riften Visit And Guild Doorway | Goldenglow Honningbrew Solitude And Snow Veil | Haafingar Caves Volskygge And Night Hunter | Potema Shield Of Solitude And Bone Wolf",none,
book_document_objective,OBJ-000872,OBJ-000872,,The Locked Room,,book_document,skill_book_title,,,main_route,base_game,skill_book,5,"Alftand Animonculory: Alftand Animonculory (Winterhold), in the treasure room",skill_book_copy,selected_default_copy_pending_route_validation,Alftand Animonculory,Alftand Animonculory,Collect selected copy when its route block is safe; read after Scholar's Insight and high-skill timing check.,Y,objective,4,Y,Y,N,Y,Y,N,N,N,N,book_document_objective_covered,audited_not_read_here | read_in_guide | same_location_left_unopened,complete | staged_for_scholars_insight_window,"Blades Research Blackreach And The Fallen | Books, Spells, and Documents | Riften Thaneship Frost And Rift Roads | Windhelm Follow-Up And Eastmarch Roads",none,
book_document_objective,OBJ-000873,OBJ-000873,,"The Wolf Queen, v1",,book_document,skill_book_title,,,main_route,base_game,skill_book,5,Broken Fang Cave: Broken Fang Cave (Whiterun Hold),skill_book_copy,selected_scholars_insight_route_copy,Broken Fang Cave,Broken Fang Cave,Read during the Broken Fang Cave sweep after Scholar's Insight is active.,Y,objective,3,Y,Y,N,Y,N,N,N,N,N,book_document_objective_covered,placed_in_guide | retrospectively_confirmed_read_after_scholars_insight | same_location_left_unopened,complete | staged_for_scholars_insight_window,"Books, Spells, and Documents | High-Risk AE Routes and Separate Worldspaces | Riften Thaneship Frost And Rift Roads",none,
book_document_objective,OBJ-000874,OBJ-000874,,"2920, Morning Star, v1",,book_document,skill_book_title,,,main_route,base_game,skill_book,6,"Driftshade Refuge: Driftshade Refuge, on a table in the final room with the barred door",skill_book_copy,selected_default_copy_pending_route_validation,Driftshade Refuge,Driftshade Refuge,Collect selected copy when its route block is safe; read after Scholar's Insight and high-skill timing check.,Y,objective,3,Y,Y,N,Y,Y,N,N,N,N,book_document_objective_covered,read_in_guide | same_location_left_unopened | selected_source_left_unopened,complete | staged_for_scholars_insight_window,"Books, Spells, and Documents | Companions Finale, Totems, And Beast-Blood Preservation | Whiterun Property Western Caves Gray-Mane Rescue And Onmund",none,
book_document_objective,OBJ-000875,OBJ-000875,,Fire and Darkness,,book_document,skill_book_title,,,main_route,base_game,skill_book,6,"Dawnstar Sanctuary: Dawnstar Sanctuary, basement",skill_book_copy,selected_apocrypha_scholar_insight_copy,Apocrypha,Epistolary Acumen Chapter III,Read during the Tel Mithryn/Nchardak section after Scholar's Insight is active.,Y,objective,5,Y,Y,N,Y,N,N,N,N,N,book_document_objective_covered,not_read_here | placed_in_guide | retrospectively_confirmed_read_after_scholars_insight | same_location_left_unopened,complete | staged_for_scholars_insight_skill_book_window | staged_for_scholars_insight_window,"Books, Spells, and Documents | Main Quest Staging Before Sky Haven | Potema Shield Of Solitude And Bone Wolf | Security, Shadowmere, And The Brotherhood Endgame | Tel Mithryn, Nchardak, And Kagrumez",none,
book_document_objective,OBJ-000876,OBJ-000876,,Mace Etiquette,,book_document,skill_book_title,,,main_route,base_game,skill_book,5,Fort Greenwall Captain's Quarters: Fort Greenwall Captain's Quarters (The Rift),skill_book_copy,selected_default_copy_pending_route_validation,Fort Greenwall Captain's Quarters,Fort Greenwall Captain's Quarters,Collect selected copy when its route block is safe; read after Scholar's Insight and high-skill timing check.,Y,objective,5,Y,Y,N,Y,Y,N,N,N,N,book_document_objective_covered,audited_not_read_here | read_in_guide | same_location_left_unopened,complete | staged_for_scholars_insight_skill_book_window | staged_for_scholars_insight_window,"Books, Spells, and Documents | Guild Restoration And Amulet Of Articulation | Imperial Civil War | Karthspire Sky Haven And Dragonbane | Whispers, Solitude Jobs, And The Wedding Assassination",none,
book_document_objective,OBJ-000877,OBJ-000877,,Night Falls on Sentinel,,book_document,skill_book_title,,,main_route,base_game,skill_book,3,"310 ft S of The Guardian Stones: 310 ft S of The Guardian Stones (Falkreath Hold), in a tent in a bandit camp",skill_book_copy,selected_default_copy_pending_route_validation,310 ft S of The Guardian Stones,310 ft S of The Guardian Stones,Collect selected copy when its route block is safe; read after Scholar's Insight and high-skill timing check.,Y,objective,6,Y,Y,N,Y,Y,N,N,N,N,book_document_objective_covered,copy_collected_unread | gift_copy_consumed_unread | held_with_treasure_map_camp | not_spawned_or_not_routed_here | read_in_guide | same_camp_left_unopened,complete | staged_for_scholars_insight_or_rustleif_policy | staged_for_scholars_insight_window,"Books, Spells, and Documents | Dawnstar, Vaermina, And Cold-Weather Setup | Guardian Stones Cache And Whiterun Farm Loop | Helgen Riverwood And First Survival Loop | Saadia First Horse And Western Road Support | Whispers, Solitude Jobs, And The Wedding Assassination",none,
book_document_objective,OBJ-000878,OBJ-000878,,The Importance of Where,,book_document,skill_book_title,,,main_route,base_game,skill_book,5,Brina's House: Brina's House (Dawnstar),skill_book_copy,selected_default_copy_pending_route_validation,Brina's House,Brina's House,Collect selected copy when its route block is safe; read after Scholar's Insight and high-skill timing check.,Y,objective,3,Y,Y,N,Y,Y,N,N,N,N,book_document_objective_covered,audited_not_routed_here | read_in_guide | same_location_left_unopened,complete | staged_for_selected_copy_later | staged_with_reason,"Beast Blood And The Silver Hand | Books, Spells, and Documents | Dawnstar, Pale Blade, And Heljarchen",none,
book_document_objective,OBJ-000879,OBJ-000879,,Aevar Stone-Singer,,book_document,skill_book_title,,,main_route,base_game,skill_book,5,"Lost Valkygg: Lost Valkygg, southern room",skill_book_copy,selected_default_copy_pending_route_validation,Lost Valkygg,Lost Valkygg,Collect selected copy when its route block is safe; read after Scholar's Insight and high-skill timing check.,Y,objective,3,Y,Y,N,Y,Y,N,N,N,N,book_document_objective_covered,audited_not_routed_here | read_in_guide | same_location_left_unopened,complete | staged_for_scholars_insight_window,"Books, Spells, and Documents | Halted Stream And Silent Moons Level Gate | Labyrinthian And The Eye Of Magnus",none,
book_document_objective,OBJ-000880,OBJ-000880,,Beggar,,book_document,skill_book_title,,,main_route,base_game,skill_book,6,"Haelga's Bunkhouse: Haelga's Bunkhouse (Riften), on a counter upstairs",skill_book_copy,selected_apocrypha_scholar_insight_copy,Apocrypha,Untold Legends Chapter IV,Read during the Benkongerike/Untold Legends Lost Knowledge route after Scholar's Insight is active.,Y,objective,5,Y,Y,N,Y,N,N,N,N,N,book_document_objective_covered,nearby_not_routed_here | placed_in_guide | retrospectively_confirmed_read_after_scholars_insight | same_location_left_unopened,complete | staged_for_scholars_insight_window,"Books, Spells, and Documents | First Riften Visit And Guild Doorway | Haafingar Caves Volskygge And Night Hunter | Miraak Finale, Lost Knowledge, And Last Black Books | Saadia First Horse And Western Road Support",none,
book_document_objective,OBJ-000881,OBJ-000881,,Guide to Better Thieving,,book_document,skill_book_title,,,main_route,base_game,skill_book,5,"Fort Sungard Oubliette: Fort Sungard Oubliette (The Reach), down the hole",skill_book_copy,selected_default_copy_pending_route_validation,Fort Sungard Oubliette,Fort Sungard Oubliette,Collect selected copy when its route block is safe; read after Scholar's Insight and high-skill timing check.,Y,objective,4,Y,Y,N,Y,Y,N,N,N,N,book_document_objective_covered,read_in_guide | redistributed_or_gated | same_location_left_unopened,complete | staged_for_scholars_insight_window,"Books, Spells, and Documents | Goldenglow Honningbrew Solitude And Snow Veil | Retrospective redistributed regional sections; no player-facing Location Counter Sweep dump | Windhelm Follow-Up And Eastmarch Roads",none,
book_document_objective,OBJ-000882,OBJ-000882,,Purloined Shadows,,book_document,skill_book_title,,,main_route,base_game,skill_book,5,"NW of Bonechill Passage: NW of Bonechill Passage (Falkreath Hold), in a hut under the bed",skill_book_copy,selected_default_copy_pending_route_validation,NW of Bonechill Passage,NW of Bonechill Passage,Collect selected copy when its route block is safe; read after Scholar's Insight and high-skill timing check.,Y,objective,4,Y,Y,N,Y,Y,N,N,N,N,book_document_objective_covered,audited_not_read_here | audited_not_routed_here | read_in_guide | redistributed_or_gated,complete | staged_for_scholars_insight_skill_book_window | staged_for_selected_copy,"Books, Spells, and Documents | Cicero Aventus And The Sanctuary Door | Nightingale Rewards And The Skeleton Key | Retrospective redistributed regional sections; no player-facing Location Counter Sweep dump",none,
book_document_objective,OBJ-000883,OBJ-000883,,Thief,,book_document,skill_book_title,,,main_route,base_game,skill_book,5,"Argonian Assemblage: Argonian Assemblage (Windhelm), on a dresser",skill_book_copy,selected_default_copy_pending_route_validation,Argonian Assemblage,Argonian Assemblage,Collect selected copy when its route block is safe; read after Scholar's Insight and high-skill timing check.,Y,objective,3,Y,Y,N,Y,Y,N,N,N,N,book_document_objective_covered,read_in_guide | same_room_left_unopened,complete | staged_for_scholars_insight_window,"Bleak Falls Barrow And First Dragon | Books, Spells, and Documents | Saadia First Horse And Western Road Support",none,
book_document_objective,OBJ-000884,OBJ-000884,,"2920, Rain's Hand, v4",,book_document,skill_book_title,,,main_route,base_game,skill_book,5,Blind Cliff Bastion: Blind Cliff Bastion (The Reach) carried by Petra,skill_book_copy,selected_default_copy_pending_route_validation,Blind Cliff Bastion,Blind Cliff Bastion,Collect selected copy when its route block is safe; read after Scholar's Insight and high-skill timing check.,Y,objective,3,Y,Y,N,Y,Y,N,N,N,N,book_document_objective_covered,not_read_here | read_in_guide | same_location_left_unopened,complete | staged_for_scholar_insight | staged_for_scholars_insight_window,"Books, Spells, and Documents | Haafingar Caves Volskygge And Night Hunter | Markarth Prison Daedric Rites And Reach Redoubts",none,
book_document_objective,OBJ-000885,OBJ-000885,,"Mystery of Talara, v 2",,book_document,skill_book_title,,,main_route,base_game,skill_book,5,"Crystaldrift Cave: Crystaldrift Cave (The Rift), carried by dead Gadnor",skill_book_copy,selected_default_copy_pending_route_validation,Crystaldrift Cave,Crystaldrift Cave,Collect selected copy when its route block is safe; read after Scholar's Insight and high-skill timing check.,Y,objective,4,Y,Y,N,Y,Y,N,N,N,N,book_document_objective_covered,not_read_here | read_in_guide | redistributed_or_gated | same_location_left_unopened,complete | staged_for_scholars_insight_skill_book_window | staged_for_scholars_insight_window,"Books, Spells, and Documents | Gildergreen Renewal After The War | Main Quest Staging Before Sky Haven | Retrospective redistributed regional sections; no player-facing Location Counter Sweep dump",none,
book_document_objective,OBJ-000886,OBJ-000886,,Racial Phylogeny,,book_document,skill_book_title,,,main_route,base_game,skill_book,6,"Avanchnzel Animoncultory: Avanchnzel Animoncultory (The Rift), in a room on the eastern side, on the northern table",skill_book_copy,selected_apocrypha_scholar_insight_copy,Apocrypha,The Hidden Twilight Chapter V,Read during the Tel Mithryn/Nchardak section after Scholar's Insight is active.,Y,objective,4,Y,Y,Y,Y,Y,N,N,N,N,book_document_objective_covered,placed_in_guide | retrospectively_confirmed_read_after_scholars_insight | reward_copy_acquired_unread | same_location_left_unopened,complete | staged_for_scholars_insight_read | staged_for_scholars_insight_window,"Books, Spells, and Documents | Fellglow Keep And Good Intentions | Riften Thaneship Frost And Rift Roads | Tel Mithryn, Nchardak, And Kagrumez",none,
book_document_objective,OBJ-000887,OBJ-000887,,The Exodus,,book_document,skill_book_title,,,main_route,base_game,skill_book,5,Forelhost Crypt: Forelhost Crypt (The Rift),skill_book_copy,selected_default_copy_pending_route_validation,Forelhost Crypt,Forelhost Crypt,Collect selected copy when its route block is safe; read after Scholar's Insight and high-skill timing check.,Y,objective,3,Y,Y,N,Y,Y,N,N,N,N,book_document_objective_covered,read_in_guide | redistributed_or_gated | same_room_left_unopened,complete | staged_for_scholars_insight_window,"Bards College Lost Library And Instrument Roads | Books, Spells, and Documents | Retrospective redistributed regional sections; no player-facing Location Counter Sweep dump",none,
book_document_objective,OBJ-000888,OBJ-000888,,Withershins,,book_document,skill_book_title,,,main_route,base_game,skill_book,5,"Arcwind Point: Arcwind Point, at a pedestal the top of the tower after progressing through the ruins",skill_book_copy,selected_scholars_insight_route_copy,Arcwind Point,Arcwind Point,Read during the Arcwind Point sweep after Scholar's Insight is active.,Y,objective,2,Y,Y,N,Y,N,N,N,N,N,book_document_objective_covered,placed_in_guide | retrospectively_confirmed_read_after_scholars_insight,complete,"Books, Spells, and Documents | High-Risk AE Routes and Separate Worldspaces",none,
book_document_objective,OBJ-000889,OBJ-000889,,Cherim's Heart,,book_document,skill_book_title,,,main_route,base_game,skill_book,5,Broken Oar Grotto: Broken Oar Grotto (Haafingar),skill_book_copy,selected_scholars_insight_route_copy,Purewater Run,Purewater Run,Read during the Interception Purewater Run route after Scholar's Insight is active.,Y,objective,5,Y,Y,N,Y,N,N,N,N,N,book_document_objective_covered,audited_not_routed_here | nearby_candidate_not_routed | not_read_here | placed_in_guide | retrospectively_confirmed_read_after_scholars_insight,complete | staged_for_scholars_insight_window | staged_with_reason,"Books, Spells, and Documents | Dawnstar, Pale Blade, And Heljarchen | Gildergreen Renewal After The War | High-Risk AE Routes and Separate Worldspaces | Solitude Coast Wild Horse And Wolfskull",none,
book_document_objective,OBJ-000890,OBJ-000890,,Heavy Armor Forging,,book_document,skill_book_title,,,main_route,base_game,skill_book,5,East Empire Company Warehouse: East Empire Company Warehouse,skill_book_copy,selected_apocrypha_scholar_insight_copy,Apocrypha,Waking Dreams Chapter II,Read during the level-60 Miraak finale after Scholar's Insight is active.,Y,objective,4,Y,Y,N,Y,N,N,N,N,N,book_document_objective_covered,placed_in_guide | retrospectively_confirmed_read_after_scholars_insight | same_location_left_unopened,complete | staged_for_scholars_insight_window,"Books, Spells, and Documents | Goldenglow Honningbrew Solitude And Snow Veil | Miraak Finale, Lost Knowledge, And Last Black Books | Riften Thaneship Frost And Rift Roads",none,
book_document_objective,OBJ-000891,OBJ-000891,,Last Scabbard of Akrash,,book_document,skill_book_title,,,main_route,base_game,skill_book,4,330 ft SSE of Black-Briar Lodge: 330 ft SSE of Black-Briar Lodge,skill_book_copy,selected_default_copy_pending_route_validation,330 ft SSE of Black-Briar Lodge,330 ft SSE of Black-Briar Lodge,Collect selected copy when its route block is safe; read after Scholar's Insight and high-skill timing check.,Y,objective,2,Y,Y,N,Y,Y,N,N,N,N,book_document_objective_covered,read_in_guide | same_location_left_unopened,complete | staged_for_selected_copy_later,"Beast Blood And The Silver Hand | Books, Spells, and Documents",none,
book_document_objective,OBJ-000892,OBJ-000892,,Light Armor Forging,,book_document,skill_book_title,,,main_route,base_game,skill_book,5,"Cracked Tusk Keep: Cracked Tusk Keep, near the forge",skill_book_copy,selected_default_copy_pending_route_validation,Cracked Tusk Keep,Cracked Tusk Keep,Collect selected copy when its route block is safe; read after Scholar's Insight and high-skill timing check.,Y,objective,7,Y,Y,N,Y,Y,N,N,Y,N,book_document_objective_covered,audited_not_read_here | audited_not_routed_here | read_in_guide | redistributed_or_gated | same_location_left_unopened,complete | staged_for_scholars_insight_skill_book_window | staged_for_scholars_insight_window,"Arkngthamz And The First Aetherium Shards | Books, Spells, and Documents | Falkreath Land Lakeview Foundation And Glenmoril Coven | Guardian Stones Cache And Whiterun Farm Loop | Halted Stream And Silent Moons Level Gate | Retrospective redistributed regional sections; no player-facing Location Counter Sweep dump | ... (7 total)",none,
book_document_objective,OBJ-000893,OBJ-000893,,The Armorer's Challenge,,book_document,skill_book_title,,,main_route,base_game,skill_book,5,Bilegulch Mine: Bilegulch Mine (Falkreath Hold),skill_book_copy,selected_default_copy_pending_route_validation,Tower of Mzark,Tower of Mzark,Collect selected copy when its route block is safe; read after Scholar's Insight and high-skill timing check.,Y,objective,4,Y,Y,N,Y,N,N,N,N,N,book_document_objective_covered,read_in_guide | same_location_left_unopened | source_selection_corrected,complete | staged_for_scholars_insight_window | staged_for_selected_copy_later,"Blades Research Blackreach And The Fallen | Books, Spells, and Documents | Companions Entry | Falkreath Land Lakeview Foundation And Glenmoril Coven",none,
book_document_objective,OBJ-000894,OBJ-000894,,"2920, Last Seed, v8",,book_document,skill_book_title,,,main_route,base_game,skill_book,4,"Hag Rock Redoubt Ruin: Hag Rock Redoubt Ruin (The Reach), over the table",skill_book_copy,selected_default_copy_pending_route_validation,Hag Rock Redoubt Ruin,Hag Rock Redoubt Ruin,Collect selected copy when its route block is safe; read after Scholar's Insight and high-skill timing check.,Y,objective,3,Y,Y,N,Y,Y,N,N,N,Y,book_document_objective_covered,conditional_not_read_if_hag_rock | read_in_guide | same_location_left_unopened,complete | staged_for_scholar_insight | staged_for_scholars_insight_window,"Books, Spells, and Documents | First Brotherhood Contracts And Muiri's Revenge | Markarth Prison Daedric Rites And Reach Redoubts",none,
book_document_objective,OBJ-000895,OBJ-000895,,Legend of Krately House,,book_document,skill_book_title,,,main_route,base_game,skill_book,5,"Black-Briar Lodge: Black-Briar Lodge (Riften), master bedroom",skill_book_copy,selected_default_copy_routed,Potema's Catacombs,Potema's Catacombs,Collect from Potema's boss chest during the level-40 Shield of Solitude section; keep unopened until Scholar's Insight.,Y,objective,4,Y,Y,N,Y,N,N,N,N,N,book_document_objective_covered,nearby_left_for_later | read_in_guide | same_location_left_unopened | selected_copy_secured,complete | staged_for_scholars_insight_read | staged_for_scholars_insight_window,"Bards College Lost Library And Instrument Roads | Books, Spells, and Documents | Potema Shield Of Solitude And Bone Wolf | Security, Shadowmere, And The Brotherhood Endgame",none,
book_document_objective,OBJ-000896,OBJ-000896,,Sacred Witness,,book_document,skill_book_title,,,main_route,base_game,skill_book,5,"Dawnstar Sanctuary: Dawnstar Sanctuary, on a table in the entrance hall",skill_book_copy,selected_default_copy_pending_route_validation,Dawnstar Sanctuary,Dawnstar Sanctuary,Collect selected copy when its route block is safe; read after Scholar's Insight and high-skill timing check.,Y,objective,4,Y,Y,N,Y,Y,N,N,N,Y,book_document_objective_covered,audited_not_routed_here | conditional_not_read_if_deepwood | read_in_guide | same_location_left_unopened,complete | staged_for_scholar_insight | staged_for_scholars_insight_window,"Books, Spells, and Documents | Cicero Aventus And The Sanctuary Door | Markarth Prison Daedric Rites And Reach Redoubts | Security, Shadowmere, And The Brotherhood Endgame",none,
book_document_objective,OBJ-000897,OBJ-000897,,The Red Kitchen Reader,,book_document,skill_book_title,,,main_route,base_game,skill_book,6,"Frostmere Crypt: Frostmere Crypt (The Pale), inside the ruins, on a bookshelf",skill_book_copy,selected_default_copy_pending_route_validation,Frostmere Crypt,Frostmere Crypt,Collect selected copy when its route block is safe; read after Scholar's Insight and high-skill timing check.,Y,objective,4,Y,Y,N,Y,Y,N,N,N,N,book_document_objective_covered,audited_not_read_here | audited_not_routed_here | read_in_guide | same_location_left_unopened,complete | staged_for_scholars_insight_skill_book_window | staged_for_scholars_insight_window | staged_with_reason,"Books, Spells, and Documents | Dawnstar, Pale Blade, And Heljarchen | Nightingale Rewards And The Skeleton Key | Southern Warm Corridor",none,
book_document_objective,OBJ-000898,OBJ-000898,,Three Thieves,,book_document,skill_book_title,,,main_route,base_game,skill_book,5,280 ft SE of Angi's Camp: 280 ft SE of Angi's Camp (Falkreath Hold),skill_book_copy,selected_routed_copy,Apocrypha,"Apocrypha (Dragonborn), Filament and Filigree",Read the Apocrypha copy after Scholar's Insight is active during Black Book: Filament and Filigree.,Y,objective,3,Y,Y,N,Y,N,N,N,N,N,book_document_objective_covered,placed_in_guide | retrospectively_confirmed_read_after_scholars_insight | same_location_left_unopened,complete | staged_for_scholars_insight_window,"Books, Spells, and Documents | Goldenglow Honningbrew Solitude And Snow Veil | Kolbjorn Excavation And Raven Rock West",none,
book_document_objective,OBJ-000899,OBJ-000899,,"2920, Second Seed, v5",,book_document,skill_book_title,,,main_route,base_game,skill_book,5,East of Gjukar's Monument at a Shrine of Zenithar: East of Gjukar's Monument at a Shrine of Zenithar,skill_book_copy,selected_apocrypha_scholar_insight_copy,Apocrypha,The Sallow Regent,Read during the White Ridge/Sallow Regent Lost Knowledge route after Scholar's Insight is active.,Y,objective,3,Y,Y,N,Y,N,N,N,N,N,book_document_objective_covered,placed_in_guide | retrospectively_confirmed_read_after_scholars_insight | western_road_audited_not_routed,complete | staged_for_scholars_insight_window,"Books, Spells, and Documents | Miraak Finale, Lost Knowledge, And Last Black Books | Saadia First Horse And Western Road Support",none,
book_document_objective,OBJ-000900,OBJ-000900,,"A Dance in Fire, v6",,book_document,skill_book_title,,,main_route,base_game,skill_book,5,Dainty Sload: Dainty Sload (Haafingar),skill_book_copy,selected_default_copy_pending_route_validation,Dainty Sload,Dainty Sload,Collect selected copy when its route block is safe; read after Scholar's Insight and high-skill timing check.,Y,objective,5,Y,Y,N,Y,Y,N,N,N,N,book_document_objective_covered,audited_not_read_here | not_read_here | read_in_guide | same_location_left_unopened,complete | staged_for_dainty_sload_selected_copy | staged_for_scholars_insight_window,"Blades Research Blackreach And The Fallen | Books, Spells, and Documents | Cicero Aventus And The Sanctuary Door | Solitude Coast Wild Horse And Wolfskull | Whispers, Solitude Jobs, And The Wedding Assassination",none,
book_document_objective,OBJ-000901,OBJ-000901,,"A Dance in Fire, v7",,book_document,skill_book_title,,,main_route,base_game,skill_book,5,"Outside Angarvunde: Outside Angarvunde, on a table",skill_book_copy,selected_default_copy_pending_route_validation,Outside Angarvunde,Outside Angarvunde,Collect selected copy when its route block is safe; read after Scholar's Insight and high-skill timing check.,Y,objective,2,Y,Y,N,Y,Y,N,N,N,N,book_document_objective_covered,read_in_guide | same_location_left_unopened,complete | staged_for_scholars_insight_window,"Books, Spells, and Documents | Riften Thaneship Frost And Rift Roads",none,
book_document_objective,OBJ-000902,OBJ-000902,,Biography of the Wolf Queen,,book_document,skill_book_title,,,main_route,base_game,skill_book,5,"Blue Palace: Blue Palace (Solitude), Jarl's bedroom",skill_book_copy,selected_default_copy_pending_route_validation,Blue Palace,Blue Palace,Collect selected copy when its route block is safe; read after Scholar's Insight and high-skill timing check.,Y,objective,4,Y,Y,N,Y,Y,N,N,N,N,book_document_objective_covered,not_read_here | read_in_guide | same_location_left_unopened,complete | staged_for_scholar_insight | staged_for_scholars_insight_window,"Books, Spells, and Documents | Goldenglow Honningbrew Solitude And Snow Veil | Markarth Prison Daedric Rites And Reach Redoubts | Peryite's Shrine And Bthardamz",none,
book_document_objective,OBJ-000903,OBJ-000903,,The Buying Game,,book_document,skill_book_title,,,main_route,base_game,skill_book,5,"Bards College: Bards College (Solitude), in one of the classrooms",skill_book_copy,selected_default_copy_pending_route_validation,Bards College,Bards College,Collect selected copy when its route block is safe; read after Scholar's Insight and high-skill timing check.,Y,objective,4,Y,Y,N,Y,Y,N,N,N,N,book_document_objective_covered,read_in_guide | same_location_left_unopened,complete | staged_for_scholars_insight_window,"Bards College Lost Library And Instrument Roads | Books, Spells, and Documents | Goldenglow Honningbrew Solitude And Snow Veil | Peryite's Shrine And Bthardamz",none,
book_document_objective,OBJ-000904,OBJ-000904,,Battle of Sancre Tor,,book_document,skill_book_title,,,main_route,base_game,skill_book,5,"Bleakcoast Cave: Bleakcoast Cave (Winterhold), carried by a dead conjurer (respawn infinitely)",skill_book_copy,selected_default_copy_pending_route_validation,Bleakcoast Cave,Bleakcoast Cave,Collect selected copy when its route block is safe; read after Scholar's Insight and high-skill timing check.,Y,objective,4,Y,Y,N,Y,Y,N,N,N,N,book_document_objective_covered,read_in_guide | redistributed_or_gated | same_location_left_unopened,complete | staged_for_scholars_insight_window | staged_for_selected_copy_later,"Books, Spells, and Documents | Companions Entry | Retrospective redistributed regional sections; no player-facing Location Counter Sweep dump | Riften Thaneship Frost And Rift Roads",none,
book_document_objective,OBJ-000905,OBJ-000905,,King,,book_document,skill_book_title,,,main_route,base_game,skill_book,5,"Bleakwind Bluff: Bleakwind Bluff, next to the cairn",skill_book_copy,selected_default_copy_pending_route_validation,Bleakwind Bluff,Bleakwind Bluff,Collect selected copy when its route block is safe; read after Scholar's Insight and high-skill timing check.,Y,objective,4,Y,Y,N,Y,Y,N,N,N,Y,book_document_objective_covered,branch_location_not_used_for_main | read_in_guide | redistributed_or_gated | same_location_left_unopened,complete | staged_for_scholars_insight_window | staged_for_selected_copy_or_later_review,"Books, Spells, and Documents | Cicero Aventus And The Sanctuary Door | Retrospective redistributed regional sections; no player-facing Location Counter Sweep dump | Security, Shadowmere, And The Brotherhood Endgame",none,
book_document_objective,OBJ-000906,OBJ-000906,,Song Of Hrormir,,book_document,skill_book_title,,,main_route,base_game,skill_book,5,"Abandoned Prison: Abandoned Prison (Eastmarch), in a storage room filled with books and a Master-level chest",skill_book_copy,selected_default_copy_pending_route_validation,Abandoned Prison,Abandoned Prison,Collect selected copy when its route block is safe; read after Scholar's Insight and high-skill timing check.,Y,objective,3,Y,Y,Y,Y,Y,N,N,N,N,book_document_objective_covered,read_in_guide | redistributed_or_gated | same_location_left_unopened,complete | staged_for_selected_copy_later,"Books, Spells, and Documents | Companions Entry | Retrospective redistributed regional sections; no player-facing Location Counter Sweep dump",none,
book_document_objective,OBJ-000907,OBJ-000907,,The Legendary Sancre Tor,,book_document,skill_book_title,,,main_route,base_game,skill_book,5,580 ft ENE of Broken Tower Redoubt: 580 ft ENE of Broken Tower Redoubt (The Reach),skill_book_copy,selected_default_copy_pending_route_validation,580 ft ENE of Broken Tower Redoubt,580 ft ENE of Broken Tower Redoubt,Collect selected copy when its route block is safe; read after Scholar's Insight and high-skill timing check.,Y,objective,4,Y,Y,N,Y,Y,N,N,N,N,book_document_objective_covered,read_in_guide | same_building_left_unopened | same_location_left_unopened,complete | staged_for_scholars_insight_window,"Books, Spells, and Documents | Companions Finale, Totems, And Beast-Blood Preservation | Hircine And Bloated Man's Grotto | Whiterun Property Western Caves Gray-Mane Rescue And Onmund",none,
book_document_objective,OBJ-000908,OBJ-000908,,Words and Philosophy,,book_document,skill_book_title,,,main_route,base_game,skill_book,6,"Geirmund's Hall: Geirmund's Hall (The Rift), in the boss treasure room, on a bookshelf",skill_book_copy,selected_scholar_window_copy,Apocrypha - The Winds of Change,Apocrypha,Read immediately after choosing Scholar's Insight during The Winds of Change.,Y,objective,4,Y,Y,N,Y,N,N,N,N,N,book_document_objective_covered,placed_in_guide | redistributed_or_gated | retrospectively_confirmed_read_after_scholars_insight | same_location_left_unopened,complete | staged_for_scholars_insight_window,"Books, Spells, and Documents | Gauldur Legend Finale | Retrospective redistributed regional sections; no player-facing Location Counter Sweep dump | Solstheim Entry, Raven Rock Core, And Frostmoon Rings",none,
book_document_objective,OBJ-000910,OBJ-000910,,Candlelight,,book_document,spell_tome_title,,,main_route,base_game,spell_tome,11,"Understone Keep: Purchase from Calcelmo in Markarth. Source note: Can be purchased from: Calcelmo, Falion, Farengar Secret-Fire, Madena, Nelacar, Sybille Stentor, Tolfdir, Wuunferth the Unliving, Wylandriah.",spell_tome_source,selected_vendor_source,College of Winterhold,College of Winterhold,Buy during the relevant College/service block if vendor-sourced; otherwise pair with parent quest/location.,Y,objective,1,Y,Y,N,Y,N,Y,N,N,N,book_document_objective_covered,vendor_purchase_check_in_guide,complete_or_all_perks_vendor_return,Tolfdir,none,
book_document_objective,OBJ-000911,OBJ-000911,,Oakflesh,,book_document,spell_tome_title,,,main_route,base_game,spell_tome,12,"Understone Keep: Purchase from Calcelmo in Markarth. Source note: Can be purchased from: Calcelmo, Falion, Farengar Secret-Fire, Madena, Nelacar, Riverwood Trader, Sybille Stentor, Tolfdir, Wuunferth the Unliving, Wylandriah.",spell_tome_source,selected_vendor_source,College of Winterhold,College of Winterhold,Buy during the relevant College/service block if vendor-sourced; otherwise pair with parent quest/location.,Y,objective,2,Y,Y,N,Y,N,Y,N,N,N,book_document_objective_covered,learned_now | vendor_purchase_check_in_guide,complete | complete_or_all_perks_vendor_return,Southern Warm Corridor | Tolfdir,none,
book_document_objective,OBJ-000912,OBJ-000912,,Teleport Pet Mudcrab,,book_document,spell_tome_title,,,main_route,ae_creation,spell_tome,1,Dwarven Armored Mudcrab: Learned when receiving Dwarven Armored Mudcrab as a pet.,spell_tome_source,selected_fixed_or_scripted_source,Dwarven Armored Mudcrab,Dwarven Armored Mudcrab,Buy during the relevant College/service block if vendor-sourced; otherwise pair with parent quest/location.,Y,objective,2,Y,Y,N,Y,N,N,N,N,N,book_document_objective_covered,learned_now | route_source_named_or_already_routed,complete | complete_or_confirmed_in_spell_list,"Books, Spells, and Documents | Markarth Nchuand-Zel And Old Hroldan",none,
book_document_objective,OBJ-000913,OBJ-000913,,Teleport Pet Nix-Hound,,book_document,spell_tome_title,,,main_route,ae_creation,spell_tome,1,Nix-Hound: Learned when receiving Nix-Hound as a pet.,spell_tome_source,selected_fixed_or_scripted_source,Nix-Hound,Nix-Hound,Buy during the relevant College/service block if vendor-sourced; otherwise pair with parent quest/location.,Y,objective,2,Y,Y,N,Y,N,N,N,N,N,book_document_objective_covered,placed_in_guide | route_source_named_or_already_routed,complete | complete_or_confirmed_in_spell_list,"Books, Spells, and Documents | Tel Mithryn, Nchardak, And Kagrumez",none,
book_document_objective,OBJ-000914,OBJ-000914,,Magelight,,book_document,spell_tome_title,,,main_route,base_game,spell_tome,9,"Understone Keep: Purchase from Calcelmo in Markarth. Source note: Can be purchased from: Calcelmo, Falion, Farengar Secret-Fire, Madena, Sybille Stentor, Tolfdir, Wuunferth the Unliving, Wylandriah.",spell_tome_source,selected_vendor_source,College of Winterhold,College of Winterhold,Buy during the relevant College/service block if vendor-sourced; otherwise pair with parent quest/location.,Y,objective,2,Y,Y,N,Y,N,Y,N,N,N,book_document_objective_covered,conditional_test_spell | vendor_purchase_check_in_guide,complete_or_all_perks_vendor_return | conditional_complete_or_staged,"Tolfdir | Winterhold, College Entry, And Saarthal",none,
book_document_objective,OBJ-000915,OBJ-000915,,Stoneflesh,,book_document,spell_tome_title,,,main_route,base_game,spell_tome,9,"Understone Keep: Purchase from Calcelmo in Markarth. Source note: Can be purchased from: Calcelmo, Falion, Farengar Secret-Fire, Madena, Sybille Stentor, Tolfdir, Wuunferth the Unliving, Wylandriah.",spell_tome_source,selected_vendor_source,College of Winterhold,College of Winterhold,Buy during the relevant College/service block if vendor-sourced; otherwise pair with parent quest/location.,Y,objective,1,Y,Y,N,Y,N,Y,N,N,N,book_document_objective_covered,vendor_purchase_check_in_guide,complete_or_all_perks_vendor_return,Tolfdir,none,
book_document_objective,OBJ-000916,OBJ-000916,,Ash Shell,,book_document,spell_tome_title,,,main_route,dragonborn,spell_tome,1,Tel Mithryn: Purchase from Talvas Fathryon at Tel Mithryn. Source note: Can be purchased from Talvas Fathryon after completing the quest From the Ashes.,spell_tome_source,selected_vendor_source,Tel Mithryn,Tel Mithryn,Buy during the relevant College/service block if vendor-sourced; otherwise pair with parent quest/location.,Y,objective,2,Y,Y,N,Y,N,Y,N,N,N,book_document_objective_covered,placed_in_guide | vendor_purchase_check_in_guide,complete | complete_or_all_perks_vendor_return,"Talvas Fathryon | Tel Mithryn, Nchardak, And Kagrumez",none,
book_document_objective,OBJ-000917,OBJ-000917,,Detect Life,,book_document,spell_tome_title,,,main_route,base_game,spell_tome,4,"College of Winterhold: Purchase from Tolfdir at the College of Winterhold. Source note: Can be purchased from: Tolfdir, Wylandriah.",spell_tome_source,selected_vendor_source,College of Winterhold,College of Winterhold,Buy during the relevant College/service block if vendor-sourced; otherwise pair with parent quest/location.,Y,objective,2,Y,Y,N,Y,N,Y,N,N,N,book_document_objective_covered,learned_now | vendor_purchase_check_in_guide,complete | complete_or_all_perks_vendor_return,Riften Thaneship Frost And Rift Roads | Tolfdir,none,
book_document_objective,OBJ-000918,OBJ-000918,,Ironflesh,,book_document,spell_tome_title,,,main_route,base_game,spell_tome,3,"College of Winterhold: Purchase from Tolfdir at the College of Winterhold. Source note: Can be purchased from: Tolfdir, Wylandriah.",spell_tome_source,selected_vendor_source,College of Winterhold,College of Winterhold,Buy during the relevant College/service block if vendor-sourced; otherwise pair with parent quest/location.,Y,objective,1,Y,Y,N,Y,N,Y,N,N,N,book_document_objective_covered,vendor_purchase_check_in_guide,complete_or_all_perks_vendor_return,Tolfdir,none,
book_document_objective,OBJ-000919,OBJ-000919,,Master Transmute,,book_document,spell_tome_title,,,main_route,ae_creation,spell_tome,1,The Warrens: Can be found in the safe in Eslaf's room in The Warrens during or after the quest Fortunate Son.,spell_tome_source,selected_fixed_or_scripted_source_routed,The Warrens,The Warrens,Take and read during the Bittercup Fortunate Son vault route.,Y,objective,2,Y,Y,N,Y,N,N,N,N,N,book_document_objective_covered,placed_in_guide | route_source_named_or_already_routed,complete | complete_or_confirmed_in_spell_list,"Bittercup, The Pit, And Fortunate Son | Books, Spells, and Documents",none,
book_document_objective,OBJ-000920,OBJ-000920,,Paralysis Rune,,book_document,spell_tome_title,,,main_route,ae_creation,spell_tome,3,Hob's Fall Cave: Can be found in Hob's Fall Cave during The Lost Library quest.,spell_tome_source,selected_vendor_source,College of Winterhold,College of Winterhold,Buy during the relevant College/service block if vendor-sourced; otherwise pair with parent quest/location.,Y,objective,2,Y,Y,N,Y,N,Y,N,N,N,book_document_objective_covered,placed_in_guide | vendor_purchase_check_in_guide,complete | complete_or_all_perks_vendor_return,Bards College Lost Library And Instrument Roads | Tolfdir,none,
book_document_objective,OBJ-000921,OBJ-000921,,Telekinesis,,book_document,spell_tome_title,,,main_route,base_game,spell_tome,5,"College of Winterhold: Purchase from Tolfdir at the College of Winterhold. Source note: Can be purchased from: Tolfdir, Wylandriah.",spell_tome_source,selected_fixed_or_scripted_source_routed,Benkongerike Great Hall,Benkongerike Great Hall,Take and read during the Benkongerike/Untold Legends Lost Knowledge route.,Y,objective,3,Y,Y,N,Y,N,N,N,N,N,book_document_objective_covered,held_for_later | placed_in_guide | route_source_named_or_already_routed,complete | complete_or_confirmed_in_spell_list | held_for_spell_source_selection,"Books, Spells, and Documents | Miraak Finale, Lost Knowledge, And Last Black Books | Temple Of Miraak, Skaal, And Stalhrim",none,
book_document_objective,OBJ-000922,OBJ-000922,,Telekinesis Arrows,,book_document,spell_tome_title,,,main_route,ae_creation,spell_tome,1,the Arcanaeum: Can be found in the Arcanaeum.,spell_tome_source,selected_fixed_or_scripted_source,the Arcanaeum,the Arcanaeum,Buy during the relevant College/service block if vendor-sourced; otherwise pair with parent quest/location.,Y,objective,2,Y,Y,N,Y,N,N,N,N,N,book_document_objective_covered,placed_in_guide | route_source_named_or_already_routed,complete | complete_or_confirmed_in_spell_list,"Books, Spells, and Documents | Winterhold, College Entry, And Saarthal",none,
book_document_objective,OBJ-000923,OBJ-000923,,Transmute Mineral Ore,,book_document,spell_tome_title,,,main_route,base_game,spell_tome,2,"Ansilvund Burial Chambers: Can be found in Ansilvund Burial Chambers, Halted Stream Camp.",spell_tome_source,selected_fixed_or_scripted_source,Ansilvund Burial Chambers,Ansilvund Burial Chambers,Buy during the relevant College/service block if vendor-sourced; otherwise pair with parent quest/location.,Y,objective,3,Y,Y,N,Y,N,N,N,N,N,book_document_objective_covered,already_completed_or_fallback | completed_now | route_source_named_or_already_routed,complete | complete_or_confirmed_in_spell_list | complete_prior_or_fallback,"Books, Spells, and Documents | Halted Stream And Silent Moons Level Gate | Windhelm Follow-Up And Eastmarch Roads",none,
book_document_objective,OBJ-000924,OBJ-000924,,Waterbreathing,,book_document,spell_tome_title,,,main_route,base_game,spell_tome,3,"College of Winterhold: Purchase from Tolfdir at the College of Winterhold. Source note: Can be purchased from: Tolfdir, Wylandriah.",spell_tome_source,selected_vendor_source,College of Winterhold,College of Winterhold,Buy during the relevant College/service block if vendor-sourced; otherwise pair with parent quest/location.,Y,objective,1,Y,Y,N,Y,N,Y,N,N,N,book_document_objective_covered,vendor_purchase_check_in_guide,complete_or_all_perks_vendor_return,Tolfdir,none,
book_document_objective,OBJ-000925,OBJ-000925,,Ash Rune,,book_document,spell_tome_title,,,main_route,dragonborn,spell_tome,1,Tel Mithryn: Purchase from Talvas Fathryon at Tel Mithryn. Source note: Can be purchased from Talvas Fathryon after completing the quest From the Ashes.,spell_tome_source,selected_vendor_source,Tel Mithryn,Tel Mithryn,Buy during the relevant College/service block if vendor-sourced; otherwise pair with parent quest/location.,Y,objective,2,Y,Y,N,Y,N,Y,N,N,N,book_document_objective_covered,placed_in_guide | vendor_purchase_check_in_guide,complete | complete_or_all_perks_vendor_return,"Talvas Fathryon | Tel Mithryn, Nchardak, And Kagrumez",none,
book_document_objective,OBJ-000926,OBJ-000926,,Detect Undead,,book_document,spell_tome_title,,,main_route,base_game,spell_tome,3,College of Winterhold: Purchase from Tolfdir at the College of Winterhold. Source note: Can be purchased from: Tolfdir.,spell_tome_source,selected_fixed_or_scripted_source_routed,The Sallow Regent,The Sallow Regent,Take and read during the White Ridge/Sallow Regent Lost Knowledge route.,Y,objective,2,Y,Y,N,Y,N,N,N,N,N,book_document_objective_covered,placed_in_guide | route_source_named_or_already_routed,complete | complete_or_confirmed_in_spell_list,"Books, Spells, and Documents | Miraak Finale, Lost Knowledge, And Last Black Books",none,
book_document_objective,OBJ-000927,OBJ-000927,,Ebonyflesh,,book_document,spell_tome_title,,,main_route,base_game,spell_tome,2,College of Winterhold: Purchase from Tolfdir at the College of Winterhold. Source note: Can be purchased from: Tolfdir.,spell_tome_source,selected_vendor_source,College of Winterhold,College of Winterhold,Buy during the relevant College/service block if vendor-sourced; otherwise pair with parent quest/location.,Y,objective,1,Y,Y,N,Y,N,Y,N,N,N,book_document_objective_covered,vendor_purchase_check_in_guide,complete_or_all_perks_vendor_return,Tolfdir,none,
book_document_objective,OBJ-000928,OBJ-000928,,Paralyze,,book_document,spell_tome_title,,,main_route,base_game,spell_tome,2,College of Winterhold: Purchase from Tolfdir at the College of Winterhold. Source note: Can be purchased from: Tolfdir.,spell_tome_source,selected_vendor_source,College of Winterhold,College of Winterhold,Buy during the relevant College/service block if vendor-sourced; otherwise pair with parent quest/location.,Y,objective,1,Y,Y,N,Y,N,Y,N,N,N,book_document_objective_covered,vendor_purchase_check_in_guide,complete_or_all_perks_vendor_return,Tolfdir,none,
book_document_objective,OBJ-000929,OBJ-000929,,Dragonhide,,book_document,spell_tome_title,,,main_route,base_game,spell_tome,1,Alteration Ritual Spell: Reward for quest Alteration Ritual Spell.,spell_tome_source,selected_fixed_or_scripted_source,Alteration Ritual Spell,Alteration Ritual Spell,Buy during the relevant College/service block if vendor-sourced; otherwise pair with parent quest/location.,Y,objective,2,Y,Y,N,Y,N,Y,N,N,N,book_document_objective_covered,master_spell_reward_or_vendor_completed | staged_for_all_perks_loop,complete_after_ritual_reward_or_vendor_purchase | staged_for_skill_gate,All-Perks Loop | All-perks master ritual gate,none,
book_document_objective,OBJ-000930,OBJ-000930,,Mass Paralysis,,book_document,spell_tome_title,,,main_route,base_game,spell_tome,1,College of Winterhold: Purchase from Tolfdir at the College of Winterhold. Source note: Can be purchased from: Tolfdir (only after Alteration Ritual Spell has been completed).,spell_tome_source,selected_vendor_source,College of Winterhold,College of Winterhold,Buy during the relevant College/service block if vendor-sourced; otherwise pair with parent quest/location.,Y,objective,2,Y,Y,N,Y,N,Y,N,N,N,book_document_objective_covered,master_spell_reward_or_vendor_completed | staged_for_all_perks_loop,complete_after_ritual_reward_or_vendor_purchase | staged_for_skill_gate,All-Perks Loop | All-perks master ritual gate,none,
book_document_objective,OBJ-000931,OBJ-000931,,Equilibrium,,book_document,spell_tome_title,,,main_route,base_game,spell_tome,1,Labyrinthian Chasm: Can be found in Labyrinthian Chasm.,spell_tome_source,selected_fixed_or_scripted_source,Labyrinthian Chasm,Labyrinthian Chasm,Take and read during the Labyrinthian Staff of Magnus route.,Y,objective,2,Y,Y,N,Y,N,N,N,N,N,book_document_objective_covered,placed_in_guide | route_source_named_or_already_routed,complete | complete_or_confirmed_in_spell_list,"Books, Spells, and Documents | Labyrinthian And The Eye Of Magnus",none,
book_document_objective,OBJ-000932,OBJ-000932,,Bound Dagger,,book_document,spell_tome_title,,,main_route,dragonborn,spell_tome,1,Tel Mithryn: Purchase from Talvas Fathryon at Tel Mithryn. Source note: Can be purchased from Talvas Fathryon after completing the quest From the Ashes.,spell_tome_source,selected_vendor_source,Tel Mithryn,Tel Mithryn,Buy during the relevant College/service block if vendor-sourced; otherwise pair with parent quest/location.,Y,objective,2,Y,Y,N,Y,N,Y,N,N,N,book_document_objective_covered,placed_in_guide | vendor_purchase_check_in_guide,complete | complete_or_all_perks_vendor_return,"Talvas Fathryon | Tel Mithryn, Nchardak, And Kagrumez",none,
book_document_objective,OBJ-000933,OBJ-000933,,Bound Sword,,book_document,spell_tome_title,,,main_route,base_game,spell_tome,12,"Understone Keep: Purchase from Calcelmo in Markarth. Source note: Can be purchased from: Calcelmo, Falion, Farengar Secret-Fire, Madena, Nelacar, Phinis Gestor, Sybille Stentor, Wuunferth the Unliving, Wylandriah, Talvas Fathryon.",spell_tome_source,selected_vendor_source,College of Winterhold,College of Winterhold,Buy during the relevant College/service block if vendor-sourced; otherwise pair with parent quest/location.,Y,objective,2,Y,Y,N,Y,N,Y,N,N,N,book_document_objective_covered,learned_now | vendor_purchase_check_in_guide,complete | complete_or_all_perks_vendor_return,Phinis Gestor | Riften Thaneship Frost And Rift Roads,none,
book_document_objective,OBJ-000934,OBJ-000934,,Conjure Familiar,,book_document,spell_tome_title,,,main_route,base_game,spell_tome,12,Character creation / starting spell: Bretons start with this spell.,spell_tome_source,selected_vendor_source,College of Winterhold,College of Winterhold,Buy during the relevant College/service block if vendor-sourced; otherwise pair with parent quest/location.,Y,objective,1,Y,Y,N,Y,N,Y,N,N,N,book_document_objective_covered,vendor_purchase_check_in_guide,complete_or_all_perks_vendor_return,Phinis Gestor,none,
book_document_objective,OBJ-000935,OBJ-000935,,Conjure Skeleton Minion,,book_document,spell_tome_title,,,main_route,ae_creation,spell_tome,2,College of Winterhold: Purchase from Phinis Gestor at the College of Winterhold. Source note: Can be purchased from: Phinis Gestor.,spell_tome_source,selected_vendor_source,College of Winterhold,College of Winterhold,Buy during the relevant College/service block if vendor-sourced; otherwise pair with parent quest/location.,Y,objective,2,Y,Y,N,Y,N,Y,N,N,N,book_document_objective_covered,fort_greymoor_audited_not_routed | vendor_purchase_check_in_guide,complete_or_all_perks_vendor_return | staged_for_later_spell_source_selection,Phinis Gestor | Saadia First Horse And Western Road Support,none,
book_document_objective,OBJ-000936,OBJ-000936,,Conjure Undying Ghost,,book_document,spell_tome_title,,,main_route,ae_creation,spell_tome,2,College of Winterhold: Purchase from Phinis Gestor at the College of Winterhold. Source note: Can be purchased from: Phinis Gestor.,spell_tome_source,selected_vendor_source,College of Winterhold,College of Winterhold,Buy during the relevant College/service block if vendor-sourced; otherwise pair with parent quest/location.,Y,objective,1,Y,Y,N,Y,N,Y,N,N,N,book_document_objective_covered,vendor_purchase_check_in_guide,complete_or_all_perks_vendor_return,Phinis Gestor,none,
book_document_objective,OBJ-000937,OBJ-000937,,Conjure Zombie,,book_document,spell_tome_title,,,main_route,ae_creation,spell_tome,11,"Understone Keep: Purchase from Calcelmo in Markarth. Source note: Can be purchased from: Calcelmo, Falion, Farengar Secret-Fire, Madena, Nelacar, Phinis Gestor, Sybille Stentor, Wuunferth the Unliving, Wylandriah, Talvas Fathryon (only after The Rising Dead has been completed).",spell_tome_source,selected_fixed_location_source,Ritual site north of Southfringe Sanctum,Ritual site southeast of Helgen,Read during early Rising Dead activation after the level 5 Anonymous Letter courier trigger.,Y,objective,2,Y,Y,N,Y,N,N,N,N,N,book_document_objective_covered,placed_in_guide | route_source_named_or_already_routed,complete | complete_or_confirmed_in_spell_list,"Books, Spells, and Documents | Rising Dead Early Activation",none,
book_document_objective,OBJ-000938,OBJ-000938,,Raise Zombie,,book_document,spell_tome_title,,,main_route,base_game,spell_tome,15,"Understone Keep: Purchase from Calcelmo in Markarth. Source note: Can be purchased from: Calcelmo, Falion, Farengar Secret-Fire, Madena, Nelacar, Phinis Gestor, Riverwood Trader, Sybille Stentor, Wuunferth the Unliving, Wylandriah, Talvas Fathryon.",spell_tome_source,selected_vendor_source,College of Winterhold,College of Winterhold,Buy during the relevant College/service block if vendor-sourced; otherwise pair with parent quest/location.,Y,objective,2,Y,Y,N,Y,N,Y,N,N,N,book_document_objective_covered,placed_in_guide | vendor_purchase_check_in_guide,complete | complete_or_all_perks_vendor_return,Bards College Lost Library And Instrument Roads | Phinis Gestor,none,
book_document_objective,OBJ-000939,OBJ-000939,,Bound Battleaxe,,book_document,spell_tome_title,,,main_route,base_game,spell_tome,11,"Understone Keep: Purchase from Calcelmo in Markarth. Source note: Can be purchased from: Calcelmo, Falion, Farengar Secret-Fire, Madena, Nelacar, Phinis Gestor, Sybille Stentor, Wuunferth the Unliving, Wylandriah, Talvas Fathryon.",spell_tome_source,selected_vendor_source,College of Winterhold,College of Winterhold,Buy during the relevant College/service block if vendor-sourced; otherwise pair with parent quest/location.,Y,objective,1,Y,Y,N,Y,N,Y,N,N,N,book_document_objective_covered,vendor_purchase_check_in_guide,complete_or_all_perks_vendor_return,Phinis Gestor,none,
book_document_objective,OBJ-000940,OBJ-000940,,Conjure Boneman,,book_document,spell_tome_title,,,main_route,dawnguard,spell_tome,1,"Soul Cairn: Found in the Soul Cairn in the center of the encircling pathways southwest of Jiub's Opus, Page 9.",spell_tome_source,selected_fixed_or_scripted_source,Soul Cairn,Soul Cairn,Take and read during the Dawnguard Worldspaces Soul Cairn sweep.,Y,objective,2,Y,Y,N,Y,N,N,N,N,N,book_document_objective_covered,placed_in_guide | route_source_named_or_already_routed,complete | complete_or_confirmed_in_spell_list,"Books, Spells, and Documents | Dawnguard Worldspaces",none,
book_document_objective,OBJ-000941,OBJ-000941,,Conjure Flame Atronach,,book_document,spell_tome_title,,,main_route,base_game,spell_tome,13,"Understone Keep: Purchase from Calcelmo in Markarth. Source note: Can be purchased from: Calcelmo, Falion, Farengar Secret-Fire, Madena, Nelacar, Phinis Gestor, Sybille Stentor, Wuunferth the Unliving, Wylandriah, Talvas Fathryon.",spell_tome_source,selected_vendor_source,College of Winterhold,College of Winterhold,Buy during the relevant College/service block if vendor-sourced; otherwise pair with parent quest/location.,Y,objective,2,Y,Y,N,Y,N,Y,N,N,N,book_document_objective_covered,conditional_test_spell | vendor_purchase_check_in_guide,complete_or_all_perks_vendor_return | conditional_complete_or_staged,"Phinis Gestor | Winterhold, College Entry, And Saarthal",none,
book_document_objective,OBJ-000942,OBJ-000942,,Conjure Foul Zombie,,book_document,spell_tome_title,,,main_route,ae_creation,spell_tome,11,"Understone Keep: Purchase from Calcelmo in Markarth. Source note: Can be purchased from: Calcelmo, Falion, Farengar Secret-Fire, Madena, Nelacar, Phinis Gestor, Sybille Stentor, Wuunferth the Unliving, Wylandriah, Talvas Fathryon (only after The Rising Dead has been completed).",spell_tome_source,selected_fixed_location_source,Ritual site north of Southfringe Sanctum,Ritual site southeast of Helgen,Read during early Rising Dead activation after the level 5 Anonymous Letter courier trigger.,Y,objective,2,Y,Y,N,Y,N,N,N,N,N,book_document_objective_covered,placed_in_guide | route_source_named_or_already_routed,complete | complete_or_confirmed_in_spell_list,"Books, Spells, and Documents | Rising Dead Early Activation",none,
book_document_objective,OBJ-000943,OBJ-000943,,Conjure Haunting Spirit,,book_document,spell_tome_title,,,main_route,ae_creation,spell_tome,2,College of Winterhold: Purchase from Phinis Gestor at the College of Winterhold. Source note: Can be purchased from: Phinis Gestor.,spell_tome_source,selected_fixed_location_source,Yngvild,Yngvild,Take and read during Dawnstar Pale Blade And Heljarchen when clearing Yngvild.,Y,objective,2,Y,Y,N,Y,N,N,N,N,N,book_document_objective_covered,placed_in_guide | route_source_named_or_already_routed,complete | complete_or_confirmed_in_spell_list,"Books, Spells, and Documents | Dawnstar, Pale Blade, And Heljarchen",none,
book_document_objective,OBJ-000944,OBJ-000944,,Conjure Skeleton Marksman,,book_document,spell_tome_title,,,main_route,ae_creation,spell_tome,1,College of Winterhold: Purchase from Phinis Gestor at the College of Winterhold. Source note: Can be purchased from: Phinis Gestor.,spell_tome_source,selected_vendor_source,College of Winterhold,College of Winterhold,Buy during the relevant College/service block if vendor-sourced; otherwise pair with parent quest/location.,Y,objective,1,Y,Y,N,Y,N,Y,N,N,N,book_document_objective_covered,vendor_purchase_check_in_guide,complete_or_all_perks_vendor_return,Phinis Gestor,none,
book_document_objective,OBJ-000945,OBJ-000945,,Conjure Flaming Familiar,,book_document,spell_tome_title,,,main_route,base_game,spell_tome,1,A Scroll For Anska: Reward for quest A Scroll For Anska.,spell_tome_source,selected_fixed_or_scripted_source,A Scroll For Anska,A Scroll For Anska,Buy during the relevant College/service block if vendor-sourced; otherwise pair with parent quest/location.,Y,objective,2,Y,Y,N,Y,N,N,N,N,N,book_document_objective_covered,placed_in_guide | route_source_named_or_already_routed,complete | complete_or_confirmed_in_spell_list,"Books, Spells, and Documents | Dawnstar, Pale Blade, And Heljarchen",none,
book_document_objective,OBJ-000946,OBJ-000946,,Reanimate Corpse,,book_document,spell_tome_title,,,main_route,base_game,spell_tome,12,"Understone Keep: Purchase from Calcelmo in Markarth. Source note: Can be purchased from: Calcelmo, Falion, Farengar Secret-Fire, Madena, Nelacar, Phinis Gestor, Sybille Stentor, Wuunferth the Unliving, Wylandriah, Talvas Fathryon.",spell_tome_source,selected_vendor_source,College of Winterhold,College of Winterhold,Buy during the relevant College/service block if vendor-sourced; otherwise pair with parent quest/location.,Y,objective,1,Y,Y,N,Y,N,Y,N,N,N,book_document_objective_covered,vendor_purchase_check_in_guide,complete_or_all_perks_vendor_return,Phinis Gestor,none,
book_document_objective,OBJ-000947,OBJ-000947,,Soul Split,,book_document,spell_tome_title,,,main_route,ae_creation,spell_tome,2,College of Winterhold: Purchase from Phinis Gestor at the College of Winterhold. Source note: Can be purchased from: Phinis Gestor.,spell_tome_source,selected_vendor_source,College of Winterhold,College of Winterhold,Buy during the relevant College/service block if vendor-sourced; otherwise pair with parent quest/location.,Y,objective,1,Y,Y,N,Y,N,Y,N,N,N,book_document_objective_covered,vendor_purchase_check_in_guide,complete_or_all_perks_vendor_return,Phinis Gestor,none,
book_document_objective,OBJ-000948,OBJ-000948,,Soul Trap,,book_document,spell_tome_title,,,main_route,base_game,spell_tome,12,"Understone Keep: Purchase from Calcelmo in Markarth. Source note: Can be purchased from: Calcelmo, Falion, Farengar Secret-Fire, Madena, Nelacar, Phinis Gestor, Sybille Stentor, Wuunferth the Unliving, Wylandriah, Talvas Fathryon.",spell_tome_source,selected_vendor_source,College of Winterhold,College of Winterhold,Buy during the relevant College/service block if vendor-sourced; otherwise pair with parent quest/location.,Y,objective,1,Y,Y,N,Y,N,Y,N,N,N,book_document_objective_covered,vendor_purchase_check_in_guide,complete_or_all_perks_vendor_return,Phinis Gestor,none,
book_document_objective,OBJ-000949,OBJ-000949,,Conjure Daedric Horse,,book_document,spell_tome_title,,,main_route,ae_creation,spell_tome,1,Deadlands: Can be found in: The Deadlands (inside The Punished).,spell_tome_source,selected_fixed_or_scripted_source,Deadlands,Deadlands,Buy during the relevant College/service block if vendor-sourced; otherwise pair with parent quest/location.,Y,objective,2,Y,Y,N,Y,N,N,N,N,N,book_document_objective_covered,placed_in_guide | route_source_named_or_already_routed,complete | complete_or_confirmed_in_spell_list,"Books, Spells, and Documents | High-Risk AE Routes and Separate Worldspaces",none,
book_document_objective,OBJ-000950,OBJ-000950,,Banish Daedra,,book_document,spell_tome_title,,,main_route,base_game,spell_tome,5,"Understone Keep: Purchase from Calcelmo in Markarth. Source note: Can be purchased from: Calcelmo, Falion, Phinis Gestor.",spell_tome_source,selected_vendor_source,College of Winterhold,College of Winterhold,Buy during the relevant College/service block if vendor-sourced; otherwise pair with parent quest/location.,Y,objective,1,Y,Y,N,Y,N,Y,N,N,N,book_document_objective_covered,vendor_purchase_check_in_guide,complete_or_all_perks_vendor_return,Phinis Gestor,none,
book_document_objective,OBJ-000951,OBJ-000951,,Banish Undead,,book_document,spell_tome_title,,,main_route,ae_creation,spell_tome,1,College of Winterhold: Purchase from Phinis Gestor at the College of Winterhold. Source note: Can be purchased from: Phinis Gestor.,spell_tome_source,selected_vendor_source,College of Winterhold,College of Winterhold,Buy during the relevant College/service block if vendor-sourced; otherwise pair with parent quest/location.,Y,objective,1,Y,Y,N,Y,N,Y,N,N,N,book_document_objective_covered,vendor_purchase_check_in_guide,complete_or_all_perks_vendor_return,Phinis Gestor,none,
book_document_objective,OBJ-000952,OBJ-000952,,Bound Bow,,book_document,spell_tome_title,,,main_route,base_game,spell_tome,5,"Understone Keep: Purchase from Calcelmo in Markarth. Source note: Can be purchased from: Calcelmo, Falion, Phinis Gestor.",spell_tome_source,selected_vendor_source,College of Winterhold,College of Winterhold,Buy during the relevant College/service block if vendor-sourced; otherwise pair with parent quest/location.,Y,objective,1,Y,Y,N,Y,N,Y,N,N,N,book_document_objective_covered,vendor_purchase_check_in_guide,complete_or_all_perks_vendor_return,Phinis Gestor,none,
book_document_objective,OBJ-000953,OBJ-000953,,Bound Quiver,,book_document,spell_tome_title,,,main_route,ae_creation,spell_tome,3,"Understone Keep: Purchase from Calcelmo in Markarth. Source note: Can be purchased from: Calcelmo, Falion, Phinis Gestor.",spell_tome_source,selected_vendor_source,College of Winterhold,College of Winterhold,Buy during the relevant College/service block if vendor-sourced; otherwise pair with parent quest/location.,Y,objective,1,Y,Y,N,Y,N,Y,N,N,N,book_document_objective_covered,vendor_purchase_check_in_guide,complete_or_all_perks_vendor_return,Phinis Gestor,none,
book_document_objective,OBJ-000954,OBJ-000954,,Conjure Ash Spawn,,book_document,spell_tome_title,,,main_route,dragonborn,spell_tome,1,Tel Mithryn: Purchase from Talvas Fathryon at Tel Mithryn. Source note: Can be purchased from Talvas Fathryon after completing the quest Telvanni Research.,spell_tome_source,selected_vendor_source,Tel Mithryn,Tel Mithryn,Buy during the relevant College/service block if vendor-sourced; otherwise pair with parent quest/location.,Y,objective,2,Y,Y,N,Y,N,Y,N,N,N,book_document_objective_covered,placed_in_guide | vendor_purchase_check_in_guide,complete | complete_or_all_perks_vendor_return,"Talvas Fathryon | Tel Mithryn, Nchardak, And Kagrumez",none,
book_document_objective,OBJ-000955,OBJ-000955,,Conjure Dark Seducer Archer,,book_document,spell_tome_title,,,main_route,ae_creation,spell_tome,2,Thoron: Carried by Thoron.,spell_tome_source,selected_fixed_or_scripted_source,Thoron,Thoron,Buy during the relevant College/service block if vendor-sourced; otherwise pair with parent quest/location.,Y,objective,1,Y,Y,N,Y,N,N,N,N,N,book_document_objective_covered,route_source_named_or_already_routed,complete_or_confirmed_in_spell_list,"Books, Spells, and Documents",none,
book_document_objective,OBJ-000956,OBJ-000956,,Conjure Dark Seducer Warrior,,book_document,spell_tome_title,,,main_route,ae_creation,spell_tome,2,Thoron: Carried by Thoron.,spell_tome_source,selected_fixed_or_scripted_source,Thoron,Thoron,Buy during the relevant College/service block if vendor-sourced; otherwise pair with parent quest/location.,Y,objective,1,Y,Y,N,Y,N,N,N,N,N,book_document_objective_covered,route_source_named_or_already_routed,complete_or_confirmed_in_spell_list,"Books, Spells, and Documents",none,
book_document_objective,OBJ-000957,OBJ-000957,,Conjure Frost Atronach,,book_document,spell_tome_title,,,main_route,base_game,spell_tome,5,"Understone Keep: Purchase from Calcelmo in Markarth. Source note: Can be purchased from: Calcelmo, Falion, Phinis Gestor.",spell_tome_source,selected_vendor_source,College of Winterhold,College of Winterhold,Buy during the relevant College/service block if vendor-sourced; otherwise pair with parent quest/location.,Y,objective,1,Y,Y,N,Y,N,Y,N,N,N,book_document_objective_covered,vendor_purchase_check_in_guide,complete_or_all_perks_vendor_return,Phinis Gestor,none,
book_document_objective,OBJ-000958,OBJ-000958,,Conjure Golden Saint Archer,,book_document,spell_tome_title,,,main_route,ae_creation,spell_tome,2,Thoron: Carried by Thoron.,spell_tome_source,selected_fixed_or_scripted_source,Thoron,Thoron,Buy during the relevant College/service block if vendor-sourced; otherwise pair with parent quest/location.,Y,objective,1,Y,Y,N,Y,N,N,N,N,N,book_document_objective_covered,route_source_named_or_already_routed,complete_or_confirmed_in_spell_list,"Books, Spells, and Documents",none,
book_document_objective,OBJ-000959,OBJ-000959,,Conjure Golden Saint Warrior,,book_document,spell_tome_title,,,main_route,ae_creation,spell_tome,2,Thoron: Carried by Thoron.,spell_tome_source,selected_fixed_or_scripted_source,Thoron,Thoron,Buy during the relevant College/service block if vendor-sourced; otherwise pair with parent quest/location.,Y,objective,1,Y,Y,N,Y,N,N,N,N,N,book_document_objective_covered,route_source_named_or_already_routed,complete_or_confirmed_in_spell_list,"Books, Spells, and Documents",none,
book_document_objective,OBJ-000960,OBJ-000960,,Conjure Mistman,,book_document,spell_tome_title,,,main_route,dawnguard,spell_tome,1,"Soul Cairn: Found in the Soul Cairn next to Jiub's Opus, Page 7.",spell_tome_source,selected_fixed_or_scripted_source,Soul Cairn,Soul Cairn,Take and read during the Dawnguard Worldspaces Soul Cairn sweep.,Y,objective,2,Y,Y,N,Y,N,N,N,N,N,book_document_objective_covered,placed_in_guide | route_source_named_or_already_routed,complete | complete_or_confirmed_in_spell_list,"Books, Spells, and Documents | Dawnguard Worldspaces",none,
book_document_objective,OBJ-000961,OBJ-000961,,Conjure Putrid Zombie,,book_document,spell_tome_title,,,main_route,ae_creation,spell_tome,4,"Understone Keep: Purchase from Calcelmo in Markarth. Source note: Can be purchased from: Calcelmo, Falion, Phinis Gestor (only after The Rising Dead has been completed).",spell_tome_source,selected_fixed_location_source,Ritual site north of Southfringe Sanctum,Ritual site southeast of Helgen,Read during early Rising Dead activation after the level 5 Anonymous Letter courier trigger.,Y,objective,2,Y,Y,N,Y,N,N,N,N,N,book_document_objective_covered,placed_in_guide | route_source_named_or_already_routed,complete | complete_or_confirmed_in_spell_list,"Books, Spells, and Documents | Rising Dead Early Activation",none,
book_document_objective,OBJ-000962,OBJ-000962,,Conjure Seeker,,book_document,spell_tome_title,,,main_route,dragonborn,spell_tome,2,"Apocrypha: If your Conjuration skill is 40 or higher, the spell tome may be found in Apocrypha when reading any of the Black Books.",spell_tome_source,selected_fixed_or_scripted_source,Apocrypha,Epistolary Acumen Chapter III,Read during the Tel Mithryn/Nchardak section when the route reaches the fixed Epistolary Acumen platform.,Y,objective,2,Y,Y,N,Y,N,N,N,N,N,book_document_objective_covered,placed_in_guide | route_source_named_or_already_routed,complete | complete_or_confirmed_in_spell_list,"Books, Spells, and Documents | Tel Mithryn, Nchardak, And Kagrumez",none,
book_document_objective,OBJ-000963,OBJ-000963,,Conjure Skeleton Champion,,book_document,spell_tome_title,,,main_route,ae_creation,spell_tome,1,College of Winterhold: Purchase from Phinis Gestor at the College of Winterhold. Source note: Can be purchased from: Phinis Gestor.,spell_tome_source,selected_vendor_source,College of Winterhold,College of Winterhold,Buy during the relevant College/service block if vendor-sourced; otherwise pair with parent quest/location.,Y,objective,1,Y,Y,N,Y,N,Y,N,N,N,book_document_objective_covered,vendor_purchase_check_in_guide,complete_or_all_perks_vendor_return,Phinis Gestor,none,
book_document_objective,OBJ-000964,OBJ-000964,,Conjure Tomb Guardian,,book_document,spell_tome_title,,,main_route,ae_creation,spell_tome,1,College of Winterhold: Purchase from Phinis Gestor at the College of Winterhold. Source note: Can be purchased from: Phinis Gestor.,spell_tome_source,selected_vendor_source,College of Winterhold,College of Winterhold,Buy during the relevant College/service block if vendor-sourced; otherwise pair with parent quest/location.,Y,objective,1,Y,Y,N,Y,N,Y,N,N,N,book_document_objective_covered,vendor_purchase_check_in_guide,complete_or_all_perks_vendor_return,Phinis Gestor,none,
book_document_objective,OBJ-000965,OBJ-000965,,Necromancer's Ritual,,book_document,spell_tome_title,,,main_route,ae_creation,spell_tome,2,College of Winterhold: Purchase from Phinis Gestor at the College of Winterhold. Source note: Can be purchased from: Phinis Gestor.,spell_tome_source,selected_vendor_source,College of Winterhold,College of Winterhold,Buy during the relevant College/service block if vendor-sourced; otherwise pair with parent quest/location.,Y,objective,2,Y,Y,N,Y,N,Y,N,N,N,book_document_objective_covered,placed_in_guide | vendor_purchase_check_in_guide,complete | complete_or_all_perks_vendor_return,Phinis Gestor | Solitude Coast Wild Horse And Wolfskull,none,
book_document_objective,OBJ-000966,OBJ-000966,,Revenant,,book_document,spell_tome_title,,,main_route,base_game,spell_tome,4,"Understone Keep: Purchase from Calcelmo in Markarth. Source note: Can be purchased from: Calcelmo, Falion, Phinis Gestor.",spell_tome_source,selected_vendor_source,College of Winterhold,College of Winterhold,Buy during the relevant College/service block if vendor-sourced; otherwise pair with parent quest/location.,Y,objective,1,Y,Y,N,Y,N,Y,N,N,N,book_document_objective_covered,vendor_purchase_check_in_guide,complete_or_all_perks_vendor_return,Phinis Gestor,none,
book_document_objective,OBJ-000967,OBJ-000967,,Conjure Ash Guardian,,book_document,spell_tome_title,,,main_route,dragonborn,spell_tome,2,Tel Mithryn: Purchase from Talvas Fathryon at Tel Mithryn. Source note: Can be purchased from: Talvas Fathryon after completing the quest From the Ashes.,spell_tome_source,selected_reward_or_vendor_source,Tel Mithryn,From the Ashes,Acquire during the Tel Mithryn route immediately after From the Ashes.,Y,objective,2,Y,Y,N,Y,N,N,N,N,N,book_document_objective_covered,placed_in_guide | route_source_named_or_already_routed,complete | complete_or_confirmed_in_spell_list,"Books, Spells, and Documents | Tel Mithryn, Nchardak, And Kagrumez",none,
book_document_objective,OBJ-000968,OBJ-000968,,Command Daedra,,book_document,spell_tome_title,,,main_route,base_game,spell_tome,2,College of Winterhold: Purchase from Phinis Gestor at the College of Winterhold. Source note: Can be purchased from: Phinis Gestor.,spell_tome_source,selected_vendor_source,College of Winterhold,College of Winterhold,Buy during the relevant College/service block if vendor-sourced; otherwise pair with parent quest/location.,Y,objective,1,Y,Y,N,Y,N,Y,N,N,N,book_document_objective_covered,vendor_purchase_check_in_guide,complete_or_all_perks_vendor_return,Phinis Gestor,none,
book_document_objective,OBJ-000969,OBJ-000969,,Conjure Ayleid Lich,,book_document,spell_tome_title,,,main_route,ae_creation,spell_tome,1,Atronach Forge: Can be created at the Atronach Forge.,spell_tome_source,selected_fixed_or_scripted_source,Atronach Forge,Atronach Forge,Buy during the relevant College/service block if vendor-sourced; otherwise pair with parent quest/location.,Y,objective,2,Y,Y,N,Y,N,N,N,N,N,book_document_objective_covered,placed_in_guide | route_source_named_or_already_routed,complete | complete_or_confirmed_in_spell_list,"Books, Spells, and Documents | Saints, Seducers, and Atronach Forge Tomes",none,
book_document_objective,OBJ-000970,OBJ-000970,,Conjure Cursed Spectre,,book_document,spell_tome_title,,,main_route,ae_creation,spell_tome,1,College of Winterhold: Purchase from Phinis Gestor at the College of Winterhold. Source note: Can be purchased from: Phinis Gestor.,spell_tome_source,selected_vendor_source,College of Winterhold,College of Winterhold,Buy during the relevant College/service block if vendor-sourced; otherwise pair with parent quest/location.,Y,objective,1,Y,Y,N,Y,N,Y,N,N,N,book_document_objective_covered,vendor_purchase_check_in_guide,complete_or_all_perks_vendor_return,Phinis Gestor,none,
book_document_objective,OBJ-000971,OBJ-000971,,Conjure Dremora Lord,,book_document,spell_tome_title,,,main_route,base_game,spell_tome,2,College of Winterhold: Purchase from Phinis Gestor at the College of Winterhold. Source note: Can be purchased from: Phinis Gestor.,spell_tome_source,selected_vendor_source,College of Winterhold,College of Winterhold,Buy during the relevant College/service block if vendor-sourced; otherwise pair with parent quest/location.,Y,objective,1,Y,Y,N,Y,N,Y,N,N,N,book_document_objective_covered,vendor_purchase_check_in_guide,complete_or_all_perks_vendor_return,Phinis Gestor,none,
book_document_objective,OBJ-000972,OBJ-000972,,Conjure Malignant Zombie,,book_document,spell_tome_title,,,main_route,ae_creation,spell_tome,2,College of Winterhold: Purchase from Phinis Gestor at the College of Winterhold. Source note: Can be purchased from: Phinis Gestor (only after Conjuration Ritual Spell and The Rising Dead have been completed).,spell_tome_source,selected_fixed_location_source,Ritual site north of Southfringe Sanctum,Ritual site southeast of Helgen,Read during early Rising Dead activation after the level 5 Anonymous Letter courier trigger.,Y,objective,2,Y,Y,N,Y,N,Y,N,N,N,book_document_objective_covered,placed_in_guide | route_source_named_or_already_routed,complete | complete_or_confirmed_in_spell_list,"Books, Spells, and Documents | Rising Dead Early Activation",none,
book_document_objective,OBJ-000973,OBJ-000973,,Conjure Skeleton Warlock,,book_document,spell_tome_title,,,main_route,ae_creation,spell_tome,1,College of Winterhold: Purchase from Phinis Gestor at the College of Winterhold. Source note: Can be purchased from: Phinis Gestor.,spell_tome_source,selected_vendor_source,College of Winterhold,College of Winterhold,Buy during the relevant College/service block if vendor-sourced; otherwise pair with parent quest/location.,Y,objective,1,Y,Y,N,Y,N,Y,N,N,N,book_document_objective_covered,vendor_purchase_check_in_guide,complete_or_all_perks_vendor_return,Phinis Gestor,none,
book_document_objective,OBJ-000974,OBJ-000974,,Conjure Storm Atronach,,book_document,spell_tome_title,,,main_route,base_game,spell_tome,3,College of Winterhold: Purchase from Phinis Gestor at the College of Winterhold. Source note: Can be purchased from: Phinis Gestor.,spell_tome_source,selected_vendor_source,College of Winterhold,College of Winterhold,Buy during the relevant College/service block if vendor-sourced; otherwise pair with parent quest/location.,Y,objective,1,Y,Y,N,Y,N,Y,N,N,N,book_document_objective_covered,vendor_purchase_check_in_guide,complete_or_all_perks_vendor_return,Phinis Gestor,none,
book_document_objective,OBJ-000975,OBJ-000975,,Conjure Wrathman,,book_document,spell_tome_title,,,main_route,dawnguard,spell_tome,1,"Soul Cairn: Found in the Soul Cairn in a building due south of Jiub's Opus, Page 5.",spell_tome_source,selected_fixed_or_scripted_source,Soul Cairn,Soul Cairn,Take and read during the Dawnguard Worldspaces Soul Cairn sweep.,Y,objective,2,Y,Y,N,Y,N,N,N,N,N,book_document_objective_covered,placed_in_guide | route_source_named_or_already_routed,complete | complete_or_confirmed_in_spell_list,"Books, Spells, and Documents | Dawnguard Worldspaces",none,
book_document_objective,OBJ-000976,OBJ-000976,,Dread Zombie,,book_document,spell_tome_title,,,main_route,base_game,spell_tome,2,College of Winterhold: Purchase from Phinis Gestor at the College of Winterhold. Source note: Can be purchased from: Phinis Gestor.,spell_tome_source,selected_vendor_source,College of Winterhold,College of Winterhold,Buy during the relevant College/service block if vendor-sourced; otherwise pair with parent quest/location.,Y,objective,1,Y,Y,N,Y,N,Y,N,N,N,book_document_objective_covered,vendor_purchase_check_in_guide,complete_or_all_perks_vendor_return,Phinis Gestor,none,
book_document_objective,OBJ-000977,OBJ-000977,,Expel Daedra,,book_document,spell_tome_title,,,main_route,base_game,spell_tome,2,College of Winterhold: Purchase from Phinis Gestor at the College of Winterhold. Source note: Can be purchased from: Phinis Gestor.,spell_tome_source,selected_vendor_source,College of Winterhold,College of Winterhold,Buy during the relevant College/service block if vendor-sourced; otherwise pair with parent quest/location.,Y,objective,1,Y,Y,N,Y,N,Y,N,N,N,book_document_objective_covered,vendor_purchase_check_in_guide,complete_or_all_perks_vendor_return,Phinis Gestor,none,
book_document_objective,OBJ-000978,OBJ-000978,,Pride of Hirstaang,,book_document,spell_tome_title,,,main_route,ae_creation,spell_tome,2,Hob's Fall Cave: Can be found in Hob's Fall Cave during The Lost Library quest.,spell_tome_source,selected_vendor_source,College of Winterhold,College of Winterhold,Buy during the relevant College/service block if vendor-sourced; otherwise pair with parent quest/location.,Y,objective,2,Y,Y,N,Y,N,Y,N,N,N,book_document_objective_covered,placed_in_guide | vendor_purchase_check_in_guide,complete | complete_or_all_perks_vendor_return,Bards College Lost Library And Instrument Roads | Phinis Gestor,none,
book_document_objective,OBJ-000979,OBJ-000979,,Conjure Ancient Deathpriest,,book_document,spell_tome_title,,,main_route,ae_creation,spell_tome,1,College of Winterhold: Purchase from Phinis Gestor at the College of Winterhold. Source note: Can be purchased from: Phinis Gestor.,spell_tome_source,selected_vendor_source,College of Winterhold,College of Winterhold,Buy during the relevant College/service block if vendor-sourced; otherwise pair with parent quest/location.,Y,objective,1,Y,Y,N,Y,N,Y,N,N,N,book_document_objective_covered,vendor_purchase_check_in_guide,complete_or_all_perks_vendor_return,Phinis Gestor,none,
book_document_objective,OBJ-000980,OBJ-000980,,Conjure Bone Colossus,,book_document,spell_tome_title,,,main_route,ae_creation,spell_tome,1,College of Winterhold: Purchase from Phinis Gestor at the College of Winterhold. Source note: Can be purchased from: Phinis Gestor.,spell_tome_source,selected_vendor_source,College of Winterhold,College of Winterhold,Buy during the relevant College/service block if vendor-sourced; otherwise pair with parent quest/location.,Y,objective,1,Y,Y,N,Y,N,Y,N,N,N,book_document_objective_covered,vendor_purchase_check_in_guide,complete_or_all_perks_vendor_return,Phinis Gestor,none,
book_document_objective,OBJ-000981,OBJ-000981,,Conjure Staada,,book_document,spell_tome_title,,,main_route,ae_creation,spell_tome,1,Atronach Forge: Can be created at the Atronach Forge.,spell_tome_source,selected_fixed_or_scripted_source,Atronach Forge,Atronach Forge,Buy during the relevant College/service block if vendor-sourced; otherwise pair with parent quest/location.,Y,objective,2,Y,Y,N,Y,N,N,N,N,N,book_document_objective_covered,placed_in_guide | route_source_named_or_already_routed,complete | complete_or_confirmed_in_spell_list,"Books, Spells, and Documents | Saints, Seducers, and Atronach Forge Tomes",none,
book_document_objective,OBJ-000982,OBJ-000982,,Flame Thrall,,book_document,spell_tome_title,,,main_route,base_game,spell_tome,2,Conjuration Ritual Spell: Reward for quest Conjuration Ritual Spell.,spell_tome_source,selected_fixed_or_scripted_source_routed,Apocrypha - The Sallow Regent,Apocrypha - The Sallow Regent,Take and read during the White Ridge/Sallow Regent Lost Knowledge route.,Y,objective,3,Y,Y,N,Y,N,Y,N,N,N,book_document_objective_covered,master_spell_reward_or_vendor_completed | placed_in_guide | route_source_named_or_already_routed,complete | complete_after_ritual_reward_or_vendor_purchase | complete_or_confirmed_in_spell_list,"All-Perks Loop | Books, Spells, and Documents | Miraak Finale, Lost Knowledge, And Last Black Books",none,
book_document_objective,OBJ-000983,OBJ-000983,,Dead Thrall,,book_document,spell_tome_title,,,main_route,base_game,spell_tome,1,College of Winterhold: Purchase from Phinis Gestor at the College of Winterhold. Source note: Can be purchased from: Phinis Gestor (only after Conjuration Ritual Spell has been completed).,spell_tome_source,selected_vendor_source,College of Winterhold,College of Winterhold,Buy during the relevant College/service block if vendor-sourced; otherwise pair with parent quest/location.,Y,objective,2,Y,Y,N,Y,N,Y,N,N,N,book_document_objective_covered,master_spell_reward_or_vendor_completed | staged_for_all_perks_loop,complete_after_ritual_reward_or_vendor_purchase | staged_for_skill_gate,All-Perks Loop | All-perks master ritual gate,none,
book_document_objective,OBJ-000984,OBJ-000984,,Frost Thrall,,book_document,spell_tome_title,,,main_route,base_game,spell_tome,1,College of Winterhold: Purchase from Phinis Gestor at the College of Winterhold. Source note: Can be purchased from: Phinis Gestor (only after Conjuration Ritual Spell has been completed).,spell_tome_source,selected_vendor_source,College of Winterhold,College of Winterhold,Buy during the relevant College/service block if vendor-sourced; otherwise pair with parent quest/location.,Y,objective,2,Y,Y,N,Y,N,Y,N,N,N,book_document_objective_covered,master_spell_reward_or_vendor_completed | staged_for_all_perks_loop,complete_after_ritual_reward_or_vendor_purchase | staged_for_skill_gate,All-Perks Loop | All-perks master ritual gate,none,
book_document_objective,OBJ-000985,OBJ-000985,,Storm Thrall,,book_document,spell_tome_title,,,main_route,base_game,spell_tome,1,College of Winterhold: Purchase from Phinis Gestor at the College of Winterhold. Source note: Can be purchased from: Phinis Gestor (only after Conjuration Ritual Spell has been completed).,spell_tome_source,selected_vendor_source,College of Winterhold,College of Winterhold,Buy during the relevant College/service block if vendor-sourced; otherwise pair with parent quest/location.,Y,objective,2,Y,Y,N,Y,N,Y,N,N,N,book_document_objective_covered,master_spell_reward_or_vendor_completed | staged_for_all_perks_loop,complete_after_ritual_reward_or_vendor_purchase | staged_for_skill_gate,All-Perks Loop | All-perks master ritual gate,none,
book_document_objective,OBJ-000986,OBJ-000986,,Choking Grasp,,book_document,spell_tome_title,,,main_route,ae_creation,spell_tome,11,Hob's Fall Cave: Can be found in Hob's Fall Cave during The Lost Library quest.,spell_tome_source,selected_vendor_source,College of Winterhold,College of Winterhold,Buy during the relevant College/service block if vendor-sourced; otherwise pair with parent quest/location.,Y,objective,2,Y,Y,N,Y,N,Y,N,N,N,book_document_objective_covered,placed_in_guide | vendor_purchase_check_in_guide,complete | complete_or_all_perks_vendor_return,Bards College Lost Library And Instrument Roads | Faralda,none,
book_document_objective,OBJ-000987,OBJ-000987,,Elemental Flare,,book_document,spell_tome_title,,,main_route,ae_creation,spell_tome,11,Hob's Fall Cave: Can be found in Hob's Fall Cave during The Lost Library quest.,spell_tome_source,selected_vendor_source,College of Winterhold,College of Winterhold,Buy during the relevant College/service block if vendor-sourced; otherwise pair with parent quest/location.,Y,objective,2,Y,Y,N,Y,N,Y,N,N,N,book_document_objective_covered,placed_in_guide | vendor_purchase_check_in_guide,complete | complete_or_all_perks_vendor_return,Bards College Lost Library And Instrument Roads | Faralda,none,
book_document_objective,OBJ-000988,OBJ-000988,,Flames,,book_document,spell_tome_title,,,main_route,base_game,spell_tome,17,Character creation / starting spell: All players start with this spell.,spell_tome_source,selected_fixed_location_source,Mzulft Aedrome,Mzulft Aedrome,"Take the fixed Mzulft Aedrome tome during the Oculory puzzle; the Flames spell is already known from character creation, and the tome satisfies the spell-tome/book row.",Y,objective,3,Y,Y,N,Y,N,N,N,N,N,book_document_objective_covered,audited_not_learned_here | placed_in_guide | route_source_named_or_already_routed,complete | complete_or_confirmed_in_spell_list | source_selection_not_here,"Arkngthamz And The First Aetherium Shards | Books, Spells, and Documents | Mzulft And The Winterhold Crisis",none,
book_document_objective,OBJ-000989,OBJ-000989,,Frostbite,,book_document,spell_tome_title,,,main_route,base_game,spell_tome,16,"Understone Keep: Purchase from Calcelmo in Markarth. Source note: Can be purchased from: Calcelmo, Enthir, Falion, Faralda, Farengar Secret-Fire, Madena, Nelacar, Riverwood Trader, Sybille Stentor, Wuunferth the Unliving, Wylandriah, Talvas Fathryon.",spell_tome_source,selected_fixed_location_source,Mzulft Aedrome,Mzulft Aedrome,"Take and read the fixed Mzulft Aedrome tome during the Oculory puzzle if Frostbite is not already known; if learned earlier, take the tome and mark only the spell-tome/book row.",Y,objective,4,Y,Y,N,Y,N,N,N,N,N,book_document_objective_covered,audited_not_learned_here | conditional_learned_if_serpent_and_not_known | placed_in_guide | route_source_named_or_already_routed,complete_or_already_known | complete_or_confirmed_in_spell_list | conditional_complete | source_selection_not_here,"Arkngthamz And The First Aetherium Shards | Books, Spells, and Documents | Markarth Prison Daedric Rites And Reach Redoubts | Mzulft And The Winterhold Crisis",none,
book_document_objective,OBJ-000990,OBJ-000990,,Sparks,,book_document,spell_tome_title,,,main_route,base_game,spell_tome,15,Character creation / starting spell: Dunmer start with this spell.,spell_tome_source,selected_fixed_location_source,Fellglow Keep,Fellglow Keep,Take and read during Fellglow Keep And Good Intentions when the route passes the fixed tome.,Y,objective,2,Y,Y,N,Y,N,N,N,N,N,book_document_objective_covered,placed_in_guide | route_source_named_or_already_routed,complete | complete_or_confirmed_in_spell_list,"Books, Spells, and Documents | Fellglow Keep And Good Intentions",none,
book_document_objective,OBJ-000991,OBJ-000991,,Elemental Bolt,,book_document,spell_tome_title,,,main_route,ae_creation,spell_tome,11,Hob's Fall Cave: Can be found in Hob's Fall Cave during The Lost Library quest.,spell_tome_source,selected_vendor_source,College of Winterhold,College of Winterhold,Buy during the relevant College/service block if vendor-sourced; otherwise pair with parent quest/location.,Y,objective,2,Y,Y,N,Y,N,Y,N,N,N,book_document_objective_covered,placed_in_guide | vendor_purchase_check_in_guide,complete | complete_or_all_perks_vendor_return,Bards College Lost Library And Instrument Roads | Faralda,none,
book_document_objective,OBJ-000992,OBJ-000992,,Fire Rune,,book_document,spell_tome_title,,,main_route,base_game,spell_tome,11,"Understone Keep: Purchase from Calcelmo in Markarth. Source note: Can be purchased from: Calcelmo, Enthir, Falion, Faralda, Farengar Secret-Fire, Madena, Sybille Stentor, Wuunferth the Unliving, Wylandriah, Talvas Fathryon.",spell_tome_source,selected_vendor_source,College of Winterhold,College of Winterhold,Buy during the relevant College/service block if vendor-sourced; otherwise pair with parent quest/location.,Y,objective,1,Y,Y,N,Y,N,Y,N,N,N,book_document_objective_covered,vendor_purchase_check_in_guide,complete_or_all_perks_vendor_return,Faralda,none,
book_document_objective,OBJ-000993,OBJ-000993,,Firebolt,,book_document,spell_tome_title,,,main_route,base_game,spell_tome,11,"Understone Keep: Purchase from Calcelmo in Markarth. Source note: Can be purchased from: Calcelmo, Enthir, Falion, Faralda, Farengar Secret-Fire, Madena, Sybille Stentor, Wuunferth the Unliving, Wylandriah, Talvas Fathryon.",spell_tome_source,selected_vendor_source,College of Winterhold,College of Winterhold,Buy during the relevant College/service block if vendor-sourced; otherwise pair with parent quest/location.,Y,objective,2,Y,Y,N,Y,N,Y,N,N,N,book_document_objective_covered,conditional_test_spell | vendor_purchase_check_in_guide,complete_or_all_perks_vendor_return | conditional_complete_or_staged,"Faralda | Winterhold, College Entry, And Saarthal",none,
book_document_objective,OBJ-000994,OBJ-000994,,Frost Rune,,book_document,spell_tome_title,,,main_route,base_game,spell_tome,11,"Understone Keep: Purchase from Calcelmo in Markarth. Source note: Can be purchased from: Calcelmo, Enthir, Falion, Faralda, Farengar Secret-Fire, Madena, Sybille Stentor, Wuunferth the Unliving, Wylandriah, Talvas Fathryon.",spell_tome_source,selected_vendor_source,College of Winterhold,College of Winterhold,Buy during the relevant College/service block if vendor-sourced; otherwise pair with parent quest/location.,Y,objective,1,Y,Y,N,Y,N,Y,N,N,N,book_document_objective_covered,vendor_purchase_check_in_guide,complete_or_all_perks_vendor_return,Faralda,none,
book_document_objective,OBJ-000995,OBJ-000995,,Ice Spike,,book_document,spell_tome_title,,,main_route,base_game,spell_tome,12,"Understone Keep: Purchase from Calcelmo in Markarth. Source note: Can be purchased from: Calcelmo, Enthir, Falion, Faralda, Farengar Secret-Fire, Madena, Sybille Stentor, Wuunferth the Unliving, Wylandriah, Talvas Fathryon.",spell_tome_source,selected_fixed_quest_source,Raven Rock Mine,Raven Rock Mine,Read from the fixed Raven Rock Mine source during The Final Descent.,Y,objective,2,Y,Y,N,Y,N,N,N,N,N,book_document_objective_covered,placed_in_guide | route_source_named_or_already_routed,complete | complete_or_confirmed_in_spell_list,"Books, Spells, and Documents | Solstheim Entry, Raven Rock Core, And Frostmoon Rings",none,
book_document_objective,OBJ-000996,OBJ-000996,,Lightning Bolt,,book_document,spell_tome_title,,,main_route,base_game,spell_tome,11,"Understone Keep: Purchase from Calcelmo in Markarth. Source note: Can be purchased from: Calcelmo, Enthir, Falion, Faralda, Farengar Secret-Fire, Madena, Sybille Stentor, Wuunferth the Unliving, Wylandriah, Talvas Fathryon.",spell_tome_source,selected_vendor_source,College of Winterhold,College of Winterhold,Buy during the relevant College/service block if vendor-sourced; otherwise pair with parent quest/location.,Y,objective,1,Y,Y,N,Y,N,Y,N,N,N,book_document_objective_covered,vendor_purchase_check_in_guide,complete_or_all_perks_vendor_return,Faralda,none,
book_document_objective,OBJ-000997,OBJ-000997,,Lightning Rune,,book_document,spell_tome_title,,,main_route,base_game,spell_tome,11,"Understone Keep: Purchase from Calcelmo in Markarth. Source note: Can be purchased from: Calcelmo, Enthir, Falion, Faralda, Farengar Secret-Fire, Madena, Sybille Stentor, Wuunferth the Unliving, Wylandriah, Talvas Fathryon.",spell_tome_source,selected_vendor_source,College of Winterhold,College of Winterhold,Buy during the relevant College/service block if vendor-sourced; otherwise pair with parent quest/location.,Y,objective,1,Y,Y,N,Y,N,Y,N,N,N,book_document_objective_covered,vendor_purchase_check_in_guide,complete_or_all_perks_vendor_return,Faralda,none,
book_document_objective,OBJ-000998,OBJ-000998,,Strangulation,,book_document,spell_tome_title,,,main_route,ae_creation,spell_tome,11,Hob's Fall Cave: Can be found in Hob's Fall Cave during The Lost Library quest.,spell_tome_source,selected_vendor_source,College of Winterhold,College of Winterhold,Buy during the relevant College/service block if vendor-sourced; otherwise pair with parent quest/location.,Y,objective,2,Y,Y,N,Y,N,Y,N,N,N,book_document_objective_covered,placed_in_guide | vendor_purchase_check_in_guide,complete | complete_or_all_perks_vendor_return,Bards College Lost Library And Instrument Roads | Faralda,none,
book_document_objective,OBJ-000999,OBJ-000999,,Chain Lightning,,book_document,spell_tome_title,,,main_route,base_game,spell_tome,7,"College of Winterhold: Purchase from Enthir at the College of Winterhold. Source note: Can be purchased from: Enthir, Faralda, Farengar Secret-Fire, Madena, Wuunferth the Unliving, Talvas Fathryon.",spell_tome_source,selected_vendor_source,College of Winterhold,College of Winterhold,Buy during the relevant College/service block if vendor-sourced; otherwise pair with parent quest/location.,Y,objective,1,Y,Y,N,Y,N,Y,N,N,N,book_document_objective_covered,vendor_purchase_check_in_guide,complete_or_all_perks_vendor_return,Faralda,none,
book_document_objective,OBJ-001000,OBJ-001000,,Elemental Burst,,book_document,spell_tome_title,,,main_route,ae_creation,spell_tome,7,Hob's Fall Cave: Can be found in Hob's Fall Cave during The Lost Library quest.,spell_tome_source,selected_vendor_source,College of Winterhold,College of Winterhold,Buy during the relevant College/service block if vendor-sourced; otherwise pair with parent quest/location.,Y,objective,2,Y,Y,N,Y,N,Y,N,N,N,book_document_objective_covered,placed_in_guide | vendor_purchase_check_in_guide,complete | complete_or_all_perks_vendor_return,Bards College Lost Library And Instrument Roads | Faralda,none,
book_document_objective,OBJ-001001,OBJ-001001,,Fireball,,book_document,spell_tome_title,,,main_route,base_game,spell_tome,7,"College of Winterhold: Purchase from Enthir at the College of Winterhold. Source note: Can be purchased from: Enthir, Faralda, Farengar Secret-Fire, Madena, Wuunferth the Unliving, Talvas Fathryon.",spell_tome_source,selected_vendor_source,College of Winterhold,College of Winterhold,Buy during the relevant College/service block if vendor-sourced; otherwise pair with parent quest/location.,Y,objective,1,Y,Y,N,Y,N,Y,N,N,N,book_document_objective_covered,vendor_purchase_check_in_guide,complete_or_all_perks_vendor_return,Faralda,none,
book_document_objective,OBJ-001002,OBJ-001002,,Flame Cloak,,book_document,spell_tome_title,,,main_route,base_game,spell_tome,8,"College of Winterhold: Purchase from Enthir at the College of Winterhold. Source note: Can be purchased from: Enthir, Faralda, Farengar Secret-Fire, Madena, Wuunferth the Unliving, Talvas Fathryon.",spell_tome_source,selected_vendor_source,College of Winterhold,College of Winterhold,Buy during the relevant College/service block if vendor-sourced; otherwise pair with parent quest/location.,Y,objective,1,Y,Y,N,Y,N,Y,N,N,N,book_document_objective_covered,vendor_purchase_check_in_guide,complete_or_all_perks_vendor_return,Faralda,none,
book_document_objective,OBJ-001003,OBJ-001003,,Frost Cloak,,book_document,spell_tome_title,,,main_route,base_game,spell_tome,7,"College of Winterhold: Purchase from Enthir at the College of Winterhold. Source note: Can be purchased from: Enthir, Faralda, Farengar Secret-Fire, Madena, Wuunferth the Unliving, Talvas Fathryon.",spell_tome_source,selected_vendor_source,College of Winterhold,College of Winterhold,Buy during the relevant College/service block if vendor-sourced; otherwise pair with parent quest/location.,Y,objective,1,Y,Y,N,Y,N,Y,N,N,N,book_document_objective_covered,vendor_purchase_check_in_guide,complete_or_all_perks_vendor_return,Faralda,none,
book_document_objective,OBJ-001004,OBJ-001004,,Hangman's Noose,,book_document,spell_tome_title,,,main_route,ae_creation,spell_tome,7,Hob's Fall Cave: Can be found in Hob's Fall Cave during The Lost Library quest.,spell_tome_source,selected_vendor_source,College of Winterhold,College of Winterhold,Buy during the relevant College/service block if vendor-sourced; otherwise pair with parent quest/location.,Y,objective,2,Y,Y,N,Y,N,Y,N,N,N,book_document_objective_covered,placed_in_guide | vendor_purchase_check_in_guide,complete | complete_or_all_perks_vendor_return,Bards College Lost Library And Instrument Roads | Faralda,none,
book_document_objective,OBJ-001005,OBJ-001005,,Ice Storm,,book_document,spell_tome_title,,,main_route,base_game,spell_tome,7,"College of Winterhold: Purchase from Enthir at the College of Winterhold. Source note: Can be purchased from: Enthir, Faralda, Farengar Secret-Fire, Madena, Wuunferth the Unliving, Talvas Fathryon.",spell_tome_source,selected_vendor_source,College of Winterhold,College of Winterhold,Buy during the relevant College/service block if vendor-sourced; otherwise pair with parent quest/location.,Y,objective,1,Y,Y,N,Y,N,Y,N,N,N,book_document_objective_covered,vendor_purchase_check_in_guide,complete_or_all_perks_vendor_return,Faralda,none,
book_document_objective,OBJ-001006,OBJ-001006,,Lightning Cloak,,book_document,spell_tome_title,,,main_route,base_game,spell_tome,7,"College of Winterhold: Purchase from Enthir at the College of Winterhold. Source note: Can be purchased from: Enthir, Faralda, Farengar Secret-Fire, Madena, Wuunferth the Unliving, Talvas Fathryon.",spell_tome_source,selected_vendor_source,College of Winterhold,College of Winterhold,Buy during the relevant College/service block if vendor-sourced; otherwise pair with parent quest/location.,Y,objective,1,Y,Y,N,Y,N,Y,N,N,N,book_document_objective_covered,vendor_purchase_check_in_guide,complete_or_all_perks_vendor_return,Faralda,none,
book_document_objective,OBJ-001007,OBJ-001007,,Whirlwind Cloak,,book_document,spell_tome_title,,,main_route,dragonborn,spell_tome,1,Tel Mithryn: Purchase from Talvas Fathryon at Tel Mithryn. Source note: Can be purchased from Talvas Fathryon after completing the quest Wind and Sand.,spell_tome_source,selected_vendor_source,Tel Mithryn,Tel Mithryn,Buy during the relevant College/service block if vendor-sourced; otherwise pair with parent quest/location.,Y,objective,2,Y,Y,N,Y,N,Y,N,N,N,book_document_objective_covered,held_for_later | vendor_purchase_check_in_guide,complete_or_all_perks_vendor_return | held_for_wind_and_sand_completion,"Talvas Fathryon | Tel Mithryn, Nchardak, And Kagrumez",none,
book_document_objective,OBJ-001008,OBJ-001008,,Elemental Blast,,book_document,spell_tome_title,,,main_route,ae_creation,spell_tome,4,Hob's Fall Cave: Can be found in Hob's Fall Cave during The Lost Library quest.,spell_tome_source,selected_vendor_source,College of Winterhold,College of Winterhold,Buy during the relevant College/service block if vendor-sourced; otherwise pair with parent quest/location.,Y,objective,2,Y,Y,N,Y,N,Y,N,N,N,book_document_objective_covered,placed_in_guide | vendor_purchase_check_in_guide,complete | complete_or_all_perks_vendor_return,Bards College Lost Library And Instrument Roads | Faralda,none,
book_document_objective,OBJ-001009,OBJ-001009,,Icy Spear,,book_document,spell_tome_title,,,main_route,base_game,spell_tome,4,"College of Winterhold: Purchase from Enthir at the College of Winterhold. Source note: Can be purchased from: Enthir, Faralda, Talvas Fathryon.",spell_tome_source,selected_vendor_source,College of Winterhold,College of Winterhold,Buy during the relevant College/service block if vendor-sourced; otherwise pair with parent quest/location.,Y,objective,1,Y,Y,N,Y,N,Y,N,N,N,book_document_objective_covered,vendor_purchase_check_in_guide,complete_or_all_perks_vendor_return,Faralda,none,
book_document_objective,OBJ-001010,OBJ-001010,,Incinerate,,book_document,spell_tome_title,,,main_route,base_game,spell_tome,4,"College of Winterhold: Purchase from Enthir at the College of Winterhold. Source note: Can be purchased from: Enthir, Faralda, Talvas Fathryon.",spell_tome_source,selected_vendor_source,College of Winterhold,College of Winterhold,Buy during the relevant College/service block if vendor-sourced; otherwise pair with parent quest/location.,Y,objective,1,Y,Y,N,Y,N,Y,N,N,N,book_document_objective_covered,vendor_purchase_check_in_guide,complete_or_all_perks_vendor_return,Faralda,none,
book_document_objective,OBJ-001011,OBJ-001011,,Mara's Wrath,,book_document,spell_tome_title,,,main_route,ae_creation,spell_tome,4,Hob's Fall Cave: Can be found in Hob's Fall Cave during The Lost Library quest.,spell_tome_source,selected_vendor_source,College of Winterhold,College of Winterhold,Buy during the relevant College/service block if vendor-sourced; otherwise pair with parent quest/location.,Y,objective,2,Y,Y,N,Y,N,Y,N,N,N,book_document_objective_covered,placed_in_guide | vendor_purchase_check_in_guide,complete | complete_or_all_perks_vendor_return,Bards College Lost Library And Instrument Roads | Faralda,none,
book_document_objective,OBJ-001012,OBJ-001012,,Thunderbolt,,book_document,spell_tome_title,,,main_route,base_game,spell_tome,4,"College of Winterhold: Purchase from Enthir at the College of Winterhold. Source note: Can be purchased from: Enthir, Faralda, Talvas Fathryon.",spell_tome_source,selected_vendor_source,College of Winterhold,College of Winterhold,Buy during the relevant College/service block if vendor-sourced; otherwise pair with parent quest/location.,Y,objective,1,Y,Y,N,Y,N,Y,N,N,N,book_document_objective_covered,vendor_purchase_check_in_guide,complete_or_all_perks_vendor_return,Faralda,none,
book_document_objective,OBJ-001013,OBJ-001013,,Touch of Death,,book_document,spell_tome_title,,,main_route,ae_creation,spell_tome,4,Hob's Fall Cave: Can be found in Hob's Fall Cave during The Lost Library quest.,spell_tome_source,selected_vendor_source,College of Winterhold,College of Winterhold,Buy during the relevant College/service block if vendor-sourced; otherwise pair with parent quest/location.,Y,objective,2,Y,Y,N,Y,N,Y,N,N,N,book_document_objective_covered,placed_in_guide | vendor_purchase_check_in_guide,complete | complete_or_all_perks_vendor_return,Bards College Lost Library And Instrument Roads | Faralda,none,
book_document_objective,OBJ-001014,OBJ-001014,,Unbounded Flames,,book_document,spell_tome_title,,,main_route,ae_creation,spell_tome,2,Hob's Fall Cave: Can be found in Hob's Fall Cave during The Lost Library quest.,spell_tome_source,selected_vendor_source,College of Winterhold,College of Winterhold,Buy during the relevant College/service block if vendor-sourced; otherwise pair with parent quest/location.,Y,objective,2,Y,Y,N,Y,N,Y,N,N,N,book_document_objective_covered,placed_in_guide | staged_for_all_perks_loop,complete | staged_for_skill_gate,All-perks master ritual gate | Bards College Lost Library And Instrument Roads,none,
book_document_objective,OBJ-001015,OBJ-001015,,Unbounded Freezing,,book_document,spell_tome_title,,,main_route,ae_creation,spell_tome,2,Hob's Fall Cave: Can be found in Hob's Fall Cave during The Lost Library quest.,spell_tome_source,selected_vendor_source,College of Winterhold,College of Winterhold,Buy during the relevant College/service block if vendor-sourced; otherwise pair with parent quest/location.,Y,objective,2,Y,Y,N,Y,N,Y,N,N,N,book_document_objective_covered,placed_in_guide | staged_for_all_perks_loop,complete | staged_for_skill_gate,All-perks master ritual gate | Bards College Lost Library And Instrument Roads,none,
book_document_objective,OBJ-001016,OBJ-001016,,Unbounded Storms,,book_document,spell_tome_title,,,main_route,ae_creation,spell_tome,2,Hob's Fall Cave: Can be found in Hob's Fall Cave during The Lost Library quest.,spell_tome_source,selected_vendor_source,College of Winterhold,College of Winterhold,Buy during the relevant College/service block if vendor-sourced; otherwise pair with parent quest/location.,Y,objective,2,Y,Y,N,Y,N,Y,N,N,N,book_document_objective_covered,placed_in_guide | staged_for_all_perks_loop,complete | staged_for_skill_gate,All-perks master ritual gate | Bards College Lost Library And Instrument Roads,none,
book_document_objective,OBJ-001017,OBJ-001017,,Wall of Flames,,book_document,spell_tome_title,,,main_route,base_game,spell_tome,4,"College of Winterhold: Purchase from Enthir at the College of Winterhold. Source note: Can be purchased from: Enthir, Faralda, Talvas Fathryon.",spell_tome_source,selected_vendor_source,College of Winterhold,College of Winterhold,Buy during the relevant College/service block if vendor-sourced; otherwise pair with parent quest/location.,Y,objective,1,Y,Y,N,Y,N,Y,N,N,N,book_document_objective_covered,vendor_purchase_check_in_guide,complete_or_all_perks_vendor_return,Faralda,none,
book_document_objective,OBJ-001018,OBJ-001018,,Wall of Frost,,book_document,spell_tome_title,,,main_route,base_game,spell_tome,4,"College of Winterhold: Purchase from Enthir at the College of Winterhold. Source note: Can be purchased from: Enthir, Faralda, Talvas Fathryon.",spell_tome_source,selected_vendor_source,College of Winterhold,College of Winterhold,Buy during the relevant College/service block if vendor-sourced; otherwise pair with parent quest/location.,Y,objective,1,Y,Y,N,Y,N,Y,N,N,N,book_document_objective_covered,vendor_purchase_check_in_guide,complete_or_all_perks_vendor_return,Faralda,none,
book_document_objective,OBJ-001019,OBJ-001019,,Wall of Storms,,book_document,spell_tome_title,,,main_route,base_game,spell_tome,4,"College of Winterhold: Purchase from Enthir at the College of Winterhold. Source note: Can be purchased from: Enthir, Faralda, Talvas Fathryon.",spell_tome_source,selected_vendor_source,College of Winterhold,College of Winterhold,Buy during the relevant College/service block if vendor-sourced; otherwise pair with parent quest/location.,Y,objective,1,Y,Y,N,Y,N,Y,N,N,N,book_document_objective_covered,vendor_purchase_check_in_guide,complete_or_all_perks_vendor_return,Faralda,none,
book_document_objective,OBJ-001020,OBJ-001020,,Blizzard,,book_document,spell_tome_title,,,main_route,base_game,spell_tome,1,College of Winterhold: Purchase from Faralda at the College of Winterhold. Source note: Can be purchased from: Faralda (only after Destruction Ritual Spell has been completed).,spell_tome_source,selected_vendor_source,College of Winterhold,College of Winterhold,Buy during the relevant College/service block if vendor-sourced; otherwise pair with parent quest/location.,Y,objective,2,Y,Y,N,Y,N,Y,N,N,N,book_document_objective_covered,master_spell_reward_or_vendor_completed | staged_for_all_perks_loop,complete_after_ritual_reward_or_vendor_purchase | staged_for_skill_gate,All-Perks Loop | All-perks master ritual gate,none,
book_document_objective,OBJ-001021,OBJ-001021,,Fire Storm,,book_document,spell_tome_title,,,main_route,base_game,spell_tome,1,Destruction Ritual Spell: Reward for quest Destruction Ritual Spell.,spell_tome_source,selected_fixed_or_scripted_source,Destruction Ritual Spell,Destruction Ritual Spell,Buy during the relevant College/service block if vendor-sourced; otherwise pair with parent quest/location.,Y,objective,2,Y,Y,N,Y,N,Y,N,N,N,book_document_objective_covered,master_spell_reward_or_vendor_completed | staged_for_all_perks_loop,complete_after_ritual_reward_or_vendor_purchase | staged_for_skill_gate,All-Perks Loop | All-perks master ritual gate,none,
book_document_objective,OBJ-001022,OBJ-001022,,Lightning Storm,,book_document,spell_tome_title,,,main_route,base_game,spell_tome,1,College of Winterhold: Purchase from Faralda at the College of Winterhold. Source note: Can be purchased from: Faralda (only after Destruction Ritual Spell has been completed).,spell_tome_source,selected_vendor_source,College of Winterhold,College of Winterhold,Buy during the relevant College/service block if vendor-sourced; otherwise pair with parent quest/location.,Y,objective,2,Y,Y,N,Y,N,Y,N,N,N,book_document_objective_covered,master_spell_reward_or_vendor_completed | staged_for_all_perks_loop,complete_after_ritual_reward_or_vendor_purchase | staged_for_skill_gate,All-Perks Loop | All-perks master ritual gate,none,
book_document_objective,OBJ-001023,OBJ-001023,,Clairvoyance,,book_document,spell_tome_title,,,main_route,base_game,spell_tome,12,"Understone Keep: Purchase from Calcelmo in Markarth. Source note: Can be purchased from: Calcelmo, Drevis Neloren, Falion, Farengar Secret-Fire, Madena, Nelacar, Riverwood Trader, Sybille Stentor, Wuunferth the Unliving, Wylandriah.",spell_tome_source,selected_vendor_source,College of Winterhold,College of Winterhold,Buy during the relevant College/service block if vendor-sourced; otherwise pair with parent quest/location.,Y,objective,2,Y,Y,N,Y,N,Y,N,N,N,book_document_objective_covered,completed_now | vendor_purchase_check_in_guide,complete | complete_or_all_perks_vendor_return,Drevis Neloren | Guardian Stones Cache And Whiterun Farm Loop,none,
book_document_objective,OBJ-001024,OBJ-001024,,Courage,,book_document,spell_tome_title,,,main_route,base_game,spell_tome,11,"Understone Keep: Purchase from Calcelmo in Markarth. Source note: Can be purchased from: Calcelmo, Drevis Neloren, Falion, Farengar Secret-Fire, Madena, Nelacar, Sybille Stentor, Wuunferth the Unliving, Wylandriah.",spell_tome_source,selected_vendor_source,College of Winterhold,College of Winterhold,Buy during the relevant College/service block if vendor-sourced; otherwise pair with parent quest/location.,Y,objective,2,Y,Y,N,Y,N,Y,N,N,N,book_document_objective_covered,learned_now | vendor_purchase_check_in_guide,complete | complete_or_all_perks_vendor_return,Drevis Neloren | Riften Thaneship Frost And Rift Roads,none,
book_document_objective,OBJ-001025,OBJ-001025,,Fury,,book_document,spell_tome_title,,,main_route,base_game,spell_tome,12,Character creation / starting spell: Altmer start with this spell.,spell_tome_source,selected_vendor_source,College of Winterhold,College of Winterhold,Buy during the relevant College/service block if vendor-sourced; otherwise pair with parent quest/location.,Y,objective,1,Y,Y,N,Y,N,Y,N,N,N,book_document_objective_covered,vendor_purchase_check_in_guide,complete_or_all_perks_vendor_return,Drevis Neloren,none,
book_document_objective,OBJ-001026,OBJ-001026,,Calm,,book_document,spell_tome_title,,,main_route,base_game,spell_tome,9,"Understone Keep: Purchase from Calcelmo in Markarth. Source note: Can be purchased from: Calcelmo, Drevis Neloren, Falion, Farengar Secret-Fire, Madena, Sybille Stentor, Wuunferth the Unliving, Wylandriah.",spell_tome_source,selected_vendor_source,College of Winterhold,College of Winterhold,Buy during the relevant College/service block if vendor-sourced; otherwise pair with parent quest/location.,Y,objective,1,Y,Y,N,Y,N,Y,N,N,N,book_document_objective_covered,vendor_purchase_check_in_guide,complete_or_all_perks_vendor_return,Drevis Neloren,none,
book_document_objective,OBJ-001027,OBJ-001027,,Fear,,book_document,spell_tome_title,,,main_route,base_game,spell_tome,9,"Understone Keep: Purchase from Calcelmo in Markarth. Source note: Can be purchased from: Calcelmo, Drevis Neloren, Falion, Farengar Secret-Fire, Madena, Sybille Stentor, Wuunferth the Unliving, Wylandriah.",spell_tome_source,selected_vendor_source,College of Winterhold,College of Winterhold,Buy during the relevant College/service block if vendor-sourced; otherwise pair with parent quest/location.,Y,objective,2,Y,Y,N,Y,N,Y,N,N,N,book_document_objective_covered,conditional_test_spell | vendor_purchase_check_in_guide,complete_or_all_perks_vendor_return | conditional_complete_or_staged,"Drevis Neloren | Winterhold, College Entry, And Saarthal",none,
book_document_objective,OBJ-001028,OBJ-001028,,Muffle,,book_document,spell_tome_title,,,main_route,base_game,spell_tome,9,"Understone Keep: Purchase from Calcelmo in Markarth. Source note: Can be purchased from: Calcelmo, Drevis Neloren, Falion, Farengar Secret-Fire, Madena, Sybille Stentor, Wuunferth the Unliving, Wylandriah.",spell_tome_source,selected_vendor_source,College of Winterhold,College of Winterhold,Buy during the relevant College/service block if vendor-sourced; otherwise pair with parent quest/location.,Y,objective,1,Y,Y,N,Y,N,Y,N,N,N,book_document_objective_covered,vendor_purchase_check_in_guide,complete_or_all_perks_vendor_return,Drevis Neloren,none,
book_document_objective,OBJ-001029,OBJ-001029,,Frenzy,,book_document,spell_tome_title,,,main_route,base_game,spell_tome,3,"College of Winterhold: Purchase from Drevis Neloren at the College of Winterhold. Source note: Can be purchased from: Drevis Neloren, Sybille Stentor.",spell_tome_source,selected_vendor_source,College of Winterhold,College of Winterhold,Buy during the relevant College/service block if vendor-sourced; otherwise pair with parent quest/location.,Y,objective,1,Y,Y,N,Y,N,Y,N,N,N,book_document_objective_covered,vendor_purchase_check_in_guide,complete_or_all_perks_vendor_return,Drevis Neloren,none,
book_document_objective,OBJ-001030,OBJ-001030,,Frenzy Rune,,book_document,spell_tome_title,,,main_route,dragonborn,spell_tome,1,Tel Mithryn: Purchase from Talvas Fathryon at Tel Mithryn. Source note: Can be purchased from Talvas Fathryon after completing the quest From the Ashes.,spell_tome_source,selected_vendor_source,Tel Mithryn,Tel Mithryn,Buy during the relevant College/service block if vendor-sourced; otherwise pair with parent quest/location.,Y,objective,2,Y,Y,N,Y,N,Y,N,N,N,book_document_objective_covered,placed_in_guide | vendor_purchase_check_in_guide,complete | complete_or_all_perks_vendor_return,"Talvas Fathryon | Tel Mithryn, Nchardak, And Kagrumez",none,
book_document_objective,OBJ-001031,OBJ-001031,,Orum's Aquatic Escape,,book_document,spell_tome_title,,,main_route,ae_creation,spell_tome,3,Hob's Fall Cave: Can be found in Hob's Fall Cave during The Lost Library quest.,spell_tome_source,selected_vendor_source,College of Winterhold,College of Winterhold,Buy during the relevant College/service block if vendor-sourced; otherwise pair with parent quest/location.,Y,objective,2,Y,Y,N,Y,N,Y,N,N,N,book_document_objective_covered,placed_in_guide | vendor_purchase_check_in_guide,complete | complete_or_all_perks_vendor_return,Bards College Lost Library And Instrument Roads | Drevis Neloren,none,
book_document_objective,OBJ-001032,OBJ-001032,,Rally,,book_document,spell_tome_title,,,main_route,base_game,spell_tome,3,"College of Winterhold: Purchase from Drevis Neloren at the College of Winterhold. Source note: Can be purchased from: Drevis Neloren, Sybille Stentor.",spell_tome_source,selected_vendor_source,College of Winterhold,College of Winterhold,Buy during the relevant College/service block if vendor-sourced; otherwise pair with parent quest/location.,Y,objective,1,Y,Y,N,Y,N,Y,N,N,N,book_document_objective_covered,vendor_purchase_check_in_guide,complete_or_all_perks_vendor_return,Drevis Neloren,none,
book_document_objective,OBJ-001033,OBJ-001033,,Fenrik's Welcome,,book_document,spell_tome_title,,,main_route,ae_creation,spell_tome,2,Hob's Fall Cave: Can be found in Hob's Fall Cave during The Lost Library quest.,spell_tome_source,selected_vendor_source,College of Winterhold,College of Winterhold,Buy during the relevant College/service block if vendor-sourced; otherwise pair with parent quest/location.,Y,objective,2,Y,Y,N,Y,N,Y,N,N,N,book_document_objective_covered,placed_in_guide | vendor_purchase_check_in_guide,complete | complete_or_all_perks_vendor_return,Bards College Lost Library And Instrument Roads | Drevis Neloren,none,
book_document_objective,OBJ-001034,OBJ-001034,,Invisibility,,book_document,spell_tome_title,,,main_route,base_game,spell_tome,2,College of Winterhold: Purchase from Drevis Neloren at the College of Winterhold. Source note: Can be purchased from: Drevis Neloren.,spell_tome_source,selected_vendor_source,College of Winterhold,College of Winterhold,Buy during the relevant College/service block if vendor-sourced; otherwise pair with parent quest/location.,Y,objective,1,Y,Y,N,Y,N,Y,N,N,N,book_document_objective_covered,vendor_purchase_check_in_guide,complete_or_all_perks_vendor_return,Drevis Neloren,none,
book_document_objective,OBJ-001035,OBJ-001035,,Pacify,,book_document,spell_tome_title,,,main_route,base_game,spell_tome,2,College of Winterhold: Purchase from Drevis Neloren at the College of Winterhold. Source note: Can be purchased from: Drevis Neloren.,spell_tome_source,selected_vendor_source,College of Winterhold,College of Winterhold,Buy during the relevant College/service block if vendor-sourced; otherwise pair with parent quest/location.,Y,objective,1,Y,Y,N,Y,N,Y,N,N,N,book_document_objective_covered,vendor_purchase_check_in_guide,complete_or_all_perks_vendor_return,Drevis Neloren,none,
book_document_objective,OBJ-001036,OBJ-001036,,Rout,,book_document,spell_tome_title,,,main_route,base_game,spell_tome,2,College of Winterhold: Purchase from Drevis Neloren at the College of Winterhold. Source note: Can be purchased from: Drevis Neloren.,spell_tome_source,selected_vendor_source,College of Winterhold,College of Winterhold,Buy during the relevant College/service block if vendor-sourced; otherwise pair with parent quest/location.,Y,objective,1,Y,Y,N,Y,N,Y,N,N,N,book_document_objective_covered,vendor_purchase_check_in_guide,complete_or_all_perks_vendor_return,Drevis Neloren,none,
book_document_objective,OBJ-001037,OBJ-001037,,Call to Arms,,book_document,spell_tome_title,,,main_route,base_game,spell_tome,1,College of Winterhold: Purchase from Drevis Neloren at the College of Winterhold. Source note: Can be purchased from: Drevis Neloren (only after Illusion Ritual Spell has been completed).,spell_tome_source,selected_vendor_source,College of Winterhold,College of Winterhold,Buy during the relevant College/service block if vendor-sourced; otherwise pair with parent quest/location.,Y,objective,2,Y,Y,N,Y,N,Y,N,N,N,book_document_objective_covered,master_spell_reward_or_vendor_completed | staged_for_all_perks_loop,complete_after_ritual_reward_or_vendor_purchase | staged_for_skill_gate,All-Perks Loop | All-perks master ritual gate,none,
book_document_objective,OBJ-001038,OBJ-001038,,Harmony,,book_document,spell_tome_title,,,main_route,base_game,spell_tome,1,College of Winterhold: Purchase from Drevis Neloren at the College of Winterhold. Source note: Can be purchased from: Drevis Neloren (only after Illusion Ritual Spell has been completed).,spell_tome_source,selected_vendor_source,College of Winterhold,College of Winterhold,Buy during the relevant College/service block if vendor-sourced; otherwise pair with parent quest/location.,Y,objective,2,Y,Y,N,Y,N,Y,N,N,N,book_document_objective_covered,master_spell_reward_or_vendor_completed | staged_for_all_perks_loop,complete_after_ritual_reward_or_vendor_purchase | staged_for_skill_gate,All-Perks Loop | All-perks master ritual gate,none,
book_document_objective,OBJ-001039,OBJ-001039,,Hysteria,,book_document,spell_tome_title,,,main_route,base_game,spell_tome,1,Illusion Ritual Spell: Reward for quest Illusion Ritual Spell.,spell_tome_source,selected_fixed_or_scripted_source,Illusion Ritual Spell,Illusion Ritual Spell,Buy during the relevant College/service block if vendor-sourced; otherwise pair with parent quest/location.,Y,objective,2,Y,Y,N,Y,N,Y,N,N,N,book_document_objective_covered,master_spell_reward_or_vendor_completed | staged_for_all_perks_loop,complete_after_ritual_reward_or_vendor_purchase | staged_for_skill_gate,All-Perks Loop | All-perks master ritual gate,none,
book_document_objective,OBJ-001040,OBJ-001040,,Mayhem,,book_document,spell_tome_title,,,main_route,base_game,spell_tome,1,College of Winterhold: Purchase from Drevis Neloren at the College of Winterhold. Source note: Can be purchased from: Drevis Neloren (only after Illusion Ritual Spell has been completed).,spell_tome_source,selected_vendor_source,College of Winterhold,College of Winterhold,Buy during the relevant College/service block if vendor-sourced; otherwise pair with parent quest/location.,Y,objective,2,Y,Y,N,Y,N,Y,N,N,N,book_document_objective_covered,master_spell_reward_or_vendor_completed | staged_for_all_perks_loop,complete_after_ritual_reward_or_vendor_purchase | staged_for_skill_gate,All-Perks Loop | All-perks master ritual gate,none,
book_document_objective,OBJ-001041,OBJ-001041,,Healing,,book_document,spell_tome_title,,,main_route,base_game,spell_tome,11,Character creation / starting spell: All players start with this spell.,spell_tome_source,selected_vendor_source,College of Winterhold,College of Winterhold,Buy during the relevant College/service block if vendor-sourced; otherwise pair with parent quest/location.,Y,objective,1,Y,Y,N,Y,N,Y,N,N,N,book_document_objective_covered,vendor_purchase_check_in_guide,complete_or_all_perks_vendor_return,Colette Marence,none,
book_document_objective,OBJ-001042,OBJ-001042,,Lesser Ward,,book_document,spell_tome_title,,,main_route,base_game,spell_tome,13,"Understone Keep: Purchase from Calcelmo in Markarth. Source note: Can be purchased from: Calcelmo, Colette Marence, Falion, Farengar Secret-Fire, Madena, Nelacar, Riverwood Trader, Sybille Stentor, Wuunferth the Unliving, Wylandriah.",spell_tome_source,selected_vendor_source,College of Winterhold,College of Winterhold,Buy during the relevant College/service block if vendor-sourced; otherwise pair with parent quest/location.,Y,objective,2,Y,Y,N,Y,N,Y,N,N,N,book_document_objective_covered,learned_directly_not_tome | vendor_purchase_check_in_guide,complete_or_all_perks_vendor_return | spell_complete_tome_staged,"Colette Marence | Winterhold, College Entry, And Saarthal",none,
book_document_objective,OBJ-001043,OBJ-001043,,Fast Healing,,book_document,spell_tome_title,,,main_route,base_game,spell_tome,10,"Understone Keep: Purchase from Calcelmo in Markarth. Source note: Can be purchased from: Calcelmo, Colette Marence, Falion, Farengar Secret-Fire, Madena, Nelacar, Sybille Stentor, Wuunferth the Unliving, Wylandriah.",spell_tome_source,selected_vendor_source,College of Winterhold,College of Winterhold,Buy during the relevant College/service block if vendor-sourced; otherwise pair with parent quest/location.,Y,objective,1,Y,Y,N,Y,N,Y,N,N,N,book_document_objective_covered,vendor_purchase_check_in_guide,complete_or_all_perks_vendor_return,Colette Marence,none,
book_document_objective,OBJ-001044,OBJ-001044,,Healing Hands,,book_document,spell_tome_title,,,main_route,base_game,spell_tome,10,"Understone Keep: Purchase from Calcelmo in Markarth. Source note: Can be purchased from: Calcelmo, Colette Marence, Falion, Farengar Secret-Fire, Madena, Nelacar, Sybille Stentor, Wuunferth the Unliving, Wylandriah.",spell_tome_source,selected_vendor_source,College of Winterhold,College of Winterhold,Buy during the relevant College/service block if vendor-sourced; otherwise pair with parent quest/location.,Y,objective,2,Y,Y,N,Y,N,Y,N,N,N,book_document_objective_covered,conditional_test_spell | vendor_purchase_check_in_guide,complete_or_all_perks_vendor_return | conditional_complete_or_staged,"Colette Marence | Winterhold, College Entry, And Saarthal",none,
book_document_objective,OBJ-001045,OBJ-001045,,Necromantic Healing,,book_document,spell_tome_title,,,main_route,dawnguard,spell_tome,2,Castle Volkihar: Purchase from Ronthil at Castle Volkihar. Source note: Can be purchased from: Ronthil.,spell_tome_source,selected_fixed_or_scripted_source,Dimhollow Crypt,Dimhollow Crypt,Learn during Dawnguard `Awakening` while exiting Dimhollow Crypt.,Y,objective,2,Y,Y,N,Y,N,N,N,N,Y,book_document_objective_covered,placed_in_guide | route_source_named_or_already_routed,complete | complete_or_confirmed_in_spell_list,"Books, Spells, and Documents | Dawnguard Fork And Volkihar Branch",none,
book_document_objective,OBJ-001046,OBJ-001046,,Steadfast Ward,,book_document,spell_tome_title,,,main_route,base_game,spell_tome,11,"Understone Keep: Purchase from Calcelmo in Markarth. Source note: Can be purchased from: Calcelmo, Colette Marence, Falion, Farengar Secret-Fire, Madena, Nelacar, Sybille Stentor, Wuunferth the Unliving, Wylandriah.",spell_tome_source,selected_fixed_or_scripted_source,Labyrinthian,Labyrinthian Tribune,Take and read from the Labyrinthian Tribune podium during the Staff of Magnus route.,Y,objective,2,Y,Y,N,Y,N,N,N,N,N,book_document_objective_covered,placed_in_guide | route_source_named_or_already_routed,complete | complete_or_confirmed_in_spell_list,"Books, Spells, and Documents | Labyrinthian And The Eye Of Magnus",none,
book_document_objective,OBJ-001047,OBJ-001047,,Sun Fire,,book_document,spell_tome_title,,,main_route,dawnguard,spell_tome,1,Fort Dawnguard: Purchase from Sorine Jurard at Fort Dawnguard. Source note: Can be purchased from: Sorine Jurard.,spell_tome_source,selected_vendor_source,Fort Dawnguard,Fort Dawnguard,Buy and learn after A New Order when Sorine is installed at Fort Dawnguard.,Y,objective,2,Y,Y,N,Y,N,Y,N,N,N,book_document_objective_covered,placed_in_guide | vendor_purchase_check_in_guide,complete | complete_or_all_perks_vendor_return,Fort Dawnguard Recruits Prophet And Lost Relics | Sorine Jurard,none,
book_document_objective,OBJ-001048,OBJ-001048,,Turn Lesser Undead,,book_document,spell_tome_title,,,main_route,base_game,spell_tome,10,"Understone Keep: Purchase from Calcelmo in Markarth. Source note: Can be purchased from: Calcelmo, Colette Marence, Falion, Farengar Secret-Fire, Madena, Nelacar, Sybille Stentor, Wuunferth the Unliving, Wylandriah.",spell_tome_source,selected_vendor_source,College of Winterhold,College of Winterhold,Buy during the relevant College/service block if vendor-sourced; otherwise pair with parent quest/location.,Y,objective,1,Y,Y,N,Y,N,Y,N,N,N,book_document_objective_covered,vendor_purchase_check_in_guide,complete_or_all_perks_vendor_return,Colette Marence,none,
book_document_objective,OBJ-001049,OBJ-001049,,Close Wounds,,book_document,spell_tome_title,,,main_route,base_game,spell_tome,3,College of Winterhold: Purchase from Colette Marence at the College of Winterhold. Source note: Can be purchased from: Colette Marence.,spell_tome_source,selected_vendor_source,College of Winterhold,College of Winterhold,Buy during the relevant College/service block if vendor-sourced; otherwise pair with parent quest/location.,Y,objective,1,Y,Y,N,Y,N,Y,N,N,N,book_document_objective_covered,vendor_purchase_check_in_guide,complete_or_all_perks_vendor_return,Colette Marence,none,
book_document_objective,OBJ-001050,OBJ-001050,,Greater Ward,,book_document,spell_tome_title,,,main_route,base_game,spell_tome,3,College of Winterhold: Purchase from Colette Marence at the College of Winterhold. Source note: Can be purchased from: Colette Marence.,spell_tome_source,selected_vendor_source,College of Winterhold,College of Winterhold,Buy during the relevant College/service block if vendor-sourced; otherwise pair with parent quest/location.,Y,objective,1,Y,Y,N,Y,N,Y,N,N,N,book_document_objective_covered,vendor_purchase_check_in_guide,complete_or_all_perks_vendor_return,Colette Marence,none,
book_document_objective,OBJ-001051,OBJ-001051,,Heal Other,,book_document,spell_tome_title,,,main_route,base_game,spell_tome,4,College of Winterhold: Purchase from Colette Marence at the College of Winterhold. Source note: Can be purchased from: Colette Marence.,spell_tome_source,selected_fixed_or_scripted_source,Shalidor's Maze,Shalidor's Maze,Take and read from the shutter section during the Shalidor's Maze route.,Y,objective,2,Y,Y,N,Y,N,N,N,N,N,book_document_objective_covered,placed_in_guide | route_source_named_or_already_routed,complete | complete_or_confirmed_in_spell_list,"Books, Spells, and Documents | Labyrinthian And The Eye Of Magnus",none,
book_document_objective,OBJ-001052,OBJ-001052,,Heal Undead,,book_document,spell_tome_title,,,main_route,dawnguard,spell_tome,1,Castle Volkihar: Purchase from Ronthil at Castle Volkihar. Source note: Can be purchased from: Ronthil.,spell_tome_source,selected_vendor_source,Castle Volkihar,Castle Volkihar,Buy and learn during the first Castle Volkihar entry before Harkon speaks by reaching Ronthil on the balcony.,Y,objective,2,Y,Y,N,Y,N,Y,N,N,Y,book_document_objective_covered,placed_in_guide | vendor_purchase_check_in_guide,complete | complete_or_all_perks_vendor_return,Dawnguard Fork And Volkihar Branch | Ronthil,none,
book_document_objective,OBJ-001053,OBJ-001053,,Poison Rune,,book_document,spell_tome_title,,,main_route,dragonborn,spell_tome,1,Tel Mithryn: Purchase from Talvas Fathryon at Tel Mithryn. Source note: Can be purchased from: Talvas Fathryon (after From the Ashes).,spell_tome_source,selected_vendor_source,Tel Mithryn,Tel Mithryn,Buy during the relevant College/service block if vendor-sourced; otherwise pair with parent quest/location.,Y,objective,2,Y,Y,N,Y,N,Y,N,N,N,book_document_objective_covered,placed_in_guide | vendor_purchase_check_in_guide,complete | complete_or_all_perks_vendor_return,"Talvas Fathryon | Tel Mithryn, Nchardak, And Kagrumez",none,
book_document_objective,OBJ-001054,OBJ-001054,,Repel Lesser Undead,,book_document,spell_tome_title,,,main_route,base_game,spell_tome,3,College of Winterhold: Purchase from Colette Marence at the College of Winterhold. Source note: Can be purchased from: Colette Marence.,spell_tome_source,selected_vendor_source,College of Winterhold,College of Winterhold,Buy during the relevant College/service block if vendor-sourced; otherwise pair with parent quest/location.,Y,objective,1,Y,Y,N,Y,N,Y,N,N,N,book_document_objective_covered,vendor_purchase_check_in_guide,complete_or_all_perks_vendor_return,Colette Marence,none,
book_document_objective,OBJ-001055,OBJ-001055,,Stendarr's Aura,,book_document,spell_tome_title,,,main_route,dawnguard,spell_tome,1,Fort Dawnguard: Purchase from Florentius Baenius at Fort Dawnguard. Source note: Can be purchased from: Florentius Baenius.,spell_tome_source,selected_vendor_source,Fort Dawnguard,Fort Dawnguard,Buy and learn after Bolstering the Ranks when Florentius is installed at Fort Dawnguard.,Y,objective,2,Y,Y,N,Y,N,Y,N,N,N,book_document_objective_covered,placed_in_guide | vendor_purchase_check_in_guide,complete | complete_or_all_perks_vendor_return,Florentius Baenius | Fort Dawnguard Recruits Prophet And Lost Relics,none,
book_document_objective,OBJ-001056,OBJ-001056,,Turn Undead,,book_document,spell_tome_title,,,main_route,base_game,spell_tome,4,College of Winterhold: Purchase from Colette Marence at the College of Winterhold. Source note: Can be purchased from: Colette Marence.,spell_tome_source,selected_fixed_quest_reward,The Wolf Queen Awakened,Hall of the Dead / Styrr,Learn immediately during the Potema/Shield section.,Y,objective,2,Y,Y,N,Y,N,N,N,N,N,book_document_objective_covered,placed_in_guide | route_source_named_or_already_routed,complete | complete_or_confirmed_in_spell_list,"Books, Spells, and Documents | Potema Shield Of Solitude And Bone Wolf",none,
book_document_objective,OBJ-001057,OBJ-001057,,Vampire's Bane,,book_document,spell_tome_title,,,main_route,dawnguard,spell_tome,1,Fort Dawnguard: Purchase from Florentius Baenius at Fort Dawnguard. Source note: Can be purchased from: Florentius Baenius.,spell_tome_source,selected_vendor_source,Fort Dawnguard,Fort Dawnguard,Buy and learn after Bolstering the Ranks when Florentius is installed at Fort Dawnguard.,Y,objective,2,Y,Y,N,Y,N,Y,N,N,N,book_document_objective_covered,placed_in_guide | vendor_purchase_check_in_guide,complete | complete_or_all_perks_vendor_return,Florentius Baenius | Fort Dawnguard Recruits Prophet And Lost Relics,none,
book_document_objective,OBJ-001058,OBJ-001058,,Circle of Protection,,book_document,spell_tome_title,,,main_route,base_game,spell_tome,2,College of Winterhold: Purchase from Colette Marence at the College of Winterhold. Source note: Can be purchased from: Colette Marence.,spell_tome_source,selected_vendor_source,College of Winterhold,College of Winterhold,Buy during the relevant College/service block if vendor-sourced; otherwise pair with parent quest/location.,Y,objective,1,Y,Y,N,Y,N,Y,N,N,N,book_document_objective_covered,vendor_purchase_check_in_guide,complete_or_all_perks_vendor_return,Colette Marence,none,
book_document_objective,OBJ-001059,OBJ-001059,,Grand Healing,,book_document,spell_tome_title,,,main_route,base_game,spell_tome,2,College of Winterhold: Purchase from Colette Marence at the College of Winterhold. Source note: Can be purchased from: Colette Marence.,spell_tome_source,selected_vendor_source,College of Winterhold,College of Winterhold,Buy during the relevant College/service block if vendor-sourced; otherwise pair with parent quest/location.,Y,objective,1,Y,Y,N,Y,N,Y,N,N,N,book_document_objective_covered,vendor_purchase_check_in_guide,complete_or_all_perks_vendor_return,Colette Marence,none,
book_document_objective,OBJ-001060,OBJ-001060,,Repel Undead,,book_document,spell_tome_title,,,main_route,base_game,spell_tome,2,College of Winterhold: Purchase from Colette Marence at the College of Winterhold. Source note: Can be purchased from: Colette Marence.,spell_tome_source,selected_vendor_source,College of Winterhold,College of Winterhold,Buy during the relevant College/service block if vendor-sourced; otherwise pair with parent quest/location.,Y,objective,1,Y,Y,N,Y,N,Y,N,N,N,book_document_objective_covered,vendor_purchase_check_in_guide,complete_or_all_perks_vendor_return,Colette Marence,none,
book_document_objective,OBJ-001061,OBJ-001061,,Turn Greater Undead,,book_document,spell_tome_title,,,main_route,base_game,spell_tome,2,College of Winterhold: Purchase from Colette Marence at the College of Winterhold. Source note: Can be purchased from: Colette Marence.,spell_tome_source,selected_vendor_source,College of Winterhold,College of Winterhold,Buy during the relevant College/service block if vendor-sourced; otherwise pair with parent quest/location.,Y,objective,1,Y,Y,N,Y,N,Y,N,N,N,book_document_objective_covered,vendor_purchase_check_in_guide,complete_or_all_perks_vendor_return,Colette Marence,none,
book_document_objective,OBJ-001062,OBJ-001062,,Bane of the Undead,,book_document,spell_tome_title,,,main_route,base_game,spell_tome,1,Restoration Ritual Spell: Reward for quest Restoration Ritual Spell.,spell_tome_source,selected_fixed_or_scripted_source,Restoration Ritual Spell,Restoration Ritual Spell,Buy during the relevant College/service block if vendor-sourced; otherwise pair with parent quest/location.,Y,objective,2,Y,Y,N,Y,N,Y,N,N,N,book_document_objective_covered,master_spell_reward_or_vendor_completed | staged_for_all_perks_loop,complete_after_ritual_reward_or_vendor_purchase | staged_for_skill_gate,All-Perks Loop | All-perks master ritual gate,none,
book_document_objective,OBJ-001063,OBJ-001063,,Guardian Circle,,book_document,spell_tome_title,,,main_route,base_game,spell_tome,1,College of Winterhold: Purchase from Colette Marence at the College of Winterhold. Source note: Can be purchased from: Colette Marence (only after Restoration Ritual Spell has been completed).,spell_tome_source,selected_vendor_source,College of Winterhold,College of Winterhold,Buy during the relevant College/service block if vendor-sourced; otherwise pair with parent quest/location.,Y,objective,2,Y,Y,N,Y,N,Y,N,N,N,book_document_objective_covered,master_spell_reward_or_vendor_completed | staged_for_all_perks_loop,complete_after_ritual_reward_or_vendor_purchase | staged_for_skill_gate,All-Perks Loop | All-perks master ritual gate,none,
book_document_objective,OBJ-001064,OBJ-001064,,Waking Dreams,,book_document,black_book_title,,,main_route,dragonborn,black_book,1,Temple of Miraak: The Temple of Miraak.,,,,,,Y,objective,3,Y,Y,Y,Y,N,N,N,N,N,book_document_objective_covered,confirmed_complete | placed_in_guide,complete,"Books, Spells, and Documents | Miraak Finale, Lost Knowledge, And Last Black Books | Temple Of Miraak, Skaal, And Stalhrim",none,
book_document_objective,OBJ-001065,OBJ-001065,,Epistolary Acumen,,book_document,black_book_title,,,main_route,dragonborn,black_book,1,"Nchardak: Nchardak, recovered during The Path of Knowledge.",,,,,,Y,objective,2,Y,Y,Y,Y,Y,N,N,N,N,book_document_objective_covered,confirmed_complete | placed_in_guide,complete,"Books, Spells, and Documents | Tel Mithryn, Nchardak, And Kagrumez",none,
book_document_objective,OBJ-001066,OBJ-001066,,Untold Legends,,book_document,black_book_title,,,main_route,dragonborn,black_book,1,Benkongerike Great Hall: Benkongerike Great Hall.,,,,,,Y,objective,4,Y,Y,Y,Y,N,N,N,N,N,book_document_objective_covered,confirmed_complete | held_for_later | placed_in_guide,complete | held_for_lost_knowledge | held_for_lost_knowledge_tel_mithryn_route,"Books, Spells, and Documents | Fahlbtharz, Deathbrand, And Karstaag | Miraak Finale, Lost Knowledge, And Last Black Books | Temple Of Miraak, Skaal, And Stalhrim",none,
book_document_objective,OBJ-001067,OBJ-001067,,The Winds of Change,,book_document,black_book_title,,,main_route,dragonborn,black_book,1,Raven Rock Mine: Raven Rock Mine.,,,,,,Y,objective,2,Y,Y,Y,Y,N,N,N,N,N,book_document_objective_covered,confirmed_complete | placed_in_guide,complete,"Books, Spells, and Documents | Solstheim Entry, Raven Rock Core, And Frostmoon Rings",none,
book_document_objective,OBJ-001068,OBJ-001068,,The Sallow Regent,,book_document,black_book_title,,,main_route,dragonborn,black_book,1,White Ridge Barrow: White Ridge Barrow.,,,,,,Y,objective,4,Y,Y,Y,Y,N,N,N,N,N,book_document_objective_covered,confirmed_complete | held_for_later | placed_in_guide,complete | held_for_lost_knowledge | held_for_lost_knowledge_white_ridge,"Books, Spells, and Documents | Fahlbtharz, Deathbrand, And Karstaag | Miraak Finale, Lost Knowledge, And Last Black Books | Tel Mithryn, Nchardak, And Kagrumez",none,
book_document_objective,OBJ-001069,OBJ-001069,,Filament and Filigree,,book_document,black_book_title,,,main_route,dragonborn,black_book,1,Kolbjorn Barrow: Kolbjorn Barrow.,,,,,,Y,objective,2,Y,Y,Y,Y,N,N,N,N,N,book_document_objective_covered,confirmed_complete | placed_in_guide,complete,"Books, Spells, and Documents | Kolbjorn Excavation And Raven Rock West",none,
book_document_objective,OBJ-001070,OBJ-001070,,The Hidden Twilight,,book_document,black_book_title,,,main_route,dragonborn,black_book,1,Tel Mithryn Staff Enchanter Room: Tel Mithryn Staff Enchanter Room.,,,,,,Y,objective,2,Y,Y,Y,Y,N,N,N,N,N,book_document_objective_covered,confirmed_complete | placed_in_guide,complete,"Books, Spells, and Documents | Tel Mithryn, Nchardak, And Kagrumez",none,
book_document_objective,OBJ-001071,OBJ-001071,,"Unknown Book, Vol. I",,book_document,quest_book_title,,,main_route,dawnguard,quest_book,1,"Forgotten Vale: Forgotten Vale, among ruins between the Wayshrine of Learning and Wayshrine of Sight, next to a chest held by a skeleton.",,,,,,Y,objective,1,Y,Y,N,Y,N,N,N,N,N,book_document_objective_covered,placed_in_guide,complete,Dawnguard Worldspaces,none,
book_document_objective,OBJ-001072,OBJ-001072,,"Unknown Book, Vol. II",,book_document,quest_book_title,,,main_route,dawnguard,quest_book,1,"Forgotten Vale Overlook: Forgotten Vale Overlook, reached by using the Emerald Paragon at the Paragon Platform; near a chest by the waterfall.",,,,,,Y,objective,1,Y,N,N,Y,N,N,N,N,N,book_document_objective_covered,placed_in_guide,complete,Dawnguard Worldspaces,none,
book_document_objective,OBJ-001073,OBJ-001073,,"Unknown Book, Vol. III",,book_document,quest_book_title,,,main_route,dawnguard,quest_book,1,"Forgotten Vale near Glacial Crevice: Forgotten Vale south near Glacial Crevice, inside an eastern lone Falmer tent on a table.",,,,,,Y,objective,1,Y,N,N,Y,N,N,N,N,N,book_document_objective_covered,placed_in_guide,complete,Dawnguard Worldspaces,none,
book_document_objective,OBJ-001074,OBJ-001074,,"Unknown Book, Vol. IV",,book_document,quest_book_title,,,main_route,dawnguard,quest_book,1,"Forgotten Vale Falmer village: Forgotten Vale, inside the Falmer chieftain's hut before the tunnel to the Shrine of Radiance.",,,,,,Y,objective,1,Y,N,N,Y,N,N,N,N,N,book_document_objective_covered,placed_in_guide,complete,Dawnguard Worldspaces,none,
book_document_objective,OBJ-001075,OBJ-001075,,The Betrayed,,book_document,quest_book_title,,,main_route,dawnguard,quest_book,1,"The Arcanaeum: Urag gro-Shub gives this translated copy when buying Unknown Book, Vol. I.",,,,,,Y,objective,1,Y,N,N,Y,N,N,N,N,N,book_document_objective_covered,placed_in_guide,complete,Dawnguard Worldspaces,none,
book_document_objective,OBJ-001076,OBJ-001076,,Journal of Mirtil Angoth,,book_document,quest_book_title,,,main_route,dawnguard,quest_book,1,"The Arcanaeum: Urag gro-Shub gives this translated copy when buying Unknown Book, Vol. II.",,,,,,Y,objective,1,Y,N,N,Y,N,N,N,N,N,book_document_objective_covered,placed_in_guide,complete,Dawnguard Worldspaces,none,
book_document_objective,OBJ-001077,OBJ-001077,,Diary of Faire Agarwen,,book_document,quest_book_title,,,main_route,dawnguard,quest_book,1,"The Arcanaeum: Urag gro-Shub gives this translated copy when buying Unknown Book, Vol. III.",,,,,,Y,objective,1,Y,N,N,Y,N,N,N,N,N,book_document_objective_covered,placed_in_guide,complete,Dawnguard Worldspaces,none,
book_document_objective,OBJ-001078,OBJ-001078,,Touching the Sky,,book_document,quest_book_title,,,main_route,dawnguard,quest_book,1,"The Arcanaeum: Urag gro-Shub gives this translated copy when buying Unknown Book, Vol. IV.",,,,,,Y,objective,1,Y,N,N,Y,N,N,N,N,N,book_document_objective_covered,placed_in_guide,complete,Dawnguard Worldspaces,none,
book_document_objective,OBJ-001079,OBJ-001079,,Oghma Infinium,,book_document,unique_book_title,,,main_route,base_game,unique_book,1,Septimus Signus's Outpost: Septimus Signus's Outpost; reward from Discerning the Transmundane.,progression_policy,selected_late_gap_closer,"Read/use late on the skill group with the largest remaining pre-100 gap; if the final route needs a fixed default, use Magic unless TB-034/TB-037 final skill-state math chooses otherwise.",Discerning the Transmundane / Oghma Infinium,Acquire through the controlled Septimus window; do not use until progression math is known.,Y,objective,4,Y,Y,N,Y,N,N,N,N,N,book_document_objective_covered,audited_not_completed_here | late_gap_closer_used | placed_in_guide | use_staged_for_all_perks_loop,acquired_use_staged | complete_after_book_choice_verified | staged_for_late_progression_use,"All-Perks Loop | Blades Research Blackreach And The Fallen | Books, Spells, and Documents | College Errands Arniel Septimus And Aetherium",none,
book_document_objective,OBJ-001080,OBJ-001080,,Elder Scroll (Dragon),,book_document,unique_book_title,,,main_route,base_game,unique_book,2,Tower of Mzark: Retrieve from the Tower of Mzark in Blackreach with Septimus Signus helping during Discerning the Transmundane.,,,,,,Y,objective,3,Y,Y,Y,Y,N,N,N,N,N,book_document_objective_covered,audited_not_completed_here | placed_in_guide | used_in_guide,complete | complete_prior_row_preserved | staged_for_elder_knowledge_blackreach,Blades Research Blackreach And The Fallen | College Errands Arniel Septimus And Aetherium | Dawnguard Worldspaces,none,
book_document_objective,OBJ-001081,OBJ-001081,,Elder Scroll (Sun),,book_document,unique_book_title,,,main_route,dawnguard,unique_book,1,Dimhollow Crypt: Originally carried by Serana when she is freed from Dimhollow Crypt during Awakening.,,,,,,Y,objective,2,Y,N,Y,Y,N,N,N,N,Y,book_document_objective_covered,staged_in_guide | used_in_guide,complete_prior_row_preserved | in_serana_custody_for_dawnguard_chain,Dawnguard Fork And Volkihar Branch | Dawnguard Worldspaces,none,
book_document_objective,OBJ-001082,OBJ-001082,,Elder Scroll (Blood),,book_document,unique_book_title,,,main_route,dawnguard,unique_book,1,Soul Cairn: Recover from Valerica in the Soul Cairn during Beyond Death.,,,,,,Y,objective,1,Y,N,N,Y,N,N,N,N,N,book_document_objective_covered,placed_in_guide,complete,Dawnguard Worldspaces,none,
book_document_objective,OBJ-001083,OBJ-001083,,Wind and Sand,,book_document,quest_book_title,,,main_route,dragonborn,quest_book,1,"Radiant dungeon target: Radiant location selected from Dragon lair, dragon priest lair, draugr crypt, Falmer hive, Forsworn camp, hagraven nest, vampire lair, or warlock lair.",,,,,,Y,objective,1,Y,N,N,Y,N,N,N,N,N,book_document_objective_covered,held_for_later,held_for_wind_and_sand_radiant,"Tel Mithryn, Nchardak, And Kagrumez",none,
book_document_objective,OBJ-001084,OBJ-001084,,Admonition Against Ebony,,book_document,quest_book_title,,,main_route,base_game,quest_book,1,,,,,,,Y,objective,1,Y,N,N,Y,N,N,N,N,N,book_document_objective_covered,held_for_level20_whispering_door,staged_for_level20_whispering_door,First Day In Whiterun,none,
book_document_objective,OBJ-001085,OBJ-001085,,Adonato's Book,,book_document,quest_book_title,,,main_route,base_game,quest_book,1,,,,,,,Y,objective,1,Y,N,N,Y,N,N,N,N,N,book_document_objective_covered,placed_in_guide,complete,Windhelm Murder Investigation And White Phial,none,
book_document_objective,OBJ-001086,OBJ-001086,,Aeri's Note,,book_document,quest_book_title,,,main_route,base_game,quest_book,1,,,,,,,Y,objective,1,Y,N,N,Y,N,N,N,N,N,book_document_objective_covered,placed_in_guide,complete,First Brotherhood Contracts And Muiri's Revenge,none,
book_document_objective,OBJ-001087,OBJ-001087,,The Aetherium Wars,,book_document,quest_book_title,,,main_route,dawnguard,quest_book,27,,,,,,,Y,objective,5,Y,Y,N,Y,Y,N,N,N,N,book_document_objective_covered,audited_not_routed_here | book_not_routed_here | duplicate_copy_left_unopened | placed_in_guide | same_location_left_unopened,already_completed_mr020 | completed_now | staged_for_aetherium_route | staged_for_later_aetherium_route | staged_with_reason,"Arkngthamz And The First Aetherium Shards | Bards College Lost Library And Instrument Roads | Dawnstar, Pale Blade, And Heljarchen | First Day In Whiterun | Riften Thaneship Frost And Rift Roads",none,
book_document_objective,OBJ-001088,OBJ-001088,,Afflicted's Note,,book_document,quest_book_title,,,main_route,base_game,quest_book,1,,,,,,,Y,objective,1,Y,Y,N,Y,N,N,N,N,N,book_document_objective_covered,placed_in_guide,completed_now,Peryite's Shrine And Bthardamz,none,
book_document_objective,OBJ-001089,OBJ-001089,,Aicantar's Lab Journal,,book_document,quest_book_title,,,main_route,base_game,quest_book,1,,,,,,,Y,objective,1,Y,Y,N,Y,N,N,N,N,N,book_document_objective_covered,placed_in_guide,complete,Nightingale Rewards And The Skeleton Key,none,
book_document_objective,OBJ-001090,OBJ-001090,,Alchemist's Note,,book_document,quest_book_title,,,main_route,base_game,quest_book,1,,,,,,,Y,objective,1,Y,Y,N,Y,Y,N,Y,Y,N,book_document_objective_route_resolution_recorded,needs_route_resolution_added,NEEDS ROUTE RESOLUTION,Final Reconciliation open route-resolution items,none_existing_route_resolution,
book_document_objective,OBJ-001091,OBJ-001091,,Alethius's Notes,,book_document,quest_book_title,,,main_route,base_game,quest_book,1,,,,,,,Y,objective,1,Y,N,N,Y,N,N,N,N,N,book_document_objective_covered,acquired_now,complete,Markarth Nchuand-Zel And Old Hroldan,none,
book_document_objective,OBJ-001092,OBJ-001092,,Alva's Journal,,book_document,quest_book_title,,,main_route,base_game,quest_book,1,,,,,,,Y,objective,1,Y,N,N,Y,N,N,N,N,N,book_document_objective_covered,placed_in_guide,complete,High Hrothgar Ustengrav Morthal And The Embassy,none,
book_document_objective,OBJ-001093,OBJ-001093,,Amaund Motierre's Sealed Letter,,book_document,quest_book_title,,,main_route,base_game,quest_book,1,UESP member page lists this as a quest-related book/document but does not list a fixed acquisition location; exact acquisition context deferred.,,,,,,Y,objective,1,Y,N,N,N,N,N,N,N,N,book_document_objective_covered,placed_in_guide,complete,"Whispers, Solitude Jobs, And The Wedding Assassination",none,
book_document_objective,OBJ-001094,OBJ-001094,,Ancient Edict,,book_document,quest_book_title,,,main_route,base_game,quest_book,1,,,,,,,Y,objective,1,Y,Y,N,Y,N,N,N,N,N,book_document_objective_covered,placed_in_guide,complete,Gauldur Legend Finale,none,
book_document_objective,OBJ-001095,OBJ-001095,,Anders's Message,,book_document,quest_book_title,,,main_route,base_game,quest_book,1,,,,,,,Y,objective,1,Y,Y,N,Y,N,N,N,N,N,book_document_objective_covered,placed_in_guide,complete,Nightingale Rewards And The Skeleton Key,none,
book_document_objective,OBJ-001096,OBJ-001096,,Annals of the Dragonguard,,book_document,quest_book_title,,,main_route,base_game,quest_book,1,,,,,,,Y,objective,1,Y,Y,N,Y,N,N,N,N,N,book_document_objective_covered,placed_in_guide,complete,Main Quest Staging Before Sky Haven,none,
book_document_objective,OBJ-001097,OBJ-001097,,Arcana Restored,,book_document,quest_book_title,,,main_route,base_game,quest_book,1,,,,,,,Y,objective,1,Y,Y,Y,Y,Y,N,Y,Y,N,book_document_objective_route_resolution_recorded,needs_route_resolution_added,NEEDS ROUTE RESOLUTION,Final Reconciliation open route-resolution items,none_existing_route_resolution,
book_document_objective,OBJ-001098,OBJ-001098,,Argonian Ceremony,,book_document,quest_book_title,,,main_route,base_game,quest_book,1,,,,,,,Y,objective,1,Y,Y,N,Y,Y,N,Y,Y,N,book_document_objective_route_resolution_recorded,needs_route_resolution_added,NEEDS ROUTE RESOLUTION,Final Reconciliation open route-resolution items,none_existing_route_resolution,
book_document_objective,OBJ-001099,OBJ-001099,,"Arondil's Journal, Part 1",,book_document,quest_book_title,,,main_route,base_game,quest_book,1,,,,,,,Y,objective,1,Y,N,N,Y,N,N,N,N,N,book_document_objective_covered,placed_in_guide,complete,"Dawnstar, Pale Blade, And Heljarchen",none,
book_document_objective,OBJ-001100,OBJ-001100,,"Arondil's Journal, Part 2",,book_document,quest_book_title,,,main_route,base_game,quest_book,1,,,,,,,Y,objective,1,Y,N,N,Y,N,N,N,N,N,book_document_objective_covered,placed_in_guide,complete,"Dawnstar, Pale Blade, And Heljarchen",none,
book_document_objective,OBJ-001101,OBJ-001101,,"Arondil's Journal, Part 3",,book_document,quest_book_title,,,main_route,base_game,quest_book,1,,,,,,,Y,objective,1,Y,N,N,Y,N,N,N,N,N,book_document_objective_covered,placed_in_guide,complete,"Dawnstar, Pale Blade, And Heljarchen",none,
book_document_objective,OBJ-001102,OBJ-001102,,"Arondil's Journal, Part 4",,book_document,quest_book_title,,,main_route,base_game,quest_book,1,,,,,,,Y,objective,1,Y,N,N,Y,N,N,N,N,N,book_document_objective_covered,placed_in_guide,complete,"Dawnstar, Pale Blade, And Heljarchen",none,
book_document_objective,OBJ-001103,OBJ-001103,,Arvel's Journal,,book_document,quest_book_title,,,main_route,base_game,quest_book,1,,,,,,,Y,objective,1,Y,Y,N,Y,N,N,N,N,N,book_document_objective_covered,completed_now,complete,Bleak Falls Barrow And First Dragon,none,
book_document_objective,OBJ-001104,OBJ-001104,,Attention Employees!,,book_document,quest_book_title,,,main_route,base_game,quest_book,1,,,,,,,Y,objective,1,Y,N,N,Y,N,N,N,N,N,book_document_objective_covered,acquired_now,complete,Riften Thaneship Frost And Rift Roads,none,
book_document_objective,OBJ-001105,OBJ-001105,,Balmora Blue Note,,book_document,quest_book_title,,,main_route,base_game,quest_book,1,,,,,,,Y,objective,2,Y,Y,N,Y,N,N,N,N,N,book_document_objective_covered,not_acquired_here | placed_in_guide,complete | staged_for_dainty_sload_bundle,"Solitude Coast Wild Horse And Wolfskull | Whispers, Solitude Jobs, And The Wedding Assassination",none,
book_document_objective,OBJ-001106,OBJ-001106,,Beware the Butcher!,,book_document,quest_book_title,,,main_route,base_game,quest_book,2,,,,,,,Y,objective,1,Y,N,N,Y,N,N,N,N,N,book_document_objective_covered,placed_in_guide,complete,Windhelm Murder Investigation And White Phial,none,
book_document_objective,OBJ-001107,OBJ-001107,,Blood Horker Orders,,book_document,quest_book_title,,,main_route,base_game,quest_book,1,,,,,,,Y,objective,1,Y,Y,N,Y,Y,N,Y,Y,N,book_document_objective_route_resolution_recorded,needs_route_resolution_added,NEEDS ROUTE RESOLUTION,Final Reconciliation open route-resolution items,none_existing_route_resolution,
book_document_objective,OBJ-001108,OBJ-001108,,Bloodstained note,,book_document,quest_book_title,,,main_route,base_game,quest_book,1,,,,,,,Y,objective,1,Y,Y,N,Y,Y,N,N,N,N,book_document_objective_covered,duplicate_covered_by_existing_route,complete,Dawnstar Pale coast route,none,
book_document_objective,OBJ-001109,OBJ-001109,,Boethiah's Proving,,book_document,quest_book_title,,,main_route,base_game,quest_book,7,,,,,,,Y,objective,2,Y,Y,N,Y,N,N,N,N,N,book_document_objective_covered,not_read_here | quest_book_left_unopened,staged_for_boethiah_daedric_route | staged_for_boethiah_level_30_route,Bards College Lost Library And Instrument Roads | Markarth Nchuand-Zel And Old Hroldan,none,
book_document_objective,OBJ-001110,OBJ-001110,,Bounty (bandits),,book_document,quest_book_title,,,main_route,base_game,quest_book,1,,,,,,,Y,objective,1,N,N,N,Y,N,N,Y,N,N,book_document_objective_route_resolution_recorded,needs_route_resolution_added,NEEDS ROUTE RESOLUTION,Final Reconciliation open route-resolution items,none_existing_route_resolution,
book_document_objective,OBJ-001111,OBJ-001111,,Bounty (dragon),,book_document,quest_book_title,,,main_route,base_game,quest_book,1,,,,,,,Y,objective,1,N,N,N,Y,N,N,Y,N,N,book_document_objective_route_resolution_recorded,needs_route_resolution_added,NEEDS ROUTE RESOLUTION,Final Reconciliation open route-resolution items,none_existing_route_resolution,
book_document_objective,OBJ-001112,OBJ-001112,,Bounty (forsworn),,book_document,quest_book_title,,,main_route,base_game,quest_book,1,,,,,,,Y,objective,1,N,N,N,Y,N,N,Y,N,N,book_document_objective_route_resolution_recorded,needs_route_resolution_added,NEEDS ROUTE RESOLUTION,Final Reconciliation open route-resolution items,none_existing_route_resolution,
book_document_objective,OBJ-001113,OBJ-001113,,Bounty (giant),,book_document,quest_book_title,,,main_route,base_game,quest_book,1,,,,,,,Y,objective,1,N,N,N,Y,N,N,Y,N,N,book_document_objective_route_resolution_recorded,needs_route_resolution_added,NEEDS ROUTE RESOLUTION,Final Reconciliation open route-resolution items,none_existing_route_resolution,
book_document_objective,OBJ-001114,OBJ-001114,,Brothers of Darkness,,book_document,quest_book_title,,,main_route,base_game,quest_book,1,,,,,,,Y,objective,1,Y,N,N,Y,N,N,N,N,N,book_document_objective_covered,placed_in_guide,complete,"Security, Shadowmere, And The Brotherhood Endgame",none,
book_document_objective,OBJ-001115,OBJ-001115,,Butcher Journal,,book_document,quest_book_title,,,main_route,base_game,quest_book,1,,,,,,,Y,objective,1,Y,Y,N,Y,N,N,N,N,N,book_document_objective_covered,placed_in_guide,complete,Windhelm Murder Investigation And White Phial,none,
book_document_objective,OBJ-001116,OBJ-001116,,Butcher Journal 1,,book_document,quest_book_title,,,main_route,base_game,quest_book,1,,,,,,,Y,objective,1,Y,N,N,Y,N,N,N,N,N,book_document_objective_covered,placed_in_guide,complete,Windhelm Murder Investigation And White Phial,none,
book_document_objective,OBJ-001117,OBJ-001117,,Butcher Journal 2,,book_document,quest_book_title,,,main_route,base_game,quest_book,1,,,,,,,Y,objective,1,Y,N,N,Y,N,N,N,N,N,book_document_objective_covered,placed_in_guide,complete,Windhelm Murder Investigation And White Phial,none,
book_document_objective,OBJ-001118,OBJ-001118,,Children of the Sky,,book_document,quest_book_title,,,main_route,base_game,quest_book,2,,,,,,,Y,objective,2,Y,Y,N,Y,N,N,N,N,N,book_document_objective_covered,acquired_now | already_completed_prior,complete | complete_in_mr015,Goldenglow Honningbrew Solitude And Snow Veil | Main Quest Staging Before Sky Haven,none,
book_document_objective,OBJ-001119,OBJ-001119,,Chronicles of Nchuleft,,book_document,quest_book_title,,,main_route,base_game,quest_book,1,,,,,,,Y,objective,1,Y,Y,N,Y,Y,N,Y,Y,N,book_document_objective_route_resolution_recorded,needs_route_resolution_added,NEEDS ROUTE RESOLUTION,Final Reconciliation open route-resolution items,none_existing_route_resolution,
book_document_objective,OBJ-001120,OBJ-001120,,Cleansing of the Fane,,book_document,quest_book_title,,,main_route,base_game,quest_book,1,UESP member page lists this as a quest-related book/document but does not list a fixed acquisition location; exact acquisition context deferred.,,,,,,Y,objective,1,Y,Y,N,N,Y,N,Y,Y,N,book_document_objective_route_resolution_recorded,needs_route_resolution_added,NEEDS ROUTE RESOLUTION,Final Reconciliation open route-resolution items,none_existing_route_resolution,
book_document_objective,OBJ-001121,OBJ-001121,,Contract (Murder),,book_document,quest_book_title,,,main_route,base_game,quest_book,1,,,,,,,Y,objective,1,Y,Y,N,Y,Y,N,Y,Y,N,book_document_objective_route_resolution_recorded,needs_route_resolution_added,NEEDS ROUTE RESOLUTION,Final Reconciliation open route-resolution items,none_existing_route_resolution,
book_document_objective,OBJ-001122,OBJ-001122,,Contract (Theft),,book_document,quest_book_title,,,main_route,base_game,quest_book,1,,,,,,,Y,objective,1,Y,Y,N,Y,Y,N,Y,Y,N,book_document_objective_route_resolution_recorded,needs_route_resolution_added,NEEDS ROUTE RESOLUTION,Final Reconciliation open route-resolution items,none_existing_route_resolution,
book_document_objective,OBJ-001123,OBJ-001123,,Daynas Valen's Journal,,book_document,quest_book_title,,,main_route,base_game,quest_book,1,,,,,,,Y,objective,1,Y,Y,N,Y,N,N,N,N,N,book_document_objective_covered,placed_in_guide,complete,Potema Shield Of Solitude And Bone Wolf,none,
book_document_objective,OBJ-001124,OBJ-001124,,Daynas Valen's Notes,,book_document,quest_book_title,,,main_route,base_game,quest_book,1,,,,,,,Y,objective,1,Y,Y,N,Y,N,N,N,N,N,book_document_objective_covered,placed_in_guide,complete,Potema Shield Of Solitude And Bone Wolf,none,
book_document_objective,OBJ-001125,OBJ-001125,,"Discovering Ruunvald, Vol. I",,book_document,quest_book_title,,,main_route,dawnguard,quest_book,1,,,,,,,Y,objective,1,Y,N,N,Y,N,N,N,N,N,book_document_objective_covered,placed_in_guide,complete,Fort Dawnguard Recruits Prophet And Lost Relics,none,
book_document_objective,OBJ-001126,OBJ-001126,,"Discovering Ruunvald, Vol. II",,book_document,quest_book_title,,,main_route,dawnguard,quest_book,1,,,,,,,Y,objective,1,Y,N,N,Y,N,N,N,N,N,book_document_objective_covered,placed_in_guide,complete,Fort Dawnguard Recruits Prophet And Lost Relics,none,
book_document_objective,OBJ-001127,OBJ-001127,,"Discovering Ruunvald, Vol. III",,book_document,quest_book_title,,,main_route,dawnguard,quest_book,1,,,,,,,Y,objective,1,Y,N,N,Y,N,N,N,N,N,book_document_objective_covered,placed_in_guide,complete,Fort Dawnguard Recruits Prophet And Lost Relics,none,
book_document_objective,OBJ-001128,OBJ-001128,,"Discovering Ruunvald, Vol. IV",,book_document,quest_book_title,,,main_route,dawnguard,quest_book,1,,,,,,,Y,objective,1,Y,N,N,Y,N,N,N,N,N,book_document_objective_covered,placed_in_guide,complete,Fort Dawnguard Recruits Prophet And Lost Relics,none,
book_document_objective,OBJ-001129,OBJ-001129,,Dragon Investigation: Current Status,,book_document,quest_book_title,,,main_route,base_game,quest_book,1,,,,,,,Y,objective,1,Y,Y,N,Y,N,N,N,N,N,book_document_objective_covered,placed_in_guide,complete,Main Quest Staging Before Sky Haven,none,
book_document_objective,OBJ-001130,OBJ-001130,,The Dreamstride,,book_document,quest_book_title,,,main_route,base_game,quest_book,1,,,,,,,Y,objective,1,Y,Y,N,Y,N,N,N,N,N,book_document_objective_covered,placed_in_guide,complete,"Dawnstar, Vaermina, And Cold-Weather Setup",none,
book_document_objective,OBJ-001131,OBJ-001131,,Dryston's Note,,book_document,quest_book_title,,,main_route,base_game,quest_book,1,,,,,,,Y,objective,1,Y,N,N,Y,N,N,N,N,N,book_document_objective_covered,acquired_now,complete,Markarth Prison Daedric Rites And Reach Redoubts,none,
book_document_objective,OBJ-001132,OBJ-001132,,Dwarven Haul,,book_document,quest_book_title,,,main_route,dawnguard,quest_book,1,,,,,,,Y,objective,1,Y,N,N,Y,N,N,N,N,N,book_document_objective_covered,placed_conditional,conditional_complete_when_spawned,Fort Dawnguard Recruits Prophet And Lost Relics,none,
book_document_objective,OBJ-001133,OBJ-001133,,East Empire Connection,,book_document,quest_book_title,,,main_route,base_game,quest_book,1,,,,,,,Y,objective,1,Y,Y,N,Y,N,N,N,N,N,book_document_objective_covered,acquired_now,complete,Goldenglow Honningbrew Solitude And Snow Veil,none,
book_document_objective,OBJ-001134,OBJ-001134,,Eisa's Journal,,book_document,quest_book_title,,,main_route,base_game,quest_book,1,,,,,,,Y,objective,1,Y,N,N,Y,N,N,N,N,N,book_document_objective_covered,placed_in_guide,complete,"Dawnstar, Pale Blade, And Heljarchen",none,
book_document_objective,OBJ-001135,OBJ-001135,,Eltrys' Note,,book_document,quest_book_title,,,main_route,base_game,quest_book,1,,,,,,,Y,objective,1,Y,Y,N,Y,N,N,N,N,N,book_document_objective_covered,acquired_and_read_now,complete,Markarth Nchuand-Zel And Old Hroldan,none,
book_document_objective,OBJ-001136,OBJ-001136,,Erj's Notes,,book_document,quest_book_title,,,main_route,base_game,quest_book,1,,,,,,,Y,objective,1,Y,N,N,Y,N,N,N,N,N,book_document_objective_covered,acquired_now,complete,Markarth Nchuand-Zel And Old Hroldan,none,
book_document_objective,OBJ-001137,OBJ-001137,,Faendal's Fake Letter from Sven,,book_document,quest_book_title,,,main_route,base_game,quest_book,1,,,,,,,Y,objective,1,Y,N,N,Y,N,N,N,N,N,book_document_objective_covered,acquired_and_delivered_now,complete_for_route_handling,Helgen Riverwood And First Survival Loop,none,
book_document_objective,OBJ-001138,OBJ-001138,,Faleen's Letter to Calcelmo,,book_document,quest_book_title,,,main_route,base_game,quest_book,1,,,,,,,Y,objective,1,Y,N,N,Y,N,N,N,N,N,book_document_objective_covered,acquired_now,complete,Markarth Nchuand-Zel And Old Hroldan,none,
book_document_objective,OBJ-001139,OBJ-001139,,Faralda's Notes,,book_document,quest_book_title,,,main_route,base_game,quest_book,1,,,,,,,Y,objective,1,Y,Y,N,Y,Y,N,Y,Y,N,book_document_objective_route_resolution_recorded,needs_route_resolution_added,NEEDS ROUTE RESOLUTION,Final Reconciliation open route-resolution items,none_existing_route_resolution,
book_document_objective,OBJ-001140,OBJ-001140,,Father's Missive,,book_document,quest_book_title,,,main_route,base_game,quest_book,1,,,,,,,Y,objective,1,Y,N,N,Y,N,N,N,N,N,book_document_objective_covered,acquired_now,complete,Southern Warm Corridor,none,
book_document_objective,OBJ-001141,OBJ-001141,,First Letter from Linwe,,book_document,quest_book_title,,,main_route,base_game,quest_book,1,,,,,,,Y,objective,1,Y,Y,N,Y,N,N,N,N,N,book_document_objective_covered,placed_in_guide,complete,Guild Restoration And Amulet Of Articulation,none,
book_document_objective,OBJ-001142,OBJ-001142,,Fragment: On Artaeum,,book_document,quest_book_title,,,main_route,base_game,quest_book,2,,,,,,,Y,objective,1,Y,N,N,Y,N,N,N,N,N,book_document_objective_covered,placed_in_guide,complete,Fellglow Keep And Good Intentions,none,
book_document_objective,OBJ-001143,OBJ-001143,,Frost's Identity Papers,,book_document,quest_book_title,,,main_route,base_game,quest_book,1,,,,,,,Y,objective,1,Y,N,N,Y,N,N,N,N,N,book_document_objective_covered,acquired_now,complete,Riften Thaneship Frost And Rift Roads,none,
book_document_objective,OBJ-001144,OBJ-001144,,Gaius Maro's Schedule,,book_document,quest_book_title,,,main_route,base_game,quest_book,1,,,,,,,Y,objective,1,Y,Y,N,Y,N,N,N,N,N,book_document_objective_covered,placed_in_guide,complete,"Security, Shadowmere, And The Brotherhood Endgame",none,
book_document_objective,OBJ-001145,OBJ-001145,,Gallus's Encoded Journal,,book_document,quest_book_title,,,main_route,base_game,quest_book,1,,,,,,,Y,objective,1,Y,N,N,Y,N,N,N,N,N,book_document_objective_covered,acquired_now,complete,Goldenglow Honningbrew Solitude And Snow Veil,none,
book_document_objective,OBJ-001146,OBJ-001146,,Geirmund's Epitaph,,book_document,quest_book_title,,,main_route,base_game,quest_book,1,,,,,,,Y,objective,1,Y,Y,N,Y,N,N,N,N,N,book_document_objective_covered,placed_in_guide,complete,Gauldur Legend Finale,none,
book_document_objective,OBJ-001147,OBJ-001147,,Gissur's Note,,book_document,quest_book_title,,,main_route,base_game,quest_book,1,,,,,,,Y,objective,1,Y,N,N,Y,N,N,N,N,N,book_document_objective_covered,conditional_in_guide,conditional_complete,Main Quest Staging Before Sky Haven,none,
book_document_objective,OBJ-001148,OBJ-001148,,Glories and Laments,,book_document,quest_book_title,,,main_route,base_game,quest_book,1,,,,,,,Y,objective,1,Y,N,N,Y,N,N,N,N,N,book_document_objective_covered,placed_in_guide,complete,"Security, Shadowmere, And The Brotherhood Endgame",none,
book_document_objective,OBJ-001149,OBJ-001149,,Goldenglow Bill of Sale (Gulum-Ei),,book_document,quest_book_title,,,main_route,base_game,quest_book,1,,,,,,,Y,objective,1,Y,N,N,Y,N,N,N,N,N,book_document_objective_covered,acquired_now,complete,Goldenglow Honningbrew Solitude And Snow Veil,none,
book_document_objective,OBJ-001150,OBJ-001150,,Goldenglow Bill of Sale (safe),,book_document,quest_book_title,,,main_route,base_game,quest_book,1,,,,,,,Y,objective,1,Y,Y,N,Y,N,N,N,N,N,book_document_objective_covered,acquired_now,complete,Goldenglow Honningbrew Solitude And Snow Veil,none,
book_document_objective,OBJ-001151,OBJ-001151,,Gorm's Letter,,book_document,quest_book_title,,,main_route,base_game,quest_book,1,,,,,,,Y,objective,1,Y,N,N,Y,N,N,N,N,N,book_document_objective_covered,placed_in_guide,complete,High Hrothgar Ustengrav Morthal And The Embassy,none,
book_document_objective,OBJ-001152,OBJ-001152,,Gourmet's Writ of Passage,,book_document,quest_book_title,,,main_route,base_game,quest_book,1,,,,,,,Y,objective,1,Y,N,N,Y,N,N,N,N,N,book_document_objective_covered,placed_in_guide,complete,"Security, Shadowmere, And The Brotherhood Endgame",none,
book_document_objective,OBJ-001153,OBJ-001153,,Gulum-Ei's Confession,,book_document,quest_book_title,,,main_route,base_game,quest_book,1,,,,,,,Y,objective,1,N,N,N,Y,N,N,N,N,Y,book_document_objective_covered,branch_experienced,branch_reloaded,Goldenglow Honningbrew Solitude And Snow Veil,none,
book_document_objective,OBJ-001154,OBJ-001154,,Habd's Death Letter,,book_document,quest_book_title,,,main_route,base_game,quest_book,1,,,,,,,Y,objective,1,Y,Y,N,Y,Y,N,Y,Y,N,book_document_objective_route_resolution_recorded,needs_route_resolution_added,NEEDS ROUTE RESOLUTION,Final Reconciliation open route-resolution items,none_existing_route_resolution,
book_document_objective,OBJ-001155,OBJ-001155,,Habd's Journal,,book_document,quest_book_title,,,main_route,base_game,quest_book,1,,,,,,,Y,objective,1,Y,Y,N,Y,N,N,N,N,N,book_document_objective_covered,redistributed_or_gated,complete,Retrospective redistributed regional sections; no player-facing Location Counter Sweep dump,none,
book_document_objective,OBJ-001156,OBJ-001156,,Hamelyn's Journal,,book_document,quest_book_title,,,main_route,base_game,quest_book,1,,,,,,,Y,objective,1,Y,Y,N,Y,N,N,N,N,N,book_document_objective_covered,acquired_now,complete,Goldenglow Honningbrew Solitude And Snow Veil,none,
book_document_objective,OBJ-001157,OBJ-001157,,Hanging Gardens,,book_document,quest_book_title,,,main_route,base_game,quest_book,2,,,,,,,Y,objective,1,Y,Y,N,Y,N,N,N,N,N,book_document_objective_covered,acquired_now,complete,Goldenglow Honningbrew Solitude And Snow Veil,none,
book_document_objective,OBJ-001158,OBJ-001158,,Hargar's Journal,,book_document,quest_book_title,,,main_route,base_game,quest_book,1,,,,,,,Y,objective,2,Y,Y,N,Y,N,N,N,N,N,book_document_objective_covered,not_acquired_here | redistributed_or_gated,complete | staged_for_lights_out_broken_oar_bundle,Retrospective redistributed regional sections; no player-facing Location Counter Sweep dump | Solitude Coast Wild Horse And Wolfskull,none,
book_document_objective,OBJ-001159,OBJ-001159,,Have Need of Cynric (Sabjorn),,book_document,quest_book_title,,,main_route,base_game,quest_book,1,,,,,,,Y,objective,1,Y,Y,N,Y,N,N,N,N,N,book_document_objective_covered,acquired_now,complete,Goldenglow Honningbrew Solitude And Snow Veil,none,
book_document_objective,OBJ-001160,OBJ-001160,,Heddic's Volunruud Notes,,book_document,quest_book_title,,,main_route,base_game,quest_book,1,,,,,,,Y,objective,1,Y,Y,N,Y,N,N,N,N,N,book_document_objective_covered,placed_in_guide,complete,"Whispers, Solitude Jobs, And The Wedding Assassination",none,
book_document_objective,OBJ-001161,OBJ-001161,,Idgrod's Note,,book_document,quest_book_title,,,main_route,base_game,quest_book,1,,,,,,,Y,objective,1,N,N,N,Y,N,N,N,N,N,book_document_objective_covered,placed_in_guide,complete,High Hrothgar Ustengrav Morthal And The Embassy,none,
book_document_objective,OBJ-001162,OBJ-001162,,Imperial Condolences,,book_document,quest_book_title,,,main_route,base_game,quest_book,1,,,,,,,Y,objective,1,Y,Y,N,Y,N,N,N,N,N,book_document_objective_covered,placed_in_guide,complete,Windhelm Follow-Up And Eastmarch Roads,none,
book_document_objective,OBJ-001163,OBJ-001163,,Imperial Missive (Battle-Born),,book_document,quest_book_title,,,main_route,base_game,quest_book,1,,,,,,,Y,objective,1,Y,N,N,Y,N,N,N,N,N,book_document_objective_covered,placed_in_guide,complete,Whiterun Property Western Caves Gray-Mane Rescue And Onmund,none,
book_document_objective,OBJ-001164,OBJ-001164,,Incriminating Letter (Anuriel),,book_document,quest_book_title,,,main_route,base_game,quest_book,1,,,,,,,Y,objective,1,Y,Y,N,Y,Y,N,Y,Y,N,book_document_objective_route_resolution_recorded,needs_route_resolution_added,NEEDS ROUTE RESOLUTION,Final Reconciliation open route-resolution items,none_existing_route_resolution,
book_document_objective,OBJ-001165,OBJ-001165,,Incriminating Letter,,book_document,quest_book_title,,,main_route,base_game,quest_book,1,,,,,,,Y,objective,1,Y,N,N,Y,N,N,N,N,N,book_document_objective_covered,placed_in_guide,complete,"Security, Shadowmere, And The Brotherhood Endgame",none,
book_document_objective,OBJ-001166,OBJ-001166,,Incriminating Letter,,book_document,quest_book_title,,,main_route,dawnguard,quest_book,1,UESP member page lists this as a quest-related book/document but does not list a fixed acquisition location; exact acquisition context deferred.,,,,,,Y,objective,1,Y,Y,N,N,Y,N,Y,Y,N,book_document_objective_route_resolution_recorded,needs_route_resolution_added,NEEDS ROUTE RESOLUTION,Final Reconciliation open route-resolution items,none_existing_route_resolution,
book_document_objective,OBJ-001167,OBJ-001167,,Invitation to Elenwen's Reception,,book_document,quest_book_title,,,main_route,base_game,quest_book,1,,,,,,,Y,objective,1,Y,N,N,Y,N,N,N,N,N,book_document_objective_covered,placed_in_guide,complete,Main Quest Staging Before Sky Haven,none,
book_document_objective,OBJ-001168,OBJ-001168,,Invocation of Azura,,book_document,quest_book_title,,,main_route,base_game,quest_book,1,,,,,,,Y,objective,1,Y,N,N,Y,N,N,N,N,N,book_document_objective_covered,placed_in_guide,complete,Bards College Lost Library And Instrument Roads,none,
book_document_objective,OBJ-001169,OBJ-001169,,Isabelle's Letter,,book_document,quest_book_title,,,main_route,base_game,quest_book,1,,,,,,,Y,objective,1,Y,N,N,Y,N,N,N,N,N,book_document_objective_covered,retrospectively_placed_in_guide,complete,"Bards College, Lost Library, And Instrument Roads",none,
book_document_objective,OBJ-001170,OBJ-001170,,J'datharr's Note,,book_document,quest_book_title,,,main_route,base_game,quest_book,1,,,,,,,Y,objective,1,Y,Y,N,Y,N,N,N,N,N,book_document_objective_covered,placed_in_guide,complete,Windhelm Follow-Up And Eastmarch Roads,none,
book_document_objective,OBJ-001171,OBJ-001171,,Jiub's Opus (Page 1),,book_document,quest_book_title,,,main_route,dawnguard,quest_book,1,,,,,,,Y,objective,1,Y,N,N,Y,N,N,N,N,N,book_document_objective_covered,placed_in_guide,complete,Dawnguard Worldspaces,none,
book_document_objective,OBJ-001172,OBJ-001172,,Jiub's Opus (Page 10),,book_document,quest_book_title,,,main_route,dawnguard,quest_book,1,,,,,,,Y,objective,1,Y,N,N,Y,N,N,N,N,N,book_document_objective_covered,placed_in_guide,complete,Dawnguard Worldspaces,none,
book_document_objective,OBJ-001173,OBJ-001173,,Jiub's Opus (Page 2),,book_document,quest_book_title,,,main_route,dawnguard,quest_book,1,,,,,,,Y,objective,1,Y,N,N,Y,N,N,N,N,N,book_document_objective_covered,placed_in_guide,complete,Dawnguard Worldspaces,none,
book_document_objective,OBJ-001174,OBJ-001174,,Jiub's Opus (Page 3),,book_document,quest_book_title,,,main_route,dawnguard,quest_book,1,,,,,,,Y,objective,1,Y,N,N,Y,N,N,N,N,N,book_document_objective_covered,placed_in_guide,complete,Dawnguard Worldspaces,none,
book_document_objective,OBJ-001175,OBJ-001175,,Jiub's Opus (Page 4),,book_document,quest_book_title,,,main_route,dawnguard,quest_book,1,,,,,,,Y,objective,1,Y,N,N,Y,N,N,N,N,N,book_document_objective_covered,placed_in_guide,complete,Dawnguard Worldspaces,none,
book_document_objective,OBJ-001176,OBJ-001176,,Jiub's Opus (Page 5),,book_document,quest_book_title,,,main_route,dawnguard,quest_book,1,,,,,,,Y,objective,1,Y,N,N,Y,N,N,N,N,N,book_document_objective_covered,placed_in_guide,complete,Dawnguard Worldspaces,none,
book_document_objective,OBJ-001177,OBJ-001177,,Jiub's Opus (Page 6),,book_document,quest_book_title,,,main_route,dawnguard,quest_book,1,,,,,,,Y,objective,1,Y,N,N,Y,N,N,N,N,N,book_document_objective_covered,placed_in_guide,complete,Dawnguard Worldspaces,none,
book_document_objective,OBJ-001178,OBJ-001178,,Jiub's Opus (Page 7),,book_document,quest_book_title,,,main_route,dawnguard,quest_book,1,,,,,,,Y,objective,1,Y,N,N,Y,N,N,N,N,N,book_document_objective_covered,placed_in_guide,complete,Dawnguard Worldspaces,none,
book_document_objective,OBJ-001179,OBJ-001179,,Jiub's Opus (Page 8),,book_document,quest_book_title,,,main_route,dawnguard,quest_book,1,,,,,,,Y,objective,1,Y,N,N,Y,N,N,N,N,N,book_document_objective_covered,placed_in_guide,complete,Dawnguard Worldspaces,none,
book_document_objective,OBJ-001180,OBJ-001180,,Jiub's Opus (Page 9),,book_document,quest_book_title,,,main_route,dawnguard,quest_book,1,,,,,,,Y,objective,1,Y,N,N,Y,N,N,N,N,N,book_document_objective_covered,placed_in_guide,complete,Dawnguard Worldspaces,none,
book_document_objective,OBJ-001181,OBJ-001181,,The Keepers of the Razor,,book_document,quest_book_title,,,main_route,base_game,quest_book,1,UESP member page lists this as a quest-related book/document but does not list a fixed acquisition location; exact acquisition context deferred.,,,,,,Y,objective,1,Y,N,N,N,N,N,N,N,N,book_document_objective_covered,placed_in_guide,complete,"Dawnstar, Vaermina, And Cold-Weather Setup",none,
book_document_objective,OBJ-001182,OBJ-001182,,King Olaf's Verse,,book_document,quest_book_title,,,main_route,base_game,quest_book,1,,,,,,,Y,objective,1,Y,N,N,Y,N,N,N,N,N,book_document_objective_covered,placed_in_guide,complete,Bards College Lost Library And Instrument Roads,none,
book_document_objective,OBJ-001183,OBJ-001183,,Krag's Journal,,book_document,quest_book_title,,,main_route,base_game,quest_book,1,,,,,,,Y,objective,1,Y,N,N,Y,N,N,N,N,N,book_document_objective_covered,acquired_now,complete,Markarth Nchuand-Zel And Old Hroldan,none,
book_document_objective,OBJ-001184,OBJ-001184,,Kyr's Bounty,,book_document,quest_book_title,,,main_route,base_game,quest_book,1,,,,,,,Y,objective,1,Y,N,N,Y,N,N,N,N,N,book_document_objective_covered,placed_in_guide,complete,"Dawnstar, Pale Blade, And Heljarchen",none,
book_document_objective,OBJ-001185,OBJ-001185,,Kyr's Log,,book_document,quest_book_title,,,main_route,base_game,quest_book,1,,,,,,,Y,objective,1,Y,N,N,Y,N,N,N,N,N,book_document_objective_covered,placed_in_guide,complete,"Dawnstar, Pale Blade, And Heljarchen",none,
book_document_objective,OBJ-001186,OBJ-001186,,Last King of the Ayleids,,book_document,quest_book_title,,,main_route,base_game,quest_book,1,,,,,,,Y,objective,1,Y,N,N,Y,Y,N,N,N,N,book_document_objective_covered,duplicate_covered_by_existing_route,complete,Fellglow Keep And Good Intentions,none,
book_document_objective,OBJ-001187,OBJ-001187,,The Last King of the Ayleids,,book_document,quest_book_title,,,main_route,base_game,quest_book,1,,,,,,,Y,objective,1,Y,N,N,Y,N,N,N,N,N,book_document_objective_covered,placed_in_guide,complete,Fellglow Keep And Good Intentions,none,
book_document_objective,OBJ-001188,OBJ-001188,,The Legend of Red Eagle,,book_document,quest_book_title,,,main_route,base_game,quest_book,39,,,,,,,Y,objective,4,Y,Y,N,Y,Y,N,N,N,Y,book_document_objective_covered,Jorrvaskr_copy_not_routed | conditional_acquired_if_red_eagle_target | quest_book_left_unopened | same_location_left_unopened,conditional_complete | staged_for_red_eagle_bundle | staged_for_red_eagle_route,"Bards College Lost Library And Instrument Roads | Companions Entry | Markarth Prison Daedric Rites And Reach Redoubts | Security, Shadowmere, And The Brotherhood Endgame",none,
book_document_objective,OBJ-001189,OBJ-001189,,The Legendary Scourge,,book_document,quest_book_title,,,main_route,base_game,quest_book,1,UESP member page lists this as a quest-related book/document but does not list a fixed acquisition location; exact acquisition context deferred.,,,,,,Y,objective,1,Y,Y,N,N,Y,N,Y,Y,N,book_document_objective_route_resolution_recorded,needs_route_resolution_added,NEEDS ROUTE RESOLUTION,Final Reconciliation open route-resolution items,none_existing_route_resolution,
book_document_objective,OBJ-001190,OBJ-001190,,Letter from a Friend,,book_document,quest_book_title,,,main_route,base_game,quest_book,1,,,,,,,Y,objective,1,Y,Y,N,Y,Y,N,Y,Y,N,book_document_objective_route_resolution_recorded,needs_route_resolution_added,NEEDS ROUTE RESOLUTION,Final Reconciliation open route-resolution items,none_existing_route_resolution,
book_document_objective,OBJ-001191,OBJ-001191,,Letter from Calcemo,,book_document,quest_book_title,,,main_route,base_game,quest_book,1,,,,,,,Y,objective,1,Y,Y,N,Y,Y,N,Y,Y,N,book_document_objective_route_resolution_recorded,needs_route_resolution_added,NEEDS ROUTE RESOLUTION,Final Reconciliation open route-resolution items,none_existing_route_resolution,
book_document_objective,OBJ-001192,OBJ-001192,,Letter from Falk Firebeard,,book_document,quest_book_title,,,main_route,base_game,quest_book,1,,,,,,,Y,objective,2,Y,Y,N,Y,N,N,N,N,N,book_document_objective_covered,courier_followup_staged | placed_in_guide,complete | staged_for_level_40_shield_gate,Potema Shield Of Solitude And Bone Wolf | Solitude Coast Wild Horse And Wolfskull,none,
book_document_objective,OBJ-001193,OBJ-001193,,Letter from Father,,book_document,quest_book_title,,,main_route,base_game,quest_book,1,,,,,,,Y,objective,1,Y,N,N,Y,N,N,N,N,N,book_document_objective_covered,placed_in_guide,complete,"Security, Shadowmere, And The Brotherhood Endgame",none,
book_document_objective,OBJ-001194,OBJ-001194,,Letter from Jarl (Jarl's Name),,book_document,quest_book_title,,,main_route,hearthfire,quest_book,1,,,,,,,Y,objective,1,Y,Y,N,Y,Y,N,Y,Y,N,book_document_objective_route_resolution_recorded,needs_route_resolution_added,NEEDS ROUTE RESOLUTION,Final Reconciliation open route-resolution items,none_existing_route_resolution,
book_document_objective,OBJ-001195,OBJ-001195,,Letter from Jarl (Jarl's Name) of (Jarl's City),,book_document,quest_book_title,,,main_route,hearthfire,quest_book,1,,,,,,,Y,objective,1,Y,Y,N,Y,Y,N,Y,Y,N,book_document_objective_route_resolution_recorded,needs_route_resolution_added,NEEDS ROUTE RESOLUTION,Final Reconciliation open route-resolution items,none_existing_route_resolution,
book_document_objective,OBJ-001196,OBJ-001196,,Letter from Olfina,,book_document,quest_book_title,,,main_route,base_game,quest_book,1,,,,,,,Y,objective,1,Y,N,N,Y,N,N,N,N,N,book_document_objective_covered,placed_in_guide,complete,Whiterun Property Western Caves Gray-Mane Rescue And Onmund,none,
book_document_objective,OBJ-001197,OBJ-001197,,Letter from Quintus Navale,,book_document,quest_book_title,,,main_route,base_game,quest_book,1,,,,,,,Y,objective,1,Y,N,N,Y,N,N,N,N,N,book_document_objective_covered,not_acquired_here,staged_for_repairing_the_phial,Windhelm Murder Investigation And White Phial,none,
book_document_objective,OBJ-001198,OBJ-001198,,Letter from Septimus Signus,,book_document,quest_book_title,,,main_route,base_game,quest_book,1,,,,,,,Y,objective,1,N,N,N,Y,N,N,N,Y,N,book_document_objective_covered,conditional_not_routed,not_applicable_level_state,Blades Research Blackreach And The Fallen,none,
book_document_objective,OBJ-001199,OBJ-001199,,Letter from Solitude,,book_document,quest_book_title,,,main_route,base_game,quest_book,1,,,,,,,Y,objective,1,Y,N,N,Y,N,N,N,N,N,book_document_objective_covered,placed_in_guide,complete,Guild Restoration And Amulet Of Articulation,none,
book_document_objective,OBJ-001200,OBJ-001200,,Letter from the Vampire,,book_document,quest_book_title,,,main_route,dawnguard,quest_book,1,,,,,,,Y,objective,1,Y,Y,N,Y,N,N,N,N,N,book_document_objective_covered,placed_in_guide,complete,Fort Dawnguard Recruits Prophet And Lost Relics,none,
book_document_objective,OBJ-001201,OBJ-001201,,Letter of Credit,,book_document,quest_book_title,,,main_route,base_game,quest_book,1,,,,,,,Y,objective,1,Y,N,N,Y,N,N,N,N,N,book_document_objective_covered,placed_in_guide,complete,"Whispers, Solitude Jobs, And The Wedding Assassination",none,
book_document_objective,OBJ-001202,OBJ-001202,,Letter of Inheritance,,book_document,quest_book_title,,,main_route,base_game,quest_book,1,,,,,,,Y,objective,1,Y,Y,N,Y,Y,N,Y,Y,N,book_document_objective_route_resolution_recorded,needs_route_resolution_added,NEEDS ROUTE RESOLUTION,Final Reconciliation open route-resolution items,none_existing_route_resolution,
book_document_objective,OBJ-001203,OBJ-001203,,Letter to Beem-Ja,,book_document,quest_book_title,,,main_route,base_game,quest_book,1,,,,,,,Y,objective,1,Y,Y,N,Y,Y,N,Y,Y,N,book_document_objective_route_resolution_recorded,needs_route_resolution_added,NEEDS ROUTE RESOLUTION,Final Reconciliation open route-resolution items,none_existing_route_resolution,
book_document_objective,OBJ-001204,OBJ-001204,,Letter to Golldir,,book_document,quest_book_title,,,main_route,base_game,quest_book,1,,,,,,,Y,objective,1,Y,Y,N,Y,Y,N,Y,Y,N,book_document_objective_route_resolution_recorded,needs_route_resolution_added,NEEDS ROUTE RESOLUTION,Final Reconciliation open route-resolution items,none_existing_route_resolution,
book_document_objective,OBJ-001205,OBJ-001205,,Letter to Salma,,book_document,quest_book_title,,,main_route,base_game,quest_book,1,,,,,,,Y,objective,1,Y,Y,N,Y,Y,N,Y,Y,N,book_document_objective_route_resolution_recorded,needs_route_resolution_added,NEEDS ROUTE RESOLUTION,Final Reconciliation open route-resolution items,none_existing_route_resolution,
book_document_objective,OBJ-001206,OBJ-001206,,Lorcalin's Orders,,book_document,quest_book_title,,,main_route,base_game,quest_book,1,,,,,,,Y,objective,1,Y,Y,N,Y,N,N,N,N,N,book_document_objective_covered,placed_in_guide,complete,Solitude Coast Wild Horse And Wolfskull,none,
book_document_objective,OBJ-001207,OBJ-001207,,Lost Legends,,book_document,quest_book_title,,,main_route,base_game,quest_book,8,,,,,,,Y,objective,4,Y,Y,Y,Y,Y,N,N,N,N,book_document_objective_covered,duplicate_copy_left_unopened | not_read_here | retrospectively_moved_earlier,already_completed_mr027 | complete | staged_for_level_36_forbidden_legend_bundle,"Cicero Aventus And The Sanctuary Door | Main Quest Staging Before Sky Haven | Potema Shield Of Solitude And Bone Wolf | Security, Shadowmere, And The Brotherhood Endgame",none,
book_document_objective,OBJ-001208,OBJ-001208,,Love Poem,,book_document,quest_book_title,,,main_route,base_game,quest_book,1,,,,,,,Y,objective,1,Y,N,N,Y,N,N,N,N,N,book_document_objective_covered,acquired_now,complete,Markarth Nchuand-Zel And Old Hroldan,none,
book_document_objective,OBJ-001209,OBJ-001209,,Lymdrenn Tenvanni's Journal,,book_document,quest_book_title,,,main_route,base_game,quest_book,1,,,,,,,Y,objective,1,N,N,N,Y,N,N,N,N,N,book_document_objective_covered,staged_name_match_needs_route_repair,needs_targeted_guide_repair,First Riften Visit And Guild Doorway,none,
book_document_objective,OBJ-001210,OBJ-001210,,Madanach's Note,,book_document,quest_book_title,,,main_route,base_game,quest_book,1,,,,,,,Y,objective,1,Y,N,N,Y,N,N,N,N,N,book_document_objective_covered,acquired_now,complete,Markarth Prison Daedric Rites And Reach Redoubts,none,
book_document_objective,OBJ-001211,OBJ-001211,,Maluril's Journal,,book_document,quest_book_title,,,main_route,base_game,quest_book,1,,,,,,,Y,objective,1,N,Y,N,Y,N,N,N,N,N,book_document_objective_covered,retrospectively_moved_earlier,complete,"Whispers, Solitude Jobs, Nazir Contracts, and the Wedding Assassination",none,
book_document_objective,OBJ-001212,OBJ-001212,,Malyn Varen's Grimoire,,book_document,quest_book_title,,,main_route,base_game,quest_book,1,,,,,,,Y,objective,1,Y,Y,N,Y,Y,N,Y,Y,N,book_document_objective_route_resolution_recorded,needs_route_resolution_added,NEEDS ROUTE RESOLUTION,Final Reconciliation open route-resolution items,none_existing_route_resolution,
book_document_objective,OBJ-001213,OBJ-001213,,Mani's Letter,,book_document,quest_book_title,,,main_route,base_game,quest_book,1,,,,,,,Y,objective,1,Y,Y,N,Y,N,N,N,N,N,book_document_objective_covered,redistributed_or_gated,complete,Retrospective redistributed regional sections; no player-facing Location Counter Sweep dump,none,
book_document_objective,OBJ-001214,OBJ-001214,,Many Thanks,,book_document,quest_book_title,,,main_route,base_game,quest_book,1,,,,,,,Y,objective,1,Y,Y,N,Y,N,N,N,N,N,book_document_objective_covered,placed_in_guide,complete,Nightingale Rewards And The Skeleton Key,none,
book_document_objective,OBJ-001215,OBJ-001215,,Margret's Journal,,book_document,quest_book_title,,,main_route,base_game,quest_book,1,,,,,,,Y,objective,1,Y,Y,N,Y,N,N,N,N,N,book_document_objective_covered,acquired_now,complete,Markarth Prison Daedric Rites And Reach Redoubts,none,
book_document_objective,OBJ-001216,OBJ-001216,,Master Illusion Text (1),,book_document,quest_book_title,,,main_route,base_game,quest_book,1,UESP member page lists this as a quest-related book/document but does not list a fixed acquisition location; exact acquisition context deferred.,,,,,,Y,objective,2,Y,N,N,Y,N,Y,N,N,N,book_document_objective_covered,illusion_ritual_text_collected | staged_for_all_perks_loop,complete_during_illusion_ritual | staged_for_skill_gate,All-Perks Loop | All-perks master ritual gate,none,
book_document_objective,OBJ-001217,OBJ-001217,,Master Illusion Text (2),,book_document,quest_book_title,,,main_route,base_game,quest_book,1,UESP member page lists this as a quest-related book/document but does not list a fixed acquisition location; exact acquisition context deferred.,,,,,,Y,objective,2,Y,N,N,Y,N,Y,N,N,N,book_document_objective_covered,illusion_ritual_text_collected | staged_for_all_perks_loop,complete_during_illusion_ritual | staged_for_skill_gate,All-Perks Loop | All-perks master ritual gate,none,
book_document_objective,OBJ-001218,OBJ-001218,,Master Illusion Text (3),,book_document,quest_book_title,,,main_route,base_game,quest_book,1,UESP member page lists this as a quest-related book/document but does not list a fixed acquisition location; exact acquisition context deferred.,,,,,,Y,objective,2,Y,N,N,Y,N,Y,N,N,N,book_document_objective_covered,illusion_ritual_text_collected | staged_for_all_perks_loop,complete_during_illusion_ritual | staged_for_skill_gate,All-Perks Loop | All-perks master ritual gate,none,
book_document_objective,OBJ-001219,OBJ-001219,,Master Illusion Text (4),,book_document,quest_book_title,,,main_route,base_game,quest_book,1,UESP member page lists this as a quest-related book/document but does not list a fixed acquisition location; exact acquisition context deferred.,,,,,,Y,objective,2,Y,N,N,Y,N,Y,N,N,N,book_document_objective_covered,illusion_ritual_text_collected | staged_for_all_perks_loop,complete_during_illusion_ritual | staged_for_skill_gate,All-Perks Loop | All-perks master ritual gate,none,
book_document_objective,OBJ-001220,OBJ-001220,,Museum Pamphlet,,book_document,quest_book_title,,,main_route,base_game,quest_book,1,UESP member page lists this as a quest-related book/document but does not list a fixed acquisition location; exact acquisition context deferred.,,,,,,Y,objective,1,Y,Y,N,N,N,N,N,N,N,book_document_objective_covered,conditional_read_if_carried,conditional_complete,"Dawnstar, Vaermina, And Cold-Weather Setup",none,
book_document_objective,OBJ-001221,OBJ-001221,,Mysterious Note,,book_document,quest_book_title,,,main_route,base_game,quest_book,1,,,,,,,Y,objective,1,Y,N,N,Y,N,N,N,N,N,book_document_objective_covered,placed_in_guide,complete,Cicero Aventus And The Sanctuary Door,none,
book_document_objective,OBJ-001222,OBJ-001222,,Mysterious Note (Delphine),,book_document,quest_book_title,,,main_route,dragonborn,quest_book,1,,,,,,,Y,objective,1,Y,Y,N,Y,N,N,N,N,N,book_document_objective_covered,placed_in_guide,complete,Main Quest Staging Before Sky Haven,none,
book_document_objective,OBJ-001223,OBJ-001223,,Mzinchaleft Work Order,,book_document,quest_book_title,,,main_route,base_game,quest_book,1,,,,,,,Y,objective,1,N,Y,N,Y,N,N,N,N,N,book_document_objective_covered,retrospectively_moved_earlier,complete,"Whispers, Solitude Jobs, Nazir Contracts, and the Wedding Assassination",none,
book_document_objective,OBJ-001224,OBJ-001224,,N'Gasta! Kvata! Kvakis!,,book_document,quest_book_title,,,main_route,base_game,quest_book,1,,,,,,,Y,objective,1,Y,N,N,Y,N,N,N,N,N,book_document_objective_covered,placed_in_guide,complete,Bards College Lost Library And Instrument Roads,none,
book_document_objective,OBJ-001225,OBJ-001225,,Nepos's Journal,,book_document,quest_book_title,,,main_route,base_game,quest_book,1,,,,,,,Y,objective,1,Y,Y,N,Y,N,N,N,N,N,book_document_objective_covered,acquired_now,complete,Markarth Prison Daedric Rites And Reach Redoubts,none,
book_document_objective,OBJ-001226,OBJ-001226,,Night of Tears,,book_document,quest_book_title,,,main_route,base_game,quest_book,1,,,,,,,Y,objective,1,Y,N,N,Y,N,N,N,N,N,book_document_objective_covered,placed_in_guide,complete,Fellglow Keep And Good Intentions,none,
book_document_objective,OBJ-001227,OBJ-001227,,The Nirnroot Missive,,book_document,quest_book_title,,,main_route,base_game,quest_book,1,UESP member page lists this as a quest-related book/document but does not list a fixed acquisition location; exact acquisition context deferred.,,,,,,Y,objective,1,Y,N,N,N,N,N,N,N,N,book_document_objective_covered,placed_in_guide,complete,Blades Research Blackreach And The Fallen,none,
book_document_objective,OBJ-001228,OBJ-001228,,Note (Forelhost Crypt),,book_document,quest_book_title,,,main_route,base_game,quest_book,1,,,,,,,Y,objective,1,Y,Y,N,Y,N,N,N,N,N,book_document_objective_covered,redistributed_or_gated,complete,Retrospective redistributed regional sections; no player-facing Location Counter Sweep dump,none,
book_document_objective,OBJ-001229,OBJ-001229,,Note (Forelhost Refectory),,book_document,quest_book_title,,,main_route,base_game,quest_book,1,,,,,,,Y,objective,1,Y,Y,N,Y,N,N,N,N,N,book_document_objective_covered,redistributed_or_gated,complete,Retrospective redistributed regional sections; no player-facing Location Counter Sweep dump,none,
book_document_objective,OBJ-001230,OBJ-001230,,Note (Mistwatch),,book_document,quest_book_title,,,main_route,base_game,quest_book,1,,,,,,,Y,objective,1,Y,Y,N,Y,Y,N,Y,Y,N,book_document_objective_route_resolution_recorded,needs_route_resolution_added,NEEDS ROUTE RESOLUTION,Final Reconciliation open route-resolution items,none_existing_route_resolution,
book_document_objective,OBJ-001231,OBJ-001231,,Note from Agna,,book_document,quest_book_title,,,main_route,base_game,quest_book,1,,,,,,,Y,objective,1,Y,Y,N,Y,Y,N,Y,Y,N,book_document_objective_route_resolution_recorded,needs_route_resolution_added,NEEDS ROUTE RESOLUTION,Final Reconciliation open route-resolution items,none_existing_route_resolution,
book_document_objective,OBJ-001232,OBJ-001232,,Note From Jaree-Ra,,book_document,quest_book_title,,,main_route,base_game,quest_book,1,,,,,,,Y,objective,2,Y,Y,N,Y,N,N,N,N,N,book_document_objective_covered,not_acquired_here | redistributed_or_gated,complete | staged_for_lights_out_broken_oar_bundle,Retrospective redistributed regional sections; no player-facing Location Counter Sweep dump | Solitude Coast Wild Horse And Wolfskull,none,
book_document_objective,OBJ-001233,OBJ-001233,,Note to Rhorlak,,book_document,quest_book_title,,,main_route,base_game,quest_book,1,,,,,,,Y,objective,1,Y,N,N,Y,N,N,N,N,N,book_document_objective_covered,acquired_now,complete,Southern Warm Corridor,none,
book_document_objective,OBJ-001234,OBJ-001234,,Note to Thomas,,book_document,quest_book_title,,,main_route,base_game,quest_book,1,,,,,,,Y,objective,1,Y,N,N,Y,N,N,N,N,N,book_document_objective_covered,conditional_now_else_staged,conditional_or_staged_later,Bleak Falls Barrow And First Dragon,none,
book_document_objective,OBJ-001235,OBJ-001235,,"Notes on Dimhollow Crypt, Vol. 3",,book_document,quest_book_title,,,main_route,dawnguard,quest_book,1,,,,,,,Y,objective,1,Y,N,N,Y,N,N,N,N,Y,book_document_objective_covered,placed_in_guide,complete,Dawnguard Fork And Volkihar Branch,none,
book_document_objective,OBJ-001236,OBJ-001236,,Nystrom's Journal,,book_document,quest_book_title,,,main_route,base_game,quest_book,1,,,,,,,Y,objective,1,Y,Y,N,Y,N,N,N,N,N,book_document_objective_covered,placed_in_guide,complete,Nightingale Rewards And The Skeleton Key,none,
book_document_objective,OBJ-001237,OBJ-001237,,The Old Ways,,book_document,quest_book_title,,,main_route,base_game,quest_book,1,,,,,,,Y,objective,1,Y,Y,N,Y,Y,N,Y,Y,N,book_document_objective_route_resolution_recorded,needs_route_resolution_added,NEEDS ROUTE RESOLUTION,Final Reconciliation open route-resolution items,none_existing_route_resolution,
book_document_objective,OBJ-001238,OBJ-001238,,Orders,,book_document,quest_book_title,,,main_route,base_game,quest_book,1,,,,,,,Y,objective,1,Y,Y,N,Y,N,N,N,N,N,book_document_objective_covered,redistributed_or_gated,complete,Retrospective redistributed regional sections; no player-facing Location Counter Sweep dump,none,
book_document_objective,OBJ-001239,OBJ-001239,,Orders,,book_document,quest_book_title,,,main_route,dawnguard,quest_book,1,,,,,,,Y,objective,1,Y,Y,N,Y,N,N,N,N,N,book_document_objective_covered,placed_in_guide,complete,Fort Dawnguard Recruits Prophet And Lost Relics,none,
book_document_objective,OBJ-001240,OBJ-001240,,Possible Rivals,,book_document,quest_book_title,,,main_route,base_game,quest_book,1,,,,,,,Y,objective,1,Y,Y,N,Y,N,N,N,N,N,book_document_objective_covered,placed_in_guide,complete,Guild Restoration And Amulet Of Articulation,none,
book_document_objective,OBJ-001241,OBJ-001241,,Power of the Elements,,book_document,quest_book_title,,,main_route,base_game,quest_book,1,UESP member page lists this as a quest-related book/document but does not list a fixed acquisition location; exact acquisition context deferred.,,,,,,Y,objective,2,N,Y,N,Y,N,Y,N,N,N,book_document_objective_covered,destruction_ritual_book_completed | staged_for_all_perks_loop,complete_during_destruction_ritual | staged_for_skill_gate,All-Perks Loop | All-perks master ritual gate,none,
book_document_objective,OBJ-001242,OBJ-001242,,Private Letter,,book_document,quest_book_title,,,main_route,base_game,quest_book,1,,,,,,,Y,objective,1,Y,N,N,Y,N,N,N,N,N,book_document_objective_covered,acquired_and_delivered_now,complete,Southern Warm Corridor,none,
book_document_objective,OBJ-001243,OBJ-001243,,Promissory Note,,book_document,quest_book_title,,,main_route,base_game,quest_book,1,,,,,,,Y,objective,1,Y,Y,N,Y,N,N,N,N,N,book_document_objective_covered,acquired_now,complete,Goldenglow Honningbrew Solitude And Snow Veil,none,
book_document_objective,OBJ-001244,OBJ-001244,,Purchase Agreement (Bolli),,book_document,quest_book_title,,,main_route,base_game,quest_book,1,,,,,,,Y,objective,2,Y,N,N,Y,N,N,N,N,N,book_document_objective_covered,acquired_now | delivered_now,complete,First Riften Visit And Guild Doorway | Markarth Nchuand-Zel And Old Hroldan,none,
book_document_objective,OBJ-001245,OBJ-001245,,Purchase Agreement (Sarthis Idren),,book_document,quest_book_title,,,main_route,base_game,quest_book,1,,,,,,,Y,objective,1,Y,Y,N,Y,Y,N,Y,Y,N,book_document_objective_route_resolution_recorded,needs_route_resolution_added,NEEDS ROUTE RESOLUTION,Final Reconciliation open route-resolution items,none_existing_route_resolution,
book_document_objective,OBJ-001246,OBJ-001246,,Ra'jirr's Note,,book_document,quest_book_title,,,main_route,base_game,quest_book,1,,,,,,,Y,objective,1,Y,N,N,Y,N,N,N,N,N,book_document_objective_covered,placed_in_guide,complete,"Dawnstar, Pale Blade, And Heljarchen",none,
book_document_objective,OBJ-001247,OBJ-001247,,Rahgot's Reply,,book_document,quest_book_title,,,main_route,base_game,quest_book,1,,,,,,,Y,objective,1,Y,Y,N,Y,N,N,N,N,N,book_document_objective_covered,redistributed_or_gated,complete,Retrospective redistributed regional sections; no player-facing Location Counter Sweep dump,none,
book_document_objective,OBJ-001248,OBJ-001248,,Ramati's Journal,,book_document,quest_book_title,,,main_route,base_game,quest_book,1,,,,,,,Y,objective,1,Y,Y,N,Y,N,N,N,N,N,book_document_objective_covered,redistributed_or_gated,complete,Retrospective redistributed regional sections; no player-facing Location Counter Sweep dump,none,
book_document_objective,OBJ-001249,OBJ-001249,,Red Eagle's Rite,,book_document,quest_book_title,,,main_route,base_game,quest_book,1,,,,,,,Y,objective,1,Y,N,N,Y,N,N,N,N,Y,book_document_objective_covered,conditional_acquired_if_red_eagle_target,conditional_complete,Markarth Prison Daedric Rites And Reach Redoubts,none,
book_document_objective,OBJ-001250,OBJ-001250,,Remanada,,book_document,quest_book_title,,,main_route,hearthfire,quest_book,4,,,,,,,Y,objective,1,Y,Y,N,Y,N,N,N,N,N,book_document_objective_covered,placed_in_guide,complete,Karthspire Sky Haven And Dragonbane,none,
book_document_objective,OBJ-001251,OBJ-001251,,Repair Supplies,,book_document,quest_book_title,,,main_route,base_game,quest_book,1,,,,,,,Y,objective,1,Y,Y,N,Y,Y,N,Y,Y,N,book_document_objective_route_resolution_recorded,needs_route_resolution_added,NEEDS ROUTE RESOLUTION,Final Reconciliation open route-resolution items,none_existing_route_resolution,
book_document_objective,OBJ-001252,OBJ-001252,,Request for Help!,,book_document,quest_book_title,,,main_route,base_game,quest_book,1,,,,,,,Y,objective,1,Y,Y,N,Y,Y,N,Y,Y,N,book_document_objective_route_resolution_recorded,needs_route_resolution_added,NEEDS ROUTE RESOLUTION,Final Reconciliation open route-resolution items,none_existing_route_resolution,
book_document_objective,OBJ-001253,OBJ-001253,,Request from,,book_document,quest_book_title,,,main_route,base_game,quest_book,1,,,,,,,Y,objective,1,Y,Y,N,Y,Y,N,Y,Y,N,book_document_objective_route_resolution_recorded,needs_route_resolution_added,NEEDS ROUTE RESOLUTION,Final Reconciliation open route-resolution items,none_existing_route_resolution,
book_document_objective,OBJ-001254,OBJ-001254,,Research Log,,book_document,quest_book_title,,,main_route,base_game,quest_book,1,,,,,,,Y,objective,1,Y,N,N,Y,N,N,N,N,N,book_document_objective_covered,placed_in_guide,complete,Mzulft And The Winterhold Crisis,none,
book_document_objective,OBJ-001255,OBJ-001255,,Rogatus's Letter (item),,book_document,quest_book_title,,,main_route,base_game,quest_book,1,,,,,,,Y,objective,1,Y,N,N,Y,N,N,N,N,N,book_document_objective_covered,acquired_and_delivered_now,complete,Markarth Nchuand-Zel And Old Hroldan,none,
book_document_objective,OBJ-001256,OBJ-001256,,Runil's Journal,,book_document,quest_book_title,,,main_route,base_game,quest_book,10,,,,,,,Y,objective,2,N,N,N,Y,N,N,N,N,N,book_document_objective_covered,audited_not_routed_here | audited_not_started_here,staged_for_later_falkreath_radiant_route | staged_for_later_isolated_random_assignment,Bards College Lost Library And Instrument Roads | Hircine And Bloated Man's Grotto,none,
book_document_objective,OBJ-001257,OBJ-001257,,Saint Jiub's Opus,,book_document,quest_book_title,,,main_route,dawnguard,quest_book,1,UESP member page lists this as a quest-related book/document but does not list a fixed acquisition location; exact acquisition context deferred.,,,,,,Y,objective,1,Y,N,N,N,N,N,N,N,N,book_document_objective_covered,placed_in_guide,complete,Dawnguard Worldspaces,none,
book_document_objective,OBJ-001258,OBJ-001258,,A Scrawled Note,,book_document,quest_book_title,,,main_route,base_game,quest_book,1,,,,,,,Y,objective,1,Y,Y,N,Y,Y,N,Y,Y,N,book_document_objective_route_resolution_recorded,needs_route_resolution_added,NEEDS ROUTE RESOLUTION,Final Reconciliation open route-resolution items,none_existing_route_resolution,
book_document_objective,OBJ-001259,OBJ-001259,,Scrawled page,,book_document,quest_book_title,,,main_route,base_game,quest_book,1,,,,,,,Y,objective,1,Y,Y,N,Y,Y,N,N,N,N,book_document_objective_covered,duplicate_covered_by_existing_route,complete,Dawnstar Pale coast route,none,
book_document_objective,OBJ-001260,OBJ-001260,,Second Letter from Linwe,,book_document,quest_book_title,,,main_route,base_game,quest_book,1,,,,,,,Y,objective,1,Y,Y,N,Y,N,N,N,N,N,book_document_objective_covered,placed_in_guide,complete,Guild Restoration And Amulet Of Articulation,none,
book_document_objective,OBJ-001261,OBJ-001261,,Shalidor's Insights,,book_document,quest_book_title,,,main_route,base_game,quest_book,1,UESP member page lists this as a quest-related book/document but does not list a fixed acquisition location; exact acquisition context deferred.,,,,,,Y,objective,1,Y,Y,N,N,Y,N,Y,Y,N,book_document_objective_route_resolution_recorded,needs_route_resolution_added,NEEDS ROUTE RESOLUTION,Final Reconciliation open route-resolution items,none_existing_route_resolution,
book_document_objective,OBJ-001262,OBJ-001262,,Shavari's Note,,book_document,quest_book_title,,,main_route,base_game,quest_book,1,,,,,,,Y,objective,1,Y,N,N,Y,N,N,N,N,N,book_document_objective_covered,conditional_in_guide,conditional_complete,Main Quest Staging Before Sky Haven,none,
book_document_objective,OBJ-001263,OBJ-001263,,Shipment's Ready,,book_document,quest_book_title,,,main_route,base_game,quest_book,1,,,,,,,Y,objective,1,Y,Y,N,Y,N,N,N,N,N,book_document_objective_covered,acquired_now,complete,First Riften Visit And Guild Doorway,none,
book_document_objective,OBJ-001264,OBJ-001264,,Sinderion's Field Journal,,book_document,quest_book_title,,,main_route,base_game,quest_book,1,,,,,,,Y,objective,1,N,Y,N,Y,N,N,N,N,N,book_document_objective_covered,placed_in_guide,complete,Blades Research Blackreach And The Fallen,none,
book_document_objective,OBJ-001265,OBJ-001265,,Skorm Snow-Strider's Journal,,book_document,quest_book_title,,,main_route,base_game,quest_book,1,,,,,,,Y,objective,1,Y,Y,N,Y,N,N,N,N,N,book_document_objective_covered,redistributed_or_gated,complete,Retrospective redistributed regional sections; no player-facing Location Counter Sweep dump,none,
book_document_objective,OBJ-001266,OBJ-001266,,Sondas's Note,,book_document,quest_book_title,,,main_route,base_game,quest_book,1,,,,,,,Y,objective,1,N,N,N,Y,N,N,N,N,N,book_document_objective_covered,placed_in_guide,complete,Windhelm Follow-Up And Eastmarch Roads,none,
book_document_objective,OBJ-001267,OBJ-001267,,"Souls, Black and White",,book_document,quest_book_title,,,main_route,base_game,quest_book,3,,,,,,,Y,objective,1,Y,N,N,Y,N,N,N,N,N,book_document_objective_covered,placed_in_guide,complete,Whiterun Property Western Caves Gray-Mane Rescue And Onmund,none,
book_document_objective,OBJ-001268,OBJ-001268,,Staubin's Diary,,book_document,quest_book_title,,,main_route,base_game,quest_book,1,,,,,,,Y,objective,1,Y,N,N,Y,N,N,N,N,N,book_document_objective_covered,acquired_now,complete,Markarth Nchuand-Zel And Old Hroldan,none,
book_document_objective,OBJ-001269,OBJ-001269,,Stromm's Diary,,book_document,quest_book_title,,,main_route,base_game,quest_book,1,,,,,,,Y,objective,1,Y,N,N,Y,N,N,N,N,N,book_document_objective_covered,acquired_now,complete,Markarth Nchuand-Zel And Old Hroldan,none,
book_document_objective,OBJ-001270,OBJ-001270,,Sudi's Journal,,book_document,quest_book_title,,,main_route,base_game,quest_book,1,,,,,,,Y,objective,1,Y,Y,N,Y,N,N,N,N,N,book_document_objective_covered,redistributed_or_gated,complete,Retrospective redistributed regional sections; no player-facing Location Counter Sweep dump,none,
book_document_objective,OBJ-001271,OBJ-001271,,Suvaris Atheron's Logbook,,book_document,quest_book_title,,,main_route,base_game,quest_book,1,,,,,,,Y,objective,1,N,N,N,Y,N,N,N,N,N,book_document_objective_covered,audited_not_routed_here,staged_for_rise_in_the_east_bundle,First Brotherhood Contracts And Muiri's Revenge,none,
book_document_objective,OBJ-001272,OBJ-001272,,Sven's Fake Letter from Faendal,,book_document,quest_book_title,,,main_route,base_game,quest_book,1,,,,,,,Y,objective,1,Y,N,N,Y,N,N,N,N,N,book_document_objective_covered,acquired_and_used_now,complete,Helgen Riverwood And First Survival Loop,none,
book_document_objective,OBJ-001273,OBJ-001273,,Thalmor Dossier: Delphine,,book_document,quest_book_title,,,main_route,base_game,quest_book,1,,,,,,,Y,objective,1,Y,Y,N,Y,N,N,N,N,N,book_document_objective_covered,placed_in_guide,complete,Main Quest Staging Before Sky Haven,none,
book_document_objective,OBJ-001274,OBJ-001274,,Thalmor Dossier: Esbern,,book_document,quest_book_title,,,main_route,base_game,quest_book,1,,,,,,,Y,objective,1,Y,Y,N,Y,N,N,N,N,N,book_document_objective_covered,placed_in_guide,complete,Main Quest Staging Before Sky Haven,none,
book_document_objective,OBJ-001275,OBJ-001275,,Thalmor Dossier: Ulfric Stormcloak,,book_document,quest_book_title,,,main_route,base_game,quest_book,1,,,,,,,Y,objective,1,Y,Y,N,Y,N,N,N,N,N,book_document_objective_covered,placed_in_guide,complete,Main Quest Staging Before Sky Haven,none,
book_document_objective,OBJ-001276,OBJ-001276,,Thief's Last Words,,book_document,quest_book_title,,,main_route,base_game,quest_book,1,,,,,,,Y,objective,1,Y,Y,N,Y,N,N,N,N,N,book_document_objective_covered,placed_in_guide,complete,Nightingale Rewards And The Skeleton Key,none,
book_document_objective,OBJ-001277,OBJ-001277,,Thonar's Journal,,book_document,quest_book_title,,,main_route,base_game,quest_book,1,,,,,,,Y,objective,1,Y,Y,N,Y,N,N,N,N,N,book_document_objective_covered,acquired_now,complete,Markarth Prison Daedric Rites And Reach Redoubts,none,
book_document_objective,OBJ-001278,OBJ-001278,,To The Owner,,book_document,quest_book_title,,,main_route,base_game,quest_book,1,,,,,,,Y,objective,1,Y,Y,N,Y,N,N,N,N,N,book_document_objective_covered,placed_in_guide,complete,Nightingale Rewards And The Skeleton Key,none,
book_document_objective,OBJ-001279,OBJ-001279,,Uncommon Taste - Signed,,book_document,quest_book_title,,,main_route,base_game,quest_book,1,,,,,,,Y,objective,1,Y,N,N,Y,N,N,N,N,N,book_document_objective_covered,placed_in_guide,complete,"Security, Shadowmere, And The Brotherhood Endgame",none,
book_document_objective,OBJ-001280,OBJ-001280,,Urag's Note,,book_document,quest_book_title,,,main_route,base_game,quest_book,1,UESP member page lists this as a quest-related book/document but does not list a fixed acquisition location; exact acquisition context deferred.,,,,,,Y,objective,1,Y,Y,N,N,Y,N,Y,Y,N,book_document_objective_route_resolution_recorded,needs_route_resolution_added,NEEDS ROUTE RESOLUTION,Final Reconciliation open route-resolution items,none_existing_route_resolution,
book_document_objective,OBJ-001281,OBJ-001281,,Vald's Debt (note),,book_document,quest_book_title,,,main_route,base_game,quest_book,1,UESP member page lists this as a quest-related book/document but does not list a fixed acquisition location; exact acquisition context deferred.,,,,,,Y,objective,1,Y,N,N,N,N,N,N,N,N,book_document_objective_covered,placed_in_guide,complete,Nightingale Rewards And The Skeleton Key,none,
book_document_objective,OBJ-001282,OBJ-001282,,Valerica's Journal,,book_document,quest_book_title,,,main_route,dawnguard,quest_book,1,,,,,,,Y,objective,1,Y,Y,N,Y,N,N,N,N,N,book_document_objective_covered,placed_in_guide,complete,Dawnguard Worldspaces,none,
book_document_objective,OBJ-001283,OBJ-001283,,Valmir's Orders,,book_document,quest_book_title,,,main_route,base_game,quest_book,1,,,,,,,Y,objective,1,Y,Y,N,Y,N,N,N,N,N,book_document_objective_covered,redistributed_or_gated,complete,Retrospective redistributed regional sections; no player-facing Location Counter Sweep dump,none,
book_document_objective,OBJ-001284,OBJ-001284,,Vampire's Note,,book_document,quest_book_title,,,main_route,dawnguard,quest_book,1,,,,,,,Y,objective,2,N,Y,N,Y,N,N,N,N,Y,book_document_objective_covered,branch_temp_only | placed_in_guide,complete | main_continuity_still_pending,Dawnguard Fork And Volkihar Branch | Fort Dawnguard Recruits Prophet And Lost Relics,none,
book_document_objective,OBJ-001285,OBJ-001285,,Venarus Vulpin's Journal,,book_document,quest_book_title,,,main_route,dawnguard,quest_book,1,,,,,,,Y,objective,1,Y,Y,N,Y,Y,N,Y,Y,N,book_document_objective_route_resolution_recorded,needs_route_resolution_added,NEEDS ROUTE RESOLUTION,Final Reconciliation open route-resolution items,none_existing_route_resolution,
book_document_objective,OBJ-001286,OBJ-001286,,Venarus Vulpin's Research,,book_document,quest_book_title,,,main_route,dawnguard,quest_book,1,,,,,,,Y,objective,1,Y,Y,N,Y,Y,N,Y,Y,N,book_document_objective_route_resolution_recorded,needs_route_resolution_added,NEEDS ROUTE RESOLUTION,Final Reconciliation open route-resolution items,none_existing_route_resolution,
book_document_objective,OBJ-001287,OBJ-001287,,War of the First Council,,book_document,quest_book_title,,,main_route,base_game,quest_book,1,,,,,,,Y,objective,1,Y,Y,N,Y,Y,N,Y,Y,N,book_document_objective_route_resolution_recorded,needs_route_resolution_added,NEEDS ROUTE RESOLUTION,Final Reconciliation open route-resolution items,none_existing_route_resolution,
book_document_objective,OBJ-001288,OBJ-001288,,The Warmth of Mara,,book_document,quest_book_title,,,main_route,base_game,quest_book,1,,,,,,,Y,objective,1,Y,Y,N,Y,Y,N,Y,Y,N,book_document_objective_route_resolution_recorded,needs_route_resolution_added,NEEDS ROUTE RESOLUTION,Final Reconciliation open route-resolution items,none_existing_route_resolution,
book_document_objective,OBJ-001289,OBJ-001289,,The Waters of Oblivion,,book_document,quest_book_title,,,main_route,base_game,quest_book,1,UESP member page lists this as a quest-related book/document but does not list a fixed acquisition location; exact acquisition context deferred.,,,,,,Y,objective,1,Y,Y,N,N,Y,N,Y,Y,N,book_document_objective_route_resolution_recorded,needs_route_resolution_added,NEEDS ROUTE RESOLUTION,Final Reconciliation open route-resolution items,none_existing_route_resolution,
book_document_objective,OBJ-001290,OBJ-001290,,Weylin's Note,,book_document,quest_book_title,,,main_route,base_game,quest_book,1,,,,,,,Y,objective,1,Y,N,N,Y,N,N,N,N,N,book_document_objective_covered,acquired_now,complete,Markarth Prison Daedric Rites And Reach Redoubts,none,
book_document_objective,OBJ-001291,OBJ-001291,,WIKill04RewardLetter,,book_document,quest_book_title,,,main_route,base_game,quest_book,1,UESP member page lists this as a quest-related book/document but does not list a fixed acquisition location; exact acquisition context deferred.,,,,,,Y,objective,1,Y,Y,N,N,Y,N,Y,Y,N,book_document_objective_route_resolution_recorded,needs_route_resolution_added,NEEDS ROUTE RESOLUTION,Final Reconciliation open route-resolution items,none_existing_route_resolution,
book_document_objective,OBJ-001292,OBJ-001292,,WIKill04ThanksLetter,,book_document,quest_book_title,,,main_route,base_game,quest_book,1,UESP member page lists this as a quest-related book/document but does not list a fixed acquisition location; exact acquisition context deferred.,,,,,,Y,objective,1,Y,Y,N,N,Y,N,Y,Y,N,book_document_objective_route_resolution_recorded,needs_route_resolution_added,NEEDS ROUTE RESOLUTION,Final Reconciliation open route-resolution items,none_existing_route_resolution,
book_document_objective,OBJ-001293,OBJ-001293,,The Wild Elves,,book_document,quest_book_title,,,main_route,base_game,quest_book,2,,,,,,,Y,objective,1,Y,N,N,Y,N,N,N,N,N,book_document_objective_covered,placed_in_guide,complete,Bards College Lost Library And Instrument Roads,none,
book_document_objective,OBJ-001294,OBJ-001294,,"The Wolf Queen, v6",,book_document,quest_book_title,,,main_route,base_game,quest_book,2,,,,,,,Y,objective,1,Y,Y,N,Y,N,N,N,N,N,book_document_objective_covered,placed_in_guide,complete,Main Quest Staging Before Sky Haven,none,
book_document_objective,OBJ-001295,OBJ-001295,,Writ of Sealing (Jyrik),,book_document,quest_book_title,,,main_route,base_game,quest_book,1,,,,,,,Y,objective,1,Y,N,N,Y,N,N,N,N,N,book_document_objective_covered,placed_in_guide,complete,"Winterhold, College Entry, And Saarthal",none,
book_document_objective,OBJ-001296,OBJ-001296,,Writ of Sealing (Mikrul),,book_document,quest_book_title,,,main_route,base_game,quest_book,1,,,,,,,Y,objective,1,Y,N,N,Y,N,N,N,N,N,book_document_objective_covered,placed_in_guide,complete,Potema Shield Of Solitude And Bone Wolf,none,
book_document_objective,OBJ-001297,OBJ-001297,,Writ of Sealing (Sigdis),,book_document,quest_book_title,,,main_route,base_game,quest_book,1,,,,,,,Y,objective,1,Y,N,N,Y,N,N,N,N,N,book_document_objective_covered,placed_in_guide,complete,Gauldur Legend Finale,none,
book_document_objective,OBJ-001298,OBJ-001298,,Wyndelius's Journal,,book_document,quest_book_title,,,main_route,base_game,quest_book,1,,,,,,,Y,objective,1,Y,N,N,Y,N,N,N,N,N,book_document_objective_covered,acquired_and_delivered_now,complete,Southern Warm Corridor,none,
book_document_objective,OBJ-001299,OBJ-001299,,Ysolda's Message,,book_document,quest_book_title,,,main_route,base_game,quest_book,1,,,,,,,Y,objective,1,Y,Y,N,Y,Y,N,Y,Y,N,book_document_objective_route_resolution_recorded,needs_route_resolution_added,NEEDS ROUTE RESOLUTION,Final Reconciliation open route-resolution items,none_existing_route_resolution,
book_document_objective,OBJ-001300,OBJ-001300,,Ahzidal's Descent,,book_document,quest_book_title,,,main_route,dragonborn,quest_book,9,,,,,,,Y,objective,1,Y,Y,N,Y,N,N,N,N,N,book_document_objective_covered,placed_in_guide,complete,"Solstheim Entry, Raven Rock Core, And Frostmoon Rings",none,
book_document_objective,OBJ-001301,OBJ-001301,,Bonemold Formula,,book_document,quest_book_title,,,main_route,dragonborn,quest_book,1,,,,,,,Y,objective,2,Y,N,N,Y,N,N,N,N,N,book_document_objective_covered,held_for_later | placed_in_guide,complete | held_for_castle_karstaag,"Fahlbtharz, Deathbrand, And Karstaag | Solstheim Entry, Raven Rock Core, And Frostmoon Rings",none,
book_document_objective,OBJ-001302,OBJ-001302,,Cultists' Orders,,book_document,quest_book_title,,,main_route,dragonborn,quest_book,1,,,,,,,Y,objective,1,N,Y,N,Y,N,N,N,N,N,book_document_objective_covered,placed_in_guide,complete,"High Hrothgar, Ustengrav, Morthal, And The Embassy",none,
book_document_objective,OBJ-001303,OBJ-001303,,Deathbrand,,book_document,quest_book_title,,,main_route,dragonborn,quest_book,11,,,,,,,Y,objective,1,N,Y,N,Y,Y,N,N,N,N,book_document_objective_covered,duplicate_covered_by_existing_route,complete,"Solstheim Entry, Raven Rock Core, And Frostmoon Rings",none,
book_document_objective,OBJ-001304,OBJ-001304,,Declaration of War,,book_document,quest_book_title,,,main_route,dragonborn,quest_book,1,,,,,,,Y,objective,1,Y,Y,N,Y,N,N,N,N,N,book_document_objective_covered,placed_in_guide,complete,"Solstheim Entry, Raven Rock Core, And Frostmoon Rings",none,
book_document_objective,OBJ-001305,OBJ-001305,,Glover's Letter,,book_document,quest_book_title,,,main_route,dragonborn,quest_book,1,,,,,,,Y,objective,2,Y,Y,N,Y,N,N,N,N,N,book_document_objective_covered,held_for_later | placed_in_guide,complete | held_for_paid_in_full_completion,"Fahlbtharz, Deathbrand, And Karstaag | Solstheim Entry, Raven Rock Core, And Frostmoon Rings",none,
book_document_objective,OBJ-001306,OBJ-001306,,Gratian's Journal,,book_document,quest_book_title,,,main_route,dragonborn,quest_book,1,,,,,,,Y,objective,1,Y,Y,N,Y,N,N,N,N,N,book_document_objective_covered,placed_in_guide,complete,"Solstheim Entry, Raven Rock Core, And Frostmoon Rings",none,
book_document_objective,OBJ-001307,OBJ-001307,,Gratian's Letter,,book_document,quest_book_title,,,main_route,dragonborn,quest_book,1,,,,,,,Y,objective,1,Y,N,N,Y,N,N,N,N,N,book_document_objective_covered,placed_in_guide,complete,"Solstheim Entry, Raven Rock Core, And Frostmoon Rings",none,
book_document_objective,OBJ-001308,OBJ-001308,,Hand-written Note,,book_document,quest_book_title,,,main_route,dragonborn,quest_book,1,,,,,,,Y,objective,1,Y,N,N,Y,N,N,N,N,N,book_document_objective_covered,placed_in_guide,complete,"Temple Of Miraak, Skaal, And Stalhrim",none,
book_document_objective,OBJ-001309,OBJ-001309,,"Ildari's Journal, vol. I",,book_document,quest_book_title,,,main_route,dragonborn,quest_book,1,,,,,,,Y,objective,1,Y,Y,N,Y,N,N,N,N,N,book_document_objective_covered,redistributed_or_gated,complete,Retrospective redistributed regional sections; no player-facing Location Counter Sweep dump,none,
book_document_objective,OBJ-001310,OBJ-001310,,"Ildari's Journal, vol. II",,book_document,quest_book_title,,,main_route,dragonborn,quest_book,1,,,,,,,Y,objective,1,Y,Y,N,Y,N,N,N,N,N,book_document_objective_covered,redistributed_or_gated,complete,Retrospective redistributed regional sections; no player-facing Location Counter Sweep dump,none,
book_document_objective,OBJ-001311,OBJ-001311,,"Ildari's Journal, vol. III",,book_document,quest_book_title,,,main_route,dragonborn,quest_book,1,,,,,,,Y,objective,1,Y,Y,N,Y,N,N,N,N,N,book_document_objective_covered,redistributed_or_gated,complete,Retrospective redistributed regional sections; no player-facing Location Counter Sweep dump,none,
book_document_objective,OBJ-001312,OBJ-001312,,The Journal of Ralis Sedarys - Volume 19,,book_document,quest_book_title,,,main_route,dragonborn,quest_book,1,,,,,,,Y,objective,1,Y,Y,N,Y,N,N,N,N,N,book_document_objective_covered,placed_in_guide,complete,Kolbjorn Excavation And Raven Rock West,none,
book_document_objective,OBJ-001313,OBJ-001313,,The Journal of Ralis Sedarys - Volume 20,,book_document,quest_book_title,,,main_route,dragonborn,quest_book,1,,,,,,,Y,objective,1,Y,Y,N,Y,N,N,N,N,N,book_document_objective_covered,placed_in_guide,complete,Kolbjorn Excavation And Raven Rock West,none,
book_document_objective,OBJ-001314,OBJ-001314,,The Journal of Ralis Sedarys - Volume 21,,book_document,quest_book_title,,,main_route,dragonborn,quest_book,1,,,,,,,Y,objective,1,Y,Y,N,Y,N,N,N,N,N,book_document_objective_covered,placed_in_guide,complete,Kolbjorn Excavation And Raven Rock West,none,
book_document_objective,OBJ-001315,OBJ-001315,,The Journal of Ralis Sedarys - Volume 22,,book_document,quest_book_title,,,main_route,dragonborn,quest_book,1,,,,,,,Y,objective,1,Y,Y,N,Y,N,N,N,N,N,book_document_objective_covered,placed_in_guide,complete,Kolbjorn Excavation And Raven Rock West,none,
book_document_objective,OBJ-001316,OBJ-001316,,The Journal of Ralis Sedarys - Volume 23,,book_document,quest_book_title,,,main_route,dragonborn,quest_book,1,,,,,,,Y,objective,1,Y,Y,N,Y,N,N,N,N,N,book_document_objective_covered,placed_in_guide,complete,Kolbjorn Excavation And Raven Rock West,none,
book_document_objective,OBJ-001317,OBJ-001317,,Letter from Ralis Sedarys,,book_document,quest_book_title,,,main_route,dragonborn,quest_book,1,,,,,,,Y,objective,1,Y,Y,N,Y,N,N,N,N,N,book_document_objective_covered,placed_in_guide,complete,Kolbjorn Excavation And Raven Rock West,none,
book_document_objective,OBJ-001318,OBJ-001318,,Letter from Ralis Sedarys 2,,book_document,quest_book_title,,,main_route,dragonborn,quest_book,1,,,,,,,Y,objective,1,Y,Y,N,Y,N,N,N,N,N,book_document_objective_covered,placed_in_guide,complete,Kolbjorn Excavation And Raven Rock West,none,
book_document_objective,OBJ-001319,OBJ-001319,,Letter from Ralis Sedarys 3,,book_document,quest_book_title,,,main_route,dragonborn,quest_book,1,,,,,,,Y,objective,1,Y,Y,N,Y,N,N,N,N,N,book_document_objective_covered,placed_in_guide,complete,Kolbjorn Excavation And Raven Rock West,none,
book_document_objective,OBJ-001320,OBJ-001320,,Letter from Ralis Sedarys 4,,book_document,quest_book_title,,,main_route,dragonborn,quest_book,1,,,,,,,Y,objective,1,Y,Y,N,Y,N,N,N,N,N,book_document_objective_covered,placed_in_guide,complete,Kolbjorn Excavation And Raven Rock West,none,
book_document_objective,OBJ-001321,OBJ-001321,,Letter to Imperial City,,book_document,quest_book_title,,,main_route,dragonborn,quest_book,1,,,,,,,Y,objective,1,Y,Y,N,Y,Y,N,Y,Y,N,book_document_objective_route_resolution_recorded,needs_route_resolution_added,NEEDS ROUTE RESOLUTION,Final Reconciliation open route-resolution items,none_existing_route_resolution,
book_document_objective,OBJ-001322,OBJ-001322,,Lusty Argonian Maid Folio,,book_document,quest_book_title,,,main_route,dragonborn,quest_book,1,,,,,,,Y,objective,1,Y,N,N,Y,N,N,N,N,N,book_document_objective_covered,placed_in_guide,complete,Kolbjorn Excavation And Raven Rock West,none,
book_document_objective,OBJ-001323,OBJ-001323,,Mireli's Letter to Mother,,book_document,quest_book_title,,,main_route,dragonborn,quest_book,1,,,,,,,Y,objective,1,Y,Y,N,Y,N,N,N,N,N,book_document_objective_covered,placed_in_guide,complete,Kolbjorn Excavation And Raven Rock West,none,
book_document_objective,OBJ-001324,OBJ-001324,,Mogrul's Orders,,book_document,quest_book_title,,,main_route,dragonborn,quest_book,1,,,,,,,Y,objective,3,Y,N,N,Y,N,N,N,N,N,book_document_objective_covered,placed_in_guide | tracking_continued,conditional_in_progress | in_progress_pending_thug_encounter,"Fahlbtharz, Deathbrand, And Karstaag | Kolbjorn Excavation And Raven Rock West | Tel Mithryn, Nchardak, And Kagrumez",none,
book_document_objective,OBJ-001325,OBJ-001325,,Note from Mogrul,,book_document,quest_book_title,,,main_route,dragonborn,quest_book,1,UESP member page lists this as a quest-related book/document but does not list a fixed acquisition location; exact acquisition context deferred.,,,,,,Y,objective,13,Y,N,N,N,N,N,Y,N,N,book_document_objective_route_resolution_recorded,needs_route_resolution | needs_route_resolution_reaffirmed,NEEDS ROUTE RESOLUTION | needs_route_resolution,"Bittercup, The Pit, And Fortunate Son | Black Book Defaults and Progression Switches | Books, Spells, and Documents | Fahlbtharz, Deathbrand, And Karstaag | Final Reconciliation | Ghosts Of The Tribunal And Trueflame | ... (13 total)",none_existing_route_resolution,
book_document_objective,OBJ-001326,OBJ-001326,,On Apocrypha: Boneless Limbs,,book_document,quest_book_title,,,main_route,dragonborn,quest_book,1,,,,,,,Y,objective,1,N,Y,N,Y,N,N,N,N,N,book_document_objective_covered,placed_in_guide,complete,"Miraak Finale, Lost Knowledge, And Last Black Books",none,
book_document_objective,OBJ-001327,OBJ-001327,,On Apocrypha: Delving Pincers,,book_document,quest_book_title,,,main_route,dragonborn,quest_book,1,,,,,,,Y,objective,1,N,Y,N,Y,N,N,N,N,N,book_document_objective_covered,placed_in_guide,complete,"Miraak Finale, Lost Knowledge, And Last Black Books",none,
book_document_objective,OBJ-001328,OBJ-001328,,On Apocrypha: Gnashing Blades,,book_document,quest_book_title,,,main_route,dragonborn,quest_book,1,,,,,,,Y,objective,1,N,Y,N,Y,N,N,N,N,N,book_document_objective_covered,placed_in_guide,complete,"Miraak Finale, Lost Knowledge, And Last Black Books",none,
book_document_objective,OBJ-001329,OBJ-001329,,On Apocrypha: Prying Orbs,,book_document,quest_book_title,,,main_route,dragonborn,quest_book,1,,,,,,,Y,objective,1,N,Y,N,Y,N,N,N,N,N,book_document_objective_covered,placed_in_guide,complete,"Miraak Finale, Lost Knowledge, And Last Black Books",none,
book_document_objective,OBJ-001330,OBJ-001330,,Raleth Eldri's Notes on Kagrumez,,book_document,quest_book_title,,,main_route,dragonborn,quest_book,1,,,,,,,Y,objective,1,Y,N,N,Y,N,N,N,N,N,book_document_objective_covered,placed_in_guide,complete,"Tel Mithryn, Nchardak, And Kagrumez",none,
book_document_objective,OBJ-001331,OBJ-001331,,Scribbles of a Madman,,book_document,quest_book_title,,,main_route,dragonborn,quest_book,1,,,,,,,Y,objective,1,Y,Y,N,Y,Y,N,Y,Y,N,book_document_objective_route_resolution_recorded,needs_route_resolution_added,NEEDS ROUTE RESOLUTION,Final Reconciliation open route-resolution items,none_existing_route_resolution,
book_document_objective,OBJ-001332,OBJ-001332,,Stalhrim Source Map,,book_document,quest_book_title,,,main_route,dragonborn,quest_book,1,UESP member page lists this as a quest-related book/document but does not list a fixed acquisition location; exact acquisition context deferred.,,,,,,Y,objective,1,Y,Y,N,N,N,N,N,N,N,book_document_objective_covered,placed_in_guide,complete,"Temple Of Miraak, Skaal, And Stalhrim",none,
book_document_objective,OBJ-001333,OBJ-001333,,Torkild's Letter to Wulf,,book_document,quest_book_title,,,main_route,dragonborn,quest_book,1,,,,,,,Y,objective,10,Y,N,N,Y,N,N,N,N,N,book_document_objective_covered,completed_earlier | placed_in_guide | staged_for_mr059_search | tracking_continued,complete | complete_mr059 | in_progress_until_mr059 | routed_for_mr059,"Bittercup, The Pit, And Fortunate Son | Black Book Defaults and Progression Switches | Fahlbtharz, Deathbrand, And Karstaag | Ghosts Of The Tribunal And Trueflame | High-Risk AE Routes and Separate Worldspaces | Miraak Finale, Lost Knowledge, And Last Black Books | ... (10 total)",none,
book_document_objective,OBJ-001334,OBJ-001334,,Torn Note (Dragonborn),,book_document,quest_book_title,,,main_route,dragonborn,quest_book,1,,,,,,,Y,objective,1,Y,Y,N,Y,N,N,N,N,N,book_document_objective_covered,placed_in_guide,complete,"Fahlbtharz, Deathbrand, And Karstaag",none,
book_document_objective,OBJ-001335,OBJ-001335,,The Ulen Matter,,book_document,quest_book_title,,,main_route,dragonborn,quest_book,1,,,,,,,Y,objective,1,Y,Y,N,Y,N,N,N,N,N,book_document_objective_covered,placed_in_guide,complete,"Solstheim Entry, Raven Rock Core, And Frostmoon Rings",none,
book_document_objective,OBJ-001336,OBJ-001336,,A Request to Meet,,book_document,ae_book_title,,,main_route,ae_creation,ae_book,1,,,,,,,Y,objective,1,N,Y,N,Y,N,N,N,N,N,book_document_objective_covered,placed_in_guide,complete,"Saints, Seducers, and Atronach Forge Tomes",none,
book_document_objective,OBJ-001337,OBJ-001337,,Adonato Leotelli's Journal,,book_document,ae_book_title,,,main_route,ae_creation,ae_book,1,,,,,,,Y,objective,2,Y,Y,N,Y,N,N,N,N,N,book_document_objective_covered,not_acquired_here | placed_in_guide,complete | staged_for_cronvangr_the_contest_bundle,Windhelm Follow-Up And Eastmarch Roads | Windhelm Murder Investigation And White Phial,none,
book_document_objective,OBJ-001338,OBJ-001338,,Aesrael's Journal,,book_document,ae_book_title,,,main_route,ae_creation,ae_book,1,,,,,,,Y,objective,1,Y,N,N,Y,N,N,N,N,N,book_document_objective_covered,audited_same_building_not_acquired,staged_for_later_sunderstone_bundle,Hircine And Bloated Man's Grotto,none,
book_document_objective,OBJ-001339,OBJ-001339,,Aldepius' Confession,,book_document,ae_book_title,,,main_route,ae_creation,ae_book,1,,,,,,,Y,objective,1,Y,Y,N,Y,N,N,N,N,N,book_document_objective_covered,placed_in_guide,complete,Solitude Coast Dragon Bridge Wild Horse And Wolfskull,none,
book_document_objective,OBJ-001340,OBJ-001340,,Anonymous Letter (Plague of the Dead),,book_document,ae_book_title,,,main_route,ae_creation,ae_book,1,,,,,,,Y,objective,1,N,Y,N,Y,N,N,N,N,N,book_document_objective_covered,placed_in_guide,complete,Rising Dead Early Activation,none,
book_document_objective,OBJ-001341,OBJ-001341,,Antonius' Note,,book_document,ae_book_title,,,main_route,ae_creation,ae_book,1,,,,,,,Y,objective,1,Y,Y,N,Y,Y,N,Y,Y,N,book_document_objective_route_resolution_recorded,needs_route_resolution_added,NEEDS ROUTE RESOLUTION,Final Reconciliation open route-resolution items,none_existing_route_resolution,
book_document_objective,OBJ-001342,OBJ-001342,,Arch Necromancer's Final Instructions,,book_document,ae_book_title,,,main_route,ae_creation,ae_book,1,,,,,,,Y,objective,1,Y,Y,N,Y,N,N,N,N,N,book_document_objective_covered,placed_in_guide,complete,Windhelm Follow-Up And Eastmarch Roads,none,
book_document_objective,OBJ-001343,OBJ-001343,,Arch Necromancer's First Clue,,book_document,ae_book_title,,,main_route,ae_creation,ae_book,1,,,,,,,Y,objective,1,Y,Y,N,Y,N,N,N,N,N,book_document_objective_covered,placed_in_guide,complete,Windhelm Follow-Up And Eastmarch Roads,none,
book_document_objective,OBJ-001344,OBJ-001344,,Arch Necromancer's Second Clue,,book_document,ae_book_title,,,main_route,ae_creation,ae_book,1,,,,,,,Y,objective,1,Y,Y,N,Y,N,N,N,N,N,book_document_objective_covered,placed_in_guide,complete,Windhelm Follow-Up And Eastmarch Roads,none,
book_document_objective,OBJ-001345,OBJ-001345,,Assassin's Journal,,book_document,ae_book_title,,,main_route,ae_creation,ae_book,1,,,,,,,Y,objective,1,Y,Y,N,Y,Y,N,Y,Y,N,book_document_objective_route_resolution_recorded,needs_route_resolution_added,NEEDS ROUTE RESOLUTION,Final Reconciliation open route-resolution items,none_existing_route_resolution,
book_document_objective,OBJ-001346,OBJ-001346,,Assembly Line Constructs,,book_document,ae_book_title,,,main_route,ae_creation,ae_book,1,,,,,,,Y,objective,1,Y,Y,N,Y,Y,N,Y,Y,N,book_document_objective_route_resolution_recorded,needs_route_resolution_added,NEEDS ROUTE RESOLUTION,Final Reconciliation open route-resolution items,none_existing_route_resolution,
book_document_objective,OBJ-001347,OBJ-001347,,Azadi's Note,,book_document,ae_book_title,,,main_route,ae_creation,ae_book,1,,,,,,,Y,objective,1,Y,Y,N,Y,N,N,N,N,N,book_document_objective_covered,placed_in_guide,complete,High-Risk AE Routes and Separate Worldspaces,none,
book_document_objective,OBJ-001348,OBJ-001348,,Azarain's Journal,,book_document,ae_book_title,,,main_route,ae_creation,ae_book,1,,,,,,,Y,objective,1,Y,Y,N,Y,N,N,N,N,N,book_document_objective_covered,placed_in_guide,complete,"Dawnstar, Pale Blade, And Heljarchen",none,
book_document_objective,OBJ-001349,OBJ-001349,,Bandit's Note on Hidden Treasure,,book_document,ae_book_title,,,main_route,ae_creation,ae_book,1,,,,,,,Y,objective,1,N,Y,N,Y,N,N,N,N,N,book_document_objective_covered,placed_in_guide,complete,"Saints, Seducers, and Atronach Forge Tomes",none,
book_document_objective,OBJ-001350,OBJ-001350,,Battle of Champions,,book_document,ae_book_title,,,main_route,ae_creation,ae_book,1,,,,,,,Y,objective,2,Y,Y,N,Y,N,N,N,N,Y,book_document_objective_covered,held_for_civil_war_branch_route | placed_in_guide,complete | staged_for_civil_war_branch_route,First Day In Whiterun | Imperial Civil War,none,
book_document_objective,OBJ-001351,OBJ-001351,,Beldama Witch's Note,,book_document,ae_book_title,,,main_route,ae_creation,ae_book,1,,,,,,,Y,objective,1,Y,N,N,Y,N,N,N,N,Y,book_document_objective_covered,audited_not_acquired_here,staged_for_spell_knight_branch_and_ingredient_policy,Karthspire Sky Haven And Dragonbane,none,
book_document_objective,OBJ-001352,OBJ-001352,,Bjormund's Diary,,book_document,ae_book_title,,,main_route,ae_creation,ae_book,1,,,,,,,Y,objective,1,Y,Y,N,Y,N,N,N,N,N,book_document_objective_covered,placed_in_guide,complete,High-Risk AE Routes and Separate Worldspaces,none,
book_document_objective,OBJ-001353,OBJ-001353,,Blue God's Journal,,book_document,ae_book_title,,,main_route,ae_creation,ae_book,1,,,,,,,Y,objective,1,Y,Y,N,Y,Y,N,N,N,N,book_document_objective_covered,duplicate_covered_by_existing_route,complete,Homes Household Services Pets And Mounts,none,
book_document_objective,OBJ-001354,OBJ-001354,,Bounty - Restless Spirits,,book_document,ae_book_title,,,main_route,ae_creation,ae_book,1,UESP Creation Club Books member page lists this as AE quest/action-related but does not list a fixed acquisition location; exact acquisition context deferred.,,,,,,Y,objective,1,N,N,N,N,N,N,N,Y,N,book_document_objective_excluded,explicit_route_exclusion,excluded,Goldenhills Farm And Rorikstead,none,
book_document_objective,OBJ-001355,OBJ-001355,,Bounty Hunter's Note,,book_document,ae_book_title,,,main_route,ae_creation,ae_book,1,,,,,,,Y,objective,1,Y,Y,N,Y,Y,N,Y,Y,N,book_document_objective_route_resolution_recorded,needs_route_resolution_added,NEEDS ROUTE RESOLUTION,Final Reconciliation open route-resolution items,none_existing_route_resolution,
book_document_objective,OBJ-001356,OBJ-001356,,Bounty for Crowstooth,,book_document,ae_book_title,,,main_route,ae_creation,ae_book,1,,,,,,,Y,objective,1,Y,Y,N,Y,N,N,N,N,N,book_document_objective_covered,placed_in_guide,complete,High-Risk AE Routes and Separate Worldspaces,none,
book_document_objective,OBJ-001357,OBJ-001357,,Bounty: Angler Larvae Specimen,,book_document,ae_book_title,,,main_route,ae_creation,ae_book,1,,,,,,,Y,objective,1,Y,Y,N,Y,Y,N,Y,Y,N,book_document_objective_route_resolution_recorded,needs_route_resolution_added,NEEDS ROUTE RESOLUTION,Final Reconciliation open route-resolution items,none_existing_route_resolution,
book_document_objective,OBJ-001358,OBJ-001358,,Bounty: Cleaning Our Waterways,,book_document,ae_book_title,,,main_route,ae_creation,ae_book,1,,,,,,,Y,objective,1,Y,Y,N,Y,Y,N,Y,Y,N,book_document_objective_route_resolution_recorded,needs_route_resolution_added,NEEDS ROUTE RESOLUTION,Final Reconciliation open route-resolution items,none_existing_route_resolution,
book_document_objective,OBJ-001359,OBJ-001359,,Bounty: Dwarven Investigation,,book_document,ae_book_title,,,main_route,ae_creation,ae_book,1,,,,,,,Y,objective,1,Y,Y,N,Y,Y,N,Y,Y,N,book_document_objective_route_resolution_recorded,needs_route_resolution_added,NEEDS ROUTE RESOLUTION,Final Reconciliation open route-resolution items,none_existing_route_resolution,
book_document_objective,OBJ-001360,OBJ-001360,,Bounty: Fangtusk,,book_document,ae_book_title,,,main_route,ae_creation,ae_book,1,,,,,,,Y,objective,1,Y,Y,N,Y,Y,N,Y,Y,N,book_document_objective_route_resolution_recorded,needs_route_resolution_added,NEEDS ROUTE RESOLUTION,Final Reconciliation open route-resolution items,none_existing_route_resolution,
book_document_objective,OBJ-001361,OBJ-001361,,Bounty: Glassfish,,book_document,ae_book_title,,,main_route,ae_creation,ae_book,1,,,,,,,Y,objective,1,Y,Y,N,Y,Y,N,Y,Y,N,book_document_objective_route_resolution_recorded,needs_route_resolution_added,NEEDS ROUTE RESOLUTION,Final Reconciliation open route-resolution items,none_existing_route_resolution,
book_document_objective,OBJ-001362,OBJ-001362,,Bounty: Goldfish!,,book_document,ae_book_title,,,main_route,ae_creation,ae_book,1,,,,,,,Y,objective,1,Y,Y,N,Y,Y,N,Y,Y,N,book_document_objective_route_resolution_recorded,needs_route_resolution_added,NEEDS ROUTE RESOLUTION,Final Reconciliation open route-resolution items,none_existing_route_resolution,
book_document_objective,OBJ-001363,OBJ-001363,,Bounty: Juvenile Mudcrab,,book_document,ae_book_title,,,main_route,ae_creation,ae_book,1,,,,,,,Y,objective,1,Y,Y,N,Y,N,N,N,N,N,book_document_objective_covered,acquired_now,complete,First Riften Visit And Guild Doorway,none,
book_document_objective,OBJ-001364,OBJ-001364,,Bounty: Lost Wares,,book_document,ae_book_title,,,main_route,ae_creation,ae_book,1,,,,,,,Y,objective,1,Y,Y,N,Y,Y,N,Y,Y,N,book_document_objective_route_resolution_recorded,needs_route_resolution_added,NEEDS ROUTE RESOLUTION,Final Reconciliation open route-resolution items,none_existing_route_resolution,
book_document_objective,OBJ-001365,OBJ-001365,,Bounty: Pearlfish Specimen,,book_document,ae_book_title,,,main_route,ae_creation,ae_book,1,,,,,,,Y,objective,1,Y,Y,N,Y,Y,N,Y,Y,N,book_document_objective_route_resolution_recorded,needs_route_resolution_added,NEEDS ROUTE RESOLUTION,Final Reconciliation open route-resolution items,none_existing_route_resolution,
book_document_objective,OBJ-001366,OBJ-001366,,Bounty: Pygmy Sunfish Specimen,,book_document,ae_book_title,,,main_route,ae_creation,ae_book,1,,,,,,,Y,objective,1,Y,Y,N,Y,Y,N,Y,Y,N,book_document_objective_route_resolution_recorded,needs_route_resolution_added,NEEDS ROUTE RESOLUTION,Final Reconciliation open route-resolution items,none_existing_route_resolution,
book_document_objective,OBJ-001367,OBJ-001367,,Bounty: Spadefish Specimen,,book_document,ae_book_title,,,main_route,ae_creation,ae_book,1,,,,,,,Y,objective,1,Y,Y,N,Y,Y,N,Y,Y,N,book_document_objective_route_resolution_recorded,needs_route_resolution_added,NEEDS ROUTE RESOLUTION,Final Reconciliation open route-resolution items,none_existing_route_resolution,
book_document_objective,OBJ-001368,OBJ-001368,,Bounty: Supply of Arctic Grayling,,book_document,ae_book_title,,,main_route,ae_creation,ae_book,1,,,,,,,Y,objective,1,Y,Y,N,Y,Y,N,Y,Y,N,book_document_objective_route_resolution_recorded,needs_route_resolution_added,NEEDS ROUTE RESOLUTION,Final Reconciliation open route-resolution items,none_existing_route_resolution,
book_document_objective,OBJ-001369,OBJ-001369,,Bounty: Supply of Brook Bass,,book_document,ae_book_title,,,main_route,ae_creation,ae_book,1,,,,,,,Y,objective,1,Y,Y,N,Y,Y,N,Y,Y,N,book_document_objective_route_resolution_recorded,needs_route_resolution_added,NEEDS ROUTE RESOLUTION,Final Reconciliation open route-resolution items,none_existing_route_resolution,
book_document_objective,OBJ-001370,OBJ-001370,,Bounty: Supply of Catfish,,book_document,ae_book_title,,,main_route,ae_creation,ae_book,1,,,,,,,Y,objective,1,Y,Y,N,Y,Y,N,Y,Y,N,book_document_objective_route_resolution_recorded,needs_route_resolution_added,NEEDS ROUTE RESOLUTION,Final Reconciliation open route-resolution items,none_existing_route_resolution,
book_document_objective,OBJ-001371,OBJ-001371,,Bounty: Supply of Salmon,,book_document,ae_book_title,,,main_route,ae_creation,ae_book,1,,,,,,,Y,objective,1,Y,Y,N,Y,Y,N,Y,Y,N,book_document_objective_route_resolution_recorded,needs_route_resolution_added,NEEDS ROUTE RESOLUTION,Final Reconciliation open route-resolution items,none_existing_route_resolution,
book_document_objective,OBJ-001372,OBJ-001372,,Brutius's Journal,,book_document,ae_book_title,,,main_route,ae_creation,ae_book,1,,,,,,,Y,objective,1,Y,Y,N,Y,Y,N,Y,Y,N,book_document_objective_route_resolution_recorded,needs_route_resolution_added,NEEDS ROUTE RESOLUTION,Final Reconciliation open route-resolution items,none_existing_route_resolution,
book_document_objective,OBJ-001373,OBJ-001373,,Business Ledger Copy,,book_document,ae_book_title,,,main_route,ae_creation,ae_book,1,,,,,,,Y,objective,1,Y,N,N,Y,N,N,N,N,N,book_document_objective_covered,held_for_later_ae_route,staged_for_later_ae_route,First Day In Whiterun,none,
book_document_objective,OBJ-001374,OBJ-001374,,Captain's Journal,,book_document,ae_book_title,,,main_route,ae_creation,ae_book,1,,,,,,,Y,objective,1,Y,Y,N,Y,Y,N,N,N,N,book_document_objective_covered,duplicate_covered_by_existing_route,complete,Homes Household Services Pets And Mounts,none,
book_document_objective,OBJ-001375,OBJ-001375,,Caravan Captain's Note,,book_document,ae_book_title,,,main_route,ae_creation,ae_book,1,,,,,,,Y,objective,1,N,Y,N,Y,N,N,N,N,N,book_document_objective_covered,not_read_here,staged_for_sunder_wraithguard,Markarth Prison Daedric Rites And Reach Redoubts,none,
book_document_objective,OBJ-001376,OBJ-001376,,Carriage Driver's Note,,book_document,ae_book_title,,,main_route,ae_creation,ae_book,1,,,,,,,Y,objective,1,Y,Y,N,Y,Y,N,Y,Y,N,book_document_objective_route_resolution_recorded,needs_route_resolution_added,NEEDS ROUTE RESOLUTION,Final Reconciliation open route-resolution items,none_existing_route_resolution,
book_document_objective,OBJ-001377,OBJ-001377,,Casival's Note,,book_document,ae_book_title,,,main_route,ae_creation,ae_book,1,,,,,,,Y,objective,1,Y,Y,N,Y,Y,N,Y,Y,N,book_document_objective_route_resolution_recorded,needs_route_resolution_added,NEEDS ROUTE RESOLUTION,Final Reconciliation open route-resolution items,none_existing_route_resolution,
book_document_objective,OBJ-001378,OBJ-001378,,Certificate of Authenticity,,book_document,ae_book_title,,,main_route,ae_creation,ae_book,1,,,,,,,Y,objective,1,Y,N,N,Y,N,N,N,N,N,book_document_objective_covered,held_for_later_ae_route,staged_for_later_ae_route,First Day In Whiterun,none,
book_document_objective,OBJ-001379,OBJ-001379,,Crafting with Netch Leather,,book_document,ae_book_title,,,main_route,ae_creation,ae_book,1,UESP Creation Club Books member page lists this as AE quest/action-related but does not list a fixed acquisition location; exact acquisition context deferred.,,,,,,Y,objective,2,Y,Y,N,N,N,N,N,N,N,book_document_objective_covered,placed_in_guide | retrospectively_moved_earlier,complete,"Tel Mithryn, Nchardak, And Kagrumez | Tel Mithryn, Nchardak, and Kagrumez",none,
book_document_objective,OBJ-001380,OBJ-001380,,Cuinanthil's Journal,,book_document,ae_book_title,,,main_route,ae_creation,ae_book,1,UESP Creation Club Books member page lists this as AE quest/action-related but does not list a fixed acquisition location; exact acquisition context deferred.,,,,,,Y,objective,1,N,Y,N,N,N,N,N,N,N,book_document_objective_covered,placed_in_guide,complete,"Bittercup, The Pit, And Fortunate Son",none,
book_document_objective,OBJ-001381,OBJ-001381,,Cultist's Note,,book_document,ae_book_title,,,main_route,ae_creation,ae_book,1,,,,,,,Y,objective,1,Y,Y,N,Y,Y,N,Y,Y,N,book_document_objective_route_resolution_recorded,needs_route_resolution_added,NEEDS ROUTE RESOLUTION,Final Reconciliation open route-resolution items,none_existing_route_resolution,
book_document_objective,OBJ-001382,OBJ-001382,,Curate Melita's Plea,,book_document,ae_book_title,,,main_route,ae_creation,ae_book,1,,,,,,,Y,objective,1,Y,Y,N,Y,N,N,N,N,N,book_document_objective_covered,placed_in_guide,complete,Ghosts Of The Tribunal And Trueflame,none,
book_document_objective,OBJ-001383,OBJ-001383,,Death of a Crimson Dirk,,book_document,ae_book_title,,,main_route,ae_creation,ae_book,1,,,,,,,Y,objective,1,Y,N,N,Y,N,N,N,N,N,book_document_objective_covered,held_for_later_ae_route,staged_for_later_ae_route,First Day In Whiterun,none,
book_document_objective,OBJ-001384,OBJ-001384,,Dinner Invitation,,book_document,ae_book_title,,,main_route,ae_creation,ae_book,1,,,,,,,Y,objective,1,Y,Y,N,Y,Y,N,N,N,N,book_document_objective_covered,duplicate_covered_by_existing_route,complete,Homes Household Services Pets And Mounts,none,
book_document_objective,OBJ-001385,OBJ-001385,,Dinner Menu,,book_document,ae_book_title,,,main_route,ae_creation,ae_book,1,,,,,,,Y,objective,1,Y,Y,N,Y,Y,N,Y,Y,N,book_document_objective_route_resolution_recorded,needs_route_resolution_added,NEEDS ROUTE RESOLUTION,Final Reconciliation open route-resolution items,none_existing_route_resolution,
book_document_objective,OBJ-001386,OBJ-001386,,Ehlhiel's Journal,,book_document,ae_book_title,,,main_route,ae_creation,ae_book,1,UESP Creation Club Books member page lists this as AE quest/action-related but does not list a fixed acquisition location; exact acquisition context deferred.,,,,,,Y,objective,1,Y,Y,N,N,Y,N,Y,Y,N,book_document_objective_route_resolution_recorded,needs_route_resolution_added,NEEDS ROUTE RESOLUTION,Final Reconciliation open route-resolution items,none_existing_route_resolution,
book_document_objective,OBJ-001387,OBJ-001387,,Elberon's Journal,,book_document,ae_book_title,,,main_route,ae_creation,ae_book,1,,,,,,,Y,objective,1,Y,Y,N,Y,Y,N,N,N,N,book_document_objective_covered,duplicate_covered_by_existing_route,complete,Homes Household Services Pets And Mounts,none,
book_document_objective,OBJ-001388,OBJ-001388,,Eranya's Journal,,book_document,ae_book_title,,,main_route,ae_creation,ae_book,1,,,,,,,Y,objective,1,Y,Y,N,Y,Y,N,Y,Y,N,book_document_objective_route_resolution_recorded,needs_route_resolution_added,NEEDS ROUTE RESOLUTION,Final Reconciliation open route-resolution items,none_existing_route_resolution,
book_document_objective,OBJ-001389,OBJ-001389,,Eranya's Notes on Sivdur's Tomb,,book_document,ae_book_title,,,main_route,ae_creation,ae_book,1,,,,,,,Y,objective,1,Y,Y,N,Y,Y,N,Y,Y,N,book_document_objective_route_resolution_recorded,needs_route_resolution_added,NEEDS ROUTE RESOLUTION,Final Reconciliation open route-resolution items,none_existing_route_resolution,
book_document_objective,OBJ-001390,OBJ-001390,,Eranya's Research Notes,,book_document,ae_book_title,,,main_route,ae_creation,ae_book,1,,,,,,,Y,objective,2,N,Y,N,Y,N,N,N,N,N,book_document_objective_covered,audited_not_started_here | same_desk_left_unopened,staged_for_goldbrand_route | staged_for_goldbrand_sivdur_route,"College Errands Arniel Septimus And Aetherium | Winterhold, College Entry, And Saarthal",none,
book_document_objective,OBJ-001391,OBJ-001391,,Erden Relvel's Note,,book_document,ae_book_title,,,main_route,ae_creation,ae_book,1,,,,,,,Y,objective,1,Y,Y,N,Y,N,N,N,N,N,book_document_objective_covered,placed_in_guide,complete,Ghosts Of The Tribunal And Trueflame,none,
book_document_objective,OBJ-001392,OBJ-001392,,Evethra's Journal,,book_document,ae_book_title,,,main_route,ae_creation,ae_book,1,,,,,,,Y,objective,1,N,Y,N,Y,N,N,N,N,N,book_document_objective_covered,placed_in_guide,complete,"Saints, Seducers, and Atronach Forge Tomes",none,
book_document_objective,OBJ-001393,OBJ-001393,,Eydvina's Note,,book_document,ae_book_title,,,main_route,ae_creation,ae_book,1,,,,,,,Y,objective,1,Y,Y,N,Y,Y,N,Y,Y,N,book_document_objective_route_resolution_recorded,needs_route_resolution_added,NEEDS ROUTE RESOLUTION,Final Reconciliation open route-resolution items,none_existing_route_resolution,
book_document_objective,OBJ-001394,OBJ-001394,,Fenrik's Journal,,book_document,ae_book_title,,,main_route,ae_creation,ae_book,1,,,,,,,Y,objective,1,Y,N,N,Y,N,N,N,N,N,book_document_objective_covered,placed_in_guide,complete,"Dawnstar, Pale Blade, And Heljarchen",none,
book_document_objective,OBJ-001395,OBJ-001395,,Fijeh's Instructions,,book_document,ae_book_title,,,main_route,ae_creation,ae_book,1,,,,,,,Y,objective,1,N,Y,N,Y,N,N,N,N,N,book_document_objective_covered,placed_in_guide,complete,High-Risk AE Routes and Separate Worldspaces,none,
book_document_objective,OBJ-001396,OBJ-001396,,Fijeh's Letter to (Player),,book_document,ae_book_title,,,main_route,ae_creation,ae_book,1,,,,,,,Y,objective,1,N,Y,N,Y,N,N,N,N,N,book_document_objective_covered,placed_in_guide,complete,High-Risk AE Routes and Separate Worldspaces,none,
book_document_objective,OBJ-001397,OBJ-001397,,Fisherman's Journal (Fishing),,book_document,ae_book_title,,,main_route,ae_creation,ae_book,1,,,,,,,Y,objective,1,Y,N,N,Y,N,N,N,N,N,book_document_objective_covered,audited_not_acquired_here,staged_for_fishing_route,Nightingale Rewards And The Skeleton Key,none,
book_document_objective,OBJ-001398,OBJ-001398,,"Fishing Mastery, v1",,book_document,ae_book_title,,,main_route,ae_creation,ae_book,1,,,,,,,Y,objective,2,Y,Y,N,Y,N,N,Y,N,N,book_document_objective_route_resolution_recorded,acquired_now | staged_for_fishing_route_resolution,complete | staged_for_fishing_route_resolution,First Riften Visit And Guild Doorway | Fishing route-resolution hold,none_existing_route_resolution,
book_document_objective,OBJ-001399,OBJ-001399,,"Fishing Mastery, v2",,book_document,ae_book_title,,,main_route,ae_creation,ae_book,1,,,,,,,Y,objective,1,N,N,N,Y,N,N,Y,N,N,book_document_objective_route_resolution_recorded,staged_for_fishing_route_resolution,staged_for_fishing_route_resolution,Fishing route-resolution hold,none_existing_route_resolution,
book_document_objective,OBJ-001400,OBJ-001400,,"Fishing Mastery, v3",,book_document,ae_book_title,,,main_route,ae_creation,ae_book,1,,,,,,,Y,objective,1,N,N,N,Y,N,N,Y,N,N,book_document_objective_route_resolution_recorded,staged_for_fishing_route_resolution,staged_for_fishing_route_resolution,Fishing route-resolution hold,none_existing_route_resolution,
book_document_objective,OBJ-001401,OBJ-001401,,"Fishing Mastery, v4",,book_document,ae_book_title,,,main_route,ae_creation,ae_book,1,,,,,,,Y,objective,1,N,N,N,Y,N,N,Y,N,N,book_document_objective_route_resolution_recorded,staged_for_fishing_route_resolution,staged_for_fishing_route_resolution,Fishing route-resolution hold,none_existing_route_resolution,
book_document_objective,OBJ-001402,OBJ-001402,,"Fishing Mastery, v5",,book_document,ae_book_title,,,main_route,ae_creation,ae_book,1,,,,,,,Y,objective,1,N,N,N,Y,N,N,Y,N,N,book_document_objective_route_resolution_recorded,staged_for_fishing_route_resolution,staged_for_fishing_route_resolution,Fishing route-resolution hold,none_existing_route_resolution,
book_document_objective,OBJ-001403,OBJ-001403,,For Sale,,book_document,ae_book_title,,,main_route,ae_creation,ae_book,1,,,,,,,Y,objective,3,Y,Y,N,Y,N,N,N,N,N,book_document_objective_covered,completed_now | held_for_later_pet_route | placed_in_guide,complete | staged_for_later_pet_route,First Day In Whiterun | Goldenhills Farm And Rorikstead | High-Risk AE Routes and Separate Worldspaces,none,
book_document_objective,OBJ-001404,OBJ-001404,,Forsworn Shaman's Note,,book_document,ae_book_title,,,main_route,ae_creation,ae_book,1,,,,,,,Y,objective,1,Y,N,N,Y,N,N,N,N,Y,book_document_objective_covered,audited_not_acquired_here,staged_for_spell_knight_branch_and_ingredient_policy,Karthspire Sky Haven And Dragonbane,none,
book_document_objective,OBJ-001405,OBJ-001405,,Gadnor's Last Wishes,,book_document,ae_book_title,,,main_route,ae_creation,ae_book,1,,,,,,,Y,objective,1,N,Y,N,Y,N,N,N,N,N,book_document_objective_covered,placed_in_guide,complete,"Saints, Seducers, and Atronach Forge Tomes",none,
book_document_objective,OBJ-001406,OBJ-001406,,Galur Rithari's Papers,,book_document,ae_book_title,,,main_route,ae_creation,ae_book,1,,,,,,,Y,objective,1,Y,N,N,Y,N,N,N,N,N,book_document_objective_covered,placed_in_guide,complete,"Dawnstar, Pale Blade, And Heljarchen",none,
book_document_objective,OBJ-001407,OBJ-001407,,Gisli's Note,,book_document,ae_book_title,,,main_route,ae_creation,ae_book,1,,,,,,,Y,objective,1,Y,Y,N,Y,Y,N,Y,Y,N,book_document_objective_route_resolution_recorded,needs_route_resolution_added,NEEDS ROUTE RESOLUTION,Final Reconciliation open route-resolution items,none_existing_route_resolution,
book_document_objective,OBJ-001408,OBJ-001408,,Grenwulf's Note,,book_document,ae_book_title,,,main_route,ae_creation,ae_book,1,UESP Creation Club Books member page lists this as AE quest/action-related but does not list a fixed acquisition location; exact acquisition context deferred.,,,,,,Y,objective,1,Y,N,N,N,N,N,N,N,N,book_document_objective_covered,placed_in_guide,complete,Windhelm Follow-Up And Eastmarch Roads,none,
book_document_objective,OBJ-001409,OBJ-001409,,Guard Dossier: Aesrael,,book_document,ae_book_title,,,main_route,ae_creation,ae_book,1,,,,,,,Y,objective,1,N,N,N,Y,N,N,N,N,N,book_document_objective_covered,audited_same_building_left_unopened,staged_for_later_sunderstone_bundle,Hircine And Bloated Man's Grotto,none,
book_document_objective,OBJ-001410,OBJ-001410,,Guard's Bounty Letter Draft,,book_document,ae_book_title,,,main_route,ae_creation,ae_book,1,,,,,,,Y,objective,1,N,N,N,Y,Y,N,N,N,N,book_document_objective_covered,audited_same_building_left_unopened,staged_for_later_sunderstone_bundle,Hircine And Bloated Man's Grotto,none,
book_document_objective,OBJ-001411,OBJ-001411,,Guard's Dossier: Antonius,,book_document,ae_book_title,,,main_route,ae_creation,ae_book,1,,,,,,,Y,objective,1,Y,Y,N,Y,Y,N,Y,Y,N,book_document_objective_route_resolution_recorded,needs_route_resolution_added,NEEDS ROUTE RESOLUTION,Final Reconciliation open route-resolution items,none_existing_route_resolution,
book_document_objective,OBJ-001412,OBJ-001412,,Guard's Dossier: Bjormund Wind-Strider,,book_document,ae_book_title,,,main_route,ae_creation,ae_book,1,,,,,,,Y,objective,1,Y,Y,N,Y,N,N,N,N,N,book_document_objective_covered,placed_in_guide,complete,Goldenglow Honningbrew Solitude And Snow Veil,none,
book_document_objective,OBJ-001413,OBJ-001413,,Guard's Dossier: Yakhtu gra-Orkulg,,book_document,ae_book_title,,,main_route,ae_creation,ae_book,1,,,,,,,Y,objective,4,Y,Y,N,Y,N,N,N,N,N,book_document_objective_covered,audited_not_routed_here | conditional_if_embershard_target | held_for_concrete_route_window | placed_in_guide,complete | conditional_complete_if_assigned | staged_for_smith_n_slash_orcish_plate_bundle,Falkreath Land Lakeview Foundation And Glenmoril Coven | First Day In Whiterun | Guardian Stones Cache And Whiterun Farm Loop | Whiterun Property Western Caves Gray-Mane Rescue And Onmund,none,
book_document_objective,OBJ-001414,OBJ-001414,,Guard's Note,,book_document,ae_book_title,,,main_route,ae_creation,ae_book,1,,,,,,,Y,objective,1,N,N,N,Y,N,N,N,N,N,book_document_objective_covered,audited_same_building_left_unopened,staged_for_later_sunderstone_bundle,Hircine And Bloated Man's Grotto,none,
book_document_objective,OBJ-001415,OBJ-001415,,Guard's Note on Aldepius,,book_document,ae_book_title,,,main_route,ae_creation,ae_book,1,,,,,,,Y,objective,1,Y,Y,N,Y,N,N,N,N,N,book_document_objective_covered,placed_in_guide,complete,Solitude Coast Dragon Bridge Wild Horse And Wolfskull,none,
book_document_objective,OBJ-001416,OBJ-001416,,Hand Kenro's Note,,book_document,ae_book_title,,,main_route,ae_creation,ae_book,1,,,,,,,Y,objective,1,Y,Y,N,Y,N,N,N,N,N,book_document_objective_covered,placed_in_guide,complete,Ghosts Of The Tribunal And Trueflame,none,
book_document_objective,OBJ-001417,OBJ-001417,,Helm of Oreyn Bearclaw,,book_document,ae_book_title,,,main_route,ae_creation,ae_book,1,,,,,,,Y,objective,1,Y,Y,N,Y,N,N,N,N,N,book_document_objective_covered,placed_in_guide,complete,Windhelm Follow-Up And Eastmarch Roads,none,
book_document_objective,OBJ-001418,OBJ-001418,,Heretic Dossier: Blacksmith's Confessional,,book_document,ae_book_title,,,main_route,ae_creation,ae_book,1,,,,,,,Y,objective,1,N,Y,N,Y,N,N,N,N,N,book_document_objective_covered,placed_in_guide,complete,Ghosts Of The Tribunal And Trueflame,none,
book_document_objective,OBJ-001419,OBJ-001419,,Holrik's Note,,book_document,ae_book_title,,,main_route,ae_creation,ae_book,1,UESP Creation Club Books member page lists this as AE quest/action-related but does not list a fixed acquisition location; exact acquisition context deferred.,,,,,,Y,objective,1,Y,N,N,N,N,N,N,N,N,book_document_objective_covered,placed_in_guide,complete,Windhelm Follow-Up And Eastmarch Roads,none,
book_document_objective,OBJ-001420,OBJ-001420,,Hooded Skeleton,,book_document,ae_book_title,,,main_route,ae_creation,ae_book,1,UESP Creation Club Books member page lists this as AE quest/action-related but does not list a fixed acquisition location; exact acquisition context deferred.,,,,,,N,objective,1,N,N,N,Y,N,N,N,Y,N,book_document_objective_excluded,explicit_exclusion,excluded_pending_data_reconciliation,Windhelm Follow-Up And Eastmarch Roads,none,
book_document_objective,OBJ-001421,OBJ-001421,,Hugin Ice-Shaper's Notebook,,book_document,ae_book_title,,,main_route,ae_creation,ae_book,1,,,,,,,Y,objective,1,Y,Y,N,Y,Y,N,Y,Y,N,book_document_objective_route_resolution_recorded,needs_route_resolution_added,NEEDS ROUTE RESOLUTION,Final Reconciliation open route-resolution items,none_existing_route_resolution,
book_document_objective,OBJ-001422,OBJ-001422,,Hyenril's Journal,,book_document,ae_book_title,,,main_route,ae_creation,ae_book,1,,,,,,,Y,objective,1,Y,Y,N,Y,Y,N,Y,Y,N,book_document_objective_route_resolution_recorded,needs_route_resolution_added,NEEDS ROUTE RESOLUTION,Final Reconciliation open route-resolution items,none_existing_route_resolution,
book_document_objective,OBJ-001423,OBJ-001423,,Joften's Notes,,book_document,ae_book_title,,,main_route,ae_creation,ae_book,1,,,,,,,Y,objective,1,N,Y,N,Y,N,N,N,N,N,book_document_objective_covered,placed_in_guide,complete,"Saints, Seducers, and Atronach Forge Tomes",none,
book_document_objective,OBJ-001424,OBJ-001424,,Jonquil's Journal,,book_document,ae_book_title,,,main_route,ae_creation,ae_book,1,,,,,,,Y,objective,1,N,Y,N,Y,N,N,N,N,N,book_document_objective_covered,completed_now,complete,Goldenhills Farm And Rorikstead,none,
book_document_objective,OBJ-001425,OBJ-001425,,Josla's Note,,book_document,ae_book_title,,,main_route,ae_creation,ae_book,1,,,,,,,Y,objective,1,N,Y,N,Y,N,N,N,N,N,book_document_objective_covered,placed_in_guide,complete,High-Risk AE Routes and Separate Worldspaces,none,
book_document_objective,OBJ-001426,OBJ-001426,,Kevon's Note,,book_document,ae_book_title,,,main_route,ae_creation,ae_book,1,,,,,,,Y,objective,1,Y,Y,N,Y,Y,N,N,N,N,book_document_objective_covered,duplicate_covered_by_existing_route,complete,Homes Household Services Pets And Mounts,none,
book_document_objective,OBJ-001427,OBJ-001427,,Khajiit's Note,,book_document,ae_book_title,,,main_route,ae_creation,ae_book,1,,,,,,,Y,objective,1,Y,Y,N,Y,Y,N,Y,Y,N,book_document_objective_route_resolution_recorded,needs_route_resolution_added,NEEDS ROUTE RESOLUTION,Final Reconciliation open route-resolution items,none_existing_route_resolution,
book_document_objective,OBJ-001428,OBJ-001428,,Kinthal's Journal,,book_document,ae_book_title,,,main_route,ae_creation,ae_book,1,,,,,,,Y,objective,1,N,Y,N,Y,N,N,N,N,N,book_document_objective_covered,placed_in_guide,complete,"Saints, Seducers, and Atronach Forge Tomes",none,
book_document_objective,OBJ-001429,OBJ-001429,,Knight Captain's Orders,,book_document,ae_book_title,,,main_route,ae_creation,ae_book,1,,,,,,,Y,objective,1,Y,N,N,Y,N,N,N,N,Y,book_document_objective_covered,audited_not_acquired_here,staged_for_spell_knight_branch_and_ingredient_policy,Karthspire Sky Haven And Dragonbane,none,
book_document_objective,OBJ-001430,OBJ-001430,,Letter from Bolgeir Bearclaw,,book_document,ae_book_title,,,main_route,ae_creation,ae_book,1,,,,,,,Y,objective,2,Y,N,N,Y,N,N,N,N,N,book_document_objective_covered,placed_in_guide | prerequisite_not_triggered,complete | staged_after_wolf_queen,Potema Shield Of Solitude And Bone Wolf | Solitude Coast Wild Horse And Wolfskull,none,
book_document_objective,OBJ-001431,OBJ-001431,,Letter from Cuinanthil's Steward,,book_document,ae_book_title,,,main_route,ae_creation,ae_book,1,UESP Creation Club Books member page lists this as AE quest/action-related but does not list a fixed acquisition location; exact acquisition context deferred.,,,,,,Y,objective,1,Y,N,N,N,N,N,N,N,N,book_document_objective_covered,placed_in_guide,complete,"Bittercup, The Pit, And Fortunate Son",none,
book_document_objective,OBJ-001432,OBJ-001432,,Letter from Edward,,book_document,ae_book_title,,,main_route,ae_creation,ae_book,1,UESP Creation Club Books member page lists this as AE quest/action-related but does not list a fixed acquisition location; exact acquisition context deferred.,,,,,,Y,objective,1,Y,Y,N,N,Y,N,Y,Y,N,book_document_objective_route_resolution_recorded,needs_route_resolution_added,NEEDS ROUTE RESOLUTION,Final Reconciliation open route-resolution items,none_existing_route_resolution,
book_document_objective,OBJ-001433,OBJ-001433,,Letter from Matriarch Drevlan,,book_document,ae_book_title,,,main_route,ae_creation,ae_book,1,,,,,,,Y,objective,1,Y,N,N,Y,N,N,N,N,N,book_document_objective_covered,placed_in_guide,complete,Ghosts Of The Tribunal And Trueflame,none,
book_document_objective,OBJ-001434,OBJ-001434,,Letter from Mila Valentia,,book_document,ae_book_title,,,main_route,ae_creation,ae_book,1,,,,,,,Y,objective,1,Y,Y,N,Y,Y,N,Y,Y,N,book_document_objective_route_resolution_recorded,needs_route_resolution_added,NEEDS ROUTE RESOLUTION,Final Reconciliation open route-resolution items,none_existing_route_resolution,
book_document_objective,OBJ-001435,OBJ-001435,,Letter from Tyra Blood-Fire,,book_document,ae_book_title,,,main_route,ae_creation,ae_book,1,,,,,,,Y,objective,1,Y,Y,N,Y,Y,N,Y,Y,N,book_document_objective_route_resolution_recorded,needs_route_resolution_added,NEEDS ROUTE RESOLUTION,Final Reconciliation open route-resolution items,none_existing_route_resolution,
book_document_objective,OBJ-001436,OBJ-001436,,Letter from Viriya,,book_document,ae_book_title,,,main_route,ae_creation,ae_book,1,,,,,,,Y,objective,1,Y,Y,N,Y,Y,N,Y,Y,N,book_document_objective_route_resolution_recorded,needs_route_resolution_added,NEEDS ROUTE RESOLUTION,Final Reconciliation open route-resolution items,none_existing_route_resolution,
book_document_objective,OBJ-001437,OBJ-001437,,Letter on Mudcrab Attacks,,book_document,ae_book_title,,,main_route,ae_creation,ae_book,1,,,,,,,Y,objective,1,Y,Y,N,Y,Y,N,Y,Y,N,book_document_objective_route_resolution_recorded,needs_route_resolution_added,NEEDS ROUTE RESOLUTION,Final Reconciliation open route-resolution items,none_existing_route_resolution,
book_document_objective,OBJ-001438,OBJ-001438,,Letter to Clexius,,book_document,ae_book_title,,,main_route,ae_creation,ae_book,1,,,,,,,Y,objective,1,Y,Y,N,Y,Y,N,N,N,N,book_document_objective_covered,duplicate_covered_by_existing_route,complete,Homes Household Services Pets And Mounts,none,
book_document_objective,OBJ-001439,OBJ-001439,,Letter to General Tullius,,book_document,ae_book_title,,,main_route,ae_creation,ae_book,1,,,,,,,Y,objective,2,Y,Y,N,Y,N,N,N,N,Y,book_document_objective_covered,audited_not_routed_here | placed_in_guide,complete | staged_for_imperial_civil_war_or_ae_block,Civil War Stormcloak Branch | Imperial Civil War,none,
book_document_objective,OBJ-001440,OBJ-001440,,Letter to Gisli,,book_document,ae_book_title,,,main_route,ae_creation,ae_book,1,,,,,,,Y,objective,1,Y,Y,N,Y,Y,N,Y,Y,N,book_document_objective_route_resolution_recorded,needs_route_resolution_added,NEEDS ROUTE RESOLUTION,Final Reconciliation open route-resolution items,none_existing_route_resolution,
book_document_objective,OBJ-001441,OBJ-001441,,Letter to Keeper Carcette,,book_document,ae_book_title,,,main_route,ae_creation,ae_book,1,,,,,,,Y,objective,1,Y,Y,N,Y,N,N,N,N,N,book_document_objective_covered,placed_in_guide,complete,"Dawnstar, Pale Blade, And Heljarchen",none,
book_document_objective,OBJ-001442,OBJ-001442,,Letter to Naara,,book_document,ae_book_title,,,main_route,ae_creation,ae_book,1,UESP Creation Club Books member page lists this as AE quest/action-related but does not list a fixed acquisition location; exact acquisition context deferred.,,,,,,N,objective,1,N,N,N,Y,N,N,N,Y,N,book_document_objective_excluded,explicit_exclusion,excluded_pending_data_reconciliation,Windhelm Follow-Up And Eastmarch Roads,none,
book_document_objective,OBJ-001443,OBJ-001443,,Linelle's Note,,book_document,ae_book_title,,,main_route,ae_creation,ae_book,1,,,,,,,Y,objective,1,Y,Y,N,Y,N,N,N,N,N,book_document_objective_covered,placed_in_guide,complete,High-Risk AE Routes and Separate Worldspaces,none,
book_document_objective,OBJ-001444,OBJ-001444,,List of Arctic Fish,,book_document,ae_book_title,,,main_route,ae_creation,ae_book,1,,,,,,,Y,objective,1,N,N,N,Y,N,N,Y,N,N,book_document_objective_route_resolution_recorded,staged_for_fishing_route_resolution,staged_for_fishing_route_resolution,Fishing route-resolution hold,none_existing_route_resolution,
book_document_objective,OBJ-001445,OBJ-001445,,List of Fair Weather Fish,,book_document,ae_book_title,,,main_route,ae_creation,ae_book,1,,,,,,,Y,objective,2,Y,Y,N,Y,N,N,Y,N,N,book_document_objective_route_resolution_recorded,acquired_now | staged_for_fishing_route_resolution,complete | staged_for_fishing_route_resolution,First Riften Visit And Guild Doorway | Fishing route-resolution hold,none_existing_route_resolution,
book_document_objective,OBJ-001446,OBJ-001446,,List of Rainy Weather Fish,,book_document,ae_book_title,,,main_route,ae_creation,ae_book,1,,,,,,,Y,objective,1,N,N,N,Y,N,N,Y,N,N,book_document_objective_route_resolution_recorded,staged_for_fishing_route_resolution,staged_for_fishing_route_resolution,Fishing route-resolution hold,none_existing_route_resolution,
book_document_objective,OBJ-001447,OBJ-001447,,List of Rare Fish,,book_document,ae_book_title,,,main_route,ae_creation,ae_book,1,,,,,,,Y,objective,1,N,N,N,Y,N,N,Y,N,N,book_document_objective_route_resolution_recorded,staged_for_fishing_route_resolution,staged_for_fishing_route_resolution,Fishing route-resolution hold,none_existing_route_resolution,
book_document_objective,OBJ-001448,OBJ-001448,,List of Underground Fish,,book_document,ae_book_title,,,main_route,ae_creation,ae_book,1,,,,,,,Y,objective,1,N,N,N,Y,N,N,Y,N,N,book_document_objective_route_resolution_recorded,staged_for_fishing_route_resolution,staged_for_fishing_route_resolution,Fishing route-resolution hold,none_existing_route_resolution,
book_document_objective,OBJ-001449,OBJ-001449,,Looter's Note,,book_document,ae_book_title,,,main_route,ae_creation,ae_book,1,,,,,,,Y,objective,1,Y,Y,N,Y,Y,N,Y,Y,N,book_document_objective_route_resolution_recorded,needs_route_resolution_added,NEEDS ROUTE RESOLUTION,Final Reconciliation open route-resolution items,none_existing_route_resolution,
book_document_objective,OBJ-001450,OBJ-001450,,Loss of the Sea Stallion,,book_document,ae_book_title,,,main_route,ae_creation,ae_book,1,,,,,,,Y,objective,1,Y,Y,N,Y,Y,N,Y,Y,N,book_document_objective_route_resolution_recorded,needs_route_resolution_added,NEEDS ROUTE RESOLUTION,Final Reconciliation open route-resolution items,none_existing_route_resolution,
book_document_objective,OBJ-001451,OBJ-001451,,Lost Caravan Guard's Note,,book_document,ae_book_title,,,main_route,ae_creation,ae_book,1,,,,,,,Y,objective,1,Y,Y,N,Y,Y,N,Y,Y,N,book_document_objective_route_resolution_recorded,needs_route_resolution_added,NEEDS ROUTE RESOLUTION,Final Reconciliation open route-resolution items,none_existing_route_resolution,
book_document_objective,OBJ-001452,OBJ-001452,,M'Sharra's Confession,,book_document,ae_book_title,,,main_route,ae_creation,ae_book,1,,,,,,,Y,objective,1,Y,Y,N,Y,Y,N,Y,Y,N,book_document_objective_route_resolution_recorded,needs_route_resolution_added,NEEDS ROUTE RESOLUTION,Final Reconciliation open route-resolution items,none_existing_route_resolution,
book_document_objective,OBJ-001453,OBJ-001453,,M'Sharra's Diary,,book_document,ae_book_title,,,main_route,ae_creation,ae_book,1,,,,,,,Y,objective,1,Y,N,N,Y,N,N,N,N,N,book_document_objective_covered,held_for_later_ae_route,staged_for_later_ae_route,First Day In Whiterun,none,
book_document_objective,OBJ-001454,OBJ-001454,,Majid - Please Read,,book_document,ae_book_title,,,main_route,ae_creation,ae_book,1,,,,,,,Y,objective,1,Y,Y,N,Y,N,N,N,N,N,book_document_objective_covered,placed_in_guide,complete,Imperial Civil War,none,
book_document_objective,OBJ-001455,OBJ-001455,,Manufactory Repair Parts,,book_document,ae_book_title,,,main_route,ae_creation,ae_book,1,UESP Creation Club Books member page lists this as AE quest/action-related but does not list a fixed acquisition location; exact acquisition context deferred.,,,,,,Y,objective,1,Y,Y,N,N,Y,N,Y,Y,N,book_document_objective_route_resolution_recorded,needs_route_resolution_added,NEEDS ROUTE RESOLUTION,Final Reconciliation open route-resolution items,none_existing_route_resolution,
book_document_objective,OBJ-001456,OBJ-001456,,Masks of the Tribunal,,book_document,ae_book_title,,,main_route,ae_creation,ae_book,1,,,,,,,Y,objective,1,Y,Y,N,Y,N,N,N,N,N,book_document_objective_covered,placed_in_guide,complete,Ghosts Of The Tribunal And Trueflame,none,
book_document_objective,OBJ-001457,OBJ-001457,,Master Ellane's Last Words,,book_document,ae_book_title,,,main_route,ae_creation,ae_book,1,,,,,,,Y,objective,1,Y,Y,N,Y,Y,N,Y,Y,N,book_document_objective_route_resolution_recorded,needs_route_resolution_added,NEEDS ROUTE RESOLUTION,Final Reconciliation open route-resolution items,none_existing_route_resolution,
book_document_objective,OBJ-001458,OBJ-001458,,Matriarch Drevlan's Note,,book_document,ae_book_title,,,main_route,ae_creation,ae_book,1,UESP Creation Club Books member page lists this as AE quest/action-related but does not list a fixed acquisition location; exact acquisition context deferred.,,,,,,Y,objective,1,Y,Y,N,N,N,N,N,N,N,book_document_objective_covered,placed_in_guide,complete,Ghosts Of The Tribunal And Trueflame,none,
book_document_objective,OBJ-001459,OBJ-001459,,Mercenary's Note,,book_document,ae_book_title,,,main_route,ae_creation,ae_book,1,,,,,,,Y,objective,1,Y,Y,N,Y,Y,N,Y,Y,N,book_document_objective_route_resolution_recorded,needs_route_resolution_added,NEEDS ROUTE RESOLUTION,Final Reconciliation open route-resolution items,none_existing_route_resolution,
book_document_objective,OBJ-001460,OBJ-001460,,Mila's Note on Very Secret Treasure,,book_document,ae_book_title,,,main_route,ae_creation,ae_book,1,,,,,,,Y,objective,1,Y,Y,N,Y,Y,N,Y,Y,N,book_document_objective_route_resolution_recorded,needs_route_resolution_added,NEEDS ROUTE RESOLUTION,Final Reconciliation open route-resolution items,none_existing_route_resolution,
book_document_objective,OBJ-001461,OBJ-001461,,Miner's Note,,book_document,ae_book_title,,,main_route,ae_creation,ae_book,1,,,,,,,Y,objective,1,Y,Y,N,Y,N,N,N,N,N,book_document_objective_covered,placed_in_guide,complete,"Dawnstar, Pale Blade, And Heljarchen",none,
book_document_objective,OBJ-001462,OBJ-001462,,Missing Merchant (note),,book_document,ae_book_title,,,main_route,ae_creation,ae_book,1,,,,,,,Y,objective,1,Y,Y,N,Y,Y,N,Y,Y,N,book_document_objective_route_resolution_recorded,needs_route_resolution_added,NEEDS ROUTE RESOLUTION,Final Reconciliation open route-resolution items,none_existing_route_resolution,
book_document_objective,OBJ-001463,OBJ-001463,,Mysterious Note (Staff of Sheogorath),,book_document,ae_book_title,,,main_route,ae_creation,ae_book,1,,,,,,,Y,objective,1,Y,Y,N,Y,Y,N,Y,Y,N,book_document_objective_route_resolution_recorded,needs_route_resolution_added,NEEDS ROUTE RESOLUTION,Final Reconciliation open route-resolution items,none_existing_route_resolution,
book_document_objective,OBJ-001464,OBJ-001464,,Mysterious Note (Vigil Enforcer Armor Set),,book_document,ae_book_title,,,main_route,ae_creation,ae_book,1,,,,,,,Y,objective,1,Y,Y,N,Y,N,N,N,N,N,book_document_objective_covered,placed_in_guide,complete,"Dawnstar, Pale Blade, And Heljarchen",none,
book_document_objective,OBJ-001465,OBJ-001465,,Naara's Journal,,book_document,ae_book_title,,,main_route,ae_creation,ae_book,1,,,,,,,Y,objective,1,Y,Y,N,Y,N,N,N,N,N,book_document_objective_covered,placed_in_guide,complete,Windhelm Follow-Up And Eastmarch Roads,none,
book_document_objective,OBJ-001466,OBJ-001466,,Naara's Plea,,book_document,ae_book_title,,,main_route,ae_creation,ae_book,1,,,,,,,Y,objective,1,Y,N,N,Y,N,N,N,N,N,book_document_objective_covered,placed_in_guide,complete,Windhelm Follow-Up And Eastmarch Roads,none,
book_document_objective,OBJ-001467,OBJ-001467,,Necromancer's Journal (Bone Wolf),,book_document,ae_book_title,,,main_route,ae_creation,ae_book,1,,,,,,,Y,objective,1,Y,Y,N,Y,N,N,N,N,N,book_document_objective_covered,placed_in_guide,complete,Potema Shield Of Solitude And Bone Wolf,none,
book_document_objective,OBJ-001468,OBJ-001468,,Necromancer's Journal (Plague of the Dead),,book_document,ae_book_title,,,main_route,ae_creation,ae_book,1,,,,,,,Y,objective,1,N,Y,N,Y,N,N,N,N,N,book_document_objective_covered,placed_in_guide,complete,Rising Dead Early Activation,none,
book_document_objective,OBJ-001469,OBJ-001469,,Nightgate Inn Patron's Note,,book_document,ae_book_title,,,main_route,ae_creation,ae_book,1,,,,,,,Y,objective,1,Y,Y,N,Y,N,N,N,N,N,book_document_objective_covered,placed_in_guide,complete,"Security, Shadowmere, And The Brotherhood Endgame",none,
book_document_objective,OBJ-001470,OBJ-001470,,Nivenor's Journal,,book_document,ae_book_title,,,main_route,ae_creation,ae_book,1,,,,,,,Y,objective,1,Y,Y,N,Y,Y,N,Y,Y,N,book_document_objective_route_resolution_recorded,needs_route_resolution_added,NEEDS ROUTE RESOLUTION,Final Reconciliation open route-resolution items,none_existing_route_resolution,
book_document_objective,OBJ-001471,OBJ-001471,,Note on Amber and Madness Ore,,book_document,ae_book_title,,,main_route,ae_creation,ae_book,1,,,,,,,Y,objective,1,N,Y,N,Y,N,N,N,N,N,book_document_objective_covered,placed_in_guide,complete,"Saints, Seducers, and Atronach Forge Tomes",none,
book_document_objective,OBJ-001472,OBJ-001472,,Note on Autumn,,book_document,ae_book_title,,,main_route,ae_creation,ae_book,1,,,,,,,Y,objective,1,Y,Y,N,Y,Y,N,N,N,N,book_document_objective_covered,duplicate_covered_by_existing_route,complete,Homes Household Services Pets And Mounts,none,
book_document_objective,OBJ-001473,OBJ-001473,,Note on Demented Elytra Nymph,,book_document,ae_book_title,,,main_route,ae_creation,ae_book,1,,,,,,,Y,objective,1,N,Y,N,Y,N,N,N,N,N,book_document_objective_covered,placed_in_guide,complete,"Saints, Seducers, and Atronach Forge Tomes",none,
book_document_objective,OBJ-001474,OBJ-001474,,Note on Manic Elytra Nymph,,book_document,ae_book_title,,,main_route,ae_creation,ae_book,1,,,,,,,Y,objective,1,N,Y,N,Y,N,N,N,N,N,book_document_objective_covered,placed_in_guide,complete,"Saints, Seducers, and Atronach Forge Tomes",none,
book_document_objective,OBJ-001475,OBJ-001475,,Note on New Wares,,book_document,ae_book_title,,,main_route,ae_creation,ae_book,1,,,,,,,Y,objective,1,N,Y,Y,Y,N,N,N,N,N,book_document_objective_covered,placed_in_guide,complete_or_courier_followup,"Saints, Seducers, and Atronach Forge Tomes",none,
book_document_objective,OBJ-001476,OBJ-001476,,Note on Revenge for Kinthal,,book_document,ae_book_title,,,main_route,ae_creation,ae_book,1,,,,,,,Y,objective,1,N,Y,N,Y,N,N,N,N,N,book_document_objective_covered,placed_in_guide,natural_random_window,"Saints, Seducers, and Atronach Forge Tomes",none,
book_document_objective,OBJ-001477,OBJ-001477,,Note on Revenge for Svarig,,book_document,ae_book_title,,,main_route,ae_creation,ae_book,1,,,,,,,Y,objective,1,N,Y,N,Y,N,N,N,N,N,book_document_objective_covered,placed_in_guide,natural_random_window,"Saints, Seducers, and Atronach Forge Tomes",none,
book_document_objective,OBJ-001478,OBJ-001478,,Note on Spring,,book_document,ae_book_title,,,main_route,ae_creation,ae_book,1,,,,,,,Y,objective,1,Y,Y,N,Y,Y,N,N,N,N,book_document_objective_covered,duplicate_covered_by_existing_route,complete,Homes Household Services Pets And Mounts,none,
book_document_objective,OBJ-001479,OBJ-001479,,Note on Strange Arms and Armor,,book_document,ae_book_title,,,main_route,ae_creation,ae_book,1,,,,,,,Y,objective,1,N,Y,N,Y,N,N,N,N,N,book_document_objective_covered,placed_in_guide,complete,"Saints, Seducers, and Atronach Forge Tomes",none,
book_document_objective,OBJ-001480,OBJ-001480,,Note on Summer,,book_document,ae_book_title,,,main_route,ae_creation,ae_book,1,,,,,,,Y,objective,1,Y,Y,N,Y,Y,N,N,N,N,book_document_objective_covered,duplicate_covered_by_existing_route,complete,Homes Household Services Pets And Mounts,none,
book_document_objective,OBJ-001481,OBJ-001481,,Note on Winter,,book_document,ae_book_title,,,main_route,ae_creation,ae_book,1,,,,,,,Y,objective,1,Y,Y,N,Y,Y,N,N,N,N,book_document_objective_covered,duplicate_covered_by_existing_route,complete,Homes Household Services Pets And Mounts,none,
book_document_objective,OBJ-001482,OBJ-001482,,Note on the Target,,book_document,ae_book_title,,,main_route,ae_creation,ae_book,1,,,,,,,Y,objective,1,Y,Y,N,Y,N,N,N,N,N,book_document_objective_covered,placed_in_guide,complete,Ghosts Of The Tribunal And Trueflame,none,
book_document_objective,OBJ-001483,OBJ-001483,,Note to Ehlhiel,,book_document,ae_book_title,,,main_route,ae_creation,ae_book,1,,,,,,,Y,objective,1,Y,Y,N,Y,Y,N,Y,Y,N,book_document_objective_route_resolution_recorded,needs_route_resolution_added,NEEDS ROUTE RESOLUTION,Final Reconciliation open route-resolution items,none_existing_route_resolution,
book_document_objective,OBJ-001484,OBJ-001484,,Notes on Dissection,,book_document,ae_book_title,,,main_route,ae_creation,ae_book,1,,,,,,,Y,objective,1,Y,N,N,Y,N,N,N,N,N,book_document_objective_covered,placed_in_guide,complete,"Dawnstar, Pale Blade, And Heljarchen",none,
book_document_objective,OBJ-001485,OBJ-001485,,Notes on the Blacksmith,,book_document,ae_book_title,,,main_route,ae_creation,ae_book,1,,,,,,,Y,objective,1,N,Y,N,Y,N,N,N,N,N,book_document_objective_covered,placed_in_guide,complete,"Saints, Seducers, and Atronach Forge Tomes",none,
book_document_objective,OBJ-001486,OBJ-001486,,Notes on the Bone Forge,,book_document,ae_book_title,,,main_route,ae_creation,ae_book,1,,,,,,,Y,objective,1,Y,Y,N,Y,N,N,N,N,N,book_document_objective_covered,placed_in_guide,complete,Windhelm Follow-Up And Eastmarch Roads,none,
book_document_objective,OBJ-001487,OBJ-001487,,Notice: Fishing Contest,,book_document,ae_book_title,,,main_route,ae_creation,ae_book,1,,,,,,,Y,objective,1,N,N,N,Y,N,N,Y,N,N,book_document_objective_route_resolution_recorded,staged_for_fishing_route_resolution,staged_for_fishing_route_resolution,Fishing route-resolution hold,none_existing_route_resolution,
book_document_objective,OBJ-001488,OBJ-001488,,Pale-Eyes' Journal,,book_document,ae_book_title,,,main_route,ae_creation,ae_book,1,,,,,,,Y,objective,1,Y,Y,N,Y,N,N,N,N,N,book_document_objective_covered,placed_in_guide,complete,"Security, Shadowmere, And The Brotherhood Endgame",none,
book_document_objective,OBJ-001489,OBJ-001489,,Peddler's Journal,,book_document,ae_book_title,,,main_route,ae_creation,ae_book,1,UESP Creation Club Books member page lists this as AE quest/action-related but does not list a fixed acquisition location; exact acquisition context deferred.,,,,,,Y,objective,2,Y,Y,N,N,N,N,N,N,N,book_document_objective_covered,placed_in_guide | retrospectively_moved_earlier,complete,"Tel Mithryn, Nchardak, And Kagrumez | Tel Mithryn, Nchardak, and Kagrumez",none,
book_document_objective,OBJ-001490,OBJ-001490,,Please Read Aloud,,book_document,ae_book_title,,,main_route,ae_creation,ae_book,1,,,,,,,Y,objective,1,Y,Y,N,Y,Y,N,Y,Y,N,book_document_objective_route_resolution_recorded,needs_route_resolution_added,NEEDS ROUTE RESOLUTION,Final Reconciliation open route-resolution items,none_existing_route_resolution,
book_document_objective,OBJ-001491,OBJ-001491,,Poem for Zaharia,,book_document,ae_book_title,,,main_route,ae_creation,ae_book,1,,,,,,,Y,objective,2,Y,N,N,Y,N,N,N,N,N,book_document_objective_covered,not_acquired_here | placed_in_guide,complete | staged_for_yorgrim_dragonscale_bundle,Windhelm Follow-Up And Eastmarch Roads | Windhelm Murder Investigation And White Phial,none,
book_document_objective,OBJ-001492,OBJ-001492,,Possible Vampire Cave,,book_document,ae_book_title,,,main_route,ae_creation,ae_book,1,,,,,,,Y,objective,1,Y,Y,N,Y,Y,N,Y,Y,N,book_document_objective_route_resolution_recorded,needs_route_resolution_added,NEEDS ROUTE RESOLUTION,Final Reconciliation open route-resolution items,none_existing_route_resolution,
book_document_objective,OBJ-001493,OBJ-001493,,Prisoner's Note,,book_document,ae_book_title,,,main_route,ae_creation,ae_book,1,,,,,,,Y,objective,1,Y,Y,N,Y,N,N,N,N,Y,book_document_objective_covered,branch_handled,branch_experienced,"Bittercup, The Pit, And Fortunate Son",none,
book_document_objective,OBJ-001494,OBJ-001494,,Propaganda Letter,,book_document,ae_book_title,,,main_route,ae_creation,ae_book,1,,,,,,,Y,objective,1,Y,N,N,Y,N,N,N,N,N,book_document_objective_covered,placed_in_guide,complete,Ghosts Of The Tribunal And Trueflame,none,
book_document_objective,OBJ-001495,OBJ-001495,,Redoran Guard's Note,,book_document,ae_book_title,,,main_route,ae_creation,ae_book,1,,,,,,,Y,objective,1,Y,N,N,Y,N,N,N,N,N,book_document_objective_covered,placed_in_guide,complete,Ghosts Of The Tribunal And Trueflame,none,
book_document_objective,OBJ-001496,OBJ-001496,,Ri'saad's Note on Bandit Attacks,,book_document,ae_book_title,,,main_route,ae_creation,ae_book,1,,,,,,,Y,objective,1,Y,Y,N,Y,N,N,N,N,N,book_document_objective_covered,placed_in_guide,complete,"Saints, Seducers, and Atronach Forge Tomes",none,
book_document_objective,OBJ-001497,OBJ-001497,,Rin's Journal,,book_document,ae_book_title,,,main_route,ae_creation,ae_book,1,,,,,,,Y,objective,1,N,Y,N,Y,N,N,N,N,N,book_document_objective_covered,completed_now,complete,Goldenhills Farm And Rorikstead,none,
book_document_objective,OBJ-001498,OBJ-001498,,Saints Bandit Leader's Journal,,book_document,ae_book_title,,,main_route,ae_creation,ae_book,1,,,,,,,Y,objective,1,N,Y,N,Y,N,N,N,N,N,book_document_objective_covered,placed_in_guide,complete,"Saints, Seducers, and Atronach Forge Tomes",none,
book_document_objective,OBJ-001499,OBJ-001499,,Seducers Bandit Leader's Journal,,book_document,ae_book_title,,,main_route,ae_creation,ae_book,1,,,,,,,Y,objective,1,N,Y,N,Y,N,N,N,N,N,book_document_objective_covered,placed_in_guide,complete,"Saints, Seducers, and Atronach Forge Tomes",none,
book_document_objective,OBJ-001500,OBJ-001500,,Seedy Guard's Note,,book_document,ae_book_title,,,main_route,ae_creation,ae_book,1,,,,,,,Y,objective,1,N,N,N,Y,N,N,N,N,N,book_document_objective_covered,audited_not_routed_here,staged_for_sunder_wraithguard_bundle,Cicero Aventus And The Sanctuary Door,none,
book_document_objective,OBJ-001501,OBJ-001501,,"Seeks-Ancient-Artifacts' Journal, v1",,book_document,ae_book_title,,,main_route,ae_creation,ae_book,1,,,,,,,Y,objective,1,N,N,N,Y,N,N,N,N,N,book_document_objective_covered,same_inn_left_unopened,staged_for_nchuanthumz_home_route,"Winterhold, College Entry, And Saarthal",none,
book_document_objective,OBJ-001502,OBJ-001502,,"Seeks-Ancient-Artifacts' Journal, v2",,book_document,ae_book_title,,,main_route,ae_creation,ae_book,1,,,,,,,Y,objective,1,Y,Y,N,Y,Y,N,N,N,N,book_document_objective_covered,duplicate_covered_by_existing_route,complete,Homes Household Services Pets And Mounts,none,
book_document_objective,OBJ-001503,OBJ-001503,,Seviur's Journal,,book_document,ae_book_title,,,main_route,ae_creation,ae_book,1,,,,,,,Y,objective,1,Y,Y,N,Y,Y,N,Y,Y,N,book_document_objective_route_resolution_recorded,needs_route_resolution_added,NEEDS ROUTE RESOLUTION,Final Reconciliation open route-resolution items,none_existing_route_resolution,
book_document_objective,OBJ-001504,OBJ-001504,,Shogarz's Journal,,book_document,ae_book_title,,,main_route,ae_creation,ae_book,1,,,,,,,Y,objective,1,Y,Y,N,Y,Y,N,Y,Y,N,book_document_objective_route_resolution_recorded,needs_route_resolution_added,NEEDS ROUTE RESOLUTION,Final Reconciliation open route-resolution items,none_existing_route_resolution,
book_document_objective,OBJ-001505,OBJ-001505,,Sirayar's Note,,book_document,ae_book_title,,,main_route,ae_creation,ae_book,1,,,,,,,Y,objective,1,N,Y,N,Y,N,N,N,N,N,book_document_objective_covered,placed_in_guide,complete,High-Risk AE Routes and Separate Worldspaces,none,
book_document_objective,OBJ-001506,OBJ-001506,,Skjol's Journal,,book_document,ae_book_title,,,main_route,ae_creation,ae_book,1,,,,,,,Y,objective,1,Y,Y,N,Y,N,N,N,N,N,book_document_objective_covered,placed_in_guide,complete,"Temple Of Miraak, Skaal, And Stalhrim",none,
book_document_objective,OBJ-001507,OBJ-001507,,Smuggler's Trade Notes,,book_document,ae_book_title,,,main_route,ae_creation,ae_book,1,,,,,,,Y,objective,2,Y,Y,N,Y,N,N,N,N,N,book_document_objective_covered,audited_not_routed_here | placed_in_guide,complete | staged_for_later_ae_quest_bundle,Halted Stream And Silent Moons Level Gate | Whiterun Property Western Caves Gray-Mane Rescue And Onmund,none,
book_document_objective,OBJ-001508,OBJ-001508,,Soran's Journal,,book_document,ae_book_title,,,main_route,ae_creation,ae_book,1,,,,,,,Y,objective,2,N,Y,N,Y,N,N,N,N,N,book_document_objective_covered,audited_not_started_here | same_desk_left_unopened,staged_for_creature_of_legend_rift_route,"College Errands Arniel Septimus And Aetherium | Winterhold, College Entry, And Saarthal",none,
book_document_objective,OBJ-001509,OBJ-001509,,Stable Hand's Note,,book_document,ae_book_title,,,main_route,ae_creation,ae_book,1,,,,,,,Y,objective,1,Y,Y,N,Y,Y,N,Y,Y,N,book_document_objective_route_resolution_recorded,needs_route_resolution_added,NEEDS ROUTE RESOLUTION,Final Reconciliation open route-resolution items,none_existing_route_resolution,
book_document_objective,OBJ-001510,OBJ-001510,,Steward's Note,,book_document,ae_book_title,,,main_route,ae_creation,ae_book,1,,,,,,,Y,objective,1,Y,Y,N,Y,Y,N,Y,Y,N,book_document_objective_route_resolution_recorded,needs_route_resolution_added,NEEDS ROUTE RESOLUTION,Final Reconciliation open route-resolution items,none_existing_route_resolution,
book_document_objective,OBJ-001511,OBJ-001511,,Stranger's Final Instructions (alternate),,book_document,ae_book_title,,,main_route,ae_creation,ae_book,1,,,,,,,Y,objective,1,Y,Y,N,Y,Y,N,Y,Y,N,book_document_objective_route_resolution_recorded,needs_route_resolution_added,NEEDS ROUTE RESOLUTION,Final Reconciliation open route-resolution items,none_existing_route_resolution,
book_document_objective,OBJ-001512,OBJ-001512,,Stranger's Final Instructions (pickpocket),,book_document,ae_book_title,,,main_route,ae_creation,ae_book,1,,,,,,,Y,objective,1,Y,Y,N,Y,Y,N,Y,Y,N,book_document_objective_route_resolution_recorded,needs_route_resolution_added,NEEDS ROUTE RESOLUTION,Final Reconciliation open route-resolution items,none_existing_route_resolution,
book_document_objective,OBJ-001513,OBJ-001513,,Stranger's Instructions,,book_document,ae_book_title,,,main_route,ae_creation,ae_book,1,,,,,,,Y,objective,1,Y,Y,N,Y,Y,N,Y,Y,N,book_document_objective_route_resolution_recorded,needs_route_resolution_added,NEEDS ROUTE RESOLUTION,Final Reconciliation open route-resolution items,none_existing_route_resolution,
book_document_objective,OBJ-001514,OBJ-001514,,Stranger's Journal,,book_document,ae_book_title,,,main_route,ae_creation,ae_book,1,,,,,,,Y,objective,1,Y,Y,N,Y,Y,N,Y,Y,N,book_document_objective_route_resolution_recorded,needs_route_resolution_added,NEEDS ROUTE RESOLUTION,Final Reconciliation open route-resolution items,none_existing_route_resolution,
book_document_objective,OBJ-001515,OBJ-001515,,Stranger's Note,,book_document,ae_book_title,,,main_route,ae_creation,ae_book,1,,,,,,,Y,objective,1,Y,Y,N,Y,Y,N,Y,Y,N,book_document_objective_route_resolution_recorded,needs_route_resolution_added,NEEDS ROUTE RESOLUTION,Final Reconciliation open route-resolution items,none_existing_route_resolution,
book_document_objective,OBJ-001516,OBJ-001516,,Suicide at Dragon Bridge,,book_document,ae_book_title,,,main_route,ae_creation,ae_book,1,,,,,,,Y,objective,1,Y,Y,N,Y,N,N,N,N,N,book_document_objective_covered,placed_in_guide,complete,Solitude Coast Dragon Bridge Wild Horse And Wolfskull,none,
book_document_objective,OBJ-001517,OBJ-001517,,Svarig's Journal,,book_document,ae_book_title,,,main_route,ae_creation,ae_book,1,,,,,,,Y,objective,1,N,Y,N,Y,N,N,N,N,N,book_document_objective_covered,placed_in_guide,complete,"Saints, Seducers, and Atronach Forge Tomes",none,
book_document_objective,OBJ-001518,OBJ-001518,,Telekinesis Arrows Research Notes,,book_document,ae_book_title,,,main_route,ae_creation,ae_book,1,,,,,,,Y,objective,1,Y,Y,N,Y,N,N,N,N,N,book_document_objective_covered,placed_in_guide,complete,"Winterhold, College Entry, And Saarthal",none,
book_document_objective,OBJ-001519,OBJ-001519,,The Alik'r,,book_document,ae_book_title,,,main_route,ae_creation,ae_book,1,,,,,,,Y,objective,1,N,Y,N,Y,N,N,N,N,N,book_document_objective_covered,placed_in_guide,complete,High-Risk AE Routes and Separate Worldspaces,none,
book_document_objective,OBJ-001520,OBJ-001520,,"The Crimson Dirks, v2",,book_document,ae_book_title,,,main_route,ae_creation,ae_book,1,,,,,,,Y,objective,1,Y,Y,N,Y,Y,N,Y,Y,N,book_document_objective_route_resolution_recorded,needs_route_resolution_added,NEEDS ROUTE RESOLUTION,Final Reconciliation open route-resolution items,none_existing_route_resolution,
book_document_objective,OBJ-001521,OBJ-001521,,"The Crimson Dirks, v3",,book_document,ae_book_title,,,main_route,ae_creation,ae_book,1,,,,,,,Y,objective,1,Y,Y,N,Y,Y,N,Y,Y,N,book_document_objective_route_resolution_recorded,needs_route_resolution_added,NEEDS ROUTE RESOLUTION,Final Reconciliation open route-resolution items,none_existing_route_resolution,
book_document_objective,OBJ-001522,OBJ-001522,,"The Crimson Dirks, v4",,book_document,ae_book_title,,,main_route,ae_creation,ae_book,1,,,,,,,Y,objective,2,Y,Y,N,Y,N,N,N,N,N,book_document_objective_covered,not_acquired_here | placed_in_guide,complete | staged_for_yorgrim_dragonscale_bundle,Windhelm Follow-Up And Eastmarch Roads | Windhelm Murder Investigation And White Phial,none,
book_document_objective,OBJ-001523,OBJ-001523,,"The Crimson Dirks, v5",,book_document,ae_book_title,,,main_route,ae_creation,ae_book,1,,,,,,,Y,objective,1,Y,Y,N,Y,Y,N,Y,Y,N,book_document_objective_route_resolution_recorded,needs_route_resolution_added,NEEDS ROUTE RESOLUTION,Final Reconciliation open route-resolution items,none_existing_route_resolution,
book_document_objective,OBJ-001524,OBJ-001524,,"The Crimson Dirks, v6",,book_document,ae_book_title,,,main_route,ae_creation,ae_book,1,UESP Creation Club Books member page lists this as AE quest/action-related but does not list a fixed acquisition location; exact acquisition context deferred.,,,,,,Y,objective,1,Y,Y,N,N,Y,N,Y,Y,N,book_document_objective_route_resolution_recorded,needs_route_resolution_added,NEEDS ROUTE RESOLUTION,Final Reconciliation open route-resolution items,none_existing_route_resolution,
book_document_objective,OBJ-001525,OBJ-001525,,"The Crimson Dirks, v7",,book_document,ae_book_title,,,main_route,ae_creation,ae_book,1,,,,,,,Y,objective,1,Y,N,N,Y,N,N,N,N,N,book_document_objective_covered,audited_not_acquired_here,staged_for_later_sunderstone_bundle,Hircine And Bloated Man's Grotto,none,
book_document_objective,OBJ-001526,OBJ-001526,,The Ebon Arm,,book_document,ae_book_title,,,main_route,ae_creation,ae_book,1,,,,,,,Y,objective,1,Y,N,N,Y,N,N,N,N,N,book_document_objective_covered,placed_in_guide,complete,High-Risk AE Routes and Separate Worldspaces,none,
book_document_objective,OBJ-001527,OBJ-001527,,The Fisher King,,book_document,ae_book_title,,,main_route,ae_creation,ae_book,1,,,,,,,Y,objective,1,Y,Y,N,Y,Y,N,Y,Y,N,book_document_objective_route_resolution_recorded,needs_route_resolution_added,NEEDS ROUTE RESOLUTION,Final Reconciliation open route-resolution items,none_existing_route_resolution,
book_document_objective,OBJ-001528,OBJ-001528,,The Fisher Queen,,book_document,ae_book_title,,,main_route,ae_creation,ae_book,1,,,,,,,Y,objective,1,Y,Y,N,Y,Y,N,Y,Y,N,book_document_objective_route_resolution_recorded,needs_route_resolution_added,NEEDS ROUTE RESOLUTION,Final Reconciliation open route-resolution items,none_existing_route_resolution,
book_document_objective,OBJ-001529,OBJ-001529,,The Restless,,book_document,ae_book_title,,,main_route,ae_creation,ae_book,1,,,,,,,Y,objective,1,N,Y,N,Y,N,N,N,N,N,book_document_objective_covered,audited_same_building_not_started,staged_for_dead_mans_dread_route,Goldenglow Honningbrew Solitude And Snow Veil,none,
book_document_objective,OBJ-001530,OBJ-001530,,The Sword of Clan Ice-Blade,,book_document,ae_book_title,,,main_route,ae_creation,ae_book,1,,,,,,,Y,objective,1,Y,Y,N,Y,Y,N,Y,Y,N,book_document_objective_route_resolution_recorded,needs_route_resolution_added,NEEDS ROUTE RESOLUTION,Final Reconciliation open route-resolution items,none_existing_route_resolution,
book_document_objective,OBJ-001531,OBJ-001531,,Thief's Note,,book_document,ae_book_title,,,main_route,ae_creation,ae_book,1,,,,,,,Y,objective,1,Y,Y,N,Y,Y,N,Y,Y,N,book_document_objective_route_resolution_recorded,needs_route_resolution_added,NEEDS ROUTE RESOLUTION,Final Reconciliation open route-resolution items,none_existing_route_resolution,
book_document_objective,OBJ-001532,OBJ-001532,,Thoron's Journal - Volume 1,,book_document,ae_book_title,,,main_route,ae_creation,ae_book,1,,,,,,,Y,objective,1,Y,Y,N,Y,N,N,N,N,N,book_document_objective_covered,placed_in_guide,complete,"Saints, Seducers, and Atronach Forge Tomes",none,
book_document_objective,OBJ-001533,OBJ-001533,,Thoron's Journal - Volume 2,,book_document,ae_book_title,,,main_route,ae_creation,ae_book,1,,,,,,,Y,objective,1,Y,Y,N,Y,N,N,N,N,N,book_document_objective_covered,placed_in_guide,complete,"Saints, Seducers, and Atronach Forge Tomes",none,
book_document_objective,OBJ-001534,OBJ-001534,,Thoron's Journal - Volume 3,,book_document,ae_book_title,,,main_route,ae_creation,ae_book,1,,,,,,,Y,objective,1,N,Y,N,Y,N,N,N,N,N,book_document_objective_covered,placed_in_guide,complete,"Saints, Seducers, and Atronach Forge Tomes",none,
book_document_objective,OBJ-001535,OBJ-001535,,To (Player),,book_document,ae_book_title,,,main_route,ae_creation,ae_book,1,,,,,,,Y,objective,1,N,N,N,Y,N,N,N,N,N,book_document_objective_covered,name_match_false_positive_needs_route_repair,needs_targeted_guide_repair,Name-match false positive review,none,
book_document_objective,OBJ-001536,OBJ-001536,,Tolif's Journal,,book_document,ae_book_title,,,main_route,ae_creation,ae_book,1,,,,,,,Y,objective,1,Y,Y,N,Y,Y,N,Y,Y,N,book_document_objective_route_resolution_recorded,needs_route_resolution_added,NEEDS ROUTE RESOLUTION,Final Reconciliation open route-resolution items,none_existing_route_resolution,
book_document_objective,OBJ-001537,OBJ-001537,,Torn Page,,book_document,ae_book_title,,,main_route,ae_creation,ae_book,1,,,,,,,Y,objective,1,Y,N,N,Y,N,N,N,N,N,book_document_objective_covered,completed_now,complete,Goldenhills Farm And Rorikstead,none,
book_document_objective,OBJ-001538,OBJ-001538,,Treasure Hunter's Journal,,book_document,ae_book_title,,,main_route,ae_creation,ae_book,1,,,,,,,Y,objective,1,Y,Y,N,Y,N,N,N,N,N,book_document_objective_covered,placed_in_guide,complete,High-Risk AE Routes and Separate Worldspaces,none,
book_document_objective,OBJ-001539,OBJ-001539,,Undercover Guard's Journal,,book_document,ae_book_title,,,main_route,ae_creation,ae_book,1,,,,,,,Y,objective,1,Y,Y,N,Y,N,N,N,N,N,book_document_objective_covered,placed_in_guide,complete,"Security, Shadowmere, And The Brotherhood Endgame",none,
book_document_objective,OBJ-001540,OBJ-001540,,Urval's Journal,,book_document,ae_book_title,,,main_route,ae_creation,ae_book,1,,,,,,,Y,objective,1,N,Y,N,Y,N,N,N,N,N,book_document_objective_covered,completed_now,complete,Goldenhills Farm And Rorikstead,none,
book_document_objective,OBJ-001541,OBJ-001541,,Urzog's Journal,,book_document,ae_book_title,,,main_route,ae_creation,ae_book,1,,,,,,,Y,objective,1,Y,Y,N,Y,Y,N,Y,Y,N,book_document_objective_route_resolution_recorded,needs_route_resolution_added,NEEDS ROUTE RESOLUTION,Final Reconciliation open route-resolution items,none_existing_route_resolution,
book_document_objective,OBJ-001542,OBJ-001542,,Velyne's Letter,,book_document,ae_book_title,,,main_route,ae_creation,ae_book,1,,,,,,,Y,objective,1,Y,Y,N,Y,Y,N,Y,Y,N,book_document_objective_route_resolution_recorded,needs_route_resolution_added,NEEDS ROUTE RESOLUTION,Final Reconciliation open route-resolution items,none_existing_route_resolution,
book_document_objective,OBJ-001543,OBJ-001543,,Vigilant's Report,,book_document,ae_book_title,,,main_route,ae_creation,ae_book,1,,,,,,,Y,objective,1,Y,Y,N,Y,N,N,N,N,N,book_document_objective_covered,placed_in_guide,complete,High-Risk AE Routes and Separate Worldspaces,none,
book_document_objective,OBJ-001544,OBJ-001544,,Viriya's Hastily Written Letter,,book_document,ae_book_title,,,main_route,ae_creation,ae_book,1,,,,,,,Y,objective,1,Y,Y,N,Y,Y,N,Y,Y,N,book_document_objective_route_resolution_recorded,needs_route_resolution_added,NEEDS ROUTE RESOLUTION,Final Reconciliation open route-resolution items,none_existing_route_resolution,
book_document_objective,OBJ-001545,OBJ-001545,,Wanted: A Seafood Feast,,book_document,ae_book_title,,,main_route,ae_creation,ae_book,1,,,,,,,Y,objective,1,N,N,N,Y,N,N,Y,N,N,book_document_objective_route_resolution_recorded,staged_for_fishing_route_resolution,staged_for_fishing_route_resolution,Fishing route-resolution hold,none_existing_route_resolution,
book_document_objective,OBJ-001546,OBJ-001546,,Wanted: Fishing Tutor,,book_document,ae_book_title,,,main_route,ae_creation,ae_book,1,,,,,,,Y,objective,1,N,N,N,Y,N,N,Y,N,N,book_document_objective_route_resolution_recorded,staged_for_fishing_route_resolution,staged_for_fishing_route_resolution,Fishing route-resolution hold,none_existing_route_resolution,
book_document_objective,OBJ-001547,OBJ-001547,,Warrior's Challenge,,book_document,ae_book_title,,,main_route,ae_creation,ae_book,1,,,,,,,Y,objective,1,Y,Y,N,Y,Y,N,N,N,N,book_document_objective_covered,duplicate_covered_by_existing_route,complete,Homes Household Services Pets And Mounts,none,
book_document_objective,OBJ-001548,OBJ-001548,,Wild Horse Notes,,book_document,ae_book_title,,,main_route,ae_creation,ae_book,1,,,,,,,Y,objective,1,Y,Y,N,Y,N,N,N,N,N,book_document_objective_covered,placed_in_guide,complete,Solitude Coast Wild Horse And Wolfskull,none,
book_document_objective,OBJ-001549,OBJ-001549,,Yakhtu's Journal,,book_document,ae_book_title,,,main_route,ae_creation,ae_book,1,,,,,,,Y,objective,3,Y,Y,N,Y,N,N,N,N,N,book_document_objective_covered,audited_not_routed_here | conditional_if_embershard_target | placed_in_guide,complete | conditional_complete_if_assigned | staged_for_smith_n_slash_orcish_plate_bundle,Falkreath Land Lakeview Foundation And Glenmoril Coven | Guardian Stones Cache And Whiterun Farm Loop | Whiterun Property Western Caves Gray-Mane Rescue And Onmund,none,
book_document_objective,OBJ-001550,OBJ-001550,,Zaharia's Note,,book_document,ae_book_title,,,main_route,ae_creation,ae_book,1,,,,,,,Y,objective,1,Y,Y,N,Y,Y,N,Y,Y,N,book_document_objective_route_resolution_recorded,needs_route_resolution_added,NEEDS ROUTE RESOLUTION,Final Reconciliation open route-resolution items,none_existing_route_resolution,
book_document_objective,OBJ-001551,OBJ-001551,,Zaria's Note from Jarl,,book_document,ae_book_title,,,main_route,ae_creation,ae_book,1,,,,,,,Y,objective,1,Y,Y,N,Y,Y,N,Y,Y,N,book_document_objective_route_resolution_recorded,needs_route_resolution_added,NEEDS ROUTE RESOLUTION,Final Reconciliation open route-resolution items,none_existing_route_resolution,
book_document_objective,OBJ-001552,OBJ-001552,,Letter from Shogarz gro-Batul,,book_document,ae_book_title,,,main_route,ae_creation,ae_book,1,UESP category member page has quest linkage but no fixed location field; exact acquisition context deferred.,,,,,,Y,objective,1,Y,Y,N,N,Y,N,Y,Y,N,book_document_objective_route_resolution_recorded,needs_route_resolution_added,NEEDS ROUTE RESOLUTION,Final Reconciliation open route-resolution items,none_existing_route_resolution,
book_document_objective,OBJ-001553,OBJ-001553,,Orders (Orcish Scaled),,book_document,ae_book_title,,,main_route,ae_creation,ae_book,1,,,,,,,Y,objective,1,Y,Y,N,Y,Y,N,Y,Y,N,book_document_objective_route_resolution_recorded,needs_route_resolution_added,NEEDS ROUTE RESOLUTION,Final Reconciliation open route-resolution items,none_existing_route_resolution,
book_document_objective,OBJ-001554,OBJ-001554,,Skorvild's Journal,,book_document,ae_book_title,,,main_route,ae_creation,ae_book,1,,,,,,,Y,objective,1,Y,Y,N,Y,N,N,N,N,N,book_document_objective_covered,placed_in_guide,complete,High-Risk AE Routes and Separate Worldspaces,none,
book_document_checklist,CHK-SPELLS-0719,OBJ-000910,CHK-SPELLS-0719,Candlelight,Candlelight,book_document,spell_tome_title,Spells,Main-route prototype block,main_route,base_game,spell_tome,11,"Understone Keep: Purchase from Calcelmo in Markarth. Source note: Can be purchased from: Calcelmo, Falion, Farengar Secret-Fire, Madena, Nelacar, Sybille Stentor, Tolfdir, Wuunferth the Unliving, Wylandriah.",spell_tome_source,selected_vendor_source,College of Winterhold,College of Winterhold,Buy during the relevant College/service block if vendor-sourced; otherwise pair with parent quest/location.,Y,mapped_objective,1,Y,Y,N,Y,N,Y,N,N,N,book_document_checklist_covered,vendor_purchase_check_in_guide,complete_or_all_perks_vendor_return,Tolfdir,none,
book_document_checklist,CHK-SPELLS-0720,OBJ-000931,CHK-SPELLS-0720,Equilibrium,Equilibrium,book_document,spell_tome_title,Spells,Main-route prototype block,main_route,base_game,spell_tome,1,Labyrinthian Chasm: Can be found in Labyrinthian Chasm.,spell_tome_source,selected_fixed_or_scripted_source,Labyrinthian Chasm,Labyrinthian Chasm,Take and read during the Labyrinthian Staff of Magnus route.,Y,exact_checklist,1,Y,Y,N,Y,N,N,N,N,N,book_document_checklist_covered,placed_in_guide,complete,Labyrinthian And The Eye Of Magnus,none,
book_document_checklist,CHK-SPELLS-0721,OBJ-000911,CHK-SPELLS-0721,Oakflesh,Oakflesh,book_document,spell_tome_title,Spells,Main-route prototype block,main_route,base_game,spell_tome,12,"Understone Keep: Purchase from Calcelmo in Markarth. Source note: Can be purchased from: Calcelmo, Falion, Farengar Secret-Fire, Madena, Nelacar, Riverwood Trader, Sybille Stentor, Tolfdir, Wuunferth the Unliving, Wylandriah.",spell_tome_source,selected_vendor_source,College of Winterhold,College of Winterhold,Buy during the relevant College/service block if vendor-sourced; otherwise pair with parent quest/location.,Y,exact_checklist,1,Y,Y,N,Y,N,N,N,N,N,book_document_checklist_covered,learned_now,complete,Southern Warm Corridor,none,
book_document_checklist,CHK-SPELLS-0722,OBJ-000914,CHK-SPELLS-0722,Magelight,Magelight,book_document,spell_tome_title,Spells,Main-route prototype block,main_route,base_game,spell_tome,9,"Understone Keep: Purchase from Calcelmo in Markarth. Source note: Can be purchased from: Calcelmo, Falion, Farengar Secret-Fire, Madena, Sybille Stentor, Tolfdir, Wuunferth the Unliving, Wylandriah.",spell_tome_source,selected_vendor_source,College of Winterhold,College of Winterhold,Buy during the relevant College/service block if vendor-sourced; otherwise pair with parent quest/location.,Y,exact_checklist,1,Y,Y,N,Y,N,N,N,N,N,book_document_checklist_covered,conditional_test_spell,conditional_complete_or_already_known,"Winterhold, College Entry, And Saarthal",none,
book_document_checklist,CHK-SPELLS-0723,OBJ-000915,CHK-SPELLS-0723,Stoneflesh,Stoneflesh,book_document,spell_tome_title,Spells,Main-route prototype block,main_route,base_game,spell_tome,9,"Understone Keep: Purchase from Calcelmo in Markarth. Source note: Can be purchased from: Calcelmo, Falion, Farengar Secret-Fire, Madena, Sybille Stentor, Tolfdir, Wuunferth the Unliving, Wylandriah.",spell_tome_source,selected_vendor_source,College of Winterhold,College of Winterhold,Buy during the relevant College/service block if vendor-sourced; otherwise pair with parent quest/location.,Y,mapped_objective,1,Y,Y,N,Y,N,Y,N,N,N,book_document_checklist_covered,vendor_purchase_check_in_guide,complete_or_all_perks_vendor_return,Tolfdir,none,
book_document_checklist,CHK-SPELLS-0724,OBJ-000916,CHK-SPELLS-0724,Ash Shell,Ash Shell (DB),book_document,spell_tome_title,Spells,Main-route prototype block,main_route,dragonborn,spell_tome,1,Tel Mithryn: Purchase from Talvas Fathryon at Tel Mithryn. Source note: Can be purchased from Talvas Fathryon after completing the quest From the Ashes.,spell_tome_source,selected_vendor_source,Tel Mithryn,Tel Mithryn,Buy during the relevant College/service block if vendor-sourced; otherwise pair with parent quest/location.,Y,exact_checklist,1,Y,Y,N,Y,N,N,N,N,N,book_document_checklist_covered,placed_in_guide,complete,"Tel Mithryn, Nchardak, And Kagrumez",none,
book_document_checklist,CHK-SPELLS-0725,OBJ-000917,CHK-SPELLS-0725,Detect Life,Detect Life,book_document,spell_tome_title,Spells,Main-route prototype block,main_route,base_game,spell_tome,4,"College of Winterhold: Purchase from Tolfdir at the College of Winterhold. Source note: Can be purchased from: Tolfdir, Wylandriah.",spell_tome_source,selected_vendor_source,College of Winterhold,College of Winterhold,Buy during the relevant College/service block if vendor-sourced; otherwise pair with parent quest/location.,Y,exact_checklist,1,Y,Y,N,Y,N,N,N,N,N,book_document_checklist_covered,learned_now,complete,Riften Thaneship Frost And Rift Roads,none,
book_document_checklist,CHK-SPELLS-0726,OBJ-000918,CHK-SPELLS-0726,Ironflesh,Ironflesh,book_document,spell_tome_title,Spells,Main-route prototype block,main_route,base_game,spell_tome,3,"College of Winterhold: Purchase from Tolfdir at the College of Winterhold. Source note: Can be purchased from: Tolfdir, Wylandriah.",spell_tome_source,selected_vendor_source,College of Winterhold,College of Winterhold,Buy during the relevant College/service block if vendor-sourced; otherwise pair with parent quest/location.,Y,mapped_objective,1,Y,Y,N,Y,N,Y,N,N,N,book_document_checklist_covered,vendor_purchase_check_in_guide,complete_or_all_perks_vendor_return,Tolfdir,none,
book_document_checklist,CHK-SPELLS-0727,OBJ-000921,CHK-SPELLS-0727,Telekinesis,Telekinesis,book_document,spell_tome_title,Spells,Main-route prototype block,main_route,base_game,spell_tome,5,"College of Winterhold: Purchase from Tolfdir at the College of Winterhold. Source note: Can be purchased from: Tolfdir, Wylandriah.",spell_tome_source,selected_fixed_or_scripted_source_routed,Benkongerike Great Hall,Benkongerike Great Hall,Take and read during the Benkongerike/Untold Legends Lost Knowledge route.,Y,exact_checklist,2,Y,Y,N,Y,N,N,N,N,N,book_document_checklist_covered,held_for_later | placed_in_guide,complete | held_for_spell_source_selection,"Miraak Finale, Lost Knowledge, And Last Black Books | Temple Of Miraak, Skaal, And Stalhrim",none,
book_document_checklist,CHK-SPELLS-0728,OBJ-000923,CHK-SPELLS-0728,Transmute Mineral Ore,Transmute Mineral Ore,book_document,spell_tome_title,Spells,Main-route prototype block,main_route,base_game,spell_tome,2,"Ansilvund Burial Chambers: Can be found in Ansilvund Burial Chambers, Halted Stream Camp.",spell_tome_source,selected_fixed_or_scripted_source,Ansilvund Burial Chambers,Ansilvund Burial Chambers,Buy during the relevant College/service block if vendor-sourced; otherwise pair with parent quest/location.,Y,exact_checklist,1,Y,Y,N,Y,N,N,N,N,N,book_document_checklist_covered,already_completed_or_fallback,complete_prior_or_fallback,Windhelm Follow-Up And Eastmarch Roads,none,
book_document_checklist,CHK-SPELLS-0729,OBJ-000924,CHK-SPELLS-0729,Waterbreathing,Waterbreathing,book_document,spell_tome_title,Spells,Main-route prototype block,main_route,base_game,spell_tome,3,"College of Winterhold: Purchase from Tolfdir at the College of Winterhold. Source note: Can be purchased from: Tolfdir, Wylandriah.",spell_tome_source,selected_vendor_source,College of Winterhold,College of Winterhold,Buy during the relevant College/service block if vendor-sourced; otherwise pair with parent quest/location.,Y,mapped_objective,1,Y,Y,N,Y,N,Y,N,N,N,book_document_checklist_covered,vendor_purchase_check_in_guide,complete_or_all_perks_vendor_return,Tolfdir,none,
book_document_checklist,CHK-SPELLS-0730,OBJ-000925,CHK-SPELLS-0730,Ash Rune,Ash Rune (DB),book_document,spell_tome_title,Spells,Main-route prototype block,main_route,dragonborn,spell_tome,1,Tel Mithryn: Purchase from Talvas Fathryon at Tel Mithryn. Source note: Can be purchased from Talvas Fathryon after completing the quest From the Ashes.,spell_tome_source,selected_vendor_source,Tel Mithryn,Tel Mithryn,Buy during the relevant College/service block if vendor-sourced; otherwise pair with parent quest/location.,Y,exact_checklist,1,Y,Y,N,Y,N,N,N,N,N,book_document_checklist_covered,placed_in_guide,complete,"Tel Mithryn, Nchardak, And Kagrumez",none,
book_document_checklist,CHK-SPELLS-0731,OBJ-000926,CHK-SPELLS-0731,Detect Dead,Detect Dead,book_document,spell_tome_title,Spells,Main-route prototype block,main_route,base_game,spell_tome,3,College of Winterhold: Purchase from Tolfdir at the College of Winterhold. Source note: Can be purchased from: Tolfdir.,spell_tome_source,selected_fixed_or_scripted_source_routed,The Sallow Regent,The Sallow Regent,Take and read during the White Ridge/Sallow Regent Lost Knowledge route.,Y,exact_checklist,1,Y,Y,N,Y,N,N,N,N,N,book_document_checklist_covered,placed_in_guide,complete,"Miraak Finale, Lost Knowledge, And Last Black Books",none,
book_document_checklist,CHK-SPELLS-0732,OBJ-000927,CHK-SPELLS-0732,Ebonyflesh,Ebonyflesh,book_document,spell_tome_title,Spells,Main-route prototype block,main_route,base_game,spell_tome,2,College of Winterhold: Purchase from Tolfdir at the College of Winterhold. Source note: Can be purchased from: Tolfdir.,spell_tome_source,selected_vendor_source,College of Winterhold,College of Winterhold,Buy during the relevant College/service block if vendor-sourced; otherwise pair with parent quest/location.,Y,mapped_objective,1,Y,Y,N,Y,N,Y,N,N,N,book_document_checklist_covered,vendor_purchase_check_in_guide,complete_or_all_perks_vendor_return,Tolfdir,none,
book_document_checklist,CHK-SPELLS-0733,OBJ-000928,CHK-SPELLS-0733,Paralyze,Paralyze,book_document,spell_tome_title,Spells,Main-route prototype block,main_route,base_game,spell_tome,2,College of Winterhold: Purchase from Tolfdir at the College of Winterhold. Source note: Can be purchased from: Tolfdir.,spell_tome_source,selected_vendor_source,College of Winterhold,College of Winterhold,Buy during the relevant College/service block if vendor-sourced; otherwise pair with parent quest/location.,Y,mapped_objective,1,Y,Y,N,Y,N,Y,N,N,N,book_document_checklist_covered,vendor_purchase_check_in_guide,complete_or_all_perks_vendor_return,Tolfdir,none,
book_document_checklist,CHK-SPELLS-0734,OBJ-000929,CHK-SPELLS-0734,Dragonhide,Dragonhide,book_document,spell_tome_title,Spells,Main-route prototype block,main_route,base_game,spell_tome,1,Alteration Ritual Spell: Reward for quest Alteration Ritual Spell.,spell_tome_source,selected_fixed_or_scripted_source,Alteration Ritual Spell,Alteration Ritual Spell,Buy during the relevant College/service block if vendor-sourced; otherwise pair with parent quest/location.,Y,mapped_objective,2,Y,Y,N,Y,N,Y,N,N,N,book_document_checklist_covered,master_spell_reward_or_vendor_completed | staged_for_all_perks_loop,complete_after_ritual_reward_or_vendor_purchase | staged_for_skill_gate,All-Perks Loop | All-perks master ritual gate,none,
book_document_checklist,CHK-SPELLS-0735,OBJ-000930,CHK-SPELLS-0735,Mass Paralysis,Mass Paralysis,book_document,spell_tome_title,Spells,Main-route prototype block,main_route,base_game,spell_tome,1,College of Winterhold: Purchase from Tolfdir at the College of Winterhold. Source note: Can be purchased from: Tolfdir (only after Alteration Ritual Spell has been completed).,spell_tome_source,selected_vendor_source,College of Winterhold,College of Winterhold,Buy during the relevant College/service block if vendor-sourced; otherwise pair with parent quest/location.,Y,mapped_objective,2,Y,Y,N,Y,N,Y,N,N,N,book_document_checklist_covered,master_spell_reward_or_vendor_completed | staged_for_all_perks_loop,complete_after_ritual_reward_or_vendor_purchase | staged_for_skill_gate,All-Perks Loop | All-perks master ritual gate,none,
book_document_checklist,CHK-SPELLS-0736,OBJ-000932,CHK-SPELLS-0736,Bound Dagger,Bound Dagger (DB),book_document,spell_tome_title,Spells,Main-route prototype block,main_route,dragonborn,spell_tome,1,Tel Mithryn: Purchase from Talvas Fathryon at Tel Mithryn. Source note: Can be purchased from Talvas Fathryon after completing the quest From the Ashes.,spell_tome_source,selected_vendor_source,Tel Mithryn,Tel Mithryn,Buy during the relevant College/service block if vendor-sourced; otherwise pair with parent quest/location.,Y,exact_checklist,1,Y,Y,N,Y,N,N,N,N,N,book_document_checklist_covered,placed_in_guide,complete,"Tel Mithryn, Nchardak, And Kagrumez",none,
book_document_checklist,CHK-SPELLS-0737,OBJ-000933,CHK-SPELLS-0737,Bound Sword,Bound Sword,book_document,spell_tome_title,Spells,Main-route prototype block,main_route,base_game,spell_tome,12,"Understone Keep: Purchase from Calcelmo in Markarth. Source note: Can be purchased from: Calcelmo, Falion, Farengar Secret-Fire, Madena, Nelacar, Phinis Gestor, Sybille Stentor, Wuunferth the Unliving, Wylandriah, Talvas Fathryon.",spell_tome_source,selected_vendor_source,College of Winterhold,College of Winterhold,Buy during the relevant College/service block if vendor-sourced; otherwise pair with parent quest/location.,Y,exact_checklist,1,Y,Y,N,Y,N,N,N,N,N,book_document_checklist_covered,learned_now,complete,Riften Thaneship Frost And Rift Roads,none,
book_document_checklist,CHK-SPELLS-0738,OBJ-000934,CHK-SPELLS-0738,Conjure Familiar,Conjure Familiar,book_document,spell_tome_title,Spells,Main-route prototype block,main_route,base_game,spell_tome,12,Character creation / starting spell: Bretons start with this spell.,spell_tome_source,selected_vendor_source,College of Winterhold,College of Winterhold,Buy during the relevant College/service block if vendor-sourced; otherwise pair with parent quest/location.,Y,mapped_objective,1,Y,Y,N,Y,N,Y,N,N,N,book_document_checklist_covered,vendor_purchase_check_in_guide,complete_or_all_perks_vendor_return,Phinis Gestor,none,
book_document_checklist,CHK-SPELLS-0739,OBJ-000938,CHK-SPELLS-0739,Raise Zombie,Raise Zombie,book_document,spell_tome_title,Spells,Main-route prototype block,main_route,base_game,spell_tome,15,"Understone Keep: Purchase from Calcelmo in Markarth. Source note: Can be purchased from: Calcelmo, Falion, Farengar Secret-Fire, Madena, Nelacar, Phinis Gestor, Riverwood Trader, Sybille Stentor, Wuunferth the Unliving, Wylandriah, Talvas Fathryon.",spell_tome_source,selected_vendor_source,College of Winterhold,College of Winterhold,Buy during the relevant College/service block if vendor-sourced; otherwise pair with parent quest/location.,Y,exact_checklist,1,Y,Y,N,Y,N,N,N,N,N,book_document_checklist_covered,placed_in_guide,complete,Bards College Lost Library And Instrument Roads,none,
book_document_checklist,CHK-SPELLS-0740,OBJ-000130,CHK-SPELLS-0740,Summon Unbound Dremora,Summon Unbound Dremora,quest,college_master_skill_quest,Spells,Main-route prototype block,main_route,base_game,,0,,,,,,,Y,mapped_objective,3,Y,Y,N,Y,N,Y,N,N,N,book_document_checklist_covered,audited_not_started_here | master_ritual_gate_completed | staged_for_all_perks_loop,complete_after_ritual_reward_and_vendor_check | staged_for_skill_90_plus | staged_for_skill_gate,All-Perks Loop | All-perks master ritual gate | College Errands Arniel Septimus And Aetherium,none,
book_document_checklist,CHK-SPELLS-0741,OBJ-000939,CHK-SPELLS-0741,Bound Battleaxe,Bound Battleaxe,book_document,spell_tome_title,Spells,Main-route prototype block,main_route,base_game,spell_tome,11,"Understone Keep: Purchase from Calcelmo in Markarth. Source note: Can be purchased from: Calcelmo, Falion, Farengar Secret-Fire, Madena, Nelacar, Phinis Gestor, Sybille Stentor, Wuunferth the Unliving, Wylandriah, Talvas Fathryon.",spell_tome_source,selected_vendor_source,College of Winterhold,College of Winterhold,Buy during the relevant College/service block if vendor-sourced; otherwise pair with parent quest/location.,Y,mapped_objective,1,Y,Y,N,Y,N,Y,N,N,N,book_document_checklist_covered,vendor_purchase_check_in_guide,complete_or_all_perks_vendor_return,Phinis Gestor,none,
book_document_checklist,CHK-SPELLS-0742,OBJ-000940,CHK-SPELLS-0742,Conjure Boneman,Conjure Boneman (DG),book_document,spell_tome_title,Spells,Main-route prototype block,main_route,dawnguard,spell_tome,1,"Soul Cairn: Found in the Soul Cairn in the center of the encircling pathways southwest of Jiub's Opus, Page 9.",spell_tome_source,selected_fixed_or_scripted_source,Soul Cairn,Soul Cairn,Take and read during the Dawnguard Worldspaces Soul Cairn sweep.,Y,exact_checklist,1,Y,Y,N,Y,N,N,N,N,N,book_document_checklist_covered,placed_in_guide,complete,Dawnguard Worldspaces,none,
book_document_checklist,CHK-SPELLS-0743,OBJ-000941,CHK-SPELLS-0743,Conjure Flame Atronach,Conjure Flame Atronach,book_document,spell_tome_title,Spells,Main-route prototype block,main_route,base_game,spell_tome,13,"Understone Keep: Purchase from Calcelmo in Markarth. Source note: Can be purchased from: Calcelmo, Falion, Farengar Secret-Fire, Madena, Nelacar, Phinis Gestor, Sybille Stentor, Wuunferth the Unliving, Wylandriah, Talvas Fathryon.",spell_tome_source,selected_vendor_source,College of Winterhold,College of Winterhold,Buy during the relevant College/service block if vendor-sourced; otherwise pair with parent quest/location.,Y,exact_checklist,1,Y,Y,N,Y,N,N,N,N,N,book_document_checklist_covered,conditional_test_spell,conditional_complete_or_already_known,"Winterhold, College Entry, And Saarthal",none,
book_document_checklist,CHK-SPELLS-0744,OBJ-000946,CHK-SPELLS-0744,Reanimate Corpse,Reanimate Corpse,book_document,spell_tome_title,Spells,Main-route prototype block,main_route,base_game,spell_tome,12,"Understone Keep: Purchase from Calcelmo in Markarth. Source note: Can be purchased from: Calcelmo, Falion, Farengar Secret-Fire, Madena, Nelacar, Phinis Gestor, Sybille Stentor, Wuunferth the Unliving, Wylandriah, Talvas Fathryon.",spell_tome_source,selected_vendor_source,College of Winterhold,College of Winterhold,Buy during the relevant College/service block if vendor-sourced; otherwise pair with parent quest/location.,Y,mapped_objective,1,Y,Y,N,Y,N,Y,N,N,N,book_document_checklist_covered,vendor_purchase_check_in_guide,complete_or_all_perks_vendor_return,Phinis Gestor,none,
book_document_checklist,CHK-SPELLS-0745,OBJ-000948,CHK-SPELLS-0745,Soul Trap,Soul Trap,book_document,spell_tome_title,Spells,Main-route prototype block,main_route,base_game,spell_tome,12,"Understone Keep: Purchase from Calcelmo in Markarth. Source note: Can be purchased from: Calcelmo, Falion, Farengar Secret-Fire, Madena, Nelacar, Phinis Gestor, Sybille Stentor, Wuunferth the Unliving, Wylandriah, Talvas Fathryon.",spell_tome_source,selected_vendor_source,College of Winterhold,College of Winterhold,Buy during the relevant College/service block if vendor-sourced; otherwise pair with parent quest/location.,Y,mapped_objective,1,Y,Y,N,Y,N,Y,N,N,N,book_document_checklist_covered,vendor_purchase_check_in_guide,complete_or_all_perks_vendor_return,Phinis Gestor,none,
book_document_checklist,CHK-SPELLS-0746,OBJ-000117,CHK-SPELLS-0746,Summon Arniel's Shade,Summon Arniel's Shade,quest,college_optional,Spells,Main-route prototype block,main_route,base_game,,0,,,,,,,Y,exact_checklist,4,Y,Y,N,Y,N,N,N,N,N,book_document_checklist_covered,not_completed_here | placed_in_guide,complete | staged_for_college_arniel_bundle | staged_for_later_arniel_completion,Arkngthamz And The First Aetherium Shards | College Errands Arniel Septimus And Aetherium | Fellglow Keep And Good Intentions | Mzulft And The Winterhold Crisis,none,
book_document_checklist,CHK-SPELLS-0747,OBJ-001957,CHK-SPELLS-0747,Summon Arvak,Summon Arvak (DG),pet_mount,unique_mount,Spells,Main-route prototype block,main_route,dawnguard,,0,,,,,,,Y,exact_checklist,1,Y,Y,N,N,N,N,N,N,N,book_document_checklist_covered,placed_in_guide,complete,Dawnguard Worldspaces,none,
book_document_checklist,CHK-SPELLS-0748,OBJ-000950,CHK-SPELLS-0748,Banish Daedra,Banish Daedra,book_document,spell_tome_title,Spells,Main-route prototype block,main_route,base_game,spell_tome,5,"Understone Keep: Purchase from Calcelmo in Markarth. Source note: Can be purchased from: Calcelmo, Falion, Phinis Gestor.",spell_tome_source,selected_vendor_source,College of Winterhold,College of Winterhold,Buy during the relevant College/service block if vendor-sourced; otherwise pair with parent quest/location.,Y,mapped_objective,1,Y,Y,N,Y,N,Y,N,N,N,book_document_checklist_covered,vendor_purchase_check_in_guide,complete_or_all_perks_vendor_return,Phinis Gestor,none,
book_document_checklist,CHK-SPELLS-0749,OBJ-000952,CHK-SPELLS-0749,Bound Bow,Bound Bow,book_document,spell_tome_title,Spells,Main-route prototype block,main_route,base_game,spell_tome,5,"Understone Keep: Purchase from Calcelmo in Markarth. Source note: Can be purchased from: Calcelmo, Falion, Phinis Gestor.",spell_tome_source,selected_vendor_source,College of Winterhold,College of Winterhold,Buy during the relevant College/service block if vendor-sourced; otherwise pair with parent quest/location.,Y,mapped_objective,1,Y,Y,N,Y,N,Y,N,N,N,book_document_checklist_covered,vendor_purchase_check_in_guide,complete_or_all_perks_vendor_return,Phinis Gestor,none,
book_document_checklist,CHK-SPELLS-0750,OBJ-000954,CHK-SPELLS-0750,Conjure Ash Spawn,Conjure Ash Spawn (DB),book_document,spell_tome_title,Spells,Main-route prototype block,main_route,dragonborn,spell_tome,1,Tel Mithryn: Purchase from Talvas Fathryon at Tel Mithryn. Source note: Can be purchased from Talvas Fathryon after completing the quest Telvanni Research.,spell_tome_source,selected_vendor_source,Tel Mithryn,Tel Mithryn,Buy during the relevant College/service block if vendor-sourced; otherwise pair with parent quest/location.,Y,exact_checklist,1,Y,Y,N,Y,N,N,N,N,N,book_document_checklist_covered,placed_in_guide,complete,"Tel Mithryn, Nchardak, And Kagrumez",none,
book_document_checklist,CHK-SPELLS-0751,OBJ-000957,CHK-SPELLS-0751,Conjure Frost Atronach,Conjure Frost Atronach,book_document,spell_tome_title,Spells,Main-route prototype block,main_route,base_game,spell_tome,5,"Understone Keep: Purchase from Calcelmo in Markarth. Source note: Can be purchased from: Calcelmo, Falion, Phinis Gestor.",spell_tome_source,selected_vendor_source,College of Winterhold,College of Winterhold,Buy during the relevant College/service block if vendor-sourced; otherwise pair with parent quest/location.,Y,mapped_objective,1,Y,Y,N,Y,N,Y,N,N,N,book_document_checklist_covered,vendor_purchase_check_in_guide,complete_or_all_perks_vendor_return,Phinis Gestor,none,
book_document_checklist,CHK-SPELLS-0752,OBJ-000960,CHK-SPELLS-0752,Conjure Mistman,Conjure Mistman (DG),book_document,spell_tome_title,Spells,Main-route prototype block,main_route,dawnguard,spell_tome,1,"Soul Cairn: Found in the Soul Cairn next to Jiub's Opus, Page 7.",spell_tome_source,selected_fixed_or_scripted_source,Soul Cairn,Soul Cairn,Take and read during the Dawnguard Worldspaces Soul Cairn sweep.,Y,exact_checklist,1,Y,Y,N,Y,N,N,N,N,N,book_document_checklist_covered,placed_in_guide,complete,Dawnguard Worldspaces,none,
book_document_checklist,CHK-SPELLS-0753,OBJ-000962,CHK-SPELLS-0753,Conjure Seeker,Conjure Seeker (DB),book_document,spell_tome_title,Spells,Main-route prototype block,main_route,dragonborn,spell_tome,2,"Apocrypha: If your Conjuration skill is 40 or higher, the spell tome may be found in Apocrypha when reading any of the Black Books.",spell_tome_source,selected_fixed_or_scripted_source,Apocrypha,Epistolary Acumen Chapter III,Read during the Tel Mithryn/Nchardak section when the route reaches the fixed Epistolary Acumen platform.,Y,exact_checklist,1,Y,Y,N,Y,N,N,N,N,N,book_document_checklist_covered,placed_in_guide,complete,"Tel Mithryn, Nchardak, And Kagrumez",none,
book_document_checklist,CHK-SPELLS-0754,OBJ-000945,CHK-SPELLS-0754,Flaming Familiar,Flaming Familiar,book_document,spell_tome_title,Spells,Main-route prototype block,main_route,base_game,spell_tome,1,A Scroll For Anska: Reward for quest A Scroll For Anska.,spell_tome_source,selected_fixed_or_scripted_source,A Scroll For Anska,A Scroll For Anska,Buy during the relevant College/service block if vendor-sourced; otherwise pair with parent quest/location.,Y,exact_checklist,1,Y,Y,N,Y,N,N,N,N,N,book_document_checklist_covered,placed_in_guide,complete,"Dawnstar, Pale Blade, And Heljarchen",none,
book_document_checklist,CHK-SPELLS-0755,OBJ-000966,CHK-SPELLS-0755,Revenant,Revenant,book_document,spell_tome_title,Spells,Main-route prototype block,main_route,base_game,spell_tome,4,"Understone Keep: Purchase from Calcelmo in Markarth. Source note: Can be purchased from: Calcelmo, Falion, Phinis Gestor.",spell_tome_source,selected_vendor_source,College of Winterhold,College of Winterhold,Buy during the relevant College/service block if vendor-sourced; otherwise pair with parent quest/location.,Y,mapped_objective,1,Y,Y,N,Y,N,Y,N,N,N,book_document_checklist_covered,vendor_purchase_check_in_guide,complete_or_all_perks_vendor_return,Phinis Gestor,none,
book_document_checklist,CHK-SPELLS-0756,OBJ-000968,CHK-SPELLS-0756,Command Daedra,Command Daedra,book_document,spell_tome_title,Spells,Main-route prototype block,main_route,base_game,spell_tome,2,College of Winterhold: Purchase from Phinis Gestor at the College of Winterhold. Source note: Can be purchased from: Phinis Gestor.,spell_tome_source,selected_vendor_source,College of Winterhold,College of Winterhold,Buy during the relevant College/service block if vendor-sourced; otherwise pair with parent quest/location.,Y,mapped_objective,1,Y,Y,N,Y,N,Y,N,N,N,book_document_checklist_covered,vendor_purchase_check_in_guide,complete_or_all_perks_vendor_return,Phinis Gestor,none,
book_document_checklist,CHK-SPELLS-0757,OBJ-000967,CHK-SPELLS-0757,Conjure Ash Guardian,Conjure Ash Guardian (DB),book_document,spell_tome_title,Spells,Main-route prototype block,main_route,dragonborn,spell_tome,2,Tel Mithryn: Purchase from Talvas Fathryon at Tel Mithryn. Source note: Can be purchased from: Talvas Fathryon after completing the quest From the Ashes.,spell_tome_source,selected_reward_or_vendor_source,Tel Mithryn,From the Ashes,Acquire during the Tel Mithryn route immediately after From the Ashes.,Y,exact_checklist,1,Y,Y,N,Y,N,N,N,N,N,book_document_checklist_covered,placed_in_guide,complete,"Tel Mithryn, Nchardak, And Kagrumez",none,
book_document_checklist,CHK-SPELLS-0758,OBJ-000971,CHK-SPELLS-0758,Conjure Dremora Lord,Conjure Dremora Lord,book_document,spell_tome_title,Spells,Main-route prototype block,main_route,base_game,spell_tome,2,College of Winterhold: Purchase from Phinis Gestor at the College of Winterhold. Source note: Can be purchased from: Phinis Gestor.,spell_tome_source,selected_vendor_source,College of Winterhold,College of Winterhold,Buy during the relevant College/service block if vendor-sourced; otherwise pair with parent quest/location.,Y,mapped_objective,1,Y,Y,N,Y,N,Y,N,N,N,book_document_checklist_covered,vendor_purchase_check_in_guide,complete_or_all_perks_vendor_return,Phinis Gestor,none,
book_document_checklist,CHK-SPELLS-0759,OBJ-000974,CHK-SPELLS-0759,Conjure Storm Atronach,Conjure Storm Atronach,book_document,spell_tome_title,Spells,Main-route prototype block,main_route,base_game,spell_tome,3,College of Winterhold: Purchase from Phinis Gestor at the College of Winterhold. Source note: Can be purchased from: Phinis Gestor.,spell_tome_source,selected_vendor_source,College of Winterhold,College of Winterhold,Buy during the relevant College/service block if vendor-sourced; otherwise pair with parent quest/location.,Y,mapped_objective,1,Y,Y,N,Y,N,Y,N,N,N,book_document_checklist_covered,vendor_purchase_check_in_guide,complete_or_all_perks_vendor_return,Phinis Gestor,none,
book_document_checklist,CHK-SPELLS-0760,OBJ-000975,CHK-SPELLS-0760,Conjure Wrathman,Conjure Wrathman (DG),book_document,spell_tome_title,Spells,Main-route prototype block,main_route,dawnguard,spell_tome,1,"Soul Cairn: Found in the Soul Cairn in a building due south of Jiub's Opus, Page 5.",spell_tome_source,selected_fixed_or_scripted_source,Soul Cairn,Soul Cairn,Take and read during the Dawnguard Worldspaces Soul Cairn sweep.,Y,exact_checklist,1,Y,Y,N,Y,N,N,N,N,N,book_document_checklist_covered,placed_in_guide,complete,Dawnguard Worldspaces,none,
book_document_checklist,CHK-SPELLS-0761,OBJ-000976,CHK-SPELLS-0761,Dread Zombie,Dread Zombie,book_document,spell_tome_title,Spells,Main-route prototype block,main_route,base_game,spell_tome,2,College of Winterhold: Purchase from Phinis Gestor at the College of Winterhold. Source note: Can be purchased from: Phinis Gestor.,spell_tome_source,selected_vendor_source,College of Winterhold,College of Winterhold,Buy during the relevant College/service block if vendor-sourced; otherwise pair with parent quest/location.,Y,mapped_objective,1,Y,Y,N,Y,N,Y,N,N,N,book_document_checklist_covered,vendor_purchase_check_in_guide,complete_or_all_perks_vendor_return,Phinis Gestor,none,
book_document_checklist,CHK-SPELLS-0762,OBJ-000977,CHK-SPELLS-0762,Expel Daedra,Expel Daedra,book_document,spell_tome_title,Spells,Main-route prototype block,main_route,base_game,spell_tome,2,College of Winterhold: Purchase from Phinis Gestor at the College of Winterhold. Source note: Can be purchased from: Phinis Gestor.,spell_tome_source,selected_vendor_source,College of Winterhold,College of Winterhold,Buy during the relevant College/service block if vendor-sourced; otherwise pair with parent quest/location.,Y,mapped_objective,1,Y,Y,N,Y,N,Y,N,N,N,book_document_checklist_covered,vendor_purchase_check_in_guide,complete_or_all_perks_vendor_return,Phinis Gestor,none,
book_document_checklist,CHK-SPELLS-0763,OBJ-000983,CHK-SPELLS-0763,Dead Thrall,Dead Thrall,book_document,spell_tome_title,Spells,Main-route prototype block,main_route,base_game,spell_tome,1,College of Winterhold: Purchase from Phinis Gestor at the College of Winterhold. Source note: Can be purchased from: Phinis Gestor (only after Conjuration Ritual Spell has been completed).,spell_tome_source,selected_vendor_source,College of Winterhold,College of Winterhold,Buy during the relevant College/service block if vendor-sourced; otherwise pair with parent quest/location.,Y,mapped_objective,2,Y,Y,N,Y,N,Y,N,N,N,book_document_checklist_covered,master_spell_reward_or_vendor_completed | staged_for_all_perks_loop,complete_after_ritual_reward_or_vendor_purchase | staged_for_skill_gate,All-Perks Loop | All-perks master ritual gate,none,
book_document_checklist,CHK-SPELLS-0764,OBJ-000982,CHK-SPELLS-0764,Flame Thrall,Flame Thrall,book_document,spell_tome_title,Spells,Main-route prototype block,main_route,base_game,spell_tome,2,Conjuration Ritual Spell: Reward for quest Conjuration Ritual Spell.,spell_tome_source,selected_fixed_or_scripted_source_routed,Apocrypha - The Sallow Regent,Apocrypha - The Sallow Regent,Take and read during the White Ridge/Sallow Regent Lost Knowledge route.,Y,exact_checklist,1,Y,Y,N,Y,N,Y,N,N,N,book_document_checklist_covered,placed_in_guide,complete,"Miraak Finale, Lost Knowledge, And Last Black Books",none,
book_document_checklist,CHK-SPELLS-0765,OBJ-000984,CHK-SPELLS-0765,Frost Thrall,Frost Thrall,book_document,spell_tome_title,Spells,Main-route prototype block,main_route,base_game,spell_tome,1,College of Winterhold: Purchase from Phinis Gestor at the College of Winterhold. Source note: Can be purchased from: Phinis Gestor (only after Conjuration Ritual Spell has been completed).,spell_tome_source,selected_vendor_source,College of Winterhold,College of Winterhold,Buy during the relevant College/service block if vendor-sourced; otherwise pair with parent quest/location.,Y,mapped_objective,2,Y,Y,N,Y,N,Y,N,N,N,book_document_checklist_covered,master_spell_reward_or_vendor_completed | staged_for_all_perks_loop,complete_after_ritual_reward_or_vendor_purchase | staged_for_skill_gate,All-Perks Loop | All-perks master ritual gate,none,
book_document_checklist,CHK-SPELLS-0766,OBJ-000985,CHK-SPELLS-0766,Storm Thrall,Storm Thrall,book_document,spell_tome_title,Spells,Main-route prototype block,main_route,base_game,spell_tome,1,College of Winterhold: Purchase from Phinis Gestor at the College of Winterhold. Source note: Can be purchased from: Phinis Gestor (only after Conjuration Ritual Spell has been completed).,spell_tome_source,selected_vendor_source,College of Winterhold,College of Winterhold,Buy during the relevant College/service block if vendor-sourced; otherwise pair with parent quest/location.,Y,mapped_objective,2,Y,Y,N,Y,N,Y,N,N,N,book_document_checklist_covered,master_spell_reward_or_vendor_completed | staged_for_all_perks_loop,complete_after_ritual_reward_or_vendor_purchase | staged_for_skill_gate,All-Perks Loop | All-perks master ritual gate,none,
book_document_checklist,CHK-SPELLS-0767,OBJ-000117,CHK-SPELLS-0767,Arniel's Convection,Arniel's Convection,quest,college_optional,Spells,Main-route prototype block,main_route,base_game,,0,,,,,,,Y,exact_checklist,4,Y,Y,N,Y,N,N,N,N,N,book_document_checklist_covered,not_completed_here | placed_in_guide,complete | staged_for_college_arniel_bundle | staged_for_later_arniel_part_three,Arkngthamz And The First Aetherium Shards | College Errands Arniel Septimus And Aetherium | Fellglow Keep And Good Intentions | Mzulft And The Winterhold Crisis,none,
book_document_checklist,CHK-SPELLS-0768,OBJ-000988,CHK-SPELLS-0768,Flames,Flames,book_document,spell_tome_title,Spells,Main-route prototype block,main_route,base_game,spell_tome,17,Character creation / starting spell: All players start with this spell.,spell_tome_source,selected_fixed_location_source,Mzulft Aedrome,Mzulft Aedrome,"Take the fixed Mzulft Aedrome tome during the Oculory puzzle; the Flames spell is already known from character creation, and the tome satisfies the spell-tome/book row.",Y,exact_checklist,1,Y,Y,N,Y,N,N,N,N,N,book_document_checklist_covered,placed_in_guide,complete,Mzulft And The Winterhold Crisis,none,
book_document_checklist,CHK-SPELLS-0769,OBJ-000989,CHK-SPELLS-0769,Frostbite,Frostbite,book_document,spell_tome_title,Spells,Main-route prototype block,main_route,base_game,spell_tome,16,"Understone Keep: Purchase from Calcelmo in Markarth. Source note: Can be purchased from: Calcelmo, Enthir, Falion, Faralda, Farengar Secret-Fire, Madena, Nelacar, Riverwood Trader, Sybille Stentor, Wuunferth the Unliving, Wylandriah, Talvas Fathryon.",spell_tome_source,selected_fixed_location_source,Mzulft Aedrome,Mzulft Aedrome,"Take and read the fixed Mzulft Aedrome tome during the Oculory puzzle if Frostbite is not already known; if learned earlier, take the tome and mark only the spell-tome/book row.",Y,exact_checklist,2,Y,Y,N,Y,N,N,N,N,N,book_document_checklist_covered,conditional_learned_if_serpent_and_not_known | placed_in_guide_or_already_completed,complete_or_already_known | conditional_complete,Markarth Prison Daedric Rites And Reach Redoubts | Mzulft And The Winterhold Crisis,none,
book_document_checklist,CHK-SPELLS-0770,OBJ-000990,CHK-SPELLS-0770,Sparks,Sparks,book_document,spell_tome_title,Spells,Main-route prototype block,main_route,base_game,spell_tome,15,Character creation / starting spell: Dunmer start with this spell.,spell_tome_source,selected_fixed_location_source,Fellglow Keep,Fellglow Keep,Take and read during Fellglow Keep And Good Intentions when the route passes the fixed tome.,Y,exact_checklist,1,Y,Y,N,Y,N,N,N,N,N,book_document_checklist_covered,placed_in_guide,complete,Fellglow Keep And Good Intentions,none,
book_document_checklist,CHK-SPELLS-0771,OBJ-000992,CHK-SPELLS-0771,Fire Rune,Fire Rune,book_document,spell_tome_title,Spells,Main-route prototype block,main_route,base_game,spell_tome,11,"Understone Keep: Purchase from Calcelmo in Markarth. Source note: Can be purchased from: Calcelmo, Enthir, Falion, Faralda, Farengar Secret-Fire, Madena, Sybille Stentor, Wuunferth the Unliving, Wylandriah, Talvas Fathryon.",spell_tome_source,selected_vendor_source,College of Winterhold,College of Winterhold,Buy during the relevant College/service block if vendor-sourced; otherwise pair with parent quest/location.,Y,mapped_objective,1,Y,Y,N,Y,N,Y,N,N,N,book_document_checklist_covered,vendor_purchase_check_in_guide,complete_or_all_perks_vendor_return,Faralda,none,
book_document_checklist,CHK-SPELLS-0772,OBJ-000993,CHK-SPELLS-0772,Firebolt,Firebolt,book_document,spell_tome_title,Spells,Main-route prototype block,main_route,base_game,spell_tome,11,"Understone Keep: Purchase from Calcelmo in Markarth. Source note: Can be purchased from: Calcelmo, Enthir, Falion, Faralda, Farengar Secret-Fire, Madena, Sybille Stentor, Wuunferth the Unliving, Wylandriah, Talvas Fathryon.",spell_tome_source,selected_vendor_source,College of Winterhold,College of Winterhold,Buy during the relevant College/service block if vendor-sourced; otherwise pair with parent quest/location.,Y,exact_checklist,1,Y,Y,N,Y,N,N,N,N,N,book_document_checklist_covered,conditional_test_spell,conditional_complete_or_already_known,"Winterhold, College Entry, And Saarthal",none,
book_document_checklist,CHK-SPELLS-0773,OBJ-000994,CHK-SPELLS-0773,Frost Rune,Frost Rune,book_document,spell_tome_title,Spells,Main-route prototype block,main_route,base_game,spell_tome,11,"Understone Keep: Purchase from Calcelmo in Markarth. Source note: Can be purchased from: Calcelmo, Enthir, Falion, Faralda, Farengar Secret-Fire, Madena, Sybille Stentor, Wuunferth the Unliving, Wylandriah, Talvas Fathryon.",spell_tome_source,selected_vendor_source,College of Winterhold,College of Winterhold,Buy during the relevant College/service block if vendor-sourced; otherwise pair with parent quest/location.,Y,mapped_objective,1,Y,Y,N,Y,N,Y,N,N,N,book_document_checklist_covered,vendor_purchase_check_in_guide,complete_or_all_perks_vendor_return,Faralda,none,
book_document_checklist,CHK-SPELLS-0774,OBJ-000995,CHK-SPELLS-0774,Ice Spike,Ice Spike,book_document,spell_tome_title,Spells,Main-route prototype block,main_route,base_game,spell_tome,12,"Understone Keep: Purchase from Calcelmo in Markarth. Source note: Can be purchased from: Calcelmo, Enthir, Falion, Faralda, Farengar Secret-Fire, Madena, Sybille Stentor, Wuunferth the Unliving, Wylandriah, Talvas Fathryon.",spell_tome_source,selected_fixed_quest_source,Raven Rock Mine,Raven Rock Mine,Read from the fixed Raven Rock Mine source during The Final Descent.,Y,exact_checklist,1,Y,Y,N,Y,N,N,N,N,N,book_document_checklist_covered,placed_in_guide,complete,"Solstheim Entry, Raven Rock Core, And Frostmoon Rings",none,
book_document_checklist,CHK-SPELLS-0775,OBJ-000996,CHK-SPELLS-0775,Lightning Bolt,Lightning Bolt,book_document,spell_tome_title,Spells,Main-route prototype block,main_route,base_game,spell_tome,11,"Understone Keep: Purchase from Calcelmo in Markarth. Source note: Can be purchased from: Calcelmo, Enthir, Falion, Faralda, Farengar Secret-Fire, Madena, Sybille Stentor, Wuunferth the Unliving, Wylandriah, Talvas Fathryon.",spell_tome_source,selected_vendor_source,College of Winterhold,College of Winterhold,Buy during the relevant College/service block if vendor-sourced; otherwise pair with parent quest/location.,Y,mapped_objective,1,Y,Y,N,Y,N,Y,N,N,N,book_document_checklist_covered,vendor_purchase_check_in_guide,complete_or_all_perks_vendor_return,Faralda,none,
book_document_checklist,CHK-SPELLS-0776,OBJ-000997,CHK-SPELLS-0776,Lightning Rune,Lightning Rune,book_document,spell_tome_title,Spells,Main-route prototype block,main_route,base_game,spell_tome,11,"Understone Keep: Purchase from Calcelmo in Markarth. Source note: Can be purchased from: Calcelmo, Enthir, Falion, Faralda, Farengar Secret-Fire, Madena, Sybille Stentor, Wuunferth the Unliving, Wylandriah, Talvas Fathryon.",spell_tome_source,selected_vendor_source,College of Winterhold,College of Winterhold,Buy during the relevant College/service block if vendor-sourced; otherwise pair with parent quest/location.,Y,mapped_objective,1,Y,Y,N,Y,N,Y,N,N,N,book_document_checklist_covered,vendor_purchase_check_in_guide,complete_or_all_perks_vendor_return,Faralda,none,
book_document_checklist,CHK-SPELLS-0777,OBJ-000999,CHK-SPELLS-0777,Chain Lightning,Chain Lightning,book_document,spell_tome_title,Spells,Main-route prototype block,main_route,base_game,spell_tome,7,"College of Winterhold: Purchase from Enthir at the College of Winterhold. Source note: Can be purchased from: Enthir, Faralda, Farengar Secret-Fire, Madena, Wuunferth the Unliving, Talvas Fathryon.",spell_tome_source,selected_vendor_source,College of Winterhold,College of Winterhold,Buy during the relevant College/service block if vendor-sourced; otherwise pair with parent quest/location.,Y,mapped_objective,1,Y,Y,N,Y,N,Y,N,N,N,book_document_checklist_covered,vendor_purchase_check_in_guide,complete_or_all_perks_vendor_return,Faralda,none,
book_document_checklist,CHK-SPELLS-0778,OBJ-001001,CHK-SPELLS-0778,Fireball,Fireball,book_document,spell_tome_title,Spells,Main-route prototype block,main_route,base_game,spell_tome,7,"College of Winterhold: Purchase from Enthir at the College of Winterhold. Source note: Can be purchased from: Enthir, Faralda, Farengar Secret-Fire, Madena, Wuunferth the Unliving, Talvas Fathryon.",spell_tome_source,selected_vendor_source,College of Winterhold,College of Winterhold,Buy during the relevant College/service block if vendor-sourced; otherwise pair with parent quest/location.,Y,mapped_objective,1,Y,Y,N,Y,N,Y,N,N,N,book_document_checklist_covered,vendor_purchase_check_in_guide,complete_or_all_perks_vendor_return,Faralda,none,
book_document_checklist,CHK-SPELLS-0779,OBJ-001002,CHK-SPELLS-0779,Flame Cloak,Flame Cloak,book_document,spell_tome_title,Spells,Main-route prototype block,main_route,base_game,spell_tome,8,"College of Winterhold: Purchase from Enthir at the College of Winterhold. Source note: Can be purchased from: Enthir, Faralda, Farengar Secret-Fire, Madena, Wuunferth the Unliving, Talvas Fathryon.",spell_tome_source,selected_vendor_source,College of Winterhold,College of Winterhold,Buy during the relevant College/service block if vendor-sourced; otherwise pair with parent quest/location.,Y,mapped_objective,1,Y,Y,N,Y,N,Y,N,N,N,book_document_checklist_covered,vendor_purchase_check_in_guide,complete_or_all_perks_vendor_return,Faralda,none,
book_document_checklist,CHK-SPELLS-0780,OBJ-001003,CHK-SPELLS-0780,Frost Cloak,Frost Cloak,book_document,spell_tome_title,Spells,Main-route prototype block,main_route,base_game,spell_tome,7,"College of Winterhold: Purchase from Enthir at the College of Winterhold. Source note: Can be purchased from: Enthir, Faralda, Farengar Secret-Fire, Madena, Wuunferth the Unliving, Talvas Fathryon.",spell_tome_source,selected_vendor_source,College of Winterhold,College of Winterhold,Buy during the relevant College/service block if vendor-sourced; otherwise pair with parent quest/location.,Y,mapped_objective,1,Y,Y,N,Y,N,Y,N,N,N,book_document_checklist_covered,vendor_purchase_check_in_guide,complete_or_all_perks_vendor_return,Faralda,none,
book_document_checklist,CHK-SPELLS-0781,OBJ-001005,CHK-SPELLS-0781,Ice Storm,Ice Storm,book_document,spell_tome_title,Spells,Main-route prototype block,main_route,base_game,spell_tome,7,"College of Winterhold: Purchase from Enthir at the College of Winterhold. Source note: Can be purchased from: Enthir, Faralda, Farengar Secret-Fire, Madena, Wuunferth the Unliving, Talvas Fathryon.",spell_tome_source,selected_vendor_source,College of Winterhold,College of Winterhold,Buy during the relevant College/service block if vendor-sourced; otherwise pair with parent quest/location.,Y,mapped_objective,1,Y,Y,N,Y,N,Y,N,N,N,book_document_checklist_covered,vendor_purchase_check_in_guide,complete_or_all_perks_vendor_return,Faralda,none,
book_document_checklist,CHK-SPELLS-0782,OBJ-001006,CHK-SPELLS-0782,Lightning Cloak,Lightning Cloak,book_document,spell_tome_title,Spells,Main-route prototype block,main_route,base_game,spell_tome,7,"College of Winterhold: Purchase from Enthir at the College of Winterhold. Source note: Can be purchased from: Enthir, Faralda, Farengar Secret-Fire, Madena, Wuunferth the Unliving, Talvas Fathryon.",spell_tome_source,selected_vendor_source,College of Winterhold,College of Winterhold,Buy during the relevant College/service block if vendor-sourced; otherwise pair with parent quest/location.,Y,mapped_objective,1,Y,Y,N,Y,N,Y,N,N,N,book_document_checklist_covered,vendor_purchase_check_in_guide,complete_or_all_perks_vendor_return,Faralda,none,
book_document_checklist,CHK-SPELLS-0783,OBJ-001007,CHK-SPELLS-0783,Whirlwind Cloak,Whirlwind Cloak (DB),book_document,spell_tome_title,Spells,Main-route prototype block,main_route,dragonborn,spell_tome,1,Tel Mithryn: Purchase from Talvas Fathryon at Tel Mithryn. Source note: Can be purchased from Talvas Fathryon after completing the quest Wind and Sand.,spell_tome_source,selected_vendor_source,Tel Mithryn,Tel Mithryn,Buy during the relevant College/service block if vendor-sourced; otherwise pair with parent quest/location.,Y,exact_checklist,1,Y,Y,N,Y,N,N,N,N,N,book_document_checklist_covered,held_for_later,held_for_wind_and_sand_completion,"Tel Mithryn, Nchardak, And Kagrumez",none,
book_document_checklist,CHK-SPELLS-0784,OBJ-001009,CHK-SPELLS-0784,Icy Spear,Icy Spear,book_document,spell_tome_title,Spells,Main-route prototype block,main_route,base_game,spell_tome,4,"College of Winterhold: Purchase from Enthir at the College of Winterhold. Source note: Can be purchased from: Enthir, Faralda, Talvas Fathryon.",spell_tome_source,selected_vendor_source,College of Winterhold,College of Winterhold,Buy during the relevant College/service block if vendor-sourced; otherwise pair with parent quest/location.,Y,mapped_objective,1,Y,Y,N,Y,N,Y,N,N,N,book_document_checklist_covered,vendor_purchase_check_in_guide,complete_or_all_perks_vendor_return,Faralda,none,
book_document_checklist,CHK-SPELLS-0785,OBJ-001010,CHK-SPELLS-0785,Incinerate,Incinerate,book_document,spell_tome_title,Spells,Main-route prototype block,main_route,base_game,spell_tome,4,"College of Winterhold: Purchase from Enthir at the College of Winterhold. Source note: Can be purchased from: Enthir, Faralda, Talvas Fathryon.",spell_tome_source,selected_vendor_source,College of Winterhold,College of Winterhold,Buy during the relevant College/service block if vendor-sourced; otherwise pair with parent quest/location.,Y,mapped_objective,1,Y,Y,N,Y,N,Y,N,N,N,book_document_checklist_covered,vendor_purchase_check_in_guide,complete_or_all_perks_vendor_return,Faralda,none,
book_document_checklist,CHK-SPELLS-0786,OBJ-001012,CHK-SPELLS-0786,Thunderbolt,Thunderbolt,book_document,spell_tome_title,Spells,Main-route prototype block,main_route,base_game,spell_tome,4,"College of Winterhold: Purchase from Enthir at the College of Winterhold. Source note: Can be purchased from: Enthir, Faralda, Talvas Fathryon.",spell_tome_source,selected_vendor_source,College of Winterhold,College of Winterhold,Buy during the relevant College/service block if vendor-sourced; otherwise pair with parent quest/location.,Y,mapped_objective,1,Y,Y,N,Y,N,Y,N,N,N,book_document_checklist_covered,vendor_purchase_check_in_guide,complete_or_all_perks_vendor_return,Faralda,none,
book_document_checklist,CHK-SPELLS-0787,OBJ-001017,CHK-SPELLS-0787,Wall of Flames,Wall of Flames,book_document,spell_tome_title,Spells,Main-route prototype block,main_route,base_game,spell_tome,4,"College of Winterhold: Purchase from Enthir at the College of Winterhold. Source note: Can be purchased from: Enthir, Faralda, Talvas Fathryon.",spell_tome_source,selected_vendor_source,College of Winterhold,College of Winterhold,Buy during the relevant College/service block if vendor-sourced; otherwise pair with parent quest/location.,Y,mapped_objective,1,Y,Y,N,Y,N,Y,N,N,N,book_document_checklist_covered,vendor_purchase_check_in_guide,complete_or_all_perks_vendor_return,Faralda,none,
book_document_checklist,CHK-SPELLS-0788,OBJ-001018,CHK-SPELLS-0788,Wall of Frost,Wall of Frost,book_document,spell_tome_title,Spells,Main-route prototype block,main_route,base_game,spell_tome,4,"College of Winterhold: Purchase from Enthir at the College of Winterhold. Source note: Can be purchased from: Enthir, Faralda, Talvas Fathryon.",spell_tome_source,selected_vendor_source,College of Winterhold,College of Winterhold,Buy during the relevant College/service block if vendor-sourced; otherwise pair with parent quest/location.,Y,mapped_objective,1,Y,Y,N,Y,N,Y,N,N,N,book_document_checklist_covered,vendor_purchase_check_in_guide,complete_or_all_perks_vendor_return,Faralda,none,
book_document_checklist,CHK-SPELLS-0789,OBJ-001019,CHK-SPELLS-0789,Wall of Storms,Wall of Storms,book_document,spell_tome_title,Spells,Main-route prototype block,main_route,base_game,spell_tome,4,"College of Winterhold: Purchase from Enthir at the College of Winterhold. Source note: Can be purchased from: Enthir, Faralda, Talvas Fathryon.",spell_tome_source,selected_vendor_source,College of Winterhold,College of Winterhold,Buy during the relevant College/service block if vendor-sourced; otherwise pair with parent quest/location.,Y,mapped_objective,1,Y,Y,N,Y,N,Y,N,N,N,book_document_checklist_covered,vendor_purchase_check_in_guide,complete_or_all_perks_vendor_return,Faralda,none,
book_document_checklist,CHK-SPELLS-0790,OBJ-001020,CHK-SPELLS-0790,Blizzard,Blizzard,book_document,spell_tome_title,Spells,Main-route prototype block,main_route,base_game,spell_tome,1,College of Winterhold: Purchase from Faralda at the College of Winterhold. Source note: Can be purchased from: Faralda (only after Destruction Ritual Spell has been completed).,spell_tome_source,selected_vendor_source,College of Winterhold,College of Winterhold,Buy during the relevant College/service block if vendor-sourced; otherwise pair with parent quest/location.,Y,mapped_objective,2,Y,Y,N,Y,N,Y,N,N,N,book_document_checklist_covered,master_spell_reward_or_vendor_completed | staged_for_all_perks_loop,complete_after_ritual_reward_or_vendor_purchase | staged_for_skill_gate,All-Perks Loop | All-perks master ritual gate,none,
book_document_checklist,CHK-SPELLS-0791,OBJ-001021,CHK-SPELLS-0791,Fire Storm,Fire Storm,book_document,spell_tome_title,Spells,Main-route prototype block,main_route,base_game,spell_tome,1,Destruction Ritual Spell: Reward for quest Destruction Ritual Spell.,spell_tome_source,selected_fixed_or_scripted_source,Destruction Ritual Spell,Destruction Ritual Spell,Buy during the relevant College/service block if vendor-sourced; otherwise pair with parent quest/location.,Y,mapped_objective,2,Y,Y,N,Y,N,Y,N,N,N,book_document_checklist_covered,master_spell_reward_or_vendor_completed | staged_for_all_perks_loop,complete_after_ritual_reward_or_vendor_purchase | staged_for_skill_gate,All-Perks Loop | All-perks master ritual gate,none,
book_document_checklist,CHK-SPELLS-0792,OBJ-001022,CHK-SPELLS-0792,Lightning Storm,Lightning Storm,book_document,spell_tome_title,Spells,Main-route prototype block,main_route,base_game,spell_tome,1,College of Winterhold: Purchase from Faralda at the College of Winterhold. Source note: Can be purchased from: Faralda (only after Destruction Ritual Spell has been completed).,spell_tome_source,selected_vendor_source,College of Winterhold,College of Winterhold,Buy during the relevant College/service block if vendor-sourced; otherwise pair with parent quest/location.,Y,mapped_objective,2,Y,Y,N,Y,N,Y,N,N,N,book_document_checklist_covered,master_spell_reward_or_vendor_completed | staged_for_all_perks_loop,complete_after_ritual_reward_or_vendor_purchase | staged_for_skill_gate,All-Perks Loop | All-perks master ritual gate,none,
book_document_checklist,CHK-SPELLS-0793,OBJ-001023,CHK-SPELLS-0793,Clairvoyance,Clairvoyance,book_document,spell_tome_title,Spells,Main-route prototype block,main_route,base_game,spell_tome,12,"Understone Keep: Purchase from Calcelmo in Markarth. Source note: Can be purchased from: Calcelmo, Drevis Neloren, Falion, Farengar Secret-Fire, Madena, Nelacar, Riverwood Trader, Sybille Stentor, Wuunferth the Unliving, Wylandriah.",spell_tome_source,selected_vendor_source,College of Winterhold,College of Winterhold,Buy during the relevant College/service block if vendor-sourced; otherwise pair with parent quest/location.,Y,mapped_objective,2,Y,Y,N,Y,N,Y,N,N,N,book_document_checklist_covered,completed_now | vendor_purchase_check_in_guide,complete | complete_or_all_perks_vendor_return,Drevis Neloren | Guardian Stones Cache And Whiterun Farm Loop,none,
book_document_checklist,CHK-SPELLS-0794,OBJ-001024,CHK-SPELLS-0794,Courage,Courage,book_document,spell_tome_title,Spells,Main-route prototype block,main_route,base_game,spell_tome,11,"Understone Keep: Purchase from Calcelmo in Markarth. Source note: Can be purchased from: Calcelmo, Drevis Neloren, Falion, Farengar Secret-Fire, Madena, Nelacar, Sybille Stentor, Wuunferth the Unliving, Wylandriah.",spell_tome_source,selected_vendor_source,College of Winterhold,College of Winterhold,Buy during the relevant College/service block if vendor-sourced; otherwise pair with parent quest/location.,Y,exact_checklist,1,Y,Y,N,Y,N,N,N,N,N,book_document_checklist_covered,learned_now,complete,Riften Thaneship Frost And Rift Roads,none,
book_document_checklist,CHK-SPELLS-0795,OBJ-001025,CHK-SPELLS-0795,Fury,Fury,book_document,spell_tome_title,Spells,Main-route prototype block,main_route,base_game,spell_tome,12,Character creation / starting spell: Altmer start with this spell.,spell_tome_source,selected_vendor_source,College of Winterhold,College of Winterhold,Buy during the relevant College/service block if vendor-sourced; otherwise pair with parent quest/location.,Y,exact_checklist,1,Y,Y,N,Y,N,N,N,N,N,book_document_checklist_covered,redistributed_or_gated,redistributed_or_staged_by_route_gate,Retrospective redistributed regional sections; no player-facing Location Counter Sweep dump,none,
book_document_checklist,CHK-SPELLS-0796,OBJ-000132,CHK-SPELLS-0796,Vision of the Tenth Eye,Vision of the Tenth Eye,quest,college_master_skill_quest,Spells,Main-route prototype block,main_route,base_game,,0,,,,,,,Y,exact_checklist,1,N,Y,N,Y,N,Y,N,N,N,book_document_checklist_covered,illusion_ritual_spell_learned,complete_during_illusion_ritual,All-Perks Loop,none,
book_document_checklist,CHK-SPELLS-0797,OBJ-001026,CHK-SPELLS-0797,Calm,Calm,book_document,spell_tome_title,Spells,Main-route prototype block,main_route,base_game,spell_tome,9,"Understone Keep: Purchase from Calcelmo in Markarth. Source note: Can be purchased from: Calcelmo, Drevis Neloren, Falion, Farengar Secret-Fire, Madena, Sybille Stentor, Wuunferth the Unliving, Wylandriah.",spell_tome_source,selected_vendor_source,College of Winterhold,College of Winterhold,Buy during the relevant College/service block if vendor-sourced; otherwise pair with parent quest/location.,Y,mapped_objective,1,Y,Y,N,Y,N,Y,N,N,N,book_document_checklist_covered,vendor_purchase_check_in_guide,complete_or_all_perks_vendor_return,Drevis Neloren,none,
book_document_checklist,CHK-SPELLS-0798,OBJ-001027,CHK-SPELLS-0798,Fear,Fear,book_document,spell_tome_title,Spells,Main-route prototype block,main_route,base_game,spell_tome,9,"Understone Keep: Purchase from Calcelmo in Markarth. Source note: Can be purchased from: Calcelmo, Drevis Neloren, Falion, Farengar Secret-Fire, Madena, Sybille Stentor, Wuunferth the Unliving, Wylandriah.",spell_tome_source,selected_vendor_source,College of Winterhold,College of Winterhold,Buy during the relevant College/service block if vendor-sourced; otherwise pair with parent quest/location.,Y,exact_checklist,1,Y,Y,N,Y,N,N,N,N,N,book_document_checklist_covered,conditional_test_spell,conditional_complete_or_already_known,"Winterhold, College Entry, And Saarthal",none,
book_document_checklist,CHK-SPELLS-0799,OBJ-001028,CHK-SPELLS-0799,Muffle,Muffle,book_document,spell_tome_title,Spells,Main-route prototype block,main_route,base_game,spell_tome,9,"Understone Keep: Purchase from Calcelmo in Markarth. Source note: Can be purchased from: Calcelmo, Drevis Neloren, Falion, Farengar Secret-Fire, Madena, Sybille Stentor, Wuunferth the Unliving, Wylandriah.",spell_tome_source,selected_vendor_source,College of Winterhold,College of Winterhold,Buy during the relevant College/service block if vendor-sourced; otherwise pair with parent quest/location.,Y,mapped_objective,1,Y,Y,N,Y,N,Y,N,N,N,book_document_checklist_covered,vendor_purchase_check_in_guide,complete_or_all_perks_vendor_return,Drevis Neloren,none,
book_document_checklist,CHK-SPELLS-0800,OBJ-001029,CHK-SPELLS-0800,Frenzy,Frenzy,book_document,spell_tome_title,Spells,Main-route prototype block,main_route,base_game,spell_tome,3,"College of Winterhold: Purchase from Drevis Neloren at the College of Winterhold. Source note: Can be purchased from: Drevis Neloren, Sybille Stentor.",spell_tome_source,selected_vendor_source,College of Winterhold,College of Winterhold,Buy during the relevant College/service block if vendor-sourced; otherwise pair with parent quest/location.,Y,mapped_objective,1,Y,Y,N,Y,N,Y,N,N,N,book_document_checklist_covered,vendor_purchase_check_in_guide,complete_or_all_perks_vendor_return,Drevis Neloren,none,
book_document_checklist,CHK-SPELLS-0801,OBJ-001030,CHK-SPELLS-0801,Frenzy Rune,Frenzy Rune (DB),book_document,spell_tome_title,Spells,Main-route prototype block,main_route,dragonborn,spell_tome,1,Tel Mithryn: Purchase from Talvas Fathryon at Tel Mithryn. Source note: Can be purchased from Talvas Fathryon after completing the quest From the Ashes.,spell_tome_source,selected_vendor_source,Tel Mithryn,Tel Mithryn,Buy during the relevant College/service block if vendor-sourced; otherwise pair with parent quest/location.,Y,exact_checklist,1,Y,Y,N,Y,N,N,N,N,N,book_document_checklist_covered,placed_in_guide,complete,"Tel Mithryn, Nchardak, And Kagrumez",none,
book_document_checklist,CHK-SPELLS-0802,OBJ-001032,CHK-SPELLS-0802,Rally,Rally,book_document,spell_tome_title,Spells,Main-route prototype block,main_route,base_game,spell_tome,3,"College of Winterhold: Purchase from Drevis Neloren at the College of Winterhold. Source note: Can be purchased from: Drevis Neloren, Sybille Stentor.",spell_tome_source,selected_vendor_source,College of Winterhold,College of Winterhold,Buy during the relevant College/service block if vendor-sourced; otherwise pair with parent quest/location.,Y,mapped_objective,1,Y,Y,N,Y,N,Y,N,N,N,book_document_checklist_covered,vendor_purchase_check_in_guide,complete_or_all_perks_vendor_return,Drevis Neloren,none,
book_document_checklist,CHK-SPELLS-0803,OBJ-001034,CHK-SPELLS-0803,Invisibility,Invisibility,book_document,spell_tome_title,Spells,Main-route prototype block,main_route,base_game,spell_tome,2,College of Winterhold: Purchase from Drevis Neloren at the College of Winterhold. Source note: Can be purchased from: Drevis Neloren.,spell_tome_source,selected_vendor_source,College of Winterhold,College of Winterhold,Buy during the relevant College/service block if vendor-sourced; otherwise pair with parent quest/location.,Y,mapped_objective,1,Y,Y,N,Y,N,Y,N,N,N,book_document_checklist_covered,vendor_purchase_check_in_guide,complete_or_all_perks_vendor_return,Drevis Neloren,none,
book_document_checklist,CHK-SPELLS-0804,OBJ-001035,CHK-SPELLS-0804,Pacify,Pacify,book_document,spell_tome_title,Spells,Main-route prototype block,main_route,base_game,spell_tome,2,College of Winterhold: Purchase from Drevis Neloren at the College of Winterhold. Source note: Can be purchased from: Drevis Neloren.,spell_tome_source,selected_vendor_source,College of Winterhold,College of Winterhold,Buy during the relevant College/service block if vendor-sourced; otherwise pair with parent quest/location.,Y,mapped_objective,1,Y,Y,N,Y,N,Y,N,N,N,book_document_checklist_covered,vendor_purchase_check_in_guide,complete_or_all_perks_vendor_return,Drevis Neloren,none,
book_document_checklist,CHK-SPELLS-0805,OBJ-001036,CHK-SPELLS-0805,Rout,Rout,book_document,spell_tome_title,Spells,Main-route prototype block,main_route,base_game,spell_tome,2,College of Winterhold: Purchase from Drevis Neloren at the College of Winterhold. Source note: Can be purchased from: Drevis Neloren.,spell_tome_source,selected_vendor_source,College of Winterhold,College of Winterhold,Buy during the relevant College/service block if vendor-sourced; otherwise pair with parent quest/location.,Y,mapped_objective,1,Y,Y,N,Y,N,Y,N,N,N,book_document_checklist_covered,vendor_purchase_check_in_guide,complete_or_all_perks_vendor_return,Drevis Neloren,none,
book_document_checklist,CHK-SPELLS-0806,OBJ-001037,CHK-SPELLS-0806,Call to Arms,Call to Arms,book_document,spell_tome_title,Spells,Main-route prototype block,main_route,base_game,spell_tome,1,College of Winterhold: Purchase from Drevis Neloren at the College of Winterhold. Source note: Can be purchased from: Drevis Neloren (only after Illusion Ritual Spell has been completed).,spell_tome_source,selected_vendor_source,College of Winterhold,College of Winterhold,Buy during the relevant College/service block if vendor-sourced; otherwise pair with parent quest/location.,Y,mapped_objective,2,Y,Y,N,Y,N,Y,N,N,N,book_document_checklist_covered,master_spell_reward_or_vendor_completed | staged_for_all_perks_loop,complete_after_ritual_reward_or_vendor_purchase | staged_for_skill_gate,All-Perks Loop | All-perks master ritual gate,none,
book_document_checklist,CHK-SPELLS-0807,OBJ-001038,CHK-SPELLS-0807,Harmony,Harmony,book_document,spell_tome_title,Spells,Main-route prototype block,main_route,base_game,spell_tome,1,College of Winterhold: Purchase from Drevis Neloren at the College of Winterhold. Source note: Can be purchased from: Drevis Neloren (only after Illusion Ritual Spell has been completed).,spell_tome_source,selected_vendor_source,College of Winterhold,College of Winterhold,Buy during the relevant College/service block if vendor-sourced; otherwise pair with parent quest/location.,Y,mapped_objective,2,Y,Y,N,Y,N,Y,N,N,N,book_document_checklist_covered,master_spell_reward_or_vendor_completed | staged_for_all_perks_loop,complete_after_ritual_reward_or_vendor_purchase | staged_for_skill_gate,All-Perks Loop | All-perks master ritual gate,none,
book_document_checklist,CHK-SPELLS-0808,OBJ-001039,CHK-SPELLS-0808,Hysteria,Hysteria,book_document,spell_tome_title,Spells,Main-route prototype block,main_route,base_game,spell_tome,1,Illusion Ritual Spell: Reward for quest Illusion Ritual Spell.,spell_tome_source,selected_fixed_or_scripted_source,Illusion Ritual Spell,Illusion Ritual Spell,Buy during the relevant College/service block if vendor-sourced; otherwise pair with parent quest/location.,Y,mapped_objective,2,Y,Y,N,Y,N,Y,N,N,N,book_document_checklist_covered,master_spell_reward_or_vendor_completed | staged_for_all_perks_loop,complete_after_ritual_reward_or_vendor_purchase | staged_for_skill_gate,All-Perks Loop | All-perks master ritual gate,none,
book_document_checklist,CHK-SPELLS-0809,OBJ-001040,CHK-SPELLS-0809,Mayhem,Mayhem,book_document,spell_tome_title,Spells,Main-route prototype block,main_route,base_game,spell_tome,1,College of Winterhold: Purchase from Drevis Neloren at the College of Winterhold. Source note: Can be purchased from: Drevis Neloren (only after Illusion Ritual Spell has been completed).,spell_tome_source,selected_vendor_source,College of Winterhold,College of Winterhold,Buy during the relevant College/service block if vendor-sourced; otherwise pair with parent quest/location.,Y,mapped_objective,2,Y,Y,N,Y,N,Y,N,N,N,book_document_checklist_covered,master_spell_reward_or_vendor_completed | staged_for_all_perks_loop,complete_after_ritual_reward_or_vendor_purchase | staged_for_skill_gate,All-Perks Loop | All-perks master ritual gate,none,
book_document_checklist,CHK-SPELLS-0810,OBJ-001041,CHK-SPELLS-0810,Healing,Healing,book_document,spell_tome_title,Spells,Main-route prototype block,main_route,base_game,spell_tome,11,Character creation / starting spell: All players start with this spell.,spell_tome_source,selected_vendor_source,College of Winterhold,College of Winterhold,Buy during the relevant College/service block if vendor-sourced; otherwise pair with parent quest/location.,Y,mapped_objective,1,Y,Y,N,Y,N,Y,N,N,N,book_document_checklist_covered,vendor_purchase_check_in_guide,complete_or_all_perks_vendor_return,Colette Marence,none,
book_document_checklist,CHK-SPELLS-0811,OBJ-001042,CHK-SPELLS-0811,Lesser Ward,Lesser Ward,book_document,spell_tome_title,Spells,Main-route prototype block,main_route,base_game,spell_tome,13,"Understone Keep: Purchase from Calcelmo in Markarth. Source note: Can be purchased from: Calcelmo, Colette Marence, Falion, Farengar Secret-Fire, Madena, Nelacar, Riverwood Trader, Sybille Stentor, Wuunferth the Unliving, Wylandriah.",spell_tome_source,selected_vendor_source,College of Winterhold,College of Winterhold,Buy during the relevant College/service block if vendor-sourced; otherwise pair with parent quest/location.,Y,exact_checklist,1,Y,Y,N,Y,N,N,N,N,N,book_document_checklist_covered,placed_in_guide,complete,"Winterhold, College Entry, And Saarthal",none,
book_document_checklist,CHK-SPELLS-0812,OBJ-001043,CHK-SPELLS-0812,Fast Healing,Fast Healing,book_document,spell_tome_title,Spells,Main-route prototype block,main_route,base_game,spell_tome,10,"Understone Keep: Purchase from Calcelmo in Markarth. Source note: Can be purchased from: Calcelmo, Colette Marence, Falion, Farengar Secret-Fire, Madena, Nelacar, Sybille Stentor, Wuunferth the Unliving, Wylandriah.",spell_tome_source,selected_vendor_source,College of Winterhold,College of Winterhold,Buy during the relevant College/service block if vendor-sourced; otherwise pair with parent quest/location.,Y,mapped_objective,1,Y,Y,N,Y,N,Y,N,N,N,book_document_checklist_covered,vendor_purchase_check_in_guide,complete_or_all_perks_vendor_return,Colette Marence,none,
book_document_checklist,CHK-SPELLS-0813,OBJ-001044,CHK-SPELLS-0813,Healing Hands,Healing Hands,book_document,spell_tome_title,Spells,Main-route prototype block,main_route,base_game,spell_tome,10,"Understone Keep: Purchase from Calcelmo in Markarth. Source note: Can be purchased from: Calcelmo, Colette Marence, Falion, Farengar Secret-Fire, Madena, Nelacar, Sybille Stentor, Wuunferth the Unliving, Wylandriah.",spell_tome_source,selected_vendor_source,College of Winterhold,College of Winterhold,Buy during the relevant College/service block if vendor-sourced; otherwise pair with parent quest/location.,Y,exact_checklist,1,Y,Y,N,Y,N,N,N,N,N,book_document_checklist_covered,conditional_test_spell,conditional_complete_or_already_known,"Winterhold, College Entry, And Saarthal",none,
book_document_checklist,CHK-SPELLS-0814,OBJ-001045,CHK-SPELLS-0814,Necromantic Healing,Necromantic Healing (DG),book_document,spell_tome_title,Spells,Main-route prototype block,main_route,dawnguard,spell_tome,2,Castle Volkihar: Purchase from Ronthil at Castle Volkihar. Source note: Can be purchased from: Ronthil.,spell_tome_source,selected_fixed_or_scripted_source,Dimhollow Crypt,Dimhollow Crypt,Learn during Dawnguard `Awakening` while exiting Dimhollow Crypt.,Y,exact_checklist,1,Y,Y,N,Y,N,N,N,N,Y,book_document_checklist_covered,placed_in_guide,complete,Dawnguard Fork And Volkihar Branch,none,
book_document_checklist,CHK-SPELLS-0815,OBJ-001046,CHK-SPELLS-0815,Steadfast Ward,Steadfast Ward,book_document,spell_tome_title,Spells,Main-route prototype block,main_route,base_game,spell_tome,11,"Understone Keep: Purchase from Calcelmo in Markarth. Source note: Can be purchased from: Calcelmo, Colette Marence, Falion, Farengar Secret-Fire, Madena, Nelacar, Sybille Stentor, Wuunferth the Unliving, Wylandriah.",spell_tome_source,selected_fixed_or_scripted_source,Labyrinthian,Labyrinthian Tribune,Take and read from the Labyrinthian Tribune podium during the Staff of Magnus route.,Y,exact_checklist,1,Y,Y,N,Y,N,N,N,N,N,book_document_checklist_covered,placed_in_guide,complete,Labyrinthian And The Eye Of Magnus,none,
book_document_checklist,CHK-SPELLS-0816,OBJ-001047,CHK-SPELLS-0816,Sun Fire,Sun Fire (DG),book_document,spell_tome_title,Spells,Main-route prototype block,main_route,dawnguard,spell_tome,1,Fort Dawnguard: Purchase from Sorine Jurard at Fort Dawnguard. Source note: Can be purchased from: Sorine Jurard.,spell_tome_source,selected_vendor_source,Fort Dawnguard,Fort Dawnguard,Buy and learn after A New Order when Sorine is installed at Fort Dawnguard.,Y,exact_checklist,1,Y,Y,N,Y,N,N,N,N,N,book_document_checklist_covered,placed_in_guide,complete,Fort Dawnguard Recruits Prophet And Lost Relics,none,
book_document_checklist,CHK-SPELLS-0817,OBJ-001048,CHK-SPELLS-0817,Turn Lesser Undead,Turn Lesser Undead,book_document,spell_tome_title,Spells,Main-route prototype block,main_route,base_game,spell_tome,10,"Understone Keep: Purchase from Calcelmo in Markarth. Source note: Can be purchased from: Calcelmo, Colette Marence, Falion, Farengar Secret-Fire, Madena, Nelacar, Sybille Stentor, Wuunferth the Unliving, Wylandriah.",spell_tome_source,selected_vendor_source,College of Winterhold,College of Winterhold,Buy during the relevant College/service block if vendor-sourced; otherwise pair with parent quest/location.,Y,mapped_objective,1,Y,Y,N,Y,N,Y,N,N,N,book_document_checklist_covered,vendor_purchase_check_in_guide,complete_or_all_perks_vendor_return,Colette Marence,none,
book_document_checklist,CHK-SPELLS-0818,OBJ-001049,CHK-SPELLS-0818,Close Wounds,Close Wounds,book_document,spell_tome_title,Spells,Main-route prototype block,main_route,base_game,spell_tome,3,College of Winterhold: Purchase from Colette Marence at the College of Winterhold. Source note: Can be purchased from: Colette Marence.,spell_tome_source,selected_vendor_source,College of Winterhold,College of Winterhold,Buy during the relevant College/service block if vendor-sourced; otherwise pair with parent quest/location.,Y,mapped_objective,1,Y,Y,N,Y,N,Y,N,N,N,book_document_checklist_covered,vendor_purchase_check_in_guide,complete_or_all_perks_vendor_return,Colette Marence,none,
book_document_checklist,CHK-SPELLS-0819,OBJ-001050,CHK-SPELLS-0819,Greater Ward,Greater Ward,book_document,spell_tome_title,Spells,Main-route prototype block,main_route,base_game,spell_tome,3,College of Winterhold: Purchase from Colette Marence at the College of Winterhold. Source note: Can be purchased from: Colette Marence.,spell_tome_source,selected_vendor_source,College of Winterhold,College of Winterhold,Buy during the relevant College/service block if vendor-sourced; otherwise pair with parent quest/location.,Y,mapped_objective,1,Y,Y,N,Y,N,Y,N,N,N,book_document_checklist_covered,vendor_purchase_check_in_guide,complete_or_all_perks_vendor_return,Colette Marence,none,
book_document_checklist,CHK-SPELLS-0820,OBJ-001051,CHK-SPELLS-0820,Heal Other,Heal Other,book_document,spell_tome_title,Spells,Main-route prototype block,main_route,base_game,spell_tome,4,College of Winterhold: Purchase from Colette Marence at the College of Winterhold. Source note: Can be purchased from: Colette Marence.,spell_tome_source,selected_fixed_or_scripted_source,Shalidor's Maze,Shalidor's Maze,Take and read from the shutter section during the Shalidor's Maze route.,Y,exact_checklist,1,Y,Y,N,Y,N,N,N,N,N,book_document_checklist_covered,placed_in_guide,complete,Labyrinthian And The Eye Of Magnus,none,
book_document_checklist,CHK-SPELLS-0821,OBJ-001052,CHK-SPELLS-0821,Heal Undead,Heal Undead (DG),book_document,spell_tome_title,Spells,Main-route prototype block,main_route,dawnguard,spell_tome,1,Castle Volkihar: Purchase from Ronthil at Castle Volkihar. Source note: Can be purchased from: Ronthil.,spell_tome_source,selected_vendor_source,Castle Volkihar,Castle Volkihar,Buy and learn during the first Castle Volkihar entry before Harkon speaks by reaching Ronthil on the balcony.,Y,exact_checklist,1,Y,Y,N,Y,N,N,N,N,Y,book_document_checklist_covered,placed_in_guide,complete,Dawnguard Fork And Volkihar Branch,none,
book_document_checklist,CHK-SPELLS-0822,OBJ-001053,CHK-SPELLS-0822,Poison Rune,Poison Rune (DB),book_document,spell_tome_title,Spells,Main-route prototype block,main_route,dragonborn,spell_tome,1,Tel Mithryn: Purchase from Talvas Fathryon at Tel Mithryn. Source note: Can be purchased from: Talvas Fathryon (after From the Ashes).,spell_tome_source,selected_vendor_source,Tel Mithryn,Tel Mithryn,Buy during the relevant College/service block if vendor-sourced; otherwise pair with parent quest/location.,Y,exact_checklist,1,Y,Y,N,Y,N,N,N,N,N,book_document_checklist_covered,placed_in_guide,complete,"Tel Mithryn, Nchardak, And Kagrumez",none,
book_document_checklist,CHK-SPELLS-0823,OBJ-001054,CHK-SPELLS-0823,Repel Lesser Undead,Repel Lesser Undead,book_document,spell_tome_title,Spells,Main-route prototype block,main_route,base_game,spell_tome,3,College of Winterhold: Purchase from Colette Marence at the College of Winterhold. Source note: Can be purchased from: Colette Marence.,spell_tome_source,selected_vendor_source,College of Winterhold,College of Winterhold,Buy during the relevant College/service block if vendor-sourced; otherwise pair with parent quest/location.,Y,mapped_objective,1,Y,Y,N,Y,N,Y,N,N,N,book_document_checklist_covered,vendor_purchase_check_in_guide,complete_or_all_perks_vendor_return,Colette Marence,none,
book_document_checklist,CHK-SPELLS-0824,OBJ-001055,CHK-SPELLS-0824,Stendarr's Aura,Stendarr's Aura (DG),book_document,spell_tome_title,Spells,Main-route prototype block,main_route,dawnguard,spell_tome,1,Fort Dawnguard: Purchase from Florentius Baenius at Fort Dawnguard. Source note: Can be purchased from: Florentius Baenius.,spell_tome_source,selected_vendor_source,Fort Dawnguard,Fort Dawnguard,Buy and learn after Bolstering the Ranks when Florentius is installed at Fort Dawnguard.,Y,exact_checklist,1,Y,Y,N,Y,N,N,N,N,N,book_document_checklist_covered,placed_in_guide,complete,Fort Dawnguard Recruits Prophet And Lost Relics,none,
book_document_checklist,CHK-SPELLS-0825,OBJ-001056,CHK-SPELLS-0825,Turn Undead,Turn Undead,book_document,spell_tome_title,Spells,Main-route prototype block,main_route,base_game,spell_tome,4,College of Winterhold: Purchase from Colette Marence at the College of Winterhold. Source note: Can be purchased from: Colette Marence.,spell_tome_source,selected_fixed_quest_reward,The Wolf Queen Awakened,Hall of the Dead / Styrr,Learn immediately during the Potema/Shield section.,Y,exact_checklist,1,Y,Y,N,Y,N,N,N,N,N,book_document_checklist_covered,placed_in_guide,complete,Potema Shield Of Solitude And Bone Wolf,none,
book_document_checklist,CHK-SPELLS-0826,OBJ-001057,CHK-SPELLS-0826,Vampire's Bane,Vampire's Bane (DG),book_document,spell_tome_title,Spells,Main-route prototype block,main_route,dawnguard,spell_tome,1,Fort Dawnguard: Purchase from Florentius Baenius at Fort Dawnguard. Source note: Can be purchased from: Florentius Baenius.,spell_tome_source,selected_vendor_source,Fort Dawnguard,Fort Dawnguard,Buy and learn after Bolstering the Ranks when Florentius is installed at Fort Dawnguard.,Y,exact_checklist,1,Y,Y,N,Y,N,N,N,N,N,book_document_checklist_covered,placed_in_guide,complete,Fort Dawnguard Recruits Prophet And Lost Relics,none,
book_document_checklist,CHK-SPELLS-0827,OBJ-001058,CHK-SPELLS-0827,Circle of Protection,Circle of Protection,book_document,spell_tome_title,Spells,Main-route prototype block,main_route,base_game,spell_tome,2,College of Winterhold: Purchase from Colette Marence at the College of Winterhold. Source note: Can be purchased from: Colette Marence.,spell_tome_source,selected_vendor_source,College of Winterhold,College of Winterhold,Buy during the relevant College/service block if vendor-sourced; otherwise pair with parent quest/location.,Y,mapped_objective,1,Y,Y,N,Y,N,Y,N,N,N,book_document_checklist_covered,vendor_purchase_check_in_guide,complete_or_all_perks_vendor_return,Colette Marence,none,
book_document_checklist,CHK-SPELLS-0828,OBJ-001059,CHK-SPELLS-0828,Grand Healing,Grand Healing,book_document,spell_tome_title,Spells,Main-route prototype block,main_route,base_game,spell_tome,2,College of Winterhold: Purchase from Colette Marence at the College of Winterhold. Source note: Can be purchased from: Colette Marence.,spell_tome_source,selected_vendor_source,College of Winterhold,College of Winterhold,Buy during the relevant College/service block if vendor-sourced; otherwise pair with parent quest/location.,Y,mapped_objective,1,Y,Y,N,Y,N,Y,N,N,N,book_document_checklist_covered,vendor_purchase_check_in_guide,complete_or_all_perks_vendor_return,Colette Marence,none,
book_document_checklist,CHK-SPELLS-0829,OBJ-001060,CHK-SPELLS-0829,Repel Undead,Repel Undead,book_document,spell_tome_title,Spells,Main-route prototype block,main_route,base_game,spell_tome,2,College of Winterhold: Purchase from Colette Marence at the College of Winterhold. Source note: Can be purchased from: Colette Marence.,spell_tome_source,selected_vendor_source,College of Winterhold,College of Winterhold,Buy during the relevant College/service block if vendor-sourced; otherwise pair with parent quest/location.,Y,mapped_objective,1,Y,Y,N,Y,N,Y,N,N,N,book_document_checklist_covered,vendor_purchase_check_in_guide,complete_or_all_perks_vendor_return,Colette Marence,none,
book_document_checklist,CHK-SPELLS-0830,OBJ-001061,CHK-SPELLS-0830,Turn Greater Undead,Turn Greater Undead,book_document,spell_tome_title,Spells,Main-route prototype block,main_route,base_game,spell_tome,2,College of Winterhold: Purchase from Colette Marence at the College of Winterhold. Source note: Can be purchased from: Colette Marence.,spell_tome_source,selected_vendor_source,College of Winterhold,College of Winterhold,Buy during the relevant College/service block if vendor-sourced; otherwise pair with parent quest/location.,Y,mapped_objective,1,Y,Y,N,Y,N,Y,N,N,N,book_document_checklist_covered,vendor_purchase_check_in_guide,complete_or_all_perks_vendor_return,Colette Marence,none,
book_document_checklist,CHK-SPELLS-0831,OBJ-001062,CHK-SPELLS-0831,Bane of the Undead,Bane of the Undead,book_document,spell_tome_title,Spells,Main-route prototype block,main_route,base_game,spell_tome,1,Restoration Ritual Spell: Reward for quest Restoration Ritual Spell.,spell_tome_source,selected_fixed_or_scripted_source,Restoration Ritual Spell,Restoration Ritual Spell,Buy during the relevant College/service block if vendor-sourced; otherwise pair with parent quest/location.,Y,mapped_objective,2,Y,Y,N,Y,N,Y,N,N,N,book_document_checklist_covered,master_spell_reward_or_vendor_completed | staged_for_all_perks_loop,complete_after_ritual_reward_or_vendor_purchase | staged_for_skill_gate,All-Perks Loop | All-perks master ritual gate,none,
book_document_checklist,CHK-SPELLS-0832,OBJ-001063,CHK-SPELLS-0832,Guardian Circle,Guardian Circle,book_document,spell_tome_title,Spells,Main-route prototype block,main_route,base_game,spell_tome,1,College of Winterhold: Purchase from Colette Marence at the College of Winterhold. Source note: Can be purchased from: Colette Marence (only after Restoration Ritual Spell has been completed).,spell_tome_source,selected_vendor_source,College of Winterhold,College of Winterhold,Buy during the relevant College/service block if vendor-sourced; otherwise pair with parent quest/location.,Y,mapped_objective,2,Y,Y,N,Y,N,Y,N,N,N,book_document_checklist_covered,master_spell_reward_or_vendor_completed | staged_for_all_perks_loop,complete_after_ritual_reward_or_vendor_purchase | staged_for_skill_gate,All-Perks Loop | All-perks master ritual gate,none,
book_document_checklist,CHK-SPELLS-0833,OBJ-000675,CHK-SPELLS-0833,Teleport Pet: Arachnia,Teleport Pet: Arachnia (AE),pet_mount,ae_pet,Spells,Main-route prototype block,main_route,ae_creation,,0,,,,,,,Y,exact_checklist,1,Y,Y,N,N,N,N,N,N,N,book_document_checklist_covered,placed_in_guide,complete,Windhelm Follow-Up And Eastmarch Roads,none,
book_document_checklist,CHK-SPELLS-0834,OBJ-000671,CHK-SPELLS-0834,Teleport Pet: Bone Wolf,Teleport Pet: Bone Wolf (AE),pet_mount,ae_pet,Spells,Main-route prototype block,main_route,ae_creation,,0,,,,,,,Y,exact_checklist,1,Y,Y,N,N,N,N,N,N,N,book_document_checklist_covered,placed_in_guide,complete,Potema Shield Of Solitude And Bone Wolf,none,
book_document_checklist,CHK-SPELLS-0835,OBJ-000677,CHK-SPELLS-0835,Teleport Pet: Demented Elytra Nymph,Teleport Pet: Demented Elytra Nymph (AE),pet_mount,ae_pet,Spells,Main-route prototype block,main_route,ae_creation,,0,,,,,,,Y,exact_checklist,1,Y,Y,N,N,N,N,N,N,N,book_document_checklist_covered,placed_in_guide,complete,"Saints, Seducers, and Atronach Forge Tomes",none,
book_document_checklist,CHK-SPELLS-0836,OBJ-000912,CHK-SPELLS-0836,Teleport Pet: Dwarven Mudcrab,Teleport Pet: Dwarven Mudcrab (AE),book_document,spell_tome_title,Spells,Main-route prototype block,main_route,ae_creation,spell_tome,1,Dwarven Armored Mudcrab: Learned when receiving Dwarven Armored Mudcrab as a pet.,spell_tome_source,selected_fixed_or_scripted_source,Dwarven Armored Mudcrab,Dwarven Armored Mudcrab,Buy during the relevant College/service block if vendor-sourced; otherwise pair with parent quest/location.,Y,exact_checklist,1,Y,Y,N,Y,N,N,N,N,N,book_document_checklist_covered,learned_now,complete,Markarth Nchuand-Zel And Old Hroldan,none,
book_document_checklist,CHK-SPELLS-0837,OBJ-000672,CHK-SPELLS-0837,Teleport Pet: Hilda,Teleport Pet: Hilda (AE),pet_mount,ae_pet,Spells,Main-route prototype block,main_route,ae_creation,,0,,,,,,,Y,mapped_objective,2,Y,Y,N,N,N,N,N,N,N,book_document_checklist_covered,completed_now | pet_confirmed,complete,Goldenhills Farm And Rorikstead | Homes Household Services Pets And Mounts,none,
book_document_checklist,CHK-SPELLS-0838,OBJ-000678,CHK-SPELLS-0838,Teleport Pet: Manic Elytra Nymph,Teleport Pet: Manic Elytra Nymph (AE),pet_mount,ae_pet,Spells,Main-route prototype block,main_route,ae_creation,,0,,,,,,,Y,exact_checklist,1,Y,Y,N,N,N,N,N,N,N,book_document_checklist_covered,placed_in_guide,complete,"Saints, Seducers, and Atronach Forge Tomes",none,
book_document_checklist,CHK-SPELLS-0839,OBJ-000670,CHK-SPELLS-0839,Teleport Pet: Nix-Hound,Teleport Pet: Nix-Hound (AE),pet_mount,ae_pet,Spells,Main-route prototype block,main_route,ae_creation,,0,,,,,,,Y,exact_checklist,1,Y,Y,N,N,N,N,N,N,N,book_document_checklist_covered,placed_in_guide,complete,"Tel Mithryn, Nchardak, And Kagrumez",none,
book_document_checklist,CHK-SPELLS-0840,OBJ-000676,CHK-SPELLS-0840,Teleport Pet: Skritch,Teleport Pet: Skritch (AE),pet_mount,ae_pet,Spells,Main-route prototype block,main_route,ae_creation,,0,,,,,,,Y,exact_checklist,1,N,Y,N,N,N,N,N,N,N,book_document_checklist_covered,learned_now,complete,First Riften Visit And Guild Doorway,none,
book_document_checklist,CHK-SPELLS-0841,OBJ-000673,CHK-SPELLS-0841,Teleport Pet: Sweet Roll,Teleport Pet: Sweet Roll (AE),pet_mount,ae_pet,Spells,Main-route prototype block,main_route,ae_creation,,0,,,,,,,Y,exact_checklist,1,Y,Y,N,N,N,N,N,N,N,book_document_checklist_covered,retrospectively_moved_earlier,complete,Falkreath Land Lakeview Foundation And Glenmoril Coven,none,
book_document_checklist,CHK-SPELLS-0842,OBJ-000674,CHK-SPELLS-0842,Teleport Pet: Thistle,Teleport Pet: Thistle (AE),pet_mount,ae_pet,Spells,Main-route prototype block,main_route,ae_creation,,0,,,,,,,Y,exact_checklist,1,Y,Y,N,N,N,N,N,N,N,book_document_checklist_covered,placed_in_guide,complete,High-Risk AE Routes and Separate Worldspaces,none,
book_document_checklist,CHK-SPELLS-0843,OBJ-000919,CHK-SPELLS-0843,Master Transmute,Master Transmute (AE),book_document,spell_tome_title,Spells,Main-route prototype block,main_route,ae_creation,spell_tome,1,The Warrens: Can be found in the safe in Eslaf's room in The Warrens during or after the quest Fortunate Son.,spell_tome_source,selected_fixed_or_scripted_source_routed,The Warrens,The Warrens,Take and read during the Bittercup Fortunate Son vault route.,Y,exact_checklist,1,Y,Y,N,Y,N,N,N,N,N,book_document_checklist_covered,placed_in_guide,complete,"Bittercup, The Pit, And Fortunate Son",none,
book_document_checklist,CHK-SPELLS-0844,OBJ-000920,CHK-SPELLS-0844,Paralysis Rune,Paralysis Rune (AE),book_document,spell_tome_title,Spells,Main-route prototype block,main_route,ae_creation,spell_tome,3,Hob's Fall Cave: Can be found in Hob's Fall Cave during The Lost Library quest.,spell_tome_source,selected_vendor_source,College of Winterhold,College of Winterhold,Buy during the relevant College/service block if vendor-sourced; otherwise pair with parent quest/location.,Y,exact_checklist,1,Y,Y,N,Y,N,N,N,N,N,book_document_checklist_covered,placed_in_guide,complete,Bards College Lost Library And Instrument Roads,none,
book_document_checklist,CHK-SPELLS-0845,OBJ-000922,CHK-SPELLS-0845,Telekinesis Arrows,Telekinesis Arrows (AE),book_document,spell_tome_title,Spells,Main-route prototype block,main_route,ae_creation,spell_tome,1,the Arcanaeum: Can be found in the Arcanaeum.,spell_tome_source,selected_fixed_or_scripted_source,the Arcanaeum,the Arcanaeum,Buy during the relevant College/service block if vendor-sourced; otherwise pair with parent quest/location.,Y,exact_checklist,1,Y,Y,N,Y,N,N,N,N,N,book_document_checklist_covered,placed_in_guide,complete,"Winterhold, College Entry, And Saarthal",none,
book_document_checklist,CHK-SPELLS-0846,OBJ-000935,CHK-SPELLS-0846,Conjure Skeleton Minion,Conjure Skeleton Minion (AE),book_document,spell_tome_title,Spells,Main-route prototype block,main_route,ae_creation,spell_tome,2,College of Winterhold: Purchase from Phinis Gestor at the College of Winterhold. Source note: Can be purchased from: Phinis Gestor.,spell_tome_source,selected_vendor_source,College of Winterhold,College of Winterhold,Buy during the relevant College/service block if vendor-sourced; otherwise pair with parent quest/location.,Y,mapped_objective,2,Y,Y,N,Y,N,Y,N,N,N,book_document_checklist_covered,fort_greymoor_audited_not_routed | vendor_purchase_check_in_guide,complete_or_all_perks_vendor_return | staged_for_later_spell_source_selection,Phinis Gestor | Saadia First Horse And Western Road Support,none,
book_document_checklist,CHK-SPELLS-0847,OBJ-000936,CHK-SPELLS-0847,Conjure Undying Ghost,Conjure Undying Ghost (AE),book_document,spell_tome_title,Spells,Main-route prototype block,main_route,ae_creation,spell_tome,2,College of Winterhold: Purchase from Phinis Gestor at the College of Winterhold. Source note: Can be purchased from: Phinis Gestor.,spell_tome_source,selected_vendor_source,College of Winterhold,College of Winterhold,Buy during the relevant College/service block if vendor-sourced; otherwise pair with parent quest/location.,Y,mapped_objective,1,Y,Y,N,Y,N,Y,N,N,N,book_document_checklist_covered,vendor_purchase_check_in_guide,complete_or_all_perks_vendor_return,Phinis Gestor,none,
book_document_checklist,CHK-SPELLS-0848,OBJ-000937,CHK-SPELLS-0848,Conjure Zombie,Conjure Zombie (AE),book_document,spell_tome_title,Spells,Main-route prototype block,main_route,ae_creation,spell_tome,11,"Understone Keep: Purchase from Calcelmo in Markarth. Source note: Can be purchased from: Calcelmo, Falion, Farengar Secret-Fire, Madena, Nelacar, Phinis Gestor, Sybille Stentor, Wuunferth the Unliving, Wylandriah, Talvas Fathryon (only after The Rising Dead has been completed).",spell_tome_source,selected_fixed_location_source,Ritual site north of Southfringe Sanctum,Ritual site southeast of Helgen,Read during early Rising Dead activation after the level 5 Anonymous Letter courier trigger.,Y,exact_checklist,1,Y,Y,N,Y,N,N,N,N,N,book_document_checklist_covered,placed_in_guide,complete,Rising Dead Early Activation,none,
book_document_checklist,CHK-SPELLS-0849,OBJ-000942,CHK-SPELLS-0849,Conjure Foul Zombie,Conjure Foul Zombie (AE),book_document,spell_tome_title,Spells,Main-route prototype block,main_route,ae_creation,spell_tome,11,"Understone Keep: Purchase from Calcelmo in Markarth. Source note: Can be purchased from: Calcelmo, Falion, Farengar Secret-Fire, Madena, Nelacar, Phinis Gestor, Sybille Stentor, Wuunferth the Unliving, Wylandriah, Talvas Fathryon (only after The Rising Dead has been completed).",spell_tome_source,selected_fixed_location_source,Ritual site north of Southfringe Sanctum,Ritual site southeast of Helgen,Read during early Rising Dead activation after the level 5 Anonymous Letter courier trigger.,Y,exact_checklist,1,Y,Y,N,Y,N,N,N,N,N,book_document_checklist_covered,placed_in_guide,complete,Rising Dead Early Activation,none,
book_document_checklist,CHK-SPELLS-0850,OBJ-000943,CHK-SPELLS-0850,Conjure Haunting Spirit,Conjure Haunting Spirit (AE),book_document,spell_tome_title,Spells,Main-route prototype block,main_route,ae_creation,spell_tome,2,College of Winterhold: Purchase from Phinis Gestor at the College of Winterhold. Source note: Can be purchased from: Phinis Gestor.,spell_tome_source,selected_fixed_location_source,Yngvild,Yngvild,Take and read during Dawnstar Pale Blade And Heljarchen when clearing Yngvild.,Y,exact_checklist,1,Y,Y,N,Y,N,N,N,N,N,book_document_checklist_covered,placed_in_guide,complete,"Dawnstar, Pale Blade, And Heljarchen",none,
book_document_checklist,CHK-SPELLS-0851,OBJ-000944,CHK-SPELLS-0851,Conjure Skeleton Marksman,Conjure Skeleton Marksman (AE),book_document,spell_tome_title,Spells,Main-route prototype block,main_route,ae_creation,spell_tome,1,College of Winterhold: Purchase from Phinis Gestor at the College of Winterhold. Source note: Can be purchased from: Phinis Gestor.,spell_tome_source,selected_vendor_source,College of Winterhold,College of Winterhold,Buy during the relevant College/service block if vendor-sourced; otherwise pair with parent quest/location.,Y,mapped_objective,1,Y,Y,N,Y,N,Y,N,N,N,book_document_checklist_covered,vendor_purchase_check_in_guide,complete_or_all_perks_vendor_return,Phinis Gestor,none,
book_document_checklist,CHK-SPELLS-0852,OBJ-000947,CHK-SPELLS-0852,Soul Split,Soul Split (AE),book_document,spell_tome_title,Spells,Main-route prototype block,main_route,ae_creation,spell_tome,2,College of Winterhold: Purchase from Phinis Gestor at the College of Winterhold. Source note: Can be purchased from: Phinis Gestor.,spell_tome_source,selected_vendor_source,College of Winterhold,College of Winterhold,Buy during the relevant College/service block if vendor-sourced; otherwise pair with parent quest/location.,Y,mapped_objective,1,Y,Y,N,Y,N,Y,N,N,N,book_document_checklist_covered,vendor_purchase_check_in_guide,complete_or_all_perks_vendor_return,Phinis Gestor,none,
book_document_checklist,CHK-SPELLS-0853,OBJ-000949,CHK-SPELLS-0853,Summon Daedric Horse,Summon Daedric Horse (AE),book_document,spell_tome_title,Spells,Main-route prototype block,main_route,ae_creation,spell_tome,1,Deadlands: Can be found in: The Deadlands (inside The Punished).,spell_tome_source,selected_fixed_or_scripted_source,Deadlands,Deadlands,Buy during the relevant College/service block if vendor-sourced; otherwise pair with parent quest/location.,Y,exact_checklist,1,Y,Y,N,Y,N,N,N,N,N,book_document_checklist_covered,placed_in_guide,complete,High-Risk AE Routes and Separate Worldspaces,none,
book_document_checklist,CHK-SPELLS-0854,OBJ-000951,CHK-SPELLS-0854,Banish Undead,Banish Undead (AE),book_document,spell_tome_title,Spells,Main-route prototype block,main_route,ae_creation,spell_tome,1,College of Winterhold: Purchase from Phinis Gestor at the College of Winterhold. Source note: Can be purchased from: Phinis Gestor.,spell_tome_source,selected_vendor_source,College of Winterhold,College of Winterhold,Buy during the relevant College/service block if vendor-sourced; otherwise pair with parent quest/location.,Y,mapped_objective,1,Y,Y,N,Y,N,Y,N,N,N,book_document_checklist_covered,vendor_purchase_check_in_guide,complete_or_all_perks_vendor_return,Phinis Gestor,none,
book_document_checklist,CHK-SPELLS-0855,OBJ-000953,CHK-SPELLS-0855,Bound Quiver,Bound Quiver (AE),book_document,spell_tome_title,Spells,Main-route prototype block,main_route,ae_creation,spell_tome,3,"Understone Keep: Purchase from Calcelmo in Markarth. Source note: Can be purchased from: Calcelmo, Falion, Phinis Gestor.",spell_tome_source,selected_vendor_source,College of Winterhold,College of Winterhold,Buy during the relevant College/service block if vendor-sourced; otherwise pair with parent quest/location.,Y,mapped_objective,1,Y,Y,N,Y,N,Y,N,N,N,book_document_checklist_covered,vendor_purchase_check_in_guide,complete_or_all_perks_vendor_return,Phinis Gestor,none,
book_document_checklist,CHK-SPELLS-0856,OBJ-000955,CHK-SPELLS-0856,Conjure Dark Seducer Archer,Conjure Dark Seducer Archer (AE),book_document,spell_tome_title,Spells,Main-route prototype block,main_route,ae_creation,spell_tome,2,Thoron: Carried by Thoron.,spell_tome_source,selected_fixed_or_scripted_source,Thoron,Thoron,Buy during the relevant College/service block if vendor-sourced; otherwise pair with parent quest/location.,Y,mapped_objective,1,Y,Y,N,Y,N,N,N,N,N,book_document_checklist_covered,route_source_named_or_already_routed,complete_or_confirmed_in_spell_list,"Books, Spells, and Documents",none,
book_document_checklist,CHK-SPELLS-0857,OBJ-000956,CHK-SPELLS-0857,Conjure Dark Seducer Warrior,Conjure Dark Seducer Warrior (AE),book_document,spell_tome_title,Spells,Main-route prototype block,main_route,ae_creation,spell_tome,2,Thoron: Carried by Thoron.,spell_tome_source,selected_fixed_or_scripted_source,Thoron,Thoron,Buy during the relevant College/service block if vendor-sourced; otherwise pair with parent quest/location.,Y,mapped_objective,1,Y,Y,N,Y,N,N,N,N,N,book_document_checklist_covered,route_source_named_or_already_routed,complete_or_confirmed_in_spell_list,"Books, Spells, and Documents",none,
book_document_checklist,CHK-SPELLS-0858,OBJ-000958,CHK-SPELLS-0858,Conjure Golden Saint Archer,Conjure Golden Saint Archer (AE),book_document,spell_tome_title,Spells,Main-route prototype block,main_route,ae_creation,spell_tome,2,Thoron: Carried by Thoron.,spell_tome_source,selected_fixed_or_scripted_source,Thoron,Thoron,Buy during the relevant College/service block if vendor-sourced; otherwise pair with parent quest/location.,Y,mapped_objective,1,Y,Y,N,Y,N,N,N,N,N,book_document_checklist_covered,route_source_named_or_already_routed,complete_or_confirmed_in_spell_list,"Books, Spells, and Documents",none,
book_document_checklist,CHK-SPELLS-0859,OBJ-000959,CHK-SPELLS-0859,Conjure Golden Saint Warrior,Conjure Golden Saint Warrior (AE),book_document,spell_tome_title,Spells,Main-route prototype block,main_route,ae_creation,spell_tome,2,Thoron: Carried by Thoron.,spell_tome_source,selected_fixed_or_scripted_source,Thoron,Thoron,Buy during the relevant College/service block if vendor-sourced; otherwise pair with parent quest/location.,Y,mapped_objective,1,Y,Y,N,Y,N,N,N,N,N,book_document_checklist_covered,route_source_named_or_already_routed,complete_or_confirmed_in_spell_list,"Books, Spells, and Documents",none,
book_document_checklist,CHK-SPELLS-0860,OBJ-000961,CHK-SPELLS-0860,Conjure Putrid Zombie,Conjure Putrid Zombie (AE),book_document,spell_tome_title,Spells,Main-route prototype block,main_route,ae_creation,spell_tome,4,"Understone Keep: Purchase from Calcelmo in Markarth. Source note: Can be purchased from: Calcelmo, Falion, Phinis Gestor (only after The Rising Dead has been completed).",spell_tome_source,selected_fixed_location_source,Ritual site north of Southfringe Sanctum,Ritual site southeast of Helgen,Read during early Rising Dead activation after the level 5 Anonymous Letter courier trigger.,Y,exact_checklist,1,Y,Y,N,Y,N,N,N,N,N,book_document_checklist_covered,placed_in_guide,complete,Rising Dead Early Activation,none,
book_document_checklist,CHK-SPELLS-0861,OBJ-000963,CHK-SPELLS-0861,Conjure Skeleton Champion,Conjure Skeleton Champion (AE),book_document,spell_tome_title,Spells,Main-route prototype block,main_route,ae_creation,spell_tome,1,College of Winterhold: Purchase from Phinis Gestor at the College of Winterhold. Source note: Can be purchased from: Phinis Gestor.,spell_tome_source,selected_vendor_source,College of Winterhold,College of Winterhold,Buy during the relevant College/service block if vendor-sourced; otherwise pair with parent quest/location.,Y,mapped_objective,1,Y,Y,N,Y,N,Y,N,N,N,book_document_checklist_covered,vendor_purchase_check_in_guide,complete_or_all_perks_vendor_return,Phinis Gestor,none,
book_document_checklist,CHK-SPELLS-0862,OBJ-000964,CHK-SPELLS-0862,Conjure Tomb Guardian,Conjure Tomb Guardian (AE),book_document,spell_tome_title,Spells,Main-route prototype block,main_route,ae_creation,spell_tome,1,College of Winterhold: Purchase from Phinis Gestor at the College of Winterhold. Source note: Can be purchased from: Phinis Gestor.,spell_tome_source,selected_vendor_source,College of Winterhold,College of Winterhold,Buy during the relevant College/service block if vendor-sourced; otherwise pair with parent quest/location.,Y,mapped_objective,1,Y,Y,N,Y,N,Y,N,N,N,book_document_checklist_covered,vendor_purchase_check_in_guide,complete_or_all_perks_vendor_return,Phinis Gestor,none,
book_document_checklist,CHK-SPELLS-0863,OBJ-000965,CHK-SPELLS-0863,Necromancer's Ritual,Necromancer's Ritual (AE),book_document,spell_tome_title,Spells,Main-route prototype block,main_route,ae_creation,spell_tome,2,College of Winterhold: Purchase from Phinis Gestor at the College of Winterhold. Source note: Can be purchased from: Phinis Gestor.,spell_tome_source,selected_vendor_source,College of Winterhold,College of Winterhold,Buy during the relevant College/service block if vendor-sourced; otherwise pair with parent quest/location.,Y,exact_checklist,1,Y,Y,N,Y,N,Y,N,N,N,book_document_checklist_covered,placed_in_guide,complete,Solitude Coast Wild Horse And Wolfskull,none,
book_document_checklist,CHK-SPELLS-0864,OBJ-000969,CHK-SPELLS-0864,Conjure Ayleid Lich,Conjure Ayleid Lich (AE),book_document,spell_tome_title,Spells,Main-route prototype block,main_route,ae_creation,spell_tome,1,Atronach Forge: Can be created at the Atronach Forge.,spell_tome_source,selected_fixed_or_scripted_source,Atronach Forge,Atronach Forge,Buy during the relevant College/service block if vendor-sourced; otherwise pair with parent quest/location.,Y,exact_checklist,1,Y,Y,N,Y,N,N,N,N,N,book_document_checklist_covered,placed_in_guide,complete,"Saints, Seducers, and Atronach Forge Tomes",none,
book_document_checklist,CHK-SPELLS-0865,OBJ-000970,CHK-SPELLS-0865,Conjure Cursed Spectre,Conjure Cursed Spectre (AE),book_document,spell_tome_title,Spells,Main-route prototype block,main_route,ae_creation,spell_tome,1,College of Winterhold: Purchase from Phinis Gestor at the College of Winterhold. Source note: Can be purchased from: Phinis Gestor.,spell_tome_source,selected_vendor_source,College of Winterhold,College of Winterhold,Buy during the relevant College/service block if vendor-sourced; otherwise pair with parent quest/location.,Y,mapped_objective,1,Y,Y,N,Y,N,Y,N,N,N,book_document_checklist_covered,vendor_purchase_check_in_guide,complete_or_all_perks_vendor_return,Phinis Gestor,none,
book_document_checklist,CHK-SPELLS-0866,OBJ-000972,CHK-SPELLS-0866,Conjure Malignant Zombie,Conjure Malignant Zombie (AE),book_document,spell_tome_title,Spells,Main-route prototype block,main_route,ae_creation,spell_tome,2,College of Winterhold: Purchase from Phinis Gestor at the College of Winterhold. Source note: Can be purchased from: Phinis Gestor (only after Conjuration Ritual Spell and The Rising Dead have been completed).,spell_tome_source,selected_fixed_location_source,Ritual site north of Southfringe Sanctum,Ritual site southeast of Helgen,Read during early Rising Dead activation after the level 5 Anonymous Letter courier trigger.,Y,exact_checklist,1,Y,Y,N,Y,N,Y,N,N,N,book_document_checklist_covered,placed_in_guide,complete,Rising Dead Early Activation,none,
book_document_checklist,CHK-SPELLS-0867,OBJ-000973,CHK-SPELLS-0867,Conjure Skeleton Warlock,Conjure Skeleton Warlock (AE),book_document,spell_tome_title,Spells,Main-route prototype block,main_route,ae_creation,spell_tome,1,College of Winterhold: Purchase from Phinis Gestor at the College of Winterhold. Source note: Can be purchased from: Phinis Gestor.,spell_tome_source,selected_vendor_source,College of Winterhold,College of Winterhold,Buy during the relevant College/service block if vendor-sourced; otherwise pair with parent quest/location.,Y,mapped_objective,1,Y,Y,N,Y,N,Y,N,N,N,book_document_checklist_covered,vendor_purchase_check_in_guide,complete_or_all_perks_vendor_return,Phinis Gestor,none,
book_document_checklist,CHK-SPELLS-0868,OBJ-000978,CHK-SPELLS-0868,Pride of Hirstaang,Pride of Hirstaang (AE),book_document,spell_tome_title,Spells,Main-route prototype block,main_route,ae_creation,spell_tome,2,Hob's Fall Cave: Can be found in Hob's Fall Cave during The Lost Library quest.,spell_tome_source,selected_vendor_source,College of Winterhold,College of Winterhold,Buy during the relevant College/service block if vendor-sourced; otherwise pair with parent quest/location.,Y,exact_checklist,1,Y,Y,N,Y,N,N,N,N,N,book_document_checklist_covered,placed_in_guide,complete,Bards College Lost Library And Instrument Roads,none,
book_document_checklist,CHK-SPELLS-0869,OBJ-000979,CHK-SPELLS-0869,Conjure Ancient Deathpriest,Conjure Ancient Deathpriest (AE),book_document,spell_tome_title,Spells,Main-route prototype block,main_route,ae_creation,spell_tome,1,College of Winterhold: Purchase from Phinis Gestor at the College of Winterhold. Source note: Can be purchased from: Phinis Gestor.,spell_tome_source,selected_vendor_source,College of Winterhold,College of Winterhold,Buy during the relevant College/service block if vendor-sourced; otherwise pair with parent quest/location.,Y,mapped_objective,1,Y,Y,N,Y,N,Y,N,N,N,book_document_checklist_covered,vendor_purchase_check_in_guide,complete_or_all_perks_vendor_return,Phinis Gestor,none,
book_document_checklist,CHK-SPELLS-0870,OBJ-000980,CHK-SPELLS-0870,Conjure Bone Colossus,Conjure Bone Colossus (AE),book_document,spell_tome_title,Spells,Main-route prototype block,main_route,ae_creation,spell_tome,1,College of Winterhold: Purchase from Phinis Gestor at the College of Winterhold. Source note: Can be purchased from: Phinis Gestor.,spell_tome_source,selected_vendor_source,College of Winterhold,College of Winterhold,Buy during the relevant College/service block if vendor-sourced; otherwise pair with parent quest/location.,Y,mapped_objective,1,Y,Y,N,Y,N,Y,N,N,N,book_document_checklist_covered,vendor_purchase_check_in_guide,complete_or_all_perks_vendor_return,Phinis Gestor,none,
book_document_checklist,CHK-SPELLS-0871,OBJ-000981,CHK-SPELLS-0871,Conjure Staada,Conjure Staada (AE),book_document,spell_tome_title,Spells,Main-route prototype block,main_route,ae_creation,spell_tome,1,Atronach Forge: Can be created at the Atronach Forge.,spell_tome_source,selected_fixed_or_scripted_source,Atronach Forge,Atronach Forge,Buy during the relevant College/service block if vendor-sourced; otherwise pair with parent quest/location.,Y,exact_checklist,1,Y,Y,N,Y,N,N,N,N,N,book_document_checklist_covered,placed_in_guide,complete,"Saints, Seducers, and Atronach Forge Tomes",none,
book_document_checklist,CHK-SPELLS-0872,OBJ-000986,CHK-SPELLS-0872,Choking Grasp,Choking Grasp (AE),book_document,spell_tome_title,Spells,Main-route prototype block,main_route,ae_creation,spell_tome,11,Hob's Fall Cave: Can be found in Hob's Fall Cave during The Lost Library quest.,spell_tome_source,selected_vendor_source,College of Winterhold,College of Winterhold,Buy during the relevant College/service block if vendor-sourced; otherwise pair with parent quest/location.,Y,exact_checklist,1,Y,Y,N,Y,N,N,N,N,N,book_document_checklist_covered,placed_in_guide,complete,Bards College Lost Library And Instrument Roads,none,
book_document_checklist,CHK-SPELLS-0873,OBJ-000987,CHK-SPELLS-0873,Elemental Flare,Elemental Flare (AE),book_document,spell_tome_title,Spells,Main-route prototype block,main_route,ae_creation,spell_tome,11,Hob's Fall Cave: Can be found in Hob's Fall Cave during The Lost Library quest.,spell_tome_source,selected_vendor_source,College of Winterhold,College of Winterhold,Buy during the relevant College/service block if vendor-sourced; otherwise pair with parent quest/location.,Y,exact_checklist,1,Y,Y,N,Y,N,N,N,N,N,book_document_checklist_covered,placed_in_guide,complete,Bards College Lost Library And Instrument Roads,none,
book_document_checklist,CHK-SPELLS-0874,OBJ-000991,CHK-SPELLS-0874,Elemental Bolt,Elemental Bolt (AE),book_document,spell_tome_title,Spells,Main-route prototype block,main_route,ae_creation,spell_tome,11,Hob's Fall Cave: Can be found in Hob's Fall Cave during The Lost Library quest.,spell_tome_source,selected_vendor_source,College of Winterhold,College of Winterhold,Buy during the relevant College/service block if vendor-sourced; otherwise pair with parent quest/location.,Y,exact_checklist,1,Y,Y,N,Y,N,N,N,N,N,book_document_checklist_covered,placed_in_guide,complete,Bards College Lost Library And Instrument Roads,none,
book_document_checklist,CHK-SPELLS-0875,OBJ-000998,CHK-SPELLS-0875,Strangulation,Strangulation (AE),book_document,spell_tome_title,Spells,Main-route prototype block,main_route,ae_creation,spell_tome,11,Hob's Fall Cave: Can be found in Hob's Fall Cave during The Lost Library quest.,spell_tome_source,selected_vendor_source,College of Winterhold,College of Winterhold,Buy during the relevant College/service block if vendor-sourced; otherwise pair with parent quest/location.,Y,exact_checklist,1,Y,Y,N,Y,N,N,N,N,N,book_document_checklist_covered,placed_in_guide,complete,Bards College Lost Library And Instrument Roads,none,
book_document_checklist,CHK-SPELLS-0876,OBJ-001000,CHK-SPELLS-0876,Elemental Burst,Elemental Burst (AE),book_document,spell_tome_title,Spells,Main-route prototype block,main_route,ae_creation,spell_tome,7,Hob's Fall Cave: Can be found in Hob's Fall Cave during The Lost Library quest.,spell_tome_source,selected_vendor_source,College of Winterhold,College of Winterhold,Buy during the relevant College/service block if vendor-sourced; otherwise pair with parent quest/location.,Y,exact_checklist,1,Y,Y,N,Y,N,N,N,N,N,book_document_checklist_covered,placed_in_guide,complete,Bards College Lost Library And Instrument Roads,none,
book_document_checklist,CHK-SPELLS-0877,OBJ-001004,CHK-SPELLS-0877,Hangman's Noose,Hangman's Noose (AE),book_document,spell_tome_title,Spells,Main-route prototype block,main_route,ae_creation,spell_tome,7,Hob's Fall Cave: Can be found in Hob's Fall Cave during The Lost Library quest.,spell_tome_source,selected_vendor_source,College of Winterhold,College of Winterhold,Buy during the relevant College/service block if vendor-sourced; otherwise pair with parent quest/location.,Y,exact_checklist,1,Y,Y,N,Y,N,N,N,N,N,book_document_checklist_covered,placed_in_guide,complete,Bards College Lost Library And Instrument Roads,none,
book_document_checklist,CHK-SPELLS-0878,OBJ-001008,CHK-SPELLS-0878,Elemental Blast,Elemental Blast (AE),book_document,spell_tome_title,Spells,Main-route prototype block,main_route,ae_creation,spell_tome,4,Hob's Fall Cave: Can be found in Hob's Fall Cave during The Lost Library quest.,spell_tome_source,selected_vendor_source,College of Winterhold,College of Winterhold,Buy during the relevant College/service block if vendor-sourced; otherwise pair with parent quest/location.,Y,exact_checklist,1,Y,Y,N,Y,N,N,N,N,N,book_document_checklist_covered,placed_in_guide,complete,Bards College Lost Library And Instrument Roads,none,
book_document_checklist,CHK-SPELLS-0879,OBJ-001011,CHK-SPELLS-0879,Mara's Wrath,Mara's Wrath (AE),book_document,spell_tome_title,Spells,Main-route prototype block,main_route,ae_creation,spell_tome,4,Hob's Fall Cave: Can be found in Hob's Fall Cave during The Lost Library quest.,spell_tome_source,selected_vendor_source,College of Winterhold,College of Winterhold,Buy during the relevant College/service block if vendor-sourced; otherwise pair with parent quest/location.,Y,exact_checklist,1,Y,Y,N,Y,N,N,N,N,N,book_document_checklist_covered,placed_in_guide,complete,Bards College Lost Library And Instrument Roads,none,
book_document_checklist,CHK-SPELLS-0880,OBJ-001013,CHK-SPELLS-0880,Touch of Death,Touch of Death (AE),book_document,spell_tome_title,Spells,Main-route prototype block,main_route,ae_creation,spell_tome,4,Hob's Fall Cave: Can be found in Hob's Fall Cave during The Lost Library quest.,spell_tome_source,selected_vendor_source,College of Winterhold,College of Winterhold,Buy during the relevant College/service block if vendor-sourced; otherwise pair with parent quest/location.,Y,exact_checklist,1,Y,Y,N,Y,N,N,N,N,N,book_document_checklist_covered,placed_in_guide,complete,Bards College Lost Library And Instrument Roads,none,
book_document_checklist,CHK-SPELLS-0881,OBJ-001014,CHK-SPELLS-0881,Unbounded Flames,Unbounded Flames (AE),book_document,spell_tome_title,Spells,Main-route prototype block,main_route,ae_creation,spell_tome,2,Hob's Fall Cave: Can be found in Hob's Fall Cave during The Lost Library quest.,spell_tome_source,selected_vendor_source,College of Winterhold,College of Winterhold,Buy during the relevant College/service block if vendor-sourced; otherwise pair with parent quest/location.,Y,exact_checklist,1,Y,Y,N,Y,N,Y,N,N,N,book_document_checklist_covered,placed_in_guide,complete,Bards College Lost Library And Instrument Roads,none,
book_document_checklist,CHK-SPELLS-0882,OBJ-001015,CHK-SPELLS-0882,Unbounded Freezing,Unbounded Freezing (AE),book_document,spell_tome_title,Spells,Main-route prototype block,main_route,ae_creation,spell_tome,2,Hob's Fall Cave: Can be found in Hob's Fall Cave during The Lost Library quest.,spell_tome_source,selected_vendor_source,College of Winterhold,College of Winterhold,Buy during the relevant College/service block if vendor-sourced; otherwise pair with parent quest/location.,Y,exact_checklist,1,Y,Y,N,Y,N,Y,N,N,N,book_document_checklist_covered,placed_in_guide,complete,Bards College Lost Library And Instrument Roads,none,
book_document_checklist,CHK-SPELLS-0883,OBJ-001016,CHK-SPELLS-0883,Unbounded Storms,Unbounded Storms (AE),book_document,spell_tome_title,Spells,Main-route prototype block,main_route,ae_creation,spell_tome,2,Hob's Fall Cave: Can be found in Hob's Fall Cave during The Lost Library quest.,spell_tome_source,selected_vendor_source,College of Winterhold,College of Winterhold,Buy during the relevant College/service block if vendor-sourced; otherwise pair with parent quest/location.,Y,exact_checklist,1,Y,Y,N,Y,N,Y,N,N,N,book_document_checklist_covered,placed_in_guide,complete,Bards College Lost Library And Instrument Roads,none,
book_document_checklist,CHK-SPELLS-0884,OBJ-001031,CHK-SPELLS-0884,Orum's Aquatic Escape,Orum's Aquatic Escape (AE),book_document,spell_tome_title,Spells,Main-route prototype block,main_route,ae_creation,spell_tome,3,Hob's Fall Cave: Can be found in Hob's Fall Cave during The Lost Library quest.,spell_tome_source,selected_vendor_source,College of Winterhold,College of Winterhold,Buy during the relevant College/service block if vendor-sourced; otherwise pair with parent quest/location.,Y,exact_checklist,1,Y,Y,N,Y,N,N,N,N,N,book_document_checklist_covered,placed_in_guide,complete,Bards College Lost Library And Instrument Roads,none,
book_document_checklist,CHK-SPELLS-0885,OBJ-001033,CHK-SPELLS-0885,Fenrik's Welcome,Fenrik's Welcome (AE),book_document,spell_tome_title,Spells,Main-route prototype block,main_route,ae_creation,spell_tome,2,Hob's Fall Cave: Can be found in Hob's Fall Cave during The Lost Library quest.,spell_tome_source,selected_vendor_source,College of Winterhold,College of Winterhold,Buy during the relevant College/service block if vendor-sourced; otherwise pair with parent quest/location.,Y,exact_checklist,1,Y,Y,N,Y,N,N,N,N,N,book_document_checklist_covered,placed_in_guide,complete,Bards College Lost Library And Instrument Roads,none,
book_document_checklist,CHK-DRAGON-SHOUTS-0886,OBJ-000761,CHK-DRAGON-SHOUTS-0886,Animal Allegiance: Raan,Animal Allegiance: Raan,spell_power,dragon_shout,Dragon Shouts,Main-route prototype block,main_route,base_game,,0,,,,,,,Y,mapped_objective,2,N,Y,N,Y,N,N,N,N,N,book_document_checklist_covered,advanced_in_guide | word_learned_now,in_progress,"Companions Finale, Totems, And Beast-Blood Preservation | Riften Thaneship Frost And Rift Roads",none,
book_document_checklist,CHK-DRAGON-SHOUTS-0887,OBJ-000761,CHK-DRAGON-SHOUTS-0887,Animal Allegiance: Mir,Animal Allegiance: Mir,spell_power,dragon_shout,Dragon Shouts,Main-route prototype block,main_route,base_game,,0,,,,,,,Y,exact_checklist,1,N,Y,N,N,N,N,N,N,N,book_document_checklist_covered,word_learned_now,complete,Riften Thaneship Frost And Rift Roads,none,
book_document_checklist,CHK-DRAGON-SHOUTS-0888,OBJ-000761,CHK-DRAGON-SHOUTS-0888,Animal Allegiance: Tah,Animal Allegiance: Tah,spell_power,dragon_shout,Dragon Shouts,Main-route prototype block,main_route,base_game,,0,,,,,,,Y,exact_checklist,1,Y,Y,N,N,N,N,N,N,N,book_document_checklist_covered,placed_in_guide,complete,"Companions Finale, Totems, And Beast-Blood Preservation",none,
book_document_checklist,CHK-DRAGON-SHOUTS-0889,OBJ-000762,CHK-DRAGON-SHOUTS-0889,Aura Whisper: Laas,Aura Whisper: Laas,spell_power,dragon_shout,Dragon Shouts,Main-route prototype block,main_route,base_game,,0,,,,,,,Y,exact_checklist,1,N,Y,N,N,N,N,N,N,N,book_document_checklist_covered,word_learned_now,complete,Riften Thaneship Frost And Rift Roads,none,
book_document_checklist,CHK-DRAGON-SHOUTS-0890,OBJ-000762,CHK-DRAGON-SHOUTS-0890,Aura Whisper: Yah,Aura Whisper: Yah,spell_power,dragon_shout,Dragon Shouts,Main-route prototype block,main_route,base_game,,0,,,,,,,Y,mapped_objective,2,N,Y,N,N,N,N,N,N,N,book_document_checklist_covered,word_learned_now,in_progress,"Riften Thaneship Frost And Rift Roads | Whispers, Solitude Jobs, And The Wedding Assassination",none,
book_document_checklist,CHK-DRAGON-SHOUTS-0891,OBJ-000762,CHK-DRAGON-SHOUTS-0891,Aura Whisper: Nir,Aura Whisper: Nir,spell_power,dragon_shout,Dragon Shouts,Main-route prototype block,main_route,base_game,,0,,,,,,,Y,exact_checklist,1,Y,Y,N,N,N,N,N,N,N,book_document_checklist_covered,placed_in_guide,complete,"Whispers, Solitude Jobs, And The Wedding Assassination",none,
book_document_checklist,CHK-DRAGON-SHOUTS-0892,OBJ-000764,CHK-DRAGON-SHOUTS-0892,Become Ethereal: Feim,Become Ethereal: Feim,spell_power,dragon_shout,Dragon Shouts,Main-route prototype block,main_route,base_game,,0,,,,,,,Y,mapped_objective,1,N,Y,N,Y,N,N,N,N,N,book_document_checklist_covered,progressed_in_guide,partial,Main Quest Staging Before Sky Haven,none,
book_document_checklist,CHK-DRAGON-SHOUTS-0893,OBJ-000764,CHK-DRAGON-SHOUTS-0893,Become Ethereal: Zii,Become Ethereal: Zii,spell_power,dragon_shout,Dragon Shouts,Main-route prototype block,main_route,base_game,,0,,,,,,,Y,mapped_objective,1,N,Y,N,Y,N,N,N,N,N,book_document_checklist_covered,progressed_in_guide,partial,Main Quest Staging Before Sky Haven,none,
book_document_checklist,CHK-DRAGON-SHOUTS-0894,OBJ-000764,CHK-DRAGON-SHOUTS-0894,Become Ethereal: Gron,Become Ethereal: Gron,spell_power,dragon_shout,Dragon Shouts,Main-route prototype block,main_route,base_game,,0,,,,,,,Y,exact_checklist,1,Y,Y,N,N,N,N,N,N,N,book_document_checklist_covered,placed_in_guide,complete,Main Quest Staging Before Sky Haven,none,
book_document_checklist,CHK-DRAGON-SHOUTS-0895,OBJ-000766,CHK-DRAGON-SHOUTS-0895,Call Dragon: Od,Call Dragon: Od,spell_power,dragon_shout,Dragon Shouts,Main-route prototype block,main_route,base_game,,0,,,,,,,Y,exact_checklist,1,Y,Y,N,N,N,N,N,N,N,book_document_checklist_covered,placed_in_guide,complete,Blades Research Blackreach And The Fallen,none,
book_document_checklist,CHK-DRAGON-SHOUTS-0896,OBJ-000766,CHK-DRAGON-SHOUTS-0896,Call Dragon: Ah,Call Dragon: Ah,spell_power,dragon_shout,Dragon Shouts,Main-route prototype block,main_route,base_game,,0,,,,,,,Y,exact_checklist,1,Y,Y,N,N,N,N,N,N,N,book_document_checklist_covered,placed_in_guide,complete,Blades Research Blackreach And The Fallen,none,
book_document_checklist,CHK-DRAGON-SHOUTS-0897,OBJ-000766,CHK-DRAGON-SHOUTS-0897,Call Dragon: Viing,Call Dragon: Viing,spell_power,dragon_shout,Dragon Shouts,Main-route prototype block,main_route,base_game,,0,,,,,,,Y,exact_checklist,1,Y,Y,N,N,N,N,N,N,N,book_document_checklist_covered,placed_in_guide,complete,Blades Research Blackreach And The Fallen,none,
book_document_checklist,CHK-DRAGON-SHOUTS-0898,OBJ-000767,CHK-DRAGON-SHOUTS-0898,Call of Valor: Hun,Call of Valor: Hun,spell_power,dragon_shout,Dragon Shouts,Main-route prototype block,main_route,base_game,,0,,,,,,,Y,exact_checklist,1,Y,Y,N,N,N,N,N,N,N,book_document_checklist_covered,placed_in_guide,complete,World-Eater's Eyrie and Dragonslayer,none,
book_document_checklist,CHK-DRAGON-SHOUTS-0899,OBJ-000767,CHK-DRAGON-SHOUTS-0899,Call of Valor: Kaal,Call of Valor: Kaal,spell_power,dragon_shout,Dragon Shouts,Main-route prototype block,main_route,base_game,,0,,,,,,,Y,exact_checklist,1,Y,Y,N,N,N,N,N,N,N,book_document_checklist_covered,placed_in_guide,complete,World-Eater's Eyrie and Dragonslayer,none,
book_document_checklist,CHK-DRAGON-SHOUTS-0900,OBJ-000767,CHK-DRAGON-SHOUTS-0900,Call of Valor: Zoor,Call of Valor: Zoor,spell_power,dragon_shout,Dragon Shouts,Main-route prototype block,main_route,base_game,,0,,,,,,,Y,exact_checklist,1,Y,Y,N,N,N,N,N,N,N,book_document_checklist_covered,placed_in_guide,complete,World-Eater's Eyrie and Dragonslayer,none,
book_document_checklist,CHK-DRAGON-SHOUTS-0901,OBJ-000768,CHK-DRAGON-SHOUTS-0901,Clear Skies: Lok,Clear Skies: Lok,spell_power,dragon_shout,Dragon Shouts,Main-route prototype block,main_route,base_game,,0,,,,,,,Y,exact_checklist,1,Y,Y,N,N,N,N,N,N,N,book_document_checklist_covered,placed_in_guide,complete,Blades Research Blackreach And The Fallen,none,
book_document_checklist,CHK-DRAGON-SHOUTS-0902,OBJ-000768,CHK-DRAGON-SHOUTS-0902,Clear Skies: Vah,Clear Skies: Vah,spell_power,dragon_shout,Dragon Shouts,Main-route prototype block,main_route,base_game,,0,,,,,,,Y,exact_checklist,1,Y,Y,N,N,N,N,N,N,N,book_document_checklist_covered,placed_in_guide,complete,Blades Research Blackreach And The Fallen,none,
book_document_checklist,CHK-DRAGON-SHOUTS-0903,OBJ-000768,CHK-DRAGON-SHOUTS-0903,Clear Skies: Koor,Clear Skies: Koor,spell_power,dragon_shout,Dragon Shouts,Main-route prototype block,main_route,base_game,,0,,,,,,,Y,exact_checklist,1,Y,Y,N,N,N,N,N,N,N,book_document_checklist_covered,placed_in_guide,complete,Blades Research Blackreach And The Fallen,none,
book_document_checklist,CHK-DRAGON-SHOUTS-0904,OBJ-000770,CHK-DRAGON-SHOUTS-0904,Disarm: Zun,Disarm: Zun,spell_power,dragon_shout,Dragon Shouts,Main-route prototype block,main_route,base_game,,0,,,,,,,Y,mapped_objective,1,N,Y,N,N,N,N,N,N,N,book_document_checklist_covered,word_learned_now,in_progress,Goldenglow Honningbrew Solitude And Snow Veil,none,
book_document_checklist,CHK-DRAGON-SHOUTS-0905,OBJ-000770,CHK-DRAGON-SHOUTS-0905,Disarm: Haal,Disarm: Haal,spell_power,dragon_shout,Dragon Shouts,Main-route prototype block,main_route,base_game,,0,,,,,,,Y,mapped_objective,1,N,Y,N,N,N,N,N,N,N,book_document_checklist_covered,word_learned_now,in_progress,Goldenglow Honningbrew Solitude And Snow Veil,none,
book_document_checklist,CHK-DRAGON-SHOUTS-0906,OBJ-000770,CHK-DRAGON-SHOUTS-0906,Disarm: Viik,Disarm: Viik,spell_power,dragon_shout,Dragon Shouts,Main-route prototype block,main_route,base_game,,0,,,,,,,Y,exact_checklist,1,N,Y,N,N,N,N,N,N,N,book_document_checklist_covered,word_learned_now,complete,Goldenglow Honningbrew Solitude And Snow Veil,none,
book_document_checklist,CHK-DRAGON-SHOUTS-0907,OBJ-000771,CHK-DRAGON-SHOUTS-0907,Dismay: Faas,Dismay: Faas,spell_power,dragon_shout,Dragon Shouts,Main-route prototype block,main_route,base_game,,0,,,,,,,Y,mapped_objective,2,N,Y,N,N,N,N,N,N,N,book_document_checklist_covered,word_learned_now,in_progress,Labyrinthian And The Eye Of Magnus | Riften Thaneship Frost And Rift Roads,none,
book_document_checklist,CHK-DRAGON-SHOUTS-0908,OBJ-000771,CHK-DRAGON-SHOUTS-0908,Dismay: Ru,Dismay: Ru,spell_power,dragon_shout,Dragon Shouts,Main-route prototype block,main_route,base_game,,0,,,,,,,Y,exact_checklist,1,N,Y,N,N,N,N,N,N,N,book_document_checklist_covered,word_learned_now,complete,Riften Thaneship Frost And Rift Roads,none,
book_document_checklist,CHK-DRAGON-SHOUTS-0909,OBJ-000771,CHK-DRAGON-SHOUTS-0909,Dismay: Maar,Dismay: Maar,spell_power,dragon_shout,Dragon Shouts,Main-route prototype block,main_route,base_game,,0,,,,,,,Y,exact_checklist,1,Y,Y,N,N,N,N,N,N,N,book_document_checklist_covered,placed_in_guide,complete,Labyrinthian And The Eye Of Magnus,none,
book_document_checklist,CHK-DRAGON-SHOUTS-0910,OBJ-000773,CHK-DRAGON-SHOUTS-0910,Dragonrend: Joor,Dragonrend: Joor,spell_power,dragon_shout,Dragon Shouts,Main-route prototype block,main_route,base_game,,0,,,,,,,Y,exact_checklist,1,Y,Y,N,N,N,N,N,N,N,book_document_checklist_covered,placed_in_guide,complete,Blades Research Blackreach And The Fallen,none,
book_document_checklist,CHK-DRAGON-SHOUTS-0911,OBJ-000773,CHK-DRAGON-SHOUTS-0911,Dragonrend: Zah,Dragonrend: Zah,spell_power,dragon_shout,Dragon Shouts,Main-route prototype block,main_route,base_game,,0,,,,,,,Y,exact_checklist,1,Y,Y,N,N,N,N,N,N,N,book_document_checklist_covered,placed_in_guide,complete,Blades Research Blackreach And The Fallen,none,
book_document_checklist,CHK-DRAGON-SHOUTS-0912,OBJ-000773,CHK-DRAGON-SHOUTS-0912,Dragonrend: Frul,Dragonrend: Frul,spell_power,dragon_shout,Dragon Shouts,Main-route prototype block,main_route,base_game,,0,,,,,,,Y,exact_checklist,1,Y,Y,N,N,N,N,N,N,N,book_document_checklist_covered,placed_in_guide,complete,Blades Research Blackreach And The Fallen,none,
book_document_checklist,CHK-DRAGON-SHOUTS-0913,OBJ-000775,CHK-DRAGON-SHOUTS-0913,Elemental Fury: Su,Elemental Fury: Su,spell_power,dragon_shout,Dragon Shouts,Main-route prototype block,main_route,base_game,,0,,,,,,,Y,mapped_objective,1,N,Y,N,N,Y,N,N,N,N,book_document_checklist_covered,duplicate_covered_by_existing_route,complete_for_word,Retrospective redistributed regional sections; no player-facing Location Counter Sweep dump,none,
book_document_checklist,CHK-DRAGON-SHOUTS-0914,OBJ-000775,CHK-DRAGON-SHOUTS-0914,Elemental Fury: Grah,Elemental Fury: Grah,spell_power,dragon_shout,Dragon Shouts,Main-route prototype block,main_route,base_game,,0,,,,,,,Y,mapped_objective,1,N,Y,N,N,Y,N,N,N,N,book_document_checklist_covered,duplicate_covered_by_existing_route,complete_for_word,Retrospective redistributed regional sections; no player-facing Location Counter Sweep dump,none,
book_document_checklist,CHK-DRAGON-SHOUTS-0915,OBJ-000775,CHK-DRAGON-SHOUTS-0915,Elemental Fury: Dun,Elemental Fury: Dun,spell_power,dragon_shout,Dragon Shouts,Main-route prototype block,main_route,base_game,,0,,,,,,,Y,mapped_objective,1,N,Y,N,N,Y,N,N,N,N,book_document_checklist_covered,duplicate_covered_by_existing_route,complete_for_word,Retrospective redistributed regional sections; no player-facing Location Counter Sweep dump,none,
book_document_checklist,CHK-DRAGON-SHOUTS-0916,OBJ-000776,CHK-DRAGON-SHOUTS-0916,Fire Breath: Yol,Fire Breath: Yol,spell_power,dragon_shout,Dragon Shouts,Main-route prototype block,main_route,base_game,,0,,,,,,,Y,exact_checklist,1,N,Y,N,N,N,N,N,N,N,book_document_checklist_covered,completed_now,complete,Companions Entry,none,
book_document_checklist,CHK-DRAGON-SHOUTS-0917,OBJ-000776,CHK-DRAGON-SHOUTS-0917,Fire Breath: Toor,Fire Breath: Toor,spell_power,dragon_shout,Dragon Shouts,Main-route prototype block,main_route,base_game,,0,,,,,,,Y,mapped_objective,2,N,Y,N,N,N,N,N,N,N,book_document_checklist_covered,first_word_learned | progressed_in_guide,in_progress,Blades Research Blackreach And The Fallen | Companions Entry,none,
book_document_checklist,CHK-DRAGON-SHOUTS-0918,OBJ-000776,CHK-DRAGON-SHOUTS-0918,Fire Breath: Shul,Fire Breath: Shul,spell_power,dragon_shout,Dragon Shouts,Main-route prototype block,main_route,base_game,,0,,,,,,,Y,exact_checklist,1,Y,Y,N,N,N,N,N,N,N,book_document_checklist_covered,placed_in_guide,complete,Blades Research Blackreach And The Fallen,none,
book_document_checklist,CHK-DRAGON-SHOUTS-0919,OBJ-000777,CHK-DRAGON-SHOUTS-0919,Frost Breath: Fo,Frost Breath: Fo,spell_power,dragon_shout,Dragon Shouts,Main-route prototype block,main_route,base_game,,0,,,,,,,Y,mapped_objective,1,N,Y,N,N,N,N,N,N,N,book_document_checklist_covered,partial_word_complete,partial_word_complete,Potema Shield Of Solitude And Bone Wolf,none,
book_document_checklist,CHK-DRAGON-SHOUTS-0920,OBJ-000777,CHK-DRAGON-SHOUTS-0920,Frost Breath: Krah,Frost Breath: Krah,spell_power,dragon_shout,Dragon Shouts,Main-route prototype block,main_route,base_game,,0,,,,,,,Y,exact_checklist,1,Y,Y,N,N,N,N,N,N,N,book_document_checklist_covered,retrospectively_moved_earlier,complete,Potema Shield Of Solitude And Bone Wolf,none,
book_document_checklist,CHK-DRAGON-SHOUTS-0921,OBJ-000777,CHK-DRAGON-SHOUTS-0921,Frost Breath: Diin,Frost Breath: Diin,spell_power,dragon_shout,Dragon Shouts,Main-route prototype block,main_route,base_game,,0,,,,,,,Y,mapped_objective,1,N,Y,N,N,N,N,N,N,N,book_document_checklist_covered,partial_word_complete,partial_word_complete,Potema Shield Of Solitude And Bone Wolf,none,
book_document_checklist,CHK-DRAGON-SHOUTS-0922,OBJ-000778,CHK-DRAGON-SHOUTS-0922,Ice Form: Iiz,Ice Form: Iiz,spell_power,dragon_shout,Dragon Shouts,Main-route prototype block,main_route,base_game,,0,,,,,,,Y,exact_checklist,1,Y,Y,N,N,N,N,N,N,N,book_document_checklist_covered,placed_in_guide,complete,"Dawnstar, Pale Blade, And Heljarchen",none,
book_document_checklist,CHK-DRAGON-SHOUTS-0923,OBJ-000778,CHK-DRAGON-SHOUTS-0923,Ice Form: Slen,Ice Form: Slen,spell_power,dragon_shout,Dragon Shouts,Main-route prototype block,main_route,base_game,,0,,,,,,,Y,mapped_objective,2,N,Y,N,N,N,N,N,N,N,book_document_checklist_covered,placed_in_guide,partial_shout_complete | partial_word_2_of_3,"Dawnstar, Pale Blade, And Heljarchen | Winterhold, College Entry, And Saarthal",none,
book_document_checklist,CHK-DRAGON-SHOUTS-0924,OBJ-000778,CHK-DRAGON-SHOUTS-0924,Ice Form: Nus,Ice Form: Nus,spell_power,dragon_shout,Dragon Shouts,Main-route prototype block,main_route,base_game,,0,,,,,,,Y,exact_checklist,1,Y,Y,N,N,N,N,N,N,N,book_document_checklist_covered,placed_in_guide,complete,"Winterhold, College Entry, And Saarthal",none,
book_document_checklist,CHK-DRAGON-SHOUTS-0925,OBJ-000779,CHK-DRAGON-SHOUTS-0925,Kyne's Peace: Kaan,Kyne's Peace: Kaan,spell_power,dragon_shout,Dragon Shouts,Main-route prototype block,main_route,base_game,,0,,,,,,,Y,mapped_objective,2,N,Y,N,Y,N,N,N,N,N,book_document_checklist_covered,redistributed_or_gated | word_learned_now,complete_for_remaining_word | in_progress_shout_words,Retrospective redistributed regional sections; no player-facing Location Counter Sweep dump | Southern Warm Corridor,none,
book_document_checklist,CHK-DRAGON-SHOUTS-0926,OBJ-000779,CHK-DRAGON-SHOUTS-0926,Kyne's Peace: Drem,Kyne's Peace: Drem,spell_power,dragon_shout,Dragon Shouts,Main-route prototype block,main_route,base_game,,0,,,,,,,Y,mapped_objective,2,N,Y,N,Y,N,N,N,N,N,book_document_checklist_covered,redistributed_or_gated | word_learned_now,complete_for_remaining_word | in_progress_shout_words,Retrospective redistributed regional sections; no player-facing Location Counter Sweep dump | Southern Warm Corridor,none,
book_document_checklist,CHK-DRAGON-SHOUTS-0927,OBJ-000779,CHK-DRAGON-SHOUTS-0927,Kyne's Peace: Ov,Kyne's Peace: Ov,spell_power,dragon_shout,Dragon Shouts,Main-route prototype block,main_route,base_game,,0,,,,,,,Y,exact_checklist,1,N,Y,N,N,N,N,N,N,N,book_document_checklist_covered,word_learned_now,complete_for_this_word,Southern Warm Corridor,none,
book_document_checklist,CHK-DRAGON-SHOUTS-0928,OBJ-000780,CHK-DRAGON-SHOUTS-0928,Marked for Death: Krii,Marked for Death: Krii,spell_power,dragon_shout,Dragon Shouts,Main-route prototype block,main_route,base_game,,0,,,,,,,Y,mapped_objective,2,N,Y,N,N,N,N,N,N,N,book_document_checklist_covered,advanced_in_guide | placed_in_guide,one_word_learned | partial_word_complete,Cicero Aventus And The Sanctuary Door | Windhelm Murder Investigation And White Phial,none,
book_document_checklist,CHK-DRAGON-SHOUTS-0929,OBJ-000780,CHK-DRAGON-SHOUTS-0929,Marked for Death: Lun,Marked for Death: Lun,spell_power,dragon_shout,Dragon Shouts,Main-route prototype block,main_route,base_game,,0,,,,,,,Y,exact_checklist,1,Y,Y,N,N,N,N,N,N,N,book_document_checklist_covered,placed_in_guide,complete,Cicero Aventus And The Sanctuary Door,none,
book_document_checklist,CHK-DRAGON-SHOUTS-0930,OBJ-000780,CHK-DRAGON-SHOUTS-0930,Marked for Death: Aus,Marked for Death: Aus,spell_power,dragon_shout,Dragon Shouts,Main-route prototype block,main_route,base_game,,0,,,,,,,Y,exact_checklist,1,Y,Y,N,N,N,N,N,N,N,book_document_checklist_covered,placed_in_guide,complete_for_word,Windhelm Murder Investigation And White Phial,none,
book_document_checklist,CHK-DRAGON-SHOUTS-0931,OBJ-000781,CHK-DRAGON-SHOUTS-0931,Slow Time: Tiid,Slow Time: Tiid,spell_power,dragon_shout,Dragon Shouts,Main-route prototype block,main_route,base_game,,0,,,,,,,Y,exact_checklist,1,Y,Y,N,N,N,N,N,N,N,book_document_checklist_covered,placed_in_guide,complete,"Security, Shadowmere, And The Brotherhood Endgame",none,
book_document_checklist,CHK-DRAGON-SHOUTS-0932,OBJ-000781,CHK-DRAGON-SHOUTS-0932,Slow Time: Klo,Slow Time: Klo,spell_power,dragon_shout,Dragon Shouts,Main-route prototype block,main_route,base_game,,0,,,,,,,Y,exact_checklist,2,Y,Y,N,Y,N,N,N,N,N,book_document_checklist_covered,not_routed_here | placed_in_guide,complete | staged_for_korvanjund,"Imperial Civil War | Security, Shadowmere, And The Brotherhood Endgame",none,
book_document_checklist,CHK-DRAGON-SHOUTS-0933,OBJ-000781,CHK-DRAGON-SHOUTS-0933,Slow Time: Ul,Slow Time: Ul,spell_power,dragon_shout,Dragon Shouts,Main-route prototype block,main_route,base_game,,0,,,,,,,Y,exact_checklist,2,Y,Y,N,Y,N,N,N,N,N,book_document_checklist_covered,not_routed_here | placed_in_guide,complete | staged_for_labyrinthian,"Labyrinthian And The Eye Of Magnus | Security, Shadowmere, And The Brotherhood Endgame",none,
book_document_checklist,CHK-DRAGON-SHOUTS-0934,OBJ-000783,CHK-DRAGON-SHOUTS-0934,Storm Call: Strun,Storm Call: Strun,spell_power,dragon_shout,Dragon Shouts,Main-route prototype block,main_route,base_game,,0,,,,,,,Y,exact_checklist,1,N,N,N,Y,N,N,N,N,N,book_document_checklist_covered,redistributed_or_gated,redistributed_or_staged_by_route_gate,Retrospective redistributed regional sections; no player-facing Location Counter Sweep dump,none,
book_document_checklist,CHK-DRAGON-SHOUTS-0935,OBJ-000783,CHK-DRAGON-SHOUTS-0935,Storm Call: Bah,Storm Call: Bah,spell_power,dragon_shout,Dragon Shouts,Main-route prototype block,main_route,base_game,,0,,,,,,,Y,exact_checklist,1,Y,Y,N,N,N,N,N,N,N,book_document_checklist_covered,placed_in_guide,complete,"Dawnstar, Pale Blade, And Heljarchen",none,
book_document_checklist,CHK-DRAGON-SHOUTS-0936,OBJ-000783,CHK-DRAGON-SHOUTS-0936,Storm Call: Qo,Storm Call: Qo,spell_power,dragon_shout,Dragon Shouts,Main-route prototype block,main_route,base_game,,0,,,,,,,Y,exact_checklist,1,Y,Y,N,N,N,N,N,N,N,book_document_checklist_covered,placed_in_guide,complete,World-Eater's Eyrie and Dragonslayer,none,
book_document_checklist,CHK-DRAGON-SHOUTS-0937,OBJ-000785,CHK-DRAGON-SHOUTS-0937,Throw Voice: Zul,Throw Voice: Zul,spell_power,dragon_shout,Dragon Shouts,Main-route prototype block,main_route,base_game,,0,,,,,,,Y,mapped_objective,1,N,Y,N,N,Y,N,N,N,N,book_document_checklist_covered,duplicate_covered_by_existing_route,complete,Retrospective redistributed regional sections; no player-facing Location Counter Sweep dump,none,
book_document_checklist,CHK-DRAGON-SHOUTS-0938,OBJ-000785,CHK-DRAGON-SHOUTS-0938,Throw Voice: Mey,Throw Voice: Mey,spell_power,dragon_shout,Dragon Shouts,Main-route prototype block,main_route,base_game,,0,,,,,,,Y,mapped_objective,1,N,Y,N,N,Y,N,N,N,N,book_document_checklist_covered,duplicate_covered_by_existing_route,complete,Retrospective redistributed regional sections; no player-facing Location Counter Sweep dump,none,
book_document_checklist,CHK-DRAGON-SHOUTS-0939,OBJ-000785,CHK-DRAGON-SHOUTS-0939,Throw Voice: Gut,Throw Voice: Gut,spell_power,dragon_shout,Dragon Shouts,Main-route prototype block,main_route,base_game,,0,,,,,,,Y,mapped_objective,1,N,Y,N,N,Y,N,N,N,N,book_document_checklist_covered,duplicate_covered_by_existing_route,complete,Retrospective redistributed regional sections; no player-facing Location Counter Sweep dump,none,
book_document_checklist,CHK-DRAGON-SHOUTS-0940,OBJ-000786,CHK-DRAGON-SHOUTS-0940,Unrelenting Force: Fus,Unrelenting Force: Fus,spell_power,dragon_shout,Dragon Shouts,Main-route prototype block,main_route,base_game,,0,,,,,,,Y,mapped_objective,3,N,Y,N,Y,N,N,N,N,N,book_document_checklist_covered,first_word_learned_and_unlocked | placed_in_guide | progressed_and_completed,complete | partial_shout_completion,Bleak Falls Barrow And First Dragon | Main Quest Staging Before Sky Haven,none,
book_document_checklist,CHK-DRAGON-SHOUTS-0941,OBJ-000786,CHK-DRAGON-SHOUTS-0941,Unrelenting Force: Ro,Unrelenting Force: Ro,spell_power,dragon_shout,Dragon Shouts,Main-route prototype block,main_route,base_game,,0,,,,,,,Y,exact_checklist,1,Y,Y,N,N,N,N,N,N,N,book_document_checklist_covered,placed_in_guide,complete,Main Quest Staging Before Sky Haven,none,
book_document_checklist,CHK-DRAGON-SHOUTS-0942,OBJ-000786,CHK-DRAGON-SHOUTS-0942,Unrelenting Force: Dah,Unrelenting Force: Dah,spell_power,dragon_shout,Dragon Shouts,Main-route prototype block,main_route,base_game,,0,,,,,,,Y,exact_checklist,1,Y,Y,N,N,N,N,N,N,N,book_document_checklist_covered,placed_in_guide,complete,Main Quest Staging Before Sky Haven,none,
book_document_checklist,CHK-DRAGON-SHOUTS-0943,OBJ-000787,CHK-DRAGON-SHOUTS-0943,Whirlwind Sprint: Wuld,Whirlwind Sprint: Wuld,spell_power,dragon_shout,Dragon Shouts,Main-route prototype block,main_route,base_game,,0,,,,,,,Y,exact_checklist,1,Y,Y,N,N,N,N,N,N,N,book_document_checklist_covered,placed_in_guide,complete,Bards College Lost Library And Instrument Roads,none,
book_document_checklist,CHK-DRAGON-SHOUTS-0944,OBJ-000787,CHK-DRAGON-SHOUTS-0944,Whirlwind Sprint: Nah,Whirlwind Sprint: Nah,spell_power,dragon_shout,Dragon Shouts,Main-route prototype block,main_route,base_game,,0,,,,,,,Y,exact_checklist,1,Y,Y,N,N,N,N,N,N,N,book_document_checklist_covered,placed_in_guide,complete,Main Quest Staging Before Sky Haven,none,
book_document_checklist,CHK-DRAGON-SHOUTS-0945,OBJ-000787,CHK-DRAGON-SHOUTS-0945,Whirlwind Sprint: Kest,Whirlwind Sprint: Kest,spell_power,dragon_shout,Dragon Shouts,Main-route prototype block,main_route,base_game,,0,,,,,,,Y,exact_checklist,1,Y,Y,N,N,N,N,N,N,N,book_document_checklist_covered,placed_in_guide,complete,Haafingar Caves Volskygge And Night Hunter,none,
book_document_checklist,CHK-DRAGON-SHOUTS-0946,OBJ-000774,CHK-DRAGON-SHOUTS-0946,Drain Vitality (Dawnguard): Gaan,Drain Vitality (Dawnguard): Gaan,spell_power,dragon_shout,Dragon Shouts,Main-route prototype block,main_route,dawnguard,,0,,,,,,,Y,exact_checklist,1,Y,Y,N,N,N,N,N,N,Y,book_document_checklist_covered,placed_in_guide,complete,Dawnguard Fork And Volkihar Branch,none,
book_document_checklist,CHK-DRAGON-SHOUTS-0947,OBJ-000774,CHK-DRAGON-SHOUTS-0947,Drain Vitality (Dawnguard): Lah,Drain Vitality (Dawnguard): Lah,spell_power,dragon_shout,Dragon Shouts,Main-route prototype block,main_route,dawnguard,,0,,,,,,,Y,exact_checklist,1,Y,Y,N,N,N,N,N,N,N,book_document_checklist_covered,placed_in_guide,complete,Dawnguard Worldspaces,none,
book_document_checklist,CHK-DRAGON-SHOUTS-0948,OBJ-000774,CHK-DRAGON-SHOUTS-0948,Drain Vitality (Dawnguard): Haas,Drain Vitality (Dawnguard): Haas,spell_power,dragon_shout,Dragon Shouts,Main-route prototype block,main_route,dawnguard,,0,,,,,,,Y,exact_checklist,1,Y,Y,N,N,N,N,N,N,N,book_document_checklist_covered,placed_in_guide,complete,High-Risk AE Routes and Separate Worldspaces,none,
book_document_checklist,CHK-DRAGON-SHOUTS-0949,OBJ-000782,CHK-DRAGON-SHOUTS-0949,Soul Tear (Dawnguard): Rii,Soul Tear (Dawnguard): Rii,spell_power,dragon_shout,Dragon Shouts,Main-route prototype block,main_route,dawnguard,,0,,,,,,,Y,exact_checklist,1,Y,Y,N,N,N,N,N,N,N,book_document_checklist_covered,placed_in_guide,complete,Dawnguard Worldspaces,none,
book_document_checklist,CHK-DRAGON-SHOUTS-0950,OBJ-000782,CHK-DRAGON-SHOUTS-0950,Soul Tear (Dawnguard): Vaaz,Soul Tear (Dawnguard): Vaaz,spell_power,dragon_shout,Dragon Shouts,Main-route prototype block,main_route,dawnguard,,0,,,,,,,Y,exact_checklist,1,Y,Y,N,N,N,N,N,N,N,book_document_checklist_covered,placed_in_guide,complete,Dawnguard Worldspaces,none,
book_document_checklist,CHK-DRAGON-SHOUTS-0951,OBJ-000782,CHK-DRAGON-SHOUTS-0951,Soul Tear (Dawnguard): Zol,Soul Tear (Dawnguard): Zol,spell_power,dragon_shout,Dragon Shouts,Main-route prototype block,main_route,dawnguard,,0,,,,,,,Y,exact_checklist,1,Y,Y,N,N,N,N,N,N,N,book_document_checklist_covered,placed_in_guide,complete,Dawnguard Worldspaces,none,
book_document_checklist,CHK-DRAGON-SHOUTS-0952,OBJ-000784,CHK-DRAGON-SHOUTS-0952,Summon Durnehviir (Dawnguard): Dur,Summon Durnehviir (Dawnguard): Dur,spell_power,dragon_shout,Dragon Shouts,Main-route prototype block,main_route,dawnguard,,0,,,,,,,Y,exact_checklist,1,Y,Y,N,N,N,N,N,N,N,book_document_checklist_covered,placed_in_guide,complete,Dawnguard Worldspaces,none,
book_document_checklist,CHK-DRAGON-SHOUTS-0953,OBJ-000784,CHK-DRAGON-SHOUTS-0953,Summon Durnehviir (Dawnguard): Neh,Summon Durnehviir (Dawnguard): Neh,spell_power,dragon_shout,Dragon Shouts,Main-route prototype block,main_route,dawnguard,,0,,,,,,,Y,exact_checklist,1,Y,Y,N,N,N,N,N,N,N,book_document_checklist_covered,placed_in_guide,complete,Dawnguard Worldspaces,none,
book_document_checklist,CHK-DRAGON-SHOUTS-0954,OBJ-000784,CHK-DRAGON-SHOUTS-0954,Summon Durnehviir (Dawnguard): Viir,Summon Durnehviir (Dawnguard): Viir,spell_power,dragon_shout,Dragon Shouts,Main-route prototype block,main_route,dawnguard,,0,,,,,,,Y,exact_checklist,1,Y,Y,N,N,N,N,N,N,N,book_document_checklist_covered,placed_in_guide,complete,Dawnguard Worldspaces,none,
book_document_checklist,CHK-DRAGON-SHOUTS-0955,OBJ-000763,CHK-DRAGON-SHOUTS-0955,Battle Fury (Dragonborn): Mid,Battle Fury (Dragonborn): Mid,spell_power,dragon_shout,Dragon Shouts,Main-route prototype block,main_route,dragonborn,,0,,,,,,,Y,exact_checklist,1,Y,Y,N,N,N,N,N,N,N,book_document_checklist_covered,placed_in_guide,complete,"Vahlok's Tomb, Riekling Roads, And Thirsk",none,
book_document_checklist,CHK-DRAGON-SHOUTS-0956,OBJ-000763,CHK-DRAGON-SHOUTS-0956,Battle Fury (Dragonborn): Vur,Battle Fury (Dragonborn): Vur,spell_power,dragon_shout,Dragon Shouts,Main-route prototype block,main_route,dragonborn,,0,,,,,,,Y,exact_checklist,1,Y,Y,N,N,N,N,N,N,N,book_document_checklist_covered,placed_in_guide,complete,"Vahlok's Tomb, Riekling Roads, And Thirsk",none,
book_document_checklist,CHK-DRAGON-SHOUTS-0957,OBJ-000763,CHK-DRAGON-SHOUTS-0957,Battle Fury (Dragonborn): Shaan,Battle Fury (Dragonborn): Shaan,spell_power,dragon_shout,Dragon Shouts,Main-route prototype block,main_route,dragonborn,,0,,,,,,,Y,exact_checklist,1,Y,Y,N,N,N,N,N,N,N,book_document_checklist_covered,placed_in_guide,complete,"Vahlok's Tomb, Riekling Roads, And Thirsk",none,
book_document_checklist,CHK-DRAGON-SHOUTS-0958,OBJ-000765,CHK-DRAGON-SHOUTS-0958,Bend Will (Dragonborn): Gol,Bend Will (Dragonborn): Gol,spell_power,dragon_shout,Dragon Shouts,Main-route prototype block,main_route,dragonborn,,0,,,,,,,Y,exact_checklist,1,Y,Y,N,N,N,N,N,N,N,book_document_checklist_covered,placed_in_guide,complete,"Temple Of Miraak, Skaal, And Stalhrim",none,
book_document_checklist,CHK-DRAGON-SHOUTS-0959,OBJ-000765,CHK-DRAGON-SHOUTS-0959,Bend Will (Dragonborn): Hah,Bend Will (Dragonborn): Hah,spell_power,dragon_shout,Dragon Shouts,Main-route prototype block,main_route,dragonborn,,0,,,,,,,Y,exact_checklist,1,Y,Y,N,N,N,N,N,N,N,book_document_checklist_covered,placed_in_guide,complete,"Tel Mithryn, Nchardak, And Kagrumez",none,
book_document_checklist,CHK-DRAGON-SHOUTS-0960,OBJ-000765,CHK-DRAGON-SHOUTS-0960,Bend Will (Dragonborn): Dov,Bend Will (Dragonborn): Dov,spell_power,dragon_shout,Dragon Shouts,Main-route prototype block,main_route,dragonborn,,0,,,,,,,Y,exact_checklist,1,Y,Y,N,N,N,N,N,N,N,book_document_checklist_covered,placed_in_guide,complete,"Miraak Finale, Lost Knowledge, And Last Black Books",none,
book_document_checklist,CHK-DRAGON-SHOUTS-0961,OBJ-000769,CHK-DRAGON-SHOUTS-0961,Cyclone (Dragonborn): Ven,Cyclone (Dragonborn): Ven,spell_power,dragon_shout,Dragon Shouts,Main-route prototype block,main_route,dragonborn,,0,,,,,,,Y,exact_checklist,2,Y,Y,N,Y,N,N,N,N,N,book_document_checklist_covered,held_for_later | placed_in_guide,complete | held_for_benkongerike_route,"Miraak Finale, Lost Knowledge, And Last Black Books | Temple Of Miraak, Skaal, And Stalhrim",none,
book_document_checklist,CHK-DRAGON-SHOUTS-0962,OBJ-000769,CHK-DRAGON-SHOUTS-0962,Cyclone (Dragonborn): Gaar,Cyclone (Dragonborn): Gaar,spell_power,dragon_shout,Dragon Shouts,Main-route prototype block,main_route,dragonborn,,0,,,,,,,Y,exact_checklist,1,Y,Y,N,N,N,N,N,N,N,book_document_checklist_covered,placed_in_guide,complete,Kolbjorn Excavation And Raven Rock West,none,
book_document_checklist,CHK-DRAGON-SHOUTS-0963,OBJ-000769,CHK-DRAGON-SHOUTS-0963,Cyclone (Dragonborn): Nos,Cyclone (Dragonborn): Nos,spell_power,dragon_shout,Dragon Shouts,Main-route prototype block,main_route,dragonborn,,0,,,,,,,Y,exact_checklist,2,Y,Y,N,Y,N,N,N,N,N,book_document_checklist_covered,held_for_later | placed_in_guide,complete | held_for_white_ridge_route,"Miraak Finale, Lost Knowledge, And Last Black Books | Tel Mithryn, Nchardak, And Kagrumez",none,
book_document_checklist,CHK-DRAGON-SHOUTS-0964,OBJ-000772,CHK-DRAGON-SHOUTS-0964,Dragon Aspect (Dragonborn): Mul,Dragon Aspect (Dragonborn): Mul,spell_power,dragon_shout,Dragon Shouts,Main-route prototype block,main_route,dragonborn,,0,,,,,,,Y,exact_checklist,1,Y,Y,N,N,N,N,N,N,N,book_document_checklist_covered,placed_in_guide,complete,"Miraak Finale, Lost Knowledge, And Last Black Books",none,
book_document_checklist,CHK-DRAGON-SHOUTS-0965,OBJ-000772,CHK-DRAGON-SHOUTS-0965,Dragon Aspect (Dragonborn): Qah,Dragon Aspect (Dragonborn): Qah,spell_power,dragon_shout,Dragon Shouts,Main-route prototype block,main_route,dragonborn,,0,,,,,,,Y,exact_checklist,1,Y,Y,N,N,N,N,N,N,N,book_document_checklist_covered,placed_in_guide,complete,"Solstheim Entry, Raven Rock Core, And Frostmoon Rings",none,
book_document_checklist,CHK-DRAGON-SHOUTS-0966,OBJ-000772,CHK-DRAGON-SHOUTS-0966,Dragon Aspect (Dragonborn): Diiv,Dragon Aspect (Dragonborn): Diiv,spell_power,dragon_shout,Dragon Shouts,Main-route prototype block,main_route,dragonborn,,0,,,,,,,Y,exact_checklist,1,Y,Y,N,N,N,N,N,N,N,book_document_checklist_covered,placed_in_guide,complete,"Temple Of Miraak, Skaal, And Stalhrim",none,
book_document_checklist,CHK-BOOKS-1787,,CHK-BOOKS-1787,"16 Accords of Madness, v. IX","16 Accords of Madness, v. IX",,,Books,Explicit exclusion,,,,0,,merchant_investment,bugged_unofficial_patch_only | unknown_needs_validation,Angeline's Aromatics | Ashfall's Tear CC | Falion's House | ... (10 total),Ashfall's Tear CC / Solstheim | Falkreath / Falkreath Hold | Markarth / The Reach | ... (8 total),Do not route as required investment unless TB-037 later validates official PS4 AE availability.,N,exact_checklist,1,Y,Y,N,Y,N,N,N,Y,N,book_document_checklist_excluded,explicit_exclusion_documented,excluded,Internal exclusion coverage,none,
book_document_checklist,CHK-BOOKS-1788,,CHK-BOOKS-1788,"16 Accords of Madness, v. VI","16 Accords of Madness, v. VI",,,Books,Explicit exclusion,,,,0,,merchant_investment,bugged_unofficial_patch_only | unknown_needs_validation,Angeline's Aromatics | Ashfall's Tear CC | Falion's House | ... (10 total),Ashfall's Tear CC / Solstheim | Falkreath / Falkreath Hold | Markarth / The Reach | ... (8 total),Do not route as required investment unless TB-037 later validates official PS4 AE availability.,N,exact_checklist,1,Y,Y,N,Y,N,N,N,Y,N,book_document_checklist_excluded,explicit_exclusion_documented,excluded,Internal exclusion coverage,none,
book_document_checklist,CHK-BOOKS-1789,,CHK-BOOKS-1789,"16 Accords of Madness, v. XII","16 Accords of Madness, v. XII",,,Books,Explicit exclusion,,,,0,,merchant_investment,bugged_unofficial_patch_only | unknown_needs_validation,Angeline's Aromatics | Ashfall's Tear CC | Falion's House | ... (10 total),Ashfall's Tear CC / Solstheim | Falkreath / Falkreath Hold | Markarth / The Reach | ... (8 total),Do not route as required investment unless TB-037 later validates official PS4 AE availability.,N,exact_checklist,1,Y,Y,N,Y,N,N,N,Y,N,book_document_checklist_excluded,explicit_exclusion_documented,excluded,Internal exclusion coverage,none,
book_document_checklist,CHK-BOOKS-1790,,CHK-BOOKS-1790,"2920, Evening Star, v12","2920, Evening Star, v12",,,Books,Explicit exclusion,,,,0,,merchant_investment,bugged_unofficial_patch_only | unknown_needs_validation,Angeline's Aromatics | Ashfall's Tear CC | Falion's House | ... (10 total),Ashfall's Tear CC / Solstheim | Falkreath / Falkreath Hold | Markarth / The Reach | ... (8 total),Do not route as required investment unless TB-037 later validates official PS4 AE availability.,N,exact_checklist,1,Y,Y,N,Y,N,N,N,Y,N,book_document_checklist_excluded,explicit_exclusion_documented,excluded,Internal exclusion coverage,none,
book_document_checklist,CHK-BOOKS-1791,,CHK-BOOKS-1791,"2920, First Seed, v3","2920, First Seed, v3",,,Books,Explicit exclusion,,,,0,,merchant_investment,bugged_unofficial_patch_only | unknown_needs_validation,Angeline's Aromatics | Ashfall's Tear CC | Falion's House | ... (10 total),Ashfall's Tear CC / Solstheim | Falkreath / Falkreath Hold | Markarth / The Reach | ... (8 total),Do not route as required investment unless TB-037 later validates official PS4 AE availability.,N,exact_checklist,1,Y,Y,N,Y,N,N,N,Y,N,book_document_checklist_excluded,explicit_exclusion_documented,excluded,Internal exclusion coverage,none,
book_document_checklist,CHK-BOOKS-1792,OBJ-000839,CHK-BOOKS-1792,"2920, Frostfall, v10","2920, Frostfall, v10",book_document,skill_book_title,Books,Main-route prototype block,main_route,base_game,skill_book,5,"Belyn Hlaalu's House: Belyn Hlaalu's House (Windhelm), upstairs behind the dresser",skill_book_copy,selected_default_copy_pending_route_validation,Belyn Hlaalu's House,Belyn Hlaalu's House,Collect selected copy when its route block is safe; read after Scholar's Insight and high-skill timing check.,Y,mapped_objective,2,Y,Y,N,Y,Y,N,N,N,N,book_document_checklist_covered,audited_not_routed_here | read_in_guide,complete | staged_for_selected_copy_or_late_reading_window,"Books, Spells, and Documents | Gauldur Legend Finale",none,
book_document_checklist,CHK-BOOKS-1793,OBJ-000840,CHK-BOOKS-1793,"2920, Hearth Fire, v9","2920, Hearth Fire, v9",book_document,skill_book_title,Books,Main-route prototype block,main_route,base_game,skill_book,6,640 ft SE of Angi's Camp: 640 ft SE of Angi's Camp (Falkreath Hold),skill_book_copy,selected_apocrypha_scholar_insight_copy,Apocrypha,The Hidden Twilight Chapter V,Read during the Tel Mithryn/Nchardak section after Scholar's Insight is active.,Y,exact_checklist,2,Y,Y,Y,Y,Y,N,N,N,N,book_document_checklist_covered,placed_in_guide | reward_copy_acquired_unread,complete | staged_for_scholars_insight_read,"Fellglow Keep And Good Intentions | Tel Mithryn, Nchardak, And Kagrumez",none,
book_document_checklist,CHK-BOOKS-1794,OBJ-000894,CHK-BOOKS-1794,"2920, Last Seed, v8","2920, Last Seed, v8",book_document,skill_book_title,Books,Main-route prototype block,main_route,base_game,skill_book,4,"Hag Rock Redoubt Ruin: Hag Rock Redoubt Ruin (The Reach), over the table",skill_book_copy,selected_default_copy_pending_route_validation,Hag Rock Redoubt Ruin,Hag Rock Redoubt Ruin,Collect selected copy when its route block is safe; read after Scholar's Insight and high-skill timing check.,Y,exact_checklist,1,Y,Y,N,Y,Y,N,N,N,N,book_document_checklist_covered,conditional_not_read_if_hag_rock,staged_for_scholar_insight,Markarth Prison Daedric Rites And Reach Redoubts,none,
book_document_checklist,CHK-BOOKS-1795,OBJ-000854,CHK-BOOKS-1795,"2920, MidYear, v6","2920, MidYear, v6",book_document,skill_book_title,Books,Main-route prototype block,main_route,base_game,skill_book,5,"Blackreach: Blackreach, over a stone table in the south zone",skill_book_copy,selected_default_copy_pending_route_validation,Blackreach,Blackreach,Collect selected copy when its route block is safe; read after Scholar's Insight and high-skill timing check.,Y,mapped_objective,2,Y,Y,N,Y,Y,N,N,N,N,book_document_checklist_covered,audited_not_read_here | read_in_guide,complete | staged_for_scholars_insight_window,"Blades Research Blackreach And The Fallen | Books, Spells, and Documents",none,
book_document_checklist,CHK-BOOKS-1796,OBJ-000874,CHK-BOOKS-1796,"2920, Morning Star, v1","2920, Morning Star, v1",book_document,skill_book_title,Books,Main-route prototype block,main_route,base_game,skill_book,6,"Driftshade Refuge: Driftshade Refuge, on a table in the final room with the barred door",skill_book_copy,selected_default_copy_pending_route_validation,Driftshade Refuge,Driftshade Refuge,Collect selected copy when its route block is safe; read after Scholar's Insight and high-skill timing check.,Y,exact_checklist,1,Y,Y,N,Y,Y,N,N,N,N,book_document_checklist_covered,selected_source_left_unopened,staged_for_scholars_insight_window,"Companions Finale, Totems, And Beast-Blood Preservation",none,
book_document_checklist,CHK-BOOKS-1797,OBJ-000884,CHK-BOOKS-1797,"2920, Rain's Hand, v4","2920, Rain's Hand, v4",book_document,skill_book_title,Books,Main-route prototype block,main_route,base_game,skill_book,5,Blind Cliff Bastion: Blind Cliff Bastion (The Reach) carried by Petra,skill_book_copy,selected_default_copy_pending_route_validation,Blind Cliff Bastion,Blind Cliff Bastion,Collect selected copy when its route block is safe; read after Scholar's Insight and high-skill timing check.,Y,exact_checklist,2,Y,Y,N,Y,Y,N,N,N,N,book_document_checklist_covered,not_read_here | same_location_left_unopened,staged_for_scholar_insight | staged_for_scholars_insight_window,Haafingar Caves Volskygge And Night Hunter | Markarth Prison Daedric Rites And Reach Redoubts,none,
book_document_checklist,CHK-BOOKS-1798,OBJ-000899,CHK-BOOKS-1798,"2920, Second Seed, v5","2920, Second Seed, v5",book_document,skill_book_title,Books,Main-route prototype block,main_route,base_game,skill_book,5,East of Gjukar's Monument at a Shrine of Zenithar: East of Gjukar's Monument at a Shrine of Zenithar,skill_book_copy,selected_apocrypha_scholar_insight_copy,Apocrypha,The Sallow Regent,Read during the White Ridge/Sallow Regent Lost Knowledge route after Scholar's Insight is active.,Y,exact_checklist,1,Y,Y,N,Y,N,N,N,N,N,book_document_checklist_covered,placed_in_guide,complete,"Miraak Finale, Lost Knowledge, And Last Black Books",none,
book_document_checklist,CHK-BOOKS-1799,OBJ-000859,CHK-BOOKS-1799,"2920, Sun's Dawn, v2","2920, Sun's Dawn, v2",book_document,skill_book_title,Books,Main-route prototype block,main_route,base_game,skill_book,5,"Ansilvund Burial Chambers: Ansilvund Burial Chambers, in the second section, large room with the hanging cages, on a pressurized pedestal",skill_book_copy,selected_default_copy_pending_route_validation,Ansilvund Burial Chambers,Ansilvund Burial Chambers,Collect selected copy when its route block is safe; read after Scholar's Insight and high-skill timing check.,Y,exact_checklist,1,Y,Y,N,Y,Y,N,N,N,N,book_document_checklist_covered,same_location_left_unopened,staged_for_scholars_insight_window,Windhelm Follow-Up And Eastmarch Roads,none,
book_document_checklist,CHK-BOOKS-1800,,CHK-BOOKS-1800,"2920, Sun's Dusk, v11","2920, Sun's Dusk, v11",,,Books,Explicit exclusion,,,,0,,merchant_investment,bugged_unofficial_patch_only | unknown_needs_validation,Angeline's Aromatics | Ashfall's Tear CC | Falion's House | ... (10 total),Ashfall's Tear CC / Solstheim | Falkreath / Falkreath Hold | Markarth / The Reach | ... (8 total),Do not route as required investment unless TB-037 later validates official PS4 AE availability.,N,exact_checklist,1,Y,Y,N,Y,N,N,N,Y,N,book_document_checklist_excluded,explicit_exclusion_documented,excluded,Internal exclusion coverage,none,
book_document_checklist,CHK-BOOKS-1801,,CHK-BOOKS-1801,"2920, Sun's Height, v7","2920, Sun's Height, v7",,,Books,Explicit exclusion,,,,0,,merchant_investment,bugged_unofficial_patch_only | unknown_needs_validation,Angeline's Aromatics | Ashfall's Tear CC | Falion's House | ... (10 total),Ashfall's Tear CC / Solstheim | Falkreath / Falkreath Hold | Markarth / The Reach | ... (8 total),Do not route as required investment unless TB-037 later validates official PS4 AE availability.,N,exact_checklist,1,Y,Y,N,Y,N,N,N,Y,N,book_document_checklist_excluded,explicit_exclusion_documented,excluded,Internal exclusion coverage,none,
book_document_checklist,CHK-BOOKS-1802,,CHK-BOOKS-1802,A Children's Anuad,A Children's Anuad,,,Books,Explicit exclusion,,,,0,,merchant_investment,bugged_unofficial_patch_only | unknown_needs_validation,Angeline's Aromatics | Ashfall's Tear CC | Falion's House | ... (10 total),Ashfall's Tear CC / Solstheim | Falkreath / Falkreath Hold | Markarth / The Reach | ... (8 total),Do not route as required investment unless TB-037 later validates official PS4 AE availability.,N,exact_checklist,1,Y,Y,N,Y,N,N,N,Y,N,book_document_checklist_excluded,explicit_exclusion_documented,excluded,Internal exclusion coverage,none,
book_document_checklist,CHK-BOOKS-1803,,CHK-BOOKS-1803,"A Dance in Fire, v1","A Dance in Fire, v1",,,Books,Explicit exclusion,,,,0,,merchant_investment,bugged_unofficial_patch_only | unknown_needs_validation,Angeline's Aromatics | Ashfall's Tear CC | Falion's House | ... (10 total),Ashfall's Tear CC / Solstheim | Falkreath / Falkreath Hold | Markarth / The Reach | ... (8 total),Do not route as required investment unless TB-037 later validates official PS4 AE availability.,N,exact_checklist,1,Y,Y,N,Y,N,N,N,Y,N,book_document_checklist_excluded,explicit_exclusion_documented,excluded,Internal exclusion coverage,none,
book_document_checklist,CHK-BOOKS-1804,OBJ-000834,CHK-BOOKS-1804,"A Dance in Fire, v2","A Dance in Fire, v2",book_document,skill_book_title,Books,Main-route prototype block,main_route,base_game,skill_book,5,"Fort Snowhawk: Fort Snowhawk (Hjaalmarch), on a table in the room west of the back entrance in the main keep",skill_book_copy,selected_default_copy_pending_route_validation,Fort Snowhawk,Fort Snowhawk,Collect selected copy when its route block is safe; read after Scholar's Insight and high-skill timing check.,Y,exact_checklist,1,Y,Y,N,Y,Y,N,N,N,N,book_document_checklist_covered,audited_not_read_here,staged_for_scholars_insight_skill_book_window,Karthspire Sky Haven And Dragonbane,none,
book_document_checklist,CHK-BOOKS-1805,,CHK-BOOKS-1805,"A Dance in Fire, v3","A Dance in Fire, v3",,,Books,Explicit exclusion,,,,0,,merchant_investment,bugged_unofficial_patch_only | unknown_needs_validation,Angeline's Aromatics | Ashfall's Tear CC | Falion's House | ... (10 total),Ashfall's Tear CC / Solstheim | Falkreath / Falkreath Hold | Markarth / The Reach | ... (8 total),Do not route as required investment unless TB-037 later validates official PS4 AE availability.,N,exact_checklist,1,Y,Y,N,Y,N,N,N,Y,N,book_document_checklist_excluded,explicit_exclusion_documented,excluded,Internal exclusion coverage,none,
book_document_checklist,CHK-BOOKS-1806,,CHK-BOOKS-1806,"A Dance in Fire, v4","A Dance in Fire, v4",,,Books,Explicit exclusion,,,,0,,merchant_investment,bugged_unofficial_patch_only | unknown_needs_validation,Angeline's Aromatics | Ashfall's Tear CC | Falion's House | ... (10 total),Ashfall's Tear CC / Solstheim | Falkreath / Falkreath Hold | Markarth / The Reach | ... (8 total),Do not route as required investment unless TB-037 later validates official PS4 AE availability.,N,exact_checklist,1,Y,Y,N,Y,N,N,N,Y,N,book_document_checklist_excluded,explicit_exclusion_documented,excluded,Internal exclusion coverage,none,
book_document_checklist,CHK-BOOKS-1807,,CHK-BOOKS-1807,"A Dance in Fire, v5","A Dance in Fire, v5",,,Books,Explicit exclusion,,,,0,,merchant_investment,bugged_unofficial_patch_only | unknown_needs_validation,Angeline's Aromatics | Ashfall's Tear CC | Falion's House | ... (10 total),Ashfall's Tear CC / Solstheim | Falkreath / Falkreath Hold | Markarth / The Reach | ... (8 total),Do not route as required investment unless TB-037 later validates official PS4 AE availability.,N,exact_checklist,1,Y,Y,N,Y,N,N,N,Y,N,book_document_checklist_excluded,explicit_exclusion_documented,excluded,Internal exclusion coverage,none,
book_document_checklist,CHK-BOOKS-1808,OBJ-000900,CHK-BOOKS-1808,"A Dance in Fire, v6","A Dance in Fire, v6",book_document,skill_book_title,Books,Main-route prototype block,main_route,base_game,skill_book,5,Dainty Sload: Dainty Sload (Haafingar),skill_book_copy,selected_default_copy_pending_route_validation,Dainty Sload,Dainty Sload,Collect selected copy when its route block is safe; read after Scholar's Insight and high-skill timing check.,Y,exact_checklist,3,Y,Y,N,Y,Y,N,N,N,N,book_document_checklist_covered,not_read_here | same_location_left_unopened,staged_for_dainty_sload_selected_copy | staged_for_scholars_insight_window,"Cicero Aventus And The Sanctuary Door | Solitude Coast Wild Horse And Wolfskull | Whispers, Solitude Jobs, And The Wedding Assassination",none,
book_document_checklist,CHK-BOOKS-1809,OBJ-000901,CHK-BOOKS-1809,"A Dance in Fire, v7","A Dance in Fire, v7",book_document,skill_book_title,Books,Main-route prototype block,main_route,base_game,skill_book,5,"Outside Angarvunde: Outside Angarvunde, on a table",skill_book_copy,selected_default_copy_pending_route_validation,Outside Angarvunde,Outside Angarvunde,Collect selected copy when its route block is safe; read after Scholar's Insight and high-skill timing check.,Y,mapped_objective,2,Y,Y,N,Y,Y,N,N,N,N,book_document_checklist_covered,read_in_guide | same_location_left_unopened,complete | staged_for_scholars_insight_window,"Books, Spells, and Documents | Riften Thaneship Frost And Rift Roads",none,
book_document_checklist,CHK-BOOKS-1810,,CHK-BOOKS-1810,A Dream of Sovngarde,A Dream of Sovngarde,,,Books,Explicit exclusion,,,,0,,merchant_investment,bugged_unofficial_patch_only | unknown_needs_validation,Angeline's Aromatics | Ashfall's Tear CC | Falion's House | ... (10 total),Ashfall's Tear CC / Solstheim | Falkreath / Falkreath Hold | Markarth / The Reach | ... (8 total),Do not route as required investment unless TB-037 later validates official PS4 AE availability.,N,exact_checklist,1,Y,Y,N,Y,N,N,N,Y,N,book_document_checklist_excluded,explicit_exclusion_documented,excluded,Internal exclusion coverage,none,
book_document_checklist,CHK-BOOKS-1811,OBJ-000819,CHK-BOOKS-1811,A Game at Dinner,A Game at Dinner,book_document,skill_book_title,Books,Main-route prototype block,main_route,base_game,skill_book,6,"Dead Crone Rock: Dead Crone Rock (The Reach), by a lever opening the way to the rooftop",skill_book_copy,selected_default_copy_pending_route_validation,Dead Crone Rock,Dead Crone Rock,Collect selected copy when its route block is safe; read after Scholar's Insight and high-skill timing check.,Y,exact_checklist,2,Y,Y,N,Y,Y,N,N,N,N,book_document_checklist_covered,same_location_left_unopened,staged_for_scholars_insight_window,Goldenglow Honningbrew Solitude And Snow Veil | Windhelm Murder Investigation And White Phial,none,
book_document_checklist,CHK-BOOKS-1812,,CHK-BOOKS-1812,A Gentleman's Guide to Whiterun,A Gentleman's Guide to Whiterun,,,Books,Explicit exclusion,,,,0,,merchant_investment,bugged_unofficial_patch_only | unknown_needs_validation,Angeline's Aromatics | Ashfall's Tear CC | Falion's House | ... (10 total),Ashfall's Tear CC / Solstheim | Falkreath / Falkreath Hold | Markarth / The Reach | ... (8 total),Do not route as required investment unless TB-037 later validates official PS4 AE availability.,N,exact_checklist,1,Y,Y,N,Y,N,N,N,Y,N,book_document_checklist_excluded,explicit_exclusion_documented,excluded,Internal exclusion coverage,none,
book_document_checklist,CHK-BOOKS-1813,OBJ-000844,CHK-BOOKS-1813,A Hypothetical Treachery,A Hypothetical Treachery,book_document,skill_book_title,Books,Main-route prototype block,main_route,base_game,skill_book,7,"Aretino Residence: Aretino Residence (Windhelm), behind the bookshelf",skill_book_copy,selected_apocrypha_scholar_insight_copy,Apocrypha,The Hidden Twilight Chapter V,Read during the Tel Mithryn/Nchardak section after Scholar's Insight is active.,Y,exact_checklist,4,Y,Y,Y,Y,N,N,N,N,N,book_document_checklist_covered,audited_not_routed_here | placed_in_guide | same_location_left_unopened,complete | staged_for_scholars_insight_window | staged_with_reason,"Cicero Aventus And The Sanctuary Door | Dawnstar, Pale Blade, And Heljarchen | Fellglow Keep And Good Intentions | Tel Mithryn, Nchardak, And Kagrumez",none,
book_document_checklist,CHK-BOOKS-1814,,CHK-BOOKS-1814,"A Kiss, Sweet Mother","A Kiss, Sweet Mother",,,Books,Explicit exclusion,,,,0,,merchant_investment,bugged_unofficial_patch_only | unknown_needs_validation,Angeline's Aromatics | Ashfall's Tear CC | Falion's House | ... (10 total),Ashfall's Tear CC / Solstheim | Falkreath / Falkreath Hold | Markarth / The Reach | ... (8 total),Do not route as required investment unless TB-037 later validates official PS4 AE availability.,N,exact_checklist,1,N,Y,N,Y,N,N,N,Y,N,book_document_checklist_excluded,explicit_scope_exclusion_reaffirmed,excluded,Cicero Aventus And The Sanctuary Door,none,
book_document_checklist,CHK-BOOKS-1815,,CHK-BOOKS-1815,A Minor Maze,A Minor Maze,,,Books,Explicit exclusion,,,,0,,merchant_investment,bugged_unofficial_patch_only | unknown_needs_validation,Angeline's Aromatics | Ashfall's Tear CC | Falion's House | ... (10 total),Ashfall's Tear CC / Solstheim | Falkreath / Falkreath Hold | Markarth / The Reach | ... (8 total),Do not route as required investment unless TB-037 later validates official PS4 AE availability.,Y,exact_checklist,1,Y,Y,N,Y,N,N,N,Y,N,book_document_checklist_excluded,explicit_exclusion_documented,excluded,Internal exclusion coverage,none,
book_document_checklist,CHK-BOOKS-1816,OBJ-000849,CHK-BOOKS-1816,A Tragedy in Black,A Tragedy in Black,book_document,skill_book_title,Books,Main-route prototype block,main_route,base_game,skill_book,6,"Bruca's Leap Redoubt: Bruca's Leap Redoubt (The Reach), on the bookshelf",skill_book_copy,selected_default_copy_pending_route_validation,Bruca's Leap Redoubt,Bruca's Leap Redoubt,Collect selected copy when its route block is safe; read after Scholar's Insight and high-skill timing check.,Y,exact_checklist,2,Y,Y,N,Y,Y,N,N,N,N,book_document_checklist_covered,conditional_not_read_if_bruca | same_location_left_unopened,staged_for_scholar_insight | staged_for_scholars_insight_window,Markarth Prison Daedric Rites And Reach Redoubts | Windhelm Follow-Up And Eastmarch Roads,none,
book_document_checklist,CHK-BOOKS-1817,OBJ-001084,CHK-BOOKS-1817,Admonition Against Ebony,Admonition Against Ebony,book_document,quest_book_title,Books,Main-route prototype block,main_route,base_game,quest_book,1,,,,,,,Y,mapped_objective,1,Y,N,N,Y,N,N,N,N,N,book_document_checklist_covered,held_for_level20_whispering_door,staged_for_level20_whispering_door,First Day In Whiterun,none,
book_document_checklist,CHK-BOOKS-1818,OBJ-000869,CHK-BOOKS-1818,Advances in Lockpicking,Advances in Lockpicking,book_document,skill_book_title,Books,Main-route prototype block,main_route,base_game,skill_book,6,"390 ft ENE of Angarvunde: 390 ft ENE of Angarvunde (The Rift), next to a dead Redguard",skill_book_copy,selected_apocrypha_scholar_insight_copy,Apocrypha,Untold Legends Chapter IV,Read during the Benkongerike/Untold Legends Lost Knowledge route after Scholar's Insight is active.,Y,exact_checklist,1,Y,Y,N,Y,N,N,N,N,N,book_document_checklist_covered,placed_in_guide,complete,"Miraak Finale, Lost Knowledge, And Last Black Books",none,
book_document_checklist,CHK-BOOKS-1819,,CHK-BOOKS-1819,Adventurer's Journal,Adventurer's Journal,,,Books,Explicit exclusion,,,,0,,merchant_investment,bugged_unofficial_patch_only | unknown_needs_validation,Angeline's Aromatics | Ashfall's Tear CC | Falion's House | ... (10 total),Ashfall's Tear CC / Solstheim | Falkreath / Falkreath Hold | Markarth / The Reach | ... (8 total),Do not route as required investment unless TB-037 later validates official PS4 AE availability.,N,exact_checklist,1,Y,Y,N,Y,N,N,N,Y,N,book_document_checklist_excluded,explicit_exclusion_documented,excluded,Internal exclusion coverage,none,
book_document_checklist,CHK-BOOKS-1820,,CHK-BOOKS-1820,Aedra and Daedra,Aedra and Daedra,,,Books,Explicit exclusion,,,,0,,merchant_investment,bugged_unofficial_patch_only | unknown_needs_validation,Angeline's Aromatics | Ashfall's Tear CC | Falion's House | ... (10 total),Ashfall's Tear CC / Solstheim | Falkreath / Falkreath Hold | Markarth / The Reach | ... (8 total),Do not route as required investment unless TB-037 later validates official PS4 AE availability.,N,exact_checklist,1,Y,Y,N,Y,N,N,N,Y,N,book_document_checklist_excluded,explicit_exclusion_documented,excluded,Internal exclusion coverage,none,
book_document_checklist,CHK-BOOKS-1821,OBJ-000879,CHK-BOOKS-1821,Aevar Stone-Singer,Aevar Stone-Singer,book_document,skill_book_title,Books,Main-route prototype block,main_route,base_game,skill_book,5,"Lost Valkygg: Lost Valkygg, southern room",skill_book_copy,selected_default_copy_pending_route_validation,Lost Valkygg,Lost Valkygg,Collect selected copy when its route block is safe; read after Scholar's Insight and high-skill timing check.,Y,exact_checklist,1,Y,Y,N,Y,Y,N,N,N,N,book_document_checklist_covered,same_location_left_unopened,staged_for_scholars_insight_window,Labyrinthian And The Eye Of Magnus,none,
book_document_checklist,CHK-BOOKS-1822,,CHK-BOOKS-1822,Agrius's Journal,Agrius's Journal,,,Books,Explicit exclusion,,,,0,,merchant_investment,bugged_unofficial_patch_only | unknown_needs_validation,Angeline's Aromatics | Ashfall's Tear CC | Falion's House | ... (10 total),Ashfall's Tear CC / Solstheim | Falkreath / Falkreath Hold | Markarth / The Reach | ... (8 total),Do not route as required investment unless TB-037 later validates official PS4 AE availability.,N,exact_checklist,1,Y,Y,N,Y,N,N,N,Y,N,book_document_checklist_excluded,explicit_exclusion_documented,excluded,Internal exclusion coverage,none,
book_document_checklist,CHK-BOOKS-1823,OBJ-001300,CHK-BOOKS-1823,Ahzidal's Descent,Ahzidal's Descent,book_document,quest_book_title,Books,Main-route prototype block,main_route,dragonborn,quest_book,9,,,,,,,Y,exact_checklist,1,Y,Y,N,Y,N,N,N,N,N,book_document_checklist_covered,placed_in_guide,complete,"Solstheim Entry, Raven Rock Core, And Frostmoon Rings",none,
book_document_checklist,CHK-BOOKS-1824,,CHK-BOOKS-1824,Ahzirr Traajijazeri,Ahzirr Traajijazeri,,,Books,Explicit exclusion,,,,0,,merchant_investment,bugged_unofficial_patch_only | unknown_needs_validation,Angeline's Aromatics | Ashfall's Tear CC | Falion's House | ... (10 total),Ashfall's Tear CC / Solstheim | Falkreath / Falkreath Hold | Markarth / The Reach | ... (8 total),Do not route as required investment unless TB-037 later validates official PS4 AE availability.,N,exact_checklist,1,Y,Y,N,Y,N,N,N,Y,N,book_document_checklist_excluded,explicit_exclusion_documented,excluded,Internal exclusion coverage,none,
book_document_checklist,CHK-BOOKS-1825,OBJ-001089,CHK-BOOKS-1825,Aicantar's Lab Journal,Aicantar's Lab Journal,book_document,quest_book_title,Books,Main-route prototype block,main_route,base_game,quest_book,1,,,,,,,Y,exact_checklist,1,Y,Y,N,Y,N,N,N,N,N,book_document_checklist_covered,placed_in_guide,complete,Nightingale Rewards And The Skeleton Key,none,
book_document_checklist,CHK-BOOKS-1826,,CHK-BOOKS-1826,Alchemist's Journal,Alchemist's Journal,,,Books,Explicit exclusion,,,,0,,merchant_investment,bugged_unofficial_patch_only | unknown_needs_validation,Angeline's Aromatics | Ashfall's Tear CC | Falion's House | ... (10 total),Ashfall's Tear CC / Solstheim | Falkreath / Falkreath Hold | Markarth / The Reach | ... (8 total),Do not route as required investment unless TB-037 later validates official PS4 AE availability.,N,exact_checklist,1,Y,Y,N,Y,N,N,N,Y,N,book_document_checklist_excluded,explicit_exclusion_documented,excluded,Internal exclusion coverage,none,
book_document_checklist,CHK-BOOKS-1827,,CHK-BOOKS-1827,Alchemist's Journal,Alchemist's Journal,,,Books,Explicit exclusion,,,,0,,merchant_investment,bugged_unofficial_patch_only | unknown_needs_validation,Angeline's Aromatics | Ashfall's Tear CC | Falion's House | ... (10 total),Ashfall's Tear CC / Solstheim | Falkreath / Falkreath Hold | Markarth / The Reach | ... (8 total),Do not route as required investment unless TB-037 later validates official PS4 AE availability.,N,exact_checklist,1,Y,Y,N,Y,N,N,N,Y,N,book_document_checklist_excluded,explicit_exclusion_documented,excluded,Internal exclusion coverage,none,
book_document_checklist,CHK-BOOKS-1828,,CHK-BOOKS-1828,Alduin is Real,Alduin is Real,,,Books,Explicit exclusion,,,,0,,merchant_investment,bugged_unofficial_patch_only | unknown_needs_validation,Angeline's Aromatics | Ashfall's Tear CC | Falion's House | ... (10 total),Ashfall's Tear CC / Solstheim | Falkreath / Falkreath Hold | Markarth / The Reach | ... (8 total),Do not route as required investment unless TB-037 later validates official PS4 AE availability.,N,exact_checklist,1,Y,Y,N,Y,N,N,N,Y,N,book_document_checklist_excluded,explicit_exclusion_documented,excluded,Internal exclusion coverage,none,
book_document_checklist,CHK-BOOKS-1829,OBJ-001092,CHK-BOOKS-1829,Alva's Journal,Alva's Journal,book_document,quest_book_title,Books,Main-route prototype block,main_route,base_game,quest_book,1,,,,,,,Y,exact_checklist,1,Y,N,N,Y,N,N,N,N,N,book_document_checklist_covered,placed_in_guide,complete,High Hrothgar Ustengrav Morthal And The Embassy,none,
book_document_checklist,CHK-BOOKS-1830,,CHK-BOOKS-1830,Amongst the Draugr,Amongst the Draugr,,,Books,Explicit exclusion,,,,0,,merchant_investment,bugged_unofficial_patch_only | unknown_needs_validation,Angeline's Aromatics | Ashfall's Tear CC | Falion's House | ... (10 total),Ashfall's Tear CC / Solstheim | Falkreath / Falkreath Hold | Markarth / The Reach | ... (8 total),Do not route as required investment unless TB-037 later validates official PS4 AE availability.,N,exact_checklist,1,Y,Y,N,Y,N,N,N,Y,N,book_document_checklist_excluded,explicit_exclusion_documented,excluded,Internal exclusion coverage,none,
book_document_checklist,CHK-BOOKS-1831,,CHK-BOOKS-1831,An Accounting of the Scrolls,An Accounting of the Scrolls,,,Books,Explicit exclusion,,,,0,,merchant_investment,bugged_unofficial_patch_only | unknown_needs_validation,Angeline's Aromatics | Ashfall's Tear CC | Falion's House | ... (10 total),Ashfall's Tear CC / Solstheim | Falkreath / Falkreath Hold | Markarth / The Reach | ... (8 total),Do not route as required investment unless TB-037 later validates official PS4 AE availability.,N,exact_checklist,1,Y,Y,N,Y,N,N,N,Y,N,book_document_checklist_excluded,explicit_exclusion_documented,excluded,Internal exclusion coverage,none,
book_document_checklist,CHK-BOOKS-1832,,CHK-BOOKS-1832,An Explorer's Guide to Skyrim,An Explorer's Guide to Skyrim,,,Books,Explicit exclusion,,,,0,,merchant_investment,bugged_unofficial_patch_only | unknown_needs_validation,Angeline's Aromatics | Ashfall's Tear CC | Falion's House | ... (10 total),Ashfall's Tear CC / Solstheim | Falkreath / Falkreath Hold | Markarth / The Reach | ... (8 total),Do not route as required investment unless TB-037 later validates official PS4 AE availability.,N,exact_checklist,1,Y,Y,N,Y,N,N,N,Y,N,book_document_checklist_excluded,explicit_exclusion_documented,excluded,Internal exclusion coverage,none,
book_document_checklist,CHK-BOOKS-1833,,CHK-BOOKS-1833,Ancestors and the Dunmer,Ancestors and the Dunmer,,,Books,Explicit exclusion,,,,0,,merchant_investment,bugged_unofficial_patch_only | unknown_needs_validation,Angeline's Aromatics | Ashfall's Tear CC | Falion's House | ... (10 total),Ashfall's Tear CC / Solstheim | Falkreath / Falkreath Hold | Markarth / The Reach | ... (8 total),Do not route as required investment unless TB-037 later validates official PS4 AE availability.,N,exact_checklist,1,Y,Y,N,Y,N,N,N,Y,N,book_document_checklist_excluded,explicit_exclusion_documented,excluded,Internal exclusion coverage,none,
book_document_checklist,CHK-BOOKS-1834,OBJ-001096,CHK-BOOKS-1834,Annals of the Dragonguard,Annals of the Dragonguard,book_document,quest_book_title,Books,Main-route prototype block,main_route,base_game,quest_book,1,,,,,,,Y,exact_checklist,1,Y,N,N,Y,N,N,N,N,N,book_document_checklist_covered,placed_in_guide,complete,Main Quest Staging Before Sky Haven,none,
book_document_checklist,CHK-BOOKS-1835,,CHK-BOOKS-1835,Antecedants of Dwemer Law,Antecedants of Dwemer Law,,,Books,Explicit exclusion,,,,0,,merchant_investment,bugged_unofficial_patch_only | unknown_needs_validation,Angeline's Aromatics | Ashfall's Tear CC | Falion's House | ... (10 total),Ashfall's Tear CC / Solstheim | Falkreath / Falkreath Hold | Markarth / The Reach | ... (8 total),Do not route as required investment unless TB-037 later validates official PS4 AE availability.,N,exact_checklist,1,Y,Y,N,Y,N,N,N,Y,N,book_document_checklist_excluded,explicit_exclusion_documented,excluded,Internal exclusion coverage,none,
book_document_checklist,CHK-BOOKS-1836,OBJ-001097,CHK-BOOKS-1836,Arcana Restored,Arcana Restored,book_document,quest_book_title,Books,Main-route prototype block,main_route,base_game,quest_book,1,,,,,,,Y,mapped_objective,1,Y,Y,Y,Y,Y,N,Y,Y,N,book_document_checklist_route_resolution_recorded,needs_route_resolution_added,NEEDS ROUTE RESOLUTION,Final Reconciliation open route-resolution items,none_existing_route_resolution,
book_document_checklist,CHK-BOOKS-1837,,CHK-BOOKS-1837,"Argonian Account, Book 1","Argonian Account, Book 1",,,Books,Explicit exclusion,,,,0,,merchant_investment,bugged_unofficial_patch_only | unknown_needs_validation,Angeline's Aromatics | Ashfall's Tear CC | Falion's House | ... (10 total),Ashfall's Tear CC / Solstheim | Falkreath / Falkreath Hold | Markarth / The Reach | ... (8 total),Do not route as required investment unless TB-037 later validates official PS4 AE availability.,N,exact_checklist,1,Y,Y,N,Y,N,N,N,Y,N,book_document_checklist_excluded,explicit_exclusion_documented,excluded,Internal exclusion coverage,none,
book_document_checklist,CHK-BOOKS-1838,,CHK-BOOKS-1838,"Argonian Account, Book 2","Argonian Account, Book 2",,,Books,Explicit exclusion,,,,0,,merchant_investment,bugged_unofficial_patch_only | unknown_needs_validation,Angeline's Aromatics | Ashfall's Tear CC | Falion's House | ... (10 total),Ashfall's Tear CC / Solstheim | Falkreath / Falkreath Hold | Markarth / The Reach | ... (8 total),Do not route as required investment unless TB-037 later validates official PS4 AE availability.,N,exact_checklist,1,Y,Y,N,Y,N,N,N,Y,N,book_document_checklist_excluded,explicit_exclusion_documented,excluded,Internal exclusion coverage,none,
book_document_checklist,CHK-BOOKS-1839,,CHK-BOOKS-1839,"Argonian Account, Book 3","Argonian Account, Book 3",,,Books,Explicit exclusion,,,,0,,merchant_investment,bugged_unofficial_patch_only | unknown_needs_validation,Angeline's Aromatics | Ashfall's Tear CC | Falion's House | ... (10 total),Ashfall's Tear CC / Solstheim | Falkreath / Falkreath Hold | Markarth / The Reach | ... (8 total),Do not route as required investment unless TB-037 later validates official PS4 AE availability.,N,exact_checklist,1,Y,Y,N,Y,N,N,N,Y,N,book_document_checklist_excluded,explicit_exclusion_documented,excluded,Internal exclusion coverage,none,
book_document_checklist,CHK-BOOKS-1840,,CHK-BOOKS-1840,"Argonian Account, Book 4","Argonian Account, Book 4",,,Books,Explicit exclusion,,,,0,,merchant_investment,bugged_unofficial_patch_only | unknown_needs_validation,Angeline's Aromatics | Ashfall's Tear CC | Falion's House | ... (10 total),Ashfall's Tear CC / Solstheim | Falkreath / Falkreath Hold | Markarth / The Reach | ... (8 total),Do not route as required investment unless TB-037 later validates official PS4 AE availability.,N,exact_checklist,1,Y,Y,N,Y,N,N,N,Y,N,book_document_checklist_excluded,explicit_exclusion_documented,excluded,Internal exclusion coverage,none,
book_document_checklist,CHK-BOOKS-1841,OBJ-001103,CHK-BOOKS-1841,Arvel's Journal,Arvel's Journal,book_document,quest_book_title,Books,Main-route prototype block,main_route,base_game,quest_book,1,,,,,,,Y,mapped_objective,1,Y,Y,N,Y,N,N,N,N,N,book_document_checklist_covered,completed_now,complete,Bleak Falls Barrow And First Dragon,none,
book_document_checklist,CHK-BOOKS-1842,,CHK-BOOKS-1842,Atlas of Dragons,Atlas of Dragons,,,Books,Explicit exclusion,,,,0,,merchant_investment,bugged_unofficial_patch_only | unknown_needs_validation,Angeline's Aromatics | Ashfall's Tear CC | Falion's House | ... (10 total),Ashfall's Tear CC / Solstheim | Falkreath / Falkreath Hold | Markarth / The Reach | ... (8 total),Do not route as required investment unless TB-037 later validates official PS4 AE availability.,N,exact_checklist,1,Y,Y,N,Y,N,N,N,Y,N,book_document_checklist_excluded,explicit_exclusion_documented,excluded,Internal exclusion coverage,none,
book_document_checklist,CHK-BOOKS-1843,,CHK-BOOKS-1843,Atronach Forge Manual,Atronach Forge Manual,,,Books,Explicit exclusion,,,,0,,merchant_investment,bugged_unofficial_patch_only | unknown_needs_validation,Angeline's Aromatics | Ashfall's Tear CC | Falion's House | ... (10 total),Ashfall's Tear CC / Solstheim | Falkreath / Falkreath Hold | Markarth / The Reach | ... (8 total),Do not route as required investment unless TB-037 later validates official PS4 AE availability.,N,exact_checklist,1,Y,Y,N,Y,N,N,N,Y,N,book_document_checklist_excluded,explicit_exclusion_documented,excluded,Internal exclusion coverage,none,
book_document_checklist,CHK-BOOKS-1844,,CHK-BOOKS-1844,Azura and the Box,Azura and the Box,,,Books,Explicit exclusion,,,,0,,merchant_investment,bugged_unofficial_patch_only | unknown_needs_validation,Angeline's Aromatics | Ashfall's Tear CC | Falion's House | ... (10 total),Ashfall's Tear CC / Solstheim | Falkreath / Falkreath Hold | Markarth / The Reach | ... (8 total),Do not route as required investment unless TB-037 later validates official PS4 AE availability.,N,exact_checklist,1,Y,Y,N,Y,N,N,N,Y,N,book_document_checklist_excluded,explicit_exclusion_documented,excluded,Internal exclusion coverage,none,
book_document_checklist,CHK-BOOKS-1845,,CHK-BOOKS-1845,Bandit Leader's Journal,Bandit Leader's Journal,,,Books,Explicit exclusion,,,,0,,merchant_investment,bugged_unofficial_patch_only | unknown_needs_validation,Angeline's Aromatics | Ashfall's Tear CC | Falion's House | ... (10 total),Ashfall's Tear CC / Solstheim | Falkreath / Falkreath Hold | Markarth / The Reach | ... (8 total),Do not route as required investment unless TB-037 later validates official PS4 AE availability.,Y,exact_checklist,1,Y,Y,N,Y,N,N,N,Y,N,book_document_checklist_excluded,explicit_exclusion_documented,excluded,Internal exclusion coverage,none,
book_document_checklist,CHK-BOOKS-1846,,CHK-BOOKS-1846,Bandit's Journal,Bandit's Journal,,,Books,Explicit exclusion,,,,0,,merchant_investment,bugged_unofficial_patch_only | unknown_needs_validation,Angeline's Aromatics | Ashfall's Tear CC | Falion's House | ... (10 total),Ashfall's Tear CC / Solstheim | Falkreath / Falkreath Hold | Markarth / The Reach | ... (8 total),Do not route as required investment unless TB-037 later validates official PS4 AE availability.,N,exact_checklist,1,Y,Y,N,Y,N,N,N,Y,N,book_document_checklist_excluded,explicit_exclusion_documented,excluded,Internal exclusion coverage,none,
book_document_checklist,CHK-BOOKS-1847,,CHK-BOOKS-1847,Bandit's Journal,Bandit's Journal,,,Books,Explicit exclusion,,,,0,,merchant_investment,bugged_unofficial_patch_only | unknown_needs_validation,Angeline's Aromatics | Ashfall's Tear CC | Falion's House | ... (10 total),Ashfall's Tear CC / Solstheim | Falkreath / Falkreath Hold | Markarth / The Reach | ... (8 total),Do not route as required investment unless TB-037 later validates official PS4 AE availability.,N,exact_checklist,1,Y,Y,N,Y,N,N,N,Y,N,book_document_checklist_excluded,explicit_exclusion_documented,excluded,Internal exclusion coverage,none,
book_document_checklist,CHK-BOOKS-1848,OBJ-000835,CHK-BOOKS-1848,Battle of Red Mountain,Battle of Red Mountain,book_document,skill_book_title,Books,Main-route prototype block,main_route,base_game,skill_book,5,Largashbur Cellar: Largashbur Cellar (The Rift),skill_book_copy,selected_default_copy_pending_route_validation,Largashbur Cellar,Largashbur Cellar,Collect selected copy when its route block is safe; read after Scholar's Insight and high-skill timing check.,Y,mapped_objective,2,Y,Y,N,Y,Y,N,N,N,N,book_document_checklist_covered,read_in_guide | redistributed_or_gated,complete,"Books, Spells, and Documents | Retrospective redistributed regional sections; no player-facing Location Counter Sweep dump",none,
book_document_checklist,CHK-BOOKS-1849,OBJ-000904,CHK-BOOKS-1849,Battle of Sancre Tor,Battle of Sancre Tor,book_document,skill_book_title,Books,Main-route prototype block,main_route,base_game,skill_book,5,"Bleakcoast Cave: Bleakcoast Cave (Winterhold), carried by a dead conjurer (respawn infinitely)",skill_book_copy,selected_default_copy_pending_route_validation,Bleakcoast Cave,Bleakcoast Cave,Collect selected copy when its route block is safe; read after Scholar's Insight and high-skill timing check.,Y,mapped_objective,4,Y,Y,N,Y,Y,N,N,N,N,book_document_checklist_covered,read_in_guide | redistributed_or_gated | same_location_left_unopened,complete | staged_for_scholars_insight_window | staged_for_selected_copy_later,"Books, Spells, and Documents | Companions Entry | Retrospective redistributed regional sections; no player-facing Location Counter Sweep dump | Riften Thaneship Frost And Rift Roads",none,
book_document_checklist,CHK-BOOKS-1850,OBJ-000860,CHK-BOOKS-1850,Before the Ages of Man,Before the Ages of Man,book_document,skill_book_title,Books,Main-route prototype block,main_route,base_game,skill_book,6,"Angarvunde Ruins: Angarvunde Ruins (The Rift), on a table with embalming tools",skill_book_copy,selected_apocrypha_scholar_insight_copy,Apocrypha,The Hidden Twilight Chapter V,Read during the Tel Mithryn/Nchardak section after Scholar's Insight is active.,Y,exact_checklist,2,Y,Y,N,Y,N,N,N,N,N,book_document_checklist_covered,not_read_here | placed_in_guide,complete | staged_for_scholars_insight_skill_book_window,"Main Quest Staging Before Sky Haven | Tel Mithryn, Nchardak, And Kagrumez",none,
book_document_checklist,CHK-BOOKS-1851,OBJ-000880,CHK-BOOKS-1851,Beggar,Beggar,book_document,skill_book_title,Books,Main-route prototype block,main_route,base_game,skill_book,6,"Haelga's Bunkhouse: Haelga's Bunkhouse (Riften), on a counter upstairs",skill_book_copy,selected_apocrypha_scholar_insight_copy,Apocrypha,Untold Legends Chapter IV,Read during the Benkongerike/Untold Legends Lost Knowledge route after Scholar's Insight is active.,Y,exact_checklist,3,Y,Y,N,Y,N,N,N,N,N,book_document_checklist_covered,placed_in_guide | same_location_left_unopened,complete | staged_for_scholars_insight_window,"First Riften Visit And Guild Doorway | Haafingar Caves Volskygge And Night Hunter | Miraak Finale, Lost Knowledge, And Last Black Books",none,
book_document_checklist,CHK-BOOKS-1852,,CHK-BOOKS-1852,Beggar Prince,Beggar Prince,,,Books,Explicit exclusion,,,,0,,merchant_investment,bugged_unofficial_patch_only | unknown_needs_validation,Angeline's Aromatics | Ashfall's Tear CC | Falion's House | ... (10 total),Ashfall's Tear CC / Solstheim | Falkreath / Falkreath Hold | Markarth / The Reach | ... (8 total),Do not route as required investment unless TB-037 later validates official PS4 AE availability.,N,exact_checklist,1,Y,Y,N,Y,N,N,N,Y,N,book_document_checklist_excluded,explicit_exclusion_documented,excluded,Internal exclusion coverage,none,
book_document_checklist,CHK-BOOKS-1853,,CHK-BOOKS-1853,"Biography of Barenziah, v1","Biography of Barenziah, v1",,,Books,Explicit exclusion,,,,0,,merchant_investment,bugged_unofficial_patch_only | unknown_needs_validation,Angeline's Aromatics | Ashfall's Tear CC | Falion's House | ... (10 total),Ashfall's Tear CC / Solstheim | Falkreath / Falkreath Hold | Markarth / The Reach | ... (8 total),Do not route as required investment unless TB-037 later validates official PS4 AE availability.,N,exact_checklist,1,Y,Y,N,Y,N,N,N,Y,N,book_document_checklist_excluded,explicit_exclusion_documented,excluded,Internal exclusion coverage,none,
book_document_checklist,CHK-BOOKS-1854,,CHK-BOOKS-1854,"Biography of Barenziah, v2","Biography of Barenziah, v2",,,Books,Explicit exclusion,,,,0,,merchant_investment,bugged_unofficial_patch_only | unknown_needs_validation,Angeline's Aromatics | Ashfall's Tear CC | Falion's House | ... (10 total),Ashfall's Tear CC / Solstheim | Falkreath / Falkreath Hold | Markarth / The Reach | ... (8 total),Do not route as required investment unless TB-037 later validates official PS4 AE availability.,N,exact_checklist,1,Y,Y,N,Y,N,N,N,Y,N,book_document_checklist_excluded,explicit_exclusion_documented,excluded,Internal exclusion coverage,none,
book_document_checklist,CHK-BOOKS-1855,,CHK-BOOKS-1855,"Biography of Barenziah, v3","Biography of Barenziah, v3",,,Books,Explicit exclusion,,,,0,,merchant_investment,bugged_unofficial_patch_only | unknown_needs_validation,Angeline's Aromatics | Ashfall's Tear CC | Falion's House | ... (10 total),Ashfall's Tear CC / Solstheim | Falkreath / Falkreath Hold | Markarth / The Reach | ... (8 total),Do not route as required investment unless TB-037 later validates official PS4 AE availability.,N,exact_checklist,1,Y,Y,N,Y,N,N,N,Y,N,book_document_checklist_excluded,explicit_exclusion_documented,excluded,Internal exclusion coverage,none,
book_document_checklist,CHK-BOOKS-1856,OBJ-000902,CHK-BOOKS-1856,Biography of the Wolf Queen,Biography of the Wolf Queen,book_document,skill_book_title,Books,Main-route prototype block,main_route,base_game,skill_book,5,"Blue Palace: Blue Palace (Solitude), Jarl's bedroom",skill_book_copy,selected_default_copy_pending_route_validation,Blue Palace,Blue Palace,Collect selected copy when its route block is safe; read after Scholar's Insight and high-skill timing check.,Y,exact_checklist,3,Y,Y,N,Y,Y,N,N,N,N,book_document_checklist_covered,not_read_here | same_location_left_unopened,staged_for_scholar_insight | staged_for_scholars_insight_window,Goldenglow Honningbrew Solitude And Snow Veil | Markarth Prison Daedric Rites And Reach Redoubts | Peryite's Shrine And Bthardamz,none,
book_document_checklist,CHK-BOOKS-1857,,CHK-BOOKS-1857,Boethiah's Glory,Boethiah's Glory,,,Books,Explicit exclusion,,,,0,,merchant_investment,bugged_unofficial_patch_only | unknown_needs_validation,Angeline's Aromatics | Ashfall's Tear CC | Falion's House | ... (10 total),Ashfall's Tear CC / Solstheim | Falkreath / Falkreath Hold | Markarth / The Reach | ... (8 total),Do not route as required investment unless TB-037 later validates official PS4 AE availability.,N,exact_checklist,1,Y,Y,N,Y,N,N,N,Y,N,book_document_checklist_excluded,explicit_exclusion_documented,excluded,Internal exclusion coverage,none,
book_document_checklist,CHK-BOOKS-1858,OBJ-001109,CHK-BOOKS-1858,Boethiah's Proving,Boethiah's Proving,book_document,quest_book_title,Books,Main-route prototype block,main_route,base_game,quest_book,7,,,,,,,Y,exact_checklist,2,Y,Y,N,Y,N,N,N,N,N,book_document_checklist_covered,not_read_here | quest_book_left_unopened,staged_for_boethiah_daedric_route | staged_for_boethiah_level_30_route,Bards College Lost Library And Instrument Roads | Markarth Nchuand-Zel And Old Hroldan,none,
book_document_checklist,CHK-BOOKS-1859,,CHK-BOOKS-1859,"Bone, Part I","Bone, Part I (DB)",,,Books,Explicit exclusion,,,,0,,merchant_investment,bugged_unofficial_patch_only | unknown_needs_validation,Angeline's Aromatics | Ashfall's Tear CC | Falion's House | ... (10 total),Ashfall's Tear CC / Solstheim | Falkreath / Falkreath Hold | Markarth / The Reach | ... (8 total),Do not route as required investment unless TB-037 later validates official PS4 AE availability.,N,exact_checklist,1,Y,Y,N,Y,N,N,N,Y,N,book_document_checklist_excluded,explicit_exclusion_documented,excluded,Internal exclusion coverage,none,
book_document_checklist,CHK-BOOKS-1860,,CHK-BOOKS-1860,"Bone, Part II","Bone, Part II (DB)",,,Books,Explicit exclusion,,,,0,,merchant_investment,bugged_unofficial_patch_only | unknown_needs_validation,Angeline's Aromatics | Ashfall's Tear CC | Falion's House | ... (10 total),Ashfall's Tear CC / Solstheim | Falkreath / Falkreath Hold | Markarth / The Reach | ... (8 total),Do not route as required investment unless TB-037 later validates official PS4 AE availability.,N,exact_checklist,1,Y,Y,N,Y,N,N,N,Y,N,book_document_checklist_excluded,explicit_exclusion_documented,excluded,Internal exclusion coverage,none,
book_document_checklist,CHK-BOOKS-1861,OBJ-000824,CHK-BOOKS-1861,Breathing Water,Breathing Water,book_document,skill_book_title,Books,Main-route prototype block,main_route,base_game,skill_book,6,"Ilinalta's Deep: Ilinalta's Deep (Falkreath Hold), underwater room, next to a submerged chest",skill_book_copy,selected_apocrypha_scholar_insight_copy,Apocrypha,The Hidden Twilight Chapter V,Read during the Tel Mithryn/Nchardak section after Scholar's Insight is active.,Y,exact_checklist,1,Y,Y,N,Y,N,N,N,N,N,book_document_checklist_covered,placed_in_guide,complete,"Tel Mithryn, Nchardak, And Kagrumez",none,
book_document_checklist,CHK-BOOKS-1862,,CHK-BOOKS-1862,"Brief History of the Empire, v1","Brief History of the Empire, v1",,,Books,Explicit exclusion,,,,0,,merchant_investment,bugged_unofficial_patch_only | unknown_needs_validation,Angeline's Aromatics | Ashfall's Tear CC | Falion's House | ... (10 total),Ashfall's Tear CC / Solstheim | Falkreath / Falkreath Hold | Markarth / The Reach | ... (8 total),Do not route as required investment unless TB-037 later validates official PS4 AE availability.,N,exact_checklist,1,Y,Y,N,Y,N,N,N,Y,N,book_document_checklist_excluded,explicit_exclusion_documented,excluded,Internal exclusion coverage,none,
book_document_checklist,CHK-BOOKS-1863,,CHK-BOOKS-1863,"Brief History of the Empire, v2","Brief History of the Empire, v2",,,Books,Explicit exclusion,,,,0,,merchant_investment,bugged_unofficial_patch_only | unknown_needs_validation,Angeline's Aromatics | Ashfall's Tear CC | Falion's House | ... (10 total),Ashfall's Tear CC / Solstheim | Falkreath / Falkreath Hold | Markarth / The Reach | ... (8 total),Do not route as required investment unless TB-037 later validates official PS4 AE availability.,N,exact_checklist,1,Y,Y,N,Y,N,N,N,Y,N,book_document_checklist_excluded,explicit_exclusion_documented,excluded,Internal exclusion coverage,none,
book_document_checklist,CHK-BOOKS-1864,,CHK-BOOKS-1864,"Brief History of the Empire, v3","Brief History of the Empire, v3",,,Books,Explicit exclusion,,,,0,,merchant_investment,bugged_unofficial_patch_only | unknown_needs_validation,Angeline's Aromatics | Ashfall's Tear CC | Falion's House | ... (10 total),Ashfall's Tear CC / Solstheim | Falkreath / Falkreath Hold | Markarth / The Reach | ... (8 total),Do not route as required investment unless TB-037 later validates official PS4 AE availability.,N,exact_checklist,1,Y,Y,N,Y,N,N,N,Y,N,book_document_checklist_excluded,explicit_exclusion_documented,excluded,Internal exclusion coverage,none,
book_document_checklist,CHK-BOOKS-1865,,CHK-BOOKS-1865,"Brief History of the Empire, v4","Brief History of the Empire, v4",,,Books,Explicit exclusion,,,,0,,merchant_investment,bugged_unofficial_patch_only | unknown_needs_validation,Angeline's Aromatics | Ashfall's Tear CC | Falion's House | ... (10 total),Ashfall's Tear CC / Solstheim | Falkreath / Falkreath Hold | Markarth / The Reach | ... (8 total),Do not route as required investment unless TB-037 later validates official PS4 AE availability.,N,exact_checklist,1,Y,Y,N,Y,N,N,N,Y,N,book_document_checklist_excluded,explicit_exclusion_documented,excluded,Internal exclusion coverage,none,
book_document_checklist,CHK-BOOKS-1866,OBJ-001114,CHK-BOOKS-1866,Brothers of Darkness,Brothers of Darkness,book_document,quest_book_title,Books,Main-route prototype block,main_route,base_game,quest_book,1,,,,,,,Y,exact_checklist,1,Y,N,N,Y,N,N,N,N,N,book_document_checklist_covered,placed_in_guide,complete,"Security, Shadowmere, And The Brotherhood Endgame",none,
book_document_checklist,CHK-BOOKS-1867,OBJ-001115,CHK-BOOKS-1867,Butcher Journal,Butcher Journal,book_document,quest_book_title,Books,Main-route prototype block,main_route,base_game,quest_book,1,,,,,,,Y,exact_checklist,1,Y,N,N,Y,N,N,N,N,N,book_document_checklist_covered,placed_in_guide,complete,Windhelm Murder Investigation And White Phial,none,
book_document_checklist,CHK-BOOKS-1868,OBJ-001116,CHK-BOOKS-1868,Butcher Journal #1,Butcher Journal #1,book_document,quest_book_title,Books,Main-route prototype block,main_route,base_game,quest_book,1,,,,,,,Y,exact_checklist,1,Y,N,N,Y,N,N,N,N,N,book_document_checklist_covered,placed_in_guide,complete,Windhelm Murder Investigation And White Phial,none,
book_document_checklist,CHK-BOOKS-1869,OBJ-001117,CHK-BOOKS-1869,Butcher Journal #2,Butcher Journal #2,book_document,quest_book_title,Books,Main-route prototype block,main_route,base_game,quest_book,1,,,,,,,Y,exact_checklist,1,Y,N,N,Y,N,N,N,N,N,book_document_checklist_covered,placed_in_guide,complete,Windhelm Murder Investigation And White Phial,none,
book_document_checklist,CHK-BOOKS-1870,OBJ-000850,CHK-BOOKS-1870,Catalogue of Armor Enchantments,Catalogue of Armor Enchantments,book_document,skill_book_title,Books,Main-route prototype block,main_route,base_game,skill_book,5,The Brinehammer Below Deck: The Brinehammer Below Deck (The Pale),skill_book_copy,selected_default_copy_pending_route_validation,The Brinehammer Below Deck,The Brinehammer Below Deck,Collect selected copy when its route block is safe; read after Scholar's Insight and high-skill timing check.,Y,mapped_objective,1,Y,Y,N,Y,Y,N,N,N,N,book_document_checklist_covered,read_in_guide,complete,"Books, Spells, and Documents",none,
book_document_checklist,CHK-BOOKS-1871,OBJ-000851,CHK-BOOKS-1871,Catalogue of Weapon Enchantments,Catalogue of Weapon Enchantments,book_document,skill_book_title,Books,Main-route prototype block,main_route,base_game,skill_book,7,"Castle Dour: Castle Dour, Emperor's Tower (Solitude)",skill_book_copy,selected_scholar_insight_route_copy,Roadside Ruins,Roadside Ruins,Read during the Bittercup Roadside Ruins altar pass after Scholar's Insight is active.,Y,exact_checklist,2,Y,Y,N,Y,N,N,N,N,N,book_document_checklist_covered,placed_in_guide | reward_copy_acquired_unread,complete | staged_for_scholars_insight_read,"Bittercup, The Pit, And Fortunate Son | Fellglow Keep And Good Intentions",none,
book_document_checklist,CHK-BOOKS-1872,,CHK-BOOKS-1872,Cats of Skyrim,Cats of Skyrim,,,Books,Explicit exclusion,,,,0,,merchant_investment,bugged_unofficial_patch_only | unknown_needs_validation,Angeline's Aromatics | Ashfall's Tear CC | Falion's House | ... (10 total),Ashfall's Tear CC / Solstheim | Falkreath / Falkreath Hold | Markarth / The Reach | ... (8 total),Do not route as required investment unless TB-037 later validates official PS4 AE availability.,N,exact_checklist,1,Y,Y,N,Y,N,N,N,Y,N,book_document_checklist_excluded,explicit_exclusion_documented,excluded,Internal exclusion coverage,none,
book_document_checklist,CHK-BOOKS-1873,,CHK-BOOKS-1873,Chance's Folly,Chance's Folly,,,Books,Explicit exclusion,,,,0,,merchant_investment,bugged_unofficial_patch_only | unknown_needs_validation,Angeline's Aromatics | Ashfall's Tear CC | Falion's House | ... (10 total),Ashfall's Tear CC / Solstheim | Falkreath / Falkreath Hold | Markarth / The Reach | ... (8 total),Do not route as required investment unless TB-037 later validates official PS4 AE availability.,N,exact_checklist,1,Y,Y,N,Y,N,N,N,Y,N,book_document_checklist_excluded,explicit_exclusion_documented,excluded,Internal exclusion coverage,none,
book_document_checklist,CHK-BOOKS-1874,,CHK-BOOKS-1874,Changed Ones,Changed Ones (DB),,,Books,Explicit exclusion,,,,0,,merchant_investment,bugged_unofficial_patch_only | unknown_needs_validation,Angeline's Aromatics | Ashfall's Tear CC | Falion's House | ... (10 total),Ashfall's Tear CC / Solstheim | Falkreath / Falkreath Hold | Markarth / The Reach | ... (8 total),Do not route as required investment unless TB-037 later validates official PS4 AE availability.,N,exact_checklist,1,Y,Y,N,Y,N,N,N,Y,N,book_document_checklist_excluded,explicit_exclusion_documented,excluded,Internal exclusion coverage,none,
book_document_checklist,CHK-BOOKS-1875,,CHK-BOOKS-1875,"Charwich-Koniinge Letters, v1","Charwich-Koniinge Letters, v1",,,Books,Explicit exclusion,,,,0,,merchant_investment,bugged_unofficial_patch_only | unknown_needs_validation,Angeline's Aromatics | Ashfall's Tear CC | Falion's House | ... (10 total),Ashfall's Tear CC / Solstheim | Falkreath / Falkreath Hold | Markarth / The Reach | ... (8 total),Do not route as required investment unless TB-037 later validates official PS4 AE availability.,N,exact_checklist,1,Y,Y,N,Y,N,N,N,Y,N,book_document_checklist_excluded,explicit_exclusion_documented,excluded,Internal exclusion coverage,none,
book_document_checklist,CHK-BOOKS-1876,,CHK-BOOKS-1876,"Charwich-Koniinge Letters, v3","Charwich-Koniinge Letters, v3",,,Books,Explicit exclusion,,,,0,,merchant_investment,bugged_unofficial_patch_only | unknown_needs_validation,Angeline's Aromatics | Ashfall's Tear CC | Falion's House | ... (10 total),Ashfall's Tear CC / Solstheim | Falkreath / Falkreath Hold | Markarth / The Reach | ... (8 total),Do not route as required investment unless TB-037 later validates official PS4 AE availability.,N,exact_checklist,1,Y,Y,N,Y,N,N,N,Y,N,book_document_checklist_excluded,explicit_exclusion_documented,excluded,Internal exclusion coverage,none,
book_document_checklist,CHK-BOOKS-1877,,CHK-BOOKS-1877,"Charwich-Koniinge Letters, v4","Charwich-Koniinge Letters, v4",,,Books,Explicit exclusion,,,,0,,merchant_investment,bugged_unofficial_patch_only | unknown_needs_validation,Angeline's Aromatics | Ashfall's Tear CC | Falion's House | ... (10 total),Ashfall's Tear CC / Solstheim | Falkreath / Falkreath Hold | Markarth / The Reach | ... (8 total),Do not route as required investment unless TB-037 later validates official PS4 AE availability.,N,exact_checklist,1,Y,Y,N,Y,N,N,N,Y,N,book_document_checklist_excluded,explicit_exclusion_documented,excluded,Internal exclusion coverage,none,
book_document_checklist,CHK-BOOKS-1878,,CHK-BOOKS-1878,"Charwich-Koniinge, v2","Charwich-Koniinge, v2",,,Books,Explicit exclusion,,,,0,,merchant_investment,bugged_unofficial_patch_only | unknown_needs_validation,Angeline's Aromatics | Ashfall's Tear CC | Falion's House | ... (10 total),Ashfall's Tear CC / Solstheim | Falkreath / Falkreath Hold | Markarth / The Reach | ... (8 total),Do not route as required investment unless TB-037 later validates official PS4 AE availability.,N,exact_checklist,1,Y,Y,N,Y,N,N,N,Y,N,book_document_checklist_excluded,explicit_exclusion_documented,excluded,Internal exclusion coverage,none,
book_document_checklist,CHK-BOOKS-1879,,CHK-BOOKS-1879,Chaurus Pie: A Recipe,Chaurus Pie: A Recipe,,,Books,Explicit exclusion,,,,0,,merchant_investment,bugged_unofficial_patch_only | unknown_needs_validation,Angeline's Aromatics | Ashfall's Tear CC | Falion's House | ... (10 total),Ashfall's Tear CC / Solstheim | Falkreath / Falkreath Hold | Markarth / The Reach | ... (8 total),Do not route as required investment unless TB-037 later validates official PS4 AE availability.,N,exact_checklist,1,Y,Y,N,Y,N,N,N,Y,N,book_document_checklist_excluded,explicit_exclusion_documented,excluded,Internal exclusion coverage,none,
book_document_checklist,CHK-BOOKS-1880,OBJ-000889,CHK-BOOKS-1880,Cherim's Heart,Cherim's Heart,book_document,skill_book_title,Books,Main-route prototype block,main_route,base_game,skill_book,5,Broken Oar Grotto: Broken Oar Grotto (Haafingar),skill_book_copy,selected_scholars_insight_route_copy,Purewater Run,Purewater Run,Read during the Interception Purewater Run route after Scholar's Insight is active.,Y,exact_checklist,3,Y,Y,N,Y,N,N,N,N,N,book_document_checklist_covered,audited_not_routed_here | not_read_here | placed_in_guide,complete | staged_for_scholars_insight_window | staged_with_reason,"Dawnstar, Pale Blade, And Heljarchen | High-Risk AE Routes and Separate Worldspaces | Solitude Coast Wild Horse And Wolfskull",none,
book_document_checklist,CHK-BOOKS-1881,,CHK-BOOKS-1881,Children of the all-maker,Children of the all-maker (DB),,,Books,Explicit exclusion,,,,0,,merchant_investment,bugged_unofficial_patch_only | unknown_needs_validation,Angeline's Aromatics | Ashfall's Tear CC | Falion's House | ... (10 total),Ashfall's Tear CC / Solstheim | Falkreath / Falkreath Hold | Markarth / The Reach | ... (8 total),Do not route as required investment unless TB-037 later validates official PS4 AE availability.,N,exact_checklist,1,Y,Y,N,Y,N,N,N,Y,N,book_document_checklist_excluded,explicit_exclusion_documented,excluded,Internal exclusion coverage,none,
book_document_checklist,CHK-BOOKS-1882,OBJ-001118,CHK-BOOKS-1882,Children of the Sky,Children of the Sky,book_document,quest_book_title,Books,Main-route prototype block,main_route,base_game,quest_book,2,,,,,,,Y,exact_checklist,1,Y,N,N,Y,N,N,N,N,N,book_document_checklist_covered,acquired_now,complete,Goldenglow Honningbrew Solitude And Snow Veil,none,
book_document_checklist,CHK-BOOKS-1883,OBJ-000855,CHK-BOOKS-1883,Chimarvamidium,Chimarvamidium,book_document,skill_book_title,Books,Main-route prototype block,main_route,base_game,skill_book,10,Calcelmo's Tower: Calcelmo's Tower (Markarth),skill_book_copy,selected_default_copy_pending_route_validation,Septimus Signus's Outpost,Septimus Signus's Outpost,Collect selected copy when its route block is safe; read after Scholar's Insight and high-skill timing check.,Y,exact_checklist,2,Y,Y,N,Y,N,N,N,N,N,book_document_checklist_covered,audited_not_read_here | not_read_here,staged_for_scholar_insight_or_hard_answers | staged_for_scholars_insight_skill_book_window,Markarth Nchuand-Zel And Old Hroldan | Nightingale Rewards And The Skeleton Key,none,
book_document_checklist,CHK-BOOKS-1884,OBJ-001119,CHK-BOOKS-1884,Chronicles of Nchuleft,Chronicles of Nchuleft,book_document,quest_book_title,Books,Main-route prototype block,main_route,base_game,quest_book,1,,,,,,,Y,mapped_objective,1,Y,Y,N,Y,Y,N,Y,Y,N,book_document_checklist_route_resolution_recorded,needs_route_resolution_added,NEEDS ROUTE RESOLUTION,Final Reconciliation open route-resolution items,none_existing_route_resolution,
book_document_checklist,CHK-BOOKS-1885,,CHK-BOOKS-1885,Cicero's Journal - Final Volume,Cicero's Journal - Final Volume,,,Books,Explicit exclusion,,,,0,,merchant_investment,bugged_unofficial_patch_only | unknown_needs_validation,Angeline's Aromatics | Ashfall's Tear CC | Falion's House | ... (10 total),Ashfall's Tear CC / Solstheim | Falkreath / Falkreath Hold | Markarth / The Reach | ... (8 total),Do not route as required investment unless TB-037 later validates official PS4 AE availability.,Y,exact_checklist,1,Y,Y,N,Y,N,N,N,Y,N,book_document_checklist_excluded,explicit_exclusion_documented,excluded,Internal exclusion coverage,none,
book_document_checklist,CHK-BOOKS-1886,,CHK-BOOKS-1886,Cicero's Journal - Volume 1,Cicero's Journal - Volume 1,,,Books,Explicit exclusion,,,,0,,merchant_investment,bugged_unofficial_patch_only | unknown_needs_validation,Angeline's Aromatics | Ashfall's Tear CC | Falion's House | ... (10 total),Ashfall's Tear CC / Solstheim | Falkreath / Falkreath Hold | Markarth / The Reach | ... (8 total),Do not route as required investment unless TB-037 later validates official PS4 AE availability.,N,exact_checklist,1,Y,Y,N,Y,N,N,N,Y,N,book_document_checklist_excluded,explicit_exclusion_documented,excluded,Internal exclusion coverage,none,
book_document_checklist,CHK-BOOKS-1887,,CHK-BOOKS-1887,Cicero's Journal - Volume 2,Cicero's Journal - Volume 2,,,Books,Explicit exclusion,,,,0,,merchant_investment,bugged_unofficial_patch_only | unknown_needs_validation,Angeline's Aromatics | Ashfall's Tear CC | Falion's House | ... (10 total),Ashfall's Tear CC / Solstheim | Falkreath / Falkreath Hold | Markarth / The Reach | ... (8 total),Do not route as required investment unless TB-037 later validates official PS4 AE availability.,N,exact_checklist,1,Y,Y,N,Y,N,N,N,Y,N,book_document_checklist_excluded,explicit_exclusion_documented,excluded,Internal exclusion coverage,none,
book_document_checklist,CHK-BOOKS-1888,,CHK-BOOKS-1888,Cicero's Journal - Volume 3,Cicero's Journal - Volume 3,,,Books,Explicit exclusion,,,,0,,merchant_investment,bugged_unofficial_patch_only | unknown_needs_validation,Angeline's Aromatics | Ashfall's Tear CC | Falion's House | ... (10 total),Ashfall's Tear CC / Solstheim | Falkreath / Falkreath Hold | Markarth / The Reach | ... (8 total),Do not route as required investment unless TB-037 later validates official PS4 AE availability.,N,exact_checklist,1,Y,Y,N,Y,N,N,N,Y,N,book_document_checklist_excluded,explicit_exclusion_documented,excluded,Internal exclusion coverage,none,
book_document_checklist,CHK-BOOKS-1889,,CHK-BOOKS-1889,Cicero's Journal - Volume 4,Cicero's Journal - Volume 4,,,Books,Explicit exclusion,,,,0,,merchant_investment,bugged_unofficial_patch_only | unknown_needs_validation,Angeline's Aromatics | Ashfall's Tear CC | Falion's House | ... (10 total),Ashfall's Tear CC / Solstheim | Falkreath / Falkreath Hold | Markarth / The Reach | ... (8 total),Do not route as required investment unless TB-037 later validates official PS4 AE availability.,N,exact_checklist,1,Y,Y,N,Y,N,N,N,Y,N,book_document_checklist_excluded,explicit_exclusion_documented,excluded,Internal exclusion coverage,none,
book_document_checklist,CHK-BOOKS-1890,OBJ-001120,CHK-BOOKS-1890,Cleansing of the Fane,Cleansing of the Fane,book_document,quest_book_title,Books,Main-route prototype block,main_route,base_game,quest_book,1,UESP member page lists this as a quest-related book/document but does not list a fixed acquisition location; exact acquisition context deferred.,,,,,,Y,mapped_objective,1,Y,Y,N,N,Y,N,Y,Y,N,book_document_checklist_route_resolution_recorded,needs_route_resolution_added,NEEDS ROUTE RESOLUTION,Final Reconciliation open route-resolution items,none_existing_route_resolution,
book_document_checklist,CHK-BOOKS-1891,,CHK-BOOKS-1891,Confessions of a Dunmer Skooma Eater,Confessions of a Dunmer Skooma Eater (DB),,,Books,Explicit exclusion,,,,0,,merchant_investment,bugged_unofficial_patch_only | unknown_needs_validation,Angeline's Aromatics | Ashfall's Tear CC | Falion's House | ... (10 total),Ashfall's Tear CC / Solstheim | Falkreath / Falkreath Hold | Markarth / The Reach | ... (8 total),Do not route as required investment unless TB-037 later validates official PS4 AE availability.,N,exact_checklist,1,Y,Y,N,Y,N,N,N,Y,N,book_document_checklist_excluded,explicit_exclusion_documented,excluded,Internal exclusion coverage,none,
book_document_checklist,CHK-BOOKS-1892,,CHK-BOOKS-1892,Confessions Of A Khajiit Fur Trader,Confessions Of A Khajiit Fur Trader (DG),,,Books,Explicit exclusion,,,,0,,merchant_investment,bugged_unofficial_patch_only | unknown_needs_validation,Angeline's Aromatics | Ashfall's Tear CC | Falion's House | ... (10 total),Ashfall's Tear CC / Solstheim | Falkreath / Falkreath Hold | Markarth / The Reach | ... (8 total),Do not route as required investment unless TB-037 later validates official PS4 AE availability.,N,exact_checklist,1,Y,Y,N,Y,N,N,N,Y,N,book_document_checklist_excluded,explicit_exclusion_documented,excluded,Internal exclusion coverage,none,
book_document_checklist,CHK-BOOKS-1893,,CHK-BOOKS-1893,Cook's Journal,Cook's Journal,,,Books,Explicit exclusion,,,,0,,merchant_investment,bugged_unofficial_patch_only | unknown_needs_validation,Angeline's Aromatics | Ashfall's Tear CC | Falion's House | ... (10 total),Ashfall's Tear CC / Solstheim | Falkreath / Falkreath Hold | Markarth / The Reach | ... (8 total),Do not route as required investment unless TB-037 later validates official PS4 AE availability.,N,exact_checklist,1,Y,Y,N,Y,N,N,N,Y,N,book_document_checklist_excluded,explicit_exclusion_documented,excluded,Internal exclusion coverage,none,
book_document_checklist,CHK-BOOKS-1894,,CHK-BOOKS-1894,Darkest Darkness,Darkest Darkness,,,Books,Explicit exclusion,,,,0,,merchant_investment,bugged_unofficial_patch_only | unknown_needs_validation,Angeline's Aromatics | Ashfall's Tear CC | Falion's House | ... (10 total),Ashfall's Tear CC / Solstheim | Falkreath / Falkreath Hold | Markarth / The Reach | ... (8 total),Do not route as required investment unless TB-037 later validates official PS4 AE availability.,N,exact_checklist,1,Y,Y,N,Y,N,N,N,Y,N,book_document_checklist_excluded,explicit_exclusion_documented,excluded,Internal exclusion coverage,none,
book_document_checklist,CHK-BOOKS-1895,OBJ-000825,CHK-BOOKS-1895,Daughter of the Niben,Daughter of the Niben,book_document,skill_book_title,Books,Main-route prototype block,main_route,base_game,skill_book,5,"Brandy-Mug Farm: Brandy-Mug Farm (Eastmarch), on top of the fireplace",skill_book_copy,selected_default_copy_pending_route_validation,Brandy-Mug Farm,Brandy-Mug Farm,Collect selected copy when its route block is safe; read after Scholar's Insight and high-skill timing check.,Y,exact_checklist,2,Y,Y,N,Y,Y,N,N,N,N,book_document_checklist_covered,nearby_candidate_not_routed | reward_copy_acquired_unread,staged_for_scholars_insight_read | staged_for_scholars_insight_window,Fellglow Keep And Good Intentions | Windhelm Murder Investigation And White Phial,none,
book_document_checklist,CHK-BOOKS-1896,OBJ-001123,CHK-BOOKS-1896,Daynas Valen's Journal,Daynas Valen's Journal,book_document,quest_book_title,Books,Main-route prototype block,main_route,base_game,quest_book,1,,,,,,,Y,exact_checklist,1,Y,N,N,Y,N,N,N,N,N,book_document_checklist_covered,placed_in_guide,complete,Potema Shield Of Solitude And Bone Wolf,none,
book_document_checklist,CHK-BOOKS-1897,OBJ-001124,CHK-BOOKS-1897,Daynas Valen's Notes,Daynas Valen's Notes,book_document,quest_book_title,Books,Main-route prototype block,main_route,base_game,quest_book,1,,,,,,,Y,exact_checklist,1,Y,N,N,Y,N,N,N,N,N,book_document_checklist_covered,placed_in_guide,complete,Potema Shield Of Solitude And Bone Wolf,none,
book_document_checklist,CHK-BOOKS-1898,OBJ-000820,CHK-BOOKS-1898,De Rerum Dirennis,De Rerum Dirennis,book_document,skill_book_title,Books,Main-route prototype block,main_route,base_game,skill_book,6,240 ft N of Evergreen Grove: 240 ft N of Evergreen Grove (Falkreath Hold),skill_book_copy,selected_default_copy_pending_route_validation,240 ft N of Evergreen Grove,240 ft N of Evergreen Grove,Collect selected copy when its route block is safe; read after Scholar's Insight and high-skill timing check.,Y,exact_checklist,1,Y,Y,N,Y,Y,N,N,N,N,book_document_checklist_covered,same_location_left_unopened,staged_for_scholars_insight_window,Haafingar Caves Volskygge And Night Hunter,none,
book_document_checklist,CHK-BOOKS-1899,OBJ-000836,CHK-BOOKS-1899,Death Blow of Ebernanit,Death Blow of Ebernanit,book_document,skill_book_title,Books,Main-route prototype block,main_route,base_game,skill_book,6,430 ft W of Dawnstar: 430 ft W of Dawnstar,skill_book_copy,selected_apocrypha_scholar_insight_copy,Apocrypha,Epistolary Acumen Chapter III,Read during the Tel Mithryn/Nchardak section after Scholar's Insight is active.,Y,exact_checklist,2,Y,Y,N,Y,N,N,N,N,N,book_document_checklist_covered,audited_not_routed_here | placed_in_guide,complete | staged_with_reason,"Dawnstar, Pale Blade, And Heljarchen | Tel Mithryn, Nchardak, And Kagrumez",none,
book_document_checklist,CHK-BOOKS-1900,,CHK-BOOKS-1900,Death of a Wanderer,Death of a Wanderer,,,Books,Explicit exclusion,,,,0,,merchant_investment,bugged_unofficial_patch_only | unknown_needs_validation,Angeline's Aromatics | Ashfall's Tear CC | Falion's House | ... (10 total),Ashfall's Tear CC / Solstheim | Falkreath / Falkreath Hold | Markarth / The Reach | ... (8 total),Do not route as required investment unless TB-037 later validates official PS4 AE availability.,N,exact_checklist,1,Y,Y,N,Y,N,N,N,Y,N,book_document_checklist_excluded,explicit_exclusion_documented,excluded,Internal exclusion coverage,none,
book_document_checklist,CHK-BOOKS-1901,OBJ-000463,CHK-BOOKS-1901,Deathbrand,Deathbrand (DB),quest,dragonborn_other_side_quest,Books,Main-route prototype block,main_route,dragonborn,,0,,,,,,,Y,exact_checklist,1,Y,Y,N,N,N,N,N,N,N,book_document_checklist_covered,placed_in_guide,complete,"Solstheim Entry, Raven Rock Core, And Frostmoon Rings",none,
book_document_checklist,CHK-BOOKS-1902,,CHK-BOOKS-1902,Decree of Monument,Decree of Monument,,,Books,Explicit exclusion,,,,0,,merchant_investment,bugged_unofficial_patch_only | unknown_needs_validation,Angeline's Aromatics | Ashfall's Tear CC | Falion's House | ... (10 total),Ashfall's Tear CC / Solstheim | Falkreath / Falkreath Hold | Markarth / The Reach | ... (8 total),Do not route as required investment unless TB-037 later validates official PS4 AE availability.,N,exact_checklist,1,Y,Y,N,Y,N,N,N,Y,N,book_document_checklist_excluded,explicit_exclusion_documented,excluded,Internal exclusion coverage,none,
book_document_checklist,CHK-BOOKS-1903,OBJ-001077,CHK-BOOKS-1903,Diary of Faire Agarwen,Diary of Faire Agarwen (DG),book_document,quest_book_title,Books,Main-route prototype block,main_route,dawnguard,quest_book,1,"The Arcanaeum: Urag gro-Shub gives this translated copy when buying Unknown Book, Vol. III.",,,,,,Y,exact_checklist,1,Y,N,N,Y,N,N,N,N,N,book_document_checklist_covered,placed_in_guide,complete,Dawnguard Worldspaces,none,
book_document_checklist,CHK-BOOKS-1904,OBJ-001125,CHK-BOOKS-1904,"Discovering Ruunvald, Vol. I","Discovering Ruunvald, Vol. I",book_document,quest_book_title,Books,Main-route prototype block,main_route,dawnguard,quest_book,1,,,,,,,Y,exact_checklist,1,Y,N,N,Y,N,N,N,N,N,book_document_checklist_covered,placed_in_guide,complete,Fort Dawnguard Recruits Prophet And Lost Relics,none,
book_document_checklist,CHK-BOOKS-1905,OBJ-001126,CHK-BOOKS-1905,"Discovering Ruunvald, Vol. II","Discovering Ruunvald, Vol. II",book_document,quest_book_title,Books,Main-route prototype block,main_route,dawnguard,quest_book,1,,,,,,,Y,exact_checklist,1,Y,N,N,Y,N,N,N,N,N,book_document_checklist_covered,placed_in_guide,complete,Fort Dawnguard Recruits Prophet And Lost Relics,none,
book_document_checklist,CHK-BOOKS-1906,OBJ-001127,CHK-BOOKS-1906,"Discovering Ruunvald, Vol. III","Discovering Ruunvald, Vol. III",book_document,quest_book_title,Books,Main-route prototype block,main_route,dawnguard,quest_book,1,,,,,,,Y,exact_checklist,1,Y,N,N,Y,N,N,N,N,N,book_document_checklist_covered,placed_in_guide,complete,Fort Dawnguard Recruits Prophet And Lost Relics,none,
book_document_checklist,CHK-BOOKS-1907,OBJ-001128,CHK-BOOKS-1907,"Discovering Ruunvald, Vol. IV","Discovering Ruunvald, Vol. IV",book_document,quest_book_title,Books,Main-route prototype block,main_route,dawnguard,quest_book,1,,,,,,,Y,exact_checklist,1,Y,N,N,Y,N,N,N,N,N,book_document_checklist_covered,placed_in_guide,complete,Fort Dawnguard Recruits Prophet And Lost Relics,none,
book_document_checklist,CHK-BOOKS-1908,,CHK-BOOKS-1908,Dragon Language: Myth no More,Dragon Language: Myth no More,,,Books,Explicit exclusion,,,,0,,merchant_investment,bugged_unofficial_patch_only | unknown_needs_validation,Angeline's Aromatics | Ashfall's Tear CC | Falion's House | ... (10 total),Ashfall's Tear CC / Solstheim | Falkreath / Falkreath Hold | Markarth / The Reach | ... (8 total),Do not route as required investment unless TB-037 later validates official PS4 AE availability.,N,exact_checklist,1,Y,Y,N,Y,N,N,N,Y,N,book_document_checklist_excluded,explicit_exclusion_documented,excluded,Internal exclusion coverage,none,
book_document_checklist,CHK-BOOKS-1909,,CHK-BOOKS-1909,Dunmer of Skyrim,Dunmer of Skyrim,,,Books,Explicit exclusion,,,,0,,merchant_investment,bugged_unofficial_patch_only | unknown_needs_validation,Angeline's Aromatics | Ashfall's Tear CC | Falion's House | ... (10 total),Ashfall's Tear CC / Solstheim | Falkreath / Falkreath Hold | Markarth / The Reach | ... (8 total),Do not route as required investment unless TB-037 later validates official PS4 AE availability.,N,exact_checklist,1,Y,Y,N,Y,N,N,N,Y,N,book_document_checklist_excluded,explicit_exclusion_documented,excluded,Internal exclusion coverage,none,
book_document_checklist,CHK-BOOKS-1910,,CHK-BOOKS-1910,"Dwarves, v1","Dwarves, v1",,,Books,Explicit exclusion,,,,0,,merchant_investment,bugged_unofficial_patch_only | unknown_needs_validation,Angeline's Aromatics | Ashfall's Tear CC | Falion's House | ... (10 total),Ashfall's Tear CC / Solstheim | Falkreath / Falkreath Hold | Markarth / The Reach | ... (8 total),Do not route as required investment unless TB-037 later validates official PS4 AE availability.,N,exact_checklist,1,Y,Y,N,Y,N,N,N,Y,N,book_document_checklist_excluded,explicit_exclusion_documented,excluded,Internal exclusion coverage,none,
book_document_checklist,CHK-BOOKS-1911,,CHK-BOOKS-1911,"Dwarves, v2","Dwarves, v2",,,Books,Explicit exclusion,,,,0,,merchant_investment,bugged_unofficial_patch_only | unknown_needs_validation,Angeline's Aromatics | Ashfall's Tear CC | Falion's House | ... (10 total),Ashfall's Tear CC / Solstheim | Falkreath / Falkreath Hold | Markarth / The Reach | ... (8 total),Do not route as required investment unless TB-037 later validates official PS4 AE availability.,N,exact_checklist,1,Y,Y,N,Y,N,N,N,Y,N,book_document_checklist_excluded,explicit_exclusion_documented,excluded,Internal exclusion coverage,none,
book_document_checklist,CHK-BOOKS-1912,,CHK-BOOKS-1912,"Dwarves, v3","Dwarves, v3",,,Books,Explicit exclusion,,,,0,,merchant_investment,bugged_unofficial_patch_only | unknown_needs_validation,Angeline's Aromatics | Ashfall's Tear CC | Falion's House | ... (10 total),Ashfall's Tear CC / Solstheim | Falkreath / Falkreath Hold | Markarth / The Reach | ... (8 total),Do not route as required investment unless TB-037 later validates official PS4 AE availability.,N,exact_checklist,1,Y,Y,N,Y,N,N,N,Y,N,book_document_checklist_excluded,explicit_exclusion_documented,excluded,Internal exclusion coverage,none,
book_document_checklist,CHK-BOOKS-1913,,CHK-BOOKS-1913,Dwemer History and Culture,Dwemer History and Culture,,,Books,Explicit exclusion,,,,0,,merchant_investment,bugged_unofficial_patch_only | unknown_needs_validation,Angeline's Aromatics | Ashfall's Tear CC | Falion's House | ... (10 total),Ashfall's Tear CC / Solstheim | Falkreath / Falkreath Hold | Markarth / The Reach | ... (8 total),Do not route as required investment unless TB-037 later validates official PS4 AE availability.,N,exact_checklist,1,Y,Y,N,Y,N,N,N,Y,N,book_document_checklist_excluded,explicit_exclusion_documented,excluded,Internal exclusion coverage,none,
book_document_checklist,CHK-BOOKS-1914,,CHK-BOOKS-1914,Dwemer Inquiries Vol I,Dwemer Inquiries Vol I,,,Books,Explicit exclusion,,,,0,,merchant_investment,bugged_unofficial_patch_only | unknown_needs_validation,Angeline's Aromatics | Ashfall's Tear CC | Falion's House | ... (10 total),Ashfall's Tear CC / Solstheim | Falkreath / Falkreath Hold | Markarth / The Reach | ... (8 total),Do not route as required investment unless TB-037 later validates official PS4 AE availability.,N,exact_checklist,1,Y,Y,N,Y,N,N,N,Y,N,book_document_checklist_excluded,explicit_exclusion_documented,excluded,Internal exclusion coverage,none,
book_document_checklist,CHK-BOOKS-1915,,CHK-BOOKS-1915,Dwemer Inquiries Vol II,Dwemer Inquiries Vol II,,,Books,Explicit exclusion,,,,0,,merchant_investment,bugged_unofficial_patch_only | unknown_needs_validation,Angeline's Aromatics | Ashfall's Tear CC | Falion's House | ... (10 total),Ashfall's Tear CC / Solstheim | Falkreath / Falkreath Hold | Markarth / The Reach | ... (8 total),Do not route as required investment unless TB-037 later validates official PS4 AE availability.,N,exact_checklist,1,Y,Y,N,Y,N,N,N,Y,N,book_document_checklist_excluded,explicit_exclusion_documented,excluded,Internal exclusion coverage,none,
book_document_checklist,CHK-BOOKS-1916,,CHK-BOOKS-1916,Dwemer Inquiries Vol III,Dwemer Inquiries Vol III,,,Books,Explicit exclusion,,,,0,,merchant_investment,bugged_unofficial_patch_only | unknown_needs_validation,Angeline's Aromatics | Ashfall's Tear CC | Falion's House | ... (10 total),Ashfall's Tear CC / Solstheim | Falkreath / Falkreath Hold | Markarth / The Reach | ... (8 total),Do not route as required investment unless TB-037 later validates official PS4 AE availability.,N,exact_checklist,1,Y,Y,N,Y,N,N,N,Y,N,book_document_checklist_excluded,explicit_exclusion_documented,excluded,Internal exclusion coverage,none,
book_document_checklist,CHK-BOOKS-1917,,CHK-BOOKS-1917,Effects of the Elder Scrolls,Effects of the Elder Scrolls,,,Books,Explicit exclusion,,,,0,,merchant_investment,bugged_unofficial_patch_only | unknown_needs_validation,Angeline's Aromatics | Ashfall's Tear CC | Falion's House | ... (10 total),Ashfall's Tear CC / Solstheim | Falkreath / Falkreath Hold | Markarth / The Reach | ... (8 total),Do not route as required investment unless TB-037 later validates official PS4 AE availability.,N,exact_checklist,1,Y,Y,N,Y,N,N,N,Y,N,book_document_checklist_excluded,explicit_exclusion_documented,excluded,Internal exclusion coverage,none,
book_document_checklist,CHK-BOOKS-1918,OBJ-001134,CHK-BOOKS-1918,Eisa's Journal,Eisa's Journal,book_document,quest_book_title,Books,Main-route prototype block,main_route,base_game,quest_book,1,,,,,,,Y,exact_checklist,1,Y,N,N,Y,N,N,N,N,N,book_document_checklist_covered,placed_in_guide,complete,"Dawnstar, Pale Blade, And Heljarchen",none,
book_document_checklist,CHK-BOOKS-1919,OBJ-000852,CHK-BOOKS-1919,Enchanter's Primer,Enchanter's Primer,book_document,skill_book_title,Books,Main-route prototype block,main_route,base_game,skill_book,6,"Carlotta Valentia's House: Carlotta Valentia's House (Whiterun), on the bedroom floor",skill_book_copy,selected_default_copy_pending_route_validation,Carlotta Valentia's House,Carlotta Valentia's House,Collect selected copy when its route block is safe; read after Scholar's Insight and high-skill timing check.,Y,exact_checklist,1,Y,Y,N,Y,Y,N,N,N,N,book_document_checklist_covered,same_room_left_unopened,staged_for_scholars_insight_window,Bards College Lost Library And Instrument Roads,none,
book_document_checklist,CHK-BOOKS-1920,,CHK-BOOKS-1920,Endrast's Journal,Endrast's Journal,,,Books,Explicit exclusion,,,,0,,merchant_investment,bugged_unofficial_patch_only | unknown_needs_validation,Angeline's Aromatics | Ashfall's Tear CC | Falion's House | ... (10 total),Ashfall's Tear CC / Solstheim | Falkreath / Falkreath Hold | Markarth / The Reach | ... (8 total),Do not route as required investment unless TB-037 later validates official PS4 AE availability.,N,exact_checklist,1,Y,Y,N,Y,N,N,N,Y,N,book_document_checklist_excluded,explicit_exclusion_documented,excluded,Internal exclusion coverage,none,
book_document_checklist,CHK-BOOKS-1921,OBJ-001136,CHK-BOOKS-1921,Erj's Notes,Erj's Notes,book_document,quest_book_title,Books,Main-route prototype block,main_route,base_game,quest_book,1,,,,,,,Y,exact_checklist,1,Y,N,N,Y,N,N,N,N,N,book_document_checklist_covered,acquired_now,complete,Markarth Nchuand-Zel And Old Hroldan,none,
book_document_checklist,CHK-BOOKS-1922,,CHK-BOOKS-1922,Expedition Manifest,Expedition Manifest,,,Books,Explicit exclusion,,,,0,,merchant_investment,bugged_unofficial_patch_only | unknown_needs_validation,Angeline's Aromatics | Ashfall's Tear CC | Falion's House | ... (10 total),Ashfall's Tear CC / Solstheim | Falkreath / Falkreath Hold | Markarth / The Reach | ... (8 total),Do not route as required investment unless TB-037 later validates official PS4 AE availability.,N,exact_checklist,1,Y,Y,N,Y,N,N,N,Y,N,book_document_checklist_excluded,explicit_exclusion_documented,excluded,Internal exclusion coverage,none,
book_document_checklist,CHK-BOOKS-1923,,CHK-BOOKS-1923,Eydis's Journal,Eydis's Journal (DB),,,Books,Explicit exclusion,,,,0,,merchant_investment,bugged_unofficial_patch_only | unknown_needs_validation,Angeline's Aromatics | Ashfall's Tear CC | Falion's House | ... (10 total),Ashfall's Tear CC / Solstheim | Falkreath / Falkreath Hold | Markarth / The Reach | ... (8 total),Do not route as required investment unless TB-037 later validates official PS4 AE availability.,N,exact_checklist,1,Y,Y,N,Y,N,N,N,Y,N,book_document_checklist_excluded,explicit_exclusion_documented,excluded,Internal exclusion coverage,none,
book_document_checklist,CHK-BOOKS-1924,,CHK-BOOKS-1924,Faded Diary,Faded Diary,,,Books,Explicit exclusion,,,,0,,merchant_investment,bugged_unofficial_patch_only | unknown_needs_validation,Angeline's Aromatics | Ashfall's Tear CC | Falion's House | ... (10 total),Ashfall's Tear CC / Solstheim | Falkreath / Falkreath Hold | Markarth / The Reach | ... (8 total),Do not route as required investment unless TB-037 later validates official PS4 AE availability.,N,exact_checklist,1,Y,Y,N,Y,N,N,N,Y,N,book_document_checklist_excluded,explicit_exclusion_documented,excluded,Internal exclusion coverage,none,
book_document_checklist,CHK-BOOKS-1925,,CHK-BOOKS-1925,Fall from Glory,Fall from Glory,,,Books,Explicit exclusion,,,,0,,merchant_investment,bugged_unofficial_patch_only | unknown_needs_validation,Angeline's Aromatics | Ashfall's Tear CC | Falion's House | ... (10 total),Ashfall's Tear CC / Solstheim | Falkreath / Falkreath Hold | Markarth / The Reach | ... (8 total),Do not route as required investment unless TB-037 later validates official PS4 AE availability.,N,exact_checklist,1,Y,Y,N,Y,N,N,N,Y,N,book_document_checklist_excluded,explicit_exclusion_documented,excluded,Internal exclusion coverage,none,
book_document_checklist,CHK-BOOKS-1926,,CHK-BOOKS-1926,Fall of the Snow Prince,Fall of the Snow Prince,,,Books,Explicit exclusion,,,,0,,merchant_investment,bugged_unofficial_patch_only | unknown_needs_validation,Angeline's Aromatics | Ashfall's Tear CC | Falion's House | ... (10 total),Ashfall's Tear CC / Solstheim | Falkreath / Falkreath Hold | Markarth / The Reach | ... (8 total),Do not route as required investment unless TB-037 later validates official PS4 AE availability.,N,exact_checklist,1,Y,Y,N,Y,N,N,N,Y,N,book_document_checklist_excluded,explicit_exclusion_documented,excluded,Internal exclusion coverage,none,
book_document_checklist,CHK-BOOKS-1927,OBJ-000829,CHK-BOOKS-1927,Father Of The Niben,Father Of The Niben,book_document,skill_book_title,Books,Main-route prototype block,main_route,base_game,skill_book,5,"Hunter's Rest: Hunter's Rest (Falkreath Hold), between two bedrolls",skill_book_copy,selected_default_copy_pending_route_validation,Hunter's Rest,Hunter's Rest,Collect selected copy when its route block is safe; read after Scholar's Insight and high-skill timing check.,Y,mapped_objective,3,Y,Y,N,Y,Y,N,N,N,N,book_document_checklist_covered,read_in_guide | redistributed_or_gated | same_location_left_unopened,complete | staged_for_scholars_insight_window,"Books, Spells, and Documents | Retrospective redistributed regional sections; no player-facing Location Counter Sweep dump | Riften Thaneship Frost And Rift Roads",none,
book_document_checklist,CHK-BOOKS-1928,,CHK-BOOKS-1928,Feyfolken I,Feyfolken I,,,Books,Explicit exclusion,,,,0,,merchant_investment,bugged_unofficial_patch_only | unknown_needs_validation,Angeline's Aromatics | Ashfall's Tear CC | Falion's House | ... (10 total),Ashfall's Tear CC / Solstheim | Falkreath / Falkreath Hold | Markarth / The Reach | ... (8 total),Do not route as required investment unless TB-037 later validates official PS4 AE availability.,N,exact_checklist,1,Y,Y,N,Y,N,N,N,Y,N,book_document_checklist_excluded,explicit_exclusion_documented,excluded,Internal exclusion coverage,none,
book_document_checklist,CHK-BOOKS-1929,,CHK-BOOKS-1929,Feyfolken II,Feyfolken II,,,Books,Explicit exclusion,,,,0,,merchant_investment,bugged_unofficial_patch_only | unknown_needs_validation,Angeline's Aromatics | Ashfall's Tear CC | Falion's House | ... (10 total),Ashfall's Tear CC / Solstheim | Falkreath / Falkreath Hold | Markarth / The Reach | ... (8 total),Do not route as required investment unless TB-037 later validates official PS4 AE availability.,N,exact_checklist,1,Y,Y,N,Y,N,N,N,Y,N,book_document_checklist_excluded,explicit_exclusion_documented,excluded,Internal exclusion coverage,none,
book_document_checklist,CHK-BOOKS-1930,,CHK-BOOKS-1930,Feyfolken III,Feyfolken III,,,Books,Explicit exclusion,,,,0,,merchant_investment,bugged_unofficial_patch_only | unknown_needs_validation,Angeline's Aromatics | Ashfall's Tear CC | Falion's House | ... (10 total),Ashfall's Tear CC / Solstheim | Falkreath / Falkreath Hold | Markarth / The Reach | ... (8 total),Do not route as required investment unless TB-037 later validates official PS4 AE availability.,N,exact_checklist,1,Y,Y,N,Y,N,N,N,Y,N,book_document_checklist_excluded,explicit_exclusion_documented,excluded,Internal exclusion coverage,none,
book_document_checklist,CHK-BOOKS-1931,,CHK-BOOKS-1931,Final Lesson,Final Lesson,,,Books,Explicit exclusion,,,,0,,merchant_investment,bugged_unofficial_patch_only | unknown_needs_validation,Angeline's Aromatics | Ashfall's Tear CC | Falion's House | ... (10 total),Ashfall's Tear CC / Solstheim | Falkreath / Falkreath Hold | Markarth / The Reach | ... (8 total),Do not route as required investment unless TB-037 later validates official PS4 AE availability.,N,exact_checklist,1,Y,Y,N,Y,N,N,N,Y,N,book_document_checklist_excluded,explicit_exclusion_documented,excluded,Internal exclusion coverage,none,
book_document_checklist,CHK-BOOKS-1932,OBJ-000875,CHK-BOOKS-1932,Fire and Darkness,Fire and Darkness,book_document,skill_book_title,Books,Main-route prototype block,main_route,base_game,skill_book,6,"Dawnstar Sanctuary: Dawnstar Sanctuary, basement",skill_book_copy,selected_apocrypha_scholar_insight_copy,Apocrypha,Epistolary Acumen Chapter III,Read during the Tel Mithryn/Nchardak section after Scholar's Insight is active.,Y,exact_checklist,3,Y,Y,N,Y,N,N,N,N,N,book_document_checklist_covered,not_read_here | placed_in_guide | same_location_left_unopened,complete | staged_for_scholars_insight_skill_book_window | staged_for_scholars_insight_window,"Main Quest Staging Before Sky Haven | Potema Shield Of Solitude And Bone Wolf | Tel Mithryn, Nchardak, And Kagrumez",none,
book_document_checklist,CHK-BOOKS-1933,OBJ-001397,CHK-BOOKS-1933,Fisherman's Journal,Fisherman's Journal,book_document,ae_book_title,Books,Main-route prototype block,main_route,ae_creation,ae_book,1,,,,,,,Y,mapped_objective,1,Y,N,N,Y,N,N,N,N,N,book_document_checklist_covered,audited_not_acquired_here,staged_for_fishing_route,Nightingale Rewards And The Skeleton Key,none,
book_document_checklist,CHK-BOOKS-1934,OBJ-001397,CHK-BOOKS-1934,Fisherman's Journal,Fisherman's Journal,book_document,ae_book_title,Books,Main-route prototype block,main_route,ae_creation,ae_book,1,,,,,,,Y,mapped_objective,1,Y,N,N,Y,N,N,N,N,N,book_document_checklist_covered,audited_not_acquired_here,staged_for_fishing_route,Nightingale Rewards And The Skeleton Key,none,
book_document_checklist,CHK-BOOKS-1935,,CHK-BOOKS-1935,Five Songs of King Wulfharth,Five Songs of King Wulfharth,,,Books,Explicit exclusion,,,,0,,merchant_investment,bugged_unofficial_patch_only | unknown_needs_validation,Angeline's Aromatics | Ashfall's Tear CC | Falion's House | ... (10 total),Ashfall's Tear CC / Solstheim | Falkreath / Falkreath Hold | Markarth / The Reach | ... (8 total),Do not route as required investment unless TB-037 later validates official PS4 AE availability.,N,exact_checklist,1,Y,Y,N,Y,N,N,N,Y,N,book_document_checklist_excluded,explicit_exclusion_documented,excluded,Internal exclusion coverage,none,
book_document_checklist,CHK-BOOKS-1936,,CHK-BOOKS-1936,Flight from the Thalmor,Flight from the Thalmor,,,Books,Explicit exclusion,,,,0,,merchant_investment,bugged_unofficial_patch_only | unknown_needs_validation,Angeline's Aromatics | Ashfall's Tear CC | Falion's House | ... (10 total),Ashfall's Tear CC / Solstheim | Falkreath / Falkreath Hold | Markarth / The Reach | ... (8 total),Do not route as required investment unless TB-037 later validates official PS4 AE availability.,N,exact_checklist,1,Y,Y,N,Y,N,N,N,Y,N,book_document_checklist_excluded,explicit_exclusion_documented,excluded,Internal exclusion coverage,none,
book_document_checklist,CHK-BOOKS-1937,,CHK-BOOKS-1937,"Forge, Hammer and Anvil","Forge, Hammer and Anvil",,,Books,Explicit exclusion,,,,0,,merchant_investment,bugged_unofficial_patch_only | unknown_needs_validation,Angeline's Aromatics | Ashfall's Tear CC | Falion's House | ... (10 total),Ashfall's Tear CC / Solstheim | Falkreath / Falkreath Hold | Markarth / The Reach | ... (8 total),Do not route as required investment unless TB-037 later validates official PS4 AE availability.,N,exact_checklist,1,Y,Y,N,Y,N,N,N,Y,N,book_document_checklist_excluded,explicit_exclusion_documented,excluded,Internal exclusion coverage,none,
book_document_checklist,CHK-BOOKS-1938,OBJ-001142,CHK-BOOKS-1938,Fragment: On Artaeum,Fragment: On Artaeum,book_document,quest_book_title,Books,Main-route prototype block,main_route,base_game,quest_book,2,,,,,,,Y,exact_checklist,1,Y,N,N,Y,N,N,N,N,N,book_document_checklist_covered,placed_in_guide,complete,Fellglow Keep And Good Intentions,none,
book_document_checklist,CHK-BOOKS-1939,,CHK-BOOKS-1939,"Frontier, Conquest","Frontier, Conquest",,,Books,Explicit exclusion,,,,0,,merchant_investment,bugged_unofficial_patch_only | unknown_needs_validation,Angeline's Aromatics | Ashfall's Tear CC | Falion's House | ... (10 total),Ashfall's Tear CC / Solstheim | Falkreath / Falkreath Hold | Markarth / The Reach | ... (8 total),Do not route as required investment unless TB-037 later validates official PS4 AE availability.,N,exact_checklist,1,Y,Y,N,Y,N,N,N,Y,N,book_document_checklist_excluded,explicit_exclusion_documented,excluded,Internal exclusion coverage,none,
book_document_checklist,CHK-BOOKS-1940,,CHK-BOOKS-1940,Galerion The Mystic,Galerion The Mystic,,,Books,Explicit exclusion,,,,0,,merchant_investment,bugged_unofficial_patch_only | unknown_needs_validation,Angeline's Aromatics | Ashfall's Tear CC | Falion's House | ... (10 total),Ashfall's Tear CC / Solstheim | Falkreath / Falkreath Hold | Markarth / The Reach | ... (8 total),Do not route as required investment unless TB-037 later validates official PS4 AE availability.,N,exact_checklist,1,Y,Y,N,Y,N,N,N,Y,N,book_document_checklist_excluded,explicit_exclusion_documented,excluded,Internal exclusion coverage,none,
book_document_checklist,CHK-BOOKS-1941,OBJ-001145,CHK-BOOKS-1941,Gallus's Encoded Journal,Gallus's Encoded Journal,book_document,quest_book_title,Books,Main-route prototype block,main_route,base_game,quest_book,1,,,,,,,Y,exact_checklist,1,Y,N,N,Y,N,N,N,N,N,book_document_checklist_covered,acquired_now,complete,Goldenglow Honningbrew Solitude And Snow Veil,none,
book_document_checklist,CHK-BOOKS-1942,,CHK-BOOKS-1942,Ghosts in the Storm,Ghosts in the Storm,,,Books,Explicit exclusion,,,,0,,merchant_investment,bugged_unofficial_patch_only | unknown_needs_validation,Angeline's Aromatics | Ashfall's Tear CC | Falion's House | ... (10 total),Ashfall's Tear CC / Solstheim | Falkreath / Falkreath Hold | Markarth / The Reach | ... (8 total),Do not route as required investment unless TB-037 later validates official PS4 AE availability.,N,exact_checklist,1,Y,Y,N,Y,N,N,N,Y,N,book_document_checklist_excluded,explicit_exclusion_documented,excluded,Internal exclusion coverage,none,
book_document_checklist,CHK-BOOKS-1943,OBJ-001148,CHK-BOOKS-1943,Glories and Laments,Glories and Laments,book_document,quest_book_title,Books,Main-route prototype block,main_route,base_game,quest_book,1,,,,,,,Y,exact_checklist,1,Y,N,N,Y,N,N,N,N,N,book_document_checklist_covered,placed_in_guide,complete,"Security, Shadowmere, And The Brotherhood Endgame",none,
book_document_checklist,CHK-BOOKS-1944,,CHK-BOOKS-1944,Gods and Worship,Gods and Worship,,,Books,Explicit exclusion,,,,0,,merchant_investment,bugged_unofficial_patch_only | unknown_needs_validation,Angeline's Aromatics | Ashfall's Tear CC | Falion's House | ... (10 total),Ashfall's Tear CC / Solstheim | Falkreath / Falkreath Hold | Markarth / The Reach | ... (8 total),Do not route as required investment unless TB-037 later validates official PS4 AE availability.,N,exact_checklist,1,Y,Y,N,Y,N,N,N,Y,N,book_document_checklist_excluded,explicit_exclusion_documented,excluded,Internal exclusion coverage,none,
book_document_checklist,CHK-BOOKS-1945,,CHK-BOOKS-1945,Great Harbingers,Great Harbingers,,,Books,Explicit exclusion,,,,0,,merchant_investment,bugged_unofficial_patch_only | unknown_needs_validation,Angeline's Aromatics | Ashfall's Tear CC | Falion's House | ... (10 total),Ashfall's Tear CC / Solstheim | Falkreath / Falkreath Hold | Markarth / The Reach | ... (8 total),Do not route as required investment unless TB-037 later validates official PS4 AE availability.,N,exact_checklist,1,Y,Y,N,Y,N,N,N,Y,N,book_document_checklist_excluded,explicit_exclusion_documented,excluded,Internal exclusion coverage,none,
book_document_checklist,CHK-BOOKS-1946,OBJ-000881,CHK-BOOKS-1946,Guide to Better Thieving,Guide to Better Thieving,book_document,skill_book_title,Books,Main-route prototype block,main_route,base_game,skill_book,5,"Fort Sungard Oubliette: Fort Sungard Oubliette (The Reach), down the hole",skill_book_copy,selected_default_copy_pending_route_validation,Fort Sungard Oubliette,Fort Sungard Oubliette,Collect selected copy when its route block is safe; read after Scholar's Insight and high-skill timing check.,Y,exact_checklist,2,Y,Y,N,Y,Y,N,N,N,N,book_document_checklist_covered,same_location_left_unopened,staged_for_scholars_insight_window,Goldenglow Honningbrew Solitude And Snow Veil | Windhelm Follow-Up And Eastmarch Roads,none,
book_document_checklist,CHK-BOOKS-1947,OBJ-001155,CHK-BOOKS-1947,Habd's Journal,Habd's Journal,book_document,quest_book_title,Books,Main-route prototype block,main_route,base_game,quest_book,1,,,,,,,Y,mapped_objective,1,Y,Y,N,Y,N,N,N,N,N,book_document_checklist_covered,redistributed_or_gated,complete,Retrospective redistributed regional sections; no player-facing Location Counter Sweep dump,none,
book_document_checklist,CHK-BOOKS-1948,,CHK-BOOKS-1948,Hajvarr's Journal,Hajvarr's Journal,,,Books,Explicit exclusion,,,,0,,merchant_investment,bugged_unofficial_patch_only | unknown_needs_validation,Angeline's Aromatics | Ashfall's Tear CC | Falion's House | ... (10 total),Ashfall's Tear CC / Solstheim | Falkreath / Falkreath Hold | Markarth / The Reach | ... (8 total),Do not route as required investment unless TB-037 later validates official PS4 AE availability.,N,exact_checklist,1,Y,Y,N,Y,N,N,N,Y,N,book_document_checklist_excluded,explicit_exclusion_documented,excluded,Internal exclusion coverage,none,
book_document_checklist,CHK-BOOKS-1949,OBJ-000856,CHK-BOOKS-1949,Hallgerd's Tale,Hallgerd's Tale,book_document,skill_book_title,Books,Main-route prototype block,main_route,base_game,skill_book,6,530 ft NNW of Fallowstone Cave: 530 ft NNW of Fallowstone Cave (The Rift),skill_book_copy,selected_default_copy_pending_route_validation,530 ft NNW of Fallowstone Cave,530 ft NNW of Fallowstone Cave,Collect selected copy when its route block is safe; read after Scholar's Insight and high-skill timing check.,Y,mapped_objective,5,Y,Y,N,Y,Y,N,N,N,N,book_document_checklist_covered,nearby_candidate_not_routed | read_in_guide | redistributed_or_gated | same_location_left_unopened,complete | staged_for_scholars_insight_window | staged_for_selected_copy_later,"Books, Spells, and Documents | Companions Entry | Gildergreen Renewal After The War | Retrospective redistributed regional sections; no player-facing Location Counter Sweep dump | Riften Thaneship Frost And Rift Roads",none,
book_document_checklist,CHK-BOOKS-1950,OBJ-001156,CHK-BOOKS-1950,Hamelyn's Journal,Hamelyn's Journal,book_document,quest_book_title,Books,Main-route prototype block,main_route,base_game,quest_book,1,,,,,,,Y,exact_checklist,1,Y,N,N,Y,N,N,N,N,N,book_document_checklist_covered,acquired_now,complete,Goldenglow Honningbrew Solitude And Snow Veil,none,
book_document_checklist,CHK-BOOKS-1951,OBJ-001157,CHK-BOOKS-1951,Hanging Gardens,Hanging Gardens,book_document,quest_book_title,Books,Main-route prototype block,main_route,base_game,quest_book,2,,,,,,,Y,exact_checklist,1,Y,N,N,Y,N,N,N,N,N,book_document_checklist_covered,acquired_now,complete,Goldenglow Honningbrew Solitude And Snow Veil,none,
book_document_checklist,CHK-BOOKS-1952,OBJ-001158,CHK-BOOKS-1952,Hargar's Journal,Hargar's Journal,book_document,quest_book_title,Books,Main-route prototype block,main_route,base_game,quest_book,1,,,,,,,Y,mapped_objective,2,Y,Y,N,Y,N,N,N,N,N,book_document_checklist_covered,not_acquired_here | redistributed_or_gated,complete | staged_for_lights_out_broken_oar_bundle,Retrospective redistributed regional sections; no player-facing Location Counter Sweep dump | Solitude Coast Wild Horse And Wolfskull,none,
book_document_checklist,CHK-BOOKS-1953,,CHK-BOOKS-1953,Harvesting Frostbite Spider Venom,Harvesting Frostbite Spider Venom,,,Books,Explicit exclusion,,,,0,,merchant_investment,bugged_unofficial_patch_only | unknown_needs_validation,Angeline's Aromatics | Ashfall's Tear CC | Falion's House | ... (10 total),Ashfall's Tear CC / Solstheim | Falkreath / Falkreath Hold | Markarth / The Reach | ... (8 total),Do not route as required investment unless TB-037 later validates official PS4 AE availability.,N,exact_checklist,1,Y,Y,N,Y,N,N,N,Y,N,book_document_checklist_excluded,explicit_exclusion_documented,excluded,Internal exclusion coverage,none,
book_document_checklist,CHK-BOOKS-1954,OBJ-000890,CHK-BOOKS-1954,Heavy Armor Forging,Heavy Armor Forging,book_document,skill_book_title,Books,Main-route prototype block,main_route,base_game,skill_book,5,East Empire Company Warehouse: East Empire Company Warehouse,skill_book_copy,selected_apocrypha_scholar_insight_copy,Apocrypha,Waking Dreams Chapter II,Read during the level-60 Miraak finale after Scholar's Insight is active.,Y,exact_checklist,2,Y,Y,N,Y,N,N,N,N,N,book_document_checklist_covered,placed_in_guide | same_location_left_unopened,complete | staged_for_scholars_insight_window,"Goldenglow Honningbrew Solitude And Snow Veil | Miraak Finale, Lost Knowledge, And Last Black Books",none,
book_document_checklist,CHK-BOOKS-1955,OBJ-001160,CHK-BOOKS-1955,Heddic's Volunruud Notes,Heddic's Volunruud Notes,book_document,quest_book_title,Books,Main-route prototype block,main_route,base_game,quest_book,1,,,,,,,Y,exact_checklist,1,Y,N,N,Y,N,N,N,N,N,book_document_checklist_covered,placed_in_guide,complete,"Whispers, Solitude Jobs, And The Wedding Assassination",none,
book_document_checklist,CHK-BOOKS-1956,OBJ-000821,CHK-BOOKS-1956,Herbalist's Guide to Skyrim,Herbalist's Guide to Skyrim,book_document,skill_book_title,Books,Main-route prototype block,main_route,base_game,skill_book,4,Arcadia's Cauldron: Arcadia's Cauldron (Whiterun),skill_book_copy,selected_default_copy_pending_route_validation,Arcadia's Cauldron,Arcadia's Cauldron,Collect selected copy when its route block is safe; read after Scholar's Insight and high-skill timing check.,Y,mapped_objective,2,Y,Y,N,Y,Y,N,N,N,N,book_document_checklist_covered,read_in_guide | same_location_left_unopened,complete | staged_for_scholars_insight_window,"Books, Spells, and Documents | Riften Thaneship Frost And Rift Roads",none,
book_document_checklist,CHK-BOOKS-1957,,CHK-BOOKS-1957,Herbane's Bestiary: Automatons,Herbane's Bestiary: Automatons,,,Books,Explicit exclusion,,,,0,,merchant_investment,bugged_unofficial_patch_only | unknown_needs_validation,Angeline's Aromatics | Ashfall's Tear CC | Falion's House | ... (10 total),Ashfall's Tear CC / Solstheim | Falkreath / Falkreath Hold | Markarth / The Reach | ... (8 total),Do not route as required investment unless TB-037 later validates official PS4 AE availability.,Y,exact_checklist,1,Y,Y,N,Y,N,N,N,Y,N,book_document_checklist_excluded,explicit_exclusion_documented,excluded,Internal exclusion coverage,none,
book_document_checklist,CHK-BOOKS-1958,,CHK-BOOKS-1958,Herbane's Bestiary: Hagravens,Herbane's Bestiary: Hagravens,,,Books,Explicit exclusion,,,,0,,merchant_investment,bugged_unofficial_patch_only | unknown_needs_validation,Angeline's Aromatics | Ashfall's Tear CC | Falion's House | ... (10 total),Ashfall's Tear CC / Solstheim | Falkreath / Falkreath Hold | Markarth / The Reach | ... (8 total),Do not route as required investment unless TB-037 later validates official PS4 AE availability.,Y,exact_checklist,1,Y,Y,N,Y,N,N,N,Y,N,book_document_checklist_excluded,explicit_exclusion_documented,excluded,Internal exclusion coverage,none,
book_document_checklist,CHK-BOOKS-1959,,CHK-BOOKS-1959,Herbane's Bestiary: Ice Wraiths,Herbane's Bestiary: Ice Wraiths,,,Books,Explicit exclusion,,,,0,,merchant_investment,bugged_unofficial_patch_only | unknown_needs_validation,Angeline's Aromatics | Ashfall's Tear CC | Falion's House | ... (10 total),Ashfall's Tear CC / Solstheim | Falkreath / Falkreath Hold | Markarth / The Reach | ... (8 total),Do not route as required investment unless TB-037 later validates official PS4 AE availability.,Y,exact_checklist,1,Y,Y,N,Y,N,N,N,Y,N,book_document_checklist_excluded,explicit_exclusion_documented,excluded,Internal exclusion coverage,none,
book_document_checklist,CHK-BOOKS-1960,,CHK-BOOKS-1960,"History of Raven Rock, Vol. I","History of Raven Rock, Vol. I (DB)",,,Books,Explicit exclusion,,,,0,,merchant_investment,bugged_unofficial_patch_only | unknown_needs_validation,Angeline's Aromatics | Ashfall's Tear CC | Falion's House | ... (10 total),Ashfall's Tear CC / Solstheim | Falkreath / Falkreath Hold | Markarth / The Reach | ... (8 total),Do not route as required investment unless TB-037 later validates official PS4 AE availability.,N,exact_checklist,1,Y,Y,N,Y,N,N,N,Y,N,book_document_checklist_excluded,explicit_exclusion_documented,excluded,Internal exclusion coverage,none,
book_document_checklist,CHK-BOOKS-1961,,CHK-BOOKS-1961,"History of Raven Rock, Vol. II","History of Raven Rock, Vol. II (DB)",,,Books,Explicit exclusion,,,,0,,merchant_investment,bugged_unofficial_patch_only | unknown_needs_validation,Angeline's Aromatics | Ashfall's Tear CC | Falion's House | ... (10 total),Ashfall's Tear CC / Solstheim | Falkreath / Falkreath Hold | Markarth / The Reach | ... (8 total),Do not route as required investment unless TB-037 later validates official PS4 AE availability.,N,exact_checklist,1,Y,Y,N,Y,N,N,N,Y,N,book_document_checklist_excluded,explicit_exclusion_documented,excluded,Internal exclusion coverage,none,
book_document_checklist,CHK-BOOKS-1962,,CHK-BOOKS-1962,"History of Raven Rock, Vol. III","History of Raven Rock, Vol. III (DB)",,,Books,Explicit exclusion,,,,0,,merchant_investment,bugged_unofficial_patch_only | unknown_needs_validation,Angeline's Aromatics | Ashfall's Tear CC | Falion's House | ... (10 total),Ashfall's Tear CC / Solstheim | Falkreath / Falkreath Hold | Markarth / The Reach | ... (8 total),Do not route as required investment unless TB-037 later validates official PS4 AE availability.,N,exact_checklist,1,Y,Y,N,Y,N,N,N,Y,N,book_document_checklist_excluded,explicit_exclusion_documented,excluded,Internal exclusion coverage,none,
book_document_checklist,CHK-BOOKS-1963,,CHK-BOOKS-1963,Holdings of Jarl Gjalund,Holdings of Jarl Gjalund,,,Books,Explicit exclusion,,,,0,,merchant_investment,bugged_unofficial_patch_only | unknown_needs_validation,Angeline's Aromatics | Ashfall's Tear CC | Falion's House | ... (10 total),Ashfall's Tear CC / Solstheim | Falkreath / Falkreath Hold | Markarth / The Reach | ... (8 total),Do not route as required investment unless TB-037 later validates official PS4 AE availability.,N,exact_checklist,1,Y,Y,N,Y,N,N,N,Y,N,book_document_checklist_excluded,explicit_exclusion_documented,excluded,Internal exclusion coverage,none,
book_document_checklist,CHK-BOOKS-1964,,CHK-BOOKS-1964,Horker Attacks,Horker Attacks,,,Books,Explicit exclusion,,,,0,,merchant_investment,bugged_unofficial_patch_only | unknown_needs_validation,Angeline's Aromatics | Ashfall's Tear CC | Falion's House | ... (10 total),Ashfall's Tear CC / Solstheim | Falkreath / Falkreath Hold | Markarth / The Reach | ... (8 total),Do not route as required investment unless TB-037 later validates official PS4 AE availability.,N,exact_checklist,1,Y,Y,N,Y,N,N,N,Y,N,book_document_checklist_excluded,explicit_exclusion_documented,excluded,Internal exclusion coverage,none,
book_document_checklist,CHK-BOOKS-1965,OBJ-000845,CHK-BOOKS-1965,Horror of Castle Xyr,Horror of Castle Xyr,book_document,skill_book_title,Books,Main-route prototype block,main_route,base_game,skill_book,5,210 ft WSW of Darklight Tower: 210 ft WSW of Darklight Tower (The Rift),skill_book_copy,selected_default_copy_pending_route_validation,210 ft WSW of Darklight Tower,210 ft WSW of Darklight Tower,Collect selected copy when its route block is safe; read after Scholar's Insight and high-skill timing check.,Y,mapped_objective,3,Y,Y,N,Y,Y,N,N,N,N,book_document_checklist_covered,read_in_guide | same_location_left_unopened,complete | staged_for_scholars_insight_window,"Books, Spells, and Documents | Falkreath Land Lakeview Foundation And Glenmoril Coven | Riften Thaneship Frost And Rift Roads",none,
book_document_checklist,CHK-BOOKS-1966,,CHK-BOOKS-1966,Hrodulf's Journal,Hrodulf's Journal (DB),,,Books,Explicit exclusion,,,,0,,merchant_investment,bugged_unofficial_patch_only | unknown_needs_validation,Angeline's Aromatics | Ashfall's Tear CC | Falion's House | ... (10 total),Ashfall's Tear CC / Solstheim | Falkreath / Falkreath Hold | Markarth / The Reach | ... (8 total),Do not route as required investment unless TB-037 later validates official PS4 AE availability.,Y,exact_checklist,1,N,Y,N,Y,N,N,N,Y,N,book_document_checklist_excluded,incidental_route_read,incidental_not_scope_requirement,Kolbjorn Excavation And Raven Rock West,none,
book_document_checklist,CHK-BOOKS-1967,,CHK-BOOKS-1967,Hunter's Journal,Hunter's Journal,,,Books,Explicit exclusion,,,,0,,merchant_investment,bugged_unofficial_patch_only | unknown_needs_validation,Angeline's Aromatics | Ashfall's Tear CC | Falion's House | ... (10 total),Ashfall's Tear CC / Solstheim | Falkreath / Falkreath Hold | Markarth / The Reach | ... (8 total),Do not route as required investment unless TB-037 later validates official PS4 AE availability.,Y,exact_checklist,1,Y,Y,N,Y,N,N,N,Y,N,book_document_checklist_excluded,explicit_exclusion_documented,excluded,Internal exclusion coverage,none,
book_document_checklist,CHK-BOOKS-1968,,CHK-BOOKS-1968,Hunter's Journal,Hunter's Journal,,,Books,Explicit exclusion,,,,0,,merchant_investment,bugged_unofficial_patch_only | unknown_needs_validation,Angeline's Aromatics | Ashfall's Tear CC | Falion's House | ... (10 total),Ashfall's Tear CC / Solstheim | Falkreath / Falkreath Hold | Markarth / The Reach | ... (8 total),Do not route as required investment unless TB-037 later validates official PS4 AE availability.,Y,exact_checklist,1,Y,Y,N,Y,N,N,N,Y,N,book_document_checklist_excluded,explicit_exclusion_documented,excluded,Internal exclusion coverage,none,
book_document_checklist,CHK-BOOKS-1969,OBJ-000864,CHK-BOOKS-1969,Ice and Chitin,Ice and Chitin,book_document,skill_book_title,Books,Main-route prototype block,main_route,base_game,skill_book,5,"Guard Tower: Guard Tower (Markarth), in the northeast corner on a wooden table",skill_book_copy,selected_default_copy_pending_route_validation,Guard Tower,Guard Tower,Collect selected copy when its route block is safe; read after Scholar's Insight and high-skill timing check.,Y,exact_checklist,1,Y,Y,N,Y,Y,N,N,N,N,book_document_checklist_covered,same_location_left_unopened,staged_for_scholars_insight_window,Goldenglow Honningbrew Solitude And Snow Veil,none,
book_document_checklist,CHK-BOOKS-1970,,CHK-BOOKS-1970,Ildari's Journal,Ildari's Journal (DB),,,Books,Explicit exclusion,,,,0,,merchant_investment,bugged_unofficial_patch_only | unknown_needs_validation,Angeline's Aromatics | Ashfall's Tear CC | Falion's House | ... (10 total),Ashfall's Tear CC / Solstheim | Falkreath / Falkreath Hold | Markarth / The Reach | ... (8 total),Do not route as required investment unless TB-037 later validates official PS4 AE availability.,Y,exact_checklist,1,Y,Y,N,Y,N,N,N,Y,N,book_document_checklist_excluded,explicit_exclusion_documented,excluded,Internal exclusion coverage,none,
book_document_checklist,CHK-BOOKS-1971,OBJ-001309,CHK-BOOKS-1971,"Ildari's Journal, vol. I","Ildari's Journal, vol. I (DB)",book_document,quest_book_title,Books,Main-route prototype block,main_route,dragonborn,quest_book,1,,,,,,,Y,mapped_objective,1,Y,Y,N,Y,N,N,N,N,N,book_document_checklist_covered,redistributed_or_gated,complete,Retrospective redistributed regional sections; no player-facing Location Counter Sweep dump,none,
book_document_checklist,CHK-BOOKS-1972,OBJ-001310,CHK-BOOKS-1972,"Ildari's Journal, vol. II","Ildari's Journal, vol. II (DB)",book_document,quest_book_title,Books,Main-route prototype block,main_route,dragonborn,quest_book,1,,,,,,,Y,mapped_objective,1,Y,Y,N,Y,N,N,N,N,N,book_document_checklist_covered,redistributed_or_gated,complete,Retrospective redistributed regional sections; no player-facing Location Counter Sweep dump,none,
book_document_checklist,CHK-BOOKS-1973,OBJ-001311,CHK-BOOKS-1973,"Ildari's Journal, vol. III","Ildari's Journal, vol. III (DB)",book_document,quest_book_title,Books,Main-route prototype block,main_route,dragonborn,quest_book,1,,,,,,,Y,mapped_objective,1,Y,Y,N,Y,N,N,N,N,N,book_document_checklist_covered,redistributed_or_gated,complete,Retrospective redistributed regional sections; no player-facing Location Counter Sweep dump,none,
book_document_checklist,CHK-BOOKS-1974,,CHK-BOOKS-1974,Immortal Blood,Immortal Blood,,,Books,Explicit exclusion,,,,0,,merchant_investment,bugged_unofficial_patch_only | unknown_needs_validation,Angeline's Aromatics | Ashfall's Tear CC | Falion's House | ... (10 total),Ashfall's Tear CC / Solstheim | Falkreath / Falkreath Hold | Markarth / The Reach | ... (8 total),Do not route as required investment unless TB-037 later validates official PS4 AE availability.,N,exact_checklist,1,Y,Y,N,Y,N,N,N,Y,N,book_document_checklist_excluded,explicit_exclusion_documented,excluded,Internal exclusion coverage,none,
book_document_checklist,CHK-BOOKS-1975,,CHK-BOOKS-1975,Imperial Report on Saarthal,Imperial Report on Saarthal,,,Books,Explicit exclusion,,,,0,,merchant_investment,bugged_unofficial_patch_only | unknown_needs_validation,Angeline's Aromatics | Ashfall's Tear CC | Falion's House | ... (10 total),Ashfall's Tear CC / Solstheim | Falkreath / Falkreath Hold | Markarth / The Reach | ... (8 total),Do not route as required investment unless TB-037 later validates official PS4 AE availability.,N,exact_checklist,1,Y,Y,N,Y,N,N,N,Y,N,book_document_checklist_excluded,explicit_exclusion_documented,excluded,Internal exclusion coverage,none,
book_document_checklist,CHK-BOOKS-1976,OBJ-000861,CHK-BOOKS-1976,Incident at Necrom,Incident at Necrom,book_document,skill_book_title,Books,Main-route prototype block,main_route,base_game,skill_book,5,"Bloodlet Throne: Bloodlet Throne (Falkreath Hold), in the jail cell",skill_book_copy,selected_default_copy_pending_route_validation,Bloodlet Throne,Bloodlet Throne,Collect selected copy when its route block is safe; read after Scholar's Insight and high-skill timing check.,Y,exact_checklist,1,Y,Y,N,Y,Y,N,N,N,N,book_document_checklist_covered,same_room_left_unopened,staged_for_scholars_insight_window,Haafingar Caves Volskygge And Night Hunter,none,
book_document_checklist,CHK-BOOKS-1977,OBJ-001168,CHK-BOOKS-1977,Invocation of Azura,Invocation of Azura,book_document,quest_book_title,Books,Main-route prototype block,main_route,base_game,quest_book,1,,,,,,,Y,exact_checklist,1,Y,N,N,Y,N,N,N,N,N,book_document_checklist_covered,placed_in_guide,complete,Bards College Lost Library And Instrument Roads,none,
book_document_checklist,CHK-BOOKS-1978,,CHK-BOOKS-1978,J'zhar's Journal,J'zhar's Journal,,,Books,Explicit exclusion,,,,0,,merchant_investment,bugged_unofficial_patch_only | unknown_needs_validation,Angeline's Aromatics | Ashfall's Tear CC | Falion's House | ... (10 total),Ashfall's Tear CC / Solstheim | Falkreath / Falkreath Hold | Markarth / The Reach | ... (8 total),Do not route as required investment unless TB-037 later validates official PS4 AE availability.,N,exact_checklist,1,Y,Y,N,Y,N,N,N,Y,N,book_document_checklist_excluded,explicit_exclusion_documented,excluded,Internal exclusion coverage,none,
book_document_checklist,CHK-BOOKS-1979,,CHK-BOOKS-1979,Japhet's Journal,Japhet's Journal,,,Books,Explicit exclusion,,,,0,,merchant_investment,bugged_unofficial_patch_only | unknown_needs_validation,Angeline's Aromatics | Ashfall's Tear CC | Falion's House | ... (10 total),Ashfall's Tear CC / Solstheim | Falkreath / Falkreath Hold | Markarth / The Reach | ... (8 total),Do not route as required investment unless TB-037 later validates official PS4 AE availability.,N,exact_checklist,1,Y,Y,N,Y,N,N,N,Y,N,book_document_checklist_excluded,explicit_exclusion_documented,excluded,Internal exclusion coverage,none,
book_document_checklist,CHK-BOOKS-1980,OBJ-000865,CHK-BOOKS-1980,Jornibret's Last Dance,Jornibret's Last Dance,book_document,skill_book_title,Books,Main-route prototype block,main_route,base_game,skill_book,5,"Autumnwatch Tower: Autumnwatch Tower (The Rift), top floor of the small tower",skill_book_copy,selected_default_copy_pending_route_validation,Autumnwatch Tower,Autumnwatch Tower,Collect selected copy when its route block is safe; read after Scholar's Insight and high-skill timing check.,Y,exact_checklist,1,Y,Y,N,Y,Y,N,N,N,N,book_document_checklist_covered,not_read_here,staged_for_scholar_insight,Markarth Nchuand-Zel And Old Hroldan,none,
book_document_checklist,CHK-BOOKS-1981,,CHK-BOOKS-1981,Journal,Journal,,,Books,Explicit exclusion,,,,0,,merchant_investment,bugged_unofficial_patch_only | unknown_needs_validation,Angeline's Aromatics | Ashfall's Tear CC | Falion's House | ... (10 total),Ashfall's Tear CC / Solstheim | Falkreath / Falkreath Hold | Markarth / The Reach | ... (8 total),Do not route as required investment unless TB-037 later validates official PS4 AE availability.,Y,exact_checklist,1,Y,Y,N,Y,N,N,N,Y,N,book_document_checklist_excluded,explicit_exclusion_documented,excluded,Internal exclusion coverage,none,
book_document_checklist,CHK-BOOKS-1982,,CHK-BOOKS-1982,Journal,Journal,,,Books,Explicit exclusion,,,,0,,merchant_investment,bugged_unofficial_patch_only | unknown_needs_validation,Angeline's Aromatics | Ashfall's Tear CC | Falion's House | ... (10 total),Ashfall's Tear CC / Solstheim | Falkreath / Falkreath Hold | Markarth / The Reach | ... (8 total),Do not route as required investment unless TB-037 later validates official PS4 AE availability.,Y,exact_checklist,1,Y,Y,N,Y,N,N,N,Y,N,book_document_checklist_excluded,explicit_exclusion_documented,excluded,Internal exclusion coverage,none,
book_document_checklist,CHK-BOOKS-1983,,CHK-BOOKS-1983,Journal,Journal,,,Books,Explicit exclusion,,,,0,,merchant_investment,bugged_unofficial_patch_only | unknown_needs_validation,Angeline's Aromatics | Ashfall's Tear CC | Falion's House | ... (10 total),Ashfall's Tear CC / Solstheim | Falkreath / Falkreath Hold | Markarth / The Reach | ... (8 total),Do not route as required investment unless TB-037 later validates official PS4 AE availability.,Y,exact_checklist,1,Y,Y,N,Y,N,N,N,Y,N,book_document_checklist_excluded,explicit_exclusion_documented,excluded,Internal exclusion coverage,none,
book_document_checklist,CHK-BOOKS-1984,,CHK-BOOKS-1984,Journal of Drokt,Journal of Drokt,,,Books,Explicit exclusion,,,,0,,merchant_investment,bugged_unofficial_patch_only | unknown_needs_validation,Angeline's Aromatics | Ashfall's Tear CC | Falion's House | ... (10 total),Ashfall's Tear CC / Solstheim | Falkreath / Falkreath Hold | Markarth / The Reach | ... (8 total),Do not route as required investment unless TB-037 later validates official PS4 AE availability.,N,exact_checklist,1,Y,Y,N,Y,N,N,N,Y,N,book_document_checklist_excluded,explicit_exclusion_documented,excluded,Internal exclusion coverage,none,
book_document_checklist,CHK-BOOKS-1985,OBJ-001076,CHK-BOOKS-1985,Journal of Mirtil Angoth,Journal of Mirtil Angoth (DG),book_document,quest_book_title,Books,Main-route prototype block,main_route,dawnguard,quest_book,1,"The Arcanaeum: Urag gro-Shub gives this translated copy when buying Unknown Book, Vol. II.",,,,,,Y,exact_checklist,1,Y,N,N,Y,N,N,N,N,N,book_document_checklist_covered,placed_in_guide,complete,Dawnguard Worldspaces,none,
book_document_checklist,CHK-BOOKS-1986,,CHK-BOOKS-1986,Karan's Journal,Karan's Journal,,,Books,Explicit exclusion,,,,0,,merchant_investment,bugged_unofficial_patch_only | unknown_needs_validation,Angeline's Aromatics | Ashfall's Tear CC | Falion's House | ... (10 total),Ashfall's Tear CC / Solstheim | Falkreath / Falkreath Hold | Markarth / The Reach | ... (8 total),Do not route as required investment unless TB-037 later validates official PS4 AE availability.,N,exact_checklist,1,Y,Y,N,Y,N,N,N,Y,N,book_document_checklist_excluded,explicit_exclusion_documented,excluded,Internal exclusion coverage,none,
book_document_checklist,CHK-BOOKS-1987,,CHK-BOOKS-1987,Katria's Journal,Katria's Journal (DG),,,Books,Explicit exclusion,,,,0,,merchant_investment,bugged_unofficial_patch_only | unknown_needs_validation,Angeline's Aromatics | Ashfall's Tear CC | Falion's House | ... (10 total),Ashfall's Tear CC / Solstheim | Falkreath / Falkreath Hold | Markarth / The Reach | ... (8 total),Do not route as required investment unless TB-037 later validates official PS4 AE availability.,Y,exact_checklist,1,Y,Y,N,Y,N,N,N,Y,N,book_document_checklist_excluded,explicit_exclusion_documented,excluded,Internal exclusion coverage,none,
book_document_checklist,CHK-BOOKS-1988,,CHK-BOOKS-1988,Killing - Before You're Killed,Killing - Before You're Killed,,,Books,Explicit exclusion,,,,0,,merchant_investment,bugged_unofficial_patch_only | unknown_needs_validation,Angeline's Aromatics | Ashfall's Tear CC | Falion's House | ... (10 total),Ashfall's Tear CC / Solstheim | Falkreath / Falkreath Hold | Markarth / The Reach | ... (8 total),Do not route as required investment unless TB-037 later validates official PS4 AE availability.,N,exact_checklist,1,Y,Y,N,Y,N,N,N,Y,N,book_document_checklist_excluded,explicit_exclusion_documented,excluded,Internal exclusion coverage,none,
book_document_checklist,CHK-BOOKS-1989,OBJ-000905,CHK-BOOKS-1989,King,King,book_document,skill_book_title,Books,Main-route prototype block,main_route,base_game,skill_book,5,"Bleakwind Bluff: Bleakwind Bluff, next to the cairn",skill_book_copy,selected_default_copy_pending_route_validation,Bleakwind Bluff,Bleakwind Bluff,Collect selected copy when its route block is safe; read after Scholar's Insight and high-skill timing check.,Y,mapped_objective,4,Y,Y,N,Y,Y,N,N,N,Y,book_document_checklist_covered,branch_location_not_used_for_main | read_in_guide | redistributed_or_gated | same_location_left_unopened,complete | staged_for_scholars_insight_window | staged_for_selected_copy_or_later_review,"Books, Spells, and Documents | Cicero Aventus And The Sanctuary Door | Retrospective redistributed regional sections; no player-facing Location Counter Sweep dump | Security, Shadowmere, And The Brotherhood Endgame",none,
book_document_checklist,CHK-BOOKS-1990,,CHK-BOOKS-1990,Kodlak's Journal,Kodlak's Journal,,,Books,Explicit exclusion,,,,0,,merchant_investment,bugged_unofficial_patch_only | unknown_needs_validation,Angeline's Aromatics | Ashfall's Tear CC | Falion's House | ... (10 total),Ashfall's Tear CC / Solstheim | Falkreath / Falkreath Hold | Markarth / The Reach | ... (8 total),Do not route as required investment unless TB-037 later validates official PS4 AE availability.,N,exact_checklist,1,Y,Y,N,Y,N,N,N,Y,N,book_document_checklist_excluded,explicit_exclusion_documented,excluded,Internal exclusion coverage,none,
book_document_checklist,CHK-BOOKS-1991,,CHK-BOOKS-1991,Kolb & the Dragon,Kolb & the Dragon,,,Books,Explicit exclusion,,,,0,,merchant_investment,bugged_unofficial_patch_only | unknown_needs_validation,Angeline's Aromatics | Ashfall's Tear CC | Falion's House | ... (10 total),Ashfall's Tear CC / Solstheim | Falkreath / Falkreath Hold | Markarth / The Reach | ... (8 total),Do not route as required investment unless TB-037 later validates official PS4 AE availability.,N,exact_checklist,1,Y,Y,N,Y,N,N,N,Y,N,book_document_checklist_excluded,explicit_exclusion_documented,excluded,Internal exclusion coverage,none,
book_document_checklist,CHK-BOOKS-1992,OBJ-001183,CHK-BOOKS-1992,Krag's Journal,Krag's Journal,book_document,quest_book_title,Books,Main-route prototype block,main_route,base_game,quest_book,1,,,,,,,Y,exact_checklist,1,Y,N,N,Y,N,N,N,N,N,book_document_checklist_covered,acquired_now,complete,Markarth Nchuand-Zel And Old Hroldan,none,
book_document_checklist,CHK-BOOKS-1993,OBJ-001185,CHK-BOOKS-1993,Kyr's Log,Kyr's Log,book_document,quest_book_title,Books,Main-route prototype block,main_route,base_game,quest_book,1,,,,,,,Y,exact_checklist,1,Y,N,N,Y,N,N,N,N,N,book_document_checklist_covered,placed_in_guide,complete,"Dawnstar, Pale Blade, And Heljarchen",none,
book_document_checklist,CHK-BOOKS-1994,OBJ-001186,CHK-BOOKS-1994,Last King of the Ayleids,Last King of the Ayleids,book_document,quest_book_title,Books,Main-route prototype block,main_route,base_game,quest_book,1,,,,,,,Y,mapped_objective,1,Y,N,N,Y,Y,N,N,N,N,book_document_checklist_covered,duplicate_covered_by_existing_route,complete,Fellglow Keep And Good Intentions,none,
book_document_checklist,CHK-BOOKS-1995,OBJ-000891,CHK-BOOKS-1995,Last Scabbard of Akrash,Last Scabbard of Akrash,book_document,skill_book_title,Books,Main-route prototype block,main_route,base_game,skill_book,4,330 ft SSE of Black-Briar Lodge: 330 ft SSE of Black-Briar Lodge,skill_book_copy,selected_default_copy_pending_route_validation,330 ft SSE of Black-Briar Lodge,330 ft SSE of Black-Briar Lodge,Collect selected copy when its route block is safe; read after Scholar's Insight and high-skill timing check.,Y,mapped_objective,2,Y,Y,N,Y,Y,N,N,N,N,book_document_checklist_covered,read_in_guide | same_location_left_unopened,complete | staged_for_selected_copy_later,"Beast Blood And The Silver Hand | Books, Spells, and Documents",none,
book_document_checklist,CHK-BOOKS-1996,OBJ-000895,CHK-BOOKS-1996,Legend of Krately House,Legend of Krately House,book_document,skill_book_title,Books,Main-route prototype block,main_route,base_game,skill_book,5,"Black-Briar Lodge: Black-Briar Lodge (Riften), master bedroom",skill_book_copy,selected_default_copy_routed,Potema's Catacombs,Potema's Catacombs,Collect from Potema's boss chest during the level-40 Shield of Solitude section; keep unopened until Scholar's Insight.,Y,exact_checklist,1,Y,Y,N,Y,N,N,N,N,N,book_document_checklist_covered,selected_copy_secured,staged_for_scholars_insight_read,Potema Shield Of Solitude And Bone Wolf,none,
book_document_checklist,CHK-BOOKS-1997,,CHK-BOOKS-1997,Life of Uriel Septim VII,Life of Uriel Septim VII,,,Books,Explicit exclusion,,,,0,,merchant_investment,bugged_unofficial_patch_only | unknown_needs_validation,Angeline's Aromatics | Ashfall's Tear CC | Falion's House | ... (10 total),Ashfall's Tear CC / Solstheim | Falkreath / Falkreath Hold | Markarth / The Reach | ... (8 total),Do not route as required investment unless TB-037 later validates official PS4 AE availability.,N,exact_checklist,1,Y,Y,N,Y,N,N,N,Y,N,book_document_checklist_excluded,explicit_exclusion_documented,excluded,Internal exclusion coverage,none,
book_document_checklist,CHK-BOOKS-1998,OBJ-000892,CHK-BOOKS-1998,Light Armor Forging,Light Armor Forging,book_document,skill_book_title,Books,Main-route prototype block,main_route,base_game,skill_book,5,"Cracked Tusk Keep: Cracked Tusk Keep, near the forge",skill_book_copy,selected_default_copy_pending_route_validation,Cracked Tusk Keep,Cracked Tusk Keep,Collect selected copy when its route block is safe; read after Scholar's Insight and high-skill timing check.,Y,mapped_objective,7,Y,Y,N,Y,Y,N,N,Y,N,book_document_checklist_covered,audited_not_read_here | audited_not_routed_here | read_in_guide | redistributed_or_gated | same_location_left_unopened,complete | staged_for_scholars_insight_skill_book_window | staged_for_scholars_insight_window,"Arkngthamz And The First Aetherium Shards | Books, Spells, and Documents | Falkreath Land Lakeview Foundation And Glenmoril Coven | Guardian Stones Cache And Whiterun Farm Loop | Halted Stream And Silent Moons Level Gate | Retrospective redistributed regional sections; no player-facing Location Counter Sweep dump | ... (7 total)",none,
book_document_checklist,CHK-BOOKS-1999,OBJ-000841,CHK-BOOKS-1999,Liminal Bridges,Liminal Bridges,book_document,skill_book_title,Books,Main-route prototype block,main_route,base_game,skill_book,4,"Broken Tower Redoubt: Broken Tower Redoubt (The Reach), the topmost tower (the Briarheart's room)",skill_book_copy,selected_scholar_insight_route_copy,Falkreath Watchtower,Falkreath Watchtower,Read during the Bittercup Falkreath pass after Scholar's Insight is active.,Y,exact_checklist,3,Y,Y,N,Y,N,N,N,N,N,book_document_checklist_covered,not_read_here | placed_in_guide | same_location_left_unopened,complete | staged_for_scholar_insight | staged_for_scholars_insight_window,"Bittercup, The Pit, And Fortunate Son | Labyrinthian And The Eye Of Magnus | Markarth Prison Daedric Rites And Reach Redoubts",none,
book_document_checklist,CHK-BOOKS-2000,,CHK-BOOKS-2000,Lives of the Saints,Lives of the Saints (DB),,,Books,Explicit exclusion,,,,0,,merchant_investment,bugged_unofficial_patch_only | unknown_needs_validation,Angeline's Aromatics | Ashfall's Tear CC | Falion's House | ... (10 total),Ashfall's Tear CC / Solstheim | Falkreath / Falkreath Hold | Markarth / The Reach | ... (8 total),Do not route as required investment unless TB-037 later validates official PS4 AE availability.,N,exact_checklist,1,Y,Y,N,Y,N,N,N,Y,N,book_document_checklist_excluded,explicit_exclusion_documented,excluded,Internal exclusion coverage,none,
book_document_checklist,CHK-BOOKS-2001,OBJ-001207,CHK-BOOKS-2001,Lost Legends,Lost Legends,book_document,quest_book_title,Books,Main-route prototype block,main_route,base_game,quest_book,8,,,,,,,Y,exact_checklist,4,Y,Y,N,Y,Y,N,N,N,N,book_document_checklist_covered,duplicate_copy_left_unopened | not_read_here | retrospectively_moved_earlier,already_completed_mr027 | complete | staged_for_level_36_forbidden_legend_bundle,"Cicero Aventus And The Sanctuary Door | Main Quest Staging Before Sky Haven | Potema Shield Of Solitude And Bone Wolf | Security, Shadowmere, And The Brotherhood Endgame",none,
book_document_checklist,CHK-BOOKS-2002,,CHK-BOOKS-2002,Lu-ah's Journal,Lu-ah's Journal,,,Books,Explicit exclusion,,,,0,,merchant_investment,bugged_unofficial_patch_only | unknown_needs_validation,Angeline's Aromatics | Ashfall's Tear CC | Falion's House | ... (10 total),Ashfall's Tear CC / Solstheim | Falkreath / Falkreath Hold | Markarth / The Reach | ... (8 total),Do not route as required investment unless TB-037 later validates official PS4 AE availability.,N,exact_checklist,1,Y,Y,N,Y,N,N,N,Y,N,book_document_checklist_excluded,explicit_exclusion_documented,excluded,Internal exclusion coverage,none,
book_document_checklist,CHK-BOOKS-2003,,CHK-BOOKS-2003,Lycanthropic Legends of Skyrim,Lycanthropic Legends of Skyrim,,,Books,Explicit exclusion,,,,0,,merchant_investment,bugged_unofficial_patch_only | unknown_needs_validation,Angeline's Aromatics | Ashfall's Tear CC | Falion's House | ... (10 total),Ashfall's Tear CC / Solstheim | Falkreath / Falkreath Hold | Markarth / The Reach | ... (8 total),Do not route as required investment unless TB-037 later validates official PS4 AE availability.,N,exact_checklist,1,Y,Y,N,Y,N,N,N,Y,N,book_document_checklist_excluded,explicit_exclusion_documented,excluded,Internal exclusion coverage,none,
book_document_checklist,CHK-BOOKS-2004,OBJ-000876,CHK-BOOKS-2004,Mace Etiquette,Mace Etiquette,book_document,skill_book_title,Books,Main-route prototype block,main_route,base_game,skill_book,5,Fort Greenwall Captain's Quarters: Fort Greenwall Captain's Quarters (The Rift),skill_book_copy,selected_default_copy_pending_route_validation,Fort Greenwall Captain's Quarters,Fort Greenwall Captain's Quarters,Collect selected copy when its route block is safe; read after Scholar's Insight and high-skill timing check.,Y,exact_checklist,3,Y,Y,N,Y,Y,N,N,N,N,book_document_checklist_covered,audited_not_read_here | same_location_left_unopened,staged_for_scholars_insight_skill_book_window | staged_for_scholars_insight_window,"Guild Restoration And Amulet Of Articulation | Karthspire Sky Haven And Dragonbane | Whispers, Solitude Jobs, And The Wedding Assassination",none,
book_document_checklist,CHK-BOOKS-2005,,CHK-BOOKS-2005,Magic from the Sky,Magic from the Sky,,,Books,Explicit exclusion,,,,0,,merchant_investment,bugged_unofficial_patch_only | unknown_needs_validation,Angeline's Aromatics | Ashfall's Tear CC | Falion's House | ... (10 total),Ashfall's Tear CC / Solstheim | Falkreath / Falkreath Hold | Markarth / The Reach | ... (8 total),Do not route as required investment unless TB-037 later validates official PS4 AE availability.,N,exact_checklist,1,Y,Y,N,Y,N,N,N,Y,N,book_document_checklist_excluded,explicit_exclusion_documented,excluded,Internal exclusion coverage,none,
book_document_checklist,CHK-BOOKS-2006,OBJ-001211,CHK-BOOKS-2006,Maluril's Journal,Maluril's Journal,book_document,quest_book_title,Books,Main-route prototype block,main_route,base_game,quest_book,1,,,,,,,Y,exact_checklist,1,Y,Y,N,Y,N,N,N,N,N,book_document_checklist_covered,retrospectively_moved_earlier,complete,"Whispers, Solitude Jobs, Nazir Contracts, and the Wedding Assassination",none,
book_document_checklist,CHK-BOOKS-2007,OBJ-001212,CHK-BOOKS-2007,Malyn Varen's Grimoire,Malyn Varen's Grimoire,book_document,quest_book_title,Books,Main-route prototype block,main_route,base_game,quest_book,1,,,,,,,Y,mapped_objective,1,Y,Y,N,Y,Y,N,Y,Y,N,book_document_checklist_route_resolution_recorded,needs_route_resolution_added,NEEDS ROUTE RESOLUTION,Final Reconciliation open route-resolution items,none_existing_route_resolution,
book_document_checklist,CHK-BOOKS-2008,OBJ-000822,CHK-BOOKS-2008,"Mannimarco, King of Worms","Mannimarco, King of Worms",book_document,skill_book_title,Books,Main-route prototype block,main_route,base_game,skill_book,5,"Evergreen Grove: Evergreen Grove (Falkreath Hold), on an altar",skill_book_copy,selected_default_copy_pending_route_validation,Evergreen Grove,Evergreen Grove,Collect selected copy when its route block is safe; read after Scholar's Insight and high-skill timing check.,Y,exact_checklist,1,Y,Y,N,Y,Y,N,N,N,N,book_document_checklist_covered,same_location_left_unopened,staged_for_scholars_insight_window,"Dawnstar, Vaermina, And Cold-Weather Setup",none,
book_document_checklist,CHK-BOOKS-2009,OBJ-001215,CHK-BOOKS-2009,Margret's Journal,Margret's Journal,book_document,quest_book_title,Books,Main-route prototype block,main_route,base_game,quest_book,1,,,,,,,Y,exact_checklist,1,Y,N,N,Y,N,N,N,N,N,book_document_checklist_covered,acquired_now,complete,Markarth Prison Daedric Rites And Reach Redoubts,none,
book_document_checklist,CHK-BOOKS-2010,,CHK-BOOKS-2010,Markarth Home Decorating Guide,Markarth Home Decorating Guide,,,Books,Explicit exclusion,,,,0,,merchant_investment,bugged_unofficial_patch_only | unknown_needs_validation,Angeline's Aromatics | Ashfall's Tear CC | Falion's House | ... (10 total),Ashfall's Tear CC / Solstheim | Falkreath / Falkreath Hold | Markarth / The Reach | ... (8 total),Do not route as required investment unless TB-037 later validates official PS4 AE availability.,N,exact_checklist,1,Y,Y,N,Y,N,N,N,Y,N,book_document_checklist_excluded,explicit_exclusion_documented,excluded,Internal exclusion coverage,none,
book_document_checklist,CHK-BOOKS-2011,,CHK-BOOKS-2011,Medresi's Notes,Medresi's Notes,,,Books,Explicit exclusion,,,,0,,merchant_investment,bugged_unofficial_patch_only | unknown_needs_validation,Angeline's Aromatics | Ashfall's Tear CC | Falion's House | ... (10 total),Ashfall's Tear CC / Solstheim | Falkreath / Falkreath Hold | Markarth / The Reach | ... (8 total),Do not route as required investment unless TB-037 later validates official PS4 AE availability.,N,exact_checklist,1,Y,Y,N,Y,N,N,N,Y,N,book_document_checklist_excluded,explicit_exclusion_documented,excluded,Internal exclusion coverage,none,
book_document_checklist,CHK-BOOKS-2012,,CHK-BOOKS-2012,Merchant's Journal,Merchant's Journal,,,Books,Explicit exclusion,,,,0,,merchant_investment,bugged_unofficial_patch_only | unknown_needs_validation,Angeline's Aromatics | Ashfall's Tear CC | Falion's House | ... (10 total),Ashfall's Tear CC / Solstheim | Falkreath / Falkreath Hold | Markarth / The Reach | ... (8 total),Do not route as required investment unless TB-037 later validates official PS4 AE availability.,N,exact_checklist,1,Y,Y,N,Y,N,N,N,Y,N,book_document_checklist_excluded,explicit_exclusion_documented,excluded,Internal exclusion coverage,none,
book_document_checklist,CHK-BOOKS-2013,,CHK-BOOKS-2013,Merilar's Journal,Merilar's Journal (DB),,,Books,Explicit exclusion,,,,0,,merchant_investment,bugged_unofficial_patch_only | unknown_needs_validation,Angeline's Aromatics | Ashfall's Tear CC | Falion's House | ... (10 total),Ashfall's Tear CC / Solstheim | Falkreath / Falkreath Hold | Markarth / The Reach | ... (8 total),Do not route as required investment unless TB-037 later validates official PS4 AE availability.,N,exact_checklist,1,Y,Y,N,Y,N,N,N,Y,N,book_document_checklist_excluded,explicit_exclusion_documented,excluded,Internal exclusion coverage,none,
book_document_checklist,CHK-BOOKS-2014,,CHK-BOOKS-2014,Midden Incident Report,Midden Incident Report,,,Books,Explicit exclusion,,,,0,,merchant_investment,bugged_unofficial_patch_only | unknown_needs_validation,Angeline's Aromatics | Ashfall's Tear CC | Falion's House | ... (10 total),Ashfall's Tear CC / Solstheim | Falkreath / Falkreath Hold | Markarth / The Reach | ... (8 total),Do not route as required investment unless TB-037 later validates official PS4 AE availability.,Y,exact_checklist,1,Y,Y,N,Y,N,N,N,Y,N,book_document_checklist_excluded,explicit_exclusion_documented,excluded,Internal exclusion coverage,none,
book_document_checklist,CHK-BOOKS-2015,,CHK-BOOKS-2015,Miner's Journal,Miner's Journal,,,Books,Explicit exclusion,,,,0,,merchant_investment,bugged_unofficial_patch_only | unknown_needs_validation,Angeline's Aromatics | Ashfall's Tear CC | Falion's House | ... (10 total),Ashfall's Tear CC / Solstheim | Falkreath / Falkreath Hold | Markarth / The Reach | ... (8 total),Do not route as required investment unless TB-037 later validates official PS4 AE availability.,N,exact_checklist,1,Y,Y,N,Y,N,N,N,Y,N,book_document_checklist_excluded,explicit_exclusion_documented,excluded,Internal exclusion coverage,none,
book_document_checklist,CHK-BOOKS-2016,,CHK-BOOKS-2016,Minorne,Minorne (DG),,,Books,Explicit exclusion,,,,0,,merchant_investment,bugged_unofficial_patch_only | unknown_needs_validation,Angeline's Aromatics | Ashfall's Tear CC | Falion's House | ... (10 total),Ashfall's Tear CC / Solstheim | Falkreath / Falkreath Hold | Markarth / The Reach | ... (8 total),Do not route as required investment unless TB-037 later validates official PS4 AE availability.,Y,exact_checklist,1,Y,Y,N,Y,N,N,N,Y,N,book_document_checklist_excluded,explicit_exclusion_documented,excluded,Internal exclusion coverage,none,
book_document_checklist,CHK-BOOKS-2017,,CHK-BOOKS-2017,Mixed Unit Tactics,Mixed Unit Tactics,,,Books,Explicit exclusion,,,,0,,merchant_investment,bugged_unofficial_patch_only | unknown_needs_validation,Angeline's Aromatics | Ashfall's Tear CC | Falion's House | ... (10 total),Ashfall's Tear CC / Solstheim | Falkreath / Falkreath Hold | Markarth / The Reach | ... (8 total),Do not route as required investment unless TB-037 later validates official PS4 AE availability.,N,exact_checklist,1,Y,Y,N,Y,N,N,N,Y,N,book_document_checklist_excluded,explicit_exclusion_documented,excluded,Internal exclusion coverage,none,
book_document_checklist,CHK-BOOKS-2018,,CHK-BOOKS-2018,Mysterious Akavir,Mysterious Akavir,,,Books,Explicit exclusion,,,,0,,merchant_investment,bugged_unofficial_patch_only | unknown_needs_validation,Angeline's Aromatics | Ashfall's Tear CC | Falion's House | ... (10 total),Ashfall's Tear CC / Solstheim | Falkreath / Falkreath Hold | Markarth / The Reach | ... (8 total),Do not route as required investment unless TB-037 later validates official PS4 AE availability.,N,exact_checklist,1,Y,Y,N,Y,N,N,N,Y,N,book_document_checklist_excluded,explicit_exclusion_documented,excluded,Internal exclusion coverage,none,
book_document_checklist,CHK-BOOKS-2019,OBJ-000862,CHK-BOOKS-2019,"Mystery of Talara, Part 4","Mystery of Talara, Part 4",book_document,skill_book_title,Books,Main-route prototype block,main_route,base_game,skill_book,5,"Blind Cliff Bastion: Blind Cliff Bastion (The Reach), on the platform near the large chest",skill_book_copy,selected_scholars_insight_route_copy,Broken Fang Cave,Broken Fang Cave,Read during the Broken Fang Cave sweep after Scholar's Insight is active.,Y,exact_checklist,3,Y,Y,N,Y,N,N,N,N,N,book_document_checklist_covered,not_read_here | placed_in_guide | same_room_left_unopened,complete | staged_for_scholar_insight | staged_for_scholars_insight_window,Bards College Lost Library And Instrument Roads | High-Risk AE Routes and Separate Worldspaces | Markarth Prison Daedric Rites And Reach Redoubts,none,
book_document_checklist,CHK-BOOKS-2020,,CHK-BOOKS-2020,"Mystery of Talara, v 1","Mystery of Talara, v 1",,,Books,Explicit exclusion,,,,0,,merchant_investment,bugged_unofficial_patch_only | unknown_needs_validation,Angeline's Aromatics | Ashfall's Tear CC | Falion's House | ... (10 total),Ashfall's Tear CC / Solstheim | Falkreath / Falkreath Hold | Markarth / The Reach | ... (8 total),Do not route as required investment unless TB-037 later validates official PS4 AE availability.,N,exact_checklist,1,Y,Y,N,Y,N,N,N,Y,N,book_document_checklist_excluded,explicit_exclusion_documented,excluded,Internal exclusion coverage,none,
book_document_checklist,CHK-BOOKS-2021,OBJ-000885,CHK-BOOKS-2021,"Mystery of Talara, v 2","Mystery of Talara, v 2",book_document,skill_book_title,Books,Main-route prototype block,main_route,base_game,skill_book,5,"Crystaldrift Cave: Crystaldrift Cave (The Rift), carried by dead Gadnor",skill_book_copy,selected_default_copy_pending_route_validation,Crystaldrift Cave,Crystaldrift Cave,Collect selected copy when its route block is safe; read after Scholar's Insight and high-skill timing check.,Y,exact_checklist,1,Y,Y,N,Y,Y,N,N,N,N,book_document_checklist_covered,not_read_here,staged_for_scholars_insight_skill_book_window,Main Quest Staging Before Sky Haven,none,
book_document_checklist,CHK-BOOKS-2022,OBJ-000846,CHK-BOOKS-2022,"Mystery of Talara, v3","Mystery of Talara, v3",book_document,skill_book_title,Books,Main-route prototype block,main_route,base_game,skill_book,5,"Birna's Oddments: Birna's Oddments (Winterhold), upstairs on a dresser",skill_book_copy,selected_default_copy_pending_route_validation,Birna's Oddments,Birna's Oddments,Collect selected copy when its route block is safe; read after Scholar's Insight and high-skill timing check.,Y,mapped_objective,2,Y,Y,N,Y,Y,N,N,N,N,book_document_checklist_covered,read_in_guide | same_location_left_unopened,complete | staged_for_scholars_insight_window,"Books, Spells, and Documents | Riften Thaneship Frost And Rift Roads",none,
book_document_checklist,CHK-BOOKS-2023,,CHK-BOOKS-2023,"Mystery of Talara, v5","Mystery of Talara, v5",,,Books,Explicit exclusion,,,,0,,merchant_investment,bugged_unofficial_patch_only | unknown_needs_validation,Angeline's Aromatics | Ashfall's Tear CC | Falion's House | ... (10 total),Ashfall's Tear CC / Solstheim | Falkreath / Falkreath Hold | Markarth / The Reach | ... (8 total),Do not route as required investment unless TB-037 later validates official PS4 AE availability.,N,exact_checklist,1,Y,Y,N,Y,N,N,N,Y,N,book_document_checklist_excluded,explicit_exclusion_documented,excluded,Internal exclusion coverage,none,
book_document_checklist,CHK-BOOKS-2024,,CHK-BOOKS-2024,Mythic Dawn Commentaries 1,Mythic Dawn Commentaries 1,,,Books,Explicit exclusion,,,,0,,merchant_investment,bugged_unofficial_patch_only | unknown_needs_validation,Angeline's Aromatics | Ashfall's Tear CC | Falion's House | ... (10 total),Ashfall's Tear CC / Solstheim | Falkreath / Falkreath Hold | Markarth / The Reach | ... (8 total),Do not route as required investment unless TB-037 later validates official PS4 AE availability.,N,exact_checklist,1,Y,Y,N,Y,N,N,N,Y,N,book_document_checklist_excluded,explicit_exclusion_documented,excluded,Internal exclusion coverage,none,
book_document_checklist,CHK-BOOKS-2025,,CHK-BOOKS-2025,Mythic Dawn Commentaries 2,Mythic Dawn Commentaries 2,,,Books,Explicit exclusion,,,,0,,merchant_investment,bugged_unofficial_patch_only | unknown_needs_validation,Angeline's Aromatics | Ashfall's Tear CC | Falion's House | ... (10 total),Ashfall's Tear CC / Solstheim | Falkreath / Falkreath Hold | Markarth / The Reach | ... (8 total),Do not route as required investment unless TB-037 later validates official PS4 AE availability.,N,exact_checklist,1,Y,Y,N,Y,N,N,N,Y,N,book_document_checklist_excluded,explicit_exclusion_documented,excluded,Internal exclusion coverage,none,
book_document_checklist,CHK-BOOKS-2026,,CHK-BOOKS-2026,Mythic Dawn Commentaries 3,Mythic Dawn Commentaries 3,,,Books,Explicit exclusion,,,,0,,merchant_investment,bugged_unofficial_patch_only | unknown_needs_validation,Angeline's Aromatics | Ashfall's Tear CC | Falion's House | ... (10 total),Ashfall's Tear CC / Solstheim | Falkreath / Falkreath Hold | Markarth / The Reach | ... (8 total),Do not route as required investment unless TB-037 later validates official PS4 AE availability.,N,exact_checklist,1,Y,Y,N,Y,N,N,N,Y,N,book_document_checklist_excluded,explicit_exclusion_documented,excluded,Internal exclusion coverage,none,
book_document_checklist,CHK-BOOKS-2027,,CHK-BOOKS-2027,Mythic Dawn Commentaries 4,Mythic Dawn Commentaries 4,,,Books,Explicit exclusion,,,,0,,merchant_investment,bugged_unofficial_patch_only | unknown_needs_validation,Angeline's Aromatics | Ashfall's Tear CC | Falion's House | ... (10 total),Ashfall's Tear CC / Solstheim | Falkreath / Falkreath Hold | Markarth / The Reach | ... (8 total),Do not route as required investment unless TB-037 later validates official PS4 AE availability.,N,exact_checklist,1,Y,Y,N,Y,N,N,N,Y,N,book_document_checklist_excluded,explicit_exclusion_documented,excluded,Internal exclusion coverage,none,
book_document_checklist,CHK-BOOKS-2028,,CHK-BOOKS-2028,Myths of Sheogorath,Myths of Sheogorath,,,Books,Explicit exclusion,,,,0,,merchant_investment,bugged_unofficial_patch_only | unknown_needs_validation,Angeline's Aromatics | Ashfall's Tear CC | Falion's House | ... (10 total),Ashfall's Tear CC / Solstheim | Falkreath / Falkreath Hold | Markarth / The Reach | ... (8 total),Do not route as required investment unless TB-037 later validates official PS4 AE availability.,N,exact_checklist,1,Y,Y,N,Y,N,N,N,Y,N,book_document_checklist_excluded,explicit_exclusion_documented,excluded,Internal exclusion coverage,none,
book_document_checklist,CHK-BOOKS-2029,OBJ-001224,CHK-BOOKS-2029,N'Gasta! Kvata! Kvakis!,N'Gasta! Kvata! Kvakis!,book_document,quest_book_title,Books,Main-route prototype block,main_route,base_game,quest_book,1,,,,,,,Y,exact_checklist,1,Y,N,N,Y,N,N,N,N,N,book_document_checklist_covered,placed_in_guide,complete,Bards College Lost Library And Instrument Roads,none,
book_document_checklist,CHK-BOOKS-2030,,CHK-BOOKS-2030,Nchunak's Fire and Faith,Nchunak's Fire and Faith (DB),,,Books,Explicit exclusion,,,,0,,merchant_investment,bugged_unofficial_patch_only | unknown_needs_validation,Angeline's Aromatics | Ashfall's Tear CC | Falion's House | ... (10 total),Ashfall's Tear CC / Solstheim | Falkreath / Falkreath Hold | Markarth / The Reach | ... (8 total),Do not route as required investment unless TB-037 later validates official PS4 AE availability.,N,exact_checklist,1,Y,Y,N,Y,N,N,N,Y,N,book_document_checklist_excluded,explicit_exclusion_documented,excluded,Internal exclusion coverage,none,
book_document_checklist,CHK-BOOKS-2031,OBJ-001225,CHK-BOOKS-2031,Nepos's Journal,Nepos's Journal,book_document,quest_book_title,Books,Main-route prototype block,main_route,base_game,quest_book,1,,,,,,,Y,exact_checklist,1,Y,N,N,Y,N,N,N,N,N,book_document_checklist_covered,acquired_now,complete,Markarth Prison Daedric Rites And Reach Redoubts,none,
book_document_checklist,CHK-BOOKS-2032,,CHK-BOOKS-2032,Nerevar at Red Mountain,Nerevar at Red Mountain (DB),,,Books,Explicit exclusion,,,,0,,merchant_investment,bugged_unofficial_patch_only | unknown_needs_validation,Angeline's Aromatics | Ashfall's Tear CC | Falion's House | ... (10 total),Ashfall's Tear CC / Solstheim | Falkreath / Falkreath Hold | Markarth / The Reach | ... (8 total),Do not route as required investment unless TB-037 later validates official PS4 AE availability.,N,exact_checklist,1,Y,Y,N,Y,N,N,N,Y,N,book_document_checklist_excluded,explicit_exclusion_documented,excluded,Internal exclusion coverage,none,
book_document_checklist,CHK-BOOKS-2033,,CHK-BOOKS-2033,Nerevar Moon and Star,Nerevar Moon and Star,,,Books,Explicit exclusion,,,,0,,merchant_investment,bugged_unofficial_patch_only | unknown_needs_validation,Angeline's Aromatics | Ashfall's Tear CC | Falion's House | ... (10 total),Ashfall's Tear CC / Solstheim | Falkreath / Falkreath Hold | Markarth / The Reach | ... (8 total),Do not route as required investment unless TB-037 later validates official PS4 AE availability.,N,exact_checklist,1,Y,Y,N,Y,N,N,N,Y,N,book_document_checklist_excluded,explicit_exclusion_documented,excluded,Internal exclusion coverage,none,
book_document_checklist,CHK-BOOKS-2034,OBJ-000877,CHK-BOOKS-2034,Night Falls on Sentinel,Night Falls on Sentinel,book_document,skill_book_title,Books,Main-route prototype block,main_route,base_game,skill_book,3,"310 ft S of The Guardian Stones: 310 ft S of The Guardian Stones (Falkreath Hold), in a tent in a bandit camp",skill_book_copy,selected_default_copy_pending_route_validation,310 ft S of The Guardian Stones,310 ft S of The Guardian Stones,Collect selected copy when its route block is safe; read after Scholar's Insight and high-skill timing check.,Y,exact_checklist,2,Y,Y,N,Y,Y,N,N,N,N,book_document_checklist_covered,copy_collected_unread | not_read_here,staged_for_scholars_insight_or_rustleif_policy | staged_for_scholars_insight_window,"Dawnstar, Vaermina, And Cold-Weather Setup | Whispers, Solitude Jobs, And The Wedding Assassination",none,
book_document_checklist,CHK-BOOKS-2035,,CHK-BOOKS-2035,Nightingales: Fact or Fiction?,Nightingales: Fact or Fiction?,,,Books,Explicit exclusion,,,,0,,merchant_investment,bugged_unofficial_patch_only | unknown_needs_validation,Angeline's Aromatics | Ashfall's Tear CC | Falion's House | ... (10 total),Ashfall's Tear CC / Solstheim | Falkreath / Falkreath Hold | Markarth / The Reach | ... (8 total),Do not route as required investment unless TB-037 later validates official PS4 AE availability.,N,exact_checklist,1,Y,Y,N,Y,N,N,N,Y,N,book_document_checklist_excluded,explicit_exclusion_documented,excluded,Internal exclusion coverage,none,
book_document_checklist,CHK-BOOKS-2036,,CHK-BOOKS-2036,Nords Arise!,Nords Arise!,,,Books,Explicit exclusion,,,,0,,merchant_investment,bugged_unofficial_patch_only | unknown_needs_validation,Angeline's Aromatics | Ashfall's Tear CC | Falion's House | ... (10 total),Ashfall's Tear CC / Solstheim | Falkreath / Falkreath Hold | Markarth / The Reach | ... (8 total),Do not route as required investment unless TB-037 later validates official PS4 AE availability.,N,exact_checklist,1,Y,Y,N,Y,N,N,N,Y,N,book_document_checklist_excluded,explicit_exclusion_documented,excluded,Internal exclusion coverage,none,
book_document_checklist,CHK-BOOKS-2037,,CHK-BOOKS-2037,Nords of Skyrim,Nords of Skyrim,,,Books,Explicit exclusion,,,,0,,merchant_investment,bugged_unofficial_patch_only | unknown_needs_validation,Angeline's Aromatics | Ashfall's Tear CC | Falion's House | ... (10 total),Ashfall's Tear CC / Solstheim | Falkreath / Falkreath Hold | Markarth / The Reach | ... (8 total),Do not route as required investment unless TB-037 later validates official PS4 AE availability.,N,exact_checklist,1,Y,Y,N,Y,N,N,N,Y,N,book_document_checklist_excluded,explicit_exclusion_documented,excluded,Internal exclusion coverage,none,
book_document_checklist,CHK-BOOKS-2038,OBJ-001235,CHK-BOOKS-2038,"Notes on Dimhollow Crypt, Vol. 3","Notes on Dimhollow Crypt, Vol. 3 (DG)",book_document,quest_book_title,Books,Main-route prototype block,main_route,dawnguard,quest_book,1,,,,,,,Y,exact_checklist,1,Y,N,N,Y,N,N,N,N,Y,book_document_checklist_covered,placed_in_guide,complete,Dawnguard Fork And Volkihar Branch,none,
book_document_checklist,CHK-BOOKS-2039,,CHK-BOOKS-2039,Notes On The Lunar Forge,Notes On The Lunar Forge,,,Books,Explicit exclusion,,,,0,,merchant_investment,bugged_unofficial_patch_only | unknown_needs_validation,Angeline's Aromatics | Ashfall's Tear CC | Falion's House | ... (10 total),Ashfall's Tear CC / Solstheim | Falkreath / Falkreath Hold | Markarth / The Reach | ... (8 total),Do not route as required investment unless TB-037 later validates official PS4 AE availability.,N,exact_checklist,1,Y,Y,N,Y,N,N,N,Y,N,book_document_checklist_excluded,explicit_exclusion_documented,excluded,Internal exclusion coverage,none,
book_document_checklist,CHK-BOOKS-2040,,CHK-BOOKS-2040,Notes on Yngol Barrow,Notes on Yngol Barrow,,,Books,Explicit exclusion,,,,0,,merchant_investment,bugged_unofficial_patch_only | unknown_needs_validation,Angeline's Aromatics | Ashfall's Tear CC | Falion's House | ... (10 total),Ashfall's Tear CC / Solstheim | Falkreath / Falkreath Hold | Markarth / The Reach | ... (8 total),Do not route as required investment unless TB-037 later validates official PS4 AE availability.,N,exact_checklist,1,Y,Y,N,Y,N,N,N,Y,N,book_document_checklist_excluded,explicit_exclusion_documented,excluded,Internal exclusion coverage,none,
book_document_checklist,CHK-BOOKS-2041,OBJ-001236,CHK-BOOKS-2041,Nystrom's Journal,Nystrom's Journal,book_document,quest_book_title,Books,Main-route prototype block,main_route,base_game,quest_book,1,,,,,,,Y,exact_checklist,1,Y,Y,N,Y,N,N,N,N,N,book_document_checklist_covered,placed_in_guide,complete,Nightingale Rewards And The Skeleton Key,none,
book_document_checklist,CHK-BOOKS-2042,,CHK-BOOKS-2042,Ode To The Tundrastriders,Ode To The Tundrastriders,,,Books,Explicit exclusion,,,,0,,merchant_investment,bugged_unofficial_patch_only | unknown_needs_validation,Angeline's Aromatics | Ashfall's Tear CC | Falion's House | ... (10 total),Ashfall's Tear CC / Solstheim | Falkreath / Falkreath Hold | Markarth / The Reach | ... (8 total),Do not route as required investment unless TB-037 later validates official PS4 AE availability.,N,exact_checklist,1,Y,Y,N,Y,N,N,N,Y,N,book_document_checklist_excluded,explicit_exclusion_documented,excluded,Internal exclusion coverage,none,
book_document_checklist,CHK-BOOKS-2043,,CHK-BOOKS-2043,Of Crossed Daggers,Of Crossed Daggers,,,Books,Explicit exclusion,,,,0,,merchant_investment,bugged_unofficial_patch_only | unknown_needs_validation,Angeline's Aromatics | Ashfall's Tear CC | Falion's House | ... (10 total),Ashfall's Tear CC / Solstheim | Falkreath / Falkreath Hold | Markarth / The Reach | ... (8 total),Do not route as required investment unless TB-037 later validates official PS4 AE availability.,N,exact_checklist,1,Y,Y,N,Y,N,N,N,Y,N,book_document_checklist_excluded,explicit_exclusion_documented,excluded,Internal exclusion coverage,none,
book_document_checklist,CHK-BOOKS-2044,,CHK-BOOKS-2044,Of Fjori and Holgeir,Of Fjori and Holgeir,,,Books,Explicit exclusion,,,,0,,merchant_investment,bugged_unofficial_patch_only | unknown_needs_validation,Angeline's Aromatics | Ashfall's Tear CC | Falion's House | ... (10 total),Ashfall's Tear CC / Solstheim | Falkreath / Falkreath Hold | Markarth / The Reach | ... (8 total),Do not route as required investment unless TB-037 later validates official PS4 AE availability.,N,exact_checklist,1,Y,Y,N,Y,N,N,N,Y,N,book_document_checklist_excluded,explicit_exclusion_documented,excluded,Internal exclusion coverage,none,
book_document_checklist,CHK-BOOKS-2045,OBJ-001079,CHK-BOOKS-2045,Oghma Infinium,Oghma Infinium,book_document,unique_book_title,Books,Main-route prototype block,main_route,base_game,unique_book,1,Septimus Signus's Outpost: Septimus Signus's Outpost; reward from Discerning the Transmundane.,progression_policy,selected_late_gap_closer,"Read/use late on the skill group with the largest remaining pre-100 gap; if the final route needs a fixed default, use Magic unless TB-034/TB-037 final skill-state math chooses otherwise.",Discerning the Transmundane / Oghma Infinium,Acquire through the controlled Septimus window; do not use until progression math is known.,Y,exact_checklist,3,Y,Y,N,Y,N,N,N,N,N,book_document_checklist_covered,audited_not_completed_here | book_row_acquired_and_used | placed_in_guide,complete | complete_after_book_choice_verified | staged_for_late_progression_use,All-Perks Loop | Blades Research Blackreach And The Fallen | College Errands Arniel Septimus And Aetherium,none,
book_document_checklist,CHK-BOOKS-2046,,CHK-BOOKS-2046,Olaf and the Dragon,Olaf and the Dragon,,,Books,Explicit exclusion,,,,0,,merchant_investment,bugged_unofficial_patch_only | unknown_needs_validation,Angeline's Aromatics | Ashfall's Tear CC | Falion's House | ... (10 total),Ashfall's Tear CC / Solstheim | Falkreath / Falkreath Hold | Markarth / The Reach | ... (8 total),Do not route as required investment unless TB-037 later validates official PS4 AE availability.,N,exact_checklist,1,Y,Y,N,Y,N,N,N,Y,N,book_document_checklist_excluded,explicit_exclusion_documented,excluded,Internal exclusion coverage,none,
book_document_checklist,CHK-BOOKS-2047,,CHK-BOOKS-2047,Old Tome,Old Tome,,,Books,Explicit exclusion,,,,0,,merchant_investment,bugged_unofficial_patch_only | unknown_needs_validation,Angeline's Aromatics | Ashfall's Tear CC | Falion's House | ... (10 total),Ashfall's Tear CC / Solstheim | Falkreath / Falkreath Hold | Markarth / The Reach | ... (8 total),Do not route as required investment unless TB-037 later validates official PS4 AE availability.,N,exact_checklist,1,Y,Y,N,Y,N,N,N,Y,N,book_document_checklist_excluded,explicit_exclusion_documented,excluded,Internal exclusion coverage,none,
book_document_checklist,CHK-BOOKS-2048,,CHK-BOOKS-2048,On Oblivion,On Oblivion,,,Books,Explicit exclusion,,,,0,,merchant_investment,bugged_unofficial_patch_only | unknown_needs_validation,Angeline's Aromatics | Ashfall's Tear CC | Falion's House | ... (10 total),Ashfall's Tear CC / Solstheim | Falkreath / Falkreath Hold | Markarth / The Reach | ... (8 total),Do not route as required investment unless TB-037 later validates official PS4 AE availability.,N,exact_checklist,1,Y,Y,N,Y,N,N,N,Y,N,book_document_checklist_excluded,explicit_exclusion_documented,excluded,Internal exclusion coverage,none,
book_document_checklist,CHK-BOOKS-2049,,CHK-BOOKS-2049,On Stepping Lightly,On Stepping Lightly,,,Books,Explicit exclusion,,,,0,,merchant_investment,bugged_unofficial_patch_only | unknown_needs_validation,Angeline's Aromatics | Ashfall's Tear CC | Falion's House | ... (10 total),Ashfall's Tear CC / Solstheim | Falkreath / Falkreath Hold | Markarth / The Reach | ... (8 total),Do not route as required investment unless TB-037 later validates official PS4 AE availability.,N,exact_checklist,1,Y,Y,N,Y,N,N,N,Y,N,book_document_checklist_excluded,explicit_exclusion_documented,excluded,Internal exclusion coverage,none,
book_document_checklist,CHK-BOOKS-2050,,CHK-BOOKS-2050,On the Great Collapse,On the Great Collapse,,,Books,Explicit exclusion,,,,0,,merchant_investment,bugged_unofficial_patch_only | unknown_needs_validation,Angeline's Aromatics | Ashfall's Tear CC | Falion's House | ... (10 total),Ashfall's Tear CC / Solstheim | Falkreath / Falkreath Hold | Markarth / The Reach | ... (8 total),Do not route as required investment unless TB-037 later validates official PS4 AE availability.,N,exact_checklist,1,Y,Y,N,Y,N,N,N,Y,N,book_document_checklist_excluded,explicit_exclusion_documented,excluded,Internal exclusion coverage,none,
book_document_checklist,CHK-BOOKS-2051,,CHK-BOOKS-2051,Opusculus Lamae Bal,Opusculus Lamae Bal,,,Books,Explicit exclusion,,,,0,,merchant_investment,bugged_unofficial_patch_only | unknown_needs_validation,Angeline's Aromatics | Ashfall's Tear CC | Falion's House | ... (10 total),Ashfall's Tear CC / Solstheim | Falkreath / Falkreath Hold | Markarth / The Reach | ... (8 total),Do not route as required investment unless TB-037 later validates official PS4 AE availability.,N,exact_checklist,1,Y,Y,N,Y,N,N,N,Y,N,book_document_checklist_excluded,explicit_exclusion_documented,excluded,Internal exclusion coverage,none,
book_document_checklist,CHK-BOOKS-2052,OBJ-000857,CHK-BOOKS-2052,Orsinium and the Orcs,Orsinium and the Orcs,book_document,skill_book_title,Books,Main-route prototype block,main_route,base_game,skill_book,6,"Darkshade: Darkshade (Whiterun Hold), second room, lying near the water",skill_book_copy,selected_apocrypha_scholar_insight_copy,Apocrypha,Epistolary Acumen Chapter III,Read during the Tel Mithryn/Nchardak section after Scholar's Insight is active.,Y,exact_checklist,1,Y,Y,N,Y,N,N,N,N,N,book_document_checklist_covered,placed_in_guide,complete,"Tel Mithryn, Nchardak, And Kagrumez",none,
book_document_checklist,CHK-BOOKS-2053,,CHK-BOOKS-2053,"Palla, volume 1","Palla, volume 1",,,Books,Explicit exclusion,,,,0,,merchant_investment,bugged_unofficial_patch_only | unknown_needs_validation,Angeline's Aromatics | Ashfall's Tear CC | Falion's House | ... (10 total),Ashfall's Tear CC / Solstheim | Falkreath / Falkreath Hold | Markarth / The Reach | ... (8 total),Do not route as required investment unless TB-037 later validates official PS4 AE availability.,N,exact_checklist,1,Y,Y,N,Y,N,N,N,Y,N,book_document_checklist_excluded,explicit_exclusion_documented,excluded,Internal exclusion coverage,none,
book_document_checklist,CHK-BOOKS-2054,,CHK-BOOKS-2054,"Palla, volume 2","Palla, volume 2",,,Books,Explicit exclusion,,,,0,,merchant_investment,bugged_unofficial_patch_only | unknown_needs_validation,Angeline's Aromatics | Ashfall's Tear CC | Falion's House | ... (10 total),Ashfall's Tear CC / Solstheim | Falkreath / Falkreath Hold | Markarth / The Reach | ... (8 total),Do not route as required investment unless TB-037 later validates official PS4 AE availability.,N,exact_checklist,1,Y,Y,N,Y,N,N,N,Y,N,book_document_checklist_excluded,explicit_exclusion_documented,excluded,Internal exclusion coverage,none,
book_document_checklist,CHK-BOOKS-2055,,CHK-BOOKS-2055,Pension of the Ancestor Moth,Pension of the Ancestor Moth,,,Books,Explicit exclusion,,,,0,,merchant_investment,bugged_unofficial_patch_only | unknown_needs_validation,Angeline's Aromatics | Ashfall's Tear CC | Falion's House | ... (10 total),Ashfall's Tear CC / Solstheim | Falkreath / Falkreath Hold | Markarth / The Reach | ... (8 total),Do not route as required investment unless TB-037 later validates official PS4 AE availability.,N,exact_checklist,1,N,Y,N,Y,N,N,N,Y,N,book_document_checklist_excluded,explicit_exclusion_documented,excluded,Internal exclusion coverage,none,
book_document_checklist,CHK-BOOKS-2056,,CHK-BOOKS-2056,Physicalities of Werewolves,Physicalities of Werewolves,,,Books,Explicit exclusion,,,,0,,merchant_investment,bugged_unofficial_patch_only | unknown_needs_validation,Angeline's Aromatics | Ashfall's Tear CC | Falion's House | ... (10 total),Ashfall's Tear CC / Solstheim | Falkreath / Falkreath Hold | Markarth / The Reach | ... (8 total),Do not route as required investment unless TB-037 later validates official PS4 AE availability.,N,exact_checklist,1,Y,Y,N,Y,N,N,N,Y,N,book_document_checklist_excluded,explicit_exclusion_documented,excluded,Internal exclusion coverage,none,
book_document_checklist,CHK-BOOKS-2057,,CHK-BOOKS-2057,Pirate King of the Abecean,Pirate King of the Abecean,,,Books,Explicit exclusion,,,,0,,merchant_investment,bugged_unofficial_patch_only | unknown_needs_validation,Angeline's Aromatics | Ashfall's Tear CC | Falion's House | ... (10 total),Ashfall's Tear CC / Solstheim | Falkreath / Falkreath Hold | Markarth / The Reach | ... (8 total),Do not route as required investment unless TB-037 later validates official PS4 AE availability.,N,exact_checklist,1,Y,Y,N,Y,N,N,N,Y,N,book_document_checklist_excluded,explicit_exclusion_documented,excluded,Internal exclusion coverage,none,
book_document_checklist,CHK-BOOKS-2058,OBJ-001241,CHK-BOOKS-2058,Power of the Elements,Power of the Elements,book_document,quest_book_title,Books,Main-route prototype block,main_route,base_game,quest_book,1,UESP member page lists this as a quest-related book/document but does not list a fixed acquisition location; exact acquisition context deferred.,,,,,,Y,mapped_objective,2,N,Y,N,Y,N,Y,N,N,N,book_document_checklist_covered,destruction_ritual_book_completed | staged_for_all_perks_loop,complete_during_destruction_ritual | staged_for_skill_gate,All-Perks Loop | All-perks master ritual gate,none,
book_document_checklist,CHK-BOOKS-2059,OBJ-000870,CHK-BOOKS-2059,Proper Lock Design,Proper Lock Design,book_document,skill_book_title,Books,Main-route prototype block,main_route,base_game,skill_book,5,"Cidhna Mine: Cidhna Mine (Markarth), next to the Evidence Chest",skill_book_copy,selected_scholars_insight_route_copy,West of the gate at the top of Darklight Tower,Crowstooth's Camp / Darklight Tower exterior,Read during the Crowstooth's Camp and Arcwind approach after Scholar's Insight is active.,Y,exact_checklist,2,Y,Y,N,Y,Y,N,N,N,N,book_document_checklist_covered,not_read_here | placed_in_guide,complete | staged_for_alternate_source,High-Risk AE Routes and Separate Worldspaces | Markarth Prison Daedric Rites And Reach Redoubts,none,
book_document_checklist,CHK-BOOKS-2060,OBJ-000882,CHK-BOOKS-2060,Purloined Shadows,Purloined Shadows,book_document,skill_book_title,Books,Main-route prototype block,main_route,base_game,skill_book,5,"NW of Bonechill Passage: NW of Bonechill Passage (Falkreath Hold), in a hut under the bed",skill_book_copy,selected_default_copy_pending_route_validation,NW of Bonechill Passage,NW of Bonechill Passage,Collect selected copy when its route block is safe; read after Scholar's Insight and high-skill timing check.,Y,exact_checklist,2,Y,Y,N,Y,Y,N,N,N,N,book_document_checklist_covered,audited_not_read_here | audited_not_routed_here,staged_for_scholars_insight_skill_book_window | staged_for_selected_copy,Cicero Aventus And The Sanctuary Door | Nightingale Rewards And The Skeleton Key,none,
book_document_checklist,CHK-BOOKS-2061,OBJ-000886,CHK-BOOKS-2061,Racial Phylogeny,Racial Phylogeny,book_document,skill_book_title,Books,Main-route prototype block,main_route,base_game,skill_book,6,"Avanchnzel Animoncultory: Avanchnzel Animoncultory (The Rift), in a room on the eastern side, on the northern table",skill_book_copy,selected_apocrypha_scholar_insight_copy,Apocrypha,The Hidden Twilight Chapter V,Read during the Tel Mithryn/Nchardak section after Scholar's Insight is active.,Y,exact_checklist,2,Y,Y,Y,Y,Y,N,N,N,N,book_document_checklist_covered,placed_in_guide | reward_copy_acquired_unread,complete | staged_for_scholars_insight_read,"Fellglow Keep And Good Intentions | Tel Mithryn, Nchardak, And Kagrumez",none,
book_document_checklist,CHK-BOOKS-2062,OBJ-001330,CHK-BOOKS-2062,Raleth Eldri's Notes on Kagrumez,Raleth Eldri's Notes on Kagrumez (DB),book_document,quest_book_title,Books,Main-route prototype block,main_route,dragonborn,quest_book,1,,,,,,,Y,exact_checklist,1,Y,N,N,Y,N,N,N,N,N,book_document_checklist_covered,placed_in_guide,complete,"Tel Mithryn, Nchardak, And Kagrumez",none,
book_document_checklist,CHK-BOOKS-2063,OBJ-001248,CHK-BOOKS-2063,Ramati's Journal,Ramati's Journal,book_document,quest_book_title,Books,Main-route prototype block,main_route,base_game,quest_book,1,,,,,,,Y,mapped_objective,1,Y,Y,N,Y,N,N,N,N,N,book_document_checklist_covered,redistributed_or_gated,complete,Retrospective redistributed regional sections; no player-facing Location Counter Sweep dump,none,
book_document_checklist,CHK-BOOKS-2064,OBJ-000826,CHK-BOOKS-2064,Reality & Other Falsehoods,Reality & Other Falsehoods,book_document,skill_book_title,Books,Main-route prototype block,main_route,base_game,skill_book,6,Bthardamz Arcanex: Bthardamz Arcanex (The Reach) carried by Orchendor (only as part of quest The Only Cure),skill_book_copy,selected_default_copy_pending_route_validation,Snow-Shod Farm,Snow-Shod Farm,Collect selected copy when its route block is safe; read after Scholar's Insight and high-skill timing check.,Y,exact_checklist,3,Y,Y,N,Y,Y,N,N,N,N,book_document_checklist_covered,audited_not_routed_here | conditional_not_read_if_red_eagle | same_location_left_unopened,staged_for_scholar_insight | staged_for_scholars_insight_window | staged_with_reason,"Dawnstar, Pale Blade, And Heljarchen | Markarth Prison Daedric Rites And Reach Redoubts | Peryite's Shrine And Bthardamz",none,
book_document_checklist,CHK-BOOKS-2065,OBJ-001249,CHK-BOOKS-2065,Red Eagle's Rite,Red Eagle's Rite,book_document,quest_book_title,Books,Main-route prototype block,main_route,base_game,quest_book,1,,,,,,,Y,exact_checklist,1,Y,N,N,Y,N,N,N,N,Y,book_document_checklist_covered,conditional_acquired_if_red_eagle_target,conditional_complete,Markarth Prison Daedric Rites And Reach Redoubts,none,
book_document_checklist,CHK-BOOKS-2066,OBJ-001250,CHK-BOOKS-2066,Remanada,Remanada,book_document,quest_book_title,Books,Main-route prototype block,main_route,hearthfire,quest_book,4,,,,,,,Y,exact_checklist,1,Y,Y,N,Y,N,N,N,N,N,book_document_checklist_covered,placed_in_guide,complete,Karthspire Sky Haven And Dragonbane,none,
book_document_checklist,CHK-BOOKS-2067,,CHK-BOOKS-2067,Report: Disaster at Ionith,Report: Disaster at Ionith,,,Books,Explicit exclusion,,,,0,,merchant_investment,bugged_unofficial_patch_only | unknown_needs_validation,Angeline's Aromatics | Ashfall's Tear CC | Falion's House | ... (10 total),Ashfall's Tear CC / Solstheim | Falkreath / Falkreath Hold | Markarth / The Reach | ... (8 total),Do not route as required investment unless TB-037 later validates official PS4 AE availability.,Y,exact_checklist,1,Y,Y,N,Y,N,N,N,Y,N,book_document_checklist_excluded,explicit_exclusion_documented,excluded,Internal exclusion coverage,none,
book_document_checklist,CHK-BOOKS-2068,OBJ-001254,CHK-BOOKS-2068,Research Log,Research Log,book_document,quest_book_title,Books,Main-route prototype block,main_route,base_game,quest_book,1,,,,,,,Y,exact_checklist,1,Y,N,N,Y,N,N,N,N,N,book_document_checklist_covered,placed_in_guide,complete,Mzulft And The Winterhold Crisis,none,
book_document_checklist,CHK-BOOKS-2069,,CHK-BOOKS-2069,Research Notes,Research Notes,,,Books,Explicit exclusion,,,,0,,merchant_investment,bugged_unofficial_patch_only | unknown_needs_validation,Angeline's Aromatics | Ashfall's Tear CC | Falion's House | ... (10 total),Ashfall's Tear CC / Solstheim | Falkreath / Falkreath Hold | Markarth / The Reach | ... (8 total),Do not route as required investment unless TB-037 later validates official PS4 AE availability.,Y,exact_checklist,1,Y,Y,N,Y,N,N,N,Y,N,book_document_checklist_excluded,explicit_exclusion_documented,excluded,Internal exclusion coverage,none,
book_document_checklist,CHK-BOOKS-2070,OBJ-000847,CHK-BOOKS-2070,Response to Bero's Speech,Response to Bero's Speech,book_document,skill_book_title,Books,Main-route prototype block,main_route,base_game,skill_book,5,"Haemar's Cavern: Haemar's Cavern (Falkreath Hold), on a desk near two dead bandits",skill_book_copy,selected_default_copy_pending_route_validation,Haemar's Cavern,Haemar's Cavern,Collect selected copy when its route block is safe; read after Scholar's Insight and high-skill timing check.,Y,exact_checklist,1,Y,Y,N,Y,Y,N,N,N,N,book_document_checklist_covered,reward_copy_acquired_unread,staged_for_scholars_insight_read,Fellglow Keep And Good Intentions,none,
book_document_checklist,CHK-BOOKS-2071,,CHK-BOOKS-2071,Riften Home Decorating Guide,Riften Home Decorating Guide,,,Books,Explicit exclusion,,,,0,,merchant_investment,bugged_unofficial_patch_only | unknown_needs_validation,Angeline's Aromatics | Ashfall's Tear CC | Falion's House | ... (10 total),Ashfall's Tear CC / Solstheim | Falkreath / Falkreath Hold | Markarth / The Reach | ... (8 total),Do not route as required investment unless TB-037 later validates official PS4 AE availability.,N,exact_checklist,1,Y,Y,N,Y,N,N,N,Y,N,book_document_checklist_excluded,explicit_exclusion_documented,excluded,Internal exclusion coverage,none,
book_document_checklist,CHK-BOOKS-2072,,CHK-BOOKS-2072,"Rising Threat, Vol. I","Rising Threat, Vol. I",,,Books,Explicit exclusion,,,,0,,merchant_investment,bugged_unofficial_patch_only | unknown_needs_validation,Angeline's Aromatics | Ashfall's Tear CC | Falion's House | ... (10 total),Ashfall's Tear CC / Solstheim | Falkreath / Falkreath Hold | Markarth / The Reach | ... (8 total),Do not route as required investment unless TB-037 later validates official PS4 AE availability.,N,exact_checklist,1,Y,Y,N,Y,N,N,N,Y,N,book_document_checklist_excluded,explicit_exclusion_documented,excluded,Internal exclusion coverage,none,
book_document_checklist,CHK-BOOKS-2073,,CHK-BOOKS-2073,"Rising Threat, Vol. II","Rising Threat, Vol. II",,,Books,Explicit exclusion,,,,0,,merchant_investment,bugged_unofficial_patch_only | unknown_needs_validation,Angeline's Aromatics | Ashfall's Tear CC | Falion's House | ... (10 total),Ashfall's Tear CC / Solstheim | Falkreath / Falkreath Hold | Markarth / The Reach | ... (8 total),Do not route as required investment unless TB-037 later validates official PS4 AE availability.,N,exact_checklist,1,Y,Y,N,Y,N,N,N,Y,N,book_document_checklist_excluded,explicit_exclusion_documented,excluded,Internal exclusion coverage,none,
book_document_checklist,CHK-BOOKS-2074,,CHK-BOOKS-2074,"Rising Threat, Vol. III","Rising Threat, Vol. III",,,Books,Explicit exclusion,,,,0,,merchant_investment,bugged_unofficial_patch_only | unknown_needs_validation,Angeline's Aromatics | Ashfall's Tear CC | Falion's House | ... (10 total),Ashfall's Tear CC / Solstheim | Falkreath / Falkreath Hold | Markarth / The Reach | ... (8 total),Do not route as required investment unless TB-037 later validates official PS4 AE availability.,N,exact_checklist,1,Y,Y,N,Y,N,N,N,Y,N,book_document_checklist_excluded,explicit_exclusion_documented,excluded,Internal exclusion coverage,none,
book_document_checklist,CHK-BOOKS-2075,,CHK-BOOKS-2075,"Rising Threat, Vol. IV","Rising Threat, Vol. IV",,,Books,Explicit exclusion,,,,0,,merchant_investment,bugged_unofficial_patch_only | unknown_needs_validation,Angeline's Aromatics | Ashfall's Tear CC | Falion's House | ... (10 total),Ashfall's Tear CC / Solstheim | Falkreath / Falkreath Hold | Markarth / The Reach | ... (8 total),Do not route as required investment unless TB-037 later validates official PS4 AE availability.,N,exact_checklist,1,Y,Y,N,Y,N,N,N,Y,N,book_document_checklist_excluded,explicit_exclusion_documented,excluded,Internal exclusion coverage,none,
book_document_checklist,CHK-BOOKS-2076,OBJ-000866,CHK-BOOKS-2076,Rislav The Righteous,Rislav The Righteous,book_document,skill_book_title,Books,Main-route prototype block,main_route,base_game,skill_book,5,"160 ft W of Abandoned Prison: 160 ft W of Abandoned Prison (Eastmarch), in the debris surrounding a cabin crushed by a fallen tree",skill_book_copy,selected_default_copy_pending_route_validation,160 ft W of Abandoned Prison,160 ft W of Abandoned Prison,Collect selected copy when its route block is safe; read after Scholar's Insight and high-skill timing check.,Y,exact_checklist,1,Y,Y,N,Y,Y,N,N,N,N,book_document_checklist_covered,same_location_left_unopened,staged_for_scholars_insight_window,Windhelm Follow-Up And Eastmarch Roads,none,
book_document_checklist,CHK-BOOKS-2077,,CHK-BOOKS-2077,Ruined Trailbook,Ruined Trailbook,,,Books,Explicit exclusion,,,,0,,merchant_investment,bugged_unofficial_patch_only | unknown_needs_validation,Angeline's Aromatics | Ashfall's Tear CC | Falion's House | ... (10 total),Ashfall's Tear CC / Solstheim | Falkreath / Falkreath Hold | Markarth / The Reach | ... (8 total),Do not route as required investment unless TB-037 later validates official PS4 AE availability.,N,exact_checklist,1,Y,Y,N,Y,N,N,N,Y,N,book_document_checklist_excluded,explicit_exclusion_documented,excluded,Internal exclusion coverage,none,
book_document_checklist,CHK-BOOKS-2078,,CHK-BOOKS-2078,Ruins of Kemel-Ze,Ruins of Kemel-Ze,,,Books,Explicit exclusion,,,,0,,merchant_investment,bugged_unofficial_patch_only | unknown_needs_validation,Angeline's Aromatics | Ashfall's Tear CC | Falion's House | ... (10 total),Ashfall's Tear CC / Solstheim | Falkreath / Falkreath Hold | Markarth / The Reach | ... (8 total),Do not route as required investment unless TB-037 later validates official PS4 AE availability.,N,exact_checklist,1,Y,Y,N,Y,N,N,N,Y,N,book_document_checklist_excluded,explicit_exclusion_documented,excluded,Internal exclusion coverage,none,
book_document_checklist,CHK-BOOKS-2079,,CHK-BOOKS-2079,Ruminations on the Elder Scrolls,Ruminations on the Elder Scrolls,,,Books,Explicit exclusion,,,,0,,merchant_investment,bugged_unofficial_patch_only | unknown_needs_validation,Angeline's Aromatics | Ashfall's Tear CC | Falion's House | ... (10 total),Ashfall's Tear CC / Solstheim | Falkreath / Falkreath Hold | Markarth / The Reach | ... (8 total),Do not route as required investment unless TB-037 later validates official PS4 AE availability.,N,exact_checklist,1,Y,Y,N,Y,N,N,N,Y,N,book_document_checklist_excluded,explicit_exclusion_documented,excluded,Internal exclusion coverage,none,
book_document_checklist,CHK-BOOKS-2080,OBJ-000896,CHK-BOOKS-2080,Sacred Witness,Sacred Witness,book_document,skill_book_title,Books,Main-route prototype block,main_route,base_game,skill_book,5,"Dawnstar Sanctuary: Dawnstar Sanctuary, on a table in the entrance hall",skill_book_copy,selected_default_copy_pending_route_validation,Dawnstar Sanctuary,Dawnstar Sanctuary,Collect selected copy when its route block is safe; read after Scholar's Insight and high-skill timing check.,Y,exact_checklist,2,Y,Y,N,Y,Y,N,N,N,N,book_document_checklist_covered,audited_not_routed_here | conditional_not_read_if_deepwood,staged_for_scholar_insight | staged_for_scholars_insight_window,Cicero Aventus And The Sanctuary Door | Markarth Prison Daedric Rites And Reach Redoubts,none,
book_document_checklist,CHK-BOOKS-2081,,CHK-BOOKS-2081,Saden's Journal,Saden's Journal (DB),,,Books,Explicit exclusion,,,,0,,merchant_investment,bugged_unofficial_patch_only | unknown_needs_validation,Angeline's Aromatics | Ashfall's Tear CC | Falion's House | ... (10 total),Ashfall's Tear CC / Solstheim | Falkreath / Falkreath Hold | Markarth / The Reach | ... (8 total),Do not route as required investment unless TB-037 later validates official PS4 AE availability.,N,exact_checklist,1,Y,Y,N,Y,N,N,N,Y,N,book_document_checklist_excluded,explicit_exclusion_documented,excluded,Internal exclusion coverage,none,
book_document_checklist,CHK-BOOKS-2082,OBJ-001257,CHK-BOOKS-2082,Saint Jiub's Opus,Saint Jiub's Opus (DG),book_document,quest_book_title,Books,Main-route prototype block,main_route,dawnguard,quest_book,1,UESP member page lists this as a quest-related book/document but does not list a fixed acquisition location; exact acquisition context deferred.,,,,,,Y,exact_checklist,1,Y,N,N,N,N,N,N,N,N,book_document_checklist_covered,placed_in_guide,complete,Dawnguard Worldspaces,none,
book_document_checklist,CHK-BOOKS-2083,,CHK-BOOKS-2083,Scourge of the Gray Quarter,Scourge of the Gray Quarter,,,Books,Explicit exclusion,,,,0,,merchant_investment,bugged_unofficial_patch_only | unknown_needs_validation,Angeline's Aromatics | Ashfall's Tear CC | Falion's House | ... (10 total),Ashfall's Tear CC / Solstheim | Falkreath / Falkreath Hold | Markarth / The Reach | ... (8 total),Do not route as required investment unless TB-037 later validates official PS4 AE availability.,N,exact_checklist,1,Y,Y,N,Y,N,N,N,Y,N,book_document_checklist_excluded,explicit_exclusion_documented,excluded,Internal exclusion coverage,none,
book_document_checklist,CHK-BOOKS-2084,,CHK-BOOKS-2084,Servos's Journal,Servos's Journal (DB),,,Books,Explicit exclusion,,,,0,,merchant_investment,bugged_unofficial_patch_only | unknown_needs_validation,Angeline's Aromatics | Ashfall's Tear CC | Falion's House | ... (10 total),Ashfall's Tear CC / Solstheim | Falkreath / Falkreath Hold | Markarth / The Reach | ... (8 total),Do not route as required investment unless TB-037 later validates official PS4 AE availability.,N,exact_checklist,1,Y,Y,N,Y,N,N,N,Y,N,book_document_checklist_excluded,explicit_exclusion_documented,excluded,Internal exclusion coverage,none,
book_document_checklist,CHK-BOOKS-2085,,CHK-BOOKS-2085,Shadowmarks,Shadowmarks,,,Books,Explicit exclusion,,,,0,,merchant_investment,bugged_unofficial_patch_only | unknown_needs_validation,Angeline's Aromatics | Ashfall's Tear CC | Falion's House | ... (10 total),Ashfall's Tear CC / Solstheim | Falkreath / Falkreath Hold | Markarth / The Reach | ... (8 total),Do not route as required investment unless TB-037 later validates official PS4 AE availability.,N,exact_checklist,1,Y,Y,N,Y,N,N,N,Y,N,book_document_checklist_excluded,explicit_exclusion_documented,excluded,Internal exclusion coverage,none,
book_document_checklist,CHK-BOOKS-2086,,CHK-BOOKS-2086,Shezarr and the Divines,Shezarr and the Divines,,,Books,Explicit exclusion,,,,0,,merchant_investment,bugged_unofficial_patch_only | unknown_needs_validation,Angeline's Aromatics | Ashfall's Tear CC | Falion's House | ... (10 total),Ashfall's Tear CC / Solstheim | Falkreath / Falkreath Hold | Markarth / The Reach | ... (8 total),Do not route as required investment unless TB-037 later validates official PS4 AE availability.,N,exact_checklist,1,Y,Y,N,Y,N,N,N,Y,N,book_document_checklist_excluded,explicit_exclusion_documented,excluded,Internal exclusion coverage,none,
book_document_checklist,CHK-BOOKS-2087,,CHK-BOOKS-2087,Short History of Morrowind,Short History of Morrowind,,,Books,Explicit exclusion,,,,0,,merchant_investment,bugged_unofficial_patch_only | unknown_needs_validation,Angeline's Aromatics | Ashfall's Tear CC | Falion's House | ... (10 total),Ashfall's Tear CC / Solstheim | Falkreath / Falkreath Hold | Markarth / The Reach | ... (8 total),Do not route as required investment unless TB-037 later validates official PS4 AE availability.,N,exact_checklist,1,Y,Y,N,Y,N,N,N,Y,N,book_document_checklist_excluded,explicit_exclusion_documented,excluded,Internal exclusion coverage,none,
book_document_checklist,CHK-BOOKS-2088,,CHK-BOOKS-2088,Sild's Journal,Sild's Journal,,,Books,Explicit exclusion,,,,0,,merchant_investment,bugged_unofficial_patch_only | unknown_needs_validation,Angeline's Aromatics | Ashfall's Tear CC | Falion's House | ... (10 total),Ashfall's Tear CC / Solstheim | Falkreath / Falkreath Hold | Markarth / The Reach | ... (8 total),Do not route as required investment unless TB-037 later validates official PS4 AE availability.,N,exact_checklist,1,Y,Y,N,Y,N,N,N,Y,N,book_document_checklist_excluded,explicit_exclusion_documented,excluded,Internal exclusion coverage,none,
book_document_checklist,CHK-BOOKS-2089,OBJ-001264,CHK-BOOKS-2089,Sinderion's Field Journal,Sinderion's Field Journal,book_document,quest_book_title,Books,Main-route prototype block,main_route,base_game,quest_book,1,,,,,,,Y,exact_checklist,1,Y,Y,N,Y,N,N,N,N,N,book_document_checklist_covered,placed_in_guide,complete,Blades Research Blackreach And The Fallen,none,
book_document_checklist,CHK-BOOKS-2090,OBJ-000827,CHK-BOOKS-2090,Sithis,Sithis,book_document,skill_book_title,Books,Main-route prototype block,main_route,base_game,skill_book,5,Cradle Stone Tower: Cradle Stone Tower,skill_book_copy,selected_default_copy_pending_route_validation,Cradle Stone Tower,Cradle Stone Tower,Collect selected copy when its route block is safe; read after Scholar's Insight and high-skill timing check.,Y,exact_checklist,1,Y,Y,N,Y,Y,N,N,N,N,book_document_checklist_covered,same_location_left_unopened,staged_for_scholars_insight_window,Cicero Aventus And The Sanctuary Door,none,
book_document_checklist,CHK-BOOKS-2091,OBJ-001265,CHK-BOOKS-2091,Skorm Snow-Strider's Journal,Skorm Snow-Strider's Journal,book_document,quest_book_title,Books,Main-route prototype block,main_route,base_game,quest_book,1,,,,,,,Y,mapped_objective,1,Y,Y,N,Y,N,N,N,N,N,book_document_checklist_covered,redistributed_or_gated,complete,Retrospective redistributed regional sections; no player-facing Location Counter Sweep dump,none,
book_document_checklist,CHK-BOOKS-2092,,CHK-BOOKS-2092,Skyrim's Rule,Skyrim's Rule,,,Books,Explicit exclusion,,,,0,,merchant_investment,bugged_unofficial_patch_only | unknown_needs_validation,Angeline's Aromatics | Ashfall's Tear CC | Falion's House | ... (10 total),Ashfall's Tear CC / Solstheim | Falkreath / Falkreath Hold | Markarth / The Reach | ... (8 total),Do not route as required investment unless TB-037 later validates official PS4 AE availability.,N,exact_checklist,1,Y,Y,N,Y,N,N,N,Y,N,book_document_checklist_excluded,explicit_exclusion_documented,excluded,Internal exclusion coverage,none,
book_document_checklist,CHK-BOOKS-2093,,CHK-BOOKS-2093,Smuggler's Journal,Smuggler's Journal,,,Books,Explicit exclusion,,,,0,,merchant_investment,bugged_unofficial_patch_only | unknown_needs_validation,Angeline's Aromatics | Ashfall's Tear CC | Falion's House | ... (10 total),Ashfall's Tear CC / Solstheim | Falkreath / Falkreath Hold | Markarth / The Reach | ... (8 total),Do not route as required investment unless TB-037 later validates official PS4 AE availability.,N,exact_checklist,1,Y,Y,N,Y,N,N,N,Y,N,book_document_checklist_excluded,explicit_exclusion_documented,excluded,Internal exclusion coverage,none,
book_document_checklist,CHK-BOOKS-2094,,CHK-BOOKS-2094,Solitude Home Decorating Guide,Solitude Home Decorating Guide,,,Books,Explicit exclusion,,,,0,,merchant_investment,bugged_unofficial_patch_only | unknown_needs_validation,Angeline's Aromatics | Ashfall's Tear CC | Falion's House | ... (10 total),Ashfall's Tear CC / Solstheim | Falkreath / Falkreath Hold | Markarth / The Reach | ... (8 total),Do not route as required investment unless TB-037 later validates official PS4 AE availability.,N,exact_checklist,1,Y,Y,N,Y,N,N,N,Y,N,book_document_checklist_excluded,explicit_exclusion_documented,excluded,Internal exclusion coverage,none,
book_document_checklist,CHK-BOOKS-2095,OBJ-000906,CHK-BOOKS-2095,Song Of Hrormir,Song Of Hrormir,book_document,skill_book_title,Books,Main-route prototype block,main_route,base_game,skill_book,5,"Abandoned Prison: Abandoned Prison (Eastmarch), in a storage room filled with books and a Master-level chest",skill_book_copy,selected_default_copy_pending_route_validation,Abandoned Prison,Abandoned Prison,Collect selected copy when its route block is safe; read after Scholar's Insight and high-skill timing check.,Y,mapped_objective,3,Y,Y,Y,Y,Y,N,N,N,N,book_document_checklist_covered,read_in_guide | redistributed_or_gated | same_location_left_unopened,complete | staged_for_selected_copy_later,"Books, Spells, and Documents | Companions Entry | Retrospective redistributed regional sections; no player-facing Location Counter Sweep dump",none,
book_document_checklist,CHK-BOOKS-2096,OBJ-000823,CHK-BOOKS-2096,Song of the Alchemists,Song of the Alchemists,book_document,skill_book_title,Books,Main-route prototype block,main_route,base_game,skill_book,4,"Anise's Cabin: Anise's Cabin (Falkreath Hold), on a table at the foot of the bed",skill_book_copy,selected_apocrypha_scholar_insight_copy,Apocrypha,Waking Dreams Chapter III,Read during the level-60 Miraak finale after Scholar's Insight is active.,Y,exact_checklist,1,Y,Y,N,Y,N,N,N,N,N,book_document_checklist_covered,placed_in_guide,complete,"Miraak Finale, Lost Knowledge, And Last Black Books",none,
book_document_checklist,CHK-BOOKS-2097,,CHK-BOOKS-2097,Song of the Askelde Men,Song of the Askelde Men,,,Books,Explicit exclusion,,,,0,,merchant_investment,bugged_unofficial_patch_only | unknown_needs_validation,Angeline's Aromatics | Ashfall's Tear CC | Falion's House | ... (10 total),Ashfall's Tear CC / Solstheim | Falkreath / Falkreath Hold | Markarth / The Reach | ... (8 total),Do not route as required investment unless TB-037 later validates official PS4 AE availability.,N,exact_checklist,1,Y,Y,N,Y,N,N,N,Y,N,book_document_checklist_excluded,explicit_exclusion_documented,excluded,Internal exclusion coverage,none,
book_document_checklist,CHK-BOOKS-2098,,CHK-BOOKS-2098,Songs of Skyrim,Songs of Skyrim,,,Books,Explicit exclusion,,,,0,,merchant_investment,bugged_unofficial_patch_only | unknown_needs_validation,Angeline's Aromatics | Ashfall's Tear CC | Falion's House | ... (10 total),Ashfall's Tear CC / Solstheim | Falkreath / Falkreath Hold | Markarth / The Reach | ... (8 total),Do not route as required investment unless TB-037 later validates official PS4 AE availability.,N,exact_checklist,1,Y,Y,N,Y,N,N,N,Y,N,book_document_checklist_excluded,explicit_exclusion_documented,excluded,Internal exclusion coverage,none,
book_document_checklist,CHK-BOOKS-2099,,CHK-BOOKS-2099,Songs of Skyrim: Revised,Songs of Skyrim: Revised,,,Books,Explicit exclusion,,,,0,,merchant_investment,bugged_unofficial_patch_only | unknown_needs_validation,Angeline's Aromatics | Ashfall's Tear CC | Falion's House | ... (10 total),Ashfall's Tear CC / Solstheim | Falkreath / Falkreath Hold | Markarth / The Reach | ... (8 total),Do not route as required investment unless TB-037 later validates official PS4 AE availability.,N,exact_checklist,1,Y,Y,N,Y,N,N,N,Y,N,book_document_checklist_excluded,explicit_exclusion_documented,excluded,Internal exclusion coverage,none,
book_document_checklist,CHK-BOOKS-2100,,CHK-BOOKS-2100,"Songs of the Return, Vol 19","Songs of the Return, Vol 19",,,Books,Explicit exclusion,,,,0,,merchant_investment,bugged_unofficial_patch_only | unknown_needs_validation,Angeline's Aromatics | Ashfall's Tear CC | Falion's House | ... (10 total),Ashfall's Tear CC / Solstheim | Falkreath / Falkreath Hold | Markarth / The Reach | ... (8 total),Do not route as required investment unless TB-037 later validates official PS4 AE availability.,N,exact_checklist,1,Y,Y,N,Y,N,N,N,Y,N,book_document_checklist_excluded,explicit_exclusion_documented,excluded,Internal exclusion coverage,none,
book_document_checklist,CHK-BOOKS-2101,,CHK-BOOKS-2101,"Songs of the Return, Vol 2","Songs of the Return, Vol 2",,,Books,Explicit exclusion,,,,0,,merchant_investment,bugged_unofficial_patch_only | unknown_needs_validation,Angeline's Aromatics | Ashfall's Tear CC | Falion's House | ... (10 total),Ashfall's Tear CC / Solstheim | Falkreath / Falkreath Hold | Markarth / The Reach | ... (8 total),Do not route as required investment unless TB-037 later validates official PS4 AE availability.,N,exact_checklist,1,Y,Y,N,Y,N,N,N,Y,N,book_document_checklist_excluded,explicit_exclusion_documented,excluded,Internal exclusion coverage,none,
book_document_checklist,CHK-BOOKS-2102,,CHK-BOOKS-2102,"Songs of the Return, vol 24","Songs of the Return, vol 24",,,Books,Explicit exclusion,,,,0,,merchant_investment,bugged_unofficial_patch_only | unknown_needs_validation,Angeline's Aromatics | Ashfall's Tear CC | Falion's House | ... (10 total),Ashfall's Tear CC / Solstheim | Falkreath / Falkreath Hold | Markarth / The Reach | ... (8 total),Do not route as required investment unless TB-037 later validates official PS4 AE availability.,N,exact_checklist,1,Y,Y,N,Y,N,N,N,Y,N,book_document_checklist_excluded,explicit_exclusion_documented,excluded,Internal exclusion coverage,none,
book_document_checklist,CHK-BOOKS-2103,,CHK-BOOKS-2103,"Songs of the Return, Vol 56","Songs of the Return, Vol 56",,,Books,Explicit exclusion,,,,0,,merchant_investment,bugged_unofficial_patch_only | unknown_needs_validation,Angeline's Aromatics | Ashfall's Tear CC | Falion's House | ... (10 total),Ashfall's Tear CC / Solstheim | Falkreath / Falkreath Hold | Markarth / The Reach | ... (8 total),Do not route as required investment unless TB-037 later validates official PS4 AE availability.,N,exact_checklist,1,Y,Y,N,Y,N,N,N,Y,N,book_document_checklist_excluded,explicit_exclusion_documented,excluded,Internal exclusion coverage,none,
book_document_checklist,CHK-BOOKS-2104,,CHK-BOOKS-2104,"Songs of the Return, Vol 7","Songs of the Return, Vol 7",,,Books,Explicit exclusion,,,,0,,merchant_investment,bugged_unofficial_patch_only | unknown_needs_validation,Angeline's Aromatics | Ashfall's Tear CC | Falion's House | ... (10 total),Ashfall's Tear CC / Solstheim | Falkreath / Falkreath Hold | Markarth / The Reach | ... (8 total),Do not route as required investment unless TB-037 later validates official PS4 AE availability.,N,exact_checklist,1,Y,Y,N,Y,N,N,N,Y,N,book_document_checklist_excluded,explicit_exclusion_documented,excluded,Internal exclusion coverage,none,
book_document_checklist,CHK-BOOKS-2105,OBJ-001267,CHK-BOOKS-2105,"Souls, Black and White","Souls, Black and White",book_document,quest_book_title,Books,Main-route prototype block,main_route,base_game,quest_book,3,,,,,,,Y,exact_checklist,1,Y,N,N,Y,N,N,N,N,N,book_document_checklist_covered,placed_in_guide,complete,Whiterun Property Western Caves Gray-Mane Rescue And Onmund,none,
book_document_checklist,CHK-BOOKS-2106,,CHK-BOOKS-2106,Sovngarde: A Reexamination,Sovngarde: A Reexamination,,,Books,Explicit exclusion,,,,0,,merchant_investment,bugged_unofficial_patch_only | unknown_needs_validation,Angeline's Aromatics | Ashfall's Tear CC | Falion's House | ... (10 total),Ashfall's Tear CC / Solstheim | Falkreath / Falkreath Hold | Markarth / The Reach | ... (8 total),Do not route as required investment unless TB-037 later validates official PS4 AE availability.,Y,exact_checklist,1,Y,Y,N,Y,N,N,N,Y,N,book_document_checklist_excluded,explicit_exclusion_documented,excluded,Internal exclusion coverage,none,
book_document_checklist,CHK-BOOKS-2107,,CHK-BOOKS-2107,Spider Experiment Notes,Spider Experiment Notes (DB),,,Books,Explicit exclusion,,,,0,,merchant_investment,bugged_unofficial_patch_only | unknown_needs_validation,Angeline's Aromatics | Ashfall's Tear CC | Falion's House | ... (10 total),Ashfall's Tear CC / Solstheim | Falkreath / Falkreath Hold | Markarth / The Reach | ... (8 total),Do not route as required investment unless TB-037 later validates official PS4 AE availability.,N,exact_checklist,1,Y,Y,N,Y,N,N,N,Y,N,book_document_checklist_excluded,explicit_exclusion_documented,excluded,Internal exclusion coverage,none,
book_document_checklist,CHK-BOOKS-2108,,CHK-BOOKS-2108,Spirit of Nirn,Spirit of Nirn,,,Books,Explicit exclusion,,,,0,,merchant_investment,bugged_unofficial_patch_only | unknown_needs_validation,Angeline's Aromatics | Ashfall's Tear CC | Falion's House | ... (10 total),Ashfall's Tear CC / Solstheim | Falkreath / Falkreath Hold | Markarth / The Reach | ... (8 total),Do not route as required investment unless TB-037 later validates official PS4 AE availability.,N,exact_checklist,1,Y,Y,N,Y,N,N,N,Y,N,book_document_checklist_excluded,explicit_exclusion_documented,excluded,Internal exclusion coverage,none,
book_document_checklist,CHK-BOOKS-2109,,CHK-BOOKS-2109,Spirit of the Daedra,Spirit of the Daedra,,,Books,Explicit exclusion,,,,0,,merchant_investment,bugged_unofficial_patch_only | unknown_needs_validation,Angeline's Aromatics | Ashfall's Tear CC | Falion's House | ... (10 total),Ashfall's Tear CC / Solstheim | Falkreath / Falkreath Hold | Markarth / The Reach | ... (8 total),Do not route as required investment unless TB-037 later validates official PS4 AE availability.,N,exact_checklist,1,Y,Y,N,Y,N,N,N,Y,N,book_document_checklist_excluded,explicit_exclusion_documented,excluded,Internal exclusion coverage,none,
book_document_checklist,CHK-BOOKS-2110,OBJ-001268,CHK-BOOKS-2110,Staubin's Diary,Staubin's Diary,book_document,quest_book_title,Books,Main-route prototype block,main_route,base_game,quest_book,1,,,,,,,Y,exact_checklist,1,Y,N,N,Y,N,N,N,N,N,book_document_checklist_covered,acquired_now,complete,Markarth Nchuand-Zel And Old Hroldan,none,
book_document_checklist,CHK-BOOKS-2111,OBJ-001269,CHK-BOOKS-2111,Stromm's Diary,Stromm's Diary,book_document,quest_book_title,Books,Main-route prototype block,main_route,base_game,quest_book,1,,,,,,,Y,exact_checklist,1,Y,N,N,Y,N,N,N,N,N,book_document_checklist_covered,acquired_now,complete,Markarth Nchuand-Zel And Old Hroldan,none,
book_document_checklist,CHK-BOOKS-2112,OBJ-001270,CHK-BOOKS-2112,Sudi's Journal,Sudi's Journal,book_document,quest_book_title,Books,Main-route prototype block,main_route,base_game,quest_book,1,,,,,,,Y,mapped_objective,1,Y,Y,N,Y,N,N,N,N,N,book_document_checklist_covered,redistributed_or_gated,complete,Retrospective redistributed regional sections; no player-facing Location Counter Sweep dump,none,
book_document_checklist,CHK-BOOKS-2113,,CHK-BOOKS-2113,Sulla's Journal,Sulla's Journal,,,Books,Explicit exclusion,,,,0,,merchant_investment,bugged_unofficial_patch_only | unknown_needs_validation,Angeline's Aromatics | Ashfall's Tear CC | Falion's House | ... (10 total),Ashfall's Tear CC / Solstheim | Falkreath / Falkreath Hold | Markarth / The Reach | ... (8 total),Do not route as required investment unless TB-037 later validates official PS4 AE availability.,N,exact_checklist,1,Y,Y,N,Y,N,N,N,Y,N,book_document_checklist_excluded,explicit_exclusion_documented,excluded,Internal exclusion coverage,none,
book_document_checklist,CHK-BOOKS-2114,OBJ-000871,CHK-BOOKS-2114,Surfeit of Thieves,Surfeit of Thieves,book_document,skill_book_title,Books,Main-route prototype block,main_route,base_game,skill_book,5,Mistveil Keep Jarl's Chambers: Mistveil Keep Jarl's Chambers (Riften),skill_book_copy,selected_default_copy_pending_route_validation,Mistveil Keep Jarl's Chambers,Mistveil Keep Jarl's Chambers,Collect selected copy when its route block is safe; read after Scholar's Insight and high-skill timing check.,Y,exact_checklist,4,Y,Y,N,Y,Y,N,N,N,N,book_document_checklist_covered,audited_same_room_left_unopened | same_location_left_unopened | same_room_left_unopened,staged_for_scholars_insight_window,First Riften Visit And Guild Doorway | Goldenglow Honningbrew Solitude And Snow Veil | Haafingar Caves Volskygge And Night Hunter | Potema Shield Of Solitude And Bone Wolf,none,
book_document_checklist,CHK-BOOKS-2115,,CHK-BOOKS-2115,Tattered Journal,Tattered Journal,,,Books,Explicit exclusion,,,,0,,merchant_investment,bugged_unofficial_patch_only | unknown_needs_validation,Angeline's Aromatics | Ashfall's Tear CC | Falion's House | ... (10 total),Ashfall's Tear CC / Solstheim | Falkreath / Falkreath Hold | Markarth / The Reach | ... (8 total),Do not route as required investment unless TB-037 later validates official PS4 AE availability.,N,exact_checklist,1,Y,Y,N,Y,N,N,N,Y,N,book_document_checklist_excluded,explicit_exclusion_documented,excluded,Internal exclusion coverage,none,
book_document_checklist,CHK-BOOKS-2116,,CHK-BOOKS-2116,Tattered Journal,Tattered Journal,,,Books,Explicit exclusion,,,,0,,merchant_investment,bugged_unofficial_patch_only | unknown_needs_validation,Angeline's Aromatics | Ashfall's Tear CC | Falion's House | ... (10 total),Ashfall's Tear CC / Solstheim | Falkreath / Falkreath Hold | Markarth / The Reach | ... (8 total),Do not route as required investment unless TB-037 later validates official PS4 AE availability.,N,exact_checklist,1,Y,Y,N,Y,N,N,N,Y,N,book_document_checklist_excluded,explicit_exclusion_documented,excluded,Internal exclusion coverage,none,
book_document_checklist,CHK-BOOKS-2117,OBJ-001273,CHK-BOOKS-2117,Thalmor Dossier: Delphine,Thalmor Dossier: Delphine,book_document,quest_book_title,Books,Main-route prototype block,main_route,base_game,quest_book,1,,,,,,,Y,exact_checklist,1,Y,N,N,Y,N,N,N,N,N,book_document_checklist_covered,placed_in_guide,complete,Main Quest Staging Before Sky Haven,none,
book_document_checklist,CHK-BOOKS-2118,OBJ-001274,CHK-BOOKS-2118,Thalmor Dossier: Esbern,Thalmor Dossier: Esbern,book_document,quest_book_title,Books,Main-route prototype block,main_route,base_game,quest_book,1,,,,,,,Y,exact_checklist,1,Y,N,N,Y,N,N,N,N,N,book_document_checklist_covered,placed_in_guide,complete,Main Quest Staging Before Sky Haven,none,
book_document_checklist,CHK-BOOKS-2119,OBJ-001275,CHK-BOOKS-2119,Thalmor Dossier: Ulfric Stormcloak,Thalmor Dossier: Ulfric Stormcloak,book_document,quest_book_title,Books,Main-route prototype block,main_route,base_game,quest_book,1,,,,,,,Y,exact_checklist,1,Y,N,N,Y,N,N,N,N,N,book_document_checklist_covered,placed_in_guide,complete,Main Quest Staging Before Sky Haven,none,
book_document_checklist,CHK-BOOKS-2120,,CHK-BOOKS-2120,"The ""Madmen"" of the Reach","The ""Madmen"" of the Reach",,,Books,Explicit exclusion,,,,0,,merchant_investment,bugged_unofficial_patch_only | unknown_needs_validation,Angeline's Aromatics | Ashfall's Tear CC | Falion's House | ... (10 total),Ashfall's Tear CC / Solstheim | Falkreath / Falkreath Hold | Markarth / The Reach | ... (8 total),Do not route as required investment unless TB-037 later validates official PS4 AE availability.,N,exact_checklist,1,Y,Y,N,Y,N,N,N,Y,N,book_document_checklist_excluded,explicit_exclusion_documented,excluded,Internal exclusion coverage,none,
book_document_checklist,CHK-BOOKS-2121,,CHK-BOOKS-2121,The Adabal-a,The Adabal-a,,,Books,Explicit exclusion,,,,0,,merchant_investment,bugged_unofficial_patch_only | unknown_needs_validation,Angeline's Aromatics | Ashfall's Tear CC | Falion's House | ... (10 total),Ashfall's Tear CC / Solstheim | Falkreath / Falkreath Hold | Markarth / The Reach | ... (8 total),Do not route as required investment unless TB-037 later validates official PS4 AE availability.,N,exact_checklist,1,Y,Y,N,Y,N,N,N,Y,N,book_document_checklist_excluded,explicit_exclusion_documented,excluded,Internal exclusion coverage,none,
book_document_checklist,CHK-BOOKS-2122,OBJ-001087,CHK-BOOKS-2122,The Aetherium Wars,The Aetherium Wars,book_document,quest_book_title,Books,Main-route prototype block,main_route,dawnguard,quest_book,27,,,,,,,Y,exact_checklist,3,Y,Y,N,Y,Y,N,N,N,N,book_document_checklist_covered,audited_not_routed_here | duplicate_copy_left_unopened | placed_in_guide,already_completed_mr020 | completed_now | staged_with_reason,"Arkngthamz And The First Aetherium Shards | Bards College Lost Library And Instrument Roads | Dawnstar, Pale Blade, And Heljarchen",none,
book_document_checklist,CHK-BOOKS-2123,,CHK-BOOKS-2123,The Alduin/Akatosh Dichotomy,The Alduin/Akatosh Dichotomy,,,Books,Explicit exclusion,,,,0,,merchant_investment,bugged_unofficial_patch_only | unknown_needs_validation,Angeline's Aromatics | Ashfall's Tear CC | Falion's House | ... (10 total),Ashfall's Tear CC / Solstheim | Falkreath / Falkreath Hold | Markarth / The Reach | ... (8 total),Do not route as required investment unless TB-037 later validates official PS4 AE availability.,N,exact_checklist,1,Y,Y,N,Y,N,N,N,Y,N,book_document_checklist_excluded,explicit_exclusion_documented,excluded,Internal exclusion coverage,none,
book_document_checklist,CHK-BOOKS-2124,,CHK-BOOKS-2124,The Amulet of Kings,The Amulet of Kings,,,Books,Explicit exclusion,,,,0,,merchant_investment,bugged_unofficial_patch_only | unknown_needs_validation,Angeline's Aromatics | Ashfall's Tear CC | Falion's House | ... (10 total),Ashfall's Tear CC / Solstheim | Falkreath / Falkreath Hold | Markarth / The Reach | ... (8 total),Do not route as required investment unless TB-037 later validates official PS4 AE availability.,N,exact_checklist,1,Y,Y,N,Y,N,N,N,Y,N,book_document_checklist_excluded,explicit_exclusion_documented,excluded,Internal exclusion coverage,none,
book_document_checklist,CHK-BOOKS-2125,,CHK-BOOKS-2125,The Anticipations,The Anticipations (DB),,,Books,Explicit exclusion,,,,0,,merchant_investment,bugged_unofficial_patch_only | unknown_needs_validation,Angeline's Aromatics | Ashfall's Tear CC | Falion's House | ... (10 total),Ashfall's Tear CC / Solstheim | Falkreath / Falkreath Hold | Markarth / The Reach | ... (8 total),Do not route as required investment unless TB-037 later validates official PS4 AE availability.,N,exact_checklist,1,Y,Y,N,Y,N,N,N,Y,N,book_document_checklist_excluded,explicit_exclusion_documented,excluded,Internal exclusion coverage,none,
book_document_checklist,CHK-BOOKS-2126,,CHK-BOOKS-2126,The Apprentice's Assistant,The Apprentice's Assistant,,,Books,Explicit exclusion,,,,0,,merchant_investment,bugged_unofficial_patch_only | unknown_needs_validation,Angeline's Aromatics | Ashfall's Tear CC | Falion's House | ... (10 total),Ashfall's Tear CC / Solstheim | Falkreath / Falkreath Hold | Markarth / The Reach | ... (8 total),Do not route as required investment unless TB-037 later validates official PS4 AE availability.,N,exact_checklist,1,Y,Y,N,Y,N,N,N,Y,N,book_document_checklist_excluded,explicit_exclusion_documented,excluded,Internal exclusion coverage,none,
book_document_checklist,CHK-BOOKS-2127,,CHK-BOOKS-2127,The Arcturian Heresy,The Arcturian Heresy,,,Books,Explicit exclusion,,,,0,,merchant_investment,bugged_unofficial_patch_only | unknown_needs_validation,Angeline's Aromatics | Ashfall's Tear CC | Falion's House | ... (10 total),Ashfall's Tear CC / Solstheim | Falkreath / Falkreath Hold | Markarth / The Reach | ... (8 total),Do not route as required investment unless TB-037 later validates official PS4 AE availability.,N,exact_checklist,1,Y,Y,N,Y,N,N,N,Y,N,book_document_checklist_excluded,explicit_exclusion_documented,excluded,Internal exclusion coverage,none,
book_document_checklist,CHK-BOOKS-2128,OBJ-000893,CHK-BOOKS-2128,The Armorer's Challenge,The Armorer's Challenge,book_document,skill_book_title,Books,Main-route prototype block,main_route,base_game,skill_book,5,Bilegulch Mine: Bilegulch Mine (Falkreath Hold),skill_book_copy,selected_default_copy_pending_route_validation,Tower of Mzark,Tower of Mzark,Collect selected copy when its route block is safe; read after Scholar's Insight and high-skill timing check.,Y,mapped_objective,4,Y,Y,N,Y,N,N,N,N,N,book_document_checklist_covered,read_in_guide | same_location_left_unopened | source_selection_corrected,complete | staged_for_scholars_insight_window | staged_for_selected_copy_later,"Blades Research Blackreach And The Fallen | Books, Spells, and Documents | Companions Entry | Falkreath Land Lakeview Foundation And Glenmoril Coven",none,
book_document_checklist,CHK-BOOKS-2129,OBJ-000848,CHK-BOOKS-2129,The Art of War Magic,The Art of War Magic,book_document,skill_book_title,Books,Main-route prototype block,main_route,base_game,skill_book,6,"Southfringe Sanctum: Southfringe Sanctum (Falkreath Hold) carried by Bashnag, only during the quest The Savior of Selveni Nethri, or Bashnag is only a generic leveled necromancer",skill_book_copy,selected_apocrypha_scholar_insight_copy,Apocrypha,Waking Dreams Chapter VI,Read during the level-60 Miraak finale after Scholar's Insight is active.,Y,exact_checklist,2,Y,Y,N,Y,N,N,N,N,N,book_document_checklist_covered,placed_in_guide | same_location_left_unopened,complete | staged_for_scholars_insight_window,"Haafingar Caves Volskygge And Night Hunter | Miraak Finale, Lost Knowledge, And Last Black Books",none,
book_document_checklist,CHK-BOOKS-2130,,CHK-BOOKS-2130,The Axe Man,The Axe Man (DB),,,Books,Explicit exclusion,,,,0,,merchant_investment,bugged_unofficial_patch_only | unknown_needs_validation,Angeline's Aromatics | Ashfall's Tear CC | Falion's House | ... (10 total),Ashfall's Tear CC / Solstheim | Falkreath / Falkreath Hold | Markarth / The Reach | ... (8 total),Do not route as required investment unless TB-037 later validates official PS4 AE availability.,N,exact_checklist,1,Y,Y,N,Y,N,N,N,Y,N,book_document_checklist_excluded,explicit_exclusion_documented,excluded,Internal exclusion coverage,none,
book_document_checklist,CHK-BOOKS-2131,,CHK-BOOKS-2131,The Bear of Markarth,The Bear of Markarth,,,Books,Explicit exclusion,,,,0,,merchant_investment,bugged_unofficial_patch_only | unknown_needs_validation,Angeline's Aromatics | Ashfall's Tear CC | Falion's House | ... (10 total),Ashfall's Tear CC / Solstheim | Falkreath / Falkreath Hold | Markarth / The Reach | ... (8 total),Do not route as required investment unless TB-037 later validates official PS4 AE availability.,N,exact_checklist,1,Y,Y,N,Y,N,N,N,Y,N,book_document_checklist_excluded,explicit_exclusion_documented,excluded,Internal exclusion coverage,none,
book_document_checklist,CHK-BOOKS-2132,,CHK-BOOKS-2132,The Beginner's Guide to Homesteading,The Beginner's Guide to Homesteading,,,Books,Explicit exclusion,,,,0,,merchant_investment,bugged_unofficial_patch_only | unknown_needs_validation,Angeline's Aromatics | Ashfall's Tear CC | Falion's House | ... (10 total),Ashfall's Tear CC / Solstheim | Falkreath / Falkreath Hold | Markarth / The Reach | ... (8 total),Do not route as required investment unless TB-037 later validates official PS4 AE availability.,N,exact_checklist,1,Y,Y,N,Y,N,N,N,Y,N,book_document_checklist_excluded,explicit_exclusion_documented,excluded,Internal exclusion coverage,none,
book_document_checklist,CHK-BOOKS-2133,OBJ-001075,CHK-BOOKS-2133,The Betrayed,The Betrayed (DG),book_document,quest_book_title,Books,Main-route prototype block,main_route,dawnguard,quest_book,1,"The Arcanaeum: Urag gro-Shub gives this translated copy when buying Unknown Book, Vol. I.",,,,,,Y,exact_checklist,1,Y,N,N,Y,N,N,N,N,N,book_document_checklist_covered,placed_in_guide,complete,Dawnguard Worldspaces,none,
book_document_checklist,CHK-BOOKS-2134,,CHK-BOOKS-2134,"The Black Arrow, v1","The Black Arrow, v1",,,Books,Explicit exclusion,,,,0,,merchant_investment,bugged_unofficial_patch_only | unknown_needs_validation,Angeline's Aromatics | Ashfall's Tear CC | Falion's House | ... (10 total),Ashfall's Tear CC / Solstheim | Falkreath / Falkreath Hold | Markarth / The Reach | ... (8 total),Do not route as required investment unless TB-037 later validates official PS4 AE availability.,N,exact_checklist,1,Y,Y,N,Y,N,N,N,Y,N,book_document_checklist_excluded,explicit_exclusion_documented,excluded,Internal exclusion coverage,none,
book_document_checklist,CHK-BOOKS-2135,OBJ-000830,CHK-BOOKS-2135,"The Black Arrow, v2","The Black Arrow, v2",book_document,skill_book_title,Books,Main-route prototype block,main_route,base_game,skill_book,5,"Brood Cavern: Brood Cavern (Hjaalmarch), on the body of a dead hunter",skill_book_copy,selected_scholar_insight_route_copy,Robber's Gorge,Robber's Gorge,Read during the Vampire Lord cure closeout after Scholar's Insight is active.,Y,exact_checklist,1,Y,Y,N,Y,N,N,N,N,N,book_document_checklist_covered,placed_in_guide,complete,Vampire Lord Mastery and Rising at Dawn Closeout,none,
book_document_checklist,CHK-BOOKS-2136,OBJ-000863,CHK-BOOKS-2136,The Black Arts On Trial,The Black Arts On Trial,book_document,skill_book_title,Books,Main-route prototype block,main_route,base_game,skill_book,6,Falkreath Jail: Falkreath Jail (Falkreath),skill_book_copy,selected_scholar_insight_route_copy,Hillgrund's Tomb exterior,370 ft SSE of Hillgrund's Tomb,Leave the Hillgrund exterior copy closed during the Eastmarch route; return and read it during the post-Scholar's Insight skill-book reconciliation.,Y,exact_checklist,3,Y,Y,Y,Y,N,N,N,N,N,book_document_checklist_covered,reward_copy_acquired_unread | same_building_left_unopened | same_location_left_unopened,staged_for_scholars_insight_read | staged_for_scholars_insight_window,Fellglow Keep And Good Intentions | Hircine And Bloated Man's Grotto | Windhelm Murder Investigation And White Phial,none,
book_document_checklist,CHK-BOOKS-2137,,CHK-BOOKS-2137,The Book of Daedra,The Book of Daedra,,,Books,Explicit exclusion,,,,0,,merchant_investment,bugged_unofficial_patch_only | unknown_needs_validation,Angeline's Aromatics | Ashfall's Tear CC | Falion's House | ... (10 total),Ashfall's Tear CC / Solstheim | Falkreath / Falkreath Hold | Markarth / The Reach | ... (8 total),Do not route as required investment unless TB-037 later validates official PS4 AE availability.,N,exact_checklist,1,Y,Y,N,Y,N,N,N,Y,N,book_document_checklist_excluded,explicit_exclusion_documented,excluded,Internal exclusion coverage,none,
book_document_checklist,CHK-BOOKS-2138,,CHK-BOOKS-2138,The Book of Fate,The Book of Fate,,,Books,Explicit exclusion,,,,0,,merchant_investment,bugged_unofficial_patch_only | unknown_needs_validation,Angeline's Aromatics | Ashfall's Tear CC | Falion's House | ... (10 total),Ashfall's Tear CC / Solstheim | Falkreath / Falkreath Hold | Markarth / The Reach | ... (8 total),Do not route as required investment unless TB-037 later validates official PS4 AE availability.,N,exact_checklist,1,Y,Y,N,Y,N,N,N,Y,N,book_document_checklist_excluded,explicit_exclusion_documented,excluded,Internal exclusion coverage,none,
book_document_checklist,CHK-BOOKS-2139,,CHK-BOOKS-2139,The Book of Life and Service,The Book of Life and Service (DG),,,Books,Explicit exclusion,,,,0,,merchant_investment,bugged_unofficial_patch_only | unknown_needs_validation,Angeline's Aromatics | Ashfall's Tear CC | Falion's House | ... (10 total),Ashfall's Tear CC / Solstheim | Falkreath / Falkreath Hold | Markarth / The Reach | ... (8 total),Do not route as required investment unless TB-037 later validates official PS4 AE availability.,N,exact_checklist,1,Y,Y,N,Y,N,N,N,Y,N,book_document_checklist_excluded,explicit_exclusion_documented,excluded,Internal exclusion coverage,none,
book_document_checklist,CHK-BOOKS-2140,,CHK-BOOKS-2140,The Book of the Dragonborn,The Book of the Dragonborn,,,Books,Explicit exclusion,,,,0,,merchant_investment,bugged_unofficial_patch_only | unknown_needs_validation,Angeline's Aromatics | Ashfall's Tear CC | Falion's House | ... (10 total),Ashfall's Tear CC / Solstheim | Falkreath / Falkreath Hold | Markarth / The Reach | ... (8 total),Do not route as required investment unless TB-037 later validates official PS4 AE availability.,N,exact_checklist,1,Y,Y,N,Y,N,N,N,Y,N,book_document_checklist_excluded,explicit_exclusion_documented,excluded,Internal exclusion coverage,none,
book_document_checklist,CHK-BOOKS-2141,OBJ-000903,CHK-BOOKS-2141,The Buying Game,The Buying Game,book_document,skill_book_title,Books,Main-route prototype block,main_route,base_game,skill_book,5,"Bards College: Bards College (Solitude), in one of the classrooms",skill_book_copy,selected_default_copy_pending_route_validation,Bards College,Bards College,Collect selected copy when its route block is safe; read after Scholar's Insight and high-skill timing check.,Y,exact_checklist,3,Y,Y,N,Y,Y,N,N,N,N,book_document_checklist_covered,same_location_left_unopened,staged_for_scholars_insight_window,Bards College Lost Library And Instrument Roads | Goldenglow Honningbrew Solitude And Snow Veil | Peryite's Shrine And Bthardamz,none,
book_document_checklist,CHK-BOOKS-2142,,CHK-BOOKS-2142,The Cabin in the Woods,The Cabin in the Woods,,,Books,Explicit exclusion,,,,0,,merchant_investment,bugged_unofficial_patch_only | unknown_needs_validation,Angeline's Aromatics | Ashfall's Tear CC | Falion's House | ... (10 total),Ashfall's Tear CC / Solstheim | Falkreath / Falkreath Hold | Markarth / The Reach | ... (8 total),Do not route as required investment unless TB-037 later validates official PS4 AE availability.,N,exact_checklist,1,Y,Y,N,Y,N,N,N,Y,N,book_document_checklist_excluded,explicit_exclusion_documented,excluded,Internal exclusion coverage,none,
book_document_checklist,CHK-BOOKS-2143,,CHK-BOOKS-2143,The Cake and The Diamond,The Cake and The Diamond,,,Books,Explicit exclusion,,,,0,,merchant_investment,bugged_unofficial_patch_only | unknown_needs_validation,Angeline's Aromatics | Ashfall's Tear CC | Falion's House | ... (10 total),Ashfall's Tear CC / Solstheim | Falkreath / Falkreath Hold | Markarth / The Reach | ... (8 total),Do not route as required investment unless TB-037 later validates official PS4 AE availability.,N,exact_checklist,1,Y,Y,N,Y,N,N,N,Y,N,book_document_checklist_excluded,explicit_exclusion_documented,excluded,Internal exclusion coverage,none,
book_document_checklist,CHK-BOOKS-2144,,CHK-BOOKS-2144,The City of Stone,The City of Stone,,,Books,Explicit exclusion,,,,0,,merchant_investment,bugged_unofficial_patch_only | unknown_needs_validation,Angeline's Aromatics | Ashfall's Tear CC | Falion's House | ... (10 total),Ashfall's Tear CC / Solstheim | Falkreath / Falkreath Hold | Markarth / The Reach | ... (8 total),Do not route as required investment unless TB-037 later validates official PS4 AE availability.,N,exact_checklist,1,Y,Y,N,Y,N,N,N,Y,N,book_document_checklist_excluded,explicit_exclusion_documented,excluded,Internal exclusion coverage,none,
book_document_checklist,CHK-BOOKS-2145,,CHK-BOOKS-2145,The Code of Malacath,The Code of Malacath,,,Books,Explicit exclusion,,,,0,,merchant_investment,bugged_unofficial_patch_only | unknown_needs_validation,Angeline's Aromatics | Ashfall's Tear CC | Falion's House | ... (10 total),Ashfall's Tear CC / Solstheim | Falkreath / Falkreath Hold | Markarth / The Reach | ... (8 total),Do not route as required investment unless TB-037 later validates official PS4 AE availability.,N,exact_checklist,1,Y,Y,N,Y,N,N,N,Y,N,book_document_checklist_excluded,explicit_exclusion_documented,excluded,Internal exclusion coverage,none,
book_document_checklist,CHK-BOOKS-2146,OBJ-000842,CHK-BOOKS-2146,The Doors of Oblivion,The Doors of Oblivion,book_document,skill_book_title,Books,Main-route prototype block,main_route,base_game,skill_book,5,"Fellglow Keep: Fellglow Keep (Whiterun Hold), podium in far west room",skill_book_copy,selected_late_skill_book_copy,Sightless Pit exterior skeleton,120 ft SSW of Sightless Pit,Read during the late Scholar's Insight skill-book window; the Fellglow Keep copy is left closed during Hitting the Books.,Y,exact_checklist,2,Y,Y,N,Y,N,N,N,N,N,book_document_checklist_covered,not_read_here | same_location_left_unopened,staged_for_late_selected_copy | staged_for_scholar_insight,Fellglow Keep And Good Intentions | Markarth Prison Daedric Rites And Reach Redoubts,none,
book_document_checklist,CHK-BOOKS-2147,,CHK-BOOKS-2147,The Doors of the Spirit,The Doors of the Spirit (DB),,,Books,Explicit exclusion,,,,0,,merchant_investment,bugged_unofficial_patch_only | unknown_needs_validation,Angeline's Aromatics | Ashfall's Tear CC | Falion's House | ... (10 total),Ashfall's Tear CC / Solstheim | Falkreath / Falkreath Hold | Markarth / The Reach | ... (8 total),Do not route as required investment unless TB-037 later validates official PS4 AE availability.,N,exact_checklist,1,Y,Y,N,Y,N,N,N,Y,N,book_document_checklist_excluded,explicit_exclusion_documented,excluded,Internal exclusion coverage,none,
book_document_checklist,CHK-BOOKS-2148,,CHK-BOOKS-2148,The Dowry,The Dowry,,,Books,Explicit exclusion,,,,0,,merchant_investment,bugged_unofficial_patch_only | unknown_needs_validation,Angeline's Aromatics | Ashfall's Tear CC | Falion's House | ... (10 total),Ashfall's Tear CC / Solstheim | Falkreath / Falkreath Hold | Markarth / The Reach | ... (8 total),Do not route as required investment unless TB-037 later validates official PS4 AE availability.,N,exact_checklist,1,Y,Y,N,Y,N,N,N,Y,N,book_document_checklist_excluded,explicit_exclusion_documented,excluded,Internal exclusion coverage,none,
book_document_checklist,CHK-BOOKS-2149,,CHK-BOOKS-2149,The Dragon Break,The Dragon Break,,,Books,Explicit exclusion,,,,0,,merchant_investment,bugged_unofficial_patch_only | unknown_needs_validation,Angeline's Aromatics | Ashfall's Tear CC | Falion's House | ... (10 total),Ashfall's Tear CC / Solstheim | Falkreath / Falkreath Hold | Markarth / The Reach | ... (8 total),Do not route as required investment unless TB-037 later validates official PS4 AE availability.,N,exact_checklist,1,Y,Y,N,Y,N,N,N,Y,N,book_document_checklist_excluded,explicit_exclusion_documented,excluded,Internal exclusion coverage,none,
book_document_checklist,CHK-BOOKS-2150,,CHK-BOOKS-2150,The Dragon War,The Dragon War,,,Books,Explicit exclusion,,,,0,,merchant_investment,bugged_unofficial_patch_only | unknown_needs_validation,Angeline's Aromatics | Ashfall's Tear CC | Falion's House | ... (10 total),Ashfall's Tear CC / Solstheim | Falkreath / Falkreath Hold | Markarth / The Reach | ... (8 total),Do not route as required investment unless TB-037 later validates official PS4 AE availability.,N,exact_checklist,1,Y,Y,N,Y,N,N,N,Y,N,book_document_checklist_excluded,explicit_exclusion_documented,excluded,Internal exclusion coverage,none,
book_document_checklist,CHK-BOOKS-2151,OBJ-001130,CHK-BOOKS-2151,The Dreamstride,The Dreamstride,book_document,quest_book_title,Books,Main-route prototype block,main_route,base_game,quest_book,1,,,,,,,Y,exact_checklist,1,Y,N,N,Y,N,N,N,N,N,book_document_checklist_covered,placed_in_guide,complete,"Dawnstar, Vaermina, And Cold-Weather Setup",none,
book_document_checklist,CHK-BOOKS-2152,OBJ-000887,CHK-BOOKS-2152,The Exodus,The Exodus,book_document,skill_book_title,Books,Main-route prototype block,main_route,base_game,skill_book,5,Forelhost Crypt: Forelhost Crypt (The Rift),skill_book_copy,selected_default_copy_pending_route_validation,Forelhost Crypt,Forelhost Crypt,Collect selected copy when its route block is safe; read after Scholar's Insight and high-skill timing check.,Y,exact_checklist,1,Y,Y,N,Y,Y,N,N,N,N,book_document_checklist_covered,same_room_left_unopened,staged_for_scholars_insight_window,Bards College Lost Library And Instrument Roads,none,
book_document_checklist,CHK-BOOKS-2153,,CHK-BOOKS-2153,The Falmer: A Study,The Falmer: A Study,,,Books,Explicit exclusion,,,,0,,merchant_investment,bugged_unofficial_patch_only | unknown_needs_validation,Angeline's Aromatics | Ashfall's Tear CC | Falion's House | ... (10 total),Ashfall's Tear CC / Solstheim | Falkreath / Falkreath Hold | Markarth / The Reach | ... (8 total),Do not route as required investment unless TB-037 later validates official PS4 AE availability.,Y,exact_checklist,1,Y,Y,N,Y,N,N,N,Y,N,book_document_checklist_excluded,explicit_exclusion_documented,excluded,Internal exclusion coverage,none,
book_document_checklist,CHK-BOOKS-2154,,CHK-BOOKS-2154,The Firmament,The Firmament,,,Books,Explicit exclusion,,,,0,,merchant_investment,bugged_unofficial_patch_only | unknown_needs_validation,Angeline's Aromatics | Ashfall's Tear CC | Falion's House | ... (10 total),Ashfall's Tear CC / Solstheim | Falkreath / Falkreath Hold | Markarth / The Reach | ... (8 total),Do not route as required investment unless TB-037 later validates official PS4 AE availability.,N,exact_checklist,1,Y,Y,N,Y,N,N,N,Y,N,book_document_checklist_excluded,explicit_exclusion_documented,excluded,Internal exclusion coverage,none,
book_document_checklist,CHK-BOOKS-2155,,CHK-BOOKS-2155,The Firsthold Revolt,The Firsthold Revolt,,,Books,Explicit exclusion,,,,0,,merchant_investment,bugged_unofficial_patch_only | unknown_needs_validation,Angeline's Aromatics | Ashfall's Tear CC | Falion's House | ... (10 total),Ashfall's Tear CC / Solstheim | Falkreath / Falkreath Hold | Markarth / The Reach | ... (8 total),Do not route as required investment unless TB-037 later validates official PS4 AE availability.,N,exact_checklist,1,Y,Y,N,Y,N,N,N,Y,N,book_document_checklist_excluded,explicit_exclusion_documented,excluded,Internal exclusion coverage,none,
book_document_checklist,CHK-BOOKS-2156,,CHK-BOOKS-2156,The Five Far Stars,The Five Far Stars (DB),,,Books,Explicit exclusion,,,,0,,merchant_investment,bugged_unofficial_patch_only | unknown_needs_validation,Angeline's Aromatics | Ashfall's Tear CC | Falion's House | ... (10 total),Ashfall's Tear CC / Solstheim | Falkreath / Falkreath Hold | Markarth / The Reach | ... (8 total),Do not route as required investment unless TB-037 later validates official PS4 AE availability.,N,exact_checklist,1,Y,Y,N,Y,N,N,N,Y,N,book_document_checklist_excluded,explicit_exclusion_documented,excluded,Internal exclusion coverage,none,
book_document_checklist,CHK-BOOKS-2157,,CHK-BOOKS-2157,The Four Totems of Volskygge,The Four Totems of Volskygge,,,Books,Explicit exclusion,,,,0,,merchant_investment,bugged_unofficial_patch_only | unknown_needs_validation,Angeline's Aromatics | Ashfall's Tear CC | Falion's House | ... (10 total),Ashfall's Tear CC / Solstheim | Falkreath / Falkreath Hold | Markarth / The Reach | ... (8 total),Do not route as required investment unless TB-037 later validates official PS4 AE availability.,N,exact_checklist,1,Y,Y,N,Y,N,N,N,Y,N,book_document_checklist_excluded,explicit_exclusion_documented,excluded,Internal exclusion coverage,none,
book_document_checklist,CHK-BOOKS-2158,OBJ-000831,CHK-BOOKS-2158,The Gold Ribbon of Merit,The Gold Ribbon of Merit,book_document,skill_book_title,Books,Main-route prototype block,main_route,base_game,skill_book,6,"Angi's Camp: Angi's Camp (Falkreath Hold), inside the shack, on the end table by the bed",skill_book_copy,selected_apocrypha_scholar_insight_copy,Apocrypha,Untold Legends Chapter IV,Read during the Benkongerike/Untold Legends Lost Knowledge route after Scholar's Insight is active.,Y,exact_checklist,1,Y,Y,N,Y,N,N,N,N,N,book_document_checklist_covered,placed_in_guide,complete,"Miraak Finale, Lost Knowledge, And Last Black Books",none,
book_document_checklist,CHK-BOOKS-2159,,CHK-BOOKS-2159,The Great War,The Great War,,,Books,Explicit exclusion,,,,0,,merchant_investment,bugged_unofficial_patch_only | unknown_needs_validation,Angeline's Aromatics | Ashfall's Tear CC | Falion's House | ... (10 total),Ashfall's Tear CC / Solstheim | Falkreath / Falkreath Hold | Markarth / The Reach | ... (8 total),Do not route as required investment unless TB-037 later validates official PS4 AE availability.,N,exact_checklist,1,Y,Y,N,Y,N,N,N,Y,N,book_document_checklist_excluded,explicit_exclusion_documented,excluded,Internal exclusion coverage,none,
book_document_checklist,CHK-BOOKS-2160,,CHK-BOOKS-2160,The Guardian and the Traitor,The Guardian and the Traitor (DB),,,Books,Explicit exclusion,,,,0,,merchant_investment,bugged_unofficial_patch_only | unknown_needs_validation,Angeline's Aromatics | Ashfall's Tear CC | Falion's House | ... (10 total),Ashfall's Tear CC / Solstheim | Falkreath / Falkreath Hold | Markarth / The Reach | ... (8 total),Do not route as required investment unless TB-037 later validates official PS4 AE availability.,N,exact_checklist,1,Y,Y,N,Y,N,N,N,Y,N,book_document_checklist_excluded,explicit_exclusion_documented,excluded,Internal exclusion coverage,none,
book_document_checklist,CHK-BOOKS-2161,,CHK-BOOKS-2161,The Holds of Skyrim,The Holds of Skyrim,,,Books,Explicit exclusion,,,,0,,merchant_investment,bugged_unofficial_patch_only | unknown_needs_validation,Angeline's Aromatics | Ashfall's Tear CC | Falion's House | ... (10 total),Ashfall's Tear CC / Solstheim | Falkreath / Falkreath Hold | Markarth / The Reach | ... (8 total),Do not route as required investment unless TB-037 later validates official PS4 AE availability.,N,exact_checklist,1,Y,Y,N,Y,N,N,N,Y,N,book_document_checklist_excluded,explicit_exclusion_documented,excluded,Internal exclusion coverage,none,
book_document_checklist,CHK-BOOKS-2162,,CHK-BOOKS-2162,The Hope of the Redoran,The Hope of the Redoran,,,Books,Explicit exclusion,,,,0,,merchant_investment,bugged_unofficial_patch_only | unknown_needs_validation,Angeline's Aromatics | Ashfall's Tear CC | Falion's House | ... (10 total),Ashfall's Tear CC / Solstheim | Falkreath / Falkreath Hold | Markarth / The Reach | ... (8 total),Do not route as required investment unless TB-037 later validates official PS4 AE availability.,N,exact_checklist,1,Y,Y,N,Y,N,N,N,Y,N,book_document_checklist_excluded,explicit_exclusion_documented,excluded,Internal exclusion coverage,none,
book_document_checklist,CHK-BOOKS-2163,,CHK-BOOKS-2163,The House of Troubles,The House of Troubles (DB),,,Books,Explicit exclusion,,,,0,,merchant_investment,bugged_unofficial_patch_only | unknown_needs_validation,Angeline's Aromatics | Ashfall's Tear CC | Falion's House | ... (10 total),Ashfall's Tear CC / Solstheim | Falkreath / Falkreath Hold | Markarth / The Reach | ... (8 total),Do not route as required investment unless TB-037 later validates official PS4 AE availability.,N,exact_checklist,1,Y,Y,N,Y,N,N,N,Y,N,book_document_checklist_excluded,explicit_exclusion_documented,excluded,Internal exclusion coverage,none,
book_document_checklist,CHK-BOOKS-2164,OBJ-000878,CHK-BOOKS-2164,The Importance of Where,The Importance of Where,book_document,skill_book_title,Books,Main-route prototype block,main_route,base_game,skill_book,5,Brina's House: Brina's House (Dawnstar),skill_book_copy,selected_default_copy_pending_route_validation,Brina's House,Brina's House,Collect selected copy when its route block is safe; read after Scholar's Insight and high-skill timing check.,Y,exact_checklist,1,Y,Y,N,Y,Y,N,N,N,N,book_document_checklist_covered,audited_not_routed_here,staged_with_reason,"Dawnstar, Pale Blade, And Heljarchen",none,
book_document_checklist,CHK-BOOKS-2165,OBJ-001312,CHK-BOOKS-2165,The Journal of Ralis Sedarys - Volume 19,The Journal of Ralis Sedarys - Volume 19 (DB),book_document,quest_book_title,Books,Main-route prototype block,main_route,dragonborn,quest_book,1,,,,,,,Y,exact_checklist,1,Y,Y,N,Y,N,N,N,N,N,book_document_checklist_covered,placed_in_guide,complete,Kolbjorn Excavation And Raven Rock West,none,
book_document_checklist,CHK-BOOKS-2166,OBJ-001313,CHK-BOOKS-2166,The Journal of Ralis Sedarys - Volume 20,The Journal of Ralis Sedarys - Volume 20 (DB),book_document,quest_book_title,Books,Main-route prototype block,main_route,dragonborn,quest_book,1,,,,,,,Y,exact_checklist,1,Y,Y,N,Y,N,N,N,N,N,book_document_checklist_covered,placed_in_guide,complete,Kolbjorn Excavation And Raven Rock West,none,
book_document_checklist,CHK-BOOKS-2167,OBJ-001314,CHK-BOOKS-2167,The Journal of Ralis Sedarys - Volume 21,The Journal of Ralis Sedarys - Volume 21 (DB),book_document,quest_book_title,Books,Main-route prototype block,main_route,dragonborn,quest_book,1,,,,,,,Y,exact_checklist,1,Y,Y,N,Y,N,N,N,N,N,book_document_checklist_covered,placed_in_guide,complete,Kolbjorn Excavation And Raven Rock West,none,
book_document_checklist,CHK-BOOKS-2168,OBJ-001315,CHK-BOOKS-2168,The Journal of Ralis Sedarys - Volume 22,The Journal of Ralis Sedarys - Volume 22 (DB),book_document,quest_book_title,Books,Main-route prototype block,main_route,dragonborn,quest_book,1,,,,,,,Y,exact_checklist,1,Y,Y,N,Y,N,N,N,N,N,book_document_checklist_covered,placed_in_guide,complete,Kolbjorn Excavation And Raven Rock West,none,
book_document_checklist,CHK-BOOKS-2169,OBJ-001316,CHK-BOOKS-2169,The Journal of Ralis Sedarys - Volume 23,The Journal of Ralis Sedarys - Volume 23 (DB),book_document,quest_book_title,Books,Main-route prototype block,main_route,dragonborn,quest_book,1,,,,,,,Y,exact_checklist,1,Y,Y,N,Y,N,N,N,N,N,book_document_checklist_covered,placed_in_guide,complete,Kolbjorn Excavation And Raven Rock West,none,
book_document_checklist,CHK-BOOKS-2170,OBJ-001181,CHK-BOOKS-2170,The Keepers of the Razor,The Keepers of the Razor,book_document,quest_book_title,Books,Main-route prototype block,main_route,base_game,quest_book,1,UESP member page lists this as a quest-related book/document but does not list a fixed acquisition location; exact acquisition context deferred.,,,,,,Y,exact_checklist,1,Y,N,N,N,N,N,N,N,N,book_document_checklist_covered,placed_in_guide,complete,"Dawnstar, Vaermina, And Cold-Weather Setup",none,
book_document_checklist,CHK-BOOKS-2171,OBJ-000858,CHK-BOOKS-2171,The Knights of the Nine,The Knights of the Nine,book_document,skill_book_title,Books,Main-route prototype block,main_route,base_game,skill_book,5,Guldun Rock Cave: Guldun Rock Cave (Whiterun Hold),skill_book_copy,selected_default_copy_pending_route_validation,Guldun Rock Cave,Guldun Rock Cave,Collect selected copy when its route block is safe; read after Scholar's Insight and high-skill timing check.,Y,mapped_objective,2,Y,Y,N,Y,Y,N,N,N,N,book_document_checklist_covered,read_in_guide | redistributed_or_gated,complete,"Books, Spells, and Documents | Retrospective redistributed regional sections; no player-facing Location Counter Sweep dump",none,
book_document_checklist,CHK-BOOKS-2172,OBJ-001187,CHK-BOOKS-2172,The Last King of the Ayleids,The Last King of the Ayleids,book_document,quest_book_title,Books,Main-route prototype block,main_route,base_game,quest_book,1,,,,,,,Y,exact_checklist,1,Y,N,N,Y,N,N,N,N,N,book_document_checklist_covered,placed_in_guide,complete,Fellglow Keep And Good Intentions,none,
book_document_checklist,CHK-BOOKS-2173,OBJ-001188,CHK-BOOKS-2173,The Legend of Red Eagle,The Legend of Red Eagle,book_document,quest_book_title,Books,Main-route prototype block,main_route,base_game,quest_book,39,,,,,,,Y,exact_checklist,2,Y,N,N,Y,N,N,N,N,Y,book_document_checklist_covered,conditional_acquired_if_red_eagle_target | quest_book_left_unopened,conditional_complete | staged_for_red_eagle_route,Bards College Lost Library And Instrument Roads | Markarth Prison Daedric Rites And Reach Redoubts,none,
book_document_checklist,CHK-BOOKS-2174,OBJ-000907,CHK-BOOKS-2174,The Legendary Sancre Tor,The Legendary Sancre Tor,book_document,skill_book_title,Books,Main-route prototype block,main_route,base_game,skill_book,5,580 ft ENE of Broken Tower Redoubt: 580 ft ENE of Broken Tower Redoubt (The Reach),skill_book_copy,selected_default_copy_pending_route_validation,580 ft ENE of Broken Tower Redoubt,580 ft ENE of Broken Tower Redoubt,Collect selected copy when its route block is safe; read after Scholar's Insight and high-skill timing check.,Y,exact_checklist,2,Y,Y,N,Y,Y,N,N,N,N,book_document_checklist_covered,same_building_left_unopened | same_location_left_unopened,staged_for_scholars_insight_window,"Companions Finale, Totems, And Beast-Blood Preservation | Hircine And Bloated Man's Grotto",none,
book_document_checklist,CHK-BOOKS-2175,OBJ-001189,CHK-BOOKS-2175,The Legendary Scourge,The Legendary Scourge,book_document,quest_book_title,Books,Main-route prototype block,main_route,base_game,quest_book,1,UESP member page lists this as a quest-related book/document but does not list a fixed acquisition location; exact acquisition context deferred.,,,,,,Y,mapped_objective,1,Y,Y,N,N,Y,N,Y,Y,N,book_document_checklist_route_resolution_recorded,needs_route_resolution_added,NEEDS ROUTE RESOLUTION,Final Reconciliation open route-resolution items,none_existing_route_resolution,
book_document_checklist,CHK-BOOKS-2176,OBJ-000872,CHK-BOOKS-2176,The Locked Room,The Locked Room,book_document,skill_book_title,Books,Main-route prototype block,main_route,base_game,skill_book,5,"Alftand Animonculory: Alftand Animonculory (Winterhold), in the treasure room",skill_book_copy,selected_default_copy_pending_route_validation,Alftand Animonculory,Alftand Animonculory,Collect selected copy when its route block is safe; read after Scholar's Insight and high-skill timing check.,Y,exact_checklist,1,Y,Y,N,Y,Y,N,N,N,N,book_document_checklist_covered,same_location_left_unopened,staged_for_scholars_insight_window,Windhelm Follow-Up And Eastmarch Roads,none,
book_document_checklist,CHK-BOOKS-2177,OBJ-000828,CHK-BOOKS-2177,The Lunar Lorkhan,The Lunar Lorkhan,book_document,skill_book_title,Books,Main-route prototype block,main_route,base_game,skill_book,5,"Cragwallow Slope: Cragwallow Slope (Eastmarch), central chamber",skill_book_copy,selected_default_copy_pending_route_validation,Cragwallow Slope,Cragwallow Slope,Collect selected copy when its route block is safe; read after Scholar's Insight and high-skill timing check.,Y,exact_checklist,2,Y,Y,N,Y,Y,N,N,N,N,book_document_checklist_covered,same_location_left_unopened | same_location_not_entered,staged_for_scholars_insight_window | staged_for_selected_copy_or_late_reading_window,Mzulft And The Winterhold Crisis | Solitude Coast Wild Horse And Wolfskull,none,
book_document_checklist,CHK-BOOKS-2178,,CHK-BOOKS-2178,"The Lusty Argonian Maid, v1","The Lusty Argonian Maid, v1",,,Books,Explicit exclusion,,,,0,,merchant_investment,bugged_unofficial_patch_only | unknown_needs_validation,Angeline's Aromatics | Ashfall's Tear CC | Falion's House | ... (10 total),Ashfall's Tear CC / Solstheim | Falkreath / Falkreath Hold | Markarth / The Reach | ... (8 total),Do not route as required investment unless TB-037 later validates official PS4 AE availability.,N,exact_checklist,1,Y,Y,N,Y,N,N,N,Y,N,book_document_checklist_excluded,explicit_exclusion_documented,excluded,Internal exclusion coverage,none,
book_document_checklist,CHK-BOOKS-2179,,CHK-BOOKS-2179,"The Lusty Argonian Maid, v2","The Lusty Argonian Maid, v2",,,Books,Explicit exclusion,,,,0,,merchant_investment,bugged_unofficial_patch_only | unknown_needs_validation,Angeline's Aromatics | Ashfall's Tear CC | Falion's House | ... (10 total),Ashfall's Tear CC / Solstheim | Falkreath / Falkreath Hold | Markarth / The Reach | ... (8 total),Do not route as required investment unless TB-037 later validates official PS4 AE availability.,N,exact_checklist,1,Y,Y,N,Y,N,N,N,Y,N,book_document_checklist_excluded,explicit_exclusion_documented,excluded,Internal exclusion coverage,none,
book_document_checklist,CHK-BOOKS-2180,,CHK-BOOKS-2180,The Madness of Pelagius,The Madness of Pelagius,,,Books,Explicit exclusion,,,,0,,merchant_investment,bugged_unofficial_patch_only | unknown_needs_validation,Angeline's Aromatics | Ashfall's Tear CC | Falion's House | ... (10 total),Ashfall's Tear CC / Solstheim | Falkreath / Falkreath Hold | Markarth / The Reach | ... (8 total),Do not route as required investment unless TB-037 later validates official PS4 AE availability.,N,exact_checklist,1,Y,Y,N,Y,N,N,N,Y,N,book_document_checklist_excluded,explicit_exclusion_documented,excluded,Internal exclusion coverage,none,
book_document_checklist,CHK-BOOKS-2181,OBJ-000832,CHK-BOOKS-2181,The Marksmanship Lesson,The Marksmanship Lesson,book_document,skill_book_title,Books,Main-route prototype block,main_route,base_game,skill_book,5,"Cliffside Retreat: Cliffside Retreat (The Reach), on a table",skill_book_copy,selected_default_copy_pending_route_validation,Cliffside Retreat,Cliffside Retreat,Collect selected copy when its route block is safe; read after Scholar's Insight and high-skill timing check.,Y,mapped_objective,4,Y,Y,N,Y,Y,N,N,N,N,book_document_checklist_covered,read_in_guide | redistributed_or_gated | same_location_left_unopened,complete | staged_for_scholars_insight_window | staged_for_selected_copy_later,"Books, Spells, and Documents | Companions Entry | Retrospective redistributed regional sections; no player-facing Location Counter Sweep dump | Security, Shadowmere, And The Brotherhood Endgame",none,
book_document_checklist,CHK-BOOKS-2182,OBJ-000837,CHK-BOOKS-2182,The Mirror,The Mirror,book_document,skill_book_title,Books,Main-route prototype block,main_route,base_game,skill_book,4,"Broken Tower Redoubt: Broken Tower Redoubt (The Reach), on bookshelf in the sleeping area",skill_book_copy,selected_default_copy_pending_route_validation,Broken Tower Redoubt,Broken Tower Redoubt,Collect selected copy when its route block is safe; read after Scholar's Insight and high-skill timing check.,Y,exact_checklist,3,Y,Y,N,Y,Y,N,N,N,N,book_document_checklist_covered,not_read_here | same_location_left_unopened,staged_for_scholar_insight_or_captain_aldis | staged_for_scholars_insight_or_aldis_favor | staged_for_scholars_insight_window,Markarth Prison Daedric Rites And Reach Redoubts | Solitude Coast Wild Horse And Wolfskull | Windhelm Murder Investigation And White Phial,none,
book_document_checklist,CHK-BOOKS-2183,,CHK-BOOKS-2183,The Monomyth,The Monomyth,,,Books,Explicit exclusion,,,,0,,merchant_investment,bugged_unofficial_patch_only | unknown_needs_validation,Angeline's Aromatics | Ashfall's Tear CC | Falion's House | ... (10 total),Ashfall's Tear CC / Solstheim | Falkreath / Falkreath Hold | Markarth / The Reach | ... (8 total),Do not route as required investment unless TB-037 later validates official PS4 AE availability.,N,exact_checklist,1,Y,Y,N,Y,N,N,N,Y,N,book_document_checklist_excluded,explicit_exclusion_documented,excluded,Internal exclusion coverage,none,
book_document_checklist,CHK-BOOKS-2184,,CHK-BOOKS-2184,The Night Mother's Truth,The Night Mother's Truth,,,Books,Explicit exclusion,,,,0,,merchant_investment,bugged_unofficial_patch_only | unknown_needs_validation,Angeline's Aromatics | Ashfall's Tear CC | Falion's House | ... (10 total),Ashfall's Tear CC / Solstheim | Falkreath / Falkreath Hold | Markarth / The Reach | ... (8 total),Do not route as required investment unless TB-037 later validates official PS4 AE availability.,N,exact_checklist,1,Y,Y,N,Y,N,N,N,Y,N,book_document_checklist_excluded,explicit_exclusion_documented,excluded,Internal exclusion coverage,none,
book_document_checklist,CHK-BOOKS-2185,,CHK-BOOKS-2185,The Nightingales Vol. 1,The Nightingales Vol. 1,,,Books,Explicit exclusion,,,,0,,merchant_investment,bugged_unofficial_patch_only | unknown_needs_validation,Angeline's Aromatics | Ashfall's Tear CC | Falion's House | ... (10 total),Ashfall's Tear CC / Solstheim | Falkreath / Falkreath Hold | Markarth / The Reach | ... (8 total),Do not route as required investment unless TB-037 later validates official PS4 AE availability.,N,exact_checklist,1,Y,Y,N,Y,N,N,N,Y,N,book_document_checklist_excluded,explicit_exclusion_documented,excluded,Internal exclusion coverage,none,
book_document_checklist,CHK-BOOKS-2186,,CHK-BOOKS-2186,The Nightingales Vol. 2,The Nightingales Vol. 2,,,Books,Explicit exclusion,,,,0,,merchant_investment,bugged_unofficial_patch_only | unknown_needs_validation,Angeline's Aromatics | Ashfall's Tear CC | Falion's House | ... (10 total),Ashfall's Tear CC / Solstheim | Falkreath / Falkreath Hold | Markarth / The Reach | ... (8 total),Do not route as required investment unless TB-037 later validates official PS4 AE availability.,N,exact_checklist,1,Y,Y,N,Y,N,N,N,Y,N,book_document_checklist_excluded,explicit_exclusion_documented,excluded,Internal exclusion coverage,none,
book_document_checklist,CHK-BOOKS-2187,,CHK-BOOKS-2187,The Nirnoot Missive,The Nirnoot Missive,,,Books,Explicit exclusion,,,,0,,merchant_investment,bugged_unofficial_patch_only | unknown_needs_validation,Angeline's Aromatics | Ashfall's Tear CC | Falion's House | ... (10 total),Ashfall's Tear CC / Solstheim | Falkreath / Falkreath Hold | Markarth / The Reach | ... (8 total),Do not route as required investment unless TB-037 later validates official PS4 AE availability.,N,exact_checklist,1,Y,Y,N,Y,N,N,N,Y,N,book_document_checklist_excluded,explicit_exclusion_documented,excluded,Internal exclusion coverage,none,
book_document_checklist,CHK-BOOKS-2188,,CHK-BOOKS-2188,The Oblivion Crisis,The Oblivion Crisis,,,Books,Explicit exclusion,,,,0,,merchant_investment,bugged_unofficial_patch_only | unknown_needs_validation,Angeline's Aromatics | Ashfall's Tear CC | Falion's House | ... (10 total),Ashfall's Tear CC / Solstheim | Falkreath / Falkreath Hold | Markarth / The Reach | ... (8 total),Do not route as required investment unless TB-037 later validates official PS4 AE availability.,N,exact_checklist,1,Y,Y,N,Y,N,N,N,Y,N,book_document_checklist_excluded,explicit_exclusion_documented,excluded,Internal exclusion coverage,none,
book_document_checklist,CHK-BOOKS-2189,OBJ-001237,CHK-BOOKS-2189,The Old Ways,The Old Ways,book_document,quest_book_title,Books,Main-route prototype block,main_route,base_game,quest_book,1,,,,,,,Y,mapped_objective,1,Y,Y,N,Y,Y,N,Y,Y,N,book_document_checklist_route_resolution_recorded,needs_route_resolution_added,NEEDS ROUTE RESOLUTION,Final Reconciliation open route-resolution items,none_existing_route_resolution,
book_document_checklist,CHK-BOOKS-2190,,CHK-BOOKS-2190,The Pig Children,The Pig Children,,,Books,Explicit exclusion,,,,0,,merchant_investment,bugged_unofficial_patch_only | unknown_needs_validation,Angeline's Aromatics | Ashfall's Tear CC | Falion's House | ... (10 total),Ashfall's Tear CC / Solstheim | Falkreath / Falkreath Hold | Markarth / The Reach | ... (8 total),Do not route as required investment unless TB-037 later validates official PS4 AE availability.,N,exact_checklist,1,Y,Y,N,Y,N,N,N,Y,N,book_document_checklist_excluded,explicit_exclusion_documented,excluded,Internal exclusion coverage,none,
book_document_checklist,CHK-BOOKS-2191,,CHK-BOOKS-2191,"The Poison Song, Book I","The Poison Song, Book I (DB)",,,Books,Explicit exclusion,,,,0,,merchant_investment,bugged_unofficial_patch_only | unknown_needs_validation,Angeline's Aromatics | Ashfall's Tear CC | Falion's House | ... (10 total),Ashfall's Tear CC / Solstheim | Falkreath / Falkreath Hold | Markarth / The Reach | ... (8 total),Do not route as required investment unless TB-037 later validates official PS4 AE availability.,N,exact_checklist,1,Y,Y,N,Y,N,N,N,Y,N,book_document_checklist_excluded,explicit_exclusion_documented,excluded,Internal exclusion coverage,none,
book_document_checklist,CHK-BOOKS-2192,,CHK-BOOKS-2192,"The Poison Song, Book II","The Poison Song, Book II (DB)",,,Books,Explicit exclusion,,,,0,,merchant_investment,bugged_unofficial_patch_only | unknown_needs_validation,Angeline's Aromatics | Ashfall's Tear CC | Falion's House | ... (10 total),Ashfall's Tear CC / Solstheim | Falkreath / Falkreath Hold | Markarth / The Reach | ... (8 total),Do not route as required investment unless TB-037 later validates official PS4 AE availability.,N,exact_checklist,1,Y,Y,N,Y,N,N,N,Y,N,book_document_checklist_excluded,explicit_exclusion_documented,excluded,Internal exclusion coverage,none,
book_document_checklist,CHK-BOOKS-2193,,CHK-BOOKS-2193,"The Poison Song, Book III","The Poison Song, Book III (DB)",,,Books,Explicit exclusion,,,,0,,merchant_investment,bugged_unofficial_patch_only | unknown_needs_validation,Angeline's Aromatics | Ashfall's Tear CC | Falion's House | ... (10 total),Ashfall's Tear CC / Solstheim | Falkreath / Falkreath Hold | Markarth / The Reach | ... (8 total),Do not route as required investment unless TB-037 later validates official PS4 AE availability.,N,exact_checklist,1,Y,Y,N,Y,N,N,N,Y,N,book_document_checklist_excluded,explicit_exclusion_documented,excluded,Internal exclusion coverage,none,
book_document_checklist,CHK-BOOKS-2194,,CHK-BOOKS-2194,"The Poison Song, Book IV","The Poison Song, Book IV (DB)",,,Books,Explicit exclusion,,,,0,,merchant_investment,bugged_unofficial_patch_only | unknown_needs_validation,Angeline's Aromatics | Ashfall's Tear CC | Falion's House | ... (10 total),Ashfall's Tear CC / Solstheim | Falkreath / Falkreath Hold | Markarth / The Reach | ... (8 total),Do not route as required investment unless TB-037 later validates official PS4 AE availability.,N,exact_checklist,1,Y,Y,N,Y,N,N,N,Y,N,book_document_checklist_excluded,explicit_exclusion_documented,excluded,Internal exclusion coverage,none,
book_document_checklist,CHK-BOOKS-2195,,CHK-BOOKS-2195,"The Poison Song, Book V","The Poison Song, Book V (DB)",,,Books,Explicit exclusion,,,,0,,merchant_investment,bugged_unofficial_patch_only | unknown_needs_validation,Angeline's Aromatics | Ashfall's Tear CC | Falion's House | ... (10 total),Ashfall's Tear CC / Solstheim | Falkreath / Falkreath Hold | Markarth / The Reach | ... (8 total),Do not route as required investment unless TB-037 later validates official PS4 AE availability.,N,exact_checklist,1,Y,Y,N,Y,N,N,N,Y,N,book_document_checklist_excluded,explicit_exclusion_documented,excluded,Internal exclusion coverage,none,
book_document_checklist,CHK-BOOKS-2196,,CHK-BOOKS-2196,"The Poison Song, Book VI","The Poison Song, Book VI (DB)",,,Books,Explicit exclusion,,,,0,,merchant_investment,bugged_unofficial_patch_only | unknown_needs_validation,Angeline's Aromatics | Ashfall's Tear CC | Falion's House | ... (10 total),Ashfall's Tear CC / Solstheim | Falkreath / Falkreath Hold | Markarth / The Reach | ... (8 total),Do not route as required investment unless TB-037 later validates official PS4 AE availability.,N,exact_checklist,1,Y,Y,N,Y,N,N,N,Y,N,book_document_checklist_excluded,explicit_exclusion_documented,excluded,Internal exclusion coverage,none,
book_document_checklist,CHK-BOOKS-2197,,CHK-BOOKS-2197,"The Poison Song, Book VII","The Poison Song, Book VII (DB)",,,Books,Explicit exclusion,,,,0,,merchant_investment,bugged_unofficial_patch_only | unknown_needs_validation,Angeline's Aromatics | Ashfall's Tear CC | Falion's House | ... (10 total),Ashfall's Tear CC / Solstheim | Falkreath / Falkreath Hold | Markarth / The Reach | ... (8 total),Do not route as required investment unless TB-037 later validates official PS4 AE availability.,N,exact_checklist,1,Y,Y,N,Y,N,N,N,Y,N,book_document_checklist_excluded,explicit_exclusion_documented,excluded,Internal exclusion coverage,none,
book_document_checklist,CHK-BOOKS-2198,,CHK-BOOKS-2198,The Posting of the Hunt,The Posting of the Hunt,,,Books,Explicit exclusion,,,,0,,merchant_investment,bugged_unofficial_patch_only | unknown_needs_validation,Angeline's Aromatics | Ashfall's Tear CC | Falion's House | ... (10 total),Ashfall's Tear CC / Solstheim | Falkreath / Falkreath Hold | Markarth / The Reach | ... (8 total),Do not route as required investment unless TB-037 later validates official PS4 AE availability.,N,exact_checklist,1,Y,Y,N,Y,N,N,N,Y,N,book_document_checklist_excluded,explicit_exclusion_documented,excluded,Internal exclusion coverage,none,
book_document_checklist,CHK-BOOKS-2199,,CHK-BOOKS-2199,The Ransom of Zarek,The Ransom of Zarek,,,Books,Explicit exclusion,,,,0,,merchant_investment,bugged_unofficial_patch_only | unknown_needs_validation,Angeline's Aromatics | Ashfall's Tear CC | Falion's House | ... (10 total),Ashfall's Tear CC / Solstheim | Falkreath / Falkreath Hold | Markarth / The Reach | ... (8 total),Do not route as required investment unless TB-037 later validates official PS4 AE availability.,N,exact_checklist,1,Y,Y,N,Y,N,N,N,Y,N,book_document_checklist_excluded,explicit_exclusion_documented,excluded,Internal exclusion coverage,none,
book_document_checklist,CHK-BOOKS-2200,,CHK-BOOKS-2200,"The Real Barenziah, v1","The Real Barenziah, v1",,,Books,Explicit exclusion,,,,0,,merchant_investment,bugged_unofficial_patch_only | unknown_needs_validation,Angeline's Aromatics | Ashfall's Tear CC | Falion's House | ... (10 total),Ashfall's Tear CC / Solstheim | Falkreath / Falkreath Hold | Markarth / The Reach | ... (8 total),Do not route as required investment unless TB-037 later validates official PS4 AE availability.,N,exact_checklist,1,Y,Y,N,Y,N,N,N,Y,N,book_document_checklist_excluded,explicit_exclusion_documented,excluded,Internal exclusion coverage,none,
book_document_checklist,CHK-BOOKS-2201,,CHK-BOOKS-2201,"The Real Barenziah, v2","The Real Barenziah, v2",,,Books,Explicit exclusion,,,,0,,merchant_investment,bugged_unofficial_patch_only | unknown_needs_validation,Angeline's Aromatics | Ashfall's Tear CC | Falion's House | ... (10 total),Ashfall's Tear CC / Solstheim | Falkreath / Falkreath Hold | Markarth / The Reach | ... (8 total),Do not route as required investment unless TB-037 later validates official PS4 AE availability.,N,exact_checklist,1,Y,Y,N,Y,N,N,N,Y,N,book_document_checklist_excluded,explicit_exclusion_documented,excluded,Internal exclusion coverage,none,
book_document_checklist,CHK-BOOKS-2202,,CHK-BOOKS-2202,"The Real Barenziah, v3","The Real Barenziah, v3",,,Books,Explicit exclusion,,,,0,,merchant_investment,bugged_unofficial_patch_only | unknown_needs_validation,Angeline's Aromatics | Ashfall's Tear CC | Falion's House | ... (10 total),Ashfall's Tear CC / Solstheim | Falkreath / Falkreath Hold | Markarth / The Reach | ... (8 total),Do not route as required investment unless TB-037 later validates official PS4 AE availability.,N,exact_checklist,1,Y,Y,N,Y,N,N,N,Y,N,book_document_checklist_excluded,explicit_exclusion_documented,excluded,Internal exclusion coverage,none,
book_document_checklist,CHK-BOOKS-2203,,CHK-BOOKS-2203,"The Real Barenziah, v4","The Real Barenziah, v4",,,Books,Explicit exclusion,,,,0,,merchant_investment,bugged_unofficial_patch_only | unknown_needs_validation,Angeline's Aromatics | Ashfall's Tear CC | Falion's House | ... (10 total),Ashfall's Tear CC / Solstheim | Falkreath / Falkreath Hold | Markarth / The Reach | ... (8 total),Do not route as required investment unless TB-037 later validates official PS4 AE availability.,N,exact_checklist,1,Y,Y,N,Y,N,N,N,Y,N,book_document_checklist_excluded,explicit_exclusion_documented,excluded,Internal exclusion coverage,none,
book_document_checklist,CHK-BOOKS-2204,,CHK-BOOKS-2204,"The Real Barenziah, v5","The Real Barenziah, v5",,,Books,Explicit exclusion,,,,0,,merchant_investment,bugged_unofficial_patch_only | unknown_needs_validation,Angeline's Aromatics | Ashfall's Tear CC | Falion's House | ... (10 total),Ashfall's Tear CC / Solstheim | Falkreath / Falkreath Hold | Markarth / The Reach | ... (8 total),Do not route as required investment unless TB-037 later validates official PS4 AE availability.,N,exact_checklist,1,Y,Y,N,Y,N,N,N,Y,N,book_document_checklist_excluded,explicit_exclusion_documented,excluded,Internal exclusion coverage,none,
book_document_checklist,CHK-BOOKS-2205,OBJ-000867,CHK-BOOKS-2205,The Rear Guard,The Rear Guard,book_document,skill_book_title,Books,Main-route prototype block,main_route,base_game,skill_book,6,"Castle Dour: Castle Dour (Solitude), downstairs",skill_book_copy,selected_apocrypha_scholar_insight_copy,Apocrypha,Untold Legends Chapter IV,Read during the Benkongerike/Untold Legends Lost Knowledge route after Scholar's Insight is active.,Y,exact_checklist,3,Y,Y,N,Y,N,N,N,N,N,book_document_checklist_covered,conditional_not_read_if_druadach | placed_in_guide | same_location_left_unopened,complete | staged_for_scholar_insight | staged_for_scholars_insight_window,"Companions Finale, Totems, And Beast-Blood Preservation | Markarth Prison Daedric Rites And Reach Redoubts | Miraak Finale, Lost Knowledge, And Last Black Books",none,
book_document_checklist,CHK-BOOKS-2206,,CHK-BOOKS-2206,The Reclamations,The Reclamations (DB),,,Books,Explicit exclusion,,,,0,,merchant_investment,bugged_unofficial_patch_only | unknown_needs_validation,Angeline's Aromatics | Ashfall's Tear CC | Falion's House | ... (10 total),Ashfall's Tear CC / Solstheim | Falkreath / Falkreath Hold | Markarth / The Reach | ... (8 total),Do not route as required investment unless TB-037 later validates official PS4 AE availability.,N,exact_checklist,1,Y,Y,N,Y,N,N,N,Y,N,book_document_checklist_excluded,explicit_exclusion_documented,excluded,Internal exclusion coverage,none,
book_document_checklist,CHK-BOOKS-2207,,CHK-BOOKS-2207,The Red Book of Riddles,The Red Book of Riddles,,,Books,Explicit exclusion,,,,0,,merchant_investment,bugged_unofficial_patch_only | unknown_needs_validation,Angeline's Aromatics | Ashfall's Tear CC | Falion's House | ... (10 total),Ashfall's Tear CC / Solstheim | Falkreath / Falkreath Hold | Markarth / The Reach | ... (8 total),Do not route as required investment unless TB-037 later validates official PS4 AE availability.,N,exact_checklist,1,Y,Y,N,Y,N,N,N,Y,N,book_document_checklist_excluded,explicit_exclusion_documented,excluded,Internal exclusion coverage,none,
book_document_checklist,CHK-BOOKS-2208,OBJ-000897,CHK-BOOKS-2208,The Red Kitchen Reader,The Red Kitchen Reader,book_document,skill_book_title,Books,Main-route prototype block,main_route,base_game,skill_book,6,"Frostmere Crypt: Frostmere Crypt (The Pale), inside the ruins, on a bookshelf",skill_book_copy,selected_default_copy_pending_route_validation,Frostmere Crypt,Frostmere Crypt,Collect selected copy when its route block is safe; read after Scholar's Insight and high-skill timing check.,Y,exact_checklist,2,Y,Y,N,Y,Y,N,N,N,N,book_document_checklist_covered,audited_not_read_here | audited_not_routed_here,staged_for_scholars_insight_skill_book_window | staged_with_reason,"Dawnstar, Pale Blade, And Heljarchen | Nightingale Rewards And The Skeleton Key",none,
book_document_checklist,CHK-BOOKS-2209,,CHK-BOOKS-2209,"The Red Year, Vol I","The Red Year, Vol I (DB)",,,Books,Explicit exclusion,,,,0,,merchant_investment,bugged_unofficial_patch_only | unknown_needs_validation,Angeline's Aromatics | Ashfall's Tear CC | Falion's House | ... (10 total),Ashfall's Tear CC / Solstheim | Falkreath / Falkreath Hold | Markarth / The Reach | ... (8 total),Do not route as required investment unless TB-037 later validates official PS4 AE availability.,N,exact_checklist,1,Y,Y,N,Y,N,N,N,Y,N,book_document_checklist_excluded,explicit_exclusion_documented,excluded,Internal exclusion coverage,none,
book_document_checklist,CHK-BOOKS-2210,,CHK-BOOKS-2210,"The Red Year, Vol II","The Red Year, Vol II (DB)",,,Books,Explicit exclusion,,,,0,,merchant_investment,bugged_unofficial_patch_only | unknown_needs_validation,Angeline's Aromatics | Ashfall's Tear CC | Falion's House | ... (10 total),Ashfall's Tear CC / Solstheim | Falkreath / Falkreath Hold | Markarth / The Reach | ... (8 total),Do not route as required investment unless TB-037 later validates official PS4 AE availability.,N,exact_checklist,1,Y,Y,N,Y,N,N,N,Y,N,book_document_checklist_excluded,explicit_exclusion_documented,excluded,Internal exclusion coverage,none,
book_document_checklist,CHK-BOOKS-2211,OBJ-000868,CHK-BOOKS-2211,The Refugees,The Refugees,book_document,skill_book_title,Books,Main-route prototype block,main_route,base_game,skill_book,5,"Blind Cliff Cave: Blind Cliff Cave, in the collapsed tower",skill_book_copy,selected_default_copy_pending_route_validation,Blind Cliff Cave,Blind Cliff Cave,Collect selected copy when its route block is safe; read after Scholar's Insight and high-skill timing check.,Y,exact_checklist,2,Y,Y,N,Y,Y,N,N,N,N,book_document_checklist_covered,not_read_here | same_room_left_unopened,staged_for_scholar_insight | staged_for_scholars_insight_window,Markarth Prison Daedric Rites And Reach Redoubts | Solitude Coast Wild Horse And Wolfskull,none,
book_document_checklist,CHK-BOOKS-2212,,CHK-BOOKS-2212,The Rise and Fall of the Blades,The Rise and Fall of the Blades,,,Books,Explicit exclusion,,,,0,,merchant_investment,bugged_unofficial_patch_only | unknown_needs_validation,Angeline's Aromatics | Ashfall's Tear CC | Falion's House | ... (10 total),Ashfall's Tear CC / Solstheim | Falkreath / Falkreath Hold | Markarth / The Reach | ... (8 total),Do not route as required investment unless TB-037 later validates official PS4 AE availability.,N,exact_checklist,1,Y,Y,N,Y,N,N,N,Y,N,book_document_checklist_excluded,explicit_exclusion_documented,excluded,Internal exclusion coverage,none,
book_document_checklist,CHK-BOOKS-2213,,CHK-BOOKS-2213,The Seed,The Seed,,,Books,Explicit exclusion,,,,0,,merchant_investment,bugged_unofficial_patch_only | unknown_needs_validation,Angeline's Aromatics | Ashfall's Tear CC | Falion's House | ... (10 total),Ashfall's Tear CC / Solstheim | Falkreath / Falkreath Hold | Markarth / The Reach | ... (8 total),Do not route as required investment unless TB-037 later validates official PS4 AE availability.,Y,exact_checklist,1,Y,Y,N,Y,N,N,N,Y,N,book_document_checklist_excluded,explicit_exclusion_documented,excluded,Internal exclusion coverage,none,
book_document_checklist,CHK-BOOKS-2214,,CHK-BOOKS-2214,"The Song of Pelinal, v1","The Song of Pelinal, v1",,,Books,Explicit exclusion,,,,0,,merchant_investment,bugged_unofficial_patch_only | unknown_needs_validation,Angeline's Aromatics | Ashfall's Tear CC | Falion's House | ... (10 total),Ashfall's Tear CC / Solstheim | Falkreath / Falkreath Hold | Markarth / The Reach | ... (8 total),Do not route as required investment unless TB-037 later validates official PS4 AE availability.,N,exact_checklist,1,Y,Y,N,Y,N,N,N,Y,N,book_document_checklist_excluded,explicit_exclusion_documented,excluded,Internal exclusion coverage,none,
book_document_checklist,CHK-BOOKS-2215,,CHK-BOOKS-2215,"The Song of Pelinal, v2","The Song of Pelinal, v2",,,Books,Explicit exclusion,,,,0,,merchant_investment,bugged_unofficial_patch_only | unknown_needs_validation,Angeline's Aromatics | Ashfall's Tear CC | Falion's House | ... (10 total),Ashfall's Tear CC / Solstheim | Falkreath / Falkreath Hold | Markarth / The Reach | ... (8 total),Do not route as required investment unless TB-037 later validates official PS4 AE availability.,N,exact_checklist,1,Y,Y,N,Y,N,N,N,Y,N,book_document_checklist_excluded,explicit_exclusion_documented,excluded,Internal exclusion coverage,none,
book_document_checklist,CHK-BOOKS-2216,,CHK-BOOKS-2216,"The Song of Pelinal, v3","The Song of Pelinal, v3",,,Books,Explicit exclusion,,,,0,,merchant_investment,bugged_unofficial_patch_only | unknown_needs_validation,Angeline's Aromatics | Ashfall's Tear CC | Falion's House | ... (10 total),Ashfall's Tear CC / Solstheim | Falkreath / Falkreath Hold | Markarth / The Reach | ... (8 total),Do not route as required investment unless TB-037 later validates official PS4 AE availability.,N,exact_checklist,1,Y,Y,N,Y,N,N,N,Y,N,book_document_checklist_excluded,explicit_exclusion_documented,excluded,Internal exclusion coverage,none,
book_document_checklist,CHK-BOOKS-2217,,CHK-BOOKS-2217,"The Song of Pelinal, v4","The Song of Pelinal, v4",,,Books,Explicit exclusion,,,,0,,merchant_investment,bugged_unofficial_patch_only | unknown_needs_validation,Angeline's Aromatics | Ashfall's Tear CC | Falion's House | ... (10 total),Ashfall's Tear CC / Solstheim | Falkreath / Falkreath Hold | Markarth / The Reach | ... (8 total),Do not route as required investment unless TB-037 later validates official PS4 AE availability.,N,exact_checklist,1,Y,Y,N,Y,N,N,N,Y,N,book_document_checklist_excluded,explicit_exclusion_documented,excluded,Internal exclusion coverage,none,
book_document_checklist,CHK-BOOKS-2218,,CHK-BOOKS-2218,"The Song of Pelinal, v5","The Song of Pelinal, v5",,,Books,Explicit exclusion,,,,0,,merchant_investment,bugged_unofficial_patch_only | unknown_needs_validation,Angeline's Aromatics | Ashfall's Tear CC | Falion's House | ... (10 total),Ashfall's Tear CC / Solstheim | Falkreath / Falkreath Hold | Markarth / The Reach | ... (8 total),Do not route as required investment unless TB-037 later validates official PS4 AE availability.,N,exact_checklist,1,Y,Y,N,Y,N,N,N,Y,N,book_document_checklist_excluded,explicit_exclusion_documented,excluded,Internal exclusion coverage,none,
book_document_checklist,CHK-BOOKS-2219,,CHK-BOOKS-2219,"The Song of Pelinal, v6","The Song of Pelinal, v6",,,Books,Explicit exclusion,,,,0,,merchant_investment,bugged_unofficial_patch_only | unknown_needs_validation,Angeline's Aromatics | Ashfall's Tear CC | Falion's House | ... (10 total),Ashfall's Tear CC / Solstheim | Falkreath / Falkreath Hold | Markarth / The Reach | ... (8 total),Do not route as required investment unless TB-037 later validates official PS4 AE availability.,N,exact_checklist,1,Y,Y,N,Y,N,N,N,Y,N,book_document_checklist_excluded,explicit_exclusion_documented,excluded,Internal exclusion coverage,none,
book_document_checklist,CHK-BOOKS-2220,,CHK-BOOKS-2220,"The Song of Pelinal, v7","The Song of Pelinal, v7",,,Books,Explicit exclusion,,,,0,,merchant_investment,bugged_unofficial_patch_only | unknown_needs_validation,Angeline's Aromatics | Ashfall's Tear CC | Falion's House | ... (10 total),Ashfall's Tear CC / Solstheim | Falkreath / Falkreath Hold | Markarth / The Reach | ... (8 total),Do not route as required investment unless TB-037 later validates official PS4 AE availability.,N,exact_checklist,1,Y,Y,N,Y,N,N,N,Y,N,book_document_checklist_excluded,explicit_exclusion_documented,excluded,Internal exclusion coverage,none,
book_document_checklist,CHK-BOOKS-2221,,CHK-BOOKS-2221,"The Song of Pelinal, v8","The Song of Pelinal, v8",,,Books,Explicit exclusion,,,,0,,merchant_investment,bugged_unofficial_patch_only | unknown_needs_validation,Angeline's Aromatics | Ashfall's Tear CC | Falion's House | ... (10 total),Ashfall's Tear CC / Solstheim | Falkreath / Falkreath Hold | Markarth / The Reach | ... (8 total),Do not route as required investment unless TB-037 later validates official PS4 AE availability.,N,exact_checklist,1,Y,Y,N,Y,N,N,N,Y,N,book_document_checklist_excluded,explicit_exclusion_documented,excluded,Internal exclusion coverage,none,
book_document_checklist,CHK-BOOKS-2222,,CHK-BOOKS-2222,"The Sultry Argonian Bard, v1","The Sultry Argonian Bard, v1 (DG)",,,Books,Explicit exclusion,,,,0,,merchant_investment,bugged_unofficial_patch_only | unknown_needs_validation,Angeline's Aromatics | Ashfall's Tear CC | Falion's House | ... (10 total),Ashfall's Tear CC / Solstheim | Falkreath / Falkreath Hold | Markarth / The Reach | ... (8 total),Do not route as required investment unless TB-037 later validates official PS4 AE availability.,N,exact_checklist,1,Y,Y,N,Y,N,N,N,Y,N,book_document_checklist_excluded,explicit_exclusion_documented,excluded,Internal exclusion coverage,none,
book_document_checklist,CHK-BOOKS-2223,,CHK-BOOKS-2223,The Tale of Dro'Zira,The Tale of Dro'Zira,,,Books,Explicit exclusion,,,,0,,merchant_investment,bugged_unofficial_patch_only | unknown_needs_validation,Angeline's Aromatics | Ashfall's Tear CC | Falion's House | ... (10 total),Ashfall's Tear CC / Solstheim | Falkreath / Falkreath Hold | Markarth / The Reach | ... (8 total),Do not route as required investment unless TB-037 later validates official PS4 AE availability.,N,exact_checklist,1,Y,Y,N,Y,N,N,N,Y,N,book_document_checklist_excluded,explicit_exclusion_documented,excluded,Internal exclusion coverage,none,
book_document_checklist,CHK-BOOKS-2224,,CHK-BOOKS-2224,The Talos Mistake,The Talos Mistake,,,Books,Explicit exclusion,,,,0,,merchant_investment,bugged_unofficial_patch_only | unknown_needs_validation,Angeline's Aromatics | Ashfall's Tear CC | Falion's House | ... (10 total),Ashfall's Tear CC / Solstheim | Falkreath / Falkreath Hold | Markarth / The Reach | ... (8 total),Do not route as required investment unless TB-037 later validates official PS4 AE availability.,N,exact_checklist,1,Y,Y,N,Y,N,N,N,Y,N,book_document_checklist_excluded,explicit_exclusion_documented,excluded,Internal exclusion coverage,none,
book_document_checklist,CHK-BOOKS-2225,,CHK-BOOKS-2225,The Third Door,The Third Door,,,Books,Explicit exclusion,,,,0,,merchant_investment,bugged_unofficial_patch_only | unknown_needs_validation,Angeline's Aromatics | Ashfall's Tear CC | Falion's House | ... (10 total),Ashfall's Tear CC / Solstheim | Falkreath / Falkreath Hold | Markarth / The Reach | ... (8 total),Do not route as required investment unless TB-037 later validates official PS4 AE availability.,Y,exact_checklist,1,Y,Y,N,Y,N,N,N,Y,N,book_document_checklist_excluded,explicit_exclusion_documented,excluded,Internal exclusion coverage,none,
book_document_checklist,CHK-BOOKS-2226,,CHK-BOOKS-2226,The Third Era Timeline,The Third Era Timeline,,,Books,Explicit exclusion,,,,0,,merchant_investment,bugged_unofficial_patch_only | unknown_needs_validation,Angeline's Aromatics | Ashfall's Tear CC | Falion's House | ... (10 total),Ashfall's Tear CC / Solstheim | Falkreath / Falkreath Hold | Markarth / The Reach | ... (8 total),Do not route as required investment unless TB-037 later validates official PS4 AE availability.,N,exact_checklist,1,Y,Y,N,Y,N,N,N,Y,N,book_document_checklist_excluded,explicit_exclusion_documented,excluded,Internal exclusion coverage,none,
book_document_checklist,CHK-BOOKS-2227,,CHK-BOOKS-2227,The Totems of Hircine,The Totems of Hircine,,,Books,Explicit exclusion,,,,0,,merchant_investment,bugged_unofficial_patch_only | unknown_needs_validation,Angeline's Aromatics | Ashfall's Tear CC | Falion's House | ... (10 total),Ashfall's Tear CC / Solstheim | Falkreath / Falkreath Hold | Markarth / The Reach | ... (8 total),Do not route as required investment unless TB-037 later validates official PS4 AE availability.,Y,exact_checklist,1,Y,Y,N,Y,N,N,N,Y,N,book_document_checklist_excluded,explicit_exclusion_documented,excluded,Internal exclusion coverage,none,
book_document_checklist,CHK-BOOKS-2228,,CHK-BOOKS-2228,The True Nature of Orcs,The True Nature of Orcs,,,Books,Explicit exclusion,,,,0,,merchant_investment,bugged_unofficial_patch_only | unknown_needs_validation,Angeline's Aromatics | Ashfall's Tear CC | Falion's House | ... (10 total),Ashfall's Tear CC / Solstheim | Falkreath / Falkreath Hold | Markarth / The Reach | ... (8 total),Do not route as required investment unless TB-037 later validates official PS4 AE availability.,N,exact_checklist,1,Y,Y,N,Y,N,N,N,Y,N,book_document_checklist_excluded,explicit_exclusion_documented,excluded,Internal exclusion coverage,none,
book_document_checklist,CHK-BOOKS-2229,,CHK-BOOKS-2229,The True Noble's Code,The True Noble's Code (DB),,,Books,Explicit exclusion,,,,0,,merchant_investment,bugged_unofficial_patch_only | unknown_needs_validation,Angeline's Aromatics | Ashfall's Tear CC | Falion's House | ... (10 total),Ashfall's Tear CC / Solstheim | Falkreath / Falkreath Hold | Markarth / The Reach | ... (8 total),Do not route as required investment unless TB-037 later validates official PS4 AE availability.,N,exact_checklist,1,Y,Y,N,Y,N,N,N,Y,N,book_document_checklist_excluded,explicit_exclusion_documented,excluded,Internal exclusion coverage,none,
book_document_checklist,CHK-BOOKS-2230,OBJ-000843,CHK-BOOKS-2230,The Warrior's Charge,The Warrior's Charge,book_document,skill_book_title,Books,Main-route prototype block,main_route,base_game,skill_book,6,"Brittleshin Pass: Brittleshin Pass (Falkreath Hold), near the Arcane Enchanter",skill_book_copy,selected_scholar_insight_route_copy,Southfringe Sanctum exterior,310 ft north of Southfringe Sanctum,Leave the Southfringe exterior copy closed during the Southern Warm Corridor route; return and read it during the post-Scholar's Insight skill-book reconciliation.,Y,mapped_objective,3,Y,Y,N,Y,N,N,N,N,N,book_document_checklist_covered,read_in_guide | redistributed_or_gated | same_location_left_unopened,complete | staged_for_scholars_insight_window,"Books, Spells, and Documents | Retrospective redistributed regional sections; no player-facing Location Counter Sweep dump | Whiterun Property Western Caves Gray-Mane Rescue And Onmund",none,
book_document_checklist,CHK-BOOKS-2231,OBJ-001289,CHK-BOOKS-2231,The Waters of Oblivion,The Waters of Oblivion,book_document,quest_book_title,Books,Main-route prototype block,main_route,base_game,quest_book,1,UESP member page lists this as a quest-related book/document but does not list a fixed acquisition location; exact acquisition context deferred.,,,,,,Y,mapped_objective,1,Y,Y,N,N,Y,N,Y,Y,N,book_document_checklist_route_resolution_recorded,needs_route_resolution_added,NEEDS ROUTE RESOLUTION,Final Reconciliation open route-resolution items,none_existing_route_resolution,
book_document_checklist,CHK-BOOKS-2232,OBJ-001293,CHK-BOOKS-2232,The Wild Elves,The Wild Elves,book_document,quest_book_title,Books,Main-route prototype block,main_route,base_game,quest_book,2,,,,,,,Y,exact_checklist,1,Y,N,N,Y,N,N,N,N,N,book_document_checklist_covered,placed_in_guide,complete,Bards College Lost Library And Instrument Roads,none,
book_document_checklist,CHK-BOOKS-2233,,CHK-BOOKS-2233,The Windhelm Letters,The Windhelm Letters,,,Books,Explicit exclusion,,,,0,,merchant_investment,bugged_unofficial_patch_only | unknown_needs_validation,Angeline's Aromatics | Ashfall's Tear CC | Falion's House | ... (10 total),Ashfall's Tear CC / Solstheim | Falkreath / Falkreath Hold | Markarth / The Reach | ... (8 total),Do not route as required investment unless TB-037 later validates official PS4 AE availability.,N,exact_checklist,1,Y,Y,N,Y,N,N,N,Y,N,book_document_checklist_excluded,explicit_exclusion_documented,excluded,Internal exclusion coverage,none,
book_document_checklist,CHK-BOOKS-2234,,CHK-BOOKS-2234,The Wispmother,The Wispmother,,,Books,Explicit exclusion,,,,0,,merchant_investment,bugged_unofficial_patch_only | unknown_needs_validation,Angeline's Aromatics | Ashfall's Tear CC | Falion's House | ... (10 total),Ashfall's Tear CC / Solstheim | Falkreath / Falkreath Hold | Markarth / The Reach | ... (8 total),Do not route as required investment unless TB-037 later validates official PS4 AE availability.,N,exact_checklist,1,Y,Y,N,Y,N,N,N,Y,N,book_document_checklist_excluded,explicit_exclusion_documented,excluded,Internal exclusion coverage,none,
book_document_checklist,CHK-BOOKS-2235,OBJ-000873,CHK-BOOKS-2235,"The Wolf Queen, v1","The Wolf Queen, v1",book_document,skill_book_title,Books,Main-route prototype block,main_route,base_game,skill_book,5,Broken Fang Cave: Broken Fang Cave (Whiterun Hold),skill_book_copy,selected_scholars_insight_route_copy,Broken Fang Cave,Broken Fang Cave,Read during the Broken Fang Cave sweep after Scholar's Insight is active.,Y,exact_checklist,1,Y,Y,N,Y,N,N,N,N,N,book_document_checklist_covered,placed_in_guide,complete,High-Risk AE Routes and Separate Worldspaces,none,
book_document_checklist,CHK-BOOKS-2236,,CHK-BOOKS-2236,"The Wolf Queen, v2","The Wolf Queen, v2",,,Books,Explicit exclusion,,,,0,,merchant_investment,bugged_unofficial_patch_only | unknown_needs_validation,Angeline's Aromatics | Ashfall's Tear CC | Falion's House | ... (10 total),Ashfall's Tear CC / Solstheim | Falkreath / Falkreath Hold | Markarth / The Reach | ... (8 total),Do not route as required investment unless TB-037 later validates official PS4 AE availability.,N,exact_checklist,1,Y,Y,N,Y,N,N,N,Y,N,book_document_checklist_excluded,explicit_exclusion_documented,excluded,Internal exclusion coverage,none,
book_document_checklist,CHK-BOOKS-2237,,CHK-BOOKS-2237,"The Wolf Queen, v3","The Wolf Queen, v3",,,Books,Explicit exclusion,,,,0,,merchant_investment,bugged_unofficial_patch_only | unknown_needs_validation,Angeline's Aromatics | Ashfall's Tear CC | Falion's House | ... (10 total),Ashfall's Tear CC / Solstheim | Falkreath / Falkreath Hold | Markarth / The Reach | ... (8 total),Do not route as required investment unless TB-037 later validates official PS4 AE availability.,N,exact_checklist,1,Y,Y,N,Y,N,N,N,Y,N,book_document_checklist_excluded,explicit_exclusion_documented,excluded,Internal exclusion coverage,none,
book_document_checklist,CHK-BOOKS-2238,,CHK-BOOKS-2238,"The Wolf Queen, v4","The Wolf Queen, v4",,,Books,Explicit exclusion,,,,0,,merchant_investment,bugged_unofficial_patch_only | unknown_needs_validation,Angeline's Aromatics | Ashfall's Tear CC | Falion's House | ... (10 total),Ashfall's Tear CC / Solstheim | Falkreath / Falkreath Hold | Markarth / The Reach | ... (8 total),Do not route as required investment unless TB-037 later validates official PS4 AE availability.,N,exact_checklist,1,Y,Y,N,Y,N,N,N,Y,N,book_document_checklist_excluded,explicit_exclusion_documented,excluded,Internal exclusion coverage,none,
book_document_checklist,CHK-BOOKS-2239,,CHK-BOOKS-2239,"The Wolf Queen, v5","The Wolf Queen, v5",,,Books,Explicit exclusion,,,,0,,merchant_investment,bugged_unofficial_patch_only | unknown_needs_validation,Angeline's Aromatics | Ashfall's Tear CC | Falion's House | ... (10 total),Ashfall's Tear CC / Solstheim | Falkreath / Falkreath Hold | Markarth / The Reach | ... (8 total),Do not route as required investment unless TB-037 later validates official PS4 AE availability.,N,exact_checklist,1,Y,Y,N,Y,N,N,N,Y,N,book_document_checklist_excluded,explicit_exclusion_documented,excluded,Internal exclusion coverage,none,
book_document_checklist,CHK-BOOKS-2240,OBJ-001294,CHK-BOOKS-2240,"The Wolf Queen, v6","The Wolf Queen, v6",book_document,quest_book_title,Books,Main-route prototype block,main_route,base_game,quest_book,2,,,,,,,Y,exact_checklist,1,Y,N,N,Y,N,N,N,N,N,book_document_checklist_covered,placed_in_guide,complete,Main Quest Staging Before Sky Haven,none,
book_document_checklist,CHK-BOOKS-2241,,CHK-BOOKS-2241,"The Wolf Queen, v7","The Wolf Queen, v7",,,Books,Explicit exclusion,,,,0,,merchant_investment,bugged_unofficial_patch_only | unknown_needs_validation,Angeline's Aromatics | Ashfall's Tear CC | Falion's House | ... (10 total),Ashfall's Tear CC / Solstheim | Falkreath / Falkreath Hold | Markarth / The Reach | ... (8 total),Do not route as required investment unless TB-037 later validates official PS4 AE availability.,N,exact_checklist,1,Y,Y,N,Y,N,N,N,Y,N,book_document_checklist_excluded,explicit_exclusion_documented,excluded,Internal exclusion coverage,none,
book_document_checklist,CHK-BOOKS-2242,,CHK-BOOKS-2242,"The Wolf Queen, v8","The Wolf Queen, v8",,,Books,Explicit exclusion,,,,0,,merchant_investment,bugged_unofficial_patch_only | unknown_needs_validation,Angeline's Aromatics | Ashfall's Tear CC | Falion's House | ... (10 total),Ashfall's Tear CC / Solstheim | Falkreath / Falkreath Hold | Markarth / The Reach | ... (8 total),Do not route as required investment unless TB-037 later validates official PS4 AE availability.,N,exact_checklist,1,Y,Y,N,Y,N,N,N,Y,N,book_document_checklist_excluded,explicit_exclusion_documented,excluded,Internal exclusion coverage,none,
book_document_checklist,CHK-BOOKS-2243,,CHK-BOOKS-2243,The Woodcutter's Wife,The Woodcutter's Wife,,,Books,Explicit exclusion,,,,0,,merchant_investment,bugged_unofficial_patch_only | unknown_needs_validation,Angeline's Aromatics | Ashfall's Tear CC | Falion's House | ... (10 total),Ashfall's Tear CC / Solstheim | Falkreath / Falkreath Hold | Markarth / The Reach | ... (8 total),Do not route as required investment unless TB-037 later validates official PS4 AE availability.,N,exact_checklist,1,Y,Y,N,Y,N,N,N,Y,N,book_document_checklist_excluded,explicit_exclusion_documented,excluded,Internal exclusion coverage,none,
book_document_checklist,CHK-BOOKS-2244,,CHK-BOOKS-2244,There Be Dragons,There Be Dragons,,,Books,Explicit exclusion,,,,0,,merchant_investment,bugged_unofficial_patch_only | unknown_needs_validation,Angeline's Aromatics | Ashfall's Tear CC | Falion's House | ... (10 total),Ashfall's Tear CC / Solstheim | Falkreath / Falkreath Hold | Markarth / The Reach | ... (8 total),Do not route as required investment unless TB-037 later validates official PS4 AE availability.,N,exact_checklist,1,Y,Y,N,Y,N,N,N,Y,N,book_document_checklist_excluded,explicit_exclusion_documented,excluded,Internal exclusion coverage,none,
book_document_checklist,CHK-BOOKS-2245,OBJ-000883,CHK-BOOKS-2245,Thief,Thief,book_document,skill_book_title,Books,Main-route prototype block,main_route,base_game,skill_book,5,"Argonian Assemblage: Argonian Assemblage (Windhelm), on a dresser",skill_book_copy,selected_default_copy_pending_route_validation,Argonian Assemblage,Argonian Assemblage,Collect selected copy when its route block is safe; read after Scholar's Insight and high-skill timing check.,Y,mapped_objective,3,Y,Y,N,Y,Y,N,N,N,N,book_document_checklist_covered,read_in_guide | same_room_left_unopened,complete | staged_for_scholars_insight_window,"Bleak Falls Barrow And First Dragon | Books, Spells, and Documents | Saadia First Horse And Western Road Support",none,
book_document_checklist,CHK-BOOKS-2246,,CHK-BOOKS-2246,Thief of Virtue,Thief of Virtue,,,Books,Explicit exclusion,,,,0,,merchant_investment,bugged_unofficial_patch_only | unknown_needs_validation,Angeline's Aromatics | Ashfall's Tear CC | Falion's House | ... (10 total),Ashfall's Tear CC / Solstheim | Falkreath / Falkreath Hold | Markarth / The Reach | ... (8 total),Do not route as required investment unless TB-037 later validates official PS4 AE availability.,N,exact_checklist,1,Y,Y,N,Y,N,N,N,Y,N,book_document_checklist_excluded,explicit_exclusion_documented,excluded,Internal exclusion coverage,none,
book_document_checklist,CHK-BOOKS-2247,,CHK-BOOKS-2247,"Thirsk, A Revised History","Thirsk, A Revised History (DB)",,,Books,Explicit exclusion,,,,0,,merchant_investment,bugged_unofficial_patch_only | unknown_needs_validation,Angeline's Aromatics | Ashfall's Tear CC | Falion's House | ... (10 total),Ashfall's Tear CC / Solstheim | Falkreath / Falkreath Hold | Markarth / The Reach | ... (8 total),Do not route as required investment unless TB-037 later validates official PS4 AE availability.,N,exact_checklist,1,Y,Y,N,Y,N,N,N,Y,N,book_document_checklist_excluded,explicit_exclusion_documented,excluded,Internal exclusion coverage,none,
book_document_checklist,CHK-BOOKS-2248,OBJ-001277,CHK-BOOKS-2248,Thonar's Journal,Thonar's Journal,book_document,quest_book_title,Books,Main-route prototype block,main_route,base_game,quest_book,1,,,,,,,Y,exact_checklist,1,Y,N,N,Y,N,N,N,N,N,book_document_checklist_covered,acquired_now,complete,Markarth Prison Daedric Rites And Reach Redoubts,none,
book_document_checklist,CHK-BOOKS-2249,OBJ-000898,CHK-BOOKS-2249,Three Thieves,Three Thieves,book_document,skill_book_title,Books,Main-route prototype block,main_route,base_game,skill_book,5,280 ft SE of Angi's Camp: 280 ft SE of Angi's Camp (Falkreath Hold),skill_book_copy,selected_routed_copy,Apocrypha,"Apocrypha (Dragonborn), Filament and Filigree",Read the Apocrypha copy after Scholar's Insight is active during Black Book: Filament and Filigree.,Y,exact_checklist,2,Y,Y,N,Y,N,N,N,N,N,book_document_checklist_covered,placed_in_guide | same_location_left_unopened,complete | staged_for_scholars_insight_window,Goldenglow Honningbrew Solitude And Snow Veil | Kolbjorn Excavation And Raven Rock West,none,
book_document_checklist,CHK-BOOKS-2250,OBJ-000363,CHK-BOOKS-2250,Touching the Sky,Touching the Sky (DG),quest,dawnguard_shared_main_quest,Books,Main-route prototype block,main_route,dawnguard,,0,,,,,,,Y,exact_checklist,1,Y,N,N,N,N,N,N,N,N,book_document_checklist_covered,placed_in_guide,complete,Dawnguard Worldspaces,none,
book_document_checklist,CHK-BOOKS-2251,,CHK-BOOKS-2251,Trap,Trap (DB),,,Books,Explicit exclusion,,,,0,,merchant_investment,bugged_unofficial_patch_only | unknown_needs_validation,Angeline's Aromatics | Ashfall's Tear CC | Falion's House | ... (10 total),Ashfall's Tear CC / Solstheim | Falkreath / Falkreath Hold | Markarth / The Reach | ... (8 total),Do not route as required investment unless TB-037 later validates official PS4 AE availability.,Y,exact_checklist,1,Y,Y,N,Y,N,N,N,Y,N,book_document_checklist_excluded,explicit_exclusion_documented,excluded,Internal exclusion coverage,none,
book_document_checklist,CHK-BOOKS-2252,,CHK-BOOKS-2252,Treatise on Ayleidic Cities,Treatise on Ayleidic Cities,,,Books,Explicit exclusion,,,,0,,merchant_investment,bugged_unofficial_patch_only | unknown_needs_validation,Angeline's Aromatics | Ashfall's Tear CC | Falion's House | ... (10 total),Ashfall's Tear CC / Solstheim | Falkreath / Falkreath Hold | Markarth / The Reach | ... (8 total),Do not route as required investment unless TB-037 later validates official PS4 AE availability.,N,exact_checklist,1,Y,Y,N,Y,N,N,N,Y,N,book_document_checklist_excluded,explicit_exclusion_documented,excluded,Internal exclusion coverage,none,
book_document_checklist,CHK-BOOKS-2253,,CHK-BOOKS-2253,Trials of St. Alessia,Trials of St. Alessia,,,Books,Explicit exclusion,,,,0,,merchant_investment,bugged_unofficial_patch_only | unknown_needs_validation,Angeline's Aromatics | Ashfall's Tear CC | Falion's House | ... (10 total),Ashfall's Tear CC / Solstheim | Falkreath / Falkreath Hold | Markarth / The Reach | ... (8 total),Do not route as required investment unless TB-037 later validates official PS4 AE availability.,N,exact_checklist,1,Y,Y,N,Y,N,N,N,Y,N,book_document_checklist_excluded,explicit_exclusion_documented,excluded,Internal exclusion coverage,none,
book_document_checklist,CHK-BOOKS-2254,,CHK-BOOKS-2254,Troll Slaying,Troll Slaying,,,Books,Explicit exclusion,,,,0,,merchant_investment,bugged_unofficial_patch_only | unknown_needs_validation,Angeline's Aromatics | Ashfall's Tear CC | Falion's House | ... (10 total),Ashfall's Tear CC / Solstheim | Falkreath / Falkreath Hold | Markarth / The Reach | ... (8 total),Do not route as required investment unless TB-037 later validates official PS4 AE availability.,N,exact_checklist,1,Y,Y,N,Y,N,N,N,Y,N,book_document_checklist_excluded,explicit_exclusion_documented,excluded,Internal exclusion coverage,none,
book_document_checklist,CHK-BOOKS-2255,OBJ-000853,CHK-BOOKS-2255,Twin Secrets,Twin Secrets,book_document,skill_book_title,Books,Main-route prototype block,main_route,base_game,skill_book,5,Calcelmo's Laboratory: Calcelmo's Laboratory (Markarth),skill_book_copy,selected_scholars_insight_route_copy,Shrine of Stendarr,Shrine of Stendarr,Read during The Cause Shrine of Stendarr and Two Pillars route after Scholar's Insight is active.,Y,exact_checklist,4,Y,Y,N,Y,N,N,N,N,N,book_document_checklist_covered,audited_not_read_here | conditional_not_read_if_serpent | not_read_here | placed_in_guide,complete | staged_for_hard_answers_calcelmo_laboratory | staged_for_scholar_insight | staged_for_scholars_insight_skill_book_window,High-Risk AE Routes and Separate Worldspaces | Markarth Nchuand-Zel And Old Hroldan | Markarth Prison Daedric Rites And Reach Redoubts | Nightingale Rewards And The Skeleton Key,none,
book_document_checklist,CHK-BOOKS-2256,,CHK-BOOKS-2256,Ulfr's Book,Ulfr's Book,,,Books,Explicit exclusion,,,,0,,merchant_investment,bugged_unofficial_patch_only | unknown_needs_validation,Angeline's Aromatics | Ashfall's Tear CC | Falion's House | ... (10 total),Ashfall's Tear CC / Solstheim | Falkreath / Falkreath Hold | Markarth / The Reach | ... (8 total),Do not route as required investment unless TB-037 later validates official PS4 AE availability.,N,exact_checklist,1,Y,Y,N,Y,N,N,N,Y,N,book_document_checklist_excluded,explicit_exclusion_documented,excluded,Internal exclusion coverage,none,
book_document_checklist,CHK-BOOKS-2257,,CHK-BOOKS-2257,Ulyn's Journal,Ulyn's Journal (DB),,,Books,Explicit exclusion,,,,0,,merchant_investment,bugged_unofficial_patch_only | unknown_needs_validation,Angeline's Aromatics | Ashfall's Tear CC | Falion's House | ... (10 total),Ashfall's Tear CC / Solstheim | Falkreath / Falkreath Hold | Markarth / The Reach | ... (8 total),Do not route as required investment unless TB-037 later validates official PS4 AE availability.,N,exact_checklist,1,Y,Y,N,Y,N,N,N,Y,N,book_document_checklist_excluded,explicit_exclusion_documented,excluded,Internal exclusion coverage,none,
book_document_checklist,CHK-BOOKS-2258,,CHK-BOOKS-2258,Umana's Journal,Umana's Journal,,,Books,Explicit exclusion,,,,0,,merchant_investment,bugged_unofficial_patch_only | unknown_needs_validation,Angeline's Aromatics | Ashfall's Tear CC | Falion's House | ... (10 total),Ashfall's Tear CC / Solstheim | Falkreath / Falkreath Hold | Markarth / The Reach | ... (8 total),Do not route as required investment unless TB-037 later validates official PS4 AE availability.,N,exact_checklist,1,Y,Y,N,Y,N,N,N,Y,N,book_document_checklist_excluded,explicit_exclusion_documented,excluded,Internal exclusion coverage,none,
book_document_checklist,CHK-BOOKS-2259,,CHK-BOOKS-2259,Uncommon Taste,Uncommon Taste,,,Books,Explicit exclusion,,,,0,,merchant_investment,bugged_unofficial_patch_only | unknown_needs_validation,Angeline's Aromatics | Ashfall's Tear CC | Falion's House | ... (10 total),Ashfall's Tear CC / Solstheim | Falkreath / Falkreath Hold | Markarth / The Reach | ... (8 total),Do not route as required investment unless TB-037 later validates official PS4 AE availability.,Y,exact_checklist,1,Y,Y,N,Y,N,N,N,Y,N,book_document_checklist_excluded,explicit_exclusion_documented,excluded,Internal exclusion coverage,none,
book_document_checklist,CHK-BOOKS-2260,OBJ-001279,CHK-BOOKS-2260,Uncommon Taste - Signed,Uncommon Taste - Signed,book_document,quest_book_title,Books,Main-route prototype block,main_route,base_game,quest_book,1,,,,,,,Y,exact_checklist,1,Y,N,N,Y,N,N,N,N,N,book_document_checklist_covered,placed_in_guide,complete,"Security, Shadowmere, And The Brotherhood Endgame",none,
book_document_checklist,CHK-BOOKS-2261,OBJ-001282,CHK-BOOKS-2261,Valerica's Journal,Valerica's Journal (DG),book_document,quest_book_title,Books,Main-route prototype block,main_route,dawnguard,quest_book,1,,,,,,,Y,exact_checklist,1,Y,Y,N,Y,N,N,N,N,N,book_document_checklist_covered,placed_in_guide,complete,Dawnguard Worldspaces,none,
book_document_checklist,CHK-BOOKS-2262,,CHK-BOOKS-2262,Varieties of Daedra,Varieties of Daedra,,,Books,Explicit exclusion,,,,0,,merchant_investment,bugged_unofficial_patch_only | unknown_needs_validation,Angeline's Aromatics | Ashfall's Tear CC | Falion's House | ... (10 total),Ashfall's Tear CC / Solstheim | Falkreath / Falkreath Hold | Markarth / The Reach | ... (8 total),Do not route as required investment unless TB-037 later validates official PS4 AE availability.,N,exact_checklist,1,Y,Y,N,Y,N,N,N,Y,N,book_document_checklist_excluded,explicit_exclusion_documented,excluded,Internal exclusion coverage,none,
book_document_checklist,CHK-BOOKS-2263,,CHK-BOOKS-2263,Varieties of Faith in the Empire,Varieties of Faith in the Empire (DB),,,Books,Explicit exclusion,,,,0,,merchant_investment,bugged_unofficial_patch_only | unknown_needs_validation,Angeline's Aromatics | Ashfall's Tear CC | Falion's House | ... (10 total),Ashfall's Tear CC / Solstheim | Falkreath / Falkreath Hold | Markarth / The Reach | ... (8 total),Do not route as required investment unless TB-037 later validates official PS4 AE availability.,N,exact_checklist,1,Y,Y,N,Y,N,N,N,Y,N,book_document_checklist_excluded,explicit_exclusion_documented,excluded,Internal exclusion coverage,none,
book_document_checklist,CHK-BOOKS-2264,OBJ-001285,CHK-BOOKS-2264,Venarus Vulpin's Journal,Venarus Vulpin's Journal (DG),book_document,quest_book_title,Books,Main-route prototype block,main_route,dawnguard,quest_book,1,,,,,,,Y,mapped_objective,1,Y,Y,N,Y,Y,N,Y,Y,N,book_document_checklist_route_resolution_recorded,needs_route_resolution_added,NEEDS ROUTE RESOLUTION,Final Reconciliation open route-resolution items,none_existing_route_resolution,
book_document_checklist,CHK-BOOKS-2265,OBJ-001286,CHK-BOOKS-2265,Venarus Vulpin's Research,Venarus Vulpin's Research (DG),book_document,quest_book_title,Books,Main-route prototype block,main_route,dawnguard,quest_book,1,,,,,,,Y,mapped_objective,1,Y,Y,N,Y,Y,N,Y,Y,N,book_document_checklist_route_resolution_recorded,needs_route_resolution_added,NEEDS ROUTE RESOLUTION,Final Reconciliation open route-resolution items,none_existing_route_resolution,
book_document_checklist,CHK-BOOKS-2266,OBJ-000833,CHK-BOOKS-2266,Vernaccus and Bourlor,Vernaccus and Bourlor,book_document,skill_book_title,Books,Main-route prototype block,main_route,base_game,skill_book,5,Clearspring Cave: Clearspring Cave (The Rift),skill_book_copy,selected_scholar_insight_route_copy,Graywinter Watch,Graywinter Watch,Leave the Graywinter Watch copy closed during the Rift/Kyne's Sacred Trials route; return and read it during the post-Scholar's Insight skill-book reconciliation.,Y,exact_checklist,1,N,Y,N,Y,N,N,N,N,N,book_document_checklist_covered,not_read_here,staged_for_scholar_insight,Markarth Prison Daedric Rites And Reach Redoubts,none,
book_document_checklist,CHK-BOOKS-2267,,CHK-BOOKS-2267,Volk's Journal,Volk's Journal (DG),,,Books,Explicit exclusion,,,,0,,merchant_investment,bugged_unofficial_patch_only | unknown_needs_validation,Angeline's Aromatics | Ashfall's Tear CC | Falion's House | ... (10 total),Ashfall's Tear CC / Solstheim | Falkreath / Falkreath Hold | Markarth / The Reach | ... (8 total),Do not route as required investment unless TB-037 later validates official PS4 AE availability.,N,exact_checklist,1,Y,Y,N,Y,N,N,N,Y,N,book_document_checklist_excluded,explicit_exclusion_documented,excluded,Internal exclusion coverage,none,
book_document_checklist,CHK-BOOKS-2268,OBJ-000178,CHK-BOOKS-2268,Wabbajack,Wabbajack,quest,daedric_quest,Books,Main-route prototype block,main_route,base_game,,0,,,,,,,Y,exact_checklist,1,N,N,N,Y,N,N,N,N,N,book_document_checklist_covered,audited_not_colocated,staged_for_later_book_route,Goldenglow Honningbrew Solitude And Snow Veil,none,
book_document_checklist,CHK-BOOKS-2269,,CHK-BOOKS-2269,"Walking the World, Vol. XI","Walking the World, Vol. XI",,,Books,Explicit exclusion,,,,0,,merchant_investment,bugged_unofficial_patch_only | unknown_needs_validation,Angeline's Aromatics | Ashfall's Tear CC | Falion's House | ... (10 total),Ashfall's Tear CC / Solstheim | Falkreath / Falkreath Hold | Markarth / The Reach | ... (8 total),Do not route as required investment unless TB-037 later validates official PS4 AE availability.,N,exact_checklist,1,Y,Y,N,Y,N,N,N,Y,N,book_document_checklist_excluded,explicit_exclusion_documented,excluded,Internal exclusion coverage,none,
book_document_checklist,CHK-BOOKS-2270,OBJ-001287,CHK-BOOKS-2270,War of the First Council,War of the First Council,book_document,quest_book_title,Books,Main-route prototype block,main_route,base_game,quest_book,1,,,,,,,Y,mapped_objective,1,Y,Y,N,Y,Y,N,Y,Y,N,book_document_checklist_route_resolution_recorded,needs_route_resolution_added,NEEDS ROUTE RESOLUTION,Final Reconciliation open route-resolution items,none_existing_route_resolution,
book_document_checklist,CHK-BOOKS-2271,OBJ-000838,CHK-BOOKS-2271,Warrior,Warrior,book_document,skill_book_title,Books,Main-route prototype block,main_route,base_game,skill_book,5,"Driftshade Refuge: Driftshade Refuge (Winterhold), near the fireplace in the boss's chamber",skill_book_copy,selected_default_copy_pending_route_validation,Driftshade Refuge,Driftshade Refuge,Collect selected copy when its route block is safe; read after Scholar's Insight and high-skill timing check.,Y,exact_checklist,1,Y,Y,N,Y,Y,N,N,N,N,book_document_checklist_covered,selected_source_left_unopened,staged_for_scholars_insight_window,"Companions Finale, Totems, And Beast-Blood Preservation",none,
book_document_checklist,CHK-BOOKS-2272,,CHK-BOOKS-2272,Watcher of Stones,Watcher of Stones,,,Books,Explicit exclusion,,,,0,,merchant_investment,bugged_unofficial_patch_only | unknown_needs_validation,Angeline's Aromatics | Ashfall's Tear CC | Falion's House | ... (10 total),Ashfall's Tear CC / Solstheim | Falkreath / Falkreath Hold | Markarth / The Reach | ... (8 total),Do not route as required investment unless TB-037 later validates official PS4 AE availability.,N,exact_checklist,1,Y,Y,N,Y,N,N,N,Y,N,book_document_checklist_excluded,explicit_exclusion_documented,excluded,Internal exclusion coverage,none,
book_document_checklist,CHK-BOOKS-2273,,CHK-BOOKS-2273,Where were you when the Dragon Broke,Where were you when the Dragon Broke (DB),,,Books,Explicit exclusion,,,,0,,merchant_investment,bugged_unofficial_patch_only | unknown_needs_validation,Angeline's Aromatics | Ashfall's Tear CC | Falion's House | ... (10 total),Ashfall's Tear CC / Solstheim | Falkreath / Falkreath Hold | Markarth / The Reach | ... (8 total),Do not route as required investment unless TB-037 later validates official PS4 AE availability.,N,exact_checklist,1,Y,Y,N,Y,N,N,N,Y,N,book_document_checklist_excluded,explicit_exclusion_documented,excluded,Internal exclusion coverage,none,
book_document_checklist,CHK-BOOKS-2274,,CHK-BOOKS-2274,Whiterun Home Decorating Guide,Whiterun Home Decorating Guide,,,Books,Explicit exclusion,,,,0,,merchant_investment,bugged_unofficial_patch_only | unknown_needs_validation,Angeline's Aromatics | Ashfall's Tear CC | Falion's House | ... (10 total),Ashfall's Tear CC / Solstheim | Falkreath / Falkreath Hold | Markarth / The Reach | ... (8 total),Do not route as required investment unless TB-037 later validates official PS4 AE availability.,N,exact_checklist,1,Y,Y,N,Y,N,N,N,Y,N,book_document_checklist_excluded,explicit_exclusion_documented,excluded,Internal exclusion coverage,none,
book_document_checklist,CHK-BOOKS-2275,,CHK-BOOKS-2275,Windhelm Home Decorating Guide,Windhelm Home Decorating Guide,,,Books,Explicit exclusion,,,,0,,merchant_investment,bugged_unofficial_patch_only | unknown_needs_validation,Angeline's Aromatics | Ashfall's Tear CC | Falion's House | ... (10 total),Ashfall's Tear CC / Solstheim | Falkreath / Falkreath Hold | Markarth / The Reach | ... (8 total),Do not route as required investment unless TB-037 later validates official PS4 AE availability.,N,exact_checklist,1,Y,Y,N,Y,N,N,N,Y,N,book_document_checklist_excluded,explicit_exclusion_documented,excluded,Internal exclusion coverage,none,
book_document_checklist,CHK-BOOKS-2276,OBJ-000888,CHK-BOOKS-2276,Withershins,Withershins,book_document,skill_book_title,Books,Main-route prototype block,main_route,base_game,skill_book,5,"Arcwind Point: Arcwind Point, at a pedestal the top of the tower after progressing through the ruins",skill_book_copy,selected_scholars_insight_route_copy,Arcwind Point,Arcwind Point,Read during the Arcwind Point sweep after Scholar's Insight is active.,Y,exact_checklist,1,Y,Y,N,Y,N,N,N,N,N,book_document_checklist_covered,placed_in_guide,complete,High-Risk AE Routes and Separate Worldspaces,none,
book_document_checklist,CHK-BOOKS-2277,OBJ-000908,CHK-BOOKS-2277,Words and Philosophy,Words and Philosophy,book_document,skill_book_title,Books,Main-route prototype block,main_route,base_game,skill_book,6,"Geirmund's Hall: Geirmund's Hall (The Rift), in the boss treasure room, on a bookshelf",skill_book_copy,selected_scholar_window_copy,Apocrypha - The Winds of Change,Apocrypha,Read immediately after choosing Scholar's Insight during The Winds of Change.,Y,exact_checklist,2,Y,Y,N,Y,N,N,N,N,N,book_document_checklist_covered,placed_in_guide | same_location_left_unopened,complete | staged_for_scholars_insight_window,"Gauldur Legend Finale | Solstheim Entry, Raven Rock Core, And Frostmoon Rings",none,
book_document_checklist,CHK-BOOKS-2278,,CHK-BOOKS-2278,Words of Clan Mother Ahnissi,Words of Clan Mother Ahnissi,,,Books,Explicit exclusion,,,,0,,merchant_investment,bugged_unofficial_patch_only | unknown_needs_validation,Angeline's Aromatics | Ashfall's Tear CC | Falion's House | ... (10 total),Ashfall's Tear CC / Solstheim | Falkreath / Falkreath Hold | Markarth / The Reach | ... (8 total),Do not route as required investment unless TB-037 later validates official PS4 AE availability.,N,exact_checklist,1,Y,Y,N,Y,N,N,N,Y,N,book_document_checklist_excluded,explicit_exclusion_documented,excluded,Internal exclusion coverage,none,
book_document_checklist,CHK-BOOKS-2279,,CHK-BOOKS-2279,Words of the Wind,Words of the Wind (DB),,,Books,Explicit exclusion,,,,0,,merchant_investment,bugged_unofficial_patch_only | unknown_needs_validation,Angeline's Aromatics | Ashfall's Tear CC | Falion's House | ... (10 total),Ashfall's Tear CC / Solstheim | Falkreath / Falkreath Hold | Markarth / The Reach | ... (8 total),Do not route as required investment unless TB-037 later validates official PS4 AE availability.,N,exact_checklist,1,Y,Y,N,Y,N,N,N,Y,N,book_document_checklist_excluded,explicit_exclusion_documented,excluded,Internal exclusion coverage,none,
book_document_checklist,CHK-BOOKS-2280,,CHK-BOOKS-2280,Wraith's Wedding Dowry,Wraith's Wedding Dowry,,,Books,Explicit exclusion,,,,0,,merchant_investment,bugged_unofficial_patch_only | unknown_needs_validation,Angeline's Aromatics | Ashfall's Tear CC | Falion's House | ... (10 total),Ashfall's Tear CC / Solstheim | Falkreath / Falkreath Hold | Markarth / The Reach | ... (8 total),Do not route as required investment unless TB-037 later validates official PS4 AE availability.,N,exact_checklist,1,Y,Y,N,Y,N,N,N,Y,N,book_document_checklist_excluded,explicit_exclusion_documented,excluded,Internal exclusion coverage,none,
book_document_checklist,CHK-BOOKS-2281,,CHK-BOOKS-2281,Yellow Book of Riddles,Yellow Book of Riddles,,,Books,Explicit exclusion,,,,0,,merchant_investment,bugged_unofficial_patch_only | unknown_needs_validation,Angeline's Aromatics | Ashfall's Tear CC | Falion's House | ... (10 total),Ashfall's Tear CC / Solstheim | Falkreath / Falkreath Hold | Markarth / The Reach | ... (8 total),Do not route as required investment unless TB-037 later validates official PS4 AE availability.,N,exact_checklist,1,Y,Y,N,Y,N,N,N,Y,N,book_document_checklist_excluded,explicit_exclusion_documented,excluded,Internal exclusion coverage,none,
book_document_checklist,CHK-BOOKS-2282,,CHK-BOOKS-2282,Yngol and the Sea-Ghosts,Yngol and the Sea-Ghosts,,,Books,Explicit exclusion,,,,0,,merchant_investment,bugged_unofficial_patch_only | unknown_needs_validation,Angeline's Aromatics | Ashfall's Tear CC | Falion's House | ... (10 total),Ashfall's Tear CC / Solstheim | Falkreath / Falkreath Hold | Markarth / The Reach | ... (8 total),Do not route as required investment unless TB-037 later validates official PS4 AE availability.,N,exact_checklist,1,Y,Y,N,Y,N,N,N,Y,N,book_document_checklist_excluded,explicit_exclusion_documented,excluded,Internal exclusion coverage,none,
book_document_checklist,CHK-BOOKS-2283,OBJ-000925,CHK-BOOKS-2283,Ash Rune,Spell Tome: Ash Rune (DB),book_document,spell_tome_title,Books,Main-route prototype block,main_route,dragonborn,spell_tome,1,Tel Mithryn: Purchase from Talvas Fathryon at Tel Mithryn. Source note: Can be purchased from Talvas Fathryon after completing the quest From the Ashes.,spell_tome_source,selected_vendor_source,Tel Mithryn,Tel Mithryn,Buy during the relevant College/service block if vendor-sourced; otherwise pair with parent quest/location.,Y,exact_checklist,1,Y,Y,N,Y,N,N,N,N,N,book_document_checklist_covered,placed_in_guide,complete,"Tel Mithryn, Nchardak, And Kagrumez",none,
book_document_checklist,CHK-BOOKS-2284,OBJ-000916,CHK-BOOKS-2284,Ash Shell,Spell Tome: Ash Shell (DB),book_document,spell_tome_title,Books,Main-route prototype block,main_route,dragonborn,spell_tome,1,Tel Mithryn: Purchase from Talvas Fathryon at Tel Mithryn. Source note: Can be purchased from Talvas Fathryon after completing the quest From the Ashes.,spell_tome_source,selected_vendor_source,Tel Mithryn,Tel Mithryn,Buy during the relevant College/service block if vendor-sourced; otherwise pair with parent quest/location.,Y,exact_checklist,1,Y,Y,N,Y,N,N,N,N,N,book_document_checklist_covered,placed_in_guide,complete,"Tel Mithryn, Nchardak, And Kagrumez",none,
book_document_checklist,CHK-BOOKS-2285,OBJ-000950,CHK-BOOKS-2285,Banish Daedra,Spell Tome: Banish Daedra,book_document,spell_tome_title,Books,Main-route prototype block,main_route,base_game,spell_tome,5,"Understone Keep: Purchase from Calcelmo in Markarth. Source note: Can be purchased from: Calcelmo, Falion, Phinis Gestor.",spell_tome_source,selected_vendor_source,College of Winterhold,College of Winterhold,Buy during the relevant College/service block if vendor-sourced; otherwise pair with parent quest/location.,Y,mapped_objective,1,Y,Y,N,Y,N,Y,N,N,N,book_document_checklist_covered,vendor_purchase_check_in_guide,complete_or_all_perks_vendor_return,Phinis Gestor,none,
book_document_checklist,CHK-BOOKS-2286,OBJ-001020,CHK-BOOKS-2286,Blizzard,Spell Tome: Blizzard,book_document,spell_tome_title,Books,Main-route prototype block,main_route,base_game,spell_tome,1,College of Winterhold: Purchase from Faralda at the College of Winterhold. Source note: Can be purchased from: Faralda (only after Destruction Ritual Spell has been completed).,spell_tome_source,selected_vendor_source,College of Winterhold,College of Winterhold,Buy during the relevant College/service block if vendor-sourced; otherwise pair with parent quest/location.,Y,mapped_objective,2,Y,Y,N,Y,N,Y,N,N,N,book_document_checklist_covered,master_spell_reward_or_vendor_completed | staged_for_all_perks_loop,complete_after_ritual_reward_or_vendor_purchase | staged_for_skill_gate,All-Perks Loop | All-perks master ritual gate,none,
book_document_checklist,CHK-BOOKS-2287,OBJ-000939,CHK-BOOKS-2287,Bound Battleaxe,Spell Tome: Bound Battleaxe,book_document,spell_tome_title,Books,Main-route prototype block,main_route,base_game,spell_tome,11,"Understone Keep: Purchase from Calcelmo in Markarth. Source note: Can be purchased from: Calcelmo, Falion, Farengar Secret-Fire, Madena, Nelacar, Phinis Gestor, Sybille Stentor, Wuunferth the Unliving, Wylandriah, Talvas Fathryon.",spell_tome_source,selected_vendor_source,College of Winterhold,College of Winterhold,Buy during the relevant College/service block if vendor-sourced; otherwise pair with parent quest/location.,Y,mapped_objective,1,Y,Y,N,Y,N,Y,N,N,N,book_document_checklist_covered,vendor_purchase_check_in_guide,complete_or_all_perks_vendor_return,Phinis Gestor,none,
book_document_checklist,CHK-BOOKS-2288,OBJ-000952,CHK-BOOKS-2288,Bound Bow,Spell Tome: Bound Bow,book_document,spell_tome_title,Books,Main-route prototype block,main_route,base_game,spell_tome,5,"Understone Keep: Purchase from Calcelmo in Markarth. Source note: Can be purchased from: Calcelmo, Falion, Phinis Gestor.",spell_tome_source,selected_vendor_source,College of Winterhold,College of Winterhold,Buy during the relevant College/service block if vendor-sourced; otherwise pair with parent quest/location.,Y,mapped_objective,1,Y,Y,N,Y,N,Y,N,N,N,book_document_checklist_covered,vendor_purchase_check_in_guide,complete_or_all_perks_vendor_return,Phinis Gestor,none,
book_document_checklist,CHK-BOOKS-2289,OBJ-000932,CHK-BOOKS-2289,Bound Dagger,Spell Tome: Bound Dagger (DB),book_document,spell_tome_title,Books,Main-route prototype block,main_route,dragonborn,spell_tome,1,Tel Mithryn: Purchase from Talvas Fathryon at Tel Mithryn. Source note: Can be purchased from Talvas Fathryon after completing the quest From the Ashes.,spell_tome_source,selected_vendor_source,Tel Mithryn,Tel Mithryn,Buy during the relevant College/service block if vendor-sourced; otherwise pair with parent quest/location.,Y,exact_checklist,1,Y,Y,N,Y,N,N,N,N,N,book_document_checklist_covered,placed_in_guide,complete,"Tel Mithryn, Nchardak, And Kagrumez",none,
book_document_checklist,CHK-BOOKS-2290,OBJ-000933,CHK-BOOKS-2290,Bound Sword,Spell Tome: Bound Sword,book_document,spell_tome_title,Books,Main-route prototype block,main_route,base_game,spell_tome,12,"Understone Keep: Purchase from Calcelmo in Markarth. Source note: Can be purchased from: Calcelmo, Falion, Farengar Secret-Fire, Madena, Nelacar, Phinis Gestor, Sybille Stentor, Wuunferth the Unliving, Wylandriah, Talvas Fathryon.",spell_tome_source,selected_vendor_source,College of Winterhold,College of Winterhold,Buy during the relevant College/service block if vendor-sourced; otherwise pair with parent quest/location.,Y,exact_checklist,1,Y,Y,N,Y,N,N,N,N,N,book_document_checklist_covered,acquired_and_read_now,complete,Riften Thaneship Frost And Rift Roads,none,
book_document_checklist,CHK-BOOKS-2291,OBJ-001037,CHK-BOOKS-2291,Call to Arms,Spell Tome: Call to Arms,book_document,spell_tome_title,Books,Main-route prototype block,main_route,base_game,spell_tome,1,College of Winterhold: Purchase from Drevis Neloren at the College of Winterhold. Source note: Can be purchased from: Drevis Neloren (only after Illusion Ritual Spell has been completed).,spell_tome_source,selected_vendor_source,College of Winterhold,College of Winterhold,Buy during the relevant College/service block if vendor-sourced; otherwise pair with parent quest/location.,Y,mapped_objective,2,Y,Y,N,Y,N,Y,N,N,N,book_document_checklist_covered,master_spell_reward_or_vendor_completed | staged_for_all_perks_loop,complete_after_ritual_reward_or_vendor_purchase | staged_for_skill_gate,All-Perks Loop | All-perks master ritual gate,none,
book_document_checklist,CHK-BOOKS-2292,OBJ-001026,CHK-BOOKS-2292,Calm,Spell Tome: Calm,book_document,spell_tome_title,Books,Main-route prototype block,main_route,base_game,spell_tome,9,"Understone Keep: Purchase from Calcelmo in Markarth. Source note: Can be purchased from: Calcelmo, Drevis Neloren, Falion, Farengar Secret-Fire, Madena, Sybille Stentor, Wuunferth the Unliving, Wylandriah.",spell_tome_source,selected_vendor_source,College of Winterhold,College of Winterhold,Buy during the relevant College/service block if vendor-sourced; otherwise pair with parent quest/location.,Y,mapped_objective,1,Y,Y,N,Y,N,Y,N,N,N,book_document_checklist_covered,vendor_purchase_check_in_guide,complete_or_all_perks_vendor_return,Drevis Neloren,none,
book_document_checklist,CHK-BOOKS-2293,OBJ-000910,CHK-BOOKS-2293,Candlelight,Spell Tome: Candlelight,book_document,spell_tome_title,Books,Main-route prototype block,main_route,base_game,spell_tome,11,"Understone Keep: Purchase from Calcelmo in Markarth. Source note: Can be purchased from: Calcelmo, Falion, Farengar Secret-Fire, Madena, Nelacar, Sybille Stentor, Tolfdir, Wuunferth the Unliving, Wylandriah.",spell_tome_source,selected_vendor_source,College of Winterhold,College of Winterhold,Buy during the relevant College/service block if vendor-sourced; otherwise pair with parent quest/location.,Y,mapped_objective,1,Y,Y,N,Y,N,Y,N,N,N,book_document_checklist_covered,vendor_purchase_check_in_guide,complete_or_all_perks_vendor_return,Tolfdir,none,
book_document_checklist,CHK-BOOKS-2294,OBJ-000999,CHK-BOOKS-2294,Chain Lightning,Spell Tome: Chain Lightning,book_document,spell_tome_title,Books,Main-route prototype block,main_route,base_game,spell_tome,7,"College of Winterhold: Purchase from Enthir at the College of Winterhold. Source note: Can be purchased from: Enthir, Faralda, Farengar Secret-Fire, Madena, Wuunferth the Unliving, Talvas Fathryon.",spell_tome_source,selected_vendor_source,College of Winterhold,College of Winterhold,Buy during the relevant College/service block if vendor-sourced; otherwise pair with parent quest/location.,Y,mapped_objective,1,Y,Y,N,Y,N,Y,N,N,N,book_document_checklist_covered,vendor_purchase_check_in_guide,complete_or_all_perks_vendor_return,Faralda,none,
book_document_checklist,CHK-BOOKS-2295,OBJ-001058,CHK-BOOKS-2295,Circle of Protection,Spell Tome: Circle of Protection,book_document,spell_tome_title,Books,Main-route prototype block,main_route,base_game,spell_tome,2,College of Winterhold: Purchase from Colette Marence at the College of Winterhold. Source note: Can be purchased from: Colette Marence.,spell_tome_source,selected_vendor_source,College of Winterhold,College of Winterhold,Buy during the relevant College/service block if vendor-sourced; otherwise pair with parent quest/location.,Y,mapped_objective,1,Y,Y,N,Y,N,Y,N,N,N,book_document_checklist_covered,vendor_purchase_check_in_guide,complete_or_all_perks_vendor_return,Colette Marence,none,
book_document_checklist,CHK-BOOKS-2296,OBJ-001023,CHK-BOOKS-2296,Clairvoyance,Spell Tome: Clairvoyance,book_document,spell_tome_title,Books,Main-route prototype block,main_route,base_game,spell_tome,12,"Understone Keep: Purchase from Calcelmo in Markarth. Source note: Can be purchased from: Calcelmo, Drevis Neloren, Falion, Farengar Secret-Fire, Madena, Nelacar, Riverwood Trader, Sybille Stentor, Wuunferth the Unliving, Wylandriah.",spell_tome_source,selected_vendor_source,College of Winterhold,College of Winterhold,Buy during the relevant College/service block if vendor-sourced; otherwise pair with parent quest/location.,Y,mapped_objective,2,Y,Y,N,Y,N,Y,N,N,N,book_document_checklist_covered,completed_now | vendor_purchase_check_in_guide,complete | complete_or_all_perks_vendor_return,Drevis Neloren | Guardian Stones Cache And Whiterun Farm Loop,none,
book_document_checklist,CHK-BOOKS-2297,OBJ-001049,CHK-BOOKS-2297,Close Wounds,Spell Tome: Close Wounds,book_document,spell_tome_title,Books,Main-route prototype block,main_route,base_game,spell_tome,3,College of Winterhold: Purchase from Colette Marence at the College of Winterhold. Source note: Can be purchased from: Colette Marence.,spell_tome_source,selected_vendor_source,College of Winterhold,College of Winterhold,Buy during the relevant College/service block if vendor-sourced; otherwise pair with parent quest/location.,Y,mapped_objective,1,Y,Y,N,Y,N,Y,N,N,N,book_document_checklist_covered,vendor_purchase_check_in_guide,complete_or_all_perks_vendor_return,Colette Marence,none,
book_document_checklist,CHK-BOOKS-2298,OBJ-000968,CHK-BOOKS-2298,Command Daedra,Spell Tome: Command Daedra,book_document,spell_tome_title,Books,Main-route prototype block,main_route,base_game,spell_tome,2,College of Winterhold: Purchase from Phinis Gestor at the College of Winterhold. Source note: Can be purchased from: Phinis Gestor.,spell_tome_source,selected_vendor_source,College of Winterhold,College of Winterhold,Buy during the relevant College/service block if vendor-sourced; otherwise pair with parent quest/location.,Y,mapped_objective,1,Y,Y,N,Y,N,Y,N,N,N,book_document_checklist_covered,vendor_purchase_check_in_guide,complete_or_all_perks_vendor_return,Phinis Gestor,none,
book_document_checklist,CHK-BOOKS-2299,OBJ-000967,CHK-BOOKS-2299,Conjure Ash Guardian,Spell Tome: Conjure Ash Guardian (DB),book_document,spell_tome_title,Books,Main-route prototype block,main_route,dragonborn,spell_tome,2,Tel Mithryn: Purchase from Talvas Fathryon at Tel Mithryn. Source note: Can be purchased from: Talvas Fathryon after completing the quest From the Ashes.,spell_tome_source,selected_reward_or_vendor_source,Tel Mithryn,From the Ashes,Acquire during the Tel Mithryn route immediately after From the Ashes.,Y,exact_checklist,1,Y,Y,N,Y,N,N,N,N,N,book_document_checklist_covered,placed_in_guide,complete,"Tel Mithryn, Nchardak, And Kagrumez",none,
book_document_checklist,CHK-BOOKS-2300,OBJ-000954,CHK-BOOKS-2300,Conjure Ash Spawn,Spell Tome: Conjure Ash Spawn (DB),book_document,spell_tome_title,Books,Main-route prototype block,main_route,dragonborn,spell_tome,1,Tel Mithryn: Purchase from Talvas Fathryon at Tel Mithryn. Source note: Can be purchased from Talvas Fathryon after completing the quest Telvanni Research.,spell_tome_source,selected_vendor_source,Tel Mithryn,Tel Mithryn,Buy during the relevant College/service block if vendor-sourced; otherwise pair with parent quest/location.,Y,exact_checklist,1,Y,Y,N,Y,N,N,N,N,N,book_document_checklist_covered,placed_in_guide,complete,"Tel Mithryn, Nchardak, And Kagrumez",none,
book_document_checklist,CHK-BOOKS-2301,OBJ-000971,CHK-BOOKS-2301,Conjure Dremora Lord,Spell Tome: Conjure Dremora Lord,book_document,spell_tome_title,Books,Main-route prototype block,main_route,base_game,spell_tome,2,College of Winterhold: Purchase from Phinis Gestor at the College of Winterhold. Source note: Can be purchased from: Phinis Gestor.,spell_tome_source,selected_vendor_source,College of Winterhold,College of Winterhold,Buy during the relevant College/service block if vendor-sourced; otherwise pair with parent quest/location.,Y,mapped_objective,1,Y,Y,N,Y,N,Y,N,N,N,book_document_checklist_covered,vendor_purchase_check_in_guide,complete_or_all_perks_vendor_return,Phinis Gestor,none,
book_document_checklist,CHK-BOOKS-2302,OBJ-000934,CHK-BOOKS-2302,Conjure Familiar,Spell Tome: Conjure Familiar,book_document,spell_tome_title,Books,Main-route prototype block,main_route,base_game,spell_tome,12,Character creation / starting spell: Bretons start with this spell.,spell_tome_source,selected_vendor_source,College of Winterhold,College of Winterhold,Buy during the relevant College/service block if vendor-sourced; otherwise pair with parent quest/location.,Y,mapped_objective,1,Y,Y,N,Y,N,Y,N,N,N,book_document_checklist_covered,vendor_purchase_check_in_guide,complete_or_all_perks_vendor_return,Phinis Gestor,none,
book_document_checklist,CHK-BOOKS-2303,OBJ-000941,CHK-BOOKS-2303,Conjure Flame Atronach,Spell Tome: Conjure Flame Atronach,book_document,spell_tome_title,Books,Main-route prototype block,main_route,base_game,spell_tome,13,"Understone Keep: Purchase from Calcelmo in Markarth. Source note: Can be purchased from: Calcelmo, Falion, Farengar Secret-Fire, Madena, Nelacar, Phinis Gestor, Sybille Stentor, Wuunferth the Unliving, Wylandriah, Talvas Fathryon.",spell_tome_source,selected_vendor_source,College of Winterhold,College of Winterhold,Buy during the relevant College/service block if vendor-sourced; otherwise pair with parent quest/location.,Y,exact_checklist,1,Y,Y,N,Y,N,N,N,N,N,book_document_checklist_covered,conditional_test_tome,conditional_complete_or_staged,"Winterhold, College Entry, And Saarthal",none,
book_document_checklist,CHK-BOOKS-2304,OBJ-000957,CHK-BOOKS-2304,Conjure Frost Atronach,Spell Tome: Conjure Frost Atronach,book_document,spell_tome_title,Books,Main-route prototype block,main_route,base_game,spell_tome,5,"Understone Keep: Purchase from Calcelmo in Markarth. Source note: Can be purchased from: Calcelmo, Falion, Phinis Gestor.",spell_tome_source,selected_vendor_source,College of Winterhold,College of Winterhold,Buy during the relevant College/service block if vendor-sourced; otherwise pair with parent quest/location.,Y,mapped_objective,1,Y,Y,N,Y,N,Y,N,N,N,book_document_checklist_covered,vendor_purchase_check_in_guide,complete_or_all_perks_vendor_return,Phinis Gestor,none,
book_document_checklist,CHK-BOOKS-2305,OBJ-000962,CHK-BOOKS-2305,Conjure Seeker,Spell Tome: Conjure Seeker (DB),book_document,spell_tome_title,Books,Main-route prototype block,main_route,dragonborn,spell_tome,2,"Apocrypha: If your Conjuration skill is 40 or higher, the spell tome may be found in Apocrypha when reading any of the Black Books.",spell_tome_source,selected_fixed_or_scripted_source,Apocrypha,Epistolary Acumen Chapter III,Read during the Tel Mithryn/Nchardak section when the route reaches the fixed Epistolary Acumen platform.,Y,exact_checklist,1,Y,Y,N,Y,N,N,N,N,N,book_document_checklist_covered,placed_in_guide,complete,"Tel Mithryn, Nchardak, And Kagrumez",none,
book_document_checklist,CHK-BOOKS-2306,OBJ-000974,CHK-BOOKS-2306,Conjure Storm Atronach,Spell Tome: Conjure Storm Atronach,book_document,spell_tome_title,Books,Main-route prototype block,main_route,base_game,spell_tome,3,College of Winterhold: Purchase from Phinis Gestor at the College of Winterhold. Source note: Can be purchased from: Phinis Gestor.,spell_tome_source,selected_vendor_source,College of Winterhold,College of Winterhold,Buy during the relevant College/service block if vendor-sourced; otherwise pair with parent quest/location.,Y,mapped_objective,1,Y,Y,N,Y,N,Y,N,N,N,book_document_checklist_covered,vendor_purchase_check_in_guide,complete_or_all_perks_vendor_return,Phinis Gestor,none,
book_document_checklist,CHK-BOOKS-2307,OBJ-001024,CHK-BOOKS-2307,Courage,Spell Tome: Courage,book_document,spell_tome_title,Books,Main-route prototype block,main_route,base_game,spell_tome,11,"Understone Keep: Purchase from Calcelmo in Markarth. Source note: Can be purchased from: Calcelmo, Drevis Neloren, Falion, Farengar Secret-Fire, Madena, Nelacar, Sybille Stentor, Wuunferth the Unliving, Wylandriah.",spell_tome_source,selected_vendor_source,College of Winterhold,College of Winterhold,Buy during the relevant College/service block if vendor-sourced; otherwise pair with parent quest/location.,Y,exact_checklist,1,Y,Y,N,Y,N,N,N,N,N,book_document_checklist_covered,acquired_and_read_now,complete,Riften Thaneship Frost And Rift Roads,none,
book_document_checklist,CHK-BOOKS-2308,OBJ-000983,CHK-BOOKS-2308,Dead Thrall,Spell Tome: Dead Thrall,book_document,spell_tome_title,Books,Main-route prototype block,main_route,base_game,spell_tome,1,College of Winterhold: Purchase from Phinis Gestor at the College of Winterhold. Source note: Can be purchased from: Phinis Gestor (only after Conjuration Ritual Spell has been completed).,spell_tome_source,selected_vendor_source,College of Winterhold,College of Winterhold,Buy during the relevant College/service block if vendor-sourced; otherwise pair with parent quest/location.,Y,mapped_objective,2,Y,Y,N,Y,N,Y,N,N,N,book_document_checklist_covered,master_spell_reward_or_vendor_completed | staged_for_all_perks_loop,complete_after_ritual_reward_or_vendor_purchase | staged_for_skill_gate,All-Perks Loop | All-perks master ritual gate,none,
book_document_checklist,CHK-BOOKS-2309,OBJ-000926,CHK-BOOKS-2309,Detect Dead,Spell Tome: Detect Dead,book_document,spell_tome_title,Books,Main-route prototype block,main_route,base_game,spell_tome,3,College of Winterhold: Purchase from Tolfdir at the College of Winterhold. Source note: Can be purchased from: Tolfdir.,spell_tome_source,selected_fixed_or_scripted_source_routed,The Sallow Regent,The Sallow Regent,Take and read during the White Ridge/Sallow Regent Lost Knowledge route.,Y,exact_checklist,1,Y,Y,N,Y,N,N,N,N,N,book_document_checklist_covered,placed_in_guide,complete,"Miraak Finale, Lost Knowledge, And Last Black Books",none,
book_document_checklist,CHK-BOOKS-2310,OBJ-000917,CHK-BOOKS-2310,Detect Life,Spell Tome: Detect Life,book_document,spell_tome_title,Books,Main-route prototype block,main_route,base_game,spell_tome,4,"College of Winterhold: Purchase from Tolfdir at the College of Winterhold. Source note: Can be purchased from: Tolfdir, Wylandriah.",spell_tome_source,selected_vendor_source,College of Winterhold,College of Winterhold,Buy during the relevant College/service block if vendor-sourced; otherwise pair with parent quest/location.,Y,exact_checklist,1,Y,Y,N,Y,N,N,N,N,N,book_document_checklist_covered,acquired_and_read_now,complete,Riften Thaneship Frost And Rift Roads,none,
book_document_checklist,CHK-BOOKS-2311,OBJ-000976,CHK-BOOKS-2311,Dread Zombie,Spell Tome: Dread Zombie,book_document,spell_tome_title,Books,Main-route prototype block,main_route,base_game,spell_tome,2,College of Winterhold: Purchase from Phinis Gestor at the College of Winterhold. Source note: Can be purchased from: Phinis Gestor.,spell_tome_source,selected_vendor_source,College of Winterhold,College of Winterhold,Buy during the relevant College/service block if vendor-sourced; otherwise pair with parent quest/location.,Y,mapped_objective,1,Y,Y,N,Y,N,Y,N,N,N,book_document_checklist_covered,vendor_purchase_check_in_guide,complete_or_all_perks_vendor_return,Phinis Gestor,none,
book_document_checklist,CHK-BOOKS-2312,OBJ-000927,CHK-BOOKS-2312,Ebonyflesh,Spell Tome: Ebonyflesh,book_document,spell_tome_title,Books,Main-route prototype block,main_route,base_game,spell_tome,2,College of Winterhold: Purchase from Tolfdir at the College of Winterhold. Source note: Can be purchased from: Tolfdir.,spell_tome_source,selected_vendor_source,College of Winterhold,College of Winterhold,Buy during the relevant College/service block if vendor-sourced; otherwise pair with parent quest/location.,Y,mapped_objective,1,Y,Y,N,Y,N,Y,N,N,N,book_document_checklist_covered,vendor_purchase_check_in_guide,complete_or_all_perks_vendor_return,Tolfdir,none,
book_document_checklist,CHK-BOOKS-2313,OBJ-000977,CHK-BOOKS-2313,Expel Daedra,Spell Tome: Expel Daedra,book_document,spell_tome_title,Books,Main-route prototype block,main_route,base_game,spell_tome,2,College of Winterhold: Purchase from Phinis Gestor at the College of Winterhold. Source note: Can be purchased from: Phinis Gestor.,spell_tome_source,selected_vendor_source,College of Winterhold,College of Winterhold,Buy during the relevant College/service block if vendor-sourced; otherwise pair with parent quest/location.,Y,mapped_objective,1,Y,Y,N,Y,N,Y,N,N,N,book_document_checklist_covered,vendor_purchase_check_in_guide,complete_or_all_perks_vendor_return,Phinis Gestor,none,
book_document_checklist,CHK-BOOKS-2314,OBJ-001043,CHK-BOOKS-2314,Fast Healing,Spell Tome: Fast Healing,book_document,spell_tome_title,Books,Main-route prototype block,main_route,base_game,spell_tome,10,"Understone Keep: Purchase from Calcelmo in Markarth. Source note: Can be purchased from: Calcelmo, Colette Marence, Falion, Farengar Secret-Fire, Madena, Nelacar, Sybille Stentor, Wuunferth the Unliving, Wylandriah.",spell_tome_source,selected_vendor_source,College of Winterhold,College of Winterhold,Buy during the relevant College/service block if vendor-sourced; otherwise pair with parent quest/location.,Y,mapped_objective,1,Y,Y,N,Y,N,Y,N,N,N,book_document_checklist_covered,vendor_purchase_check_in_guide,complete_or_all_perks_vendor_return,Colette Marence,none,
book_document_checklist,CHK-BOOKS-2315,OBJ-001027,CHK-BOOKS-2315,Fear,Spell Tome: Fear,book_document,spell_tome_title,Books,Main-route prototype block,main_route,base_game,spell_tome,9,"Understone Keep: Purchase from Calcelmo in Markarth. Source note: Can be purchased from: Calcelmo, Drevis Neloren, Falion, Farengar Secret-Fire, Madena, Sybille Stentor, Wuunferth the Unliving, Wylandriah.",spell_tome_source,selected_vendor_source,College of Winterhold,College of Winterhold,Buy during the relevant College/service block if vendor-sourced; otherwise pair with parent quest/location.,Y,exact_checklist,1,Y,Y,N,Y,N,N,N,N,N,book_document_checklist_covered,conditional_test_tome,conditional_complete_or_staged,"Winterhold, College Entry, And Saarthal",none,
book_document_checklist,CHK-BOOKS-2316,OBJ-000992,CHK-BOOKS-2316,Fire Rune,Spell Tome: Fire Rune,book_document,spell_tome_title,Books,Main-route prototype block,main_route,base_game,spell_tome,11,"Understone Keep: Purchase from Calcelmo in Markarth. Source note: Can be purchased from: Calcelmo, Enthir, Falion, Faralda, Farengar Secret-Fire, Madena, Sybille Stentor, Wuunferth the Unliving, Wylandriah, Talvas Fathryon.",spell_tome_source,selected_vendor_source,College of Winterhold,College of Winterhold,Buy during the relevant College/service block if vendor-sourced; otherwise pair with parent quest/location.,Y,mapped_objective,1,Y,Y,N,Y,N,Y,N,N,N,book_document_checklist_covered,vendor_purchase_check_in_guide,complete_or_all_perks_vendor_return,Faralda,none,
book_document_checklist,CHK-BOOKS-2317,OBJ-001001,CHK-BOOKS-2317,Fireball,Spell Tome: Fireball,book_document,spell_tome_title,Books,Main-route prototype block,main_route,base_game,spell_tome,7,"College of Winterhold: Purchase from Enthir at the College of Winterhold. Source note: Can be purchased from: Enthir, Faralda, Farengar Secret-Fire, Madena, Wuunferth the Unliving, Talvas Fathryon.",spell_tome_source,selected_vendor_source,College of Winterhold,College of Winterhold,Buy during the relevant College/service block if vendor-sourced; otherwise pair with parent quest/location.,Y,mapped_objective,1,Y,Y,N,Y,N,Y,N,N,N,book_document_checklist_covered,vendor_purchase_check_in_guide,complete_or_all_perks_vendor_return,Faralda,none,
book_document_checklist,CHK-BOOKS-2318,OBJ-000993,CHK-BOOKS-2318,Firebolt,Spell Tome: Firebolt,book_document,spell_tome_title,Books,Main-route prototype block,main_route,base_game,spell_tome,11,"Understone Keep: Purchase from Calcelmo in Markarth. Source note: Can be purchased from: Calcelmo, Enthir, Falion, Faralda, Farengar Secret-Fire, Madena, Sybille Stentor, Wuunferth the Unliving, Wylandriah, Talvas Fathryon.",spell_tome_source,selected_vendor_source,College of Winterhold,College of Winterhold,Buy during the relevant College/service block if vendor-sourced; otherwise pair with parent quest/location.,Y,exact_checklist,1,Y,Y,N,Y,N,N,N,N,N,book_document_checklist_covered,conditional_test_tome,conditional_complete_or_staged,"Winterhold, College Entry, And Saarthal",none,
book_document_checklist,CHK-BOOKS-2319,OBJ-001002,CHK-BOOKS-2319,Flame Cloak,Spell Tome: Flame Cloak,book_document,spell_tome_title,Books,Main-route prototype block,main_route,base_game,spell_tome,8,"College of Winterhold: Purchase from Enthir at the College of Winterhold. Source note: Can be purchased from: Enthir, Faralda, Farengar Secret-Fire, Madena, Wuunferth the Unliving, Talvas Fathryon.",spell_tome_source,selected_vendor_source,College of Winterhold,College of Winterhold,Buy during the relevant College/service block if vendor-sourced; otherwise pair with parent quest/location.,Y,mapped_objective,1,Y,Y,N,Y,N,Y,N,N,N,book_document_checklist_covered,vendor_purchase_check_in_guide,complete_or_all_perks_vendor_return,Faralda,none,
book_document_checklist,CHK-BOOKS-2320,OBJ-000982,CHK-BOOKS-2320,Flame Thrall,Spell Tome: Flame Thrall,book_document,spell_tome_title,Books,Main-route prototype block,main_route,base_game,spell_tome,2,Conjuration Ritual Spell: Reward for quest Conjuration Ritual Spell.,spell_tome_source,selected_fixed_or_scripted_source_routed,Apocrypha - The Sallow Regent,Apocrypha - The Sallow Regent,Take and read during the White Ridge/Sallow Regent Lost Knowledge route.,Y,exact_checklist,1,Y,Y,N,Y,N,Y,N,N,N,book_document_checklist_covered,placed_in_guide,complete,"Miraak Finale, Lost Knowledge, And Last Black Books",none,
book_document_checklist,CHK-BOOKS-2321,OBJ-000988,CHK-BOOKS-2321,Flames,Spell Tome: Flames,book_document,spell_tome_title,Books,Main-route prototype block,main_route,base_game,spell_tome,17,Character creation / starting spell: All players start with this spell.,spell_tome_source,selected_fixed_location_source,Mzulft Aedrome,Mzulft Aedrome,"Take the fixed Mzulft Aedrome tome during the Oculory puzzle; the Flames spell is already known from character creation, and the tome satisfies the spell-tome/book row.",Y,exact_checklist,1,Y,Y,N,Y,N,N,N,N,N,book_document_checklist_covered,placed_in_guide,complete,Mzulft And The Winterhold Crisis,none,
book_document_checklist,CHK-BOOKS-2322,OBJ-001029,CHK-BOOKS-2322,Frenzy,Spell Tome: Frenzy,book_document,spell_tome_title,Books,Main-route prototype block,main_route,base_game,spell_tome,3,"College of Winterhold: Purchase from Drevis Neloren at the College of Winterhold. Source note: Can be purchased from: Drevis Neloren, Sybille Stentor.",spell_tome_source,selected_vendor_source,College of Winterhold,College of Winterhold,Buy during the relevant College/service block if vendor-sourced; otherwise pair with parent quest/location.,Y,mapped_objective,1,Y,Y,N,Y,N,Y,N,N,N,book_document_checklist_covered,vendor_purchase_check_in_guide,complete_or_all_perks_vendor_return,Drevis Neloren,none,
book_document_checklist,CHK-BOOKS-2323,OBJ-001030,CHK-BOOKS-2323,Frenzy Rune,Spell Tome: Frenzy Rune (DB),book_document,spell_tome_title,Books,Main-route prototype block,main_route,dragonborn,spell_tome,1,Tel Mithryn: Purchase from Talvas Fathryon at Tel Mithryn. Source note: Can be purchased from Talvas Fathryon after completing the quest From the Ashes.,spell_tome_source,selected_vendor_source,Tel Mithryn,Tel Mithryn,Buy during the relevant College/service block if vendor-sourced; otherwise pair with parent quest/location.,Y,exact_checklist,1,Y,Y,N,Y,N,N,N,N,N,book_document_checklist_covered,placed_in_guide,complete,"Tel Mithryn, Nchardak, And Kagrumez",none,
book_document_checklist,CHK-BOOKS-2324,OBJ-001003,CHK-BOOKS-2324,Frost Cloak,Spell Tome: Frost Cloak,book_document,spell_tome_title,Books,Main-route prototype block,main_route,base_game,spell_tome,7,"College of Winterhold: Purchase from Enthir at the College of Winterhold. Source note: Can be purchased from: Enthir, Faralda, Farengar Secret-Fire, Madena, Wuunferth the Unliving, Talvas Fathryon.",spell_tome_source,selected_vendor_source,College of Winterhold,College of Winterhold,Buy during the relevant College/service block if vendor-sourced; otherwise pair with parent quest/location.,Y,mapped_objective,1,Y,Y,N,Y,N,Y,N,N,N,book_document_checklist_covered,vendor_purchase_check_in_guide,complete_or_all_perks_vendor_return,Faralda,none,
book_document_checklist,CHK-BOOKS-2325,OBJ-000994,CHK-BOOKS-2325,Frost Rune,Spell Tome: Frost Rune,book_document,spell_tome_title,Books,Main-route prototype block,main_route,base_game,spell_tome,11,"Understone Keep: Purchase from Calcelmo in Markarth. Source note: Can be purchased from: Calcelmo, Enthir, Falion, Faralda, Farengar Secret-Fire, Madena, Sybille Stentor, Wuunferth the Unliving, Wylandriah, Talvas Fathryon.",spell_tome_source,selected_vendor_source,College of Winterhold,College of Winterhold,Buy during the relevant College/service block if vendor-sourced; otherwise pair with parent quest/location.,Y,mapped_objective,1,Y,Y,N,Y,N,Y,N,N,N,book_document_checklist_covered,vendor_purchase_check_in_guide,complete_or_all_perks_vendor_return,Faralda,none,
book_document_checklist,CHK-BOOKS-2326,OBJ-000984,CHK-BOOKS-2326,Frost Thrall,Spell Tome: Frost Thrall,book_document,spell_tome_title,Books,Main-route prototype block,main_route,base_game,spell_tome,1,College of Winterhold: Purchase from Phinis Gestor at the College of Winterhold. Source note: Can be purchased from: Phinis Gestor (only after Conjuration Ritual Spell has been completed).,spell_tome_source,selected_vendor_source,College of Winterhold,College of Winterhold,Buy during the relevant College/service block if vendor-sourced; otherwise pair with parent quest/location.,Y,mapped_objective,2,Y,Y,N,Y,N,Y,N,N,N,book_document_checklist_covered,master_spell_reward_or_vendor_completed | staged_for_all_perks_loop,complete_after_ritual_reward_or_vendor_purchase | staged_for_skill_gate,All-Perks Loop | All-perks master ritual gate,none,
book_document_checklist,CHK-BOOKS-2327,OBJ-000989,CHK-BOOKS-2327,Frostbite,Spell Tome: Frostbite,book_document,spell_tome_title,Books,Main-route prototype block,main_route,base_game,spell_tome,16,"Understone Keep: Purchase from Calcelmo in Markarth. Source note: Can be purchased from: Calcelmo, Enthir, Falion, Faralda, Farengar Secret-Fire, Madena, Nelacar, Riverwood Trader, Sybille Stentor, Wuunferth the Unliving, Wylandriah, Talvas Fathryon.",spell_tome_source,selected_fixed_location_source,Mzulft Aedrome,Mzulft Aedrome,"Take and read the fixed Mzulft Aedrome tome during the Oculory puzzle if Frostbite is not already known; if learned earlier, take the tome and mark only the spell-tome/book row.",Y,exact_checklist,2,Y,Y,N,Y,N,N,N,N,N,book_document_checklist_covered,conditional_read_if_serpent_and_not_known | placed_in_guide,complete | conditional_complete,Markarth Prison Daedric Rites And Reach Redoubts | Mzulft And The Winterhold Crisis,none,
book_document_checklist,CHK-BOOKS-2328,OBJ-001025,CHK-BOOKS-2328,Fury,Spell Tome: Fury,book_document,spell_tome_title,Books,Main-route prototype block,main_route,base_game,spell_tome,12,Character creation / starting spell: Altmer start with this spell.,spell_tome_source,selected_vendor_source,College of Winterhold,College of Winterhold,Buy during the relevant College/service block if vendor-sourced; otherwise pair with parent quest/location.,Y,mapped_objective,1,Y,Y,N,Y,N,Y,N,N,N,book_document_checklist_covered,vendor_purchase_check_in_guide,complete_or_all_perks_vendor_return,Drevis Neloren,none,
book_document_checklist,CHK-BOOKS-2329,OBJ-001059,CHK-BOOKS-2329,Grand Healing,Spell Tome: Grand Healing,book_document,spell_tome_title,Books,Main-route prototype block,main_route,base_game,spell_tome,2,College of Winterhold: Purchase from Colette Marence at the College of Winterhold. Source note: Can be purchased from: Colette Marence.,spell_tome_source,selected_vendor_source,College of Winterhold,College of Winterhold,Buy during the relevant College/service block if vendor-sourced; otherwise pair with parent quest/location.,Y,mapped_objective,1,Y,Y,N,Y,N,Y,N,N,N,book_document_checklist_covered,vendor_purchase_check_in_guide,complete_or_all_perks_vendor_return,Colette Marence,none,
book_document_checklist,CHK-BOOKS-2330,OBJ-001050,CHK-BOOKS-2330,Greater Ward,Spell Tome: Greater Ward,book_document,spell_tome_title,Books,Main-route prototype block,main_route,base_game,spell_tome,3,College of Winterhold: Purchase from Colette Marence at the College of Winterhold. Source note: Can be purchased from: Colette Marence.,spell_tome_source,selected_vendor_source,College of Winterhold,College of Winterhold,Buy during the relevant College/service block if vendor-sourced; otherwise pair with parent quest/location.,Y,mapped_objective,1,Y,Y,N,Y,N,Y,N,N,N,book_document_checklist_covered,vendor_purchase_check_in_guide,complete_or_all_perks_vendor_return,Colette Marence,none,
book_document_checklist,CHK-BOOKS-2331,OBJ-001063,CHK-BOOKS-2331,Guardian Circle,Spell Tome: Guardian Circle,book_document,spell_tome_title,Books,Main-route prototype block,main_route,base_game,spell_tome,1,College of Winterhold: Purchase from Colette Marence at the College of Winterhold. Source note: Can be purchased from: Colette Marence (only after Restoration Ritual Spell has been completed).,spell_tome_source,selected_vendor_source,College of Winterhold,College of Winterhold,Buy during the relevant College/service block if vendor-sourced; otherwise pair with parent quest/location.,Y,mapped_objective,2,Y,Y,N,Y,N,Y,N,N,N,book_document_checklist_covered,master_spell_reward_or_vendor_completed | staged_for_all_perks_loop,complete_after_ritual_reward_or_vendor_purchase | staged_for_skill_gate,All-Perks Loop | All-perks master ritual gate,none,
book_document_checklist,CHK-BOOKS-2332,OBJ-001038,CHK-BOOKS-2332,Harmony,Spell Tome: Harmony,book_document,spell_tome_title,Books,Main-route prototype block,main_route,base_game,spell_tome,1,College of Winterhold: Purchase from Drevis Neloren at the College of Winterhold. Source note: Can be purchased from: Drevis Neloren (only after Illusion Ritual Spell has been completed).,spell_tome_source,selected_vendor_source,College of Winterhold,College of Winterhold,Buy during the relevant College/service block if vendor-sourced; otherwise pair with parent quest/location.,Y,mapped_objective,2,Y,Y,N,Y,N,Y,N,N,N,book_document_checklist_covered,master_spell_reward_or_vendor_completed | staged_for_all_perks_loop,complete_after_ritual_reward_or_vendor_purchase | staged_for_skill_gate,All-Perks Loop | All-perks master ritual gate,none,
book_document_checklist,CHK-BOOKS-2333,OBJ-001051,CHK-BOOKS-2333,Heal Other,Spell Tome: Heal Other,book_document,spell_tome_title,Books,Main-route prototype block,main_route,base_game,spell_tome,4,College of Winterhold: Purchase from Colette Marence at the College of Winterhold. Source note: Can be purchased from: Colette Marence.,spell_tome_source,selected_fixed_or_scripted_source,Shalidor's Maze,Shalidor's Maze,Take and read from the shutter section during the Shalidor's Maze route.,Y,exact_checklist,1,Y,Y,N,Y,N,N,N,N,N,book_document_checklist_covered,placed_in_guide,complete,Labyrinthian And The Eye Of Magnus,none,
book_document_checklist,CHK-BOOKS-2334,OBJ-001052,CHK-BOOKS-2334,Heal Undead,Spell Tome: Heal Undead (DG),book_document,spell_tome_title,Books,Main-route prototype block,main_route,dawnguard,spell_tome,1,Castle Volkihar: Purchase from Ronthil at Castle Volkihar. Source note: Can be purchased from: Ronthil.,spell_tome_source,selected_vendor_source,Castle Volkihar,Castle Volkihar,Buy and learn during the first Castle Volkihar entry before Harkon speaks by reaching Ronthil on the balcony.,Y,exact_checklist,1,Y,Y,N,Y,N,N,N,N,Y,book_document_checklist_covered,placed_in_guide,complete,Dawnguard Fork And Volkihar Branch,none,
book_document_checklist,CHK-BOOKS-2335,OBJ-001041,CHK-BOOKS-2335,Healing,Spell Tome: Healing,book_document,spell_tome_title,Books,Main-route prototype block,main_route,base_game,spell_tome,11,Character creation / starting spell: All players start with this spell.,spell_tome_source,selected_vendor_source,College of Winterhold,College of Winterhold,Buy during the relevant College/service block if vendor-sourced; otherwise pair with parent quest/location.,Y,mapped_objective,1,Y,Y,N,Y,N,Y,N,N,N,book_document_checklist_covered,vendor_purchase_check_in_guide,complete_or_all_perks_vendor_return,Colette Marence,none,
book_document_checklist,CHK-BOOKS-2336,OBJ-001044,CHK-BOOKS-2336,Healing Hands,Spell Tome: Healing Hands,book_document,spell_tome_title,Books,Main-route prototype block,main_route,base_game,spell_tome,10,"Understone Keep: Purchase from Calcelmo in Markarth. Source note: Can be purchased from: Calcelmo, Colette Marence, Falion, Farengar Secret-Fire, Madena, Nelacar, Sybille Stentor, Wuunferth the Unliving, Wylandriah.",spell_tome_source,selected_vendor_source,College of Winterhold,College of Winterhold,Buy during the relevant College/service block if vendor-sourced; otherwise pair with parent quest/location.,Y,exact_checklist,1,Y,Y,N,Y,N,N,N,N,N,book_document_checklist_covered,conditional_test_tome,conditional_complete_or_staged,"Winterhold, College Entry, And Saarthal",none,
book_document_checklist,CHK-BOOKS-2337,OBJ-000995,CHK-BOOKS-2337,Ice Spike,Spell Tome: Ice Spike,book_document,spell_tome_title,Books,Main-route prototype block,main_route,base_game,spell_tome,12,"Understone Keep: Purchase from Calcelmo in Markarth. Source note: Can be purchased from: Calcelmo, Enthir, Falion, Faralda, Farengar Secret-Fire, Madena, Sybille Stentor, Wuunferth the Unliving, Wylandriah, Talvas Fathryon.",spell_tome_source,selected_fixed_quest_source,Raven Rock Mine,Raven Rock Mine,Read from the fixed Raven Rock Mine source during The Final Descent.,Y,exact_checklist,1,Y,Y,N,Y,N,N,N,N,N,book_document_checklist_covered,placed_in_guide,complete,"Solstheim Entry, Raven Rock Core, And Frostmoon Rings",none,
book_document_checklist,CHK-BOOKS-2338,OBJ-001005,CHK-BOOKS-2338,Ice Storm,Spell Tome: Ice Storm,book_document,spell_tome_title,Books,Main-route prototype block,main_route,base_game,spell_tome,7,"College of Winterhold: Purchase from Enthir at the College of Winterhold. Source note: Can be purchased from: Enthir, Faralda, Farengar Secret-Fire, Madena, Wuunferth the Unliving, Talvas Fathryon.",spell_tome_source,selected_vendor_source,College of Winterhold,College of Winterhold,Buy during the relevant College/service block if vendor-sourced; otherwise pair with parent quest/location.,Y,mapped_objective,1,Y,Y,N,Y,N,Y,N,N,N,book_document_checklist_covered,vendor_purchase_check_in_guide,complete_or_all_perks_vendor_return,Faralda,none,
book_document_checklist,CHK-BOOKS-2339,OBJ-001009,CHK-BOOKS-2339,Icy Spear,Spell Tome: Icy Spear,book_document,spell_tome_title,Books,Main-route prototype block,main_route,base_game,spell_tome,4,"College of Winterhold: Purchase from Enthir at the College of Winterhold. Source note: Can be purchased from: Enthir, Faralda, Talvas Fathryon.",spell_tome_source,selected_vendor_source,College of Winterhold,College of Winterhold,Buy during the relevant College/service block if vendor-sourced; otherwise pair with parent quest/location.,Y,mapped_objective,1,Y,Y,N,Y,N,Y,N,N,N,book_document_checklist_covered,vendor_purchase_check_in_guide,complete_or_all_perks_vendor_return,Faralda,none,
book_document_checklist,CHK-BOOKS-2340,OBJ-001010,CHK-BOOKS-2340,Incinerate,Spell Tome: Incinerate,book_document,spell_tome_title,Books,Main-route prototype block,main_route,base_game,spell_tome,4,"College of Winterhold: Purchase from Enthir at the College of Winterhold. Source note: Can be purchased from: Enthir, Faralda, Talvas Fathryon.",spell_tome_source,selected_vendor_source,College of Winterhold,College of Winterhold,Buy during the relevant College/service block if vendor-sourced; otherwise pair with parent quest/location.,Y,mapped_objective,1,Y,Y,N,Y,N,Y,N,N,N,book_document_checklist_covered,vendor_purchase_check_in_guide,complete_or_all_perks_vendor_return,Faralda,none,
book_document_checklist,CHK-BOOKS-2341,OBJ-001034,CHK-BOOKS-2341,Invisibility,Spell Tome: Invisibility,book_document,spell_tome_title,Books,Main-route prototype block,main_route,base_game,spell_tome,2,College of Winterhold: Purchase from Drevis Neloren at the College of Winterhold. Source note: Can be purchased from: Drevis Neloren.,spell_tome_source,selected_vendor_source,College of Winterhold,College of Winterhold,Buy during the relevant College/service block if vendor-sourced; otherwise pair with parent quest/location.,Y,mapped_objective,1,Y,Y,N,Y,N,Y,N,N,N,book_document_checklist_covered,vendor_purchase_check_in_guide,complete_or_all_perks_vendor_return,Drevis Neloren,none,
book_document_checklist,CHK-BOOKS-2342,OBJ-000918,CHK-BOOKS-2342,Ironflesh,Spell Tome: Ironflesh,book_document,spell_tome_title,Books,Main-route prototype block,main_route,base_game,spell_tome,3,"College of Winterhold: Purchase from Tolfdir at the College of Winterhold. Source note: Can be purchased from: Tolfdir, Wylandriah.",spell_tome_source,selected_vendor_source,College of Winterhold,College of Winterhold,Buy during the relevant College/service block if vendor-sourced; otherwise pair with parent quest/location.,Y,mapped_objective,1,Y,Y,N,Y,N,Y,N,N,N,book_document_checklist_covered,vendor_purchase_check_in_guide,complete_or_all_perks_vendor_return,Tolfdir,none,
book_document_checklist,CHK-BOOKS-2343,OBJ-001042,CHK-BOOKS-2343,Lesser Ward,Spell Tome: Lesser Ward,book_document,spell_tome_title,Books,Main-route prototype block,main_route,base_game,spell_tome,13,"Understone Keep: Purchase from Calcelmo in Markarth. Source note: Can be purchased from: Calcelmo, Colette Marence, Falion, Farengar Secret-Fire, Madena, Nelacar, Riverwood Trader, Sybille Stentor, Wuunferth the Unliving, Wylandriah.",spell_tome_source,selected_vendor_source,College of Winterhold,College of Winterhold,Buy during the relevant College/service block if vendor-sourced; otherwise pair with parent quest/location.,Y,exact_checklist,1,Y,Y,N,Y,N,N,N,N,N,book_document_checklist_covered,not_acquired_here,staged_for_spell_tome_selection,"Winterhold, College Entry, And Saarthal",none,
book_document_checklist,CHK-BOOKS-2344,OBJ-000996,CHK-BOOKS-2344,Lightning Bolt,Spell Tome: Lightning Bolt,book_document,spell_tome_title,Books,Main-route prototype block,main_route,base_game,spell_tome,11,"Understone Keep: Purchase from Calcelmo in Markarth. Source note: Can be purchased from: Calcelmo, Enthir, Falion, Faralda, Farengar Secret-Fire, Madena, Sybille Stentor, Wuunferth the Unliving, Wylandriah, Talvas Fathryon.",spell_tome_source,selected_vendor_source,College of Winterhold,College of Winterhold,Buy during the relevant College/service block if vendor-sourced; otherwise pair with parent quest/location.,Y,mapped_objective,1,Y,Y,N,Y,N,Y,N,N,N,book_document_checklist_covered,vendor_purchase_check_in_guide,complete_or_all_perks_vendor_return,Faralda,none,
book_document_checklist,CHK-BOOKS-2345,OBJ-001006,CHK-BOOKS-2345,Lightning Cloak,Spell Tome: Lightning Cloak,book_document,spell_tome_title,Books,Main-route prototype block,main_route,base_game,spell_tome,7,"College of Winterhold: Purchase from Enthir at the College of Winterhold. Source note: Can be purchased from: Enthir, Faralda, Farengar Secret-Fire, Madena, Wuunferth the Unliving, Talvas Fathryon.",spell_tome_source,selected_vendor_source,College of Winterhold,College of Winterhold,Buy during the relevant College/service block if vendor-sourced; otherwise pair with parent quest/location.,Y,mapped_objective,1,Y,Y,N,Y,N,Y,N,N,N,book_document_checklist_covered,vendor_purchase_check_in_guide,complete_or_all_perks_vendor_return,Faralda,none,
book_document_checklist,CHK-BOOKS-2346,OBJ-000997,CHK-BOOKS-2346,Lightning Rune,Spell Tome: Lightning Rune,book_document,spell_tome_title,Books,Main-route prototype block,main_route,base_game,spell_tome,11,"Understone Keep: Purchase from Calcelmo in Markarth. Source note: Can be purchased from: Calcelmo, Enthir, Falion, Faralda, Farengar Secret-Fire, Madena, Sybille Stentor, Wuunferth the Unliving, Wylandriah, Talvas Fathryon.",spell_tome_source,selected_vendor_source,College of Winterhold,College of Winterhold,Buy during the relevant College/service block if vendor-sourced; otherwise pair with parent quest/location.,Y,mapped_objective,1,Y,Y,N,Y,N,Y,N,N,N,book_document_checklist_covered,vendor_purchase_check_in_guide,complete_or_all_perks_vendor_return,Faralda,none,
book_document_checklist,CHK-BOOKS-2347,OBJ-001022,CHK-BOOKS-2347,Lightning Storm,Spell Tome: Lightning Storm,book_document,spell_tome_title,Books,Main-route prototype block,main_route,base_game,spell_tome,1,College of Winterhold: Purchase from Faralda at the College of Winterhold. Source note: Can be purchased from: Faralda (only after Destruction Ritual Spell has been completed).,spell_tome_source,selected_vendor_source,College of Winterhold,College of Winterhold,Buy during the relevant College/service block if vendor-sourced; otherwise pair with parent quest/location.,Y,mapped_objective,2,Y,Y,N,Y,N,Y,N,N,N,book_document_checklist_covered,master_spell_reward_or_vendor_completed | staged_for_all_perks_loop,complete_after_ritual_reward_or_vendor_purchase | staged_for_skill_gate,All-Perks Loop | All-perks master ritual gate,none,
book_document_checklist,CHK-BOOKS-2348,OBJ-000914,CHK-BOOKS-2348,Magelight,Spell Tome: Magelight,book_document,spell_tome_title,Books,Main-route prototype block,main_route,base_game,spell_tome,9,"Understone Keep: Purchase from Calcelmo in Markarth. Source note: Can be purchased from: Calcelmo, Falion, Farengar Secret-Fire, Madena, Sybille Stentor, Tolfdir, Wuunferth the Unliving, Wylandriah.",spell_tome_source,selected_vendor_source,College of Winterhold,College of Winterhold,Buy during the relevant College/service block if vendor-sourced; otherwise pair with parent quest/location.,Y,exact_checklist,1,Y,Y,N,Y,N,N,N,N,N,book_document_checklist_covered,conditional_test_tome,conditional_complete_or_staged,"Winterhold, College Entry, And Saarthal",none,
book_document_checklist,CHK-BOOKS-2349,OBJ-000930,CHK-BOOKS-2349,Mass Paralysis,Spell Tome: Mass Paralysis,book_document,spell_tome_title,Books,Main-route prototype block,main_route,base_game,spell_tome,1,College of Winterhold: Purchase from Tolfdir at the College of Winterhold. Source note: Can be purchased from: Tolfdir (only after Alteration Ritual Spell has been completed).,spell_tome_source,selected_vendor_source,College of Winterhold,College of Winterhold,Buy during the relevant College/service block if vendor-sourced; otherwise pair with parent quest/location.,Y,mapped_objective,2,Y,Y,N,Y,N,Y,N,N,N,book_document_checklist_covered,master_spell_reward_or_vendor_completed | staged_for_all_perks_loop,complete_after_ritual_reward_or_vendor_purchase | staged_for_skill_gate,All-Perks Loop | All-perks master ritual gate,none,
book_document_checklist,CHK-BOOKS-2350,OBJ-001040,CHK-BOOKS-2350,Mayhem,Spell Tome: Mayhem,book_document,spell_tome_title,Books,Main-route prototype block,main_route,base_game,spell_tome,1,College of Winterhold: Purchase from Drevis Neloren at the College of Winterhold. Source note: Can be purchased from: Drevis Neloren (only after Illusion Ritual Spell has been completed).,spell_tome_source,selected_vendor_source,College of Winterhold,College of Winterhold,Buy during the relevant College/service block if vendor-sourced; otherwise pair with parent quest/location.,Y,mapped_objective,2,Y,Y,N,Y,N,Y,N,N,N,book_document_checklist_covered,master_spell_reward_or_vendor_completed | staged_for_all_perks_loop,complete_after_ritual_reward_or_vendor_purchase | staged_for_skill_gate,All-Perks Loop | All-perks master ritual gate,none,
book_document_checklist,CHK-BOOKS-2351,OBJ-001028,CHK-BOOKS-2351,Muffle,Spell Tome: Muffle,book_document,spell_tome_title,Books,Main-route prototype block,main_route,base_game,spell_tome,9,"Understone Keep: Purchase from Calcelmo in Markarth. Source note: Can be purchased from: Calcelmo, Drevis Neloren, Falion, Farengar Secret-Fire, Madena, Sybille Stentor, Wuunferth the Unliving, Wylandriah.",spell_tome_source,selected_vendor_source,College of Winterhold,College of Winterhold,Buy during the relevant College/service block if vendor-sourced; otherwise pair with parent quest/location.,Y,mapped_objective,1,Y,Y,N,Y,N,Y,N,N,N,book_document_checklist_covered,vendor_purchase_check_in_guide,complete_or_all_perks_vendor_return,Drevis Neloren,none,
book_document_checklist,CHK-BOOKS-2352,OBJ-001045,CHK-BOOKS-2352,Necromantic Healing,Spell Tome: Necromantic Healing (DG),book_document,spell_tome_title,Books,Main-route prototype block,main_route,dawnguard,spell_tome,2,Castle Volkihar: Purchase from Ronthil at Castle Volkihar. Source note: Can be purchased from: Ronthil.,spell_tome_source,selected_fixed_or_scripted_source,Dimhollow Crypt,Dimhollow Crypt,Learn during Dawnguard `Awakening` while exiting Dimhollow Crypt.,Y,exact_checklist,1,Y,Y,N,Y,N,N,N,N,Y,book_document_checklist_covered,placed_in_guide,complete,Dawnguard Fork And Volkihar Branch,none,
book_document_checklist,CHK-BOOKS-2353,OBJ-000911,CHK-BOOKS-2353,Oakflesh,Spell Tome: Oakflesh,book_document,spell_tome_title,Books,Main-route prototype block,main_route,base_game,spell_tome,12,"Understone Keep: Purchase from Calcelmo in Markarth. Source note: Can be purchased from: Calcelmo, Falion, Farengar Secret-Fire, Madena, Nelacar, Riverwood Trader, Sybille Stentor, Tolfdir, Wuunferth the Unliving, Wylandriah.",spell_tome_source,selected_vendor_source,College of Winterhold,College of Winterhold,Buy during the relevant College/service block if vendor-sourced; otherwise pair with parent quest/location.,Y,exact_checklist,1,Y,Y,N,Y,N,N,N,N,N,book_document_checklist_covered,learned_now,complete,Southern Warm Corridor,none,
book_document_checklist,CHK-BOOKS-2354,OBJ-001035,CHK-BOOKS-2354,Pacify,Spell Tome: Pacify,book_document,spell_tome_title,Books,Main-route prototype block,main_route,base_game,spell_tome,2,College of Winterhold: Purchase from Drevis Neloren at the College of Winterhold. Source note: Can be purchased from: Drevis Neloren.,spell_tome_source,selected_vendor_source,College of Winterhold,College of Winterhold,Buy during the relevant College/service block if vendor-sourced; otherwise pair with parent quest/location.,Y,mapped_objective,1,Y,Y,N,Y,N,Y,N,N,N,book_document_checklist_covered,vendor_purchase_check_in_guide,complete_or_all_perks_vendor_return,Drevis Neloren,none,
book_document_checklist,CHK-BOOKS-2355,OBJ-000928,CHK-BOOKS-2355,Paralyze,Spell Tome: Paralyze,book_document,spell_tome_title,Books,Main-route prototype block,main_route,base_game,spell_tome,2,College of Winterhold: Purchase from Tolfdir at the College of Winterhold. Source note: Can be purchased from: Tolfdir.,spell_tome_source,selected_vendor_source,College of Winterhold,College of Winterhold,Buy during the relevant College/service block if vendor-sourced; otherwise pair with parent quest/location.,Y,mapped_objective,1,Y,Y,N,Y,N,Y,N,N,N,book_document_checklist_covered,vendor_purchase_check_in_guide,complete_or_all_perks_vendor_return,Tolfdir,none,
book_document_checklist,CHK-BOOKS-2356,OBJ-001053,CHK-BOOKS-2356,Poison Rune,Spell Tome: Poison Rune (DB),book_document,spell_tome_title,Books,Main-route prototype block,main_route,dragonborn,spell_tome,1,Tel Mithryn: Purchase from Talvas Fathryon at Tel Mithryn. Source note: Can be purchased from: Talvas Fathryon (after From the Ashes).,spell_tome_source,selected_vendor_source,Tel Mithryn,Tel Mithryn,Buy during the relevant College/service block if vendor-sourced; otherwise pair with parent quest/location.,Y,exact_checklist,1,Y,Y,N,Y,N,N,N,N,N,book_document_checklist_covered,placed_in_guide,complete,"Tel Mithryn, Nchardak, And Kagrumez",none,
book_document_checklist,CHK-BOOKS-2357,OBJ-000938,CHK-BOOKS-2357,Raise Zombie,Spell Tome: Raise Zombie,book_document,spell_tome_title,Books,Main-route prototype block,main_route,base_game,spell_tome,15,"Understone Keep: Purchase from Calcelmo in Markarth. Source note: Can be purchased from: Calcelmo, Falion, Farengar Secret-Fire, Madena, Nelacar, Phinis Gestor, Riverwood Trader, Sybille Stentor, Wuunferth the Unliving, Wylandriah, Talvas Fathryon.",spell_tome_source,selected_vendor_source,College of Winterhold,College of Winterhold,Buy during the relevant College/service block if vendor-sourced; otherwise pair with parent quest/location.,Y,exact_checklist,1,Y,Y,N,Y,N,N,N,N,N,book_document_checklist_covered,placed_in_guide,complete,Bards College Lost Library And Instrument Roads,none,
book_document_checklist,CHK-BOOKS-2358,OBJ-001032,CHK-BOOKS-2358,Rally,Spell Tome: Rally,book_document,spell_tome_title,Books,Main-route prototype block,main_route,base_game,spell_tome,3,"College of Winterhold: Purchase from Drevis Neloren at the College of Winterhold. Source note: Can be purchased from: Drevis Neloren, Sybille Stentor.",spell_tome_source,selected_vendor_source,College of Winterhold,College of Winterhold,Buy during the relevant College/service block if vendor-sourced; otherwise pair with parent quest/location.,Y,mapped_objective,1,Y,Y,N,Y,N,Y,N,N,N,book_document_checklist_covered,vendor_purchase_check_in_guide,complete_or_all_perks_vendor_return,Drevis Neloren,none,
book_document_checklist,CHK-BOOKS-2359,OBJ-000946,CHK-BOOKS-2359,Reanimate Corpse,Spell Tome: Reanimate Corpse,book_document,spell_tome_title,Books,Main-route prototype block,main_route,base_game,spell_tome,12,"Understone Keep: Purchase from Calcelmo in Markarth. Source note: Can be purchased from: Calcelmo, Falion, Farengar Secret-Fire, Madena, Nelacar, Phinis Gestor, Sybille Stentor, Wuunferth the Unliving, Wylandriah, Talvas Fathryon.",spell_tome_source,selected_vendor_source,College of Winterhold,College of Winterhold,Buy during the relevant College/service block if vendor-sourced; otherwise pair with parent quest/location.,Y,mapped_objective,1,Y,Y,N,Y,N,Y,N,N,N,book_document_checklist_covered,vendor_purchase_check_in_guide,complete_or_all_perks_vendor_return,Phinis Gestor,none,
book_document_checklist,CHK-BOOKS-2360,OBJ-001054,CHK-BOOKS-2360,Repel Lesser Undead,Spell Tome: Repel Lesser Undead,book_document,spell_tome_title,Books,Main-route prototype block,main_route,base_game,spell_tome,3,College of Winterhold: Purchase from Colette Marence at the College of Winterhold. Source note: Can be purchased from: Colette Marence.,spell_tome_source,selected_vendor_source,College of Winterhold,College of Winterhold,Buy during the relevant College/service block if vendor-sourced; otherwise pair with parent quest/location.,Y,mapped_objective,1,Y,Y,N,Y,N,Y,N,N,N,book_document_checklist_covered,vendor_purchase_check_in_guide,complete_or_all_perks_vendor_return,Colette Marence,none,
book_document_checklist,CHK-BOOKS-2361,OBJ-001060,CHK-BOOKS-2361,Repel Undead,Spell Tome: Repel Undead,book_document,spell_tome_title,Books,Main-route prototype block,main_route,base_game,spell_tome,2,College of Winterhold: Purchase from Colette Marence at the College of Winterhold. Source note: Can be purchased from: Colette Marence.,spell_tome_source,selected_vendor_source,College of Winterhold,College of Winterhold,Buy during the relevant College/service block if vendor-sourced; otherwise pair with parent quest/location.,Y,mapped_objective,1,Y,Y,N,Y,N,Y,N,N,N,book_document_checklist_covered,vendor_purchase_check_in_guide,complete_or_all_perks_vendor_return,Colette Marence,none,
book_document_checklist,CHK-BOOKS-2362,OBJ-000966,CHK-BOOKS-2362,Revenant,Spell Tome: Revenant,book_document,spell_tome_title,Books,Main-route prototype block,main_route,base_game,spell_tome,4,"Understone Keep: Purchase from Calcelmo in Markarth. Source note: Can be purchased from: Calcelmo, Falion, Phinis Gestor.",spell_tome_source,selected_vendor_source,College of Winterhold,College of Winterhold,Buy during the relevant College/service block if vendor-sourced; otherwise pair with parent quest/location.,Y,mapped_objective,1,Y,Y,N,Y,N,Y,N,N,N,book_document_checklist_covered,vendor_purchase_check_in_guide,complete_or_all_perks_vendor_return,Phinis Gestor,none,
book_document_checklist,CHK-BOOKS-2363,OBJ-001036,CHK-BOOKS-2363,Rout,Spell Tome: Rout,book_document,spell_tome_title,Books,Main-route prototype block,main_route,base_game,spell_tome,2,College of Winterhold: Purchase from Drevis Neloren at the College of Winterhold. Source note: Can be purchased from: Drevis Neloren.,spell_tome_source,selected_vendor_source,College of Winterhold,College of Winterhold,Buy during the relevant College/service block if vendor-sourced; otherwise pair with parent quest/location.,Y,mapped_objective,1,Y,Y,N,Y,N,Y,N,N,N,book_document_checklist_covered,vendor_purchase_check_in_guide,complete_or_all_perks_vendor_return,Drevis Neloren,none,
book_document_checklist,CHK-BOOKS-2364,OBJ-000948,CHK-BOOKS-2364,Soul Trap,Spell Tome: Soul Trap,book_document,spell_tome_title,Books,Main-route prototype block,main_route,base_game,spell_tome,12,"Understone Keep: Purchase from Calcelmo in Markarth. Source note: Can be purchased from: Calcelmo, Falion, Farengar Secret-Fire, Madena, Nelacar, Phinis Gestor, Sybille Stentor, Wuunferth the Unliving, Wylandriah, Talvas Fathryon.",spell_tome_source,selected_vendor_source,College of Winterhold,College of Winterhold,Buy during the relevant College/service block if vendor-sourced; otherwise pair with parent quest/location.,Y,mapped_objective,1,Y,Y,N,Y,N,Y,N,N,N,book_document_checklist_covered,vendor_purchase_check_in_guide,complete_or_all_perks_vendor_return,Phinis Gestor,none,
book_document_checklist,CHK-BOOKS-2365,OBJ-000990,CHK-BOOKS-2365,Sparks,Spell Tome: Sparks,book_document,spell_tome_title,Books,Main-route prototype block,main_route,base_game,spell_tome,15,Character creation / starting spell: Dunmer start with this spell.,spell_tome_source,selected_fixed_location_source,Fellglow Keep,Fellglow Keep,Take and read during Fellglow Keep And Good Intentions when the route passes the fixed tome.,Y,exact_checklist,1,Y,Y,N,Y,N,N,N,N,N,book_document_checklist_covered,placed_in_guide,complete,Fellglow Keep And Good Intentions,none,
book_document_checklist,CHK-BOOKS-2366,OBJ-001046,CHK-BOOKS-2366,Steadfast Ward,Spell Tome: Steadfast Ward,book_document,spell_tome_title,Books,Main-route prototype block,main_route,base_game,spell_tome,11,"Understone Keep: Purchase from Calcelmo in Markarth. Source note: Can be purchased from: Calcelmo, Colette Marence, Falion, Farengar Secret-Fire, Madena, Nelacar, Sybille Stentor, Wuunferth the Unliving, Wylandriah.",spell_tome_source,selected_fixed_or_scripted_source,Labyrinthian,Labyrinthian Tribune,Take and read from the Labyrinthian Tribune podium during the Staff of Magnus route.,Y,exact_checklist,1,Y,Y,N,Y,N,N,N,N,N,book_document_checklist_covered,placed_in_guide,complete,Labyrinthian And The Eye Of Magnus,none,
book_document_checklist,CHK-BOOKS-2367,OBJ-001055,CHK-BOOKS-2367,Stendarr's Aura,Spell Tome: Stendarr's Aura (DG),book_document,spell_tome_title,Books,Main-route prototype block,main_route,dawnguard,spell_tome,1,Fort Dawnguard: Purchase from Florentius Baenius at Fort Dawnguard. Source note: Can be purchased from: Florentius Baenius.,spell_tome_source,selected_vendor_source,Fort Dawnguard,Fort Dawnguard,Buy and learn after Bolstering the Ranks when Florentius is installed at Fort Dawnguard.,Y,exact_checklist,1,Y,Y,N,Y,N,N,N,N,N,book_document_checklist_covered,placed_in_guide,complete,Fort Dawnguard Recruits Prophet And Lost Relics,none,
book_document_checklist,CHK-BOOKS-2368,OBJ-000915,CHK-BOOKS-2368,Stoneflesh,Spell Tome: Stoneflesh,book_document,spell_tome_title,Books,Main-route prototype block,main_route,base_game,spell_tome,9,"Understone Keep: Purchase from Calcelmo in Markarth. Source note: Can be purchased from: Calcelmo, Falion, Farengar Secret-Fire, Madena, Sybille Stentor, Tolfdir, Wuunferth the Unliving, Wylandriah.",spell_tome_source,selected_vendor_source,College of Winterhold,College of Winterhold,Buy during the relevant College/service block if vendor-sourced; otherwise pair with parent quest/location.,Y,mapped_objective,1,Y,Y,N,Y,N,Y,N,N,N,book_document_checklist_covered,vendor_purchase_check_in_guide,complete_or_all_perks_vendor_return,Tolfdir,none,
book_document_checklist,CHK-BOOKS-2369,OBJ-000985,CHK-BOOKS-2369,Storm Thrall,Spell Tome: Storm Thrall,book_document,spell_tome_title,Books,Main-route prototype block,main_route,base_game,spell_tome,1,College of Winterhold: Purchase from Phinis Gestor at the College of Winterhold. Source note: Can be purchased from: Phinis Gestor (only after Conjuration Ritual Spell has been completed).,spell_tome_source,selected_vendor_source,College of Winterhold,College of Winterhold,Buy during the relevant College/service block if vendor-sourced; otherwise pair with parent quest/location.,Y,mapped_objective,2,Y,Y,N,Y,N,Y,N,N,N,book_document_checklist_covered,master_spell_reward_or_vendor_completed | staged_for_all_perks_loop,complete_after_ritual_reward_or_vendor_purchase | staged_for_skill_gate,All-Perks Loop | All-perks master ritual gate,none,
book_document_checklist,CHK-BOOKS-2370,OBJ-001047,CHK-BOOKS-2370,Sun Fire,Spell Tome: Sun Fire (DG),book_document,spell_tome_title,Books,Main-route prototype block,main_route,dawnguard,spell_tome,1,Fort Dawnguard: Purchase from Sorine Jurard at Fort Dawnguard. Source note: Can be purchased from: Sorine Jurard.,spell_tome_source,selected_vendor_source,Fort Dawnguard,Fort Dawnguard,Buy and learn after A New Order when Sorine is installed at Fort Dawnguard.,Y,exact_checklist,1,Y,Y,N,Y,N,N,N,N,N,book_document_checklist_covered,placed_in_guide,complete,Fort Dawnguard Recruits Prophet And Lost Relics,none,
book_document_checklist,CHK-BOOKS-2371,OBJ-000921,CHK-BOOKS-2371,Telekinesis,Spell Tome: Telekinesis,book_document,spell_tome_title,Books,Main-route prototype block,main_route,base_game,spell_tome,5,"College of Winterhold: Purchase from Tolfdir at the College of Winterhold. Source note: Can be purchased from: Tolfdir, Wylandriah.",spell_tome_source,selected_fixed_or_scripted_source_routed,Benkongerike Great Hall,Benkongerike Great Hall,Take and read during the Benkongerike/Untold Legends Lost Knowledge route.,Y,exact_checklist,2,Y,Y,N,Y,N,N,N,N,N,book_document_checklist_covered,held_for_later | placed_in_guide,complete | held_for_spell_source_selection,"Miraak Finale, Lost Knowledge, And Last Black Books | Temple Of Miraak, Skaal, And Stalhrim",none,
book_document_checklist,CHK-BOOKS-2372,OBJ-001012,CHK-BOOKS-2372,Thunderbolt,Spell Tome: Thunderbolt,book_document,spell_tome_title,Books,Main-route prototype block,main_route,base_game,spell_tome,4,"College of Winterhold: Purchase from Enthir at the College of Winterhold. Source note: Can be purchased from: Enthir, Faralda, Talvas Fathryon.",spell_tome_source,selected_vendor_source,College of Winterhold,College of Winterhold,Buy during the relevant College/service block if vendor-sourced; otherwise pair with parent quest/location.,Y,mapped_objective,1,Y,Y,N,Y,N,Y,N,N,N,book_document_checklist_covered,vendor_purchase_check_in_guide,complete_or_all_perks_vendor_return,Faralda,none,
book_document_checklist,CHK-BOOKS-2373,OBJ-000923,CHK-BOOKS-2373,Transmute Mineral Ore,Spell Tome: Transmute Mineral Ore,book_document,spell_tome_title,Books,Main-route prototype block,main_route,base_game,spell_tome,2,"Ansilvund Burial Chambers: Can be found in Ansilvund Burial Chambers, Halted Stream Camp.",spell_tome_source,selected_fixed_or_scripted_source,Ansilvund Burial Chambers,Ansilvund Burial Chambers,Buy during the relevant College/service block if vendor-sourced; otherwise pair with parent quest/location.,Y,mapped_objective,3,Y,Y,N,Y,N,N,N,N,N,book_document_checklist_covered,already_completed_or_fallback | completed_now | route_source_named_or_already_routed,complete | complete_or_confirmed_in_spell_list | complete_prior_or_fallback,"Books, Spells, and Documents | Halted Stream And Silent Moons Level Gate | Windhelm Follow-Up And Eastmarch Roads",none,
book_document_checklist,CHK-BOOKS-2374,OBJ-001061,CHK-BOOKS-2374,Turn Greater Undead,Spell Tome: Turn Greater Undead,book_document,spell_tome_title,Books,Main-route prototype block,main_route,base_game,spell_tome,2,College of Winterhold: Purchase from Colette Marence at the College of Winterhold. Source note: Can be purchased from: Colette Marence.,spell_tome_source,selected_vendor_source,College of Winterhold,College of Winterhold,Buy during the relevant College/service block if vendor-sourced; otherwise pair with parent quest/location.,Y,mapped_objective,1,Y,Y,N,Y,N,Y,N,N,N,book_document_checklist_covered,vendor_purchase_check_in_guide,complete_or_all_perks_vendor_return,Colette Marence,none,
book_document_checklist,CHK-BOOKS-2375,OBJ-001048,CHK-BOOKS-2375,Turn Lesser Undead,Spell Tome: Turn Lesser Undead,book_document,spell_tome_title,Books,Main-route prototype block,main_route,base_game,spell_tome,10,"Understone Keep: Purchase from Calcelmo in Markarth. Source note: Can be purchased from: Calcelmo, Colette Marence, Falion, Farengar Secret-Fire, Madena, Nelacar, Sybille Stentor, Wuunferth the Unliving, Wylandriah.",spell_tome_source,selected_vendor_source,College of Winterhold,College of Winterhold,Buy during the relevant College/service block if vendor-sourced; otherwise pair with parent quest/location.,Y,mapped_objective,1,Y,Y,N,Y,N,Y,N,N,N,book_document_checklist_covered,vendor_purchase_check_in_guide,complete_or_all_perks_vendor_return,Colette Marence,none,
book_document_checklist,CHK-BOOKS-2376,OBJ-001056,CHK-BOOKS-2376,Turn Undead,Spell Tome: Turn Undead,book_document,spell_tome_title,Books,Main-route prototype block,main_route,base_game,spell_tome,4,College of Winterhold: Purchase from Colette Marence at the College of Winterhold. Source note: Can be purchased from: Colette Marence.,spell_tome_source,selected_fixed_quest_reward,The Wolf Queen Awakened,Hall of the Dead / Styrr,Learn immediately during the Potema/Shield section.,Y,exact_checklist,1,Y,Y,N,Y,N,N,N,N,N,book_document_checklist_covered,placed_in_guide,complete,Potema Shield Of Solitude And Bone Wolf,none,
book_document_checklist,CHK-BOOKS-2377,OBJ-001057,CHK-BOOKS-2377,Vampire's Bane,Spell Tome: Vampire's Bane (DG),book_document,spell_tome_title,Books,Main-route prototype block,main_route,dawnguard,spell_tome,1,Fort Dawnguard: Purchase from Florentius Baenius at Fort Dawnguard. Source note: Can be purchased from: Florentius Baenius.,spell_tome_source,selected_vendor_source,Fort Dawnguard,Fort Dawnguard,Buy and learn after Bolstering the Ranks when Florentius is installed at Fort Dawnguard.,Y,exact_checklist,1,Y,Y,N,Y,N,N,N,N,N,book_document_checklist_covered,placed_in_guide,complete,Fort Dawnguard Recruits Prophet And Lost Relics,none,
book_document_checklist,CHK-BOOKS-2378,OBJ-001017,CHK-BOOKS-2378,Wall of Flames,Spell Tome: Wall of Flames,book_document,spell_tome_title,Books,Main-route prototype block,main_route,base_game,spell_tome,4,"College of Winterhold: Purchase from Enthir at the College of Winterhold. Source note: Can be purchased from: Enthir, Faralda, Talvas Fathryon.",spell_tome_source,selected_vendor_source,College of Winterhold,College of Winterhold,Buy during the relevant College/service block if vendor-sourced; otherwise pair with parent quest/location.,Y,mapped_objective,1,Y,Y,N,Y,N,Y,N,N,N,book_document_checklist_covered,vendor_purchase_check_in_guide,complete_or_all_perks_vendor_return,Faralda,none,
book_document_checklist,CHK-BOOKS-2379,OBJ-001018,CHK-BOOKS-2379,Wall of Frost,Spell Tome: Wall of Frost,book_document,spell_tome_title,Books,Main-route prototype block,main_route,base_game,spell_tome,4,"College of Winterhold: Purchase from Enthir at the College of Winterhold. Source note: Can be purchased from: Enthir, Faralda, Talvas Fathryon.",spell_tome_source,selected_vendor_source,College of Winterhold,College of Winterhold,Buy during the relevant College/service block if vendor-sourced; otherwise pair with parent quest/location.,Y,mapped_objective,1,Y,Y,N,Y,N,Y,N,N,N,book_document_checklist_covered,vendor_purchase_check_in_guide,complete_or_all_perks_vendor_return,Faralda,none,
book_document_checklist,CHK-BOOKS-2380,OBJ-001019,CHK-BOOKS-2380,Wall of Storms,Spell Tome: Wall of Storms,book_document,spell_tome_title,Books,Main-route prototype block,main_route,base_game,spell_tome,4,"College of Winterhold: Purchase from Enthir at the College of Winterhold. Source note: Can be purchased from: Enthir, Faralda, Talvas Fathryon.",spell_tome_source,selected_vendor_source,College of Winterhold,College of Winterhold,Buy during the relevant College/service block if vendor-sourced; otherwise pair with parent quest/location.,Y,mapped_objective,1,Y,Y,N,Y,N,Y,N,N,N,book_document_checklist_covered,vendor_purchase_check_in_guide,complete_or_all_perks_vendor_return,Faralda,none,
book_document_checklist,CHK-BOOKS-2381,OBJ-000924,CHK-BOOKS-2381,Waterbreathing,Spell Tome: Waterbreathing,book_document,spell_tome_title,Books,Main-route prototype block,main_route,base_game,spell_tome,3,"College of Winterhold: Purchase from Tolfdir at the College of Winterhold. Source note: Can be purchased from: Tolfdir, Wylandriah.",spell_tome_source,selected_vendor_source,College of Winterhold,College of Winterhold,Buy during the relevant College/service block if vendor-sourced; otherwise pair with parent quest/location.,Y,mapped_objective,1,Y,Y,N,Y,N,Y,N,N,N,book_document_checklist_covered,vendor_purchase_check_in_guide,complete_or_all_perks_vendor_return,Tolfdir,none,
book_document_checklist,CHK-BOOKS-2382,OBJ-001007,CHK-BOOKS-2382,Whirlwind Cloak,Spell Tome: Whirlwind Cloak (DB),book_document,spell_tome_title,Books,Main-route prototype block,main_route,dragonborn,spell_tome,1,Tel Mithryn: Purchase from Talvas Fathryon at Tel Mithryn. Source note: Can be purchased from Talvas Fathryon after completing the quest Wind and Sand.,spell_tome_source,selected_vendor_source,Tel Mithryn,Tel Mithryn,Buy during the relevant College/service block if vendor-sourced; otherwise pair with parent quest/location.,Y,mapped_objective,2,Y,Y,N,Y,N,Y,N,N,N,book_document_checklist_covered,held_for_later | vendor_purchase_check_in_guide,complete_or_all_perks_vendor_return | held_for_wind_and_sand_completion,"Talvas Fathryon | Tel Mithryn, Nchardak, And Kagrumez",none,
book_document_checklist,CHK-BOOKS-2383,OBJ-001062,CHK-BOOKS-2383,Bane of the Undead,Spell Tome: Bane of the Undead,book_document,spell_tome_title,Books,Main-route prototype block,main_route,base_game,spell_tome,1,Restoration Ritual Spell: Reward for quest Restoration Ritual Spell.,spell_tome_source,selected_fixed_or_scripted_source,Restoration Ritual Spell,Restoration Ritual Spell,Buy during the relevant College/service block if vendor-sourced; otherwise pair with parent quest/location.,Y,mapped_objective,2,Y,Y,N,Y,N,Y,N,N,N,book_document_checklist_covered,master_spell_reward_or_vendor_completed | staged_for_all_perks_loop,complete_after_ritual_reward_or_vendor_purchase | staged_for_skill_gate,All-Perks Loop | All-perks master ritual gate,none,
book_document_checklist,CHK-BOOKS-2384,OBJ-000940,CHK-BOOKS-2384,Conjure Boneman,Spell Tome: Conjure Boneman (DG),book_document,spell_tome_title,Books,Main-route prototype block,main_route,dawnguard,spell_tome,1,"Soul Cairn: Found in the Soul Cairn in the center of the encircling pathways southwest of Jiub's Opus, Page 9.",spell_tome_source,selected_fixed_or_scripted_source,Soul Cairn,Soul Cairn,Take and read during the Dawnguard Worldspaces Soul Cairn sweep.,Y,exact_checklist,1,Y,Y,N,Y,N,N,N,N,N,book_document_checklist_covered,placed_in_guide,complete,Dawnguard Worldspaces,none,
book_document_checklist,CHK-BOOKS-2385,OBJ-000960,CHK-BOOKS-2385,Conjure Mistman,Spell Tome: Conjure Mistman (DG),book_document,spell_tome_title,Books,Main-route prototype block,main_route,dawnguard,spell_tome,1,"Soul Cairn: Found in the Soul Cairn next to Jiub's Opus, Page 7.",spell_tome_source,selected_fixed_or_scripted_source,Soul Cairn,Soul Cairn,Take and read during the Dawnguard Worldspaces Soul Cairn sweep.,Y,exact_checklist,1,Y,Y,N,Y,N,N,N,N,N,book_document_checklist_covered,placed_in_guide,complete,Dawnguard Worldspaces,none,
book_document_checklist,CHK-BOOKS-2386,OBJ-000975,CHK-BOOKS-2386,Conjure Wrathman,Spell Tome: Conjure Wrathman (DG),book_document,spell_tome_title,Books,Main-route prototype block,main_route,dawnguard,spell_tome,1,"Soul Cairn: Found in the Soul Cairn in a building due south of Jiub's Opus, Page 5.",spell_tome_source,selected_fixed_or_scripted_source,Soul Cairn,Soul Cairn,Take and read during the Dawnguard Worldspaces Soul Cairn sweep.,Y,exact_checklist,1,Y,Y,N,Y,N,N,N,N,N,book_document_checklist_covered,placed_in_guide,complete,Dawnguard Worldspaces,none,
book_document_checklist,CHK-BOOKS-2387,OBJ-000929,CHK-BOOKS-2387,Dragonhide,Spell Tome: Dragonhide,book_document,spell_tome_title,Books,Main-route prototype block,main_route,base_game,spell_tome,1,Alteration Ritual Spell: Reward for quest Alteration Ritual Spell.,spell_tome_source,selected_fixed_or_scripted_source,Alteration Ritual Spell,Alteration Ritual Spell,Buy during the relevant College/service block if vendor-sourced; otherwise pair with parent quest/location.,Y,mapped_objective,2,Y,Y,N,Y,N,Y,N,N,N,book_document_checklist_covered,master_spell_reward_or_vendor_completed | staged_for_all_perks_loop,complete_after_ritual_reward_or_vendor_purchase | staged_for_skill_gate,All-Perks Loop | All-perks master ritual gate,none,
book_document_checklist,CHK-BOOKS-2388,OBJ-000931,CHK-BOOKS-2388,Equilibrium,Spell Tome: Equilibrium,book_document,spell_tome_title,Books,Main-route prototype block,main_route,base_game,spell_tome,1,Labyrinthian Chasm: Can be found in Labyrinthian Chasm.,spell_tome_source,selected_fixed_or_scripted_source,Labyrinthian Chasm,Labyrinthian Chasm,Take and read during the Labyrinthian Staff of Magnus route.,Y,exact_checklist,1,Y,Y,N,Y,N,N,N,N,N,book_document_checklist_covered,placed_in_guide,complete,Labyrinthian And The Eye Of Magnus,none,
book_document_checklist,CHK-BOOKS-2389,OBJ-001021,CHK-BOOKS-2389,Fire Storm,Spell Tome: Fire Storm,book_document,spell_tome_title,Books,Main-route prototype block,main_route,base_game,spell_tome,1,Destruction Ritual Spell: Reward for quest Destruction Ritual Spell.,spell_tome_source,selected_fixed_or_scripted_source,Destruction Ritual Spell,Destruction Ritual Spell,Buy during the relevant College/service block if vendor-sourced; otherwise pair with parent quest/location.,Y,mapped_objective,2,Y,Y,N,Y,N,Y,N,N,N,book_document_checklist_covered,master_spell_reward_or_vendor_completed | staged_for_all_perks_loop,complete_after_ritual_reward_or_vendor_purchase | staged_for_skill_gate,All-Perks Loop | All-perks master ritual gate,none,
book_document_checklist,CHK-BOOKS-2390,OBJ-000945,CHK-BOOKS-2390,Flaming Familiar,Spell Tome: Flaming Familiar,book_document,spell_tome_title,Books,Main-route prototype block,main_route,base_game,spell_tome,1,A Scroll For Anska: Reward for quest A Scroll For Anska.,spell_tome_source,selected_fixed_or_scripted_source,A Scroll For Anska,A Scroll For Anska,Buy during the relevant College/service block if vendor-sourced; otherwise pair with parent quest/location.,Y,exact_checklist,1,Y,Y,N,Y,N,N,N,N,N,book_document_checklist_covered,placed_in_guide,complete,"Dawnstar, Pale Blade, And Heljarchen",none,
book_document_checklist,CHK-BOOKS-2391,OBJ-001039,CHK-BOOKS-2391,Hysteria,Spell Tome: Hysteria,book_document,spell_tome_title,Books,Main-route prototype block,main_route,base_game,spell_tome,1,Illusion Ritual Spell: Reward for quest Illusion Ritual Spell.,spell_tome_source,selected_fixed_or_scripted_source,Illusion Ritual Spell,Illusion Ritual Spell,Buy during the relevant College/service block if vendor-sourced; otherwise pair with parent quest/location.,Y,mapped_objective,2,Y,Y,N,Y,N,Y,N,N,N,book_document_checklist_covered,master_spell_reward_or_vendor_completed | staged_for_all_perks_loop,complete_after_ritual_reward_or_vendor_purchase | staged_for_skill_gate,All-Perks Loop | All-perks master ritual gate,none,
book_document_checklist,CHK-BOOKS-2392,OBJ-001085,CHK-BOOKS-2392,Adonato's Book,Adonato's Book,book_document,quest_book_title,Books,Main-route prototype block,main_route,base_game,quest_book,1,,,,,,,Y,exact_checklist,1,Y,N,N,Y,N,N,N,N,N,book_document_checklist_covered,placed_in_guide,complete,Windhelm Murder Investigation And White Phial,none,
book_document_checklist,CHK-BOOKS-2393,OBJ-001099,CHK-BOOKS-2393,"Arondil's Journal, Part 1","Arondil's Journal, Part 1",book_document,quest_book_title,Books,Main-route prototype block,main_route,base_game,quest_book,1,,,,,,,Y,exact_checklist,1,Y,N,N,Y,N,N,N,N,N,book_document_checklist_covered,placed_in_guide,complete,"Dawnstar, Pale Blade, And Heljarchen",none,
book_document_checklist,CHK-BOOKS-2394,OBJ-001100,CHK-BOOKS-2394,"Arondil's Journal, Part 2","Arondil's Journal, Part 2",book_document,quest_book_title,Books,Main-route prototype block,main_route,base_game,quest_book,1,,,,,,,Y,exact_checklist,1,Y,N,N,Y,N,N,N,N,N,book_document_checklist_covered,placed_in_guide,complete,"Dawnstar, Pale Blade, And Heljarchen",none,
book_document_checklist,CHK-BOOKS-2395,OBJ-001101,CHK-BOOKS-2395,"Arondil's Journal, Part 3","Arondil's Journal, Part 3",book_document,quest_book_title,Books,Main-route prototype block,main_route,base_game,quest_book,1,,,,,,,Y,exact_checklist,1,Y,N,N,Y,N,N,N,N,N,book_document_checklist_covered,placed_in_guide,complete,"Dawnstar, Pale Blade, And Heljarchen",none,
book_document_checklist,CHK-BOOKS-2396,OBJ-001102,CHK-BOOKS-2396,"Arondil's Journal, Part 4","Arondil's Journal, Part 4",book_document,quest_book_title,Books,Main-route prototype block,main_route,base_game,quest_book,1,,,,,,,Y,exact_checklist,1,Y,N,N,Y,N,N,N,N,N,book_document_checklist_covered,placed_in_guide,complete,"Dawnstar, Pale Blade, And Heljarchen",none,
book_document_checklist,CHK-BOOKS-2397,OBJ-001065,CHK-BOOKS-2397,Epistolary Acumen,Black Book: Epistolary Acumen (DB),book_document,black_book_title,Books,Main-route prototype block,main_route,dragonborn,black_book,1,"Nchardak: Nchardak, recovered during The Path of Knowledge.",,,,,,Y,exact_checklist,1,Y,Y,N,Y,Y,N,N,N,N,book_document_checklist_covered,placed_in_guide,complete,"Tel Mithryn, Nchardak, And Kagrumez",none,
book_document_checklist,CHK-BOOKS-2398,OBJ-001069,CHK-BOOKS-2398,Filament and Filigree,Black Book: Filament and Filigree (DB),book_document,black_book_title,Books,Main-route prototype block,main_route,dragonborn,black_book,1,Kolbjorn Barrow: Kolbjorn Barrow.,,,,,,Y,exact_checklist,1,Y,Y,N,Y,N,N,N,N,N,book_document_checklist_covered,placed_in_guide,complete,Kolbjorn Excavation And Raven Rock West,none,
book_document_checklist,CHK-BOOKS-2399,OBJ-001070,CHK-BOOKS-2399,The Hidden Twilight,Black Book: The Hidden Twilight (DB),book_document,black_book_title,Books,Main-route prototype block,main_route,dragonborn,black_book,1,Tel Mithryn Staff Enchanter Room: Tel Mithryn Staff Enchanter Room.,,,,,,Y,exact_checklist,1,Y,Y,N,Y,N,N,N,N,N,book_document_checklist_covered,placed_in_guide,complete,"Tel Mithryn, Nchardak, And Kagrumez",none,
book_document_checklist,CHK-BOOKS-2400,OBJ-001068,CHK-BOOKS-2400,The Sallow Regent,Black Book: The Sallow Regent (DB),book_document,black_book_title,Books,Main-route prototype block,main_route,dragonborn,black_book,1,White Ridge Barrow: White Ridge Barrow.,,,,,,Y,exact_checklist,2,Y,Y,N,Y,N,N,N,N,N,book_document_checklist_covered,held_for_later | placed_in_guide,complete | held_for_lost_knowledge_white_ridge,"Miraak Finale, Lost Knowledge, And Last Black Books | Tel Mithryn, Nchardak, And Kagrumez",none,
book_document_checklist,CHK-BOOKS-2401,OBJ-001067,CHK-BOOKS-2401,The Winds of Change,Black Book: The Winds of Change (DB),book_document,black_book_title,Books,Main-route prototype block,main_route,dragonborn,black_book,1,Raven Rock Mine: Raven Rock Mine.,,,,,,Y,exact_checklist,1,Y,Y,N,Y,N,N,N,N,N,book_document_checklist_covered,placed_in_guide,complete,"Solstheim Entry, Raven Rock Core, And Frostmoon Rings",none,
book_document_checklist,CHK-BOOKS-2402,OBJ-001066,CHK-BOOKS-2402,Untold Legends,Black Book: Untold Legends (DB),book_document,black_book_title,Books,Main-route prototype block,main_route,dragonborn,black_book,1,Benkongerike Great Hall: Benkongerike Great Hall.,,,,,,Y,exact_checklist,2,Y,Y,N,Y,N,N,N,N,N,book_document_checklist_covered,held_for_later | placed_in_guide,complete | held_for_lost_knowledge_tel_mithryn_route,"Miraak Finale, Lost Knowledge, And Last Black Books | Temple Of Miraak, Skaal, And Stalhrim",none,
book_document_checklist,CHK-BOOKS-2403,OBJ-001064,CHK-BOOKS-2403,Waking Dreams,Black Book: Waking Dreams (DB),book_document,black_book_title,Books,Main-route prototype block,main_route,dragonborn,black_book,1,Temple of Miraak: The Temple of Miraak.,,,,,,Y,exact_checklist,1,Y,Y,N,Y,N,N,N,N,N,book_document_checklist_covered,placed_in_guide,complete,"Temple Of Miraak, Skaal, And Stalhrim",none,
book_document_checklist,CHK-BOOKS-2404,OBJ-001082,CHK-BOOKS-2404,Elder Scroll (Blood),Elder Scroll (Blood),book_document,unique_book_title,Books,Main-route prototype block,main_route,dawnguard,unique_book,1,Soul Cairn: Recover from Valerica in the Soul Cairn during Beyond Death.,,,,,,Y,exact_checklist,1,Y,N,N,Y,N,N,N,N,N,book_document_checklist_covered,placed_in_guide,complete,Dawnguard Worldspaces,none,
book_document_checklist,CHK-BOOKS-2405,OBJ-001080,CHK-BOOKS-2405,Elder Scroll (Dragon),Elder Scroll (Dragon),book_document,unique_book_title,Books,Main-route prototype block,main_route,base_game,unique_book,2,Tower of Mzark: Retrieve from the Tower of Mzark in Blackreach with Septimus Signus helping during Discerning the Transmundane.,,,,,,Y,exact_checklist,3,Y,N,Y,Y,N,N,N,N,N,book_document_checklist_covered,audited_not_completed_here | placed_in_guide | used_in_guide,complete | complete_prior_row_preserved | staged_for_elder_knowledge_blackreach,Blades Research Blackreach And The Fallen | College Errands Arniel Septimus And Aetherium | Dawnguard Worldspaces,none,
book_document_checklist,CHK-BOOKS-2406,OBJ-001081,CHK-BOOKS-2406,Elder Scroll (Sun),Elder Scroll (Sun),book_document,unique_book_title,Books,Main-route prototype block,main_route,dawnguard,unique_book,1,Dimhollow Crypt: Originally carried by Serana when she is freed from Dimhollow Crypt during Awakening.,,,,,,Y,exact_checklist,2,Y,N,Y,Y,N,N,N,N,Y,book_document_checklist_covered,staged_in_guide | used_in_guide,complete_prior_row_preserved | in_serana_custody_for_dawnguard_chain,Dawnguard Fork And Volkihar Branch | Dawnguard Worldspaces,none,
book_document_checklist,CHK-BOOKS-2407,OBJ-001306,CHK-BOOKS-2407,Gratian's Journal,Gratian's Journal (DB),book_document,quest_book_title,Books,Main-route prototype block,main_route,dragonborn,quest_book,1,,,,,,,Y,exact_checklist,1,Y,Y,N,Y,N,N,N,N,N,book_document_checklist_covered,placed_in_guide,complete,"Solstheim Entry, Raven Rock Core, And Frostmoon Rings",none,
book_document_checklist,CHK-BOOKS-2408,OBJ-001163,CHK-BOOKS-2408,Imperial Missive,Imperial Missive,book_document,quest_book_title,Books,Main-route prototype block,main_route,base_game,quest_book,1,,,,,,,Y,exact_checklist,1,Y,N,N,Y,N,N,N,N,N,book_document_checklist_covered,placed_in_guide,complete,Whiterun Property Western Caves Gray-Mane Rescue And Onmund,none,
book_document_checklist,CHK-BOOKS-2409,OBJ-001182,CHK-BOOKS-2409,King Olaf's Verse,King Olaf's Verse,book_document,quest_book_title,Books,Main-route prototype block,main_route,base_game,quest_book,1,,,,,,,Y,exact_checklist,1,Y,N,N,Y,N,N,N,N,N,book_document_checklist_covered,placed_in_guide,complete,Bards College Lost Library And Instrument Roads,none,
book_document_checklist,CHK-BOOKS-2410,OBJ-001208,CHK-BOOKS-2410,Love Poem,Love Poem,book_document,quest_book_title,Books,Main-route prototype block,main_route,base_game,quest_book,1,,,,,,,Y,exact_checklist,1,Y,N,N,Y,N,N,N,N,N,book_document_checklist_covered,acquired_now,complete,Markarth Nchuand-Zel And Old Hroldan,none,
book_document_checklist,CHK-BOOKS-2411,OBJ-001322,CHK-BOOKS-2411,Lusty Argonian Maid Folio,Lusty Argonian Maid Folio (DB),book_document,quest_book_title,Books,Main-route prototype block,main_route,dragonborn,quest_book,1,,,,,,,Y,exact_checklist,1,Y,N,N,Y,N,N,N,N,N,book_document_checklist_covered,placed_in_guide,complete,Kolbjorn Excavation And Raven Rock West,none,
book_document_checklist,CHK-BOOKS-2412,OBJ-001209,CHK-BOOKS-2412,Lymdrenn Tenvanni's Journal,Lymdrenn Tenvanni's Journal,book_document,quest_book_title,Books,Main-route prototype block,main_route,base_game,quest_book,1,,,,,,,Y,mapped_objective,1,N,N,N,Y,N,N,N,N,N,book_document_checklist_covered,staged_name_match_needs_route_repair,needs_targeted_guide_repair,First Riften Visit And Guild Doorway,none,
book_document_checklist,CHK-BOOKS-2413,OBJ-001216,CHK-BOOKS-2413,Master Illusion Text,Master Illusion Text,book_document,quest_book_title,Books,Main-route prototype block,main_route,base_game,quest_book,1,UESP member page lists this as a quest-related book/document but does not list a fixed acquisition location; exact acquisition context deferred.,,,,,,Y,mapped_objective,2,Y,N,N,Y,N,Y,N,N,N,book_document_checklist_covered,illusion_ritual_text_collected | staged_for_all_perks_loop,complete_during_illusion_ritual | staged_for_skill_gate,All-Perks Loop | All-perks master ritual gate,none,
book_document_checklist,CHK-BOOKS-2414,OBJ-001216,CHK-BOOKS-2414,Master Illusion Text,Master Illusion Text,book_document,quest_book_title,Books,Main-route prototype block,main_route,base_game,quest_book,1,UESP member page lists this as a quest-related book/document but does not list a fixed acquisition location; exact acquisition context deferred.,,,,,,Y,mapped_objective,2,Y,N,N,Y,N,Y,N,N,N,book_document_checklist_covered,illusion_ritual_text_collected | staged_for_all_perks_loop,complete_during_illusion_ritual | staged_for_skill_gate,All-Perks Loop | All-perks master ritual gate,none,
book_document_checklist,CHK-BOOKS-2415,OBJ-001216,CHK-BOOKS-2415,Master Illusion Text,Master Illusion Text,book_document,quest_book_title,Books,Main-route prototype block,main_route,base_game,quest_book,1,UESP member page lists this as a quest-related book/document but does not list a fixed acquisition location; exact acquisition context deferred.,,,,,,Y,mapped_objective,2,Y,N,N,Y,N,Y,N,N,N,book_document_checklist_covered,illusion_ritual_text_collected | staged_for_all_perks_loop,complete_during_illusion_ritual | staged_for_skill_gate,All-Perks Loop | All-perks master ritual gate,none,
book_document_checklist,CHK-BOOKS-2416,OBJ-001216,CHK-BOOKS-2416,Master Illusion Text,Master Illusion Text,book_document,quest_book_title,Books,Main-route prototype block,main_route,base_game,quest_book,1,UESP member page lists this as a quest-related book/document but does not list a fixed acquisition location; exact acquisition context deferred.,,,,,,Y,mapped_objective,2,Y,N,N,Y,N,Y,N,N,N,book_document_checklist_covered,illusion_ritual_text_collected | staged_for_all_perks_loop,complete_during_illusion_ritual | staged_for_skill_gate,All-Perks Loop | All-perks master ritual gate,none,
book_document_checklist,CHK-BOOKS-2417,OBJ-001226,CHK-BOOKS-2417,Night of Tears,Night of Tears,book_document,quest_book_title,Books,Main-route prototype block,main_route,base_game,quest_book,1,,,,,,,Y,exact_checklist,1,Y,N,N,Y,N,N,N,N,N,book_document_checklist_covered,placed_in_guide,complete,Fellglow Keep And Good Intentions,none,
book_document_checklist,CHK-BOOKS-2418,OBJ-001326,CHK-BOOKS-2418,On Apocrypha: Boneless Limbs,On Apocrypha: Boneless Limbs (DB),book_document,quest_book_title,Books,Main-route prototype block,main_route,dragonborn,quest_book,1,,,,,,,Y,exact_checklist,1,Y,Y,N,Y,N,N,N,N,N,book_document_checklist_covered,placed_in_guide,complete,"Miraak Finale, Lost Knowledge, And Last Black Books",none,
book_document_checklist,CHK-BOOKS-2419,OBJ-001327,CHK-BOOKS-2419,On Apocrypha: Delving Pincers,On Apocrypha: Delving Pincers (DB),book_document,quest_book_title,Books,Main-route prototype block,main_route,dragonborn,quest_book,1,,,,,,,Y,exact_checklist,1,Y,Y,N,Y,N,N,N,N,N,book_document_checklist_covered,placed_in_guide,complete,"Miraak Finale, Lost Knowledge, And Last Black Books",none,
book_document_checklist,CHK-BOOKS-2420,OBJ-001328,CHK-BOOKS-2420,On Apocrypha: Gnashing Blades,On Apocrypha: Gnashing Blades (DB),book_document,quest_book_title,Books,Main-route prototype block,main_route,dragonborn,quest_book,1,,,,,,,Y,exact_checklist,1,Y,Y,N,Y,N,N,N,N,N,book_document_checklist_covered,placed_in_guide,complete,"Miraak Finale, Lost Knowledge, And Last Black Books",none,
book_document_checklist,CHK-BOOKS-2421,OBJ-001329,CHK-BOOKS-2421,On Apocrypha: Prying Orbs,On Apocrypha: Prying Orbs (DB),book_document,quest_book_title,Books,Main-route prototype block,main_route,dragonborn,quest_book,1,,,,,,,Y,exact_checklist,1,Y,Y,N,Y,N,N,N,N,N,book_document_checklist_covered,placed_in_guide,complete,"Miraak Finale, Lost Knowledge, And Last Black Books",none,
book_document_checklist,CHK-BOOKS-2422,OBJ-001256,CHK-BOOKS-2422,Runil's Journal,Runil's Journal,book_document,quest_book_title,Books,Main-route prototype block,main_route,base_game,quest_book,10,,,,,,,Y,exact_checklist,1,N,N,N,Y,N,N,N,N,N,book_document_checklist_covered,audited_not_started_here,staged_for_later_isolated_random_assignment,Bards College Lost Library And Instrument Roads,none,
book_document_checklist,CHK-BOOKS-2423,OBJ-000128,CHK-BOOKS-2423,Shalidor's Insights,Shalidor's Insights,radiant,college_repeatable,Books,Main-route prototype block,main_route,base_game,,0,,,,,,,Y,exact_checklist,1,N,N,N,Y,N,N,N,N,N,book_document_checklist_covered,audited_not_started_here,staged_for_late_random_radiant_control,College Errands Arniel Septimus And Aetherium,none,
book_document_checklist,CHK-BOOKS-2424,OBJ-001271,CHK-BOOKS-2424,Suvaris Atheron's Logbook,Suvaris Atheron's Logbook,book_document,quest_book_title,Books,Main-route prototype block,main_route,base_game,quest_book,1,,,,,,,Y,exact_checklist,1,N,N,N,Y,N,N,N,N,N,book_document_checklist_covered,audited_not_routed_here,staged_for_rise_in_the_east_bundle,First Brotherhood Contracts And Muiri's Revenge,none,
book_document_checklist,CHK-BOOKS-2425,OBJ-001071,CHK-BOOKS-2425,"Unknown Book, Vol. I","Unknown Book, Vol. I",book_document,quest_book_title,Books,Main-route prototype block,main_route,dawnguard,quest_book,1,"Forgotten Vale: Forgotten Vale, among ruins between the Wayshrine of Learning and Wayshrine of Sight, next to a chest held by a skeleton.",,,,,,Y,exact_checklist,1,Y,Y,N,Y,N,N,N,N,N,book_document_checklist_covered,placed_in_guide,complete,Dawnguard Worldspaces,none,
book_document_checklist,CHK-BOOKS-2426,OBJ-001072,CHK-BOOKS-2426,"Unknown Book, Vol. II","Unknown Book, Vol. II",book_document,quest_book_title,Books,Main-route prototype block,main_route,dawnguard,quest_book,1,"Forgotten Vale Overlook: Forgotten Vale Overlook, reached by using the Emerald Paragon at the Paragon Platform; near a chest by the waterfall.",,,,,,Y,exact_checklist,1,Y,N,N,Y,N,N,N,N,N,book_document_checklist_covered,placed_in_guide,complete,Dawnguard Worldspaces,none,
book_document_checklist,CHK-BOOKS-2427,OBJ-001073,CHK-BOOKS-2427,"Unknown Book, Vol. III","Unknown Book, Vol. III",book_document,quest_book_title,Books,Main-route prototype block,main_route,dawnguard,quest_book,1,"Forgotten Vale near Glacial Crevice: Forgotten Vale south near Glacial Crevice, inside an eastern lone Falmer tent on a table.",,,,,,Y,exact_checklist,1,Y,N,N,Y,N,N,N,N,N,book_document_checklist_covered,placed_in_guide,complete,Dawnguard Worldspaces,none,
book_document_checklist,CHK-BOOKS-2428,OBJ-001074,CHK-BOOKS-2428,"Unknown Book, Vol. IV","Unknown Book, Vol. IV",book_document,quest_book_title,Books,Main-route prototype block,main_route,dawnguard,quest_book,1,"Forgotten Vale Falmer village: Forgotten Vale, inside the Falmer chieftain's hut before the tunnel to the Shrine of Radiance.",,,,,,Y,exact_checklist,1,Y,N,N,Y,N,N,N,N,N,book_document_checklist_covered,placed_in_guide,complete,Dawnguard Worldspaces,none,
book_document_checklist,CHK-BOOKS-2429,OBJ-001083,CHK-BOOKS-2429,Wind and Sand,Wind and Sand (DB),book_document,quest_book_title,Books,Main-route prototype block,main_route,dragonborn,quest_book,1,"Radiant dungeon target: Radiant location selected from Dragon lair, dragon priest lair, draugr crypt, Falmer hive, Forsworn camp, hagraven nest, vampire lair, or warlock lair.",,,,,,Y,exact_checklist,1,Y,N,N,Y,N,N,N,N,N,book_document_checklist_covered,held_for_later,held_for_wind_and_sand_radiant,"Tel Mithryn, Nchardak, And Kagrumez",none,
book_document_checklist,CHK-BOOKS-2430,OBJ-001298,CHK-BOOKS-2430,Wyndelius's Journal,Wyndelius's Journal,book_document,quest_book_title,Books,Main-route prototype block,main_route,base_game,quest_book,1,,,,,,,Y,mapped_objective,1,Y,N,N,Y,N,N,N,N,N,book_document_checklist_covered,acquired_and_delivered_now,complete,Southern Warm Corridor,none,
book_document_checklist,CHK-BOOKS-2431,OBJ-001337,CHK-BOOKS-2431,Adonato Leotelli's Journal,Adonato Leotelli's Journal (AE),book_document,ae_book_title,Books,Main-route prototype block,main_route,ae_creation,ae_book,1,,,,,,,Y,exact_checklist,2,Y,N,N,Y,N,N,N,N,N,book_document_checklist_covered,not_acquired_here | placed_in_guide,complete | staged_for_cronvangr_the_contest_bundle,Windhelm Follow-Up And Eastmarch Roads | Windhelm Murder Investigation And White Phial,none,
book_document_checklist,CHK-BOOKS-2432,OBJ-001338,CHK-BOOKS-2432,Aesrael's Journal,Aesrael's Journal (AE),book_document,ae_book_title,Books,Main-route prototype block,main_route,ae_creation,ae_book,1,,,,,,,Y,exact_checklist,1,Y,N,N,Y,N,N,N,N,N,book_document_checklist_covered,audited_same_building_not_acquired,staged_for_later_sunderstone_bundle,Hircine And Bloated Man's Grotto,none,
book_document_checklist,CHK-BOOKS-2433,OBJ-000626,CHK-BOOKS-2433,Anora's Journal,Anora's Journal (AE),quest,ae_creation_quest,Books,Main-route prototype block,main_route,ae_creation,,0,,,,,,,Y,exact_checklist,1,Y,N,N,N,N,N,N,N,N,book_document_checklist_covered,placed_in_guide,complete,High Hrothgar Ustengrav Morthal And The Embassy,none,
book_document_checklist,CHK-BOOKS-2434,OBJ-000647,CHK-BOOKS-2434,Arkay the Enemy,Arkay the Enemy (AE),quest,ae_creation_quest,Books,Main-route prototype block,main_route,ae_creation,,0,,,,,,,Y,exact_checklist,1,Y,N,N,N,N,N,N,N,N,book_document_checklist_covered,placed_in_guide,complete,Whiterun Property Western Caves Gray-Mane Rescue And Onmund,none,
book_document_checklist,CHK-BOOKS-2435,OBJ-001345,CHK-BOOKS-2435,Assassin's Journal,Assassin's Journal (AE),book_document,ae_book_title,Books,Main-route prototype block,main_route,ae_creation,ae_book,1,,,,,,,Y,mapped_objective,1,Y,Y,N,Y,Y,N,Y,Y,N,book_document_checklist_route_resolution_recorded,needs_route_resolution_added,NEEDS ROUTE RESOLUTION,Final Reconciliation open route-resolution items,none_existing_route_resolution,
book_document_checklist,CHK-BOOKS-2436,OBJ-001348,CHK-BOOKS-2436,Azarain's Journal,Azarain's Journal (AE),book_document,ae_book_title,Books,Main-route prototype block,main_route,ae_creation,ae_book,1,,,,,,,Y,exact_checklist,1,Y,N,N,Y,N,N,N,N,N,book_document_checklist_covered,placed_in_guide,complete,"Dawnstar, Pale Blade, And Heljarchen",none,
book_document_checklist,CHK-BOOKS-2437,OBJ-001352,CHK-BOOKS-2437,Bjormund's Diary,Bjormund's Diary (AE),book_document,ae_book_title,Books,Main-route prototype block,main_route,ae_creation,ae_book,1,,,,,,,Y,exact_checklist,1,Y,Y,N,Y,N,N,N,N,N,book_document_checklist_covered,placed_in_guide,complete,High-Risk AE Routes and Separate Worldspaces,none,
book_document_checklist,CHK-BOOKS-2438,OBJ-000524,CHK-BOOKS-2438,The Blessings of Sheogorath,The Blessings of Sheogorath (AE),ae_creation,ae_creation_package,Books,Main-route prototype block,main_route,ae_creation,,0,,,,,,,Y,exact_checklist,1,Y,Y,N,N,N,N,N,N,N,book_document_checklist_covered,placed_in_guide,complete_or_save_dependent,"Saints, Seducers, and Atronach Forge Tomes",none,
book_document_checklist,CHK-BOOKS-2439,OBJ-001353,CHK-BOOKS-2439,Blue God's Journal,Blue God's Journal (AE),book_document,ae_book_title,Books,Main-route prototype block,main_route,ae_creation,ae_book,1,,,,,,,Y,exact_checklist,1,Y,Y,N,Y,N,N,N,N,N,book_document_checklist_covered,book_document_read,complete,Homes Household Services Pets And Mounts,none,
book_document_checklist,CHK-BOOKS-2440,OBJ-001372,CHK-BOOKS-2440,Brutius's Journal,Brutius's Journal (AE),book_document,ae_book_title,Books,Main-route prototype block,main_route,ae_creation,ae_book,1,,,,,,,Y,mapped_objective,1,Y,Y,N,Y,Y,N,Y,Y,N,book_document_checklist_route_resolution_recorded,needs_route_resolution_added,NEEDS ROUTE RESOLUTION,Final Reconciliation open route-resolution items,none_existing_route_resolution,
book_document_checklist,CHK-BOOKS-2441,OBJ-001373,CHK-BOOKS-2441,Business Ledger Copy,Business Ledger Copy (AE),book_document,ae_book_title,Books,Main-route prototype block,main_route,ae_creation,ae_book,1,,,,,,,Y,mapped_objective,1,Y,N,N,Y,N,N,N,N,N,book_document_checklist_covered,held_for_later_ae_route,staged_for_later_ae_route,First Day In Whiterun,none,
book_document_checklist,CHK-BOOKS-2442,OBJ-001374,CHK-BOOKS-2442,Captains Journal,Captains Journal (AE),book_document,ae_book_title,Books,Main-route prototype block,main_route,ae_creation,ae_book,1,,,,,,,Y,exact_checklist,1,Y,Y,N,Y,N,N,N,N,N,book_document_checklist_covered,book_document_acquired,complete,Homes Household Services Pets And Mounts,none,
book_document_checklist,CHK-BOOKS-2443,OBJ-001379,CHK-BOOKS-2443,Crafting with Netch Leather,Crafting with Netch Leather (AE),book_document,ae_book_title,Books,Main-route prototype block,main_route,ae_creation,ae_book,1,UESP Creation Club Books member page lists this as AE quest/action-related but does not list a fixed acquisition location; exact acquisition context deferred.,,,,,,Y,exact_checklist,2,Y,Y,N,N,N,N,N,N,N,book_document_checklist_covered,placed_in_guide | retrospectively_moved_earlier,complete,"Tel Mithryn, Nchardak, And Kagrumez | Tel Mithryn, Nchardak, and Kagrumez",none,
book_document_checklist,CHK-BOOKS-2444,OBJ-000559,CHK-BOOKS-2444,"The Crimson Dirks, v1","The Crimson Dirks, v1 (AE)",quest,ae_creation_quest,Books,Main-route prototype block,main_route,ae_creation,,0,,,,,,,N,mapped_objective,1,Y,N,N,N,N,N,Y,N,N,book_document_checklist_route_resolution_recorded,needs_route_resolution_added,NEEDS ROUTE RESOLUTION,Final Reconciliation open route-resolution items,none_existing_route_resolution,
book_document_checklist,CHK-BOOKS-2445,OBJ-001520,CHK-BOOKS-2445,"The Crimson Dirks, v2","The Crimson Dirks, v2 (AE)",book_document,ae_book_title,Books,Main-route prototype block,main_route,ae_creation,ae_book,1,,,,,,,Y,mapped_objective,1,Y,Y,N,Y,Y,N,Y,Y,N,book_document_checklist_route_resolution_recorded,needs_route_resolution_added,NEEDS ROUTE RESOLUTION,Final Reconciliation open route-resolution items,none_existing_route_resolution,
book_document_checklist,CHK-BOOKS-2446,OBJ-001521,CHK-BOOKS-2446,"The Crimson Dirks, v3","The Crimson Dirks, v3 (AE)",book_document,ae_book_title,Books,Main-route prototype block,main_route,ae_creation,ae_book,1,,,,,,,Y,mapped_objective,1,Y,Y,N,Y,Y,N,Y,Y,N,book_document_checklist_route_resolution_recorded,needs_route_resolution_added,NEEDS ROUTE RESOLUTION,Final Reconciliation open route-resolution items,none_existing_route_resolution,
book_document_checklist,CHK-BOOKS-2447,OBJ-001522,CHK-BOOKS-2447,"The Crimson Dirks, v4","The Crimson Dirks, v4 (AE)",book_document,ae_book_title,Books,Main-route prototype block,main_route,ae_creation,ae_book,1,,,,,,,Y,exact_checklist,2,Y,N,N,Y,N,N,N,N,N,book_document_checklist_covered,not_acquired_here | placed_in_guide,complete | staged_for_yorgrim_dragonscale_bundle,Windhelm Follow-Up And Eastmarch Roads | Windhelm Murder Investigation And White Phial,none,
book_document_checklist,CHK-BOOKS-2448,OBJ-001523,CHK-BOOKS-2448,"The Crimson Dirks, v5","The Crimson Dirks, v5 (AE)",book_document,ae_book_title,Books,Main-route prototype block,main_route,ae_creation,ae_book,1,,,,,,,Y,mapped_objective,1,Y,Y,N,Y,Y,N,Y,Y,N,book_document_checklist_route_resolution_recorded,needs_route_resolution_added,NEEDS ROUTE RESOLUTION,Final Reconciliation open route-resolution items,none_existing_route_resolution,
book_document_checklist,CHK-BOOKS-2449,OBJ-001524,CHK-BOOKS-2449,"The Crimson Dirks, v6","The Crimson Dirks, v6 (AE)",book_document,ae_book_title,Books,Main-route prototype block,main_route,ae_creation,ae_book,1,UESP Creation Club Books member page lists this as AE quest/action-related but does not list a fixed acquisition location; exact acquisition context deferred.,,,,,,Y,mapped_objective,1,Y,Y,N,N,Y,N,Y,Y,N,book_document_checklist_route_resolution_recorded,needs_route_resolution_added,NEEDS ROUTE RESOLUTION,Final Reconciliation open route-resolution items,none_existing_route_resolution,
book_document_checklist,CHK-BOOKS-2450,OBJ-001525,CHK-BOOKS-2450,"The Crimson Dirks, v7","The Crimson Dirks, v7 (AE)",book_document,ae_book_title,Books,Main-route prototype block,main_route,ae_creation,ae_book,1,,,,,,,Y,exact_checklist,1,Y,N,N,Y,N,N,N,N,N,book_document_checklist_covered,audited_not_acquired_here,staged_for_later_sunderstone_bundle,Hircine And Bloated Man's Grotto,none,
book_document_checklist,CHK-BOOKS-2451,OBJ-000557,CHK-BOOKS-2451,"The Crimson Dirks, v8","The Crimson Dirks, v8 (AE)",quest,ae_creation_quest,Books,Main-route prototype block,main_route,ae_creation,,0,,,,,,,Y,exact_checklist,1,N,N,N,Y,N,N,N,N,N,book_document_checklist_covered,conditional_if_falkreath_land_settled,conditional_complete_or_staged,Southern Warm Corridor,none,
book_document_checklist,CHK-BOOKS-2452,OBJ-000558,CHK-BOOKS-2452,"The Crimson Dirks, v9","The Crimson Dirks, v9 (AE)",quest,ae_creation_quest,Books,Main-route prototype block,main_route,ae_creation,,0,,,,,,,N,mapped_objective,1,Y,Y,N,N,N,N,Y,N,N,book_document_checklist_route_resolution_recorded,needs_route_resolution_added,NEEDS ROUTE RESOLUTION,Final Reconciliation open route-resolution items,none_existing_route_resolution,
book_document_checklist,CHK-BOOKS-2453,OBJ-000646,CHK-BOOKS-2453,Crypt of the Heart - Draft,Crypt of the Heart - Draft (AE),quest,ae_creation_quest,Books,Main-route prototype block,main_route,ae_creation,,0,,,,,,,Y,exact_checklist,1,N,N,N,Y,N,N,N,N,Y,book_document_checklist_covered,audited_not_started_here,staged_for_spell_knight_branch_and_ingredient_policy,Karthspire Sky Haven And Dragonbane,none,
book_document_checklist,CHK-BOOKS-2454,OBJ-001380,CHK-BOOKS-2454,Cuinanthil's Journal,Cuinanthil's Journal (AE),book_document,ae_book_title,Books,Main-route prototype block,main_route,ae_creation,ae_book,1,UESP Creation Club Books member page lists this as AE quest/action-related but does not list a fixed acquisition location; exact acquisition context deferred.,,,,,,Y,exact_checklist,1,Y,Y,N,N,N,N,N,N,N,book_document_checklist_covered,placed_in_guide,complete,"Bittercup, The Pit, And Fortunate Son",none,
book_document_checklist,CHK-BOOKS-2455,OBJ-001383,CHK-BOOKS-2455,Death of a Crimson Dirk,Death of a Crimson Dirk (AE),book_document,ae_book_title,Books,Main-route prototype block,main_route,ae_creation,ae_book,1,,,,,,,Y,mapped_objective,1,Y,N,N,Y,N,N,N,N,N,book_document_checklist_covered,held_for_later_ae_route,staged_for_later_ae_route,First Day In Whiterun,none,
book_document_checklist,CHK-BOOKS-2456,OBJ-000611,CHK-BOOKS-2456,Dwarven Crown Control,Dwarven Crown Control (AE),quest,ae_creation_quest,Books,Main-route prototype block,main_route,ae_creation,,0,,,,,,,Y,exact_checklist,1,Y,N,N,N,N,N,N,N,N,book_document_checklist_covered,book_document_or_quest_support,complete,Homes Household Services Pets And Mounts,none,
book_document_checklist,CHK-BOOKS-2457,OBJ-001526,CHK-BOOKS-2457,The Ebon Arm,The Ebon Arm (AE),book_document,ae_book_title,Books,Main-route prototype block,main_route,ae_creation,ae_book,1,,,,,,,Y,exact_checklist,1,Y,N,N,Y,N,N,N,N,N,book_document_checklist_covered,placed_in_guide,complete,High-Risk AE Routes and Separate Worldspaces,none,
book_document_checklist,CHK-BOOKS-2458,OBJ-001386,CHK-BOOKS-2458,Ehlhiel's Journal,Ehlhiel's Journal (AE),book_document,ae_book_title,Books,Main-route prototype block,main_route,ae_creation,ae_book,1,UESP Creation Club Books member page lists this as AE quest/action-related but does not list a fixed acquisition location; exact acquisition context deferred.,,,,,,Y,mapped_objective,1,Y,Y,N,N,Y,N,Y,Y,N,book_document_checklist_route_resolution_recorded,needs_route_resolution_added,NEEDS ROUTE RESOLUTION,Final Reconciliation open route-resolution items,none_existing_route_resolution,
book_document_checklist,CHK-BOOKS-2459,OBJ-001387,CHK-BOOKS-2459,Elberon's Journal,Elberon's Journal (AE),book_document,ae_book_title,Books,Main-route prototype block,main_route,ae_creation,ae_book,1,,,,,,,Y,exact_checklist,1,Y,Y,N,Y,N,N,N,N,N,book_document_checklist_covered,book_document_read,complete,Homes Household Services Pets And Mounts,none,
book_document_checklist,CHK-BOOKS-2460,OBJ-001388,CHK-BOOKS-2460,Eranya's Journal,Eranya's Journal (AE),book_document,ae_book_title,Books,Main-route prototype block,main_route,ae_creation,ae_book,1,,,,,,,Y,mapped_objective,1,Y,Y,N,Y,Y,N,Y,Y,N,book_document_checklist_route_resolution_recorded,needs_route_resolution_added,NEEDS ROUTE RESOLUTION,Final Reconciliation open route-resolution items,none_existing_route_resolution,
book_document_checklist,CHK-BOOKS-2461,OBJ-001389,CHK-BOOKS-2461,Eranya's Notes on Sivdur's Tomb,Eranya's Notes on Sivdur's Tomb (AE),book_document,ae_book_title,Books,Main-route prototype block,main_route,ae_creation,ae_book,1,,,,,,,Y,mapped_objective,1,Y,Y,N,Y,Y,N,Y,Y,N,book_document_checklist_route_resolution_recorded,needs_route_resolution_added,NEEDS ROUTE RESOLUTION,Final Reconciliation open route-resolution items,none_existing_route_resolution,
book_document_checklist,CHK-BOOKS-2462,OBJ-001390,CHK-BOOKS-2462,Eranya's Research Notes,Eranya's Research Notes (AE),book_document,ae_book_title,Books,Main-route prototype block,main_route,ae_creation,ae_book,1,,,,,,,Y,mapped_objective,2,N,Y,N,Y,N,N,N,N,N,book_document_checklist_covered,audited_not_started_here | same_desk_left_unopened,staged_for_goldbrand_route | staged_for_goldbrand_sivdur_route,"College Errands Arniel Septimus And Aetherium | Winterhold, College Entry, And Saarthal",none,
book_document_checklist,CHK-BOOKS-2463,OBJ-000572,CHK-BOOKS-2463,Ernanthil's Journal,Ernanthil's Journal (AE),quest,ae_creation_quest,Books,Main-route prototype block,main_route,ae_creation,,0,,,,,,,Y,exact_checklist,1,Y,N,N,N,N,N,N,N,N,book_document_checklist_covered,placed_in_guide,complete,"Bittercup, The Pit, And Fortunate Son",none,
book_document_checklist,CHK-BOOKS-2464,OBJ-000553,CHK-BOOKS-2464,Erwan's Journal,Erwan's Journal (AE),quest,ae_creation_quest,Books,Main-route prototype block,main_route,ae_creation,,0,,,,,,,N,mapped_objective,1,Y,N,N,N,N,N,Y,N,N,book_document_checklist_route_resolution_recorded,needs_route_resolution_added,NEEDS ROUTE RESOLUTION,Final Reconciliation open route-resolution items,none_existing_route_resolution,
book_document_checklist,CHK-BOOKS-2465,OBJ-001392,CHK-BOOKS-2465,Everthra's Journal,Everthra's Journal (AE),book_document,ae_book_title,Books,Main-route prototype block,main_route,ae_creation,ae_book,1,,,,,,,Y,mapped_objective,1,N,Y,N,Y,N,N,N,N,N,book_document_checklist_covered,placed_in_guide,complete,"Saints, Seducers, and Atronach Forge Tomes",none,
book_document_checklist,CHK-BOOKS-2466,OBJ-000651,CHK-BOOKS-2466,Excavation Leader's Journal,Excavation Leader's Journal (AE),quest,ae_creation_quest,Books,Main-route prototype block,main_route,ae_creation,,0,,,,,,,Y,exact_checklist,1,Y,Y,N,N,N,N,N,N,N,book_document_checklist_covered,placed_in_guide,complete,High-Risk AE Routes and Separate Worldspaces,none,
book_document_checklist,CHK-BOOKS-2467,OBJ-001394,CHK-BOOKS-2467,Fenrik's Journal,Fenrik's Journal (AE),book_document,ae_book_title,Books,Main-route prototype block,main_route,ae_creation,ae_book,1,,,,,,,Y,exact_checklist,1,Y,N,N,Y,N,N,N,N,N,book_document_checklist_covered,placed_in_guide,complete,"Dawnstar, Pale Blade, And Heljarchen",none,
book_document_checklist,CHK-BOOKS-2468,OBJ-001397,CHK-BOOKS-2468,Fisherman's Journal,Fisherman's Journal (AE),book_document,ae_book_title,Books,Main-route prototype block,main_route,ae_creation,ae_book,1,,,,,,,Y,exact_checklist,1,Y,N,N,Y,N,N,N,N,N,book_document_checklist_covered,audited_not_acquired_here,staged_for_fishing_route,Nightingale Rewards And The Skeleton Key,none,
book_document_checklist,CHK-BOOKS-2469,OBJ-001398,CHK-BOOKS-2469,"Fishing Mastery, v1","Fishing Mastery, v1 (AE)",book_document,ae_book_title,Books,Main-route prototype block,main_route,ae_creation,ae_book,1,,,,,,,Y,exact_checklist,1,Y,N,N,Y,N,N,N,N,N,book_document_checklist_covered,acquired_now,complete,First Riften Visit And Guild Doorway,none,
book_document_checklist,CHK-BOOKS-2470,OBJ-001399,CHK-BOOKS-2470,"Fishing Mastery, v2","Fishing Mastery, v2 (AE)",book_document,ae_book_title,Books,Main-route prototype block,main_route,ae_creation,ae_book,1,,,,,,,Y,mapped_objective,1,N,N,N,Y,N,N,Y,N,N,book_document_checklist_route_resolution_recorded,staged_for_fishing_route_resolution,staged_for_fishing_route_resolution,Fishing route-resolution hold,none_existing_route_resolution,
book_document_checklist,CHK-BOOKS-2471,OBJ-001400,CHK-BOOKS-2471,"Fishing Mastery, v3","Fishing Mastery, v3 (AE)",book_document,ae_book_title,Books,Main-route prototype block,main_route,ae_creation,ae_book,1,,,,,,,Y,mapped_objective,1,N,N,N,Y,N,N,Y,N,N,book_document_checklist_route_resolution_recorded,staged_for_fishing_route_resolution,staged_for_fishing_route_resolution,Fishing route-resolution hold,none_existing_route_resolution,
book_document_checklist,CHK-BOOKS-2472,OBJ-001401,CHK-BOOKS-2472,"Fishing Mastery, v4","Fishing Mastery, v4 (AE)",book_document,ae_book_title,Books,Main-route prototype block,main_route,ae_creation,ae_book,1,,,,,,,Y,mapped_objective,1,N,N,N,Y,N,N,Y,N,N,book_document_checklist_route_resolution_recorded,staged_for_fishing_route_resolution,staged_for_fishing_route_resolution,Fishing route-resolution hold,none_existing_route_resolution,
book_document_checklist,CHK-BOOKS-2473,OBJ-001402,CHK-BOOKS-2473,"Fishing Mastery, v5","Fishing Mastery, v5 (AE)",book_document,ae_book_title,Books,Main-route prototype block,main_route,ae_creation,ae_book,1,,,,,,,Y,mapped_objective,1,N,N,N,Y,N,N,Y,N,N,book_document_checklist_route_resolution_recorded,staged_for_fishing_route_resolution,staged_for_fishing_route_resolution,Fishing route-resolution hold,none_existing_route_resolution,
book_document_checklist,CHK-BOOKS-2474,OBJ-000613,CHK-BOOKS-2474,"Forgotten Seasons, v1","Forgotten Seasons, v1 (AE)",quest,ae_creation_quest,Books,Main-route prototype block,main_route,ae_creation,,0,,,,,,,Y,exact_checklist,1,Y,Y,N,N,N,N,N,N,N,book_document_checklist_covered,book_document_read,complete,Homes Household Services Pets And Mounts,none,
book_document_checklist,CHK-BOOKS-2475,OBJ-001405,CHK-BOOKS-2475,Gadnor's Last Wishes,Gadnor's Last Wishes (AE),book_document,ae_book_title,Books,Main-route prototype block,main_route,ae_creation,ae_book,1,,,,,,,Y,mapped_objective,1,N,Y,N,Y,N,N,N,N,N,book_document_checklist_covered,placed_in_guide,complete,"Saints, Seducers, and Atronach Forge Tomes",none,
book_document_checklist,CHK-BOOKS-2476,OBJ-001406,CHK-BOOKS-2476,Galur Rithari's Papers,Galur Rithari's Papers (AE),book_document,ae_book_title,Books,Main-route prototype block,main_route,ae_creation,ae_book,1,,,,,,,Y,exact_checklist,1,Y,N,N,Y,N,N,N,N,N,book_document_checklist_covered,placed_in_guide,complete,"Dawnstar, Pale Blade, And Heljarchen",none,
book_document_checklist,CHK-BOOKS-2477,OBJ-001409,CHK-BOOKS-2477,Guard Dossier: Aesrael,Guard Dossier: Aesrael (AE),book_document,ae_book_title,Books,Main-route prototype block,main_route,ae_creation,ae_book,1,,,,,,,Y,exact_checklist,1,N,N,N,Y,N,N,N,N,N,book_document_checklist_covered,audited_same_building_left_unopened,staged_for_later_sunderstone_bundle,Hircine And Bloated Man's Grotto,none,
book_document_checklist,CHK-BOOKS-2478,OBJ-001411,CHK-BOOKS-2478,Guard Dossier: Antonius,Guard Dossier: Antonius (AE),book_document,ae_book_title,Books,Main-route prototype block,main_route,ae_creation,ae_book,1,,,,,,,Y,mapped_objective,1,Y,Y,N,Y,Y,N,Y,Y,N,book_document_checklist_route_resolution_recorded,needs_route_resolution_added,NEEDS ROUTE RESOLUTION,Final Reconciliation open route-resolution items,none_existing_route_resolution,
book_document_checklist,CHK-BOOKS-2479,OBJ-001412,CHK-BOOKS-2479,Guard Dossier: Bjormund Wind-Strider,Guard Dossier: Bjormund Wind-Strider (AE),book_document,ae_book_title,Books,Main-route prototype block,main_route,ae_creation,ae_book,1,,,,,,,Y,exact_checklist,1,Y,Y,N,Y,N,N,N,N,N,book_document_checklist_covered,placed_in_guide,complete,Goldenglow Honningbrew Solitude And Snow Veil,none,
book_document_checklist,CHK-BOOKS-2480,OBJ-000562,CHK-BOOKS-2480,Guard Dossier: Ehlhiel,Guard Dossier: Ehlhiel (AE),quest,ae_creation_quest,Books,Main-route prototype block,main_route,ae_creation,,0,,,,,,,Y,mapped_objective,1,Y,N,N,N,N,N,Y,N,N,book_document_checklist_route_resolution_recorded,needs_route_resolution_added,NEEDS ROUTE RESOLUTION,Final Reconciliation open route-resolution items,none_existing_route_resolution,
book_document_checklist,CHK-BOOKS-2481,OBJ-001413,CHK-BOOKS-2481,Guard Dossier: Yakhtu gra-Orkulg,Guard Dossier: Yakhtu gra-Orkulg (AE),book_document,ae_book_title,Books,Main-route prototype block,main_route,ae_creation,ae_book,1,,,,,,,Y,exact_checklist,1,Y,N,N,Y,N,N,N,N,N,book_document_checklist_covered,placed_in_guide,complete,Whiterun Property Western Caves Gray-Mane Rescue And Onmund,none,
book_document_checklist,CHK-BOOKS-2482,OBJ-000631,CHK-BOOKS-2482,Halvar's Journal,Halvar's Journal (AE),quest,ae_creation_quest,Books,Main-route prototype block,main_route,ae_creation,,0,,,,,,,Y,mapped_objective,6,Y,Y,N,Y,N,N,N,N,N,book_document_checklist_covered,held_for_later_pet_route | partially_completed | pet_set_confirmed | progressed | progressed_now,complete | in_progress | staged_for_later_pet_route,Falkreath Land Lakeview Foundation And Glenmoril Coven | First Day In Whiterun | First Riften Visit And Guild Doorway | Goldenhills Farm And Rorikstead | High-Risk AE Routes and Separate Worldspaces | Homes Household Services Pets And Mounts,none,
book_document_checklist,CHK-BOOKS-2483,OBJ-000618,CHK-BOOKS-2483,Hand Indobar's Journal,Hand Indobar's Journal (AE),quest,ae_creation_quest,Books,Main-route prototype block,main_route,ae_creation,,0,,,,,,,Y,exact_checklist,1,Y,N,N,N,N,N,N,N,N,book_document_checklist_covered,placed_in_guide,complete,Ghosts Of The Tribunal And Trueflame,none,
book_document_checklist,CHK-BOOKS-2484,OBJ-000626,CHK-BOOKS-2484,Hans's Journal,Hans's Journal (AE),quest,ae_creation_quest,Books,Main-route prototype block,main_route,ae_creation,,0,,,,,,,Y,exact_checklist,1,Y,N,N,N,N,N,N,N,N,book_document_checklist_covered,placed_in_guide,complete,High Hrothgar Ustengrav Morthal And The Embassy,none,
book_document_checklist,CHK-BOOKS-2485,OBJ-001417,CHK-BOOKS-2485,Helm of Oreyn Bearclaw,Helm of Oreyn Bearclaw (AE),book_document,ae_book_title,Books,Main-route prototype block,main_route,ae_creation,ae_book,1,,,,,,,Y,exact_checklist,1,Y,N,N,Y,N,N,N,N,N,book_document_checklist_covered,placed_in_guide,complete,Windhelm Follow-Up And Eastmarch Roads,none,
book_document_checklist,CHK-BOOKS-2486,OBJ-001418,CHK-BOOKS-2486,Heretic Dossier: Blacksmith's Confessional,Heretic Dossier: Blacksmith's Confessional (AE),book_document,ae_book_title,Books,Main-route prototype block,main_route,ae_creation,ae_book,1,,,,,,,Y,exact_checklist,1,Y,Y,N,Y,N,N,N,N,N,book_document_checklist_covered,placed_in_guide,complete,Ghosts Of The Tribunal And Trueflame,none,
book_document_checklist,CHK-BOOKS-2487,OBJ-000524,CHK-BOOKS-2487,Heretical Thoughts,Heretical Thoughts (AE),ae_creation,ae_creation_package,Books,Main-route prototype block,main_route,ae_creation,,0,,,,,,,Y,exact_checklist,1,Y,Y,N,N,N,N,N,N,N,book_document_checklist_covered,placed_in_guide,complete_or_save_dependent,"Saints, Seducers, and Atronach Forge Tomes",none,
book_document_checklist,CHK-BOOKS-2488,OBJ-001421,CHK-BOOKS-2488,Hugin Ice-Shaper's Notebook,Hugin Ice-Shaper's Notebook (AE),book_document,ae_book_title,Books,Main-route prototype block,main_route,ae_creation,ae_book,1,,,,,,,Y,mapped_objective,1,Y,Y,N,Y,Y,N,Y,Y,N,book_document_checklist_route_resolution_recorded,needs_route_resolution_added,NEEDS ROUTE RESOLUTION,Final Reconciliation open route-resolution items,none_existing_route_resolution,
book_document_checklist,CHK-BOOKS-2489,OBJ-001422,CHK-BOOKS-2489,Hyenril's Journal,Hyenril's Journal (AE),book_document,ae_book_title,Books,Main-route prototype block,main_route,ae_creation,ae_book,1,,,,,,,Y,mapped_objective,1,Y,Y,N,Y,Y,N,Y,Y,N,book_document_checklist_route_resolution_recorded,needs_route_resolution_added,NEEDS ROUTE RESOLUTION,Final Reconciliation open route-resolution items,none_existing_route_resolution,
book_document_checklist,CHK-BOOKS-2490,OBJ-000651,CHK-BOOKS-2490,Janus' Journal,Janus' Journal (AE),quest,ae_creation_quest,Books,Main-route prototype block,main_route,ae_creation,,0,,,,,,,Y,exact_checklist,1,Y,Y,N,N,N,N,N,N,N,book_document_checklist_covered,placed_in_guide,complete,High-Risk AE Routes and Separate Worldspaces,none,
book_document_checklist,CHK-BOOKS-2491,OBJ-001423,CHK-BOOKS-2491,Joften's Notes,Joften's Notes (AE),book_document,ae_book_title,Books,Main-route prototype block,main_route,ae_creation,ae_book,1,,,,,,,Y,mapped_objective,1,N,Y,N,Y,N,N,N,N,N,book_document_checklist_covered,placed_in_guide,complete,"Saints, Seducers, and Atronach Forge Tomes",none,
book_document_checklist,CHK-BOOKS-2492,OBJ-001424,CHK-BOOKS-2492,Jonquil's Journal,Jonquil's Journal (AE),book_document,ae_book_title,Books,Main-route prototype block,main_route,ae_creation,ae_book,1,,,,,,,Y,mapped_objective,1,N,Y,N,Y,N,N,N,N,N,book_document_checklist_covered,completed_now,complete,Goldenhills Farm And Rorikstead,none,
book_document_checklist,CHK-BOOKS-2493,OBJ-001428,CHK-BOOKS-2493,Kinthal's Journal,Kinthal's Journal (AE),book_document,ae_book_title,Books,Main-route prototype block,main_route,ae_creation,ae_book,1,,,,,,,Y,mapped_objective,1,N,Y,N,Y,N,N,N,N,N,book_document_checklist_covered,placed_in_guide,complete,"Saints, Seducers, and Atronach Forge Tomes",none,
book_document_checklist,CHK-BOOKS-2494,OBJ-001438,CHK-BOOKS-2494,Letter to Clexius,Letter to Clexius (AE),book_document,ae_book_title,Books,Main-route prototype block,main_route,ae_creation,ae_book,1,,,,,,,Y,exact_checklist,1,Y,Y,N,Y,N,N,N,N,N,book_document_checklist_covered,book_document_read,complete,Homes Household Services Pets And Mounts,none,
book_document_checklist,CHK-BOOKS-2495,OBJ-000647,CHK-BOOKS-2495,The Light and the Dark,The Light and the Dark (AE),quest,ae_creation_quest,Books,Main-route prototype block,main_route,ae_creation,,0,,,,,,,Y,exact_checklist,1,Y,N,N,N,N,N,N,N,N,book_document_checklist_covered,placed_in_guide,complete,Whiterun Property Western Caves Gray-Mane Rescue And Onmund,none,
book_document_checklist,CHK-BOOKS-2496,OBJ-000540,CHK-BOOKS-2496,Line and Lure,Line and Lure (AE),ae_creation,ae_creation_package,Books,Main-route prototype block,main_route,ae_creation,,0,,,,,,,Y,mapped_objective,2,N,N,N,Y,N,N,N,N,N,book_document_checklist_covered,audited_not_started_here | installed_parent_package_confirmed,complete_for_parent_package_installation | staged_for_controlled_fishing_route,Gauldur Legend Finale | MR-001,none,
book_document_checklist,CHK-BOOKS-2497,OBJ-000613,CHK-BOOKS-2497,"Log of Elberon the Great, Vol 2","Log of Elberon the Great, Vol 2 (AE)",quest,ae_creation_quest,Books,Main-route prototype block,main_route,ae_creation,,0,,,,,,,Y,exact_checklist,1,Y,N,N,N,N,N,N,N,N,book_document_checklist_covered,book_document_or_quest_support,complete,Homes Household Services Pets And Mounts,none,
book_document_checklist,CHK-BOOKS-2498,OBJ-000613,CHK-BOOKS-2498,"Log of Elberon the Great, Vol 3","Log of Elberon the Great, Vol 3 (AE)",quest,ae_creation_quest,Books,Main-route prototype block,main_route,ae_creation,,0,,,,,,,Y,exact_checklist,1,Y,N,N,N,N,N,N,N,N,book_document_checklist_covered,book_document_or_quest_support,complete,Homes Household Services Pets And Mounts,none,
book_document_checklist,CHK-BOOKS-2499,OBJ-000613,CHK-BOOKS-2499,"Log of Elberon the Great, Vol 4","Log of Elberon the Great, Vol 4 (AE)",quest,ae_creation_quest,Books,Main-route prototype block,main_route,ae_creation,,0,,,,,,,Y,exact_checklist,1,Y,N,N,N,N,N,N,N,N,book_document_checklist_covered,book_document_or_quest_support,complete,Homes Household Services Pets And Mounts,none,
book_document_checklist,CHK-BOOKS-2500,OBJ-000613,CHK-BOOKS-2500,"Log of Elberon the Great, Vol 5","Log of Elberon the Great, Vol 5 (AE)",quest,ae_creation_quest,Books,Main-route prototype block,main_route,ae_creation,,0,,,,,,,Y,exact_checklist,1,Y,N,N,N,N,N,N,N,N,book_document_checklist_covered,book_document_or_quest_support,complete,Homes Household Services Pets And Mounts,none,
book_document_checklist,CHK-BOOKS-2501,OBJ-000618,CHK-BOOKS-2501,Matriarch Drevlan's Journal,Matriarch Drevlan's Journal (AE),quest,ae_creation_quest,Books,Main-route prototype block,main_route,ae_creation,,0,,,,,,,Y,exact_checklist,1,Y,N,N,N,N,N,N,N,N,book_document_checklist_covered,placed_in_guide,complete,Ghosts Of The Tribunal And Trueflame,none,
book_document_checklist,CHK-BOOKS-2502,OBJ-000572,CHK-BOOKS-2502,Mysterious Altar,Mysterious Altar (AE),quest,ae_creation_quest,Books,Main-route prototype block,main_route,ae_creation,,0,,,,,,,Y,exact_checklist,1,Y,Y,N,N,N,N,N,N,N,book_document_checklist_covered,placed_in_guide,complete,"Bittercup, The Pit, And Fortunate Son",none,
book_document_checklist,CHK-BOOKS-2503,OBJ-001465,CHK-BOOKS-2503,Naara's Journal,Naara's Journal (AE),book_document,ae_book_title,Books,Main-route prototype block,main_route,ae_creation,ae_book,1,,,,,,,Y,mapped_objective,1,Y,Y,N,Y,N,N,N,N,N,book_document_checklist_covered,placed_in_guide,complete,Windhelm Follow-Up And Eastmarch Roads,none,
book_document_checklist,CHK-BOOKS-2504,OBJ-001467,CHK-BOOKS-2504,Necromancer's Journal (Bone Wolf),Necromancer's Journal (Bone Wolf) (AE),book_document,ae_book_title,Books,Main-route prototype block,main_route,ae_creation,ae_book,1,,,,,,,Y,exact_checklist,1,Y,N,N,Y,N,N,N,N,N,book_document_checklist_covered,placed_in_guide,complete,Potema Shield Of Solitude And Bone Wolf,none,
book_document_checklist,CHK-BOOKS-2505,OBJ-001468,CHK-BOOKS-2505,Necromancer's Journal (Plague of Dead),Necromancer's Journal (Plague of Dead) (AE),book_document,ae_book_title,Books,Main-route prototype block,main_route,ae_creation,ae_book,1,,,,,,,Y,exact_checklist,1,Y,Y,N,Y,N,N,N,N,N,book_document_checklist_covered,placed_in_guide,complete,Rising Dead Early Activation,none,
book_document_checklist,CHK-BOOKS-2506,OBJ-001470,CHK-BOOKS-2506,Nivenor's Journal,Nivenor's Journal (AE),book_document,ae_book_title,Books,Main-route prototype block,main_route,ae_creation,ae_book,1,,,,,,,Y,mapped_objective,1,Y,Y,N,Y,Y,N,Y,Y,N,book_document_checklist_route_resolution_recorded,needs_route_resolution_added,NEEDS ROUTE RESOLUTION,Final Reconciliation open route-resolution items,none_existing_route_resolution,
book_document_checklist,CHK-BOOKS-2507,OBJ-001486,CHK-BOOKS-2507,Notes on the Bone Forge,Notes on the Bone Forge (AE),book_document,ae_book_title,Books,Main-route prototype block,main_route,ae_creation,ae_book,1,,,,,,,Y,mapped_objective,1,Y,Y,N,Y,N,N,N,N,N,book_document_checklist_covered,placed_in_guide,complete,Windhelm Follow-Up And Eastmarch Roads,none,
book_document_checklist,CHK-BOOKS-2508,OBJ-001488,CHK-BOOKS-2508,Pale-Eyes' Journal,Pale-Eyes' Journal (AE),book_document,ae_book_title,Books,Main-route prototype block,main_route,ae_creation,ae_book,1,,,,,,,Y,exact_checklist,1,Y,N,N,Y,N,N,N,N,N,book_document_checklist_covered,placed_in_guide,complete,"Security, Shadowmere, And The Brotherhood Endgame",none,
book_document_checklist,CHK-BOOKS-2509,OBJ-001489,CHK-BOOKS-2509,Peddler's Journal,Peddler's Journal (AE),book_document,ae_book_title,Books,Main-route prototype block,main_route,ae_creation,ae_book,1,UESP Creation Club Books member page lists this as AE quest/action-related but does not list a fixed acquisition location; exact acquisition context deferred.,,,,,,Y,exact_checklist,2,Y,Y,N,N,N,N,N,N,N,book_document_checklist_covered,placed_in_guide | retrospectively_moved_earlier,complete,"Tel Mithryn, Nchardak, And Kagrumez | Tel Mithryn, Nchardak, and Kagrumez",none,
book_document_checklist,CHK-BOOKS-2510,OBJ-000631,CHK-BOOKS-2510,Pickpocket's Journal,Pickpocket's Journal (AE),quest,ae_creation_quest,Books,Main-route prototype block,main_route,ae_creation,,0,,,,,,,Y,exact_checklist,1,Y,N,N,N,N,N,N,N,N,book_document_checklist_covered,acquired_now,complete,First Riften Visit And Guild Doorway,none,
book_document_checklist,CHK-BOOKS-2511,OBJ-000618,CHK-BOOKS-2511,Priest Drureth's Journal,Priest Drureth's Journal (AE),quest,ae_creation_quest,Books,Main-route prototype block,main_route,ae_creation,,0,,,,,,,Y,exact_checklist,1,Y,N,N,N,N,N,N,N,N,book_document_checklist_covered,placed_in_guide,complete,Ghosts Of The Tribunal And Trueflame,none,
book_document_checklist,CHK-BOOKS-2512,OBJ-000619,CHK-BOOKS-2512,Reclamation Priest's Journal,Reclamation Priest's Journal (AE),quest,ae_creation_quest,Books,Branch-route prototype,main_route,ae_creation,,0,,,,,,,Y,exact_checklist,1,Y,N,N,N,N,N,N,N,Y,book_document_checklist_covered,branch_handled,branch_experienced,Ghosts Of The Tribunal And Trueflame,none,
book_document_checklist,CHK-BOOKS-2513,OBJ-000524,CHK-BOOKS-2513,Report on Atronach Forge Experiments,Report on Atronach Forge Experiments (AE),ae_creation,ae_creation_package,Books,Main-route prototype block,main_route,ae_creation,,0,,,,,,,Y,exact_checklist,1,Y,Y,N,N,N,N,N,N,N,book_document_checklist_covered,placed_in_guide,complete,"Saints, Seducers, and Atronach Forge Tomes",none,
book_document_checklist,CHK-BOOKS-2514,OBJ-000582,CHK-BOOKS-2514,The Restless,The Restless (AE),quest,ae_creation_quest,Books,Main-route prototype block,main_route,ae_creation,,0,,,,,,,Y,exact_checklist,2,Y,Y,N,Y,N,N,N,N,N,book_document_checklist_covered,book_document_read | not_started_here,complete | staged_for_dead_mans_dread_route,Goldenglow Honningbrew Solitude And Snow Veil | Homes Household Services Pets And Mounts,none,
book_document_checklist,CHK-BOOKS-2515,OBJ-001497,CHK-BOOKS-2515,Rin's Journal,Rin's Journal (AE),book_document,ae_book_title,Books,Main-route prototype block,main_route,ae_creation,ae_book,1,,,,,,,Y,mapped_objective,1,N,Y,N,Y,N,N,N,N,N,book_document_checklist_covered,completed_now,complete,Goldenhills Farm And Rorikstead,none,
book_document_checklist,CHK-BOOKS-2516,OBJ-000524,CHK-BOOKS-2516,Saints and Seducers,Saints and Seducers (AE),ae_creation,ae_creation_package,Books,Main-route prototype block,main_route,ae_creation,,0,,,,,,,Y,exact_checklist,1,Y,Y,N,N,N,N,N,N,N,book_document_checklist_covered,placed_in_guide,complete_or_save_dependent,"Saints, Seducers, and Atronach Forge Tomes",none,
book_document_checklist,CHK-BOOKS-2517,OBJ-001498,CHK-BOOKS-2517,Saints Bandit Leader's Journal,Saints Bandit Leader's Journal (AE),book_document,ae_book_title,Books,Main-route prototype block,main_route,ae_creation,ae_book,1,,,,,,,Y,mapped_objective,1,N,Y,N,Y,N,N,N,N,N,book_document_checklist_covered,placed_in_guide,complete,"Saints, Seducers, and Atronach Forge Tomes",none,
book_document_checklist,CHK-BOOKS-2518,OBJ-000618,CHK-BOOKS-2518,Sculptor Visthar's Journal,Sculptor Visthar's Journal (AE),quest,ae_creation_quest,Books,Main-route prototype block,main_route,ae_creation,,0,,,,,,,Y,exact_checklist,1,Y,N,N,N,N,N,N,N,N,book_document_checklist_covered,placed_in_guide,complete,Ghosts Of The Tribunal And Trueflame,none,
book_document_checklist,CHK-BOOKS-2519,OBJ-001499,CHK-BOOKS-2519,Seducers Bandit Leader's Journal,Seducers Bandit Leader's Journal (AE),book_document,ae_book_title,Books,Main-route prototype block,main_route,ae_creation,ae_book,1,,,,,,,Y,mapped_objective,1,N,Y,N,Y,N,N,N,N,N,book_document_checklist_covered,placed_in_guide,complete,"Saints, Seducers, and Atronach Forge Tomes",none,
book_document_checklist,CHK-BOOKS-2520,OBJ-001501,CHK-BOOKS-2520,"Seeks-Ancient-Artifacts' Journal, v1","Seeks-Ancient-Artifacts' Journal, v1 (AE)",book_document,ae_book_title,Books,Main-route prototype block,main_route,ae_creation,ae_book,1,,,,,,,Y,exact_checklist,1,Y,Y,N,Y,N,N,N,N,N,book_document_checklist_covered,book_document_read,complete,Homes Household Services Pets And Mounts,none,
book_document_checklist,CHK-BOOKS-2521,OBJ-001502,CHK-BOOKS-2521,"Seeks-Ancient-Artifacts' Journal, v2","Seeks-Ancient-Artifacts' Journal, v2 (AE)",book_document,ae_book_title,Books,Main-route prototype block,main_route,ae_creation,ae_book,1,,,,,,,Y,exact_checklist,1,Y,Y,N,Y,N,N,N,N,N,book_document_checklist_covered,book_document_read,complete,Homes Household Services Pets And Mounts,none,
book_document_checklist,CHK-BOOKS-2522,OBJ-000580,CHK-BOOKS-2522,Sellonus's Confession,Sellonus's Confession (AE),quest,ae_creation_quest,Books,Main-route prototype block,main_route,ae_creation,,0,,,,,,,Y,mapped_objective,1,N,N,N,Y,N,N,N,N,N,book_document_checklist_covered,audited_same_path_not_started,staged_for_later_guardian_vault_bundle,First Riften Visit And Guild Doorway,none,
book_document_checklist,CHK-BOOKS-2523,OBJ-000580,CHK-BOOKS-2523,Sellonus's Journal Vol. 1,Sellonus's Journal Vol. 1 (AE),quest,ae_creation_quest,Books,Main-route prototype block,main_route,ae_creation,,0,,,,,,,Y,mapped_objective,1,N,N,N,Y,N,N,N,N,N,book_document_checklist_covered,audited_same_path_not_started,staged_for_later_guardian_vault_bundle,First Riften Visit And Guild Doorway,none,
book_document_checklist,CHK-BOOKS-2524,OBJ-000580,CHK-BOOKS-2524,Sellonus's Journal Vol. 2,Sellonus's Journal Vol. 2 (AE),quest,ae_creation_quest,Books,Main-route prototype block,main_route,ae_creation,,0,,,,,,,Y,mapped_objective,1,N,N,N,Y,N,N,N,N,N,book_document_checklist_covered,audited_same_path_not_started,staged_for_later_guardian_vault_bundle,First Riften Visit And Guild Doorway,none,
book_document_checklist,CHK-BOOKS-2525,OBJ-000580,CHK-BOOKS-2525,Sellonus's Journal Vol. 3,Sellonus's Journal Vol. 3 (AE),quest,ae_creation_quest,Books,Main-route prototype block,main_route,ae_creation,,0,,,,,,,Y,mapped_objective,1,N,N,N,Y,N,N,N,N,N,book_document_checklist_covered,audited_same_path_not_started,staged_for_later_guardian_vault_bundle,First Riften Visit And Guild Doorway,none,
book_document_checklist,CHK-BOOKS-2526,OBJ-001503,CHK-BOOKS-2526,Seviur's Journal,Seviur's Journal (AE),book_document,ae_book_title,Books,Main-route prototype block,main_route,ae_creation,ae_book,1,,,,,,,Y,mapped_objective,1,Y,Y,N,Y,Y,N,Y,Y,N,book_document_checklist_route_resolution_recorded,needs_route_resolution_added,NEEDS ROUTE RESOLUTION,Final Reconciliation open route-resolution items,none_existing_route_resolution,
book_document_checklist,CHK-BOOKS-2527,OBJ-001504,CHK-BOOKS-2527,Shogarz's Journal,Shogarz's Journal (AE),book_document,ae_book_title,Books,Main-route prototype block,main_route,ae_creation,ae_book,1,,,,,,,Y,mapped_objective,1,Y,Y,N,Y,Y,N,Y,Y,N,book_document_checklist_route_resolution_recorded,needs_route_resolution_added,NEEDS ROUTE RESOLUTION,Final Reconciliation open route-resolution items,none_existing_route_resolution,
book_document_checklist,CHK-BOOKS-2528,OBJ-001506,CHK-BOOKS-2528,Skjol's Journal,Skjol's Journal (AE),book_document,ae_book_title,Books,Main-route prototype block,main_route,ae_creation,ae_book,1,,,,,,,Y,exact_checklist,1,Y,Y,N,Y,N,N,N,N,N,book_document_checklist_covered,placed_in_guide,complete,"Temple Of Miraak, Skaal, And Stalhrim",none,
book_document_checklist,CHK-BOOKS-2529,OBJ-001508,CHK-BOOKS-2529,Soran's Journal,Soran's Journal (AE),book_document,ae_book_title,Books,Main-route prototype block,main_route,ae_creation,ae_book,1,,,,,,,Y,exact_checklist,1,Y,Y,N,Y,N,N,N,N,N,book_document_checklist_covered,book_document_read,complete,Homes Household Services Pets And Mounts,none,
book_document_checklist,CHK-BOOKS-2530,OBJ-001514,CHK-BOOKS-2530,Stranger's Journal,Stranger's Journal (AE),book_document,ae_book_title,Books,Main-route prototype block,main_route,ae_creation,ae_book,1,,,,,,,Y,mapped_objective,1,Y,Y,N,Y,Y,N,Y,Y,N,book_document_checklist_route_resolution_recorded,needs_route_resolution_added,NEEDS ROUTE RESOLUTION,Final Reconciliation open route-resolution items,none_existing_route_resolution,
book_document_checklist,CHK-BOOKS-2531,OBJ-001517,CHK-BOOKS-2531,Svarig's Journal,Svarig's Journal (AE),book_document,ae_book_title,Books,Main-route prototype block,main_route,ae_creation,ae_book,1,,,,,,,Y,mapped_objective,1,N,Y,N,Y,N,N,N,N,N,book_document_checklist_covered,placed_in_guide,complete,"Saints, Seducers, and Atronach Forge Tomes",none,
book_document_checklist,CHK-BOOKS-2532,OBJ-000631,CHK-BOOKS-2532,Thief's Journal,Thief's Journal (AE),quest,ae_creation_quest,Books,Main-route prototype block,main_route,ae_creation,,0,,,,,,,Y,exact_checklist,1,Y,Y,N,N,N,N,N,N,N,book_document_checklist_covered,retrospectively_moved_earlier,complete,Falkreath Land Lakeview Foundation And Glenmoril Coven,none,
book_document_checklist,CHK-BOOKS-2533,OBJ-001532,CHK-BOOKS-2533,Thoron's Journal - Volume 1,Thoron's Journal - Volume 1 (AE),book_document,ae_book_title,Books,Main-route prototype block,main_route,ae_creation,ae_book,1,,,,,,,Y,mapped_objective,1,Y,Y,N,Y,N,N,N,N,N,book_document_checklist_covered,placed_in_guide,complete,"Saints, Seducers, and Atronach Forge Tomes",none,
book_document_checklist,CHK-BOOKS-2534,OBJ-001533,CHK-BOOKS-2534,Thoron's Journal - Volume 2,Thoron's Journal - Volume 2 (AE),book_document,ae_book_title,Books,Main-route prototype block,main_route,ae_creation,ae_book,1,,,,,,,Y,mapped_objective,1,Y,Y,N,Y,N,N,N,N,N,book_document_checklist_covered,placed_in_guide,complete,"Saints, Seducers, and Atronach Forge Tomes",none,
book_document_checklist,CHK-BOOKS-2535,OBJ-001534,CHK-BOOKS-2535,Thoron's Journal - Volume 3,Thoron's Journal - Volume 3 (AE),book_document,ae_book_title,Books,Main-route prototype block,main_route,ae_creation,ae_book,1,,,,,,,Y,mapped_objective,1,N,Y,N,Y,N,N,N,N,N,book_document_checklist_covered,placed_in_guide,complete,"Saints, Seducers, and Atronach Forge Tomes",none,
book_document_checklist,CHK-BOOKS-2536,OBJ-000647,CHK-BOOKS-2536,To Raise the Living,To Raise the Living (AE),quest,ae_creation_quest,Books,Main-route prototype block,main_route,ae_creation,,0,,,,,,,Y,exact_checklist,1,Y,N,N,N,N,N,N,N,N,book_document_checklist_covered,placed_in_guide,complete,Whiterun Property Western Caves Gray-Mane Rescue And Onmund,none,
book_document_checklist,CHK-BOOKS-2537,OBJ-001536,CHK-BOOKS-2537,Tolif's Journal,Tolif's Journal (AE),book_document,ae_book_title,Books,Main-route prototype block,main_route,ae_creation,ae_book,1,,,,,,,Y,mapped_objective,1,Y,Y,N,Y,Y,N,Y,Y,N,book_document_checklist_route_resolution_recorded,needs_route_resolution_added,NEEDS ROUTE RESOLUTION,Final Reconciliation open route-resolution items,none_existing_route_resolution,
book_document_checklist,CHK-BOOKS-2538,OBJ-001538,CHK-BOOKS-2538,Treasure Hunter's Journal,Treasure Hunter's Journal (AE),book_document,ae_book_title,Books,Main-route prototype block,main_route,ae_creation,ae_book,1,,,,,,,Y,exact_checklist,1,Y,Y,N,Y,N,N,N,N,N,book_document_checklist_covered,placed_in_guide,complete,High-Risk AE Routes and Separate Worldspaces,none,
book_document_checklist,CHK-BOOKS-2539,OBJ-001539,CHK-BOOKS-2539,Undercover Guard's Journal,Undercover Guard's Journal (AE),book_document,ae_book_title,Books,Main-route prototype block,main_route,ae_creation,ae_book,1,,,,,,,Y,exact_checklist,1,Y,N,N,Y,N,N,N,N,N,book_document_checklist_covered,placed_in_guide,complete,"Security, Shadowmere, And The Brotherhood Endgame",none,
book_document_checklist,CHK-BOOKS-2540,OBJ-001540,CHK-BOOKS-2540,Urval's Journal,Urval's Journal (AE),book_document,ae_book_title,Books,Main-route prototype block,main_route,ae_creation,ae_book,1,,,,,,,Y,mapped_objective,1,N,Y,N,Y,N,N,N,N,N,book_document_checklist_covered,completed_now,complete,Goldenhills Farm And Rorikstead,none,
book_document_checklist,CHK-BOOKS-2541,OBJ-001541,CHK-BOOKS-2541,Urzog's Journal,Urzog's Journal (AE),book_document,ae_book_title,Books,Main-route prototype block,main_route,ae_creation,ae_book,1,,,,,,,Y,mapped_objective,1,Y,Y,N,Y,Y,N,Y,Y,N,book_document_checklist_route_resolution_recorded,needs_route_resolution_added,NEEDS ROUTE RESOLUTION,Final Reconciliation open route-resolution items,none_existing_route_resolution,
book_document_checklist,CHK-BOOKS-2542,OBJ-000631,CHK-BOOKS-2542,Vampire Naturalist's Journal,Vampire Naturalist's Journal (AE),quest,ae_creation_quest,Books,Main-route prototype block,main_route,ae_creation,,0,,,,,,,Y,exact_checklist,1,Y,N,N,N,N,N,N,N,N,book_document_checklist_covered,placed_in_guide,complete,Windhelm Follow-Up And Eastmarch Roads,none,
book_document_checklist,CHK-BOOKS-2543,OBJ-000618,CHK-BOOKS-2543,Vesparth's Journal,Vesparth's Journal (AE),quest,ae_creation_quest,Books,Main-route prototype block,main_route,ae_creation,,0,,,,,,,Y,exact_checklist,1,Y,N,N,N,N,N,N,N,N,book_document_checklist_covered,placed_in_guide,complete,Ghosts Of The Tribunal And Trueflame,none,
book_document_checklist,CHK-BOOKS-2544,OBJ-000651,CHK-BOOKS-2544,Vigilant Enforcer's Journal,Vigilant Enforcer's Journal (AE),quest,ae_creation_quest,Books,Main-route prototype block,main_route,ae_creation,,0,,,,,,,Y,exact_checklist,1,Y,Y,N,N,N,N,N,N,N,book_document_checklist_covered,placed_in_guide,complete,High-Risk AE Routes and Separate Worldspaces,none,
book_document_checklist,CHK-BOOKS-2545,OBJ-001543,CHK-BOOKS-2545,Vigilant's Report,Vigilant's Report (AE),book_document,ae_book_title,Books,Main-route prototype block,main_route,ae_creation,ae_book,1,,,,,,,Y,exact_checklist,1,Y,Y,N,Y,N,N,N,N,N,book_document_checklist_covered,placed_in_guide,complete,High-Risk AE Routes and Separate Worldspaces,none,
book_document_checklist,CHK-BOOKS-2546,OBJ-000584,CHK-BOOKS-2546,Viparth's Journal,Viparth's Journal (AE),quest,ae_creation_quest,Books,Main-route prototype block,main_route,ae_creation,,0,,,,,,,N,mapped_objective,1,Y,N,N,N,N,N,Y,N,N,book_document_checklist_route_resolution_recorded,needs_route_resolution_added,NEEDS ROUTE RESOLUTION,Final Reconciliation open route-resolution items,none_existing_route_resolution,
book_document_checklist,CHK-BOOKS-2547,OBJ-000651,CHK-BOOKS-2547,Vonos' Journal,Vonos' Journal (AE),quest,ae_creation_quest,Books,Main-route prototype block,main_route,ae_creation,,0,,,,,,,Y,exact_checklist,1,Y,Y,N,N,N,N,N,N,N,book_document_checklist_covered,placed_in_guide,complete,High-Risk AE Routes and Separate Worldspaces,none,
book_document_checklist,CHK-BOOKS-2548,OBJ-001548,CHK-BOOKS-2548,Wild Horse Notes,Wild Horse Notes (AE),book_document,ae_book_title,Books,Main-route prototype block,main_route,ae_creation,ae_book,1,,,,,,,Y,exact_checklist,2,Y,N,N,Y,N,N,N,N,N,book_document_checklist_covered,book_document_confirmed | placed_in_guide,complete,Homes Household Services Pets And Mounts | Solitude Coast Wild Horse And Wolfskull,none,
book_document_checklist,CHK-BOOKS-2549,OBJ-001549,CHK-BOOKS-2549,Yakhtu's Journal,Yakhtu's Journal (AE),book_document,ae_book_title,Books,Main-route prototype block,main_route,ae_creation,ae_book,1,,,,,,,Y,exact_checklist,1,Y,N,N,Y,N,N,N,N,N,book_document_checklist_covered,placed_in_guide,complete,Whiterun Property Western Caves Gray-Mane Rescue And Onmund,none,
