row_kind,record_id,name,objective_id,category,subcategory,route_placement,checklist_id,checklist_tab,mapping_type,exact_internal_coverage_rows,mapped_internal_coverage_rows,internal_coverage_statuses,internal_completion_statuses,internal_guide_locations,internal_guide_cues,guide_name_match,target_treatment,assignment_treatment,counter_treatment,boundary_treatment,fishing_treatment,work_action_treatment,trophy_treatment,no_reroll_treatment,hold_or_stage_treatment,route_resolution_treatment,exclusion_treatment,branch_treatment,audit_status,recommended_action,notes
radiant_counter_objective,OBJ-000026,Companions Required Radiant Gates,OBJ-000026,radiant,companions_required_gate,main_route,,,,2,0,completed_now | first_gate_completed,complete | in_progress,Beast Blood And The Silver Hand | Companions Entry,Companions radiant gates 1 of 4 | Counter - Companions radiant gates 2 of 4; Counter - Companions radiant gates 4 of 4,Y,Y,Y,Y,Y,N,Y,Y,N,Y,N,N,N,radiant_counter_objective_covered,none,
radiant_counter_objective,OBJ-000048,Thieves Guild City Influence and Side Job Counter,OBJ-000048,radiant,thieves_guild_restoration,main_route,,,,7,0,audited_no_jobs_accepted | audited_not_started_here | counter_completed | counter_progressed | ledger_created_zero_jobs | solitude_exception_completed,complete | in_progress | staged_for_guild_restoration_block | staged_for_post_nightingale_city_job_blocks,"Goldenglow Honningbrew Solitude And Snow Veil | Guild Restoration And Amulet Of Articulation | Nightingale Armor Readiness Check | Nightingale Rewards And The Skeleton Key | Riften Thaneship Frost And Rift Roads | Whispers, Solitude Jobs, And The Wedding Assassination",Delvin and Vex restoration jobs start next section | Restoration note starts Solitude 5 total 5 | Thieves Guild restoration note created with all counts at zero | Thieves jobs still zero | Total Delvin Vex side-job counter reaches 125 | [CHECKLIST: Thieves Guild - Solitude city jobs 5 of 5],Y,Y,Y,Y,Y,Y,Y,Y,N,Y,N,N,N,radiant_counter_objective_covered,none,
radiant_counter_objective,OBJ-000102,Animal Extermination (A),OBJ-000102,radiant,companions_radiant,main_route,,,,2,0,conditional_fallback_or_actual_assignment | conditional_second_gate_if_assigned,conditional_complete_if_assigned,Beast Blood And The Silver Hand | Companions Entry,Matching radiant checklist cue for actual second gate job | Radiant - Animal Extermination,Y,Y,Y,Y,Y,N,Y,Y,Y,Y,N,N,Y,radiant_counter_objective_covered,none,
radiant_counter_objective,OBJ-000103,Animal Extermination (B),OBJ-000103,radiant,companions_radiant,main_route,,,,2,0,conditional_fallback_or_actual_assignment | conditional_second_gate_if_assigned,conditional_complete_if_assigned,Beast Blood And The Silver Hand | Companions Entry,Matching radiant checklist cue for actual second gate job | Radiant - Animal Extermination,Y,Y,Y,Y,Y,N,Y,Y,Y,Y,N,N,Y,radiant_counter_objective_covered,none,
radiant_counter_objective,OBJ-000104,Hired Muscle,OBJ-000104,radiant,companions_radiant,main_route,,,,2,0,conditional_if_first_clean_farkas_contract | conditional_second_gate_if_assigned,conditional_complete_or_already_recorded_or_not_assigned | conditional_complete_or_seed_unavailable,Beast Blood And The Silver Hand | Companions Entry,Matching radiant checklist cue for actual second gate job | Radiant - Hired Muscle; Quest - Scare My Enemy,Y,Y,Y,Y,Y,N,Y,Y,Y,Y,N,N,Y,radiant_counter_objective_covered,none,
radiant_counter_objective,OBJ-000105,Trouble in Skyrim,OBJ-000105,radiant,companions_radiant,main_route,,,,2,0,conditional_if_assigned_and_clean | conditional_second_gate_if_assigned,conditional_complete_if_assigned | conditional_complete_or_reloaded_for_bug_recovery,Beast Blood And The Silver Hand | Companions Entry,Matching radiant checklist cue for actual second gate job | Radiant - Trouble in Skyrim,Y,Y,Y,Y,Y,N,Y,Y,N,Y,N,N,Y,radiant_counter_objective_covered,none,
radiant_counter_objective,OBJ-000106,Family Heirloom,OBJ-000106,radiant,companions_radiant,main_route,,,,2,0,conditional_if_assigned | conditional_second_gate_if_assigned,conditional_complete_if_assigned,Beast Blood And The Silver Hand | Companions Entry,Matching radiant checklist cue for actual second gate job | Radiant - Family Heirloom,Y,Y,Y,Y,Y,N,Y,Y,Y,Y,N,N,Y,radiant_counter_objective_covered,none,
radiant_counter_objective,OBJ-000107,Escaped Criminal,OBJ-000107,radiant,companions_radiant,main_route,,,,2,0,conditional_if_assigned | conditional_second_gate_if_assigned,conditional_complete_if_assigned,Beast Blood And The Silver Hand | Companions Entry,Matching radiant checklist cue for actual second gate job | Radiant - Escaped Criminal,Y,Y,Y,Y,Y,N,Y,Y,Y,Y,N,N,Y,radiant_counter_objective_covered,none,
radiant_counter_objective,OBJ-000108,Rescue Mission,OBJ-000108,radiant,companions_radiant,main_route,,,,2,0,conditional_if_assigned | conditional_second_gate_if_assigned,conditional_complete_if_assigned,Beast Blood And The Silver Hand | Companions Entry,Matching radiant checklist cue for actual second gate job | Radiant - Rescue Mission,Y,Y,Y,Y,Y,N,Y,Y,Y,Y,N,N,Y,radiant_counter_objective_covered,none,
radiant_counter_objective,OBJ-000109,Striking the Heart,OBJ-000109,radiant,companions_radiant_windowed,main_route,,,,1,0,completed_if_assigned_in_two_aela_jobs,conditional_complete_or_not_offered,Beast Blood And The Silver Hand,Radiant - Striking the Heart,Y,Y,Y,Y,Y,N,Y,Y,Y,Y,N,N,Y,radiant_counter_objective_covered,none,
radiant_counter_objective,OBJ-000110,Stealing Plans,OBJ-000110,radiant,companions_radiant_windowed,main_route,,,,1,0,completed_if_assigned_in_two_aela_jobs,conditional_complete_or_one_save_limited,Beast Blood And The Silver Hand,Radiant - Stealing Plans,Y,Y,Y,Y,Y,N,Y,Y,Y,Y,N,N,Y,radiant_counter_objective_covered,none,
radiant_counter_objective,OBJ-000111,Retrieval,OBJ-000111,radiant,companions_radiant_windowed,main_route,,,,1,0,completed_if_assigned_in_two_aela_jobs,conditional_complete_or_one_save_limited,Beast Blood And The Silver Hand,Radiant - Retrieval,Y,Y,Y,Y,Y,Y,Y,Y,Y,Y,Y,Y,Y,radiant_counter_objective_route_resolution_recorded,none_existing_route_resolution,
radiant_counter_objective,OBJ-000112,Totems of Hircine,OBJ-000112,radiant,companions_post_quest,main_route,,,,2,0,not_available_yet | placed_in_guide,complete | staged_for_post_glory_werewolf_route,"Beast Blood And The Silver Hand | Companions Finale, Totems, And Beast-Blood Preservation",All three Totems of Hircine completed | Totems of Hircine later,Y,Y,Y,Y,Y,N,Y,Y,N,Y,N,N,N,radiant_counter_objective_covered,none,
radiant_counter_objective,OBJ-000113,Purity (Companions),OBJ-000113,radiant,companions_post_quest,main_route,,,,2,0,not_available_yet | placed_in_guide,complete | staged_for_post_glory_route,"Beast Blood And The Silver Hand | Companions Finale, Totems, And Beast-Blood Preservation",Companions Purity later | Farkas and Vilkas Purity completed,Y,Y,Y,Y,Y,N,Y,Y,N,Y,N,N,Y,radiant_counter_objective_covered,none,
radiant_counter_objective,OBJ-000114,Dragon Seekers,OBJ-000114,radiant,companions_post_quest,main_route,,,,3,0,late_repeatable_support_for_legend | placed_in_guide,complete | repeatable_support_not_extra_scope,"Companions Finale, Totems, and Beast-Blood Preservation | Level 78 and Level 80 Gates",Dragon Seekers assignment used for guaranteed dragon spawn | Dragon Seekers completed as representative Companions radiant,Y,Y,Y,Y,Y,Y,Y,Y,N,Y,N,N,Y,radiant_counter_objective_covered,none,
radiant_counter_objective,OBJ-000115,Companions Radiant Representative Set,OBJ-000115,radiant,companions_representative_set,appendix,,,,3,0,needs_route_resolution_added | partially_represented_by_first_gate | progressed_by_required_gates,NEEDS ROUTE RESOLUTION | in_progress,Beast Blood And The Silver Hand | Companions Entry | TB-038R order and delayed-task repair register,First clean Companions job recorded | NEEDS ROUTE RESOLUTION: OBJ-000115 Companions Radiant Representative Set | Second clean Companions job recorded,Y,Y,Y,Y,N,N,N,Y,N,Y,Y,N,Y,radiant_counter_objective_route_resolution_recorded,none_existing_route_resolution,
radiant_counter_objective,OBJ-000116,Companions Finite Post-Quest Radiant Set,OBJ-000116,radiant,companions_finite_set,appendix,,,,3,0,duplicate_covered_by_named_members | not_available_yet,complete | staged_for_post_glory,"Beast Blood And The Silver Hand | Companions Entry | Companions Finale, Totems, And Beast-Blood Preservation",Companions finite post-quest radiant set complete | Post-Glory Companions finite radiants later | Post-Glory Companions radiants later,Y,Y,Y,Y,Y,N,Y,Y,N,Y,N,N,N,radiant_counter_objective_covered,none,
radiant_counter_objective,OBJ-000121,Out of Balance,OBJ-000121,radiant,college_repeatable,main_route,,,,1,0,placed_in_guide,complete,"Winterhold, College Entry, And Saarthal",[CHECKLIST: Quest - Out of Balance],Y,Y,Y,Y,Y,N,Y,Y,N,Y,N,N,N,radiant_counter_objective_covered,none,
radiant_counter_objective,OBJ-000122,Enchanting Pick-Up,OBJ-000122,radiant,college_repeatable,main_route,,,,2,0,audited_not_started_here | placed_in_guide,complete | staged_for_college_radiant_control_pass,"College Errands Arniel Septimus And Aetherium | Winterhold, College Entry, And Saarthal",Enchanting Pick-Up later | One Sergius client pickup completed,Y,Y,Y,N,Y,N,Y,N,N,Y,N,N,N,radiant_counter_objective_covered,none,
radiant_counter_objective,OBJ-000123,Restocking Soul Gems,OBJ-000123,radiant,college_repeatable,main_route,,,,2,0,audited_not_started_here | placed_in_guide,complete | staged_for_empty_soul_gem_material_plan,"College Errands Arniel Septimus And Aetherium | Winterhold, College Entry, And Saarthal",One Sergius empty soul gem request completed | Restocking Soul Gems later,Y,Y,Y,Y,Y,N,Y,Y,N,Y,N,N,N,radiant_counter_objective_covered,none,
radiant_counter_objective,OBJ-000124,Aftershock,OBJ-000124,radiant,college_repeatable,main_route,,,,1,0,placed_in_guide,complete,College Errands Arniel Septimus And Aetherium,One Tolfdir rupture assignment completed,Y,Y,Y,Y,Y,N,Y,Y,N,Y,N,N,N,radiant_counter_objective_covered,none,
radiant_counter_objective,OBJ-000125,Rejoining the College,OBJ-000125,radiant,college_repeatable,excluded,,,,1,0,explicit_exclusion_reaffirmed,excluded,Internal exclusion coverage,Excluded from intentional route,Y,Y,Y,N,N,N,N,N,N,Y,N,Y,N,radiant_counter_objective_excluded,none,
radiant_counter_objective,OBJ-000126,Tolfdir the Absent-Minded,OBJ-000126,radiant,college_repeatable,main_route,,,,2,0,audited_not_started_here | placed_in_guide,complete | staged_until_tolfdir_returns_from_saarthal,"Fellglow Keep And Good Intentions | Winterhold, College Entry, And Saarthal",Tolfdir's Alembic later | [CHECKLIST: Quest - Tolfdir The Absent-Minded],Y,Y,Y,Y,Y,Y,Y,Y,N,Y,N,N,N,radiant_counter_objective_covered,none,
radiant_counter_objective,OBJ-000127,Fetch me that Book!,OBJ-000127,radiant,college_repeatable,main_route,,,,3,0,audited_not_started_here | needs_route_resolution_added,NEEDS ROUTE RESOLUTION | staged_for_college_radiant_control_pass | staged_for_late_random_radiant_control,"College Errands Arniel Septimus And Aetherium | TB-038R order and delayed-task repair register | Winterhold, College Entry, And Saarthal",Fetch me that Book held for later random-dungeon block | Fetch me that Book later | NEEDS ROUTE RESOLUTION: OBJ-000127 Fetch me that Book!,Y,Y,Y,Y,N,Y,Y,Y,N,Y,Y,Y,N,radiant_counter_objective_route_resolution_recorded,none_existing_route_resolution,
radiant_counter_objective,OBJ-000128,Shalidor's Insights,OBJ-000128,radiant,college_repeatable,main_route,,,,4,0,audited_not_started_here | needs_route_resolution_added,NEEDS ROUTE RESOLUTION | staged_for_college_radiant_control_pass | staged_for_late_random_radiant_control,"College Errands Arniel Septimus And Aetherium | Labyrinthian And The Eye Of Magnus | TB-038R order and delayed-task repair register | Winterhold, College Entry, And Saarthal",NEEDS ROUTE RESOLUTION: OBJ-000128 Shalidor's Insights | Shalidor's Insights held | Shalidor's Insights held for later random-dungeon block | Shalidor's Insights later,Y,Y,Y,Y,Y,Y,N,Y,N,Y,Y,Y,Y,radiant_counter_objective_route_resolution_recorded,none_existing_route_resolution,
radiant_counter_objective,OBJ-000134,The Numbers Job,OBJ-000134,radiant,thieves_guild_job_type,main_route,,,,2,0,ledger_type_listed_zero_jobs | placed_in_guide,complete | staged_for_post_nightingale_city_job_blocks,"Goldenglow Honningbrew Solitude And Snow Veil | Whispers, Solitude Jobs, And The Wedding Assassination",Job type - Numbers uncompleted | [CHECKLIST: Thieves Job Type - Numbers Job completed],Y,Y,Y,Y,Y,N,Y,Y,N,Y,N,N,Y,radiant_counter_objective_covered,none,
radiant_counter_objective,OBJ-000135,The Fishing Job,OBJ-000135,radiant,thieves_guild_job_type,main_route,,,,3,0,ledger_type_listed_zero_jobs | not_routed_here | placed_in_guide,complete | staged_for_late_thieves_job_type_coverage | staged_for_post_nightingale_city_job_blocks,"Goldenglow Honningbrew Solitude And Snow Veil | Guild Restoration And Amulet Of Articulation | Whispers, Solitude Jobs, And The Wedding Assassination",Fishing Job completed during Markarth restoration | Fishing Job later | Job type - Fishing uncompleted,Y,Y,Y,Y,Y,Y,Y,Y,N,Y,N,N,N,radiant_counter_objective_covered,none,
radiant_counter_objective,OBJ-000136,The Bedlam Job,OBJ-000136,radiant,thieves_guild_job_type,main_route,,,,3,0,ledger_type_listed_zero_jobs | not_routed_here | placed_in_guide,complete | staged_for_late_thieves_job_type_coverage | staged_for_post_nightingale_city_job_blocks,"Goldenglow Honningbrew Solitude And Snow Veil | Guild Restoration And Amulet Of Articulation | Whispers, Solitude Jobs, And The Wedding Assassination",Bedlam Job completed during Markarth restoration | Bedlam Job later | Job type - Bedlam uncompleted,Y,Y,Y,Y,Y,Y,Y,Y,N,Y,N,N,N,radiant_counter_objective_covered,none,
radiant_counter_objective,OBJ-000137,The Burglary Job,OBJ-000137,radiant,thieves_guild_job_type,main_route,,,,2,0,ledger_type_listed_zero_jobs | placed_in_guide,complete | staged_for_post_nightingale_city_job_blocks,"Goldenglow Honningbrew Solitude And Snow Veil | Whispers, Solitude Jobs, And The Wedding Assassination",Job type - Burglary uncompleted | [CHECKLIST: Thieves Job Type - Burglary Job completed],Y,Y,Y,Y,Y,N,Y,Y,N,Y,N,N,Y,radiant_counter_objective_covered,none,
radiant_counter_objective,OBJ-000138,The Shill Job,OBJ-000138,radiant,thieves_guild_job_type,main_route,,,,2,0,ledger_type_listed_zero_jobs | placed_in_guide,complete | staged_for_post_nightingale_city_job_blocks,"Goldenglow Honningbrew Solitude And Snow Veil | Whispers, Solitude Jobs, And The Wedding Assassination",Job type - Shill uncompleted | [CHECKLIST: Thieves Job Type - Shill Job completed],Y,Y,Y,Y,Y,N,Y,Y,N,Y,N,N,Y,radiant_counter_objective_covered,none,
radiant_counter_objective,OBJ-000139,The Sweep Job,OBJ-000139,radiant,thieves_guild_job_type,main_route,,,,2,0,ledger_type_listed_zero_jobs | placed_in_guide,complete | staged_for_post_nightingale_city_job_blocks,"Goldenglow Honningbrew Solitude And Snow Veil | Whispers, Solitude Jobs, And The Wedding Assassination",Job type - Sweep uncompleted | [CHECKLIST: Thieves Job Type - Sweep Job completed],Y,Y,Y,Y,Y,N,Y,Y,N,Y,N,N,Y,radiant_counter_objective_covered,none,
radiant_counter_objective,OBJ-000140,The Heist Job,OBJ-000140,radiant,thieves_guild_job_type,main_route,,,,2,0,ledger_type_listed_zero_jobs | placed_in_guide,complete | staged_for_post_nightingale_city_job_blocks,"Goldenglow Honningbrew Solitude And Snow Veil | Whispers, Solitude Jobs, And The Wedding Assassination",Job type - Heist uncompleted | [CHECKLIST: Thieves Job Type - Heist Job completed],Y,Y,Y,Y,Y,N,Y,Y,N,Y,N,N,Y,radiant_counter_objective_covered,none,
radiant_counter_objective,OBJ-000161,Honor Thy Family,OBJ-000161,radiant,dark_brotherhood_radiant,excluded,,,,1,0,explicit_exclusion_reaffirmed,excluded,Internal exclusion coverage,Excluded from intentional route,Y,Y,Y,N,N,N,N,N,N,Y,N,Y,N,radiant_counter_objective_excluded,none,
radiant_counter_objective,OBJ-000162,The Dark Brotherhood Forever,OBJ-000162,radiant,dark_brotherhood_radiant,main_route,,,,1,0,placed_in_guide,complete,"Security, Shadowmere, And The Brotherhood Endgame",[CHECKLIST: Radiant - The Dark Brotherhood Forever representative completed],Y,Y,Y,Y,Y,Y,Y,Y,Y,Y,N,N,N,radiant_counter_objective_covered,none,
radiant_counter_objective,OBJ-000181,Daedric Artifact Trophy Set,OBJ-000181,trophy,daedric_artifact_trophy,main_route,,,,5,0,completed_in_guide | counter_advanced | counter_started | tb044_closed,complete | in_progress,Blades Research Blackreach And The Fallen | Hircine And Bloated Man's Grotto | Markarth Prison Daedric Rites And Reach Redoubts | Peryite's Shrine And Bthardamz,Oblivion Walker 15 of 15 verified at Oghma | Oblivion Walker progress 4 of 15 | Oblivion Walker progress 7 of 15 | Resolved by TB-044 final artifact counter closeout | Trophy - Daedric Influence; Oblivion Walker 1 of 15,Y,Y,Y,Y,N,Y,Y,Y,N,Y,N,N,Y,radiant_counter_objective_covered,none,
radiant_counter_objective,OBJ-000219,Sideways Trophy Set,OBJ-000219,trophy,side_quest_trophy,main_route,,,,14,0,counter_advanced | counter_extra_if_needed | counter_started | needs_route_resolution_added,NEEDS ROUTE RESOLUTION | already_secured_or_in_progress | in_progress | in_progress_or_already_complete,"Bards College Lost Library And Instrument Roads | Blades Research Blackreach And The Fallen | Bleak Falls Barrow And First Dragon | Cicero Aventus And The Sanctuary Door | Dawnstar, Pale Blade, And Heljarchen | Gauldur Legend Finale | ... (13 total)",A Return To Your Roots added to Sideways tracking if still open | A Scroll For Anska and The Pale Lady added to Sideways if still open | Forbidden Legend added to Sideways tracking if still open | NEEDS ROUTE RESOLUTION: OBJ-000219 Sideways Trophy Set | Repairing the Phial added to Sideways tracking if still open | Sideways counter 1 of 10 | ... (14 total),Y,Y,Y,Y,Y,Y,Y,Y,Y,Y,Y,N,Y,radiant_counter_objective_route_resolution_recorded,none_existing_route_resolution,
radiant_counter_objective,OBJ-000220,Hero of the People Trophy Set,OBJ-000220,trophy,misc_objective_trophy,main_route,,,,19,0,counter_advanced | counter_advanced_conditionally | counter_started | needs_route_resolution_added,NEEDS ROUTE RESOLUTION | in_progress,"Dawnstar, Pale Blade, And Heljarchen | Falkreath Land Lakeview Foundation And Glenmoril Coven | First Day In Whiterun | First Riften Visit And Guild Doorway | Goldenglow Honningbrew Solitude And Snow Veil | Goldenhills Farm And Rorikstead | ... (19 total)",Hero of the People 11 of 50 or 12 of 50 if Amren completed | Hero of the People 12 of 50 or 13 of 50 if Amren completed | Hero of the People Rift count plus eleven or twelve | Hero of the People Riften count plus five | Hero of the People Solitude count plus six | Hero of the People conditional Falkreath count 13-15 of 50 | ... (19 total),Y,Y,Y,Y,Y,N,Y,Y,Y,Y,Y,N,Y,radiant_counter_objective_route_resolution_recorded,none_existing_route_resolution,
radiant_counter_objective,OBJ-000317,The Words of Power,OBJ-000317,radiant,word_wall_radiant,appendix,,,,2,0,not_started_here | preserved_on_main,main_continuity_preserved | staged_for_all_word_wall_route,Main Quest Staging Before Sky Haven | Paarthurnax And Blades Branch,Arngeir word-wall guidance preserved after reload | The Words of Power later,Y,Y,Y,Y,Y,Y,Y,Y,N,Y,Y,N,Y,radiant_counter_objective_route_resolution_recorded,none_existing_route_resolution,
radiant_counter_objective,OBJ-000332,Bounty: Bandit Boss,OBJ-000332,radiant,bounty_quest_type,main_route,,,,1,0,needs_route_resolution_added,NEEDS ROUTE RESOLUTION,Final Reconciliation open route-resolution items,NEEDS ROUTE RESOLUTION: OBJ-000332 Bounty: Bandit Boss,Y,Y,Y,Y,Y,N,Y,Y,Y,Y,Y,N,Y,radiant_counter_objective_route_resolution_recorded,none_existing_route_resolution,
radiant_counter_objective,OBJ-000333,Bounty: Dragon,OBJ-000333,radiant,bounty_quest_type,main_route,,,,1,0,needs_route_resolution_added,NEEDS ROUTE RESOLUTION,Final Reconciliation open route-resolution items,NEEDS ROUTE RESOLUTION: OBJ-000333 Bounty: Dragon,Y,Y,Y,Y,Y,Y,Y,Y,N,Y,Y,N,N,radiant_counter_objective_route_resolution_recorded,none_existing_route_resolution,
radiant_counter_objective,OBJ-000334,Bounty: Forsworn,OBJ-000334,radiant,bounty_quest_type,main_route,,,,1,0,needs_route_resolution_added,NEEDS ROUTE RESOLUTION,Final Reconciliation open route-resolution items,NEEDS ROUTE RESOLUTION: OBJ-000334 Bounty: Forsworn,Y,Y,Y,Y,Y,Y,Y,Y,Y,Y,Y,N,Y,radiant_counter_objective_route_resolution_recorded,none_existing_route_resolution,
radiant_counter_objective,OBJ-000335,Bounty: Giant,OBJ-000335,radiant,bounty_quest_type,main_route,,,,1,0,needs_route_resolution_added,NEEDS ROUTE RESOLUTION,Final Reconciliation open route-resolution items,NEEDS ROUTE RESOLUTION: OBJ-000335 Bounty: Giant,Y,Y,Y,Y,Y,Y,Y,Y,N,Y,Y,N,N,radiant_counter_objective_route_resolution_recorded,none_existing_route_resolution,
radiant_counter_objective,OBJ-000365,Ancient Technology,OBJ-000365,radiant,dawnguard_faction_finite,main_route,,,,1,0,placed_in_guide,complete,Fort Dawnguard Recruits Prophet And Lost Relics,Ancient Technology six schematics,Y,Y,Y,Y,Y,Y,Y,Y,N,Y,N,N,N,radiant_counter_objective_covered,none,
radiant_counter_objective,OBJ-000367,Cleansing Light,OBJ-000367,radiant,dawnguard_faction_radiant,main_route,,,,1,0,placed_in_guide,complete_representative,Fort Dawnguard Recruits Prophet And Lost Relics,Cleansing Light representative completed,Y,Y,Y,N,Y,Y,Y,N,N,Y,N,N,N,radiant_counter_objective_covered,none,
radiant_counter_objective,OBJ-000368,Hide and Seek,OBJ-000368,radiant,dawnguard_faction_radiant,main_route,,,,1,0,placed_in_guide,complete_representative,Fort Dawnguard Recruits Prophet And Lost Relics,Hide and Seek representative completed,Y,Y,Y,N,Y,Y,Y,N,N,Y,N,N,N,radiant_counter_objective_covered,none,
radiant_counter_objective,OBJ-000369,Hunting the Monster,OBJ-000369,radiant,dawnguard_faction_radiant,main_route,,,,1,0,placed_in_guide,complete_representative,Fort Dawnguard Recruits Prophet And Lost Relics,Hunting the Monster representative completed,Y,Y,Y,N,Y,Y,Y,N,N,Y,N,N,N,radiant_counter_objective_covered,none,
radiant_counter_objective,OBJ-000370,A Jarl's Justice,OBJ-000370,radiant,dawnguard_faction_radiant,main_route,,,,1,0,placed_in_guide,complete_representative,Fort Dawnguard Recruits Prophet And Lost Relics,A Jarls Justice representative completed,Y,Y,Y,N,Y,N,Y,N,N,Y,N,N,N,radiant_counter_objective_covered,none,
radiant_counter_objective,OBJ-000371,Lost Relic,OBJ-000371,radiant,dawnguard_faction_finite,main_route,,,,1,0,placed_in_guide,complete_all_three_versions,Fort Dawnguard Recruits Prophet And Lost Relics,Lost Relic all three artifacts,Y,Y,Y,N,Y,Y,Y,N,N,N,N,N,N,radiant_counter_objective_covered,none,
radiant_counter_objective,OBJ-000372,Preemptive Strike,OBJ-000372,radiant,dawnguard_faction_radiant,main_route,,,,1,0,placed_in_guide,complete_representative,Fort Dawnguard Recruits Prophet And Lost Relics,Preemptive Strike representative completed,Y,Y,Y,N,Y,N,Y,N,N,Y,N,N,N,radiant_counter_objective_covered,none,
radiant_counter_objective,OBJ-000373,Rescue,OBJ-000373,radiant,dawnguard_faction_radiant,main_route,,,,1,0,placed_in_guide,complete_representative,Fort Dawnguard Recruits Prophet And Lost Relics,Rescue representative completed,Y,Y,Y,Y,Y,Y,Y,Y,Y,Y,N,N,Y,radiant_counter_objective_covered,none,
radiant_counter_objective,OBJ-000374,Amulets of Night Power,OBJ-000374,radiant,volkihar_branch_radiant,branch_route,,,,1,0,placed_in_branch_guide,branch_complete_reloaded,Dawnguard Fork And Volkihar Branch,Amulets of Night Power completed,Y,Y,Y,Y,Y,N,Y,Y,N,Y,N,N,Y,radiant_counter_objective_covered,none,
radiant_counter_objective,OBJ-000375,Ancient Power,OBJ-000375,radiant,volkihar_branch_radiant,branch_route,,,,1,0,placed_in_branch_guide,branch_complete_reloaded,Dawnguard Fork And Volkihar Branch,Ancient Power four turn-ins completed,Y,Y,Y,N,Y,N,N,Y,Y,Y,N,N,Y,radiant_counter_objective_covered,none,
radiant_counter_objective,OBJ-000376,Culling the Beast,OBJ-000376,radiant,volkihar_branch_radiant,branch_route,,,,1,0,placed_in_branch_guide,branch_complete_reloaded,Dawnguard Fork And Volkihar Branch,Culling the Beast representative completed,Y,Y,Y,Y,Y,N,Y,Y,Y,Y,N,N,Y,radiant_counter_objective_covered,none,
radiant_counter_objective,OBJ-000377,Deceiving the Herd,OBJ-000377,radiant,volkihar_branch_radiant,branch_route,,,,1,0,placed_in_branch_guide,branch_complete_reloaded,Dawnguard Fork And Volkihar Branch,Deceiving the Herd representative completed,Y,Y,Y,Y,Y,N,Y,Y,Y,Y,N,Y,Y,radiant_counter_objective_covered,none,
radiant_counter_objective,OBJ-000378,Destroying the Dawnguard,OBJ-000378,radiant,volkihar_branch_other,branch_route,,,,2,0,placed_in_guide | staged_branch_continuation,branch_complete | staged_for_volkihar_finale_branch_continuation,Dawnguard Fork And Volkihar Branch | Volkihar Finale Branch Continuation,Destroying the Dawnguard completed on branch | Destroying the Dawnguard requires Volkihar-side Kindred Judgment,Y,Y,Y,Y,Y,N,Y,Y,Y,Y,N,N,Y,radiant_counter_objective_covered,none,
radiant_counter_objective,OBJ-000379,The Gift,OBJ-000379,quest,volkihar_branch_other,branch_route,,,,1,0,placed_in_branch_guide,branch_complete_reloaded,Dawnguard Fork And Volkihar Branch,The Gift completed with Ysolda,Y,Y,Y,Y,Y,N,Y,Y,Y,Y,N,N,Y,radiant_counter_objective_covered,none,
radiant_counter_objective,OBJ-000380,The Hunt,OBJ-000380,radiant,volkihar_branch_radiant,branch_route,,,,1,0,placed_in_branch_guide,branch_complete_reloaded,Dawnguard Fork And Volkihar Branch,The Hunt representative completed,Y,Y,Y,Y,Y,N,Y,Y,Y,Y,N,N,Y,radiant_counter_objective_covered,none,
radiant_counter_objective,OBJ-000381,New Allegiances,OBJ-000381,radiant,volkihar_branch_radiant,branch_route,,,,1,0,placed_in_branch_guide,branch_complete_reloaded,Dawnguard Fork And Volkihar Branch,New Allegiances one conversion completed,Y,Y,Y,N,Y,N,N,Y,Y,Y,N,N,Y,radiant_counter_objective_covered,none,
radiant_counter_objective,OBJ-000382,Protecting the Bloodline,OBJ-000382,radiant,volkihar_branch_radiant,branch_route,,,,1,0,placed_in_branch_guide,branch_complete_reloaded,Dawnguard Fork And Volkihar Branch,Protecting the Bloodline representative completed,Y,Y,Y,Y,Y,N,Y,Y,Y,Y,N,N,Y,radiant_counter_objective_covered,none,
radiant_counter_objective,OBJ-000383,Rings of Blood Magic,OBJ-000383,radiant,volkihar_branch_radiant,branch_route,,,,1,0,placed_in_branch_guide,branch_complete_reloaded,Dawnguard Fork And Volkihar Branch,Rings of Blood Magic completed,Y,Y,Y,N,Y,N,Y,Y,N,Y,N,N,Y,radiant_counter_objective_covered,none,
radiant_counter_objective,OBJ-000403,Hearthfire Landowner Trophy Set,OBJ-000403,trophy,hearthfire_trophy,main_route,,,,1,0,duplicate_covered_by_existing_route,complete_or_conditional_complete,Falkreath/Morthal Hearthfire land route,Landowner trophy condition met by first Hearthfire plot,Y,N,N,Y,Y,N,N,Y,N,Y,N,N,N,radiant_counter_objective_covered,none,
radiant_counter_objective,OBJ-000404,Hearthfire Land Baron Trophy Set,OBJ-000404,trophy,hearthfire_trophy,main_route,,,,3,0,placed_in_guide | progressed | progressed_or_parked,complete_or_expected | progressed_or_conditional | progressed_or_staged,"Dawnstar, Pale Blade, And Heljarchen | Falkreath Land Lakeview Foundation And Glenmoril Coven | High Hrothgar Ustengrav Morthal And The Embassy",Land Baron 1 of 3 | Land Baron 1 or 2 of 3 depending on Lakeview state | [CHECKLIST: Trophy - Land Baron],Y,N,N,Y,N,N,N,Y,N,Y,N,N,N,radiant_counter_objective_covered,none,
radiant_counter_objective,OBJ-000405,Hearthfire Architect Trophy Set,OBJ-000405,trophy,hearthfire_trophy,main_route,,,,1,0,hearthfire_trophy_supported,complete,Homes Household Services Pets And Mounts,Three Hearthfire houses built enough for Architect,Y,Y,N,Y,Y,N,N,Y,N,N,N,N,N,radiant_counter_objective_covered,none,
radiant_counter_objective,OBJ-000406,Hearthfire Master Architect Trophy Set,OBJ-000406,trophy,hearthfire_trophy,main_route,,,,2,0,hearthfire_trophy_supported | progressed_not_complete,complete | in_progress,"Dawnstar, Pale Blade, And Heljarchen | Homes Household Services Pets And Mounts",Heljarchen foundation built; full construction later | Main Hall and three wings at all homesteads,Y,Y,N,Y,Y,N,N,Y,N,Y,N,N,N,radiant_counter_objective_covered,none,
radiant_counter_objective,OBJ-000409,Hearthfire Proud Parent Trophy Set,OBJ-000409,trophy,hearthfire_trophy,main_route,,,,1,0,adoption_trophy_supported,complete,Homes Household Services Pets And Mounts,Lucia and Sofie adopted to Tundra,Y,Y,N,Y,Y,N,N,Y,N,Y,N,N,N,radiant_counter_objective_covered,none,
radiant_counter_objective,OBJ-000412,Bandit Attack,OBJ-000412,radiant,hearthfire_property_defense,excluded,,,,1,0,excluded_unbounded_confirmed,excluded_unbounded,Homes Household Services Pets And Mounts,No forced Hearthfire random event,Y,Y,Y,N,N,N,N,N,N,Y,N,Y,N,radiant_counter_objective_covered,none,
radiant_counter_objective,OBJ-000438,Kill the Bandit Leader,OBJ-000438,radiant,dragonborn_skaal_misc_radiant,main_route,,,,2,0,held_for_later | needs_route_resolution_added,NEEDS ROUTE RESOLUTION | held_for_controlled_random_target_block,"TB-038R order and delayed-task repair register | Temple Of Miraak, Skaal, And Stalhrim",Fanari bandit leader favor not started | NEEDS ROUTE RESOLUTION: OBJ-000438 Kill the Bandit Leader,Y,Y,Y,Y,Y,Y,Y,Y,N,Y,Y,N,Y,radiant_counter_objective_route_resolution_recorded,none_existing_route_resolution,
radiant_counter_objective,OBJ-000473,Dragonborn Outlander Trophy Set,OBJ-000473,trophy,dragonborn_trophy,main_route,,,,1,0,placed_in_guide,complete,"Solstheim Entry, Raven Rock Core, And Frostmoon Rings",Reached Solstheim by Northern Maiden,Y,N,N,Y,N,N,Y,Y,N,N,N,N,N,radiant_counter_objective_covered,none,
radiant_counter_objective,OBJ-000474,Dragon Aspect Trophy Set,OBJ-000474,trophy,dragonborn_trophy,main_route,,,,2,0,placed_in_guide,complete | in_progress,"Miraak Finale, Lost Knowledge, And Last Black Books | Solstheim Entry, Raven Rock Core, And Frostmoon Rings",All three Dragon Aspect words learned | Dragon Aspect progress started with Mul,Y,Y,Y,Y,Y,N,Y,Y,N,Y,N,N,N,radiant_counter_objective_covered,none,
radiant_counter_objective,OBJ-000475,Hidden Knowledge Trophy Set,OBJ-000475,trophy,dragonborn_trophy,main_route,,,,3,0,placed_in_guide | tracking_continued,complete | in_progress,"Kolbjorn Excavation And Raven Rock West | Miraak Finale, Lost Knowledge, And Last Black Books | Solstheim Entry, Raven Rock Core, And Frostmoon Rings",Hidden Knowledge complete by completed Black Books | Hidden Knowledge progress advanced with Filament and Filigree | Hidden Knowledge progress started with The Winds of Change,Y,Y,N,Y,Y,Y,Y,Y,N,Y,N,N,N,radiant_counter_objective_covered,none,
radiant_counter_objective,OBJ-000476,Stalhrim Crafter Trophy Set,OBJ-000476,trophy,dragonborn_trophy,main_route,,,,2,0,dependency_unlocked | needs_route_resolution_added,NEEDS ROUTE RESOLUTION | staged_for_smithing_80_ebony_smithing,"TB-038R order and delayed-task repair register | Temple Of Miraak, Skaal, And Stalhrim",NEEDS ROUTE RESOLUTION: OBJ-000476 Stalhrim Crafter Trophy Set | Stalhrim crafting knowledge unlocked after A New Source,Y,Y,Y,Y,Y,N,Y,Y,N,Y,Y,N,N,radiant_counter_objective_route_resolution_recorded,none_existing_route_resolution,
radiant_counter_objective,OBJ-000477,Dragonrider Trophy Set,OBJ-000477,trophy,dragonborn_trophy,main_route,,,,3,0,needs_route_resolution | needs_route_resolution_reaffirmed | tracking_started,NEEDS ROUTE RESOLUTION | in_progress_1_of_5 | needs_route_resolution,"Collectible Reconciliation | Final Reconciliation | Miraak Finale, Lost Knowledge, And Last Black Books",Dragonrider remains 1 of 5 after Sahrotaar | NEEDS ROUTE RESOLUTION Dragonrider four post-Sahrotaar rides | Sahrotaar ride recorded at 1 of 5,Y,Y,Y,Y,Y,Y,Y,Y,N,Y,Y,N,Y,radiant_counter_objective_route_resolution_recorded,none_existing_route_resolution,
radiant_counter_objective,OBJ-000478,Solstheim Explorer Trophy Set,OBJ-000478,trophy,dragonborn_trophy,main_route,,,,9,0,completed_in_guide | placed_in_guide | tb044_closed | tracking_continued,complete | in_progress,"Fahlbtharz, Deathbrand, And Karstaag | Kolbjorn Excavation And Raven Rock West | Miraak Finale, Lost Knowledge, And Last Black Books | Solstheim Entry, Raven Rock Core, And Frostmoon Rings | Tel Mithryn, Nchardak, And Kagrumez | Temple Of Miraak, Skaal, And Stalhrim | ... (7 total)",Resolved by TB-044 Solstheim Explorer 30-location checkpoint | Solstheim Explorer 30-location checkpoint completed | Solstheim location discovery progress started | Solstheim location progress continues through Raven Rock west and Kolbjorn loop | Solstheim location progress continues through Tel Mithryn Nchardak Sun Stone and Kagrumez | Solstheim location progress continues through Temple Skaal Saering Stones Northshore and Stalhrim Source | ... (9 total),Y,Y,N,Y,Y,Y,Y,Y,N,Y,N,N,N,radiant_counter_objective_covered,none,
radiant_counter_objective,OBJ-000909,Reader Trophy Skill Book Target,OBJ-000909,trophy,book_trophy,main_route,,,,1,0,completed_in_guide,complete,"Books, Spells, and Documents",Reader trophy appears after 50 unique skill books,Y,Y,N,Y,N,N,N,Y,N,N,N,N,N,radiant_counter_objective_covered,none,
radiant_counter_objective,OBJ-001893,Collectible Set: Fishing Species and Special Catches,OBJ-001893,collectible,fishing_species_set,main_route,,,,2,0,needs_route_resolution | needs_route_resolution_reaffirmed,NEEDS ROUTE RESOLUTION | needs_route_resolution,Collectible Reconciliation | Final Reconciliation,Fishing species route unresolved | NEEDS ROUTE RESOLUTION Fishing species set,Y,Y,Y,Y,Y,Y,Y,Y,N,Y,Y,N,Y,radiant_counter_objective_route_resolution_recorded,none_existing_route_resolution,
radiant_counter_objective,OBJ-001894,Fishing Catch: Angelfish,OBJ-001894,collectible,fishing_species_member,main_route,,,,2,0,needs_route_resolution | needs_route_resolution_reaffirmed,NEEDS ROUTE RESOLUTION | needs_route_resolution,Collectible Reconciliation | Final Reconciliation,Angelfish route unresolved | NEEDS ROUTE RESOLUTION Fishing Catch species rows,Y,N,Y,Y,Y,Y,Y,Y,N,Y,Y,N,Y,radiant_counter_objective_route_resolution_recorded,none_existing_route_resolution,
radiant_counter_objective,OBJ-001895,Fishing Catch: Angler,OBJ-001895,collectible,fishing_species_member,main_route,,,,2,0,needs_route_resolution | needs_route_resolution_reaffirmed,NEEDS ROUTE RESOLUTION | needs_route_resolution,Collectible Reconciliation | Final Reconciliation,Angler route unresolved | NEEDS ROUTE RESOLUTION Fishing Catch species rows,Y,Y,Y,Y,Y,Y,Y,Y,N,Y,Y,Y,Y,radiant_counter_objective_route_resolution_recorded,none_existing_route_resolution,
radiant_counter_objective,OBJ-001896,Fishing Catch: Angler Larvae,OBJ-001896,collectible,fishing_species_member,main_route,,,,2,0,needs_route_resolution | needs_route_resolution_reaffirmed,NEEDS ROUTE RESOLUTION | needs_route_resolution,Collectible Reconciliation | Final Reconciliation,Angler Larvae route unresolved | NEEDS ROUTE RESOLUTION Fishing Catch species rows,Y,Y,Y,Y,Y,Y,Y,Y,N,Y,Y,Y,Y,radiant_counter_objective_route_resolution_recorded,none_existing_route_resolution,
radiant_counter_objective,OBJ-001897,Fishing Catch: Arctic Char,OBJ-001897,collectible,fishing_species_member,main_route,,,,2,0,needs_route_resolution | needs_route_resolution_reaffirmed,NEEDS ROUTE RESOLUTION | needs_route_resolution,Collectible Reconciliation | Final Reconciliation,Arctic Char route unresolved | NEEDS ROUTE RESOLUTION Fishing Catch species rows,Y,N,N,N,N,Y,N,N,N,Y,Y,N,N,radiant_counter_objective_route_resolution_recorded,none_existing_route_resolution,
radiant_counter_objective,OBJ-001898,Fishing Catch: Arctic Grayling,OBJ-001898,collectible,fishing_species_member,main_route,,,,2,0,needs_route_resolution | needs_route_resolution_reaffirmed,NEEDS ROUTE RESOLUTION | needs_route_resolution,Collectible Reconciliation | Final Reconciliation,Arctic Grayling route unresolved | NEEDS ROUTE RESOLUTION Fishing Catch species rows,Y,Y,N,N,N,Y,N,N,N,Y,Y,Y,N,radiant_counter_objective_route_resolution_recorded,none_existing_route_resolution,
radiant_counter_objective,OBJ-001899,Fishing Catch: Brook Bass,OBJ-001899,collectible,fishing_species_member,main_route,,,,2,0,needs_route_resolution | needs_route_resolution_reaffirmed,NEEDS ROUTE RESOLUTION | needs_route_resolution,Collectible Reconciliation | Final Reconciliation,Brook Bass route unresolved | NEEDS ROUTE RESOLUTION Fishing Catch species rows,Y,Y,N,N,N,Y,N,N,N,Y,Y,Y,N,radiant_counter_objective_route_resolution_recorded,none_existing_route_resolution,
radiant_counter_objective,OBJ-001900,Fishing Catch: Carp,OBJ-001900,collectible,fishing_species_member,main_route,,,,2,0,needs_route_resolution | needs_route_resolution_reaffirmed,NEEDS ROUTE RESOLUTION | needs_route_resolution,Collectible Reconciliation | Final Reconciliation,Carp route unresolved | NEEDS ROUTE RESOLUTION Fishing Catch species rows,Y,N,N,N,N,Y,N,N,N,Y,Y,N,N,radiant_counter_objective_route_resolution_recorded,none_existing_route_resolution,
radiant_counter_objective,OBJ-001901,Fishing Catch: Catfish,OBJ-001901,collectible,fishing_species_member,main_route,,,,2,0,needs_route_resolution | needs_route_resolution_reaffirmed,NEEDS ROUTE RESOLUTION | needs_route_resolution,Collectible Reconciliation | Final Reconciliation,Catfish route unresolved | NEEDS ROUTE RESOLUTION Fishing Catch species rows,Y,Y,N,N,N,Y,N,N,N,Y,Y,Y,N,radiant_counter_objective_route_resolution_recorded,none_existing_route_resolution,
radiant_counter_objective,OBJ-001902,Fishing Catch: Cod,OBJ-001902,collectible,fishing_species_member,main_route,,,,2,0,needs_route_resolution | needs_route_resolution_reaffirmed,NEEDS ROUTE RESOLUTION | needs_route_resolution,Collectible Reconciliation | Final Reconciliation,Cod route unresolved | NEEDS ROUTE RESOLUTION Fishing Catch species rows,Y,N,N,N,N,Y,N,N,N,Y,Y,N,N,radiant_counter_objective_route_resolution_recorded,none_existing_route_resolution,
radiant_counter_objective,OBJ-001903,Fishing Catch: Direfish,OBJ-001903,collectible,fishing_species_member,main_route,,,,2,0,needs_route_resolution | needs_route_resolution_reaffirmed,NEEDS ROUTE RESOLUTION | needs_route_resolution,Collectible Reconciliation | Final Reconciliation,Direfish route unresolved | NEEDS ROUTE RESOLUTION Fishing Catch species rows,Y,N,N,N,N,Y,N,N,N,Y,Y,N,N,radiant_counter_objective_route_resolution_recorded,none_existing_route_resolution,
radiant_counter_objective,OBJ-001904,Fishing Catch: Glass Catfish,OBJ-001904,collectible,fishing_species_member,main_route,,,,2,0,needs_route_resolution | needs_route_resolution_reaffirmed,NEEDS ROUTE RESOLUTION | needs_route_resolution,Collectible Reconciliation | Final Reconciliation,Glass Catfish route unresolved | NEEDS ROUTE RESOLUTION Fishing Catch species rows,Y,N,N,N,N,Y,N,N,N,Y,Y,N,N,radiant_counter_objective_route_resolution_recorded,none_existing_route_resolution,
radiant_counter_objective,OBJ-001905,Fishing Catch: Glassfish,OBJ-001905,collectible,fishing_species_member,main_route,,,,2,0,needs_route_resolution | needs_route_resolution_reaffirmed,NEEDS ROUTE RESOLUTION | needs_route_resolution,Collectible Reconciliation | Final Reconciliation,Glassfish route unresolved | NEEDS ROUTE RESOLUTION Fishing Catch species rows,Y,Y,Y,Y,Y,Y,Y,Y,N,Y,Y,Y,N,radiant_counter_objective_route_resolution_recorded,none_existing_route_resolution,
radiant_counter_objective,OBJ-001906,Fishing Catch: Goldfish,OBJ-001906,collectible,fishing_species_member,main_route,,,,2,0,needs_route_resolution | needs_route_resolution_reaffirmed,NEEDS ROUTE RESOLUTION | needs_route_resolution,Collectible Reconciliation | Final Reconciliation,Goldfish route unresolved | NEEDS ROUTE RESOLUTION Fishing Catch species rows,Y,Y,Y,Y,Y,Y,Y,Y,N,Y,Y,Y,N,radiant_counter_objective_route_resolution_recorded,none_existing_route_resolution,
radiant_counter_objective,OBJ-001907,Fishing Catch: Juvenile Mudcrab,OBJ-001907,collectible,fishing_species_member,main_route,,,,2,0,needs_route_resolution | needs_route_resolution_reaffirmed,NEEDS ROUTE RESOLUTION | needs_route_resolution,Collectible Reconciliation | Final Reconciliation,Juvenile Mudcrab route unresolved | NEEDS ROUTE RESOLUTION Fishing Catch species rows,Y,Y,Y,Y,Y,Y,Y,Y,N,Y,Y,N,N,radiant_counter_objective_route_resolution_recorded,none_existing_route_resolution,
radiant_counter_objective,OBJ-001908,Fishing Catch: Lyretail Anthias,OBJ-001908,collectible,fishing_species_member,main_route,,,,2,0,needs_route_resolution | needs_route_resolution_reaffirmed,NEEDS ROUTE RESOLUTION | needs_route_resolution,Collectible Reconciliation | Final Reconciliation,Lyretail Anthias route unresolved | NEEDS ROUTE RESOLUTION Fishing Catch species rows,Y,Y,Y,Y,Y,Y,Y,Y,N,Y,Y,N,N,radiant_counter_objective_route_resolution_recorded,none_existing_route_resolution,
radiant_counter_objective,OBJ-001909,Fishing Catch: Pearlfish,OBJ-001909,collectible,fishing_species_member,main_route,,,,2,0,needs_route_resolution | needs_route_resolution_reaffirmed,NEEDS ROUTE RESOLUTION | needs_route_resolution,Collectible Reconciliation | Final Reconciliation,NEEDS ROUTE RESOLUTION Fishing Catch species rows | Pearlfish route unresolved,Y,Y,Y,Y,Y,Y,Y,Y,N,Y,Y,Y,N,radiant_counter_objective_route_resolution_recorded,none_existing_route_resolution,
radiant_counter_objective,OBJ-001910,Fishing Catch: Pogfish,OBJ-001910,collectible,fishing_species_member,main_route,,,,2,0,needs_route_resolution | needs_route_resolution_reaffirmed,NEEDS ROUTE RESOLUTION | needs_route_resolution,Collectible Reconciliation | Final Reconciliation,NEEDS ROUTE RESOLUTION Fishing Catch species rows | Pogfish route unresolved,Y,N,N,N,N,Y,N,N,N,Y,Y,N,N,radiant_counter_objective_route_resolution_recorded,none_existing_route_resolution,
radiant_counter_objective,OBJ-001911,Fishing Catch: Pygmy Sunfish,OBJ-001911,collectible,fishing_species_member,main_route,,,,2,0,needs_route_resolution | needs_route_resolution_reaffirmed,NEEDS ROUTE RESOLUTION | needs_route_resolution,Collectible Reconciliation | Final Reconciliation,NEEDS ROUTE RESOLUTION Fishing Catch species rows | Pygmy Sunfish route unresolved,Y,Y,Y,Y,Y,Y,Y,Y,N,Y,Y,Y,N,radiant_counter_objective_route_resolution_recorded,none_existing_route_resolution,
radiant_counter_objective,OBJ-001912,Fishing Catch: Scorpion Fish,OBJ-001912,collectible,fishing_species_member,main_route,,,,2,0,needs_route_resolution | needs_route_resolution_reaffirmed,NEEDS ROUTE RESOLUTION | needs_route_resolution,Collectible Reconciliation | Final Reconciliation,NEEDS ROUTE RESOLUTION Fishing Catch species rows | Scorpion Fish route unresolved,Y,N,N,N,N,Y,N,N,N,Y,Y,N,N,radiant_counter_objective_route_resolution_recorded,none_existing_route_resolution,
radiant_counter_objective,OBJ-001913,Fishing Catch: Spadefish,OBJ-001913,collectible,fishing_species_member,main_route,,,,2,0,needs_route_resolution | needs_route_resolution_reaffirmed,NEEDS ROUTE RESOLUTION | needs_route_resolution,Collectible Reconciliation | Final Reconciliation,NEEDS ROUTE RESOLUTION Fishing Catch species rows | Spadefish route unresolved,Y,Y,Y,Y,Y,Y,Y,Y,N,Y,Y,Y,N,radiant_counter_objective_route_resolution_recorded,none_existing_route_resolution,
radiant_counter_objective,OBJ-001914,Fishing Catch: Tripod Spiderfish,OBJ-001914,collectible,fishing_species_member,main_route,,,,2,0,needs_route_resolution | needs_route_resolution_reaffirmed,NEEDS ROUTE RESOLUTION | needs_route_resolution,Collectible Reconciliation | Final Reconciliation,NEEDS ROUTE RESOLUTION Fishing Catch species rows | Tripod Spiderfish route unresolved,Y,N,N,N,N,Y,N,N,N,Y,Y,N,N,radiant_counter_objective_route_resolution_recorded,none_existing_route_resolution,
radiant_counter_objective,OBJ-001915,Fishing Catch: Vampire Fish,OBJ-001915,collectible,fishing_species_member,main_route,,,,2,0,needs_route_resolution | needs_route_resolution_reaffirmed,NEEDS ROUTE RESOLUTION | needs_route_resolution,Collectible Reconciliation | Final Reconciliation,NEEDS ROUTE RESOLUTION Fishing Catch species rows | Vampire Fish route unresolved,Y,N,N,N,N,Y,N,N,N,Y,Y,N,N,radiant_counter_objective_route_resolution_recorded,none_existing_route_resolution,
radiant_counter_objective,OBJ-001916,Fishing Catch: Emperor Crab Guardian Spirit,OBJ-001916,collectible,fishing_special_catch_member,main_route,,,,2,0,needs_route_resolution | needs_route_resolution_reaffirmed,NEEDS ROUTE RESOLUTION | needs_route_resolution,Collectible Reconciliation | Final Reconciliation,Emperor Crab Guardian Spirit route unresolved | NEEDS ROUTE RESOLUTION Fishing Catch species rows,Y,N,N,Y,N,Y,N,N,N,Y,Y,N,N,radiant_counter_objective_route_resolution_recorded,none_existing_route_resolution,
radiant_counter_objective,OBJ-001917,Fishing Catch: Fangtusk,OBJ-001917,collectible,fishing_special_catch_member,main_route,,,,2,0,needs_route_resolution | needs_route_resolution_reaffirmed,NEEDS ROUTE RESOLUTION | needs_route_resolution,Collectible Reconciliation | Final Reconciliation,Fangtusk route unresolved | NEEDS ROUTE RESOLUTION Fishing Catch species rows,Y,Y,N,Y,N,Y,N,N,N,Y,Y,Y,N,radiant_counter_objective_route_resolution_recorded,none_existing_route_resolution,
radiant_counter_objective,OBJ-001918,Fishing Catch: Snippy,OBJ-001918,collectible,fishing_special_catch_member,main_route,,,,2,0,needs_route_resolution | needs_route_resolution_reaffirmed,NEEDS ROUTE RESOLUTION | needs_route_resolution,Collectible Reconciliation | Final Reconciliation,NEEDS ROUTE RESOLUTION Fishing Catch species rows | Snippy route unresolved,Y,N,N,Y,N,Y,N,N,N,Y,Y,N,N,radiant_counter_objective_route_resolution_recorded,none_existing_route_resolution,
radiant_counter_objective,OBJ-002465,Skill Master Trophy Set,OBJ-002465,trophy,skill_trophy,main_route,,,,1,0,skill_master_observed_or_confirmed,complete_once_any_skill_hits_100,All-Perks Loop,Confirm Skill Master trophy condition,Y,Y,Y,Y,Y,N,Y,Y,N,Y,N,N,N,radiant_counter_objective_covered,none,
radiant_counter_objective,OBJ-002751,Artificer Trophy Set,OBJ-002751,trophy,crafting_trophy,main_route,,,,2,0,audited_not_routed_here | completed_or_confirmed_now,complete | staged_for_exact_crafting_bundle,"Crafting, Enchanting, Alchemy, and Investments | Guardian Stones Cache And Whiterun Farm Loop",Artificer staged | Enchant one disposable item after earlier smithing and potion crafts,Y,Y,Y,Y,Y,N,Y,Y,N,Y,Y,N,N,radiant_counter_objective_route_resolution_recorded,none_existing_route_resolution,
radiant_counter_objective,OBJ-002752,Hard Worker Trophy Set,OBJ-002752,trophy,crafting_activity_trophy,main_route,,,,7,0,completed_now | confirmed_complete | counter_advanced | counter_still_in_progress | first_action_completed | staged_for_next_actions,complete | in_progress | staged_for_mr003_and_later_actions,"Crafting, Enchanting, Alchemy, and Investments | First Day In Whiterun | Guardian Stones Cache And Whiterun Farm Loop | Halted Stream And Silent Moons Level Gate | Helgen Riverwood And First Survival Loop | Riften Thaneship Frost And Rift Roads | ... (7 total)","Activity - Mine ore vein; Trophy - Hard Worker | Hard Worker mining action done | Hard Worker tracking staged | Hard Worker wood chopped 1 of 3 | Hard Worker wood chopped and food cooked 2 of 3 | Wood chopped, food cooked, and ore mined",Y,Y,Y,Y,Y,Y,Y,Y,N,Y,N,N,N,radiant_counter_objective_covered,none,
radiant_counter_objective,OBJ-002762,Chop Wood Representative Activity,OBJ-002762,radiant,no_journal_activity_radiant,main_route,,,,8,0,completed_now | hert_help_completed_after_representative | local_variant_completed | progressed_in_guide | temba_variant_completed_after_representative | tool_access_staged_for_mr003,complete | complete_or_already_represented | staged_for_mr003_completion | variant_complete,Falkreath Land Lakeview Foundation And Glenmoril Coven | First Brotherhood Contracts And Muiri's Revenge | First Day In Whiterun | Helgen Riverwood And First Survival Loop | High Hrothgar Ustengrav Morthal And The Embassy | Solitude Coast Dragon Bridge Wild Horse And Wolfskull | ... (8 total),Activity - Chop Wood for Hert | Activity - Chop Wood for Hulda | Activity - Chop Wood for Temba | Woodcutter axe acquired for Whiterun chop wood | [CHECKLIST: Activity - Chop Wood for Horgeir] | [CHECKLIST: Activity - Chop Wood for Jorgen] | ... (8 total),Y,Y,Y,Y,N,N,Y,Y,N,Y,N,N,N,radiant_counter_objective_covered,none,
radiant_counter_objective,OBJ-002763,Gather Wheat Representative Activity,OBJ-002763,radiant,no_journal_activity_radiant,main_route,,,,8,0,advanced_in_guide | already_completed_not_repeated | boti_variant_completed_after_representative | completed_now | local_variant_completed | mathies_help_completed_after_representative | ... (7 total),complete | complete_for_three_windhelm_entries | complete_from_mr006 | complete_or_already_represented | variant_complete,Falkreath Land Lakeview Foundation And Glenmoril Coven | Goldenhills Farm And Rorikstead | Guardian Stones Cache And Whiterun Farm Loop | Markarth Nchuand-Zel And Old Hroldan | Solitude Coast Dragon Bridge Wild Horse And Wolfskull | Solitude Coast Wild Horse And Wolfskull | ... (8 total),Activity - Sell crops to Alfhild Battle-Born | Activity - Sell crops to Boti | Activity - Sell crops to Mathies | Activity - Sell potatoes to Vigdis Salvius | Rorikstead crop sales not repeated | [CHECKLIST: Activity - Gather crops for Azzada Lylvieve] | ... (8 total),Y,N,Y,Y,N,Y,Y,N,N,Y,N,N,N,radiant_counter_objective_covered,none,
radiant_counter_objective,OBJ-002764,Mine Ore Representative Activity,OBJ-002764,radiant,no_journal_activity_radiant,main_route,,,,11,0,completed_now | local_variant_completed | not_completed_here | placed_in_guide | progressed_in_guide | progressed_now | ... (7 total),complete | complete_or_already_represented | complete_specific_variant | in_progress | staged_for_later_mine_and_paid_turnin | staged_for_later_paid_ore_turnin,"Bards College Lost Library And Instrument Roads | Dawnstar, Pale Blade, And Heljarchen | Fort Dawnguard Recruits Prophet And Lost Relics | Guardian Stones Cache And Whiterun Farm Loop | Halted Stream And Silent Moons Level Gate | High Hrothgar Ustengrav Morthal And The Embassy | ... (11 total)",Activity - Mine Ore for Grogmar | Activity - Mine iron ore for Skaggi Scar-Face | Activity - Mine ore vein | Mine ore representative activity deferred | Mor Khazgur ore sold | [CHECKLIST: Activity - Mine ore for Beitild] | ... (10 total),Y,Y,Y,Y,Y,N,Y,Y,N,Y,N,N,N,radiant_counter_objective_covered,none,
radiant_counter_objective,OBJ-002765,Fight! Fight! Representative Brawl,OBJ-002765,radiant,no_journal_brawl_radiant,main_route,,,,3,0,completed_now | local_variant_completed | placed_in_guide,complete | complete_or_already_represented | complete_specific_variant,First Day In Whiterun | Fort Dawnguard Recruits Prophet And Lost Relics | High Hrothgar Ustengrav Morthal And The Embassy,Favor - Uthgerd brawl | Larak brawl won | [CHECKLIST: Quest - Fight! Fight!: Benor],Y,Y,Y,N,N,N,Y,N,N,Y,N,N,N,radiant_counter_objective_covered,none,
radiant_counter_objective,OBJ-002766,Quest all Beggars Have Representative Favor,OBJ-002766,radiant,no_journal_favor_radiant,main_route,,,,3,0,completed_now | narfi_variant_completed_after_representative | option_advanced,complete | complete_or_already_represented | representative_already_complete_option_unlocked_if_available,First Day In Whiterun | Southern Warm Corridor | Windhelm Murder Investigation And White Phial,Angrenor Once-Honored donation if dialogue available | Favor - Brenuin beggar gift | Favor - Narfi beggar gift,Y,Y,Y,N,Y,N,Y,N,N,Y,N,N,N,radiant_counter_objective_covered,none,
radiant_counter_objective,OBJ-002767,Quest all Drunks Have Representative Favor,OBJ-002767,radiant,no_journal_favor_radiant,main_route,,,,3,0,completed_now | placed_in_guide | retrospectively_placed_in_guide,complete,"Bards College, Lost Library, And Instrument Roads | Dawnstar, Pale Blade, And Heljarchen | Helgen Riverwood And First Survival Loop",Favor - Embry drink favor | [CHECKLIST: Favor - Quest all Drunks Have: Ranmir] | [CHECKLIST: Quest - Quest all Drunks Have: Karl],Y,Y,Y,N,Y,N,Y,N,N,Y,N,N,N,radiant_counter_objective_covered,none,
radiant_counter_objective,OBJ-002773,Thief Trophy Set,OBJ-002773,trophy,general_trophy,main_route,,,,1,0,needs_route_resolution_added,NEEDS ROUTE RESOLUTION,Final Reconciliation open route-resolution items,NEEDS ROUTE RESOLUTION: OBJ-002773 Thief Trophy Set,Y,Y,Y,Y,Y,Y,Y,Y,N,Y,Y,Y,N,radiant_counter_objective_route_resolution_recorded,none_existing_route_resolution,
radiant_counter_objective,OBJ-002774,Snake Tongue Trophy Set,OBJ-002774,trophy,general_trophy,main_route,,,,3,0,conditional_persuade_slot | counter_advanced_if_successful | needs_route_resolution_added,NEEDS ROUTE RESOLUTION | conditional_in_progress_else_later | in_progress,First Day In Whiterun | First Riften Visit And Guild Doorway | TB-038R order and delayed-task repair register,NEEDS ROUTE RESOLUTION: OBJ-002774 Snake Tongue Trophy Set | Snake Tongue Persuade 1 of 3 if Mikael persuade succeeds | Snake Tongue Persuade or Bribe success,Y,Y,Y,Y,Y,Y,Y,Y,N,Y,Y,N,N,radiant_counter_objective_route_resolution_recorded,none_existing_route_resolution,
radiant_counter_objective,OBJ-002775,Citizen Trophy Set,OBJ-002775,trophy,general_trophy,main_route,,,,4,0,complete_already_or_by_breezehome | conditional_completed_now | not_completed_here,complete | complete_if_first_home | staged_for_first_house_purchase,Guardian Stones Cache And Whiterun Farm Loop | Riften Thaneship Frost And Rift Roads | Saadia First Horse And Western Road Support | Whiterun Property Western Caves Gray-Mane Rescue And Onmund,Citizen trophy staged | First legal city house purchase is complete | Trophy - Citizen,Y,Y,Y,Y,Y,N,Y,Y,Y,Y,N,N,Y,radiant_counter_objective_covered,none,
radiant_counter_objective,OBJ-002776,Wanted Trophy Set,OBJ-002776,trophy,general_trophy,main_route,,,,1,0,trophy_branch_covered,branch_complete_then_reloaded,Master Criminal Trophy Branch,Wanted trophy condition covered during Master Criminal branch,Y,Y,Y,Y,Y,Y,Y,Y,N,Y,Y,N,Y,radiant_counter_objective_route_resolution_recorded,none_existing_route_resolution,
radiant_counter_objective,OBJ-002777,Master Criminal Trophy Set,OBJ-002777,trophy,general_trophy,branch_route,,,,1,0,trophy_branch_completed,branch_complete_then_reloaded,Master Criminal Trophy Branch,1000 bounty in all nine holds at the same time,Y,Y,Y,Y,Y,Y,Y,Y,N,Y,Y,N,Y,radiant_counter_objective_route_resolution_recorded,none_existing_route_resolution,
radiant_counter_objective,OBJ-002778,Golden Touch Trophy Set,OBJ-002778,trophy,general_trophy,main_route,,,,1,0,checkpoint_placed,complete_or_staged_until_gold_total,"Crafting, Enchanting, Alchemy, and Investments",Check 100000 gold before final spending,Y,Y,Y,Y,Y,N,Y,Y,Y,Y,Y,N,Y,radiant_counter_objective_route_resolution_recorded,none_existing_route_resolution,
radiant_counter_objective,OBJ-002779,Dragon Hunter Trophy Set,OBJ-002779,trophy,general_trophy,main_route,,,,4,0,counter_checked | counter_started | needs_route_resolution_added | tracking_continued,NEEDS ROUTE RESOLUTION | in_progress | in_progress_or_complete_pending_counter_total,Bleak Falls Barrow And First Dragon | Collectible Reconciliation | TB-038R order and delayed-task repair register | World-Eater's Eyrie and Dragonslayer,Dragon Hunter counter 1 of 20 | Dragon Hunter counter checked at 20 absorbed souls | NEEDS ROUTE RESOLUTION: OBJ-002779 Dragon Hunter Trophy Set | Skuldafn dragon souls counted only if absorbed,Y,Y,Y,Y,Y,Y,Y,Y,N,Y,Y,N,Y,radiant_counter_objective_route_resolution_recorded,none_existing_route_resolution,
radiant_counter_objective,OBJ-002780,Apprentice Trophy Set,OBJ-002780,trophy,level_trophy,main_route,,,,2,0,checkpoint_already_handled | checkpoint_recorded,complete_or_already_complete,Halted Stream And Silent Moons Level Gate | Rising Dead Early Activation,Level 5 checkpoint already handled | Level 5 checkpoint for Anonymous Letter,Y,Y,Y,Y,Y,N,Y,Y,Y,Y,N,N,Y,radiant_counter_objective_covered,none,
radiant_counter_objective,OBJ-002781,Adept Trophy Set,OBJ-002781,trophy,level_trophy,main_route,,,,1,0,level_trophy_confirmed,complete,All-Perks Loop,Adept level threshold surpassed,Y,Y,N,Y,Y,Y,Y,Y,N,Y,N,N,Y,radiant_counter_objective_covered,none,
radiant_counter_objective,OBJ-002782,Expert Trophy Set,OBJ-002782,trophy,level_trophy,main_route,,,,1,0,level_trophy_confirmed,complete,All-Perks Loop,Expert level threshold surpassed,Y,Y,Y,Y,Y,N,Y,Y,N,Y,N,N,Y,radiant_counter_objective_covered,none,
radiant_counter_objective,OBJ-002783,Master Trophy Set,OBJ-002783,trophy,level_trophy,main_route,,,,1,0,level_trophy_confirmed,complete,All-Perks Loop,Master level threshold surpassed,Y,Y,Y,Y,Y,Y,Y,Y,Y,Y,N,N,N,radiant_counter_objective_covered,none,
radiant_counter_objective,OBJ-002784,Legend Trophy Set,OBJ-002784,trophy,dawnguard_trophy,main_route,,,,1,0,level_78_dragon_seekers_loop,complete_after_legendary_dragon,Level 78 and Level 80 Gates,Legendary Dragon defeated after level 78,Y,Y,Y,Y,Y,Y,Y,Y,N,Y,N,N,Y,radiant_counter_objective_covered,none,
radiant_counter_objective,OBJ-002786,Dragon Hunting,OBJ-002786,radiant,blades_branch_radiant,branch_route,,,,3,0,audited_not_started_here | not_duplicated_here | placed_in_guide,complete | complete_in_mr043 | staged_for_blades_branch_or_pre_elder_scroll_policy,Blades Research Blackreach And The Fallen | Karthspire Sky Haven And Dragonbane | Paarthurnax And Blades Branch,Already completed in Blades Research Blackreach And The Fallen | Dragon Hunting left for controlled Blades/Paarthurnax policy | One Blades dragon hunt completed at assigned lair,Y,Y,Y,Y,Y,Y,Y,Y,N,Y,N,N,Y,radiant_counter_objective_covered,none,
radiant_counter_objective,OBJ-002787,Archery Practice,OBJ-002787,misc_objective,angi_archery_practice,main_route,,,,3,0,audited_not_routed_here | placed_in_guide,complete | staged_for_late_archery_scholars_insight_route | staged_for_later_archery_route,Collectible Reconciliation | Falkreath Land Lakeview Foundation And Glenmoril Coven | Southern Warm Corridor,Angi Archery Practice completed | Angi's Camp and Archery Practice later,Y,Y,Y,Y,Y,Y,Y,Y,N,Y,N,N,Y,radiant_counter_objective_covered,none,
radiant_counter_checklist,CHK-QUESTS-0021,Enchanting Pick-Up,OBJ-000122,radiant,college_repeatable,main_route,CHK-QUESTS-0021,Quests,Main-route prototype block,2,2,audited_not_started_here | placed_in_guide,complete | staged_for_college_radiant_control_pass,"College Errands Arniel Septimus And Aetherium | Winterhold, College Entry, And Saarthal",Enchanting Pick-Up later | One Sergius client pickup completed,Y,Y,Y,N,Y,N,Y,N,N,Y,N,N,N,radiant_counter_checklist_covered,none,
radiant_counter_checklist,CHK-QUESTS-0023,Restocking Soul Gems,OBJ-000123,radiant,college_repeatable,main_route,CHK-QUESTS-0023,Quests,Main-route prototype block,2,2,audited_not_started_here | placed_in_guide,complete | staged_for_empty_soul_gem_material_plan,"College Errands Arniel Septimus And Aetherium | Winterhold, College Entry, And Saarthal",One Sergius empty soul gem request completed | Restocking Soul Gems later,Y,Y,Y,Y,Y,N,Y,Y,N,Y,N,N,N,radiant_counter_checklist_covered,none,
radiant_counter_checklist,CHK-QUESTS-0025,Tolfdir The Absent-Minded,OBJ-000126,radiant,college_repeatable,main_route,CHK-QUESTS-0025,Quests,Main-route prototype block,2,2,audited_not_started_here | placed_in_guide,complete | staged_until_tolfdir_returns_from_saarthal,"Fellglow Keep And Good Intentions | Winterhold, College Entry, And Saarthal",Tolfdir's Alembic later | [CHECKLIST: Quest - Tolfdir The Absent-Minded],Y,Y,Y,Y,Y,Y,Y,Y,N,Y,N,N,N,radiant_counter_checklist_covered,none,
radiant_counter_checklist,CHK-QUESTS-0027,Aftershock,OBJ-000124,radiant,college_repeatable,main_route,CHK-QUESTS-0027,Quests,Main-route prototype block,1,1,placed_in_guide,complete,College Errands Arniel Septimus And Aetherium,One Tolfdir rupture assignment completed,Y,Y,Y,Y,Y,N,Y,Y,N,Y,N,N,N,radiant_counter_checklist_covered,none,
radiant_counter_checklist,CHK-QUESTS-0029,Fetch me that Book!,OBJ-000127,radiant,college_repeatable,main_route,CHK-QUESTS-0029,Quests,Main-route prototype block,3,3,audited_not_started_here | needs_route_resolution_added,NEEDS ROUTE RESOLUTION | staged_for_college_radiant_control_pass | staged_for_late_random_radiant_control,"College Errands Arniel Septimus And Aetherium | TB-038R order and delayed-task repair register | Winterhold, College Entry, And Saarthal",Fetch me that Book held for later random-dungeon block | Fetch me that Book later | NEEDS ROUTE RESOLUTION: CHK-QUESTS-0029 Fetch me that Book! | NEEDS ROUTE RESOLUTION: OBJ-000127 Fetch me that Book!,Y,Y,Y,Y,N,Y,Y,Y,N,Y,Y,Y,N,radiant_counter_checklist_route_resolution_recorded,none_existing_route_resolution,
radiant_counter_checklist,CHK-QUESTS-0031,Shalidor's Insights,OBJ-000128,radiant,college_repeatable,main_route,CHK-QUESTS-0031,Quests,Main-route prototype block,3,4,audited_not_started_here | needs_route_resolution_added,NEEDS ROUTE RESOLUTION | staged_for_college_radiant_control_pass | staged_for_late_random_radiant_control,"College Errands Arniel Septimus And Aetherium | Labyrinthian And The Eye Of Magnus | TB-038R order and delayed-task repair register | Winterhold, College Entry, And Saarthal",NEEDS ROUTE RESOLUTION: CHK-QUESTS-0031 Shalidor's Insights | NEEDS ROUTE RESOLUTION: OBJ-000128 Shalidor's Insights | Shalidor's Insights held | Shalidor's Insights held for later random-dungeon block | Shalidor's Insights later,Y,Y,Y,Y,Y,Y,N,Y,N,Y,Y,Y,Y,radiant_counter_checklist_route_resolution_recorded,none_existing_route_resolution,
radiant_counter_checklist,CHK-QUESTS-0044,Out of Balance,OBJ-000121,radiant,college_repeatable,main_route,CHK-QUESTS-0044,Quests,Main-route prototype block,1,1,placed_in_guide,complete,"Winterhold, College Entry, And Saarthal",[CHECKLIST: Quest - Out of Balance],Y,Y,Y,Y,Y,N,Y,Y,N,Y,N,N,N,radiant_counter_checklist_covered,none,
radiant_counter_checklist,CHK-QUESTS-0045,Rejoining the College,OBJ-000125,radiant,college_repeatable,excluded,CHK-QUESTS-0045,Quests,Explicit exclusion,0,1,explicit_exclusion_reaffirmed,excluded,Internal exclusion coverage,Excluded from intentional route,Y,Y,Y,N,N,N,N,N,N,Y,N,Y,N,radiant_counter_checklist_excluded,none,
radiant_counter_checklist,CHK-QUESTS-0057,Dragon Hunting,OBJ-002786,radiant,blades_branch_radiant,branch_route,CHK-QUESTS-0057,Quests,Branch-route prototype,2,3,audited_not_started_here | not_duplicated_here | placed_in_guide,complete | complete_in_mr043 | staged_for_blades_branch_or_pre_elder_scroll_policy,Blades Research Blackreach And The Fallen | Karthspire Sky Haven And Dragonbane | Paarthurnax And Blades Branch,Already completed in Blades Research Blackreach And The Fallen | Already completed in MR-043 | Dragon Hunting left for controlled Blades/Paarthurnax policy | One Blades Dragon Hunting radiant completed | One Blades dragon hunt completed at assigned lair,Y,Y,Y,Y,Y,Y,Y,Y,N,Y,N,N,Y,radiant_counter_checklist_covered,none,
radiant_counter_checklist,CHK-QUESTS-0059,Animal Extermination,OBJ-000102,radiant,companions_radiant,main_route,CHK-QUESTS-0059,Quests,Main-route prototype block,0,2,conditional_fallback_or_actual_assignment | conditional_second_gate_if_assigned,conditional_complete_if_assigned,Beast Blood And The Silver Hand | Companions Entry,Matching radiant checklist cue for actual second gate job | Radiant - Animal Extermination,Y,Y,Y,Y,Y,N,Y,Y,Y,Y,N,N,Y,radiant_counter_checklist_covered,none,
radiant_counter_checklist,CHK-QUESTS-0060,Animal Extermination,OBJ-000102,radiant,companions_radiant,main_route,CHK-QUESTS-0060,Quests,Main-route prototype block,0,2,conditional_fallback_or_actual_assignment | conditional_second_gate_if_assigned,conditional_complete_if_assigned,Beast Blood And The Silver Hand | Companions Entry,Matching radiant checklist cue for actual second gate job | Radiant - Animal Extermination,Y,Y,Y,Y,Y,N,Y,Y,Y,Y,N,N,Y,radiant_counter_checklist_covered,none,
radiant_counter_checklist,CHK-QUESTS-0061,Striking the Heart,OBJ-000109,radiant,companions_radiant_windowed,main_route,CHK-QUESTS-0061,Quests,Main-route prototype block,1,1,completed_if_assigned | completed_if_assigned_in_two_aela_jobs,conditional_complete_or_not_offered,Beast Blood And The Silver Hand,Radiant - Striking the Heart,Y,Y,Y,Y,Y,N,Y,Y,Y,Y,N,N,Y,radiant_counter_checklist_covered,none,
radiant_counter_checklist,CHK-QUESTS-0062,Stealing Plans,OBJ-000110,radiant,companions_radiant_windowed,main_route,CHK-QUESTS-0062,Quests,Main-route prototype block,1,1,completed_if_assigned | completed_if_assigned_in_two_aela_jobs,conditional_complete_or_one_save_limited,Beast Blood And The Silver Hand,Radiant - Stealing Plans,Y,Y,Y,Y,Y,N,Y,Y,Y,Y,N,N,Y,radiant_counter_checklist_covered,none,
radiant_counter_checklist,CHK-QUESTS-0063,Retrieval,OBJ-000111,radiant,companions_radiant_windowed,main_route,CHK-QUESTS-0063,Quests,Main-route prototype block,1,1,completed_if_assigned | completed_if_assigned_in_two_aela_jobs,conditional_complete_or_one_save_limited,Beast Blood And The Silver Hand,Radiant - Retrieval,Y,Y,Y,Y,Y,Y,Y,Y,Y,Y,Y,Y,Y,radiant_counter_checklist_route_resolution_recorded,none_existing_route_resolution,
radiant_counter_checklist,CHK-QUESTS-0064,Totems of Hircine,OBJ-000112,radiant,companions_post_quest,main_route,CHK-QUESTS-0064,Quests,Main-route prototype block,1,2,not_available_yet | placed_in_guide,complete | staged_for_post_glory_werewolf_route,"Beast Blood And The Silver Hand | Companions Finale, Totems, And Beast-Blood Preservation",All three Totems of Hircine completed | Totems of Hircine later,Y,Y,Y,Y,Y,N,Y,Y,N,Y,N,N,N,radiant_counter_checklist_covered,none,
radiant_counter_checklist,CHK-QUESTS-0065,Hired Muscle,OBJ-000104,radiant,companions_radiant,main_route,CHK-QUESTS-0065,Quests,Main-route prototype block,0,2,conditional_if_first_clean_farkas_contract | conditional_second_gate_if_assigned,conditional_complete_or_already_recorded_or_not_assigned | conditional_complete_or_seed_unavailable,Beast Blood And The Silver Hand | Companions Entry,Matching radiant checklist cue for actual second gate job | Radiant - Hired Muscle; Quest - Scare My Enemy,Y,Y,Y,Y,Y,N,Y,Y,Y,Y,N,N,Y,radiant_counter_checklist_covered,none,
radiant_counter_checklist,CHK-QUESTS-0066,Trouble in Skyrim,OBJ-000105,radiant,companions_radiant,main_route,CHK-QUESTS-0066,Quests,Main-route prototype block,0,2,conditional_if_assigned_and_clean | conditional_second_gate_if_assigned,conditional_complete_if_assigned | conditional_complete_or_reloaded_for_bug_recovery,Beast Blood And The Silver Hand | Companions Entry,Matching radiant checklist cue for actual second gate job | Radiant - Trouble in Skyrim,Y,Y,Y,Y,Y,N,Y,Y,N,Y,N,N,Y,radiant_counter_checklist_covered,none,
radiant_counter_checklist,CHK-QUESTS-0067,Family Heirloom,OBJ-000106,radiant,companions_radiant,main_route,CHK-QUESTS-0067,Quests,Main-route prototype block,0,2,conditional_if_assigned | conditional_second_gate_if_assigned,conditional_complete_if_assigned,Beast Blood And The Silver Hand | Companions Entry,Matching radiant checklist cue for actual second gate job | Radiant - Family Heirloom,Y,Y,Y,Y,Y,N,Y,Y,Y,Y,N,N,Y,radiant_counter_checklist_covered,none,
radiant_counter_checklist,CHK-QUESTS-0068,Escaped Criminal,OBJ-000107,radiant,companions_radiant,main_route,CHK-QUESTS-0068,Quests,Main-route prototype block,0,2,conditional_if_assigned | conditional_second_gate_if_assigned,conditional_complete_if_assigned,Beast Blood And The Silver Hand | Companions Entry,Matching radiant checklist cue for actual second gate job | Radiant - Escaped Criminal,Y,Y,Y,Y,Y,N,Y,Y,Y,Y,N,N,Y,radiant_counter_checklist_covered,none,
radiant_counter_checklist,CHK-QUESTS-0069,Rescue Mission,OBJ-000108,radiant,companions_radiant,main_route,CHK-QUESTS-0069,Quests,Main-route prototype block,0,2,conditional_if_assigned | conditional_second_gate_if_assigned,conditional_complete_if_assigned,Beast Blood And The Silver Hand | Companions Entry,Matching radiant checklist cue for actual second gate job | Radiant - Rescue Mission,Y,Y,Y,Y,Y,N,Y,Y,Y,Y,N,N,Y,radiant_counter_checklist_covered,none,
radiant_counter_checklist,CHK-QUESTS-0070,Purity,OBJ-000113,radiant,companions_post_quest,main_route,CHK-QUESTS-0070,Quests,Main-route prototype block,1,2,not_available_yet | placed_in_guide,complete | staged_for_post_glory_route,"Beast Blood And The Silver Hand | Companions Finale, Totems, And Beast-Blood Preservation",Companions Purity later | Farkas and Vilkas Purity completed,Y,Y,Y,Y,Y,N,Y,Y,N,Y,N,N,Y,radiant_counter_checklist_covered,none,
radiant_counter_checklist,CHK-QUESTS-0071,Dragon Seekers,OBJ-000114,radiant,companions_post_quest,main_route,CHK-QUESTS-0071,Quests,Main-route prototype block,2,3,already_represented_reused_repeatable | late_repeatable_support_for_legend | placed_in_guide,complete | no_new_checklist_requirement | repeatable_support_not_extra_scope,"Companions Finale, Totems, and Beast-Blood Preservation | Level 78 and Level 80 Gates",Dragon Seekers assignment repeated only for hunt support | Dragon Seekers assignment used for guaranteed dragon spawn | Dragon Seekers completed as representative Companions radiant,Y,Y,Y,Y,Y,Y,Y,Y,N,Y,N,N,Y,radiant_counter_checklist_covered,none,
radiant_counter_checklist,CHK-QUESTS-0102,Honor Thy Family,OBJ-000161,radiant,dark_brotherhood_radiant,excluded,CHK-QUESTS-0102,Quests,Explicit exclusion,0,1,explicit_exclusion_reaffirmed,excluded,Internal exclusion coverage,Excluded from intentional route,Y,Y,Y,N,N,N,N,N,N,Y,N,Y,N,radiant_counter_checklist_excluded,none,
radiant_counter_checklist,CHK-QUESTS-0103,The Dark Brotherhood Forever,OBJ-000162,radiant,dark_brotherhood_radiant,main_route,CHK-QUESTS-0103,Quests,Main-route prototype block,1,1,placed_in_guide,complete,"Security, Shadowmere, And The Brotherhood Endgame",[CHECKLIST: Radiant - The Dark Brotherhood Forever representative completed],Y,Y,Y,Y,Y,Y,Y,Y,Y,Y,N,N,N,radiant_counter_checklist_covered,none,
radiant_counter_checklist,CHK-QUESTS-0225,Mine Ore,OBJ-002764,radiant,no_journal_activity_radiant,main_route,CHK-QUESTS-0225,Quests,Main-route prototype block,1,11,completed_now | local_variant_completed | not_completed_here | placed_in_guide | progressed_in_guide | progressed_now | ... (7 total),complete | complete_or_already_represented | complete_specific_variant | in_progress | staged_for_later_mine_and_paid_turnin | staged_for_later_paid_ore_turnin,"Bards College Lost Library And Instrument Roads | Dawnstar, Pale Blade, And Heljarchen | Fort Dawnguard Recruits Prophet And Lost Relics | Guardian Stones Cache And Whiterun Farm Loop | Halted Stream And Silent Moons Level Gate | High Hrothgar Ustengrav Morthal And The Embassy | ... (11 total)",Activity - Mine Ore for Grogmar | Activity - Mine iron ore for Skaggi Scar-Face | Activity - Mine ore vein | Mine ore representative activity deferred | Mor Khazgur ore sold | [CHECKLIST: Activity - Mine ore for Beitild] | ... (11 total),Y,Y,Y,Y,Y,N,Y,Y,N,Y,N,N,N,radiant_counter_checklist_covered,none,
radiant_counter_checklist,CHK-QUESTS-0229,Chop Wood,OBJ-002762,radiant,no_journal_activity_radiant,main_route,CHK-QUESTS-0229,Quests,Main-route prototype block,0,8,completed_now | hert_help_completed_after_representative | local_variant_completed | progressed_in_guide | temba_variant_completed_after_representative | tool_access_staged_for_mr003,complete | complete_or_already_represented | staged_for_mr003_completion | variant_complete,Falkreath Land Lakeview Foundation And Glenmoril Coven | First Brotherhood Contracts And Muiri's Revenge | First Day In Whiterun | Helgen Riverwood And First Survival Loop | High Hrothgar Ustengrav Morthal And The Embassy | Solitude Coast Dragon Bridge Wild Horse And Wolfskull | ... (8 total),Activity - Chop Wood for Hert | Activity - Chop Wood for Hulda | Activity - Chop Wood for Temba | Woodcutter axe acquired for Whiterun chop wood | [CHECKLIST: Activity - Chop Wood for Horgeir] | [CHECKLIST: Activity - Chop Wood for Jorgen] | ... (8 total),Y,Y,Y,Y,N,N,Y,Y,N,Y,N,N,N,radiant_counter_checklist_covered,none,
radiant_counter_checklist,CHK-QUESTS-0235,Mine Ore,OBJ-002764,radiant,no_journal_activity_radiant,main_route,CHK-QUESTS-0235,Quests,Main-route prototype block,1,11,completed_now | local_variant_completed | not_completed_here | placed_in_guide | progressed_in_guide | progressed_now | ... (7 total),complete | complete_or_already_represented | complete_specific_variant | in_progress | staged_for_later_mine_and_paid_turnin | staged_for_later_paid_ore_turnin,"Bards College Lost Library And Instrument Roads | Dawnstar, Pale Blade, And Heljarchen | Fort Dawnguard Recruits Prophet And Lost Relics | Guardian Stones Cache And Whiterun Farm Loop | Halted Stream And Silent Moons Level Gate | High Hrothgar Ustengrav Morthal And The Embassy | ... (11 total)",Activity - Mine Ore for Grogmar | Activity - Mine iron ore for Skaggi Scar-Face | Activity - Mine ore vein | Mine ore representative activity deferred | Mor Khazgur ore sold | [CHECKLIST: Activity - Mine ore for Beitild] | ... (11 total),Y,Y,Y,Y,Y,N,Y,Y,N,Y,N,N,N,radiant_counter_checklist_covered,none,
radiant_counter_checklist,CHK-QUESTS-0237,Fight! Fight!,OBJ-002765,radiant,no_journal_brawl_radiant,main_route,CHK-QUESTS-0237,Quests,Main-route prototype block,0,3,completed_now | local_variant_completed | placed_in_guide,complete | complete_or_already_represented | complete_specific_variant,First Day In Whiterun | Fort Dawnguard Recruits Prophet And Lost Relics | High Hrothgar Ustengrav Morthal And The Embassy,Favor - Uthgerd brawl | Larak brawl won | [CHECKLIST: Quest - Fight! Fight!: Benor],Y,Y,Y,N,N,N,Y,N,N,Y,N,N,N,radiant_counter_checklist_covered,none,
radiant_counter_checklist,CHK-QUESTS-0238,Chop Wood,OBJ-002762,radiant,no_journal_activity_radiant,main_route,CHK-QUESTS-0238,Quests,Main-route prototype block,0,8,completed_now | hert_help_completed_after_representative | local_variant_completed | progressed_in_guide | temba_variant_completed_after_representative | tool_access_staged_for_mr003,complete | complete_or_already_represented | staged_for_mr003_completion | variant_complete,Falkreath Land Lakeview Foundation And Glenmoril Coven | First Brotherhood Contracts And Muiri's Revenge | First Day In Whiterun | Helgen Riverwood And First Survival Loop | High Hrothgar Ustengrav Morthal And The Embassy | Solitude Coast Dragon Bridge Wild Horse And Wolfskull | ... (8 total),Activity - Chop Wood for Hert | Activity - Chop Wood for Hulda | Activity - Chop Wood for Temba | Woodcutter axe acquired for Whiterun chop wood | [CHECKLIST: Activity - Chop Wood for Horgeir] | [CHECKLIST: Activity - Chop Wood for Jorgen] | ... (8 total),Y,Y,Y,Y,N,N,Y,Y,N,Y,N,N,N,radiant_counter_checklist_covered,none,
radiant_counter_checklist,CHK-QUESTS-0240,Gather Wheat,OBJ-002763,radiant,no_journal_activity_radiant,main_route,CHK-QUESTS-0240,Quests,Main-route prototype block,1,8,advanced_in_guide | already_completed_not_repeated | boti_variant_completed_after_representative | completed_now | local_variant_completed | mathies_help_completed_after_representative | ... (8 total),complete | complete_for_three_windhelm_entries | complete_from_mr006 | complete_or_already_represented | variant_complete,Falkreath Land Lakeview Foundation And Glenmoril Coven | Goldenhills Farm And Rorikstead | Guardian Stones Cache And Whiterun Farm Loop | Markarth Nchuand-Zel And Old Hroldan | Solitude Coast Dragon Bridge Wild Horse And Wolfskull | Solitude Coast Wild Horse And Wolfskull | ... (8 total),Activity - Sell crops to Alfhild Battle-Born | Activity - Sell crops to Boti | Activity - Sell crops to Mathies | Activity - Sell potatoes to Vigdis Salvius | Rorikstead crop sales not repeated | [CHECKLIST: Activity - Gather crops for Azzada Lylvieve] | ... (9 total),Y,Y,Y,Y,N,Y,Y,N,N,Y,N,N,N,radiant_counter_checklist_covered,none,
radiant_counter_checklist,CHK-QUESTS-0241,Fight! Fight!,OBJ-002765,radiant,no_journal_brawl_radiant,main_route,CHK-QUESTS-0241,Quests,Main-route prototype block,0,3,completed_now | local_variant_completed | placed_in_guide,complete | complete_or_already_represented | complete_specific_variant,First Day In Whiterun | Fort Dawnguard Recruits Prophet And Lost Relics | High Hrothgar Ustengrav Morthal And The Embassy,Favor - Uthgerd brawl | Larak brawl won | [CHECKLIST: Quest - Fight! Fight!: Benor],Y,Y,Y,N,N,N,Y,N,N,Y,N,N,N,radiant_counter_checklist_covered,none,
radiant_counter_checklist,CHK-QUESTS-0243,Mine Ore,OBJ-002764,radiant,no_journal_activity_radiant,main_route,CHK-QUESTS-0243,Quests,Main-route prototype block,0,11,completed_now | local_variant_completed | not_completed_here | placed_in_guide | progressed_in_guide | progressed_now | ... (7 total),complete | complete_or_already_represented | complete_specific_variant | in_progress | staged_for_later_mine_and_paid_turnin | staged_for_later_paid_ore_turnin,"Bards College Lost Library And Instrument Roads | Dawnstar, Pale Blade, And Heljarchen | Fort Dawnguard Recruits Prophet And Lost Relics | Guardian Stones Cache And Whiterun Farm Loop | Halted Stream And Silent Moons Level Gate | High Hrothgar Ustengrav Morthal And The Embassy | ... (11 total)",Activity - Mine Ore for Grogmar | Activity - Mine iron ore for Skaggi Scar-Face | Activity - Mine ore vein | Mine ore representative activity deferred | Mor Khazgur ore sold | [CHECKLIST: Activity - Mine ore for Beitild] | ... (10 total),Y,Y,Y,Y,Y,N,Y,Y,N,Y,N,N,N,radiant_counter_checklist_covered,none,
radiant_counter_checklist,CHK-QUESTS-0245,Quest all Beggars Have,OBJ-002766,radiant,no_journal_favor_radiant,main_route,CHK-QUESTS-0245,Quests,Main-route prototype block,1,3,completed_now | narfi_variant_completed_after_representative | option_advanced,complete | complete_or_already_represented | option_unlocked_if_available | representative_already_complete_option_unlocked_if_available,First Day In Whiterun | Southern Warm Corridor | Windhelm Murder Investigation And White Phial,Angrenor Once-Honored donation if dialogue available | Favor - Brenuin beggar gift | Favor - Narfi beggar gift,Y,Y,Y,Y,Y,N,Y,N,N,Y,N,N,N,radiant_counter_checklist_covered,none,
radiant_counter_checklist,CHK-QUESTS-0246,Gather Wheat,OBJ-002763,radiant,no_journal_activity_radiant,main_route,CHK-QUESTS-0246,Quests,Main-route prototype block,1,8,advanced_in_guide | already_completed_not_repeated | boti_variant_completed_after_representative | completed_now | local_variant_completed | mathies_help_completed_after_representative | ... (8 total),complete | complete_for_three_windhelm_entries | complete_from_mr006 | complete_or_already_represented | variant_complete,Falkreath Land Lakeview Foundation And Glenmoril Coven | Goldenhills Farm And Rorikstead | Guardian Stones Cache And Whiterun Farm Loop | Markarth Nchuand-Zel And Old Hroldan | Solitude Coast Dragon Bridge Wild Horse And Wolfskull | Solitude Coast Wild Horse And Wolfskull | ... (8 total),Activity - Sell crops to Alfhild Battle-Born | Activity - Sell crops to Boti | Activity - Sell crops to Mathies | Activity - Sell potatoes to Vigdis Salvius | Rorikstead crop sales not repeated | [CHECKLIST: Activity - Gather crops for Azzada Lylvieve] | ... (9 total),Y,Y,Y,Y,N,Y,Y,N,N,Y,N,N,N,radiant_counter_checklist_covered,none,
radiant_counter_checklist,CHK-QUESTS-0247,Quest all Beggars Have,OBJ-002766,radiant,no_journal_favor_radiant,main_route,CHK-QUESTS-0247,Quests,Main-route prototype block,0,3,completed_now | narfi_variant_completed_after_representative | option_advanced,complete | complete_or_already_represented | representative_already_complete_option_unlocked_if_available,First Day In Whiterun | Southern Warm Corridor | Windhelm Murder Investigation And White Phial,Angrenor Once-Honored donation if dialogue available | Favor - Brenuin beggar gift | Favor - Narfi beggar gift,Y,Y,Y,N,Y,N,Y,N,N,Y,N,N,N,radiant_counter_checklist_covered,none,
radiant_counter_checklist,CHK-QUESTS-0248,Gather Wheat,OBJ-002763,radiant,no_journal_activity_radiant,main_route,CHK-QUESTS-0248,Quests,Main-route prototype block,1,8,advanced_in_guide | already_completed_not_repeated | boti_variant_completed_after_representative | completed_now | local_variant_completed | mathies_help_completed_after_representative | ... (8 total),complete | complete_for_three_windhelm_entries | complete_from_mr006 | complete_or_already_represented | variant_complete,Falkreath Land Lakeview Foundation And Glenmoril Coven | Goldenhills Farm And Rorikstead | Guardian Stones Cache And Whiterun Farm Loop | Markarth Nchuand-Zel And Old Hroldan | Solitude Coast Dragon Bridge Wild Horse And Wolfskull | Solitude Coast Wild Horse And Wolfskull | ... (8 total),Activity - Sell crops to Alfhild Battle-Born | Activity - Sell crops to Boti | Activity - Sell crops to Mathies | Activity - Sell potatoes to Vigdis Salvius | Rorikstead crop sales not repeated | [CHECKLIST: Activity - Gather crops for Azzada Lylvieve] | ... (9 total),Y,Y,Y,Y,N,Y,Y,N,N,Y,N,N,N,radiant_counter_checklist_covered,none,
radiant_counter_checklist,CHK-QUESTS-0249,Quest all Drunks Have,OBJ-002767,radiant,no_journal_favor_radiant,main_route,CHK-QUESTS-0249,Quests,Main-route prototype block,0,3,completed_now | placed_in_guide | retrospectively_placed_in_guide,complete,"Bards College, Lost Library, And Instrument Roads | Dawnstar, Pale Blade, And Heljarchen | Helgen Riverwood And First Survival Loop",Favor - Embry drink favor | [CHECKLIST: Favor - Quest all Drunks Have: Ranmir] | [CHECKLIST: Quest - Quest all Drunks Have: Karl],Y,Y,Y,N,Y,N,Y,N,N,Y,N,N,N,radiant_counter_checklist_covered,none,
radiant_counter_checklist,CHK-QUESTS-0256,Chop Wood,OBJ-002762,radiant,no_journal_activity_radiant,main_route,CHK-QUESTS-0256,Quests,Main-route prototype block,1,8,completed_now | hert_help_completed_after_representative | local_variant_completed | progressed_in_guide | temba_variant_completed_after_representative | tool_access_staged_for_mr003,complete | complete_or_already_represented | staged_for_mr003_completion | variant_complete,Falkreath Land Lakeview Foundation And Glenmoril Coven | First Brotherhood Contracts And Muiri's Revenge | First Day In Whiterun | Helgen Riverwood And First Survival Loop | High Hrothgar Ustengrav Morthal And The Embassy | Solitude Coast Dragon Bridge Wild Horse And Wolfskull | ... (8 total),Activity - Chop Wood for Hert | Activity - Chop Wood for Hulda | Activity - Chop Wood for Temba | Woodcutter axe acquired for Whiterun chop wood | [CHECKLIST: Activity - Chop Wood for Horgeir] | [CHECKLIST: Activity - Chop Wood for Jorgen] | ... (8 total),Y,Y,Y,Y,N,N,Y,Y,N,Y,N,N,N,radiant_counter_checklist_covered,none,
radiant_counter_checklist,CHK-QUESTS-0258,Archery Practice,OBJ-002787,misc_objective,angi_archery_practice,main_route,CHK-QUESTS-0258,Quests,Main-route prototype block,3,3,audited_not_routed_here | placed_in_guide,complete | staged_for_late_archery_scholars_insight_route | staged_for_later_archery_route,Collectible Reconciliation | Falkreath Land Lakeview Foundation And Glenmoril Coven | Southern Warm Corridor,Angi Archery Practice completed | Angi's Camp and Archery Practice later,Y,Y,Y,Y,Y,Y,Y,Y,N,Y,N,N,Y,radiant_counter_checklist_covered,none,
radiant_counter_checklist,CHK-QUESTS-0262,Gather Wheat,OBJ-002763,radiant,no_journal_activity_radiant,main_route,CHK-QUESTS-0262,Quests,Main-route prototype block,1,8,advanced_in_guide | already_completed_not_repeated | boti_variant_completed_after_representative | completed_now | local_variant_completed | mathies_help_completed_after_representative | ... (7 total),complete | complete_for_three_windhelm_entries | complete_from_mr006 | complete_or_already_represented | variant_complete,Falkreath Land Lakeview Foundation And Glenmoril Coven | Goldenhills Farm And Rorikstead | Guardian Stones Cache And Whiterun Farm Loop | Markarth Nchuand-Zel And Old Hroldan | Solitude Coast Dragon Bridge Wild Horse And Wolfskull | Solitude Coast Wild Horse And Wolfskull | ... (8 total),Activity - Sell crops to Alfhild Battle-Born | Activity - Sell crops to Boti | Activity - Sell crops to Mathies | Activity - Sell potatoes to Vigdis Salvius | Rorikstead crop sales not repeated | [CHECKLIST: Activity - Gather crops for Azzada Lylvieve] | ... (8 total),Y,Y,Y,Y,N,Y,Y,N,N,Y,N,N,N,radiant_counter_checklist_covered,none,
radiant_counter_checklist,CHK-QUESTS-0268,Mine Ore,OBJ-002764,radiant,no_journal_activity_radiant,main_route,CHK-QUESTS-0268,Quests,Main-route prototype block,1,11,completed_now | local_variant_completed | not_completed_here | placed_in_guide | progressed_in_guide | progressed_now | ... (7 total),complete | complete_or_already_represented | complete_specific_variant | in_progress | staged_for_later_mine_and_paid_turnin | staged_for_later_paid_ore_turnin,"Bards College Lost Library And Instrument Roads | Dawnstar, Pale Blade, And Heljarchen | Fort Dawnguard Recruits Prophet And Lost Relics | Guardian Stones Cache And Whiterun Farm Loop | Halted Stream And Silent Moons Level Gate | High Hrothgar Ustengrav Morthal And The Embassy | ... (11 total)",Activity - Mine Ore for Grogmar | Activity - Mine iron ore for Skaggi Scar-Face | Activity - Mine ore vein | Mine ore representative activity deferred | Mor Khazgur ore sold | [CHECKLIST: Activity - Mine ore for Beitild] | ... (10 total),Y,Y,Y,Y,Y,N,Y,Y,N,Y,N,N,N,radiant_counter_checklist_covered,none,
radiant_counter_checklist,CHK-QUESTS-0272,Chop Wood,OBJ-002762,radiant,no_journal_activity_radiant,main_route,CHK-QUESTS-0272,Quests,Main-route prototype block,0,8,completed_now | hert_help_completed_after_representative | local_variant_completed | progressed_in_guide | temba_variant_completed_after_representative | tool_access_staged_for_mr003,complete | complete_or_already_represented | staged_for_mr003_completion | variant_complete,Falkreath Land Lakeview Foundation And Glenmoril Coven | First Brotherhood Contracts And Muiri's Revenge | First Day In Whiterun | Helgen Riverwood And First Survival Loop | High Hrothgar Ustengrav Morthal And The Embassy | Solitude Coast Dragon Bridge Wild Horse And Wolfskull | ... (8 total),Activity - Chop Wood for Hert | Activity - Chop Wood for Hulda | Activity - Chop Wood for Temba | Woodcutter axe acquired for Whiterun chop wood | [CHECKLIST: Activity - Chop Wood for Horgeir] | [CHECKLIST: Activity - Chop Wood for Jorgen] | ... (8 total),Y,Y,Y,Y,N,N,Y,Y,N,Y,N,N,N,radiant_counter_checklist_covered,none,
radiant_counter_checklist,CHK-QUESTS-0273,Chop Wood,OBJ-002762,radiant,no_journal_activity_radiant,main_route,CHK-QUESTS-0273,Quests,Main-route prototype block,1,8,completed_now | hert_help_completed_after_representative | local_variant_completed | progressed_in_guide | temba_variant_completed_after_representative | tool_access_staged_for_mr003,complete | complete_or_already_represented | staged_for_mr003_completion | variant_complete,Falkreath Land Lakeview Foundation And Glenmoril Coven | First Brotherhood Contracts And Muiri's Revenge | First Day In Whiterun | Helgen Riverwood And First Survival Loop | High Hrothgar Ustengrav Morthal And The Embassy | Solitude Coast Dragon Bridge Wild Horse And Wolfskull | ... (8 total),Activity - Chop Wood for Hert | Activity - Chop Wood for Hulda | Activity - Chop Wood for Temba | Woodcutter axe acquired for Whiterun chop wood | [CHECKLIST: Activity - Chop Wood for Horgeir] | [CHECKLIST: Activity - Chop Wood for Jorgen] | ... (8 total),Y,Y,Y,Y,N,N,Y,Y,N,Y,N,N,N,radiant_counter_checklist_covered,none,
radiant_counter_checklist,CHK-QUESTS-0276,Fight! Fight!,OBJ-002765,radiant,no_journal_brawl_radiant,main_route,CHK-QUESTS-0276,Quests,Main-route prototype block,1,3,completed_now | local_variant_completed | placed_in_guide,complete | complete_or_already_represented | complete_specific_variant,First Day In Whiterun | Fort Dawnguard Recruits Prophet And Lost Relics | High Hrothgar Ustengrav Morthal And The Embassy,Favor - Uthgerd brawl | Larak brawl won | [CHECKLIST: Quest - Fight! Fight!: Benor],Y,Y,Y,N,N,N,Y,N,N,Y,N,N,N,radiant_counter_checklist_covered,none,
radiant_counter_checklist,CHK-QUESTS-0281,Chop Wood,OBJ-002762,radiant,no_journal_activity_radiant,main_route,CHK-QUESTS-0281,Quests,Main-route prototype block,1,8,completed_now | hert_help_completed_after_representative | local_variant_completed | progressed_in_guide | temba_variant_completed_after_representative | tool_access_staged_for_mr003,complete | complete_or_already_represented | staged_for_mr003_completion | variant_complete,Falkreath Land Lakeview Foundation And Glenmoril Coven | First Brotherhood Contracts And Muiri's Revenge | First Day In Whiterun | Helgen Riverwood And First Survival Loop | High Hrothgar Ustengrav Morthal And The Embassy | Solitude Coast Dragon Bridge Wild Horse And Wolfskull | ... (8 total),Activity - Chop Wood for Hert | Activity - Chop Wood for Hulda | Activity - Chop Wood for Temba | Woodcutter axe acquired for Whiterun chop wood | [CHECKLIST: Activity - Chop Wood for Horgeir] | [CHECKLIST: Activity - Chop Wood for Jorgen] | ... (8 total),Y,Y,Y,Y,N,N,Y,Y,N,Y,N,N,N,radiant_counter_checklist_covered,none,
radiant_counter_checklist,CHK-QUESTS-0285,Gather Wheat,OBJ-002763,radiant,no_journal_activity_radiant,main_route,CHK-QUESTS-0285,Quests,Main-route prototype block,1,8,advanced_in_guide | already_completed_not_repeated | boti_variant_completed_after_representative | completed_now | local_variant_completed | mathies_help_completed_after_representative | ... (7 total),complete | complete_for_three_windhelm_entries | complete_from_mr006 | complete_or_already_represented | variant_complete,Falkreath Land Lakeview Foundation And Glenmoril Coven | Goldenhills Farm And Rorikstead | Guardian Stones Cache And Whiterun Farm Loop | Markarth Nchuand-Zel And Old Hroldan | Solitude Coast Dragon Bridge Wild Horse And Wolfskull | Solitude Coast Wild Horse And Wolfskull | ... (8 total),Activity - Sell crops to Alfhild Battle-Born | Activity - Sell crops to Boti | Activity - Sell crops to Mathies | Activity - Sell potatoes to Vigdis Salvius | Rorikstead crop sales not repeated | [CHECKLIST: Activity - Gather crops for Azzada Lylvieve] | ... (8 total),Y,Y,Y,Y,N,Y,Y,N,N,Y,N,N,N,radiant_counter_checklist_covered,none,
radiant_counter_checklist,CHK-QUESTS-0287,Chop Wood,OBJ-002762,radiant,no_journal_activity_radiant,main_route,CHK-QUESTS-0287,Quests,Main-route prototype block,1,8,completed_now | hert_help_completed_after_representative | local_variant_completed | placed_in_guide | progressed_in_guide | temba_variant_completed_after_representative | ... (7 total),complete | complete_or_already_represented | staged_for_mr003_completion | variant_complete,Falkreath Land Lakeview Foundation And Glenmoril Coven | First Brotherhood Contracts And Muiri's Revenge | First Day In Whiterun | Helgen Riverwood And First Survival Loop | High Hrothgar Ustengrav Morthal And The Embassy | Solitude Coast Dragon Bridge Wild Horse And Wolfskull | ... (8 total),Activity - Chop Wood for Hert | Activity - Chop Wood for Hulda | Activity - Chop Wood for Temba | Woodcutter axe acquired for Whiterun chop wood | [CHECKLIST: Activity - Chop Wood for Horgeir] | [CHECKLIST: Activity - Chop Wood for Jorgen] | ... (8 total),Y,Y,Y,Y,N,N,Y,Y,N,Y,N,N,N,radiant_counter_checklist_covered,none,
radiant_counter_checklist,CHK-QUESTS-0289,Gather Wheat,OBJ-002763,radiant,no_journal_activity_radiant,main_route,CHK-QUESTS-0289,Quests,Main-route prototype block,1,8,advanced_in_guide | already_completed_not_repeated | boti_variant_completed_after_representative | completed_now | local_variant_completed | mathies_help_completed_after_representative | ... (8 total),complete | complete_for_three_windhelm_entries | complete_from_mr006 | complete_or_already_represented | variant_complete,Falkreath Land Lakeview Foundation And Glenmoril Coven | Goldenhills Farm And Rorikstead | Guardian Stones Cache And Whiterun Farm Loop | Markarth Nchuand-Zel And Old Hroldan | Solitude Coast Dragon Bridge Wild Horse And Wolfskull | Solitude Coast Wild Horse And Wolfskull | ... (8 total),Activity - Sell crops to Alfhild Battle-Born | Activity - Sell crops to Boti | Activity - Sell crops to Mathies | Activity - Sell potatoes to Vigdis Salvius | Rorikstead crop sales not repeated | [CHECKLIST: Activity - Gather crops for Azzada Lylvieve] | ... (8 total),Y,Y,Y,Y,N,Y,Y,N,N,Y,N,N,N,radiant_counter_checklist_covered,none,
radiant_counter_checklist,CHK-QUESTS-0291,Quest all Beggars Have,OBJ-002766,radiant,no_journal_favor_radiant,main_route,CHK-QUESTS-0291,Quests,Main-route prototype block,0,3,completed_now | narfi_variant_completed_after_representative | option_advanced,complete | complete_or_already_represented | representative_already_complete_option_unlocked_if_available,First Day In Whiterun | Southern Warm Corridor | Windhelm Murder Investigation And White Phial,Angrenor Once-Honored donation if dialogue available | Favor - Brenuin beggar gift | Favor - Narfi beggar gift,Y,Y,Y,N,Y,N,Y,N,N,Y,N,N,N,radiant_counter_checklist_covered,none,
radiant_counter_checklist,CHK-QUESTS-0293,Quest all Drunks Have,OBJ-002767,radiant,no_journal_favor_radiant,main_route,CHK-QUESTS-0293,Quests,Main-route prototype block,0,3,completed_now | placed_in_guide | retrospectively_placed_in_guide,complete,"Bards College, Lost Library, And Instrument Roads | Dawnstar, Pale Blade, And Heljarchen | Helgen Riverwood And First Survival Loop",Favor - Embry drink favor | [CHECKLIST: Favor - Quest all Drunks Have: Ranmir] | [CHECKLIST: Quest - Quest all Drunks Have: Karl],Y,Y,Y,N,Y,N,Y,N,N,Y,N,N,N,radiant_counter_checklist_covered,none,
radiant_counter_checklist,CHK-QUESTS-0300,Quest all Beggars Have,OBJ-002766,radiant,no_journal_favor_radiant,main_route,CHK-QUESTS-0300,Quests,Main-route prototype block,0,3,completed_now | narfi_variant_completed_after_representative | option_advanced,complete | complete_or_already_represented | representative_already_complete_option_unlocked_if_available,First Day In Whiterun | Southern Warm Corridor | Windhelm Murder Investigation And White Phial,Angrenor Once-Honored donation if dialogue available | Favor - Brenuin beggar gift | Favor - Narfi beggar gift,Y,Y,Y,N,Y,N,Y,N,N,Y,N,N,N,radiant_counter_checklist_covered,none,
radiant_counter_checklist,CHK-QUESTS-0301,Quest all Beggars Have,OBJ-002766,radiant,no_journal_favor_radiant,main_route,CHK-QUESTS-0301,Quests,Main-route prototype block,0,3,completed_now | narfi_variant_completed_after_representative | option_advanced,complete | complete_or_already_represented | representative_already_complete_option_unlocked_if_available,First Day In Whiterun | Southern Warm Corridor | Windhelm Murder Investigation And White Phial,Angrenor Once-Honored donation if dialogue available | Favor - Brenuin beggar gift | Favor - Narfi beggar gift,Y,Y,Y,N,Y,N,Y,N,N,Y,N,N,N,radiant_counter_checklist_covered,none,
radiant_counter_checklist,CHK-QUESTS-0302,Quest all Beggars Have,OBJ-002766,radiant,no_journal_favor_radiant,main_route,CHK-QUESTS-0302,Quests,Main-route prototype block,0,3,completed_now | narfi_variant_completed_after_representative | option_advanced,complete | complete_or_already_represented | representative_already_complete_option_unlocked_if_available,First Day In Whiterun | Southern Warm Corridor | Windhelm Murder Investigation And White Phial,Angrenor Once-Honored donation if dialogue available | Favor - Brenuin beggar gift | Favor - Narfi beggar gift,Y,Y,Y,N,Y,N,Y,N,N,Y,N,N,N,radiant_counter_checklist_covered,none,
radiant_counter_checklist,CHK-QUESTS-0311,Fight! Fight!,OBJ-002765,radiant,no_journal_brawl_radiant,main_route,CHK-QUESTS-0311,Quests,Main-route prototype block,0,3,completed_now | local_variant_completed | placed_in_guide,complete | complete_or_already_represented | complete_specific_variant,First Day In Whiterun | Fort Dawnguard Recruits Prophet And Lost Relics | High Hrothgar Ustengrav Morthal And The Embassy,Favor - Uthgerd brawl | Larak brawl won | [CHECKLIST: Quest - Fight! Fight!: Benor],Y,Y,Y,N,N,N,Y,N,N,Y,N,N,N,radiant_counter_checklist_covered,none,
radiant_counter_checklist,CHK-QUESTS-0314,Mine Ore,OBJ-002764,radiant,no_journal_activity_radiant,main_route,CHK-QUESTS-0314,Quests,Main-route prototype block,0,11,completed_now | local_variant_completed | not_completed_here | placed_in_guide | progressed_in_guide | progressed_now | ... (7 total),complete | complete_or_already_represented | complete_specific_variant | in_progress | staged_for_later_mine_and_paid_turnin | staged_for_later_paid_ore_turnin,"Bards College Lost Library And Instrument Roads | Dawnstar, Pale Blade, And Heljarchen | Fort Dawnguard Recruits Prophet And Lost Relics | Guardian Stones Cache And Whiterun Farm Loop | Halted Stream And Silent Moons Level Gate | High Hrothgar Ustengrav Morthal And The Embassy | ... (11 total)",Activity - Mine Ore for Grogmar | Activity - Mine iron ore for Skaggi Scar-Face | Activity - Mine ore vein | Mine ore representative activity deferred | Mor Khazgur ore sold | [CHECKLIST: Activity - Mine ore for Beitild] | ... (10 total),Y,Y,Y,Y,Y,N,Y,Y,N,Y,N,N,N,radiant_counter_checklist_covered,none,
radiant_counter_checklist,CHK-QUESTS-0317,Fight! Fight!,OBJ-002765,radiant,no_journal_brawl_radiant,main_route,CHK-QUESTS-0317,Quests,Main-route prototype block,1,3,completed_now | local_variant_completed | placed_in_guide,complete | complete_or_already_represented | complete_specific_variant,First Day In Whiterun | Fort Dawnguard Recruits Prophet And Lost Relics | High Hrothgar Ustengrav Morthal And The Embassy,Favor - Uthgerd brawl | Larak brawl won | [CHECKLIST: Quest - Fight! Fight!: Benor],Y,Y,Y,N,N,N,Y,N,N,Y,N,N,N,radiant_counter_checklist_covered,none,
radiant_counter_checklist,CHK-QUESTS-0319,Mine Ore,OBJ-002764,radiant,no_journal_activity_radiant,main_route,CHK-QUESTS-0319,Quests,Main-route prototype block,1,11,completed_now | local_variant_completed | not_completed_here | placed_in_guide | progressed_in_guide | progressed_now | ... (7 total),complete | complete_or_already_represented | complete_specific_variant | in_progress | staged_for_later_mine_and_paid_turnin | staged_for_later_paid_ore_turnin,"Bards College Lost Library And Instrument Roads | Dawnstar, Pale Blade, And Heljarchen | Fort Dawnguard Recruits Prophet And Lost Relics | Guardian Stones Cache And Whiterun Farm Loop | Halted Stream And Silent Moons Level Gate | High Hrothgar Ustengrav Morthal And The Embassy | ... (11 total)",Activity - Mine Ore for Grogmar | Activity - Mine iron ore for Skaggi Scar-Face | Activity - Mine ore vein | Mine ore representative activity deferred | Mor Khazgur ore sold | [CHECKLIST: Activity - Mine ore for Beitild] | ... (10 total),Y,Y,Y,Y,Y,N,Y,Y,N,Y,N,N,N,radiant_counter_checklist_covered,none,
radiant_counter_checklist,CHK-QUESTS-0325,Gather Wheat,OBJ-002763,radiant,no_journal_activity_radiant,main_route,CHK-QUESTS-0325,Quests,Main-route prototype block,1,8,advanced_in_guide | already_completed_not_repeated | boti_variant_completed_after_representative | completed_now | local_variant_completed | mathies_help_completed_after_representative | ... (7 total),complete | complete_for_three_windhelm_entries | complete_from_mr006 | complete_or_already_represented | variant_complete,Falkreath Land Lakeview Foundation And Glenmoril Coven | Goldenhills Farm And Rorikstead | Guardian Stones Cache And Whiterun Farm Loop | Markarth Nchuand-Zel And Old Hroldan | Solitude Coast Dragon Bridge Wild Horse And Wolfskull | Solitude Coast Wild Horse And Wolfskull | ... (8 total),Activity - Sell crops to Alfhild Battle-Born | Activity - Sell crops to Boti | Activity - Sell crops to Mathies | Activity - Sell potatoes to Vigdis Salvius | Rorikstead crop sales not repeated | [CHECKLIST: Activity - Gather crops for Azzada Lylvieve] | ... (8 total),Y,Y,Y,Y,N,Y,Y,N,N,Y,N,N,N,radiant_counter_checklist_covered,none,
radiant_counter_checklist,CHK-QUESTS-0326,Fight! Fight!,OBJ-002765,radiant,no_journal_brawl_radiant,main_route,CHK-QUESTS-0326,Quests,Main-route prototype block,0,3,completed_now | local_variant_completed | placed_in_guide,complete | complete_or_already_represented | complete_specific_variant,First Day In Whiterun | Fort Dawnguard Recruits Prophet And Lost Relics | High Hrothgar Ustengrav Morthal And The Embassy,Favor - Uthgerd brawl | Larak brawl won | [CHECKLIST: Quest - Fight! Fight!: Benor],Y,Y,Y,N,N,N,Y,N,N,Y,N,N,N,radiant_counter_checklist_covered,none,
radiant_counter_checklist,CHK-QUESTS-0329,Mine Ore,OBJ-002764,radiant,no_journal_activity_radiant,main_route,CHK-QUESTS-0329,Quests,Main-route prototype block,0,11,completed_now | local_variant_completed | not_completed_here | placed_in_guide | progressed_in_guide | progressed_now | ... (7 total),complete | complete_or_already_represented | complete_specific_variant | in_progress | staged_for_later_mine_and_paid_turnin | staged_for_later_paid_ore_turnin,"Bards College Lost Library And Instrument Roads | Dawnstar, Pale Blade, And Heljarchen | Fort Dawnguard Recruits Prophet And Lost Relics | Guardian Stones Cache And Whiterun Farm Loop | Halted Stream And Silent Moons Level Gate | High Hrothgar Ustengrav Morthal And The Embassy | ... (11 total)",Activity - Mine Ore for Grogmar | Activity - Mine iron ore for Skaggi Scar-Face | Activity - Mine ore vein | Mine ore representative activity deferred | Mor Khazgur ore sold | [CHECKLIST: Activity - Mine ore for Beitild] | ... (10 total),Y,Y,Y,Y,Y,N,Y,Y,N,Y,N,N,N,radiant_counter_checklist_covered,none,
radiant_counter_checklist,CHK-QUESTS-0331,Mine Ore,OBJ-002764,radiant,no_journal_activity_radiant,main_route,CHK-QUESTS-0331,Quests,Main-route prototype block,1,11,completed_now | local_variant_completed | not_completed_here | placed_in_guide | progressed_in_guide | progressed_now | ... (7 total),complete | complete_or_already_represented | complete_specific_variant | in_progress | staged_for_later_mine_and_paid_turnin | staged_for_later_paid_ore_turnin,"Bards College Lost Library And Instrument Roads | Dawnstar, Pale Blade, And Heljarchen | Fort Dawnguard Recruits Prophet And Lost Relics | Guardian Stones Cache And Whiterun Farm Loop | Halted Stream And Silent Moons Level Gate | High Hrothgar Ustengrav Morthal And The Embassy | ... (11 total)",Activity - Mine Ore for Grogmar | Activity - Mine iron ore for Skaggi Scar-Face | Activity - Mine ore vein | Mine ore representative activity deferred | Mor Khazgur ore sold | [CHECKLIST: Activity - Mine ore for Beitild] | ... (10 total),Y,Y,Y,Y,Y,N,Y,Y,N,Y,N,N,N,radiant_counter_checklist_covered,none,
radiant_counter_checklist,CHK-QUESTS-0334,Quest all Beggars Have,OBJ-002766,radiant,no_journal_favor_radiant,main_route,CHK-QUESTS-0334,Quests,Main-route prototype block,0,3,completed_now | narfi_variant_completed_after_representative | option_advanced,complete | complete_or_already_represented | representative_already_complete_option_unlocked_if_available,First Day In Whiterun | Southern Warm Corridor | Windhelm Murder Investigation And White Phial,Angrenor Once-Honored donation if dialogue available | Favor - Brenuin beggar gift | Favor - Narfi beggar gift,Y,Y,Y,N,Y,N,Y,N,N,Y,N,N,N,radiant_counter_checklist_covered,none,
radiant_counter_checklist,CHK-QUESTS-0335,Quest all Drunks Have,OBJ-002767,radiant,no_journal_favor_radiant,main_route,CHK-QUESTS-0335,Quests,Main-route prototype block,0,3,completed_now | placed_in_guide | retrospectively_placed_in_guide,complete,"Bards College, Lost Library, And Instrument Roads | Dawnstar, Pale Blade, And Heljarchen | Helgen Riverwood And First Survival Loop",Favor - Embry drink favor | [CHECKLIST: Favor - Quest all Drunks Have: Ranmir] | [CHECKLIST: Quest - Quest all Drunks Have: Karl],Y,Y,Y,N,Y,N,Y,N,N,Y,N,N,N,radiant_counter_checklist_covered,none,
radiant_counter_checklist,CHK-QUESTS-0336,Mine Ore,OBJ-002764,radiant,no_journal_activity_radiant,main_route,CHK-QUESTS-0336,Quests,Main-route prototype block,1,11,completed_now | local_variant_completed | not_completed_here | placed_in_guide | progressed_in_guide | progressed_now | ... (7 total),complete | complete_or_already_represented | complete_specific_variant | in_progress | staged_for_later_mine_and_paid_turnin | staged_for_later_paid_ore_turnin,"Bards College Lost Library And Instrument Roads | Dawnstar, Pale Blade, And Heljarchen | Fort Dawnguard Recruits Prophet And Lost Relics | Guardian Stones Cache And Whiterun Farm Loop | Halted Stream And Silent Moons Level Gate | High Hrothgar Ustengrav Morthal And The Embassy | ... (11 total)",Activity - Mine Ore for Grogmar | Activity - Mine iron ore for Skaggi Scar-Face | Activity - Mine moonstone ore for Perth | Activity - Mine ore vein | Mine ore representative activity deferred | Mor Khazgur ore sold | ... (11 total),Y,Y,Y,Y,Y,N,Y,Y,N,Y,N,N,N,radiant_counter_checklist_covered,none,
radiant_counter_checklist,CHK-QUESTS-0337,Quest all Drunks Have,OBJ-002767,radiant,no_journal_favor_radiant,main_route,CHK-QUESTS-0337,Quests,Main-route prototype block,0,3,completed_now | placed_in_guide | retrospectively_placed_in_guide,complete,"Bards College, Lost Library, And Instrument Roads | Dawnstar, Pale Blade, And Heljarchen | Helgen Riverwood And First Survival Loop",Favor - Embry drink favor | [CHECKLIST: Favor - Quest all Drunks Have: Ranmir] | [CHECKLIST: Quest - Quest all Drunks Have: Karl],Y,Y,Y,N,Y,N,Y,N,N,Y,N,N,N,radiant_counter_checklist_covered,none,
radiant_counter_checklist,CHK-QUESTS-0349,Chop Wood,OBJ-002762,radiant,no_journal_activity_radiant,main_route,CHK-QUESTS-0349,Quests,Main-route prototype block,1,8,completed_now | hert_help_completed_after_representative | local_variant_completed | progressed_in_guide | temba_variant_completed_after_representative | tool_access_staged_for_mr003,complete | complete_or_already_represented | staged_for_mr003_completion | variant_complete,Falkreath Land Lakeview Foundation And Glenmoril Coven | First Brotherhood Contracts And Muiri's Revenge | First Day In Whiterun | Helgen Riverwood And First Survival Loop | High Hrothgar Ustengrav Morthal And The Embassy | Solitude Coast Dragon Bridge Wild Horse And Wolfskull | ... (8 total),Activity - Chop Wood for Hert | Activity - Chop Wood for Hulda | Activity - Chop Wood for Temba | Woodcutter axe acquired for Whiterun chop wood | [CHECKLIST: Activity - Chop Wood for Horgeir] | [CHECKLIST: Activity - Chop Wood for Jorgen] | ... (8 total),Y,Y,Y,Y,N,N,Y,Y,N,Y,N,N,N,radiant_counter_checklist_covered,none,
radiant_counter_checklist,CHK-QUESTS-0353,Gather Wheat,OBJ-002763,radiant,no_journal_activity_radiant,main_route,CHK-QUESTS-0353,Quests,Main-route prototype block,1,8,advanced_in_guide | already_completed_not_repeated | boti_variant_completed_after_representative | completed_now | local_variant_completed | mathies_help_completed_after_representative | ... (7 total),complete | complete_for_three_windhelm_entries | complete_from_mr006 | complete_or_already_represented | variant_complete,Falkreath Land Lakeview Foundation And Glenmoril Coven | Goldenhills Farm And Rorikstead | Guardian Stones Cache And Whiterun Farm Loop | Markarth Nchuand-Zel And Old Hroldan | Solitude Coast Dragon Bridge Wild Horse And Wolfskull | Solitude Coast Wild Horse And Wolfskull | ... (8 total),Activity - Sell crops to Alfhild Battle-Born | Activity - Sell crops to Boti | Activity - Sell crops to Mathies | Activity - Sell potatoes to Vigdis Salvius | Rorikstead crop sales not repeated | [CHECKLIST: Activity - Gather crops for Azzada Lylvieve] | ... (8 total),Y,Y,Y,Y,N,Y,Y,N,N,Y,N,N,N,radiant_counter_checklist_covered,none,
radiant_counter_checklist,CHK-QUESTS-0357,Quest all Beggars Have,OBJ-002766,radiant,no_journal_favor_radiant,main_route,CHK-QUESTS-0357,Quests,Main-route prototype block,1,3,completed_now | narfi_variant_completed_after_representative | option_advanced,complete | complete_or_already_represented | representative_already_complete_option_unlocked_if_available,First Day In Whiterun | Southern Warm Corridor | Windhelm Murder Investigation And White Phial,Angrenor Once-Honored donation if dialogue available | Favor - Brenuin beggar gift | Favor - Narfi beggar gift,Y,Y,Y,N,Y,N,Y,N,N,Y,N,N,N,radiant_counter_checklist_covered,none,
radiant_counter_checklist,CHK-QUESTS-0363,Quest all Beggars Have,OBJ-002766,radiant,no_journal_favor_radiant,main_route,CHK-QUESTS-0363,Quests,Main-route prototype block,0,3,completed_now | narfi_variant_completed_after_representative | option_advanced,complete | complete_or_already_represented | representative_already_complete_option_unlocked_if_available,First Day In Whiterun | Southern Warm Corridor | Windhelm Murder Investigation And White Phial,Angrenor Once-Honored donation if dialogue available | Favor - Brenuin beggar gift | Favor - Narfi beggar gift,Y,Y,Y,N,Y,N,Y,N,N,Y,N,N,N,radiant_counter_checklist_covered,none,
radiant_counter_checklist,CHK-QUESTS-0364,Chop Wood,OBJ-002762,radiant,no_journal_activity_radiant,main_route,CHK-QUESTS-0364,Quests,Main-route prototype block,0,8,completed_now | hert_help_completed_after_representative | local_variant_completed | progressed_in_guide | temba_variant_completed_after_representative | tool_access_staged_for_mr003,complete | complete_or_already_represented | staged_for_mr003_completion | variant_complete,Falkreath Land Lakeview Foundation And Glenmoril Coven | First Brotherhood Contracts And Muiri's Revenge | First Day In Whiterun | Helgen Riverwood And First Survival Loop | High Hrothgar Ustengrav Morthal And The Embassy | Solitude Coast Dragon Bridge Wild Horse And Wolfskull | ... (8 total),Activity - Chop Wood for Hert | Activity - Chop Wood for Hulda | Activity - Chop Wood for Temba | Woodcutter axe acquired for Whiterun chop wood | [CHECKLIST: Activity - Chop Wood for Horgeir] | [CHECKLIST: Activity - Chop Wood for Jorgen] | ... (8 total),Y,Y,Y,Y,N,N,Y,Y,N,Y,N,N,N,radiant_counter_checklist_covered,none,
radiant_counter_checklist,CHK-QUESTS-0365,Quest all Beggars Have,OBJ-002766,radiant,no_journal_favor_radiant,main_route,CHK-QUESTS-0365,Quests,Main-route prototype block,0,3,completed_now | narfi_variant_completed_after_representative | option_advanced,complete | complete_or_already_represented | representative_already_complete_option_unlocked_if_available,First Day In Whiterun | Southern Warm Corridor | Windhelm Murder Investigation And White Phial,Angrenor Once-Honored donation if dialogue available | Favor - Brenuin beggar gift | Favor - Narfi beggar gift,Y,Y,Y,N,Y,N,Y,N,N,Y,N,N,N,radiant_counter_checklist_covered,none,
radiant_counter_checklist,CHK-QUESTS-0368,Gather Wheat,OBJ-002763,radiant,no_journal_activity_radiant,main_route,CHK-QUESTS-0368,Quests,Main-route prototype block,0,8,advanced_in_guide | already_completed_not_repeated | boti_variant_completed_after_representative | completed_now | local_variant_completed | mathies_help_completed_after_representative | ... (7 total),complete | complete_for_three_windhelm_entries | complete_from_mr006 | complete_or_already_represented | variant_complete,Falkreath Land Lakeview Foundation And Glenmoril Coven | Goldenhills Farm And Rorikstead | Guardian Stones Cache And Whiterun Farm Loop | Markarth Nchuand-Zel And Old Hroldan | Solitude Coast Dragon Bridge Wild Horse And Wolfskull | Solitude Coast Wild Horse And Wolfskull | ... (8 total),Activity - Sell crops to Alfhild Battle-Born | Activity - Sell crops to Boti | Activity - Sell crops to Mathies | Activity - Sell potatoes to Vigdis Salvius | Rorikstead crop sales not repeated | [CHECKLIST: Activity - Gather crops for Azzada Lylvieve] | ... (8 total),Y,Y,Y,Y,N,Y,Y,N,N,Y,N,N,N,radiant_counter_checklist_covered,none,
radiant_counter_checklist,CHK-QUESTS-0370,Gather Wheat,OBJ-002763,radiant,no_journal_activity_radiant,main_route,CHK-QUESTS-0370,Quests,Main-route prototype block,0,8,advanced_in_guide | already_completed_not_repeated | boti_variant_completed_after_representative | completed_now | local_variant_completed | mathies_help_completed_after_representative | ... (7 total),complete | complete_for_three_windhelm_entries | complete_from_mr006 | complete_or_already_represented | variant_complete,Falkreath Land Lakeview Foundation And Glenmoril Coven | Goldenhills Farm And Rorikstead | Guardian Stones Cache And Whiterun Farm Loop | Markarth Nchuand-Zel And Old Hroldan | Solitude Coast Dragon Bridge Wild Horse And Wolfskull | Solitude Coast Wild Horse And Wolfskull | ... (8 total),Activity - Sell crops to Alfhild Battle-Born | Activity - Sell crops to Boti | Activity - Sell crops to Mathies | Activity - Sell potatoes to Vigdis Salvius | Rorikstead crop sales not repeated | [CHECKLIST: Activity - Gather crops for Azzada Lylvieve] | ... (8 total),Y,Y,Y,Y,N,Y,Y,N,N,Y,N,N,N,radiant_counter_checklist_covered,none,
radiant_counter_checklist,CHK-QUESTS-0372,Gather Wheat,OBJ-002763,radiant,no_journal_activity_radiant,main_route,CHK-QUESTS-0372,Quests,Main-route prototype block,0,8,advanced_in_guide | already_completed_not_repeated | boti_variant_completed_after_representative | completed_now | local_variant_completed | mathies_help_completed_after_representative | ... (7 total),complete | complete_for_three_windhelm_entries | complete_from_mr006 | complete_or_already_represented | variant_complete,Falkreath Land Lakeview Foundation And Glenmoril Coven | Goldenhills Farm And Rorikstead | Guardian Stones Cache And Whiterun Farm Loop | Markarth Nchuand-Zel And Old Hroldan | Solitude Coast Dragon Bridge Wild Horse And Wolfskull | Solitude Coast Wild Horse And Wolfskull | ... (8 total),Activity - Sell crops to Alfhild Battle-Born | Activity - Sell crops to Boti | Activity - Sell crops to Mathies | Activity - Sell potatoes to Vigdis Salvius | Rorikstead crop sales not repeated | [CHECKLIST: Activity - Gather crops for Azzada Lylvieve] | ... (8 total),Y,Y,Y,Y,N,Y,Y,N,N,Y,N,N,N,radiant_counter_checklist_covered,none,
radiant_counter_checklist,CHK-QUESTS-0377,Mine Ore,OBJ-002764,radiant,no_journal_activity_radiant,main_route,CHK-QUESTS-0377,Quests,Main-route prototype block,1,11,completed_now | local_variant_completed | not_completed_here | placed_in_guide | progressed_in_guide | progressed_now | ... (7 total),complete | complete_or_already_represented | complete_specific_variant | in_progress | staged_for_later_mine_and_paid_turnin | staged_for_later_paid_ore_turnin,"Bards College Lost Library And Instrument Roads | Dawnstar, Pale Blade, And Heljarchen | Fort Dawnguard Recruits Prophet And Lost Relics | Guardian Stones Cache And Whiterun Farm Loop | Halted Stream And Silent Moons Level Gate | High Hrothgar Ustengrav Morthal And The Embassy | ... (11 total)",Activity - Mine Ore for Grogmar | Activity - Mine iron ore for Skaggi Scar-Face | Activity - Mine ore vein | Mine ore representative activity deferred | Mor Khazgur ore sold | [CHECKLIST: Activity - Mine ore for Beitild] | ... (10 total),Y,Y,Y,Y,Y,N,Y,Y,N,Y,N,N,N,radiant_counter_checklist_covered,none,
radiant_counter_checklist,CHK-QUESTS-0388,The Words of Power,OBJ-000317,radiant,word_wall_radiant,appendix,CHK-QUESTS-0388,Quests,Appendix-only checklist,1,2,not_started_here | preserved_on_main,main_continuity_preserved | staged_for_all_word_wall_route,Main Quest Staging Before Sky Haven | Paarthurnax And Blades Branch,Arngeir word-wall guidance preserved after reload | The Words of Power later,Y,Y,Y,Y,Y,Y,Y,Y,N,Y,Y,N,Y,radiant_counter_checklist_route_resolution_recorded,none_existing_route_resolution,
radiant_counter_checklist,CHK-QUESTS-0396,Chop Wood,OBJ-002762,radiant,no_journal_activity_radiant,main_route,CHK-QUESTS-0396,Quests,Main-route prototype block,0,8,completed_now | hert_help_completed_after_representative | local_variant_completed | progressed_in_guide | temba_variant_completed_after_representative | tool_access_staged_for_mr003,complete | complete_or_already_represented | staged_for_mr003_completion | variant_complete,Falkreath Land Lakeview Foundation And Glenmoril Coven | First Brotherhood Contracts And Muiri's Revenge | First Day In Whiterun | Helgen Riverwood And First Survival Loop | High Hrothgar Ustengrav Morthal And The Embassy | Solitude Coast Dragon Bridge Wild Horse And Wolfskull | ... (8 total),Activity - Chop Wood for Hert | Activity - Chop Wood for Hulda | Activity - Chop Wood for Temba | Woodcutter axe acquired for Whiterun chop wood | [CHECKLIST: Activity - Chop Wood for Horgeir] | [CHECKLIST: Activity - Chop Wood for Jorgen] | ... (8 total),Y,Y,Y,Y,N,N,Y,Y,N,Y,N,N,N,radiant_counter_checklist_covered,none,
radiant_counter_checklist,CHK-QUESTS-0398,Quest all Drunks Have,OBJ-002767,radiant,no_journal_favor_radiant,main_route,CHK-QUESTS-0398,Quests,Main-route prototype block,0,3,completed_now | placed_in_guide | retrospectively_placed_in_guide,complete,"Bards College, Lost Library, And Instrument Roads | Dawnstar, Pale Blade, And Heljarchen | Helgen Riverwood And First Survival Loop",Favor - Embry drink favor | [CHECKLIST: Favor - Quest all Drunks Have: Ranmir] | [CHECKLIST: Quest - Quest all Drunks Have: Karl],Y,Y,Y,N,Y,N,Y,N,N,Y,N,N,N,radiant_counter_checklist_covered,none,
radiant_counter_checklist,CHK-QUESTS-0402,Chop Wood,OBJ-002762,radiant,no_journal_activity_radiant,main_route,CHK-QUESTS-0402,Quests,Main-route prototype block,0,8,completed_now | hert_help_completed_after_representative | local_variant_completed | progressed_in_guide | temba_variant_completed_after_representative | tool_access_staged_for_mr003,complete | complete_or_already_represented | staged_for_mr003_completion | variant_complete,Falkreath Land Lakeview Foundation And Glenmoril Coven | First Brotherhood Contracts And Muiri's Revenge | First Day In Whiterun | Helgen Riverwood And First Survival Loop | High Hrothgar Ustengrav Morthal And The Embassy | Solitude Coast Dragon Bridge Wild Horse And Wolfskull | ... (8 total),Activity - Chop Wood for Hert | Activity - Chop Wood for Hulda | Activity - Chop Wood for Temba | Woodcutter axe acquired for Whiterun chop wood | [CHECKLIST: Activity - Chop Wood for Horgeir] | [CHECKLIST: Activity - Chop Wood for Jorgen] | ... (8 total),Y,Y,Y,Y,N,N,Y,Y,N,Y,N,N,N,radiant_counter_checklist_covered,none,
radiant_counter_checklist,CHK-QUESTS-0405,Gather Wheat,OBJ-002763,radiant,no_journal_activity_radiant,main_route,CHK-QUESTS-0405,Quests,Main-route prototype block,0,8,advanced_in_guide | already_completed_not_repeated | boti_variant_completed_after_representative | completed_now | local_variant_completed | mathies_help_completed_after_representative | ... (7 total),complete | complete_for_three_windhelm_entries | complete_from_mr006 | complete_or_already_represented | variant_complete,Falkreath Land Lakeview Foundation And Glenmoril Coven | Goldenhills Farm And Rorikstead | Guardian Stones Cache And Whiterun Farm Loop | Markarth Nchuand-Zel And Old Hroldan | Solitude Coast Dragon Bridge Wild Horse And Wolfskull | Solitude Coast Wild Horse And Wolfskull | ... (8 total),Activity - Sell crops to Alfhild Battle-Born | Activity - Sell crops to Boti | Activity - Sell crops to Mathies | Activity - Sell potatoes to Vigdis Salvius | Rorikstead crop sales not repeated | [CHECKLIST: Activity - Gather crops for Azzada Lylvieve] | ... (8 total),Y,Y,Y,Y,N,Y,Y,N,N,Y,N,N,N,radiant_counter_checklist_covered,none,
radiant_counter_checklist,CHK-QUESTS-0407,Gather Wheat,OBJ-002763,radiant,no_journal_activity_radiant,main_route,CHK-QUESTS-0407,Quests,Main-route prototype block,0,8,advanced_in_guide | already_completed_not_repeated | boti_variant_completed_after_representative | completed_now | local_variant_completed | mathies_help_completed_after_representative | ... (7 total),complete | complete_for_three_windhelm_entries | complete_from_mr006 | complete_or_already_represented | variant_complete,Falkreath Land Lakeview Foundation And Glenmoril Coven | Goldenhills Farm And Rorikstead | Guardian Stones Cache And Whiterun Farm Loop | Markarth Nchuand-Zel And Old Hroldan | Solitude Coast Dragon Bridge Wild Horse And Wolfskull | Solitude Coast Wild Horse And Wolfskull | ... (8 total),Activity - Sell crops to Alfhild Battle-Born | Activity - Sell crops to Boti | Activity - Sell crops to Mathies | Activity - Sell potatoes to Vigdis Salvius | Rorikstead crop sales not repeated | [CHECKLIST: Activity - Gather crops for Azzada Lylvieve] | ... (8 total),Y,Y,Y,Y,N,Y,Y,N,N,Y,N,N,N,radiant_counter_checklist_covered,none,
radiant_counter_checklist,CHK-QUESTS-0408,Fight! Fight!,OBJ-002765,radiant,no_journal_brawl_radiant,main_route,CHK-QUESTS-0408,Quests,Main-route prototype block,0,3,completed_now | local_variant_completed | placed_in_guide,complete | complete_or_already_represented | complete_specific_variant,First Day In Whiterun | Fort Dawnguard Recruits Prophet And Lost Relics | High Hrothgar Ustengrav Morthal And The Embassy,Favor - Uthgerd brawl | Larak brawl won | [CHECKLIST: Quest - Fight! Fight!: Benor],Y,Y,Y,N,N,N,Y,N,N,Y,N,N,N,radiant_counter_checklist_covered,none,
radiant_counter_checklist,CHK-QUESTS-0409,Gather Wheat,OBJ-002763,radiant,no_journal_activity_radiant,main_route,CHK-QUESTS-0409,Quests,Main-route prototype block,0,8,advanced_in_guide | already_completed_not_repeated | boti_variant_completed_after_representative | completed_now | local_variant_completed | mathies_help_completed_after_representative | ... (7 total),complete | complete_for_three_windhelm_entries | complete_from_mr006 | complete_or_already_represented | variant_complete,Falkreath Land Lakeview Foundation And Glenmoril Coven | Goldenhills Farm And Rorikstead | Guardian Stones Cache And Whiterun Farm Loop | Markarth Nchuand-Zel And Old Hroldan | Solitude Coast Dragon Bridge Wild Horse And Wolfskull | Solitude Coast Wild Horse And Wolfskull | ... (8 total),Activity - Sell crops to Alfhild Battle-Born | Activity - Sell crops to Boti | Activity - Sell crops to Mathies | Activity - Sell potatoes to Vigdis Salvius | Rorikstead crop sales not repeated | [CHECKLIST: Activity - Gather crops for Azzada Lylvieve] | ... (8 total),Y,Y,Y,Y,N,Y,Y,N,N,Y,N,N,N,radiant_counter_checklist_covered,none,
radiant_counter_checklist,CHK-QUESTS-0410,Gather Wheat,OBJ-002763,radiant,no_journal_activity_radiant,main_route,CHK-QUESTS-0410,Quests,Main-route prototype block,0,8,advanced_in_guide | already_completed_not_repeated | boti_variant_completed_after_representative | completed_now | local_variant_completed | mathies_help_completed_after_representative | ... (7 total),complete | complete_for_three_windhelm_entries | complete_from_mr006 | complete_or_already_represented | variant_complete,Falkreath Land Lakeview Foundation And Glenmoril Coven | Goldenhills Farm And Rorikstead | Guardian Stones Cache And Whiterun Farm Loop | Markarth Nchuand-Zel And Old Hroldan | Solitude Coast Dragon Bridge Wild Horse And Wolfskull | Solitude Coast Wild Horse And Wolfskull | ... (8 total),Activity - Sell crops to Alfhild Battle-Born | Activity - Sell crops to Boti | Activity - Sell crops to Mathies | Activity - Sell potatoes to Vigdis Salvius | Rorikstead crop sales not repeated | [CHECKLIST: Activity - Gather crops for Azzada Lylvieve] | ... (8 total),Y,Y,Y,Y,N,Y,Y,N,N,Y,N,N,N,radiant_counter_checklist_covered,none,
radiant_counter_checklist,CHK-QUESTS-0412,Quest all Beggars Have,OBJ-002766,radiant,no_journal_favor_radiant,main_route,CHK-QUESTS-0412,Quests,Main-route prototype block,0,3,completed_now | narfi_variant_completed_after_representative | option_advanced,complete | complete_or_already_represented | representative_already_complete_option_unlocked_if_available,First Day In Whiterun | Southern Warm Corridor | Windhelm Murder Investigation And White Phial,Angrenor Once-Honored donation if dialogue available | Favor - Brenuin beggar gift | Favor - Narfi beggar gift,Y,Y,Y,N,Y,N,Y,N,N,Y,N,N,N,radiant_counter_checklist_covered,none,
radiant_counter_checklist,CHK-QUESTS-0418,Chop Wood,OBJ-002762,radiant,no_journal_activity_radiant,main_route,CHK-QUESTS-0418,Quests,Main-route prototype block,1,8,completed_now | hert_help_completed_after_representative | local_variant_completed | progressed_in_guide | temba_variant_completed_after_representative | tool_access_staged_for_mr003,complete | complete_or_already_represented | staged_for_mr003_completion | variant_complete,Falkreath Land Lakeview Foundation And Glenmoril Coven | First Brotherhood Contracts And Muiri's Revenge | First Day In Whiterun | Helgen Riverwood And First Survival Loop | High Hrothgar Ustengrav Morthal And The Embassy | Solitude Coast Dragon Bridge Wild Horse And Wolfskull | ... (8 total),Activity - Chop Wood for Hert | Activity - Chop Wood for Hulda | Activity - Chop Wood for Temba | Woodcutter axe acquired for Whiterun chop wood | [CHECKLIST: Activity - Chop Wood for Horgeir] | [CHECKLIST: Activity - Chop Wood for Jorgen] | ... (8 total),Y,Y,Y,Y,N,N,Y,Y,N,Y,N,N,N,radiant_counter_checklist_covered,none,
radiant_counter_checklist,CHK-QUESTS-0422,Mine Ore,OBJ-002764,radiant,no_journal_activity_radiant,main_route,CHK-QUESTS-0422,Quests,Main-route prototype block,1,11,completed_now | local_variant_completed | not_completed_here | placed_in_guide | progressed_in_guide | progressed_now | ... (7 total),complete | complete_or_already_represented | complete_specific_variant | in_progress | staged_for_later_mine_and_paid_turnin | staged_for_later_paid_ore_turnin,"Bards College Lost Library And Instrument Roads | Dawnstar, Pale Blade, And Heljarchen | Fort Dawnguard Recruits Prophet And Lost Relics | Guardian Stones Cache And Whiterun Farm Loop | Halted Stream And Silent Moons Level Gate | High Hrothgar Ustengrav Morthal And The Embassy | ... (11 total)",Activity - Mine Ore for Grogmar | Activity - Mine iron ore for Skaggi Scar-Face | Activity - Mine ore vein | Mine ore representative activity deferred | Mor Khazgur ore sold | [CHECKLIST: Activity - Mine ore for Beitild] | ... (10 total),Y,Y,Y,Y,Y,N,Y,Y,N,Y,N,N,N,radiant_counter_checklist_covered,none,
radiant_counter_checklist,CHK-QUESTS-0423,Mine Ore,OBJ-002764,radiant,no_journal_activity_radiant,main_route,CHK-QUESTS-0423,Quests,Main-route prototype block,1,11,completed_now | local_variant_completed | not_completed_here | placed_in_guide | progressed_in_guide | progressed_now | ... (7 total),complete | complete_or_already_represented | complete_specific_variant | in_progress | staged_for_later_mine_and_paid_turnin | staged_for_later_paid_ore_turnin,"Bards College Lost Library And Instrument Roads | Dawnstar, Pale Blade, And Heljarchen | Fort Dawnguard Recruits Prophet And Lost Relics | Guardian Stones Cache And Whiterun Farm Loop | Halted Stream And Silent Moons Level Gate | High Hrothgar Ustengrav Morthal And The Embassy | ... (11 total)",Activity - Mine Ore for Grogmar | Activity - Mine iron ore for Skaggi Scar-Face | Activity - Mine ore vein | Mine ore representative activity deferred | Mor Khazgur ore sold | [CHECKLIST: Activity - Mine ore for Beitild] | ... (10 total),Y,Y,Y,Y,Y,N,Y,Y,N,Y,N,N,N,radiant_counter_checklist_covered,none,
radiant_counter_checklist,CHK-QUESTS-0424,Quest all Drunks Have,OBJ-002767,radiant,no_journal_favor_radiant,main_route,CHK-QUESTS-0424,Quests,Main-route prototype block,1,3,completed_now | placed_in_guide | retrospectively_placed_in_guide,complete,"Bards College, Lost Library, And Instrument Roads | Dawnstar, Pale Blade, And Heljarchen | Helgen Riverwood And First Survival Loop",Favor - Embry drink favor | [CHECKLIST: Favor - Quest all Drunks Have: Ranmir] | [CHECKLIST: Quest - Quest all Drunks Have: Karl],Y,Y,Y,N,Y,N,Y,N,N,Y,N,N,N,radiant_counter_checklist_covered,none,
radiant_counter_checklist,CHK-QUESTS-0430,Mine Ore,OBJ-002764,radiant,no_journal_activity_radiant,main_route,CHK-QUESTS-0430,Quests,Main-route prototype block,1,11,completed_now | local_variant_completed | not_completed_here | placed_in_guide | progressed_in_guide | progressed_now | ... (7 total),complete | complete_or_already_represented | complete_specific_variant | in_progress | staged_for_later_mine_and_paid_turnin | staged_for_later_paid_ore_turnin,"Bards College Lost Library And Instrument Roads | Dawnstar, Pale Blade, And Heljarchen | Fort Dawnguard Recruits Prophet And Lost Relics | Guardian Stones Cache And Whiterun Farm Loop | Halted Stream And Silent Moons Level Gate | High Hrothgar Ustengrav Morthal And The Embassy | ... (11 total)",Activity - Mine Ore for Grogmar | Activity - Mine iron ore for Skaggi Scar-Face | Activity - Mine ore vein | Mine ore representative activity deferred | Mor Khazgur ore sold | [CHECKLIST: Activity - Mine ore for Beitild] | ... (10 total),Y,Y,Y,Y,Y,N,Y,Y,N,Y,N,N,N,radiant_counter_checklist_covered,none,
radiant_counter_checklist,CHK-QUESTS-0432,Quest all Drunks Have,OBJ-002767,radiant,no_journal_favor_radiant,main_route,CHK-QUESTS-0432,Quests,Main-route prototype block,1,3,completed_now | placed_in_guide | retrospectively_placed_in_guide,complete,"Bards College, Lost Library, And Instrument Roads | Dawnstar, Pale Blade, And Heljarchen | Helgen Riverwood And First Survival Loop",Favor - Embry drink favor | [CHECKLIST: Favor - Quest all Drunks Have: Ranmir] | [CHECKLIST: Quest - Quest all Drunks Have: Karl],Y,Y,Y,N,Y,N,Y,N,N,Y,N,N,N,radiant_counter_checklist_covered,none,
radiant_counter_checklist,CHK-QUESTS-0449,Scare My Enemy,OBJ-000104,radiant,companions_radiant,main_route,CHK-QUESTS-0449,Quests,Main-route prototype block,1,2,conditional_hired_muscle_alias | conditional_if_first_clean_farkas_contract | conditional_second_gate_if_assigned,conditional_complete_or_already_recorded_or_not_assigned | conditional_complete_or_seed_unavailable,Beast Blood And The Silver Hand | Companions Entry,Matching radiant checklist cue for actual second gate job | Quest - Scare My Enemy | Radiant - Hired Muscle; Quest - Scare My Enemy,Y,Y,Y,Y,Y,Y,Y,Y,Y,Y,N,Y,Y,radiant_counter_checklist_covered,none,
radiant_counter_checklist,CHK-QUESTS-0465,Ancient Technology,OBJ-000365,radiant,dawnguard_faction_finite,main_route,CHK-QUESTS-0465,Quests,Main-route prototype block,1,1,placed_in_guide,complete,Fort Dawnguard Recruits Prophet And Lost Relics,Ancient Technology six schematics,Y,Y,Y,Y,Y,Y,Y,Y,N,Y,N,N,N,radiant_counter_checklist_covered,none,
radiant_counter_checklist,CHK-QUESTS-0468,Cleansing Light,OBJ-000367,radiant,dawnguard_faction_radiant,main_route,CHK-QUESTS-0468,Quests,Main-route prototype block,1,1,placed_in_guide,complete_representative,Fort Dawnguard Recruits Prophet And Lost Relics,Cleansing Light representative completed,Y,Y,Y,N,Y,Y,Y,N,N,Y,N,N,N,radiant_counter_checklist_covered,none,
radiant_counter_checklist,CHK-QUESTS-0470,Hide and Seek,OBJ-000368,radiant,dawnguard_faction_radiant,main_route,CHK-QUESTS-0470,Quests,Main-route prototype block,1,1,placed_in_guide,complete_representative,Fort Dawnguard Recruits Prophet And Lost Relics,Hide and Seek representative completed,Y,Y,Y,N,Y,Y,Y,N,N,Y,N,N,N,radiant_counter_checklist_covered,none,
radiant_counter_checklist,CHK-QUESTS-0472,Hunting the Monster,OBJ-000369,radiant,dawnguard_faction_radiant,main_route,CHK-QUESTS-0472,Quests,Main-route prototype block,1,1,placed_in_guide,complete_representative,Fort Dawnguard Recruits Prophet And Lost Relics,Hunting the Monster representative completed,Y,Y,Y,N,Y,Y,Y,N,N,Y,N,N,N,radiant_counter_checklist_covered,none,
radiant_counter_checklist,CHK-QUESTS-0473,A Jarl's Justice,OBJ-000370,radiant,dawnguard_faction_radiant,main_route,CHK-QUESTS-0473,Quests,Main-route prototype block,1,1,placed_in_guide,complete_representative,Fort Dawnguard Recruits Prophet And Lost Relics,A Jarls Justice representative completed,Y,Y,Y,N,Y,N,Y,N,N,Y,N,N,N,radiant_counter_checklist_covered,none,
radiant_counter_checklist,CHK-QUESTS-0475,Lost Relic,OBJ-000371,radiant,dawnguard_faction_finite,main_route,CHK-QUESTS-0475,Quests,Main-route prototype block,1,1,placed_in_guide,complete_all_three_versions,Fort Dawnguard Recruits Prophet And Lost Relics,Lost Relic all three artifacts,Y,Y,Y,N,Y,Y,Y,N,N,Y,N,N,N,radiant_counter_checklist_covered,none,
radiant_counter_checklist,CHK-QUESTS-0477,Preemptive Strike,OBJ-000372,radiant,dawnguard_faction_radiant,main_route,CHK-QUESTS-0477,Quests,Main-route prototype block,1,1,placed_in_guide,complete_representative,Fort Dawnguard Recruits Prophet And Lost Relics,Preemptive Strike representative completed,Y,Y,Y,N,Y,N,Y,N,N,Y,N,N,N,radiant_counter_checklist_covered,none,
radiant_counter_checklist,CHK-QUESTS-0478,Rescue,OBJ-000373,radiant,dawnguard_faction_radiant,main_route,CHK-QUESTS-0478,Quests,Main-route prototype block,1,1,placed_in_guide,complete_representative,Fort Dawnguard Recruits Prophet And Lost Relics,Rescue representative completed,Y,Y,Y,Y,Y,Y,Y,Y,Y,Y,N,N,Y,radiant_counter_checklist_covered,none,
radiant_counter_checklist,CHK-QUESTS-0481,Amulets of Night Power,OBJ-000374,radiant,volkihar_branch_radiant,branch_route,CHK-QUESTS-0481,Quests,Branch-route prototype,1,1,placed_in_branch_guide,branch_complete_reloaded,Dawnguard Fork And Volkihar Branch,Amulets of Night Power completed,Y,Y,Y,Y,Y,N,Y,Y,N,Y,N,N,Y,radiant_counter_checklist_covered,none,
radiant_counter_checklist,CHK-QUESTS-0483,Ancient Power,OBJ-000375,radiant,volkihar_branch_radiant,branch_route,CHK-QUESTS-0483,Quests,Branch-route prototype,1,1,placed_in_branch_guide,branch_complete_reloaded,Dawnguard Fork And Volkihar Branch,Ancient Power branch cap completed | Ancient Power four turn-ins completed,Y,Y,Y,N,Y,N,N,Y,Y,Y,N,N,Y,radiant_counter_checklist_covered,none,
radiant_counter_checklist,CHK-QUESTS-0485,Culling the Beast,OBJ-000376,radiant,volkihar_branch_radiant,branch_route,CHK-QUESTS-0485,Quests,Branch-route prototype,1,1,placed_in_branch_guide,branch_complete_reloaded,Dawnguard Fork And Volkihar Branch,Culling the Beast representative completed,Y,Y,Y,Y,Y,N,Y,Y,Y,Y,N,N,Y,radiant_counter_checklist_covered,none,
radiant_counter_checklist,CHK-QUESTS-0487,Deceiving the Herd,OBJ-000377,radiant,volkihar_branch_radiant,branch_route,CHK-QUESTS-0487,Quests,Branch-route prototype,1,1,placed_in_branch_guide,branch_complete_reloaded,Dawnguard Fork And Volkihar Branch,Deceiving the Herd representative completed,Y,Y,Y,Y,Y,N,Y,Y,Y,Y,N,Y,Y,radiant_counter_checklist_covered,none,
radiant_counter_checklist,CHK-QUESTS-0489,Destroying the Dawnguard,OBJ-000378,radiant,volkihar_branch_other,branch_route,CHK-QUESTS-0489,Quests,Branch-route prototype,2,2,placed_in_guide | staged_branch_continuation,branch_complete | staged_for_volkihar_finale_branch_continuation,Dawnguard Fork And Volkihar Branch | Volkihar Finale Branch Continuation,Destroying the Dawnguard completed on branch | Destroying the Dawnguard later branch continuation | Destroying the Dawnguard requires Volkihar-side Kindred Judgment,Y,Y,Y,Y,Y,N,Y,Y,Y,Y,Y,N,Y,radiant_counter_checklist_route_resolution_recorded,none_existing_route_resolution,
radiant_counter_checklist,CHK-QUESTS-0491,The Gift,OBJ-000379,quest,volkihar_branch_other,branch_route,CHK-QUESTS-0491,Quests,Branch-route prototype,1,1,placed_in_branch_guide,branch_complete_reloaded,Dawnguard Fork And Volkihar Branch,The Gift completed | The Gift completed with Ysolda,Y,Y,Y,Y,Y,N,Y,Y,Y,Y,N,N,Y,radiant_counter_checklist_covered,none,
radiant_counter_checklist,CHK-QUESTS-0492,The Hunt,OBJ-000380,radiant,volkihar_branch_radiant,branch_route,CHK-QUESTS-0492,Quests,Branch-route prototype,1,1,placed_in_branch_guide,branch_complete_reloaded,Dawnguard Fork And Volkihar Branch,The Hunt representative completed,Y,Y,Y,Y,Y,N,Y,Y,Y,Y,N,N,Y,radiant_counter_checklist_covered,none,
radiant_counter_checklist,CHK-QUESTS-0494,New Allegiances,OBJ-000381,radiant,volkihar_branch_radiant,branch_route,CHK-QUESTS-0494,Quests,Branch-route prototype,1,1,placed_in_branch_guide,branch_complete_reloaded,Dawnguard Fork And Volkihar Branch,New Allegiances one conversion completed,Y,Y,Y,N,Y,N,N,Y,Y,Y,N,N,Y,radiant_counter_checklist_covered,none,
radiant_counter_checklist,CHK-QUESTS-0496,Protecting the Bloodline,OBJ-000382,radiant,volkihar_branch_radiant,branch_route,CHK-QUESTS-0496,Quests,Branch-route prototype,1,1,placed_in_branch_guide,branch_complete_reloaded,Dawnguard Fork And Volkihar Branch,Protecting the Bloodline representative completed,Y,Y,Y,Y,Y,N,Y,Y,Y,Y,N,N,Y,radiant_counter_checklist_covered,none,
radiant_counter_checklist,CHK-QUESTS-0498,Rings of Blood Magic,OBJ-000383,radiant,volkihar_branch_radiant,branch_route,CHK-QUESTS-0498,Quests,Branch-route prototype,1,1,placed_in_branch_guide,branch_complete_reloaded,Dawnguard Fork And Volkihar Branch,Rings of Blood Magic completed,Y,Y,Y,N,Y,N,Y,Y,N,Y,N,N,Y,radiant_counter_checklist_covered,none,
radiant_counter_checklist,CHK-BOOKS-2423,Shalidor's Insights,OBJ-000128,radiant,college_repeatable,main_route,CHK-BOOKS-2423,Books,Main-route prototype block,2,4,audited_not_started_here | needs_route_resolution_added,NEEDS ROUTE RESOLUTION | staged_for_college_radiant_control_pass | staged_for_late_random_radiant_control,"College Errands Arniel Septimus And Aetherium | Labyrinthian And The Eye Of Magnus | TB-038R order and delayed-task repair register | Winterhold, College Entry, And Saarthal",NEEDS ROUTE RESOLUTION: CHK-BOOKS-2423 Shalidor's Insights | NEEDS ROUTE RESOLUTION: OBJ-000128 Shalidor's Insights | Shalidor's Insights book held for later random-dungeon block | Shalidor's Insights held | Shalidor's Insights held for later random-dungeon block | Shalidor's Insights later,Y,Y,Y,Y,Y,Y,N,Y,N,Y,Y,Y,Y,radiant_counter_checklist_route_resolution_recorded,none_existing_route_resolution,
