objective_id,objective_name,category,subcategory,route_placement,severity,risk_owner,affected_route_surface,likely_followup,guide_locations,coverage_statuses,completion_statuses,evidence_note
OBJ-000560,Once A Hunter,quest,ae_creation_quest,main_route,high,Quest route validation and insertion,TB-038R delayed-task carryforward,Source-check exact quest start/progress/completion boundaries and insert or explicitly exclude.,Hircine And Bloated Man's Grotto | TB-038R order and delayed-task repair register,audited_same_building_not_started | needs_route_resolution_added,NEEDS ROUTE RESOLUTION | staged_for_later_sunderstone_bundle,"TB-038R source line 622: The current coverage row is delayed, held, conditional, or in progress, and TB-038 found no later same-record closeout in the current coverage ledger. Previous status: audited_same_building_not_started / staged_for_later_sunderstone_bundle. Inputs checked: data/guide-coverage/main-guide-v1-order-delayed-task-audit.csv; data/guide-coverage/main-guide-v1-coverage.csv; data/guide-coverage/main-guide-v1-objective-final-status.csv; drafts/final-guide/main-guide-v1.md."
OBJ-000562,Double-Edged,quest,ae_creation_quest,main_route,high,Quest route validation and insertion,Final Reconciliation route-resolution register,Source-check exact quest start/progress/completion boundaries and insert or explicitly exclude.,Final Reconciliation open route-resolution items,needs_route_resolution_added,NEEDS ROUTE RESOLUTION,"COV-001R quest gap: AE Creation quest row has source-list support but no validated individual quest-page route, reward preservation handling, or natural insertion point in the current guide. Inputs checked: SN-000036; objective row; current guide and coverage audit."
OBJ-000564,Gambler's Edge,quest,ae_creation_quest,main_route,high,Quest route validation and insertion,TB-038R delayed-task carryforward,Source-check exact quest start/progress/completion boundaries and insert or explicitly exclude.,First Riften Visit And Guild Doorway | TB-038R order and delayed-task repair register,audited_same_building_not_started | needs_route_resolution_added,NEEDS ROUTE RESOLUTION | staged_for_cragslane_or_orcish_scaled_route,"TB-038R source line 750: The current coverage row is delayed, held, conditional, or in progress, and TB-038 found no later same-record closeout in the current coverage ledger. Previous status: audited_same_building_not_started / staged_for_cragslane_or_orcish_scaled_route. Inputs checked: data/guide-coverage/main-guide-v1-order-delayed-task-audit.csv; data/guide-coverage/main-guide-v1-coverage.csv; data/guide-coverage/main-guide-v1-objective-final-status.csv; drafts/final-guide/main-guide-v1.md."
OBJ-000565,When the Cat's Away,quest,ae_creation_quest,main_route,high,Quest route validation and insertion,TB-038R delayed-task carryforward,Source-check exact quest start/progress/completion boundaries and insert or explicitly exclude.,First Day In Whiterun | TB-038R order and delayed-task repair register,held_for_later_ae_route | needs_route_resolution_added,NEEDS ROUTE RESOLUTION | staged_for_later_ae_route,"TB-038R source line 153: The current coverage row is delayed, held, conditional, or in progress, and TB-038 found no later same-record closeout in the current coverage ledger. Previous status: held_for_later_ae_route / staged_for_later_ae_route. Inputs checked: data/guide-coverage/main-guide-v1-order-delayed-task-audit.csv; data/guide-coverage/main-guide-v1-coverage.csv; data/guide-coverage/main-guide-v1-objective-final-status.csv; drafts/final-guide/main-guide-v1.md."
OBJ-000571,The Arms of Chaos,quest,ae_creation_quest,main_route,high,Quest route validation and insertion,Final Reconciliation route-resolution register,Source-check exact quest start/progress/completion boundaries and insert or explicitly exclude.,Final Reconciliation open route-resolution items,needs_route_resolution_added,NEEDS ROUTE RESOLUTION,"COV-001R quest gap: AE Creation quest row has source-list support but no validated individual quest-page route, reward preservation handling, or natural insertion point in the current guide. Inputs checked: SN-000036; objective row; current guide and coverage audit."
OBJ-000577,In the Shadows,quest,ae_creation_quest,main_route,high,Quest route validation and insertion,TB-038R delayed-task carryforward,Source-check exact quest start/progress/completion boundaries and insert or explicitly exclude.,First Day In Whiterun | TB-038R order and delayed-task repair register,held_for_later_ae_route | needs_route_resolution_added,NEEDS ROUTE RESOLUTION | staged_for_later_ae_route,"TB-038R source line 155: The current coverage row is delayed, held, conditional, or in progress, and TB-038 found no later same-record closeout in the current coverage ledger. Previous status: held_for_later_ae_route / staged_for_later_ae_route. Inputs checked: data/guide-coverage/main-guide-v1-order-delayed-task-audit.csv; data/guide-coverage/main-guide-v1-coverage.csv; data/guide-coverage/main-guide-v1-objective-final-status.csv; drafts/final-guide/main-guide-v1.md."
OBJ-000578,The Lost Paladin,quest,ae_creation_quest,main_route,high,Quest route validation and insertion,TB-038R delayed-task carryforward,Source-check exact quest start/progress/completion boundaries and insert or explicitly exclude.,Riften Thaneship Frost And Rift Roads | TB-038R order and delayed-task repair register,audited_not_started_here | needs_route_resolution_added,NEEDS ROUTE RESOLUTION | staged_for_chrysamere_route,"TB-038R source line 1095: The current coverage row is delayed, held, conditional, or in progress, and TB-038 found no later same-record closeout in the current coverage ledger. Previous status: audited_not_started_here / staged_for_chrysamere_route. Inputs checked: data/guide-coverage/main-guide-v1-order-delayed-task-audit.csv; data/guide-coverage/main-guide-v1-coverage.csv; data/guide-coverage/main-guide-v1-objective-final-status.csv; drafts/final-guide/main-guide-v1.md."
OBJ-000580,A Soul Divided,quest,ae_creation_quest,main_route,high,Quest route validation and insertion,TB-038R delayed-task carryforward,Source-check exact quest start/progress/completion boundaries and insert or explicitly exclude.,First Riften Visit And Guild Doorway | TB-038R order and delayed-task repair register,audited_same_path_not_started | needs_route_resolution_added,NEEDS ROUTE RESOLUTION | staged_for_later_guardian_vault_bundle,"TB-038R source line 705: The current coverage row is delayed, held, conditional, or in progress, and TB-038 found no later same-record closeout in the current coverage ledger. Previous status: audited_same_path_not_started / staged_for_later_guardian_vault_bundle. Inputs checked: data/guide-coverage/main-guide-v1-order-delayed-task-audit.csv; data/guide-coverage/main-guide-v1-coverage.csv; data/guide-coverage/main-guide-v1-objective-final-status.csv; drafts/final-guide/main-guide-v1.md."
OBJ-000581,Bloodthirst,quest,ae_creation_quest,main_route,high,Quest route validation and insertion,TB-038R delayed-task carryforward,Source-check exact quest start/progress/completion boundaries and insert or explicitly exclude.,First Riften Visit And Guild Doorway | Riften Thaneship Frost And Rift Roads | TB-038R order and delayed-task repair register,audited_not_started_here | audited_same_path_not_started | needs_route_resolution_added,NEEDS ROUTE RESOLUTION | staged_for_ae_unique_weapon_route | staged_for_later_guardian_vault_bundle,"TB-038R source line 1093: The current coverage row is delayed, held, conditional, or in progress, and TB-038 found no later same-record closeout in the current coverage ledger. Previous status: audited_not_started_here / staged_for_ae_unique_weapon_route. Inputs checked: data/guide-coverage/main-guide-v1-order-delayed-task-audit.csv; data/guide-coverage/main-guide-v1-coverage.csv; data/guide-coverage/main-guide-v1-objective-final-status.csv; drafts/final-guide/main-guide-v1.md."
OBJ-000584,Relics of the Crusader,quest,ae_creation_quest,main_route,high,Quest route validation and insertion,Final Reconciliation route-resolution register,Source-check exact quest start/progress/completion boundaries and insert or explicitly exclude.,Final Reconciliation open route-resolution items,needs_route_resolution_added,NEEDS ROUTE RESOLUTION,"COV-001R quest gap: AE Creation quest row has source-list support but no validated individual quest-page route, reward preservation handling, or natural insertion point in the current guide. Inputs checked: SN-000036; objective row; current guide and coverage audit."
OBJ-000590,Beneath Bronze Waters,quest,ae_creation_quest,main_route,high,Quest route validation and insertion,TB-038R delayed-task carryforward,Source-check exact quest start/progress/completion boundaries and insert or explicitly exclude.,Nightingale Rewards And The Skeleton Key | TB-038R order and delayed-task repair register,audited_not_started_here | needs_route_resolution_added,NEEDS ROUTE RESOLUTION | staged_for_fishing_route,"TB-038R source line 3110: The current coverage row is delayed, held, conditional, or in progress, and TB-038 found no later same-record closeout in the current coverage ledger. Previous status: audited_not_started_here / staged_for_fishing_route. Inputs checked: data/guide-coverage/main-guide-v1-order-delayed-task-audit.csv; data/guide-coverage/main-guide-v1-coverage.csv; data/guide-coverage/main-guide-v1-objective-final-status.csv; drafts/final-guide/main-guide-v1.md."
OBJ-000591,Clear-Headed,quest,ae_creation_quest,main_route,high,Quest route validation and insertion,Final Reconciliation route-resolution register,Source-check exact quest start/progress/completion boundaries and insert or explicitly exclude.,Final Reconciliation open route-resolution items,needs_route_resolution_added,NEEDS ROUTE RESOLUTION,"COV-001R quest gap: Fishing quest row needs full source-checked route with start, catch/item requirements, fishing conditions, turn-in, reward, and checklist state. Inputs checked: SN-000036; existing Fishing species route-resolution note; current guide and coverage audit."
OBJ-000592,Catch of the Day,quest,ae_creation_quest,main_route,high,Quest route validation and insertion,TB-038R delayed-task carryforward,Source-check exact quest start/progress/completion boundaries and insert or explicitly exclude.,First Riften Visit And Guild Doorway | TB-038R order and delayed-task repair register,needs_route_resolution_added | started_now,NEEDS ROUTE RESOLUTION | staged_for_weather_fishing_route,"TB-038R source line 675: The current coverage row is delayed, held, conditional, or in progress, and TB-038 found no later same-record closeout in the current coverage ledger. Previous status: started_now / staged_for_weather_fishing_route. Inputs checked: data/guide-coverage/main-guide-v1-order-delayed-task-audit.csv; data/guide-coverage/main-guide-v1-coverage.csv; data/guide-coverage/main-guide-v1-objective-final-status.csv; drafts/final-guide/main-guide-v1.md."
OBJ-000594,Crustacean Extermination,quest,ae_creation_quest,main_route,high,Quest route validation and insertion,Final Reconciliation route-resolution register,Source-check exact quest start/progress/completion boundaries and insert or explicitly exclude.,Final Reconciliation open route-resolution items,needs_route_resolution_added,NEEDS ROUTE RESOLUTION,"COV-001R quest gap: Fishing quest row needs full source-checked route with start, catch/item requirements, fishing conditions, turn-in, reward, and checklist state. Inputs checked: SN-000036; existing Fishing species route-resolution note; current guide and coverage audit."
OBJ-000595,Darkest Depths,quest,ae_creation_quest,main_route,high,Quest route validation and insertion,Final Reconciliation route-resolution register,Source-check exact quest start/progress/completion boundaries and insert or explicitly exclude.,Final Reconciliation open route-resolution items,needs_route_resolution_added,NEEDS ROUTE RESOLUTION,"COV-001R quest gap: Fishing quest row needs full source-checked route with start, catch/item requirements, fishing conditions, turn-in, reward, and checklist state. Inputs checked: SN-000036; existing Fishing species route-resolution note; current guide and coverage audit."
OBJ-000596,End of the Line,quest,ae_creation_quest,main_route,high,Quest route validation and insertion,Final Reconciliation route-resolution register,Source-check exact quest start/progress/completion boundaries and insert or explicitly exclude.,Final Reconciliation open route-resolution items,needs_route_resolution_added,NEEDS ROUTE RESOLUTION,"COV-001R quest gap: Fishing quest row needs full source-checked route with start, catch/item requirements, fishing conditions, turn-in, reward, and checklist state. Inputs checked: SN-000036; existing Fishing species route-resolution note; current guide and coverage audit."
OBJ-000597,Fishing Legend,quest,ae_creation_quest,main_route,high,Quest route validation and insertion,Final Reconciliation route-resolution register,Source-check exact quest start/progress/completion boundaries and insert or explicitly exclude.,Final Reconciliation open route-resolution items,needs_route_resolution_added,NEEDS ROUTE RESOLUTION,"COV-001R quest gap: Fishing quest row needs full source-checked route with start, catch/item requirements, fishing conditions, turn-in, reward, and checklist state. Inputs checked: SN-000036; existing Fishing species route-resolution note; current guide and coverage audit."
OBJ-000598,Frozen Fish,quest,ae_creation_quest,main_route,high,Quest route validation and insertion,Final Reconciliation route-resolution register,Source-check exact quest start/progress/completion boundaries and insert or explicitly exclude.,Final Reconciliation open route-resolution items,needs_route_resolution_added,NEEDS ROUTE RESOLUTION,"COV-001R quest gap: Fishing quest row needs full source-checked route with start, catch/item requirements, fishing conditions, turn-in, reward, and checklist state. Inputs checked: SN-000036; existing Fishing species route-resolution note; current guide and coverage audit."
OBJ-000599,Further Study,quest,ae_creation_quest,main_route,high,Quest route validation and insertion,Final Reconciliation route-resolution register,Source-check exact quest start/progress/completion boundaries and insert or explicitly exclude.,Final Reconciliation open route-resolution items,needs_route_resolution_added,NEEDS ROUTE RESOLUTION,"COV-001R quest gap: Fishing quest row needs full source-checked route with start, catch/item requirements, fishing conditions, turn-in, reward, and checklist state. Inputs checked: SN-000036; existing Fishing species route-resolution note; current guide and coverage audit."
OBJ-000600,Heart of Gold,quest,ae_creation_quest,main_route,high,Quest route validation and insertion,Final Reconciliation route-resolution register,Source-check exact quest start/progress/completion boundaries and insert or explicitly exclude.,Final Reconciliation open route-resolution items,needs_route_resolution_added,NEEDS ROUTE RESOLUTION,"COV-001R quest gap: Fishing quest row needs full source-checked route with start, catch/item requirements, fishing conditions, turn-in, reward, and checklist state. Inputs checked: SN-000036; existing Fishing species route-resolution note; current guide and coverage audit."
OBJ-000601,In A Pinch,quest,ae_creation_quest,main_route,high,Quest route validation and insertion,TB-038R delayed-task carryforward,Source-check exact quest start/progress/completion boundaries and insert or explicitly exclude.,First Riften Visit And Guild Doorway | TB-038R order and delayed-task repair register,needs_route_resolution_added | started_now,NEEDS ROUTE RESOLUTION | staged_for_juvenile_mudcrab_route,"TB-038R source line 677: The current coverage row is delayed, held, conditional, or in progress, and TB-038 found no later same-record closeout in the current coverage ledger. Previous status: started_now / staged_for_juvenile_mudcrab_route. Inputs checked: data/guide-coverage/main-guide-v1-order-delayed-task-audit.csv; data/guide-coverage/main-guide-v1-coverage.csv; data/guide-coverage/main-guide-v1-objective-final-status.csv; drafts/final-guide/main-guide-v1.md."
OBJ-000602,No Contest,quest,ae_creation_quest,main_route,high,Quest route validation and insertion,Final Reconciliation route-resolution register,Source-check exact quest start/progress/completion boundaries and insert or explicitly exclude.,Final Reconciliation open route-resolution items,needs_route_resolution_added,NEEDS ROUTE RESOLUTION,"COV-001R quest gap: Fishing quest row needs full source-checked route with start, catch/item requirements, fishing conditions, turn-in, reward, and checklist state. Inputs checked: SN-000036; existing Fishing species route-resolution note; current guide and coverage audit."
OBJ-000603,Private Lessons,quest,ae_creation_quest,main_route,high,Quest route validation and insertion,Final Reconciliation route-resolution register,Source-check exact quest start/progress/completion boundaries and insert or explicitly exclude.,Final Reconciliation open route-resolution items,needs_route_resolution_added,NEEDS ROUTE RESOLUTION,"COV-001R quest gap: Fishing quest row needs full source-checked route with start, catch/item requirements, fishing conditions, turn-in, reward, and checklist state. Inputs checked: SN-000036; existing Fishing species route-resolution note; current guide and coverage audit."
OBJ-000604,Rubbish Retrieval,quest,ae_creation_quest,main_route,high,Quest route validation and insertion,Final Reconciliation route-resolution register,Source-check exact quest start/progress/completion boundaries and insert or explicitly exclude.,Final Reconciliation open route-resolution items,needs_route_resolution_added,NEEDS ROUTE RESOLUTION,"COV-001R quest gap: Fishing quest row needs full source-checked route with start, catch/item requirements, fishing conditions, turn-in, reward, and checklist state. Inputs checked: SN-000036; existing Fishing species route-resolution note; current guide and coverage audit."
OBJ-000605,Spirits Away,quest,ae_creation_quest,main_route,high,Quest route validation and insertion,Final Reconciliation route-resolution register,Source-check exact quest start/progress/completion boundaries and insert or explicitly exclude.,Final Reconciliation open route-resolution items,needs_route_resolution_added,NEEDS ROUTE RESOLUTION,"COV-001R quest gap: Fishing quest row needs full source-checked route with start, catch/item requirements, fishing conditions, turn-in, reward, and checklist state. Inputs checked: SN-000036; existing Fishing species route-resolution note; current guide and coverage audit."
OBJ-000606,Stocking Up,quest,ae_creation_quest,main_route,high,Quest route validation and insertion,Final Reconciliation route-resolution register,Source-check exact quest start/progress/completion boundaries and insert or explicitly exclude.,Final Reconciliation open route-resolution items,needs_route_resolution_added,NEEDS ROUTE RESOLUTION,"COV-001R quest gap: Fishing quest row needs full source-checked route with start, catch/item requirements, fishing conditions, turn-in, reward, and checklist state. Inputs checked: SN-000036; existing Fishing species route-resolution note; current guide and coverage audit."
OBJ-000607,The Ultimate Feast,quest,ae_creation_quest,main_route,high,Quest route validation and insertion,Final Reconciliation route-resolution register,Source-check exact quest start/progress/completion boundaries and insert or explicitly exclude.,Final Reconciliation open route-resolution items,needs_route_resolution_added,NEEDS ROUTE RESOLUTION,"COV-001R quest gap: Fishing quest row needs full source-checked route with start, catch/item requirements, fishing conditions, turn-in, reward, and checklist state. Inputs checked: SN-000036; existing Fishing species route-resolution note; current guide and coverage audit."
OBJ-000608,Tusked Terror,quest,ae_creation_quest,main_route,high,Quest route validation and insertion,Final Reconciliation route-resolution register,Source-check exact quest start/progress/completion boundaries and insert or explicitly exclude.,Final Reconciliation open route-resolution items,needs_route_resolution_added,NEEDS ROUTE RESOLUTION,"COV-001R quest gap: Fishing quest row needs full source-checked route with start, catch/item requirements, fishing conditions, turn-in, reward, and checklist state. Inputs checked: SN-000036; existing Fishing species route-resolution note; current guide and coverage audit."
OBJ-000609,Two of a Kind,quest,ae_creation_quest,main_route,high,Quest route validation and insertion,Final Reconciliation route-resolution register,Source-check exact quest start/progress/completion boundaries and insert or explicitly exclude.,Final Reconciliation open route-resolution items,needs_route_resolution_added,NEEDS ROUTE RESOLUTION,"COV-001R quest gap: Fishing quest row needs full source-checked route with start, catch/item requirements, fishing conditions, turn-in, reward, and checklist state. Inputs checked: SN-000036; existing Fishing species route-resolution note; current guide and coverage audit."
OBJ-000610,Wave Breaker,quest,ae_creation_quest,main_route,high,Quest route validation and insertion,Final Reconciliation route-resolution register,Source-check exact quest start/progress/completion boundaries and insert or explicitly exclude.,Final Reconciliation open route-resolution items,needs_route_resolution_added,NEEDS ROUTE RESOLUTION,"COV-001R quest gap: Fishing quest row needs full source-checked route with start, catch/item requirements, fishing conditions, turn-in, reward, and checklist state. Inputs checked: SN-000036; existing Fishing species route-resolution note; current guide and coverage audit."
OBJ-000622,A Matter of Pride,quest,ae_creation_quest,main_route,high,Quest route validation and insertion,Final Reconciliation route-resolution register,Source-check exact quest start/progress/completion boundaries and insert or explicitly exclude.,Final Reconciliation open route-resolution items,needs_route_resolution_added,NEEDS ROUTE RESOLUTION,"COV-001R quest gap: AE Creation quest row has source-list support but no validated individual quest-page route, reward preservation handling, or natural insertion point in the current guide. Inputs checked: SN-000036; objective row; current guide and coverage audit."
OBJ-000623,Blood in the Water,quest,ae_creation_quest,main_route,high,Quest route validation and insertion,Final Reconciliation route-resolution register,Source-check exact quest start/progress/completion boundaries and insert or explicitly exclude.,Final Reconciliation open route-resolution items,needs_route_resolution_added,NEEDS ROUTE RESOLUTION,"COV-001R quest gap: AE Creation quest row has source-list support but no validated individual quest-page route, reward preservation handling, or natural insertion point in the current guide. Inputs checked: SN-000036; objective row; current guide and coverage audit."
OBJ-000630,Nordic Jewelry,quest,ae_creation_quest,main_route,high,Quest route validation and insertion,TB-038R delayed-task carryforward,Source-check exact quest start/progress/completion boundaries and insert or explicitly exclude.,First Day In Whiterun | TB-038R order and delayed-task repair register,held_for_later_ae_route | needs_route_resolution_added,NEEDS ROUTE RESOLUTION | staged_for_later_ae_route,"TB-038R source line 167: The current coverage row is delayed, held, conditional, or in progress, and TB-038 found no later same-record closeout in the current coverage ledger. Previous status: held_for_later_ae_route / staged_for_later_ae_route. Inputs checked: data/guide-coverage/main-guide-v1-order-delayed-task-audit.csv; data/guide-coverage/main-guide-v1-coverage.csv; data/guide-coverage/main-guide-v1-objective-final-status.csv; drafts/final-guide/main-guide-v1.md."
OBJ-000638,My Pet Elytra (Dementia),quest,ae_creation_quest,main_route,high,Quest route validation and insertion,Final Reconciliation route-resolution register,Source-check exact quest start/progress/completion boundaries and insert or explicitly exclude.,Final Reconciliation open route-resolution items,needs_route_resolution_added,NEEDS ROUTE RESOLUTION,"COV-001R quest gap: AE Creation quest row has source-list support but no validated individual quest-page route, reward preservation handling, or natural insertion point in the current guide. Inputs checked: SN-000036; objective row; current guide and coverage audit."
OBJ-000639,My Pet Elytra (Mania),quest,ae_creation_quest,main_route,high,Quest route validation and insertion,Final Reconciliation route-resolution register,Source-check exact quest start/progress/completion boundaries and insert or explicitly exclude.,Final Reconciliation open route-resolution items,needs_route_resolution_added,NEEDS ROUTE RESOLUTION,"COV-001R quest gap: AE Creation quest row has source-list support but no validated individual quest-page route, reward preservation handling, or natural insertion point in the current guide. Inputs checked: SN-000036; objective row; current guide and coverage audit."
OBJ-000645,"Through a Glass, Darkly",quest,ae_creation_quest,main_route,high,Quest route validation and insertion,Final Reconciliation route-resolution register,Source-check exact quest start/progress/completion boundaries and insert or explicitly exclude.,Final Reconciliation open route-resolution items,needs_route_resolution_added,NEEDS ROUTE RESOLUTION,"COV-001R quest gap: AE Creation quest row has source-list support but no validated individual quest-page route, reward preservation handling, or natural insertion point in the current guide. Inputs checked: SN-000036; objective row; current guide and coverage audit."
OBJ-000646,Crypt of the Heart,quest,ae_creation_quest,main_route,high,Quest route validation and insertion,TB-038R delayed-task carryforward,Source-check exact quest start/progress/completion boundaries and insert or explicitly exclude.,Karthspire Sky Haven And Dragonbane | TB-038R order and delayed-task repair register,audited_not_started_here | needs_route_resolution_added,NEEDS ROUTE RESOLUTION | staged_for_spell_knight_branch_and_ingredient_policy,"TB-038R source line 3053: The current coverage row is delayed, held, conditional, or in progress, and TB-038 found no later same-record closeout in the current coverage ledger. Previous status: audited_not_started_here / staged_for_spell_knight_branch_and_ingredient_policy. Inputs checked: data/guide-coverage/main-guide-v1-order-delayed-task-audit.csv; data/guide-coverage/main-guide-v1-coverage.csv; data/guide-coverage/main-guide-v1-objective-final-status.csv; drafts/final-guide/main-guide-v1.md."
OBJ-000648,Put A Fork In It,quest,ae_creation_quest,main_route,high,Quest route validation and insertion,TB-038R delayed-task carryforward,Source-check exact quest start/progress/completion boundaries and insert or explicitly exclude.,"Kolbjorn Excavation And Raven Rock West | Solstheim Entry, Raven Rock Core, And Frostmoon Rings | TB-038R order and delayed-task repair register",held_for_later | needs_route_resolution_added,NEEDS ROUTE RESOLUTION | held_for_staff_route,"TB-038R source line 4500: The current coverage row is delayed, held, conditional, or in progress, and TB-038 found no later same-record closeout in the current coverage ledger. Previous status: held_for_later / held_for_staff_route. Inputs checked: data/guide-coverage/main-guide-v1-order-delayed-task-audit.csv; data/guide-coverage/main-guide-v1-coverage.csv; data/guide-coverage/main-guide-v1-objective-final-status.csv; drafts/final-guide/main-guide-v1.md."
OBJ-000649,If I had a Hammer,quest,ae_creation_quest,main_route,high,Quest route validation and insertion,TB-038R delayed-task carryforward,Source-check exact quest start/progress/completion boundaries and insert or explicitly exclude.,Markarth Nchuand-Zel And Old Hroldan | TB-038R order and delayed-task repair register,needs_route_resolution_added | not_started_here,NEEDS ROUTE RESOLUTION | staged_for_ae_unique_weapon_route,"TB-038R source line 1208: The current coverage row is delayed, held, conditional, or in progress, and TB-038 found no later same-record closeout in the current coverage ledger. Previous status: not_started_here / staged_for_ae_unique_weapon_route. Inputs checked: data/guide-coverage/main-guide-v1-order-delayed-task-audit.csv; data/guide-coverage/main-guide-v1-coverage.csv; data/guide-coverage/main-guide-v1-objective-final-status.csv; drafts/final-guide/main-guide-v1.md."
OBJ-000650,Legends Lost,quest,ae_creation_quest,main_route,high,Quest route validation and insertion,TB-038R delayed-task carryforward,Source-check exact quest start/progress/completion boundaries and insert or explicitly exclude.,Cicero Aventus And The Sanctuary Door | TB-038R order and delayed-task repair register,audited_not_routed_here | needs_route_resolution_added,NEEDS ROUTE RESOLUTION | staged_for_sunder_wraithguard_bundle,"TB-038R source line 2231: The current coverage row is delayed, held, conditional, or in progress, and TB-038 found no later same-record closeout in the current coverage ledger. Previous status: audited_not_routed_here / staged_for_sunder_wraithguard_bundle. Inputs checked: data/guide-coverage/main-guide-v1-order-delayed-task-audit.csv; data/guide-coverage/main-guide-v1-coverage.csv; data/guide-coverage/main-guide-v1-objective-final-status.csv; drafts/final-guide/main-guide-v1.md."
OBJ-000654,The Gray Cowl of Nocturnal,quest,ae_creation_quest,main_route,high,Quest route validation and insertion,Final Reconciliation route-resolution register,Source-check exact quest start/progress/completion boundaries and insert or explicitly exclude.,Final Reconciliation open route-resolution items,needs_route_resolution_added,NEEDS ROUTE RESOLUTION,"COV-001R quest gap: AE Creation quest row has source-list support but no validated individual quest-page route, reward preservation handling, or natural insertion point in the current guide. Inputs checked: SN-000036; objective row; current guide and coverage audit."
OBJ-000115,Companions Radiant Representative Set,radiant,companions_representative_set,appendix,high,Radiant and counter assignment routing,TB-038R delayed-task carryforward,"Resolve assignment policy, target handling, counter boundary, and no-reroll route language.",Beast Blood And The Silver Hand | Companions Entry | TB-038R order and delayed-task repair register,needs_route_resolution_added | partially_represented_by_first_gate | progressed_by_required_gates,NEEDS ROUTE RESOLUTION | in_progress,"TB-038R source line 401: The current coverage row is delayed, held, conditional, or in progress, and TB-038 found no later same-record closeout in the current coverage ledger. Previous status: progressed_by_required_gates / in_progress. Inputs checked: data/guide-coverage/main-guide-v1-order-delayed-task-audit.csv; data/guide-coverage/main-guide-v1-coverage.csv; data/guide-coverage/main-guide-v1-objective-final-status.csv; drafts/final-guide/main-guide-v1.md."
OBJ-000127,Fetch me that Book!,radiant,college_repeatable,main_route,high,Radiant and counter assignment routing,TB-038R delayed-task carryforward,"Resolve assignment policy, target handling, counter boundary, and no-reroll route language.","College Errands Arniel Septimus And Aetherium | TB-038R order and delayed-task repair register | Winterhold, College Entry, And Saarthal",audited_not_started_here | needs_route_resolution_added,NEEDS ROUTE RESOLUTION | staged_for_college_radiant_control_pass | staged_for_late_random_radiant_control,"TB-038R source line 3008: The current coverage row is delayed, held, conditional, or in progress, and TB-038 found no later same-record closeout in the current coverage ledger. Previous status: audited_not_started_here / staged_for_late_random_radiant_control. Inputs checked: data/guide-coverage/main-guide-v1-order-delayed-task-audit.csv; data/guide-coverage/main-guide-v1-coverage.csv; data/guide-coverage/main-guide-v1-objective-final-status.csv; drafts/final-guide/main-guide-v1.md."
OBJ-000128,Shalidor's Insights,radiant,college_repeatable,main_route,high,Radiant and counter assignment routing,TB-038R delayed-task carryforward,"Resolve assignment policy, target handling, counter boundary, and no-reroll route language.","College Errands Arniel Septimus And Aetherium | Labyrinthian And The Eye Of Magnus | TB-038R order and delayed-task repair register | Winterhold, College Entry, And Saarthal",audited_not_started_here | needs_route_resolution_added,NEEDS ROUTE RESOLUTION | staged_for_college_radiant_control_pass | staged_for_late_random_radiant_control,"TB-038R source line 3010: The current coverage row is delayed, held, conditional, or in progress, and TB-038 found no later same-record closeout in the current coverage ledger. Previous status: audited_not_started_here / staged_for_late_random_radiant_control. Inputs checked: data/guide-coverage/main-guide-v1-order-delayed-task-audit.csv; data/guide-coverage/main-guide-v1-coverage.csv; data/guide-coverage/main-guide-v1-objective-final-status.csv; drafts/final-guide/main-guide-v1.md."
OBJ-000332,Bounty: Bandit Boss,radiant,bounty_quest_type,main_route,high,Radiant and counter assignment routing,Final Reconciliation route-resolution register,"Resolve assignment policy, target handling, counter boundary, and no-reroll route language.",Final Reconciliation open route-resolution items,needs_route_resolution_added,NEEDS ROUTE RESOLUTION,"COV-001R non-quest gap: representative bounty row needs source-checked giver, target, active-marker, turn-in, and counter handling before guide completion. Inputs checked: SN-000025; SN-000022; current bounty and counter coverage."
OBJ-000333,Bounty: Dragon,radiant,bounty_quest_type,main_route,high,Radiant and counter assignment routing,Final Reconciliation route-resolution register,"Resolve assignment policy, target handling, counter boundary, and no-reroll route language.",Final Reconciliation open route-resolution items,needs_route_resolution_added,NEEDS ROUTE RESOLUTION,"COV-001R non-quest gap: representative bounty row needs source-checked giver, target, active-marker, turn-in, and counter handling before guide completion. Inputs checked: SN-000025; SN-000022; current bounty and counter coverage."
OBJ-000334,Bounty: Forsworn,radiant,bounty_quest_type,main_route,high,Radiant and counter assignment routing,Final Reconciliation route-resolution register,"Resolve assignment policy, target handling, counter boundary, and no-reroll route language.",Final Reconciliation open route-resolution items,needs_route_resolution_added,NEEDS ROUTE RESOLUTION,"COV-001R non-quest gap: representative bounty row needs source-checked giver, target, active-marker, turn-in, and counter handling before guide completion. Inputs checked: SN-000025; SN-000022; current bounty and counter coverage."
OBJ-000335,Bounty: Giant,radiant,bounty_quest_type,main_route,high,Radiant and counter assignment routing,Final Reconciliation route-resolution register,"Resolve assignment policy, target handling, counter boundary, and no-reroll route language.",Final Reconciliation open route-resolution items,needs_route_resolution_added,NEEDS ROUTE RESOLUTION,"COV-001R non-quest gap: representative bounty row needs source-checked giver, target, active-marker, turn-in, and counter handling before guide completion. Inputs checked: SN-000025; SN-000022; current bounty and counter coverage."
OBJ-000438,Kill the Bandit Leader,radiant,dragonborn_skaal_misc_radiant,main_route,high,Radiant and counter assignment routing,TB-038R delayed-task carryforward,"Resolve assignment policy, target handling, counter boundary, and no-reroll route language.","TB-038R order and delayed-task repair register | Temple Of Miraak, Skaal, And Stalhrim",held_for_later | needs_route_resolution_added,NEEDS ROUTE RESOLUTION | held_for_controlled_random_target_block,"TB-038R source line 4152: The current coverage row is delayed, held, conditional, or in progress, and TB-038 found no later same-record closeout in the current coverage ledger. Previous status: held_for_later / held_for_controlled_random_target_block. Inputs checked: data/guide-coverage/main-guide-v1-order-delayed-task-audit.csv; data/guide-coverage/main-guide-v1-coverage.csv; data/guide-coverage/main-guide-v1-objective-final-status.csv; drafts/final-guide/main-guide-v1.md."
OBJ-000693,Arcane Accessories Spell Tome and Robe Set,spell_power,ae_spell_item_set,main_route,high,"Spell, shout, and power routing",TB-038R delayed-task carryforward,"Validate learn/acquire timing, prerequisite state, and whether the power belongs in main or branch continuity.",Bards College Lost Library And Instrument Roads | TB-038R order and delayed-task repair register,needs_route_resolution_added | progressed_in_guide,NEEDS ROUTE RESOLUTION | partial_spell_members_complete,"TB-038R source line 1980: The current coverage row is delayed, held, conditional, or in progress, and TB-038 found no later same-record closeout in the current coverage ledger. Previous status: progressed_in_guide / partial_spell_members_complete. Inputs checked: data/guide-coverage/main-guide-v1-order-delayed-task-audit.csv; data/guide-coverage/main-guide-v1-coverage.csv; data/guide-coverage/main-guide-v1-objective-final-status.csv; drafts/final-guide/main-guide-v1.md."
OBJ-000761,Animal Allegiance,spell_power,dragon_shout,main_route,high,"Spell, shout, and power routing",TB-038R delayed-task carryforward,"Validate learn/acquire timing, prerequisite state, and whether the power belongs in main or branch continuity.","Companions Finale, Totems, And Beast-Blood Preservation | Riften Thaneship Frost And Rift Roads | TB-038R order and delayed-task repair register",advanced_in_guide | needs_route_resolution_added | word_learned_now,NEEDS ROUTE RESOLUTION | in_progress,"TB-038R source line 3859: The current coverage row is delayed, held, conditional, or in progress, and TB-038 found no later same-record closeout in the current coverage ledger. Previous status: advanced_in_guide / in_progress. Inputs checked: data/guide-coverage/main-guide-v1-order-delayed-task-audit.csv; data/guide-coverage/main-guide-v1-coverage.csv; data/guide-coverage/main-guide-v1-objective-final-status.csv; drafts/final-guide/main-guide-v1.md."
OBJ-000762,Aura Whisper,spell_power,dragon_shout,main_route,high,"Spell, shout, and power routing",TB-038R delayed-task carryforward,"Validate learn/acquire timing, prerequisite state, and whether the power belongs in main or branch continuity.","Riften Thaneship Frost And Rift Roads | TB-038R order and delayed-task repair register | Whispers, Solitude Jobs, And The Wedding Assassination",needs_route_resolution_added | word_learned_now,NEEDS ROUTE RESOLUTION | in_progress,"TB-038R source line 2386: The current coverage row is delayed, held, conditional, or in progress, and TB-038 found no later same-record closeout in the current coverage ledger. Previous status: word_learned_now / in_progress. Inputs checked: data/guide-coverage/main-guide-v1-order-delayed-task-audit.csv; data/guide-coverage/main-guide-v1-coverage.csv; data/guide-coverage/main-guide-v1-objective-final-status.csv; drafts/final-guide/main-guide-v1.md."
OBJ-000764,Become Ethereal,spell_power,dragon_shout,main_route,high,"Spell, shout, and power routing",TB-038R delayed-task carryforward,"Validate learn/acquire timing, prerequisite state, and whether the power belongs in main or branch continuity.",Main Quest Staging Before Sky Haven | TB-038R order and delayed-task repair register,needs_route_resolution_added | progressed_in_guide,NEEDS ROUTE RESOLUTION | partial,"TB-038R source line 1652: The current coverage row is delayed, held, conditional, or in progress, and TB-038 found no later same-record closeout in the current coverage ledger. Previous status: progressed_in_guide / partial. Inputs checked: data/guide-coverage/main-guide-v1-order-delayed-task-audit.csv; data/guide-coverage/main-guide-v1-coverage.csv; data/guide-coverage/main-guide-v1-objective-final-status.csv; drafts/final-guide/main-guide-v1.md."
OBJ-000770,Disarm,spell_power,dragon_shout,main_route,high,"Spell, shout, and power routing",TB-038R delayed-task carryforward,"Validate learn/acquire timing, prerequisite state, and whether the power belongs in main or branch continuity.",Goldenglow Honningbrew Solitude And Snow Veil | TB-038R order and delayed-task repair register,needs_route_resolution_added | word_learned_now,NEEDS ROUTE RESOLUTION | in_progress,"TB-038R source line 847: The current coverage row is delayed, held, conditional, or in progress, and TB-038 found no later same-record closeout in the current coverage ledger. Previous status: word_learned_now / in_progress. Inputs checked: data/guide-coverage/main-guide-v1-order-delayed-task-audit.csv; data/guide-coverage/main-guide-v1-coverage.csv; data/guide-coverage/main-guide-v1-objective-final-status.csv; drafts/final-guide/main-guide-v1.md."
OBJ-000771,Dismay,spell_power,dragon_shout,main_route,high,"Spell, shout, and power routing",TB-038R delayed-task carryforward,"Validate learn/acquire timing, prerequisite state, and whether the power belongs in main or branch continuity.",Labyrinthian And The Eye Of Magnus | Riften Thaneship Frost And Rift Roads | TB-038R order and delayed-task repair register,needs_route_resolution_added | word_learned_now,NEEDS ROUTE RESOLUTION | in_progress,"TB-038R source line 2916: The current coverage row is delayed, held, conditional, or in progress, and TB-038 found no later same-record closeout in the current coverage ledger. Previous status: word_learned_now / in_progress. Inputs checked: data/guide-coverage/main-guide-v1-order-delayed-task-audit.csv; data/guide-coverage/main-guide-v1-coverage.csv; data/guide-coverage/main-guide-v1-objective-final-status.csv; drafts/final-guide/main-guide-v1.md."
OBJ-000776,Fire Breath,spell_power,dragon_shout,main_route,high,"Spell, shout, and power routing",TB-038R delayed-task carryforward,"Validate learn/acquire timing, prerequisite state, and whether the power belongs in main or branch continuity.",Blades Research Blackreach And The Fallen | Companions Entry | TB-038R order and delayed-task repair register,first_word_learned | needs_route_resolution_added | progressed_in_guide,NEEDS ROUTE RESOLUTION | in_progress,"TB-038R source line 3356: The current coverage row is delayed, held, conditional, or in progress, and TB-038 found no later same-record closeout in the current coverage ledger. Previous status: progressed_in_guide / in_progress. Inputs checked: data/guide-coverage/main-guide-v1-order-delayed-task-audit.csv; data/guide-coverage/main-guide-v1-coverage.csv; data/guide-coverage/main-guide-v1-objective-final-status.csv; drafts/final-guide/main-guide-v1.md."
OBJ-000788,Standing Stone Power and Ability Choice Set,spell_power,standing_stone_choice_set,main_route,high,"Spell, shout, and power routing",TB-038R delayed-task carryforward,"Validate learn/acquire timing, prerequisite state, and whether the power belongs in main or branch continuity.",Helgen Riverwood And First Survival Loop | TB-038R order and delayed-task repair register,first_standing_stone_activated | needs_route_resolution_added,NEEDS ROUTE RESOLUTION | partial_standing_stone_set,"TB-038R source line 85: The current coverage row is delayed, held, conditional, or in progress, and TB-038 found no later same-record closeout in the current coverage ledger. Previous status: first_standing_stone_activated / partial_standing_stone_set. Inputs checked: data/guide-coverage/main-guide-v1-order-delayed-task-audit.csv; data/guide-coverage/main-guide-v1-coverage.csv; data/guide-coverage/main-guide-v1-objective-final-status.csv; drafts/final-guide/main-guide-v1.md."
OBJ-000219,Sideways Trophy Set,trophy,side_quest_trophy,main_route,high,Trophy and counter verification,TB-038R delayed-task carryforward,Confirm trophy/counter boundary and route the required check or branch action.,"Bards College Lost Library And Instrument Roads | Blades Research Blackreach And The Fallen | Bleak Falls Barrow And First Dragon | Cicero Aventus And The Sanctuary Door | Dawnstar, Pale Blade, And Heljarchen | Gauldur Legend Finale | Gildergreen Renewal After The War | Markarth Prison Daedric Rites And Reach Redoubts | Potema Shield Of Solitude And Bone Wolf | Saadia First Horse And Western Road Support | Solitude Coast Wild Horse And Wolfskull | TB-038R order and delayed-task repair register | Windhelm Murder Investigation And White Phial",counter_advanced | counter_extra_if_needed | counter_started | needs_route_resolution_added,NEEDS ROUTE RESOLUTION | already_secured_or_in_progress | in_progress | in_progress_or_already_complete,"TB-038R source line 3493: The current coverage row is delayed, held, conditional, or in progress, and TB-038 found no later same-record closeout in the current coverage ledger. Previous status: counter_extra_if_needed / in_progress_or_already_complete. Inputs checked: data/guide-coverage/main-guide-v1-order-delayed-task-audit.csv; data/guide-coverage/main-guide-v1-coverage.csv; data/guide-coverage/main-guide-v1-objective-final-status.csv; drafts/final-guide/main-guide-v1.md."
OBJ-000220,Hero of the People Trophy Set,trophy,misc_objective_trophy,main_route,high,Trophy and counter verification,TB-038R delayed-task carryforward,Confirm trophy/counter boundary and route the required check or branch action.,"Dawnstar, Pale Blade, And Heljarchen | Falkreath Land Lakeview Foundation And Glenmoril Coven | First Day In Whiterun | First Riften Visit And Guild Doorway | Goldenglow Honningbrew Solitude And Snow Veil | Goldenhills Farm And Rorikstead | Haafingar Caves Volskygge And Night Hunter | Halted Stream And Silent Moons Level Gate | Helgen Riverwood And First Survival Loop | Main Quest Staging Before Sky Haven | Markarth Prison Daedric Rites And Reach Redoubts | Retrospective redistributed regional sections; no player-facing Location Counter Sweep dump | Riften Thaneship Frost And Rift Roads | Saadia First Horse Falkreath Mead And Western Road Support | Solitude Coast Wild Horse And Wolfskull | Southern Warm Corridor | TB-038R order and delayed-task repair register | Windhelm Follow-Up And Eastmarch Roads | Windhelm Murder Investigation And White Phial",counter_advanced | counter_advanced_conditionally | counter_started | needs_route_resolution_added,NEEDS ROUTE RESOLUTION | in_progress,"TB-038R source line 5351: The current coverage row is delayed, held, conditional, or in progress, and TB-038 found no later same-record closeout in the current coverage ledger. Previous status: counter_advanced / in_progress. Inputs checked: data/guide-coverage/main-guide-v1-order-delayed-task-audit.csv; data/guide-coverage/main-guide-v1-coverage.csv; data/guide-coverage/main-guide-v1-objective-final-status.csv; drafts/final-guide/main-guide-v1.md."
OBJ-000476,Stalhrim Crafter Trophy Set,trophy,dragonborn_trophy,main_route,high,Trophy and counter verification,TB-038R delayed-task carryforward,Confirm trophy/counter boundary and route the required check or branch action.,"TB-038R order and delayed-task repair register | Temple Of Miraak, Skaal, And Stalhrim",dependency_unlocked | needs_route_resolution_added,NEEDS ROUTE RESOLUTION | staged_for_smithing_80_ebony_smithing,"TB-038R source line 4139: The current coverage row is delayed, held, conditional, or in progress, and TB-038 found no later same-record closeout in the current coverage ledger. Previous status: dependency_unlocked / staged_for_smithing_80_ebony_smithing. Inputs checked: data/guide-coverage/main-guide-v1-order-delayed-task-audit.csv; data/guide-coverage/main-guide-v1-coverage.csv; data/guide-coverage/main-guide-v1-objective-final-status.csv; drafts/final-guide/main-guide-v1.md."
OBJ-000477,Dragonrider Trophy Set,trophy,dragonborn_trophy,main_route,high,Trophy and counter verification,Collectible/Fishing reconciliation,Confirm trophy/counter boundary and route the required check or branch action.,"Collectible Reconciliation | Final Reconciliation | Miraak Finale, Lost Knowledge, And Last Black Books",needs_route_resolution | needs_route_resolution_reaffirmed | tracking_started,NEEDS ROUTE RESOLUTION | in_progress_1_of_5 | needs_route_resolution,Needs four named safe ride attempts on ordinary rideable dragons after full Bend Will with hard saves and post-dismount checks.
OBJ-002773,Thief Trophy Set,trophy,general_trophy,main_route,high,Trophy and counter verification,Final Reconciliation route-resolution register,Confirm trophy/counter boundary and route the required check or branch action.,Final Reconciliation open route-resolution items,needs_route_resolution_added,NEEDS ROUTE RESOLUTION,COV-001R trophy gap: Thief trophy needs explicit lockpicking and pickpocket counter route and stats-check cadence separate from normal skill/perk completion. Inputs checked: SN-000103; current all-perks and thief-skill guide sections.
OBJ-002774,Snake Tongue Trophy Set,trophy,general_trophy,main_route,high,Trophy and counter verification,TB-038R delayed-task carryforward,Confirm trophy/counter boundary and route the required check or branch action.,First Day In Whiterun | First Riften Visit And Guild Doorway | TB-038R order and delayed-task repair register,conditional_persuade_slot | counter_advanced_if_successful | needs_route_resolution_added,NEEDS ROUTE RESOLUTION | conditional_in_progress_else_later | in_progress,"TB-038R source line 648: The current coverage row is delayed, held, conditional, or in progress, and TB-038 found no later same-record closeout in the current coverage ledger. Previous status: counter_advanced_if_successful / in_progress. Inputs checked: data/guide-coverage/main-guide-v1-order-delayed-task-audit.csv; data/guide-coverage/main-guide-v1-coverage.csv; data/guide-coverage/main-guide-v1-objective-final-status.csv; drafts/final-guide/main-guide-v1.md."
OBJ-002779,Dragon Hunter Trophy Set,trophy,general_trophy,main_route,high,Trophy and counter verification,TB-038R delayed-task carryforward,Confirm trophy/counter boundary and route the required check or branch action.,Bleak Falls Barrow And First Dragon | Collectible Reconciliation | TB-038R order and delayed-task repair register | World-Eater's Eyrie and Dragonslayer,counter_checked | counter_started | needs_route_resolution_added | tracking_continued,NEEDS ROUTE RESOLUTION | in_progress | in_progress_or_complete_pending_counter_total,"TB-038R source line 5704: The current coverage row is delayed, held, conditional, or in progress, and TB-038 found no later same-record closeout in the current coverage ledger. Previous status: counter_checked / in_progress_or_complete_pending_counter_total. Inputs checked: data/guide-coverage/main-guide-v1-order-delayed-task-audit.csv; data/guide-coverage/main-guide-v1-coverage.csv; data/guide-coverage/main-guide-v1-objective-final-status.csv; drafts/final-guide/main-guide-v1.md."
OBJ-000720,Alternative Armors - Elven Hunter Parent Set,unique_item,ae_armor_parent_set,main_route,high,Unique item/member route routing,TB-038R delayed-task carryforward,"Validate deterministic acquisition, branch/final-continuity handling, and preservation rule.",Hircine And Bloated Man's Grotto | TB-038R order and delayed-task repair register,audited_same_building_not_started | needs_route_resolution_added,NEEDS ROUTE RESOLUTION | staged_for_later_sunderstone_bundle,"TB-038R source line 624: The current coverage row is delayed, held, conditional, or in progress, and TB-038 found no later same-record closeout in the current coverage ledger. Previous status: audited_same_building_not_started / staged_for_later_sunderstone_bundle. Inputs checked: data/guide-coverage/main-guide-v1-order-delayed-task-audit.csv; data/guide-coverage/main-guide-v1-coverage.csv; data/guide-coverage/main-guide-v1-objective-final-status.csv; drafts/final-guide/main-guide-v1.md."
OBJ-000722,Alternative Armors - Leather Parent Set,unique_item,ae_armor_parent_set,main_route,high,Unique item/member route routing,Final Reconciliation route-resolution register,"Validate deterministic acquisition, branch/final-continuity handling, and preservation rule.",Final Reconciliation open route-resolution items,needs_route_resolution_added,NEEDS ROUTE RESOLUTION,"COV-001R unique-item gap: AE parent/member set needs member-level acquisition, preservation, branch, or exclusion handling before guide completion. Inputs checked: SN-000044/SN-000045; SN-000072/SN-000073; data/items/ae-item-members.csv; current guide and coverage audit."
OBJ-000724,Alternative Armors - Orcish Scaled Parent Set,unique_item,ae_armor_parent_set,main_route,high,Unique item/member route routing,Final Reconciliation route-resolution register,"Validate deterministic acquisition, branch/final-continuity handling, and preservation rule.",Final Reconciliation open route-resolution items,needs_route_resolution_added,NEEDS ROUTE RESOLUTION,"COV-001R unique-item gap: AE parent/member set needs member-level acquisition, preservation, branch, or exclusion handling before guide completion. Inputs checked: SN-000044/SN-000045; SN-000072/SN-000073; data/items/ae-item-members.csv; current guide and coverage audit."
OBJ-000725,Alternative Armors - Silver Parent Set,unique_item,ae_armor_parent_set,main_route,high,Unique item/member route routing,Final Reconciliation route-resolution register,"Validate deterministic acquisition, branch/final-continuity handling, and preservation rule.",Final Reconciliation open route-resolution items,needs_route_resolution_added,NEEDS ROUTE RESOLUTION,"COV-001R unique-item gap: AE parent/member set needs member-level acquisition, preservation, branch, or exclusion handling before guide completion. Inputs checked: SN-000044/SN-000045; SN-000072/SN-000073; data/items/ae-item-members.csv; current guide and coverage audit."
OBJ-000728,Divine Crusader Relics Parent Set,unique_item,ae_unique_equipment_parent_set,main_route,high,Unique item/member route routing,Final Reconciliation route-resolution register,"Validate deterministic acquisition, branch/final-continuity handling, and preservation rule.",Final Reconciliation open route-resolution items,needs_route_resolution_added,NEEDS ROUTE RESOLUTION,"COV-001R unique-item gap: AE parent/member set needs member-level acquisition, preservation, branch, or exclusion handling before guide completion. Inputs checked: SN-000044/SN-000045; SN-000072/SN-000073; data/items/ae-item-members.csv; current guide and coverage audit."
OBJ-000730,Spell Knight Armor Parent Set,unique_item,ae_unique_equipment_parent_set,main_route,high,Unique item/member route routing,TB-038R delayed-task carryforward,"Validate deterministic acquisition, branch/final-continuity handling, and preservation rule.",Karthspire Sky Haven And Dragonbane | TB-038R order and delayed-task repair register,audited_not_acquired_here | needs_route_resolution_added,NEEDS ROUTE RESOLUTION | staged_for_spell_knight_branch_and_ingredient_policy,"TB-038R source line 3056: The current coverage row is delayed, held, conditional, or in progress, and TB-038 found no later same-record closeout in the current coverage ledger. Previous status: audited_not_acquired_here / staged_for_spell_knight_branch_and_ingredient_policy. Inputs checked: data/guide-coverage/main-guide-v1-order-delayed-task-audit.csv; data/guide-coverage/main-guide-v1-coverage.csv; data/guide-coverage/main-guide-v1-objective-final-status.csv; drafts/final-guide/main-guide-v1.md."
OBJ-000735,Arms of Chaos Equipment Parent Set,unique_item,ae_unique_equipment_parent_set,main_route,high,Unique item/member route routing,Final Reconciliation route-resolution register,"Validate deterministic acquisition, branch/final-continuity handling, and preservation rule.",Final Reconciliation open route-resolution items,needs_route_resolution_added,NEEDS ROUTE RESOLUTION,"COV-001R unique-item gap: AE parent/member set needs member-level acquisition, preservation, branch, or exclusion handling before guide completion. Inputs checked: SN-000044/SN-000045; SN-000072/SN-000073; data/items/ae-item-members.csv; current guide and coverage audit."
OBJ-000736,Chrysamere Unique Weapon,unique_item,ae_unique_equipment_parent_set,main_route,high,Unique item/member route routing,Final Reconciliation route-resolution register,"Validate deterministic acquisition, branch/final-continuity handling, and preservation rule.",Final Reconciliation open route-resolution items,needs_route_resolution_added,NEEDS ROUTE RESOLUTION,"COV-001R unique-item gap: AE parent/member set needs member-level acquisition, preservation, branch, or exclusion handling before guide completion. Inputs checked: SN-000044/SN-000045; SN-000072/SN-000073; data/items/ae-item-members.csv; current guide and coverage audit."
OBJ-000737,Dawnfang and Duskfang Unique Weapon Set,unique_item,ae_unique_equipment_parent_set,main_route,high,Unique item/member route routing,TB-038R delayed-task carryforward,"Validate deterministic acquisition, branch/final-continuity handling, and preservation rule.",First Riften Visit And Guild Doorway | TB-038R order and delayed-task repair register,audited_same_path_not_started | needs_route_resolution_added,NEEDS ROUTE RESOLUTION | staged_for_later_guardian_vault_bundle,"TB-038R source line 707: The current coverage row is delayed, held, conditional, or in progress, and TB-038 found no later same-record closeout in the current coverage ledger. Previous status: audited_same_path_not_started / staged_for_later_guardian_vault_bundle. Inputs checked: data/guide-coverage/main-guide-v1-order-delayed-task-audit.csv; data/guide-coverage/main-guide-v1-coverage.csv; data/guide-coverage/main-guide-v1-objective-final-status.csv; drafts/final-guide/main-guide-v1.md."
OBJ-000738,Dead Man's Dread Equipment Parent Set,unique_item,ae_unique_equipment_parent_set,main_route,high,Unique item/member route routing,Final Reconciliation route-resolution register,"Validate deterministic acquisition, branch/final-continuity handling, and preservation rule.",Final Reconciliation open route-resolution items,needs_route_resolution_added,NEEDS ROUTE RESOLUTION,"COV-001R unique-item gap: AE parent/member set needs member-level acquisition, preservation, branch, or exclusion handling before guide completion. Inputs checked: SN-000044/SN-000045; SN-000072/SN-000073; data/items/ae-item-members.csv; current guide and coverage audit."
OBJ-000743,Shadowrend Unique Weapon,unique_item,ae_unique_equipment_parent_set,main_route,high,Unique item/member route routing,Final Reconciliation route-resolution register,"Validate deterministic acquisition, branch/final-continuity handling, and preservation rule.",Final Reconciliation open route-resolution items,needs_route_resolution_added,NEEDS ROUTE RESOLUTION,"COV-001R unique-item gap: AE parent/member set needs member-level acquisition, preservation, branch, or exclusion handling before guide completion. Inputs checked: SN-000044/SN-000045; SN-000072/SN-000073; data/items/ae-item-members.csv; current guide and coverage audit."
OBJ-000745,Staff of Sheogorath Unique Staff,unique_item,ae_unique_equipment_parent_set,main_route,high,Unique item/member route routing,Final Reconciliation route-resolution register,"Validate deterministic acquisition, branch/final-continuity handling, and preservation rule.",Final Reconciliation open route-resolution items,needs_route_resolution_added,NEEDS ROUTE RESOLUTION,"COV-001R unique-item gap: AE parent/member set needs member-level acquisition, preservation, branch, or exclusion handling before guide completion. Inputs checked: SN-000044/SN-000045; SN-000072/SN-000073; data/items/ae-item-members.csv; current guide and coverage audit."
OBJ-000746,Stendarr's Hammer Unique Weapon,unique_item,ae_unique_equipment_parent_set,main_route,high,Unique item/member route routing,TB-038R delayed-task carryforward,"Validate deterministic acquisition, branch/final-continuity handling, and preservation rule.",Markarth Nchuand-Zel And Old Hroldan | TB-038R order and delayed-task repair register,needs_route_resolution_added | not_acquired_here,NEEDS ROUTE RESOLUTION | staged_for_ae_unique_weapon_route,"TB-038R source line 1210: The current coverage row is delayed, held, conditional, or in progress, and TB-038 found no later same-record closeout in the current coverage ledger. Previous status: not_acquired_here / staged_for_ae_unique_weapon_route. Inputs checked: data/guide-coverage/main-guide-v1-order-delayed-task-audit.csv; data/guide-coverage/main-guide-v1-coverage.csv; data/guide-coverage/main-guide-v1-objective-final-status.csv; drafts/final-guide/main-guide-v1.md."
OBJ-000747,Sunder and Wraithguard Artifact Parent Set,unique_item,ae_unique_equipment_parent_set,main_route,high,Unique item/member route routing,Final Reconciliation route-resolution register,"Validate deterministic acquisition, branch/final-continuity handling, and preservation rule.",Final Reconciliation open route-resolution items,needs_route_resolution_added,NEEDS ROUTE RESOLUTION,"COV-001R unique-item gap: AE parent/member set needs member-level acquisition, preservation, branch, or exclusion handling before guide completion. Inputs checked: SN-000044/SN-000045; SN-000072/SN-000073; data/items/ae-item-members.csv; current guide and coverage audit."
OBJ-000748,The Gray Cowl Returns Equipment Parent Set,unique_item,ae_unique_equipment_parent_set,main_route,high,Unique item/member route routing,Final Reconciliation route-resolution register,"Validate deterministic acquisition, branch/final-continuity handling, and preservation rule.",Final Reconciliation open route-resolution items,needs_route_resolution_added,NEEDS ROUTE RESOLUTION,"COV-001R unique-item gap: AE parent/member set needs member-level acquisition, preservation, branch, or exclusion handling before guide completion. Inputs checked: SN-000044/SN-000045; SN-000072/SN-000073; data/items/ae-item-members.csv; current guide and coverage audit."
OBJ-000752,Bow of Shadows Unique Weapon,unique_item,ae_unique_equipment_parent_set,main_route,high,Unique item/member route routing,Final Reconciliation route-resolution register,"Validate deterministic acquisition, branch/final-continuity handling, and preservation rule.",Final Reconciliation open route-resolution items,needs_route_resolution_added,NEEDS ROUTE RESOLUTION,"COV-001R unique-item gap: AE parent/member set needs member-level acquisition, preservation, branch, or exclusion handling before guide completion. Inputs checked: SN-000044/SN-000045; SN-000072/SN-000073; data/items/ae-item-members.csv; current guide and coverage audit."
OBJ-000753,Goldbrand Unique Weapon,unique_item,ae_unique_equipment_parent_set,main_route,high,Unique item/member route routing,Final Reconciliation route-resolution register,"Validate deterministic acquisition, branch/final-continuity handling, and preservation rule.",Final Reconciliation open route-resolution items,needs_route_resolution_added,NEEDS ROUTE RESOLUTION,"COV-001R unique-item gap: AE parent/member set needs member-level acquisition, preservation, branch, or exclusion handling before guide completion. Inputs checked: SN-000044/SN-000045; SN-000072/SN-000073; data/items/ae-item-members.csv; current guide and coverage audit."
OBJ-000754,Headman's Cleaver Unique Weapon,unique_item,ae_unique_equipment_parent_set,main_route,high,Unique item/member route routing,Final Reconciliation route-resolution register,"Validate deterministic acquisition, branch/final-continuity handling, and preservation rule.",Final Reconciliation open route-resolution items,needs_route_resolution_added,NEEDS ROUTE RESOLUTION,"COV-001R unique-item gap: AE parent/member set needs member-level acquisition, preservation, branch, or exclusion handling before guide completion. Inputs checked: SN-000044/SN-000045; SN-000072/SN-000073; data/items/ae-item-members.csv; current guide and coverage audit."
OBJ-000757,Pets of Skyrim Pet Equipment Parent Set,unique_item,ae_unique_equipment_parent_set,main_route,high,Unique item/member route routing,Final Reconciliation route-resolution register,"Validate deterministic acquisition, branch/final-continuity handling, and preservation rule.",Final Reconciliation open route-resolution items,needs_route_resolution_added,NEEDS ROUTE RESOLUTION,"COV-001R unique-item gap: AE parent/member set needs member-level acquisition, preservation, branch, or exclusion handling before guide completion. Inputs checked: SN-000044/SN-000045; SN-000072/SN-000073; data/items/ae-item-members.csv; current guide and coverage audit."
OBJ-000758,Wild Horses Map and Saddle Parent Set,unique_item,ae_unique_equipment_parent_set,main_route,high,Unique item/member route routing,TB-038R delayed-task carryforward,"Validate deterministic acquisition, branch/final-continuity handling, and preservation rule.",Solitude Coast Wild Horse And Wolfskull | TB-038R order and delayed-task repair register,needs_route_resolution_added | progressed_in_guide,NEEDS ROUTE RESOLUTION | partial_map_complete_saddles_later,"TB-038R source line 1847: The current coverage row is delayed, held, conditional, or in progress, and TB-038 found no later same-record closeout in the current coverage ledger. Previous status: progressed_in_guide / partial_map_complete_saddles_later. Inputs checked: data/guide-coverage/main-guide-v1-order-delayed-task-audit.csv; data/guide-coverage/main-guide-v1-coverage.csv; data/guide-coverage/main-guide-v1-objective-final-status.csv; drafts/final-guide/main-guide-v1.md."
OBJ-001617,Unique Item: Drainblood Battleaxe,unique_item,unique_weapon,main_route,high,Unique item/member route routing,Final Reconciliation route-resolution register,"Validate deterministic acquisition, branch/final-continuity handling, and preservation rule.",Final Reconciliation open route-resolution items,needs_route_resolution_added,NEEDS ROUTE RESOLUTION,"COV-001R unique-item gap: non-artifact unique item needs exact pickup timing, location/source validation, and preservation storage before guide completion. Inputs checked: SN-000059; current guide and coverage audit."
OBJ-001621,Unique Item: Bow of the Hunt,unique_item,unique_weapon,main_route,high,Unique item/member route routing,Final Reconciliation route-resolution register,"Validate deterministic acquisition, branch/final-continuity handling, and preservation rule.",Final Reconciliation open route-resolution items,needs_route_resolution_added,NEEDS ROUTE RESOLUTION,"COV-001R unique-item gap: non-artifact unique item needs exact pickup timing, location/source validation, and preservation storage before guide completion. Inputs checked: SN-000059; current guide and coverage audit."
OBJ-001622,Unique Item: Drainspell Bow,unique_item,unique_weapon,main_route,high,Unique item/member route routing,Final Reconciliation route-resolution register,"Validate deterministic acquisition, branch/final-continuity handling, and preservation rule.",Final Reconciliation open route-resolution items,needs_route_resolution_added,NEEDS ROUTE RESOLUTION,"COV-001R unique-item gap: non-artifact unique item needs exact pickup timing, location/source validation, and preservation storage before guide completion. Inputs checked: SN-000059; current guide and coverage audit."
OBJ-001625,Unique Item: Glass Bow of the Stag Prince,unique_item,unique_weapon,main_route,high,Unique item/member route routing,Final Reconciliation route-resolution register,"Validate deterministic acquisition, branch/final-continuity handling, and preservation rule.",Final Reconciliation open route-resolution items,needs_route_resolution_added,NEEDS ROUTE RESOLUTION,"COV-001R unique-item gap: non-artifact unique item needs exact pickup timing, location/source validation, and preservation storage before guide completion. Inputs checked: SN-000059; current guide and coverage audit."
OBJ-001627,Unique Item: Blade of Sacrifice,unique_item,unique_weapon,main_route,high,Unique item/member route routing,Final Reconciliation route-resolution register,"Validate deterministic acquisition, branch/final-continuity handling, and preservation rule.",Final Reconciliation open route-resolution items,needs_route_resolution_added,NEEDS ROUTE RESOLUTION,"COV-001R unique-item gap: non-artifact unique item needs exact pickup timing, location/source validation, and preservation storage before guide completion. Inputs checked: SN-000059; current guide and coverage audit."
OBJ-001630,Unique Item: Borvir's Dagger,unique_item,unique_weapon,main_route,high,Unique item/member route routing,Final Reconciliation route-resolution register,"Validate deterministic acquisition, branch/final-continuity handling, and preservation rule.",Final Reconciliation open route-resolution items,needs_route_resolution_added,NEEDS ROUTE RESOLUTION,"COV-001R unique-item gap: non-artifact unique item needs exact pickup timing, location/source validation, and preservation storage before guide completion. Inputs checked: SN-000059; current guide and coverage audit."
OBJ-001633,Unique Item: Rundi's Dagger,unique_item,unique_weapon,main_route,high,Unique item/member route routing,Final Reconciliation route-resolution register,"Validate deterministic acquisition, branch/final-continuity handling, and preservation rule.",Final Reconciliation open route-resolution items,needs_route_resolution_added,NEEDS ROUTE RESOLUTION,"COV-001R unique-item gap: non-artifact unique item needs exact pickup timing, location/source validation, and preservation storage before guide completion. Inputs checked: SN-000059; current guide and coverage audit."
OBJ-001634,Unique Item: Shiv,unique_item,unique_weapon,main_route,high,Unique item/member route routing,Final Reconciliation route-resolution register,"Validate deterministic acquisition, branch/final-continuity handling, and preservation rule.",Final Reconciliation open route-resolution items,needs_route_resolution_added,NEEDS ROUTE RESOLUTION,"COV-001R unique-item gap: non-artifact unique item needs exact pickup timing, location/source validation, and preservation storage before guide completion. Inputs checked: SN-000059; current guide and coverage audit."
OBJ-001642,Unique Item: Drainheart Sword,unique_item,unique_weapon,main_route,high,Unique item/member route routing,Final Reconciliation route-resolution register,"Validate deterministic acquisition, branch/final-continuity handling, and preservation rule.",Final Reconciliation open route-resolution items,needs_route_resolution_added,NEEDS ROUTE RESOLUTION,"COV-001R unique-item gap: non-artifact unique item needs exact pickup timing, location/source validation, and preservation storage before guide completion. Inputs checked: SN-000059; current guide and coverage audit."
OBJ-001653,Unique Item: Trollsbane,unique_item,unique_weapon,main_route,high,Unique item/member route routing,Final Reconciliation route-resolution register,"Validate deterministic acquisition, branch/final-continuity handling, and preservation rule.",Final Reconciliation open route-resolution items,needs_route_resolution_added,NEEDS ROUTE RESOLUTION,"COV-001R unique-item gap: non-artifact unique item needs exact pickup timing, location/source validation, and preservation storage before guide completion. Inputs checked: SN-000059; current guide and coverage audit."
OBJ-001680,Unique Item: Ironhand Gauntlets,unique_item,unique_armor,main_route,high,Unique item/member route routing,Final Reconciliation route-resolution register,"Validate deterministic acquisition, branch/final-continuity handling, and preservation rule.",Final Reconciliation open route-resolution items,needs_route_resolution_added,NEEDS ROUTE RESOLUTION,"COV-001R unique-item gap: non-artifact unique item needs exact pickup timing, location/source validation, and preservation storage before guide completion. Inputs checked: SN-000059; current guide and coverage audit."
OBJ-001699,Unique Item: Torturer's Hood,unique_item,unique_armor,main_route,high,Unique item/member route routing,Final Reconciliation route-resolution register,"Validate deterministic acquisition, branch/final-continuity handling, and preservation rule.",Final Reconciliation open route-resolution items,needs_route_resolution_added,NEEDS ROUTE RESOLUTION,"COV-001R unique-item gap: non-artifact unique item needs exact pickup timing, location/source validation, and preservation storage before guide completion. Inputs checked: SN-000059; current guide and coverage audit."
OBJ-001701,Unique Item: Ulfric's Bracers,unique_item,unique_armor,main_route,high,Unique item/member route routing,Final Reconciliation route-resolution register,"Validate deterministic acquisition, branch/final-continuity handling, and preservation rule.",Final Reconciliation open route-resolution items,needs_route_resolution_added,NEEDS ROUTE RESOLUTION,"COV-001R unique-item gap: non-artifact unique item needs exact pickup timing, location/source validation, and preservation storage before guide completion. Inputs checked: SN-000059; current guide and coverage audit."
OBJ-001704,Unique Item: Cicero's Boots,unique_item,unique_clothing,main_route,high,Unique item/member route routing,TB-038R delayed-task carryforward,"Validate deterministic acquisition, branch/final-continuity handling, and preservation rule.","Security, Shadowmere, And The Brotherhood Endgame | TB-038R order and delayed-task repair register",needs_route_resolution_added | not_routed_here,NEEDS ROUTE RESOLUTION | staged_for_controlled_pickpocket_or_clothing_pass,"TB-038R source line 2453: The current coverage row is delayed, held, conditional, or in progress, and TB-038 found no later same-record closeout in the current coverage ledger. Previous status: not_routed_here / staged_for_controlled_pickpocket_or_clothing_pass. Inputs checked: data/guide-coverage/main-guide-v1-order-delayed-task-audit.csv; data/guide-coverage/main-guide-v1-coverage.csv; data/guide-coverage/main-guide-v1-objective-final-status.csv; drafts/final-guide/main-guide-v1.md."
OBJ-001705,Unique Item: Cicero's Clothes,unique_item,unique_clothing,main_route,high,Unique item/member route routing,TB-038R delayed-task carryforward,"Validate deterministic acquisition, branch/final-continuity handling, and preservation rule.","Security, Shadowmere, And The Brotherhood Endgame | TB-038R order and delayed-task repair register",needs_route_resolution_added | not_routed_here,NEEDS ROUTE RESOLUTION | staged_for_controlled_pickpocket_or_clothing_pass,"TB-038R source line 2454: The current coverage row is delayed, held, conditional, or in progress, and TB-038 found no later same-record closeout in the current coverage ledger. Previous status: not_routed_here / staged_for_controlled_pickpocket_or_clothing_pass. Inputs checked: data/guide-coverage/main-guide-v1-order-delayed-task-audit.csv; data/guide-coverage/main-guide-v1-coverage.csv; data/guide-coverage/main-guide-v1-objective-final-status.csv; drafts/final-guide/main-guide-v1.md."
OBJ-001706,Unique Item: Cicero's Gloves,unique_item,unique_clothing,main_route,high,Unique item/member route routing,TB-038R delayed-task carryforward,"Validate deterministic acquisition, branch/final-continuity handling, and preservation rule.","Security, Shadowmere, And The Brotherhood Endgame | TB-038R order and delayed-task repair register",needs_route_resolution_added | not_routed_here,NEEDS ROUTE RESOLUTION | staged_for_controlled_pickpocket_or_clothing_pass,"TB-038R source line 2455: The current coverage row is delayed, held, conditional, or in progress, and TB-038 found no later same-record closeout in the current coverage ledger. Previous status: not_routed_here / staged_for_controlled_pickpocket_or_clothing_pass. Inputs checked: data/guide-coverage/main-guide-v1-order-delayed-task-audit.csv; data/guide-coverage/main-guide-v1-coverage.csv; data/guide-coverage/main-guide-v1-objective-final-status.csv; drafts/final-guide/main-guide-v1.md."
OBJ-001707,Unique Item: Cicero's Hat,unique_item,unique_clothing,main_route,high,Unique item/member route routing,TB-038R delayed-task carryforward,"Validate deterministic acquisition, branch/final-continuity handling, and preservation rule.","Security, Shadowmere, And The Brotherhood Endgame | TB-038R order and delayed-task repair register",needs_route_resolution_added | not_routed_here,NEEDS ROUTE RESOLUTION | staged_for_controlled_pickpocket_or_clothing_pass,"TB-038R source line 2456: The current coverage row is delayed, held, conditional, or in progress, and TB-038 found no later same-record closeout in the current coverage ledger. Previous status: not_routed_here / staged_for_controlled_pickpocket_or_clothing_pass. Inputs checked: data/guide-coverage/main-guide-v1-order-delayed-task-audit.csv; data/guide-coverage/main-guide-v1-coverage.csv; data/guide-coverage/main-guide-v1-objective-final-status.csv; drafts/final-guide/main-guide-v1.md."
OBJ-001708,Unique Item: Mythic Dawn Robes,unique_item,unique_clothing,main_route,high,Unique item/member route routing,Final Reconciliation route-resolution register,"Validate deterministic acquisition, branch/final-continuity handling, and preservation rule.",Final Reconciliation open route-resolution items,needs_route_resolution_added,NEEDS ROUTE RESOLUTION,"COV-001R unique-item gap: non-artifact unique item needs exact pickup timing, location/source validation, and preservation storage before guide completion. Inputs checked: SN-000059; current guide and coverage audit."
OBJ-001714,Unique Item: Ulfric's Boots,unique_item,unique_clothing,main_route,high,Unique item/member route routing,Final Reconciliation route-resolution register,"Validate deterministic acquisition, branch/final-continuity handling, and preservation rule.",Final Reconciliation open route-resolution items,needs_route_resolution_added,NEEDS ROUTE RESOLUTION,"COV-001R unique-item gap: non-artifact unique item needs exact pickup timing, location/source validation, and preservation storage before guide completion. Inputs checked: SN-000059; current guide and coverage audit."
OBJ-001715,Unique Item: Ulfric's Clothes,unique_item,unique_clothing,main_route,high,Unique item/member route routing,Final Reconciliation route-resolution register,"Validate deterministic acquisition, branch/final-continuity handling, and preservation rule.",Final Reconciliation open route-resolution items,needs_route_resolution_added,NEEDS ROUTE RESOLUTION,"COV-001R unique-item gap: non-artifact unique item needs exact pickup timing, location/source validation, and preservation storage before guide completion. Inputs checked: SN-000059; current guide and coverage audit."
OBJ-001718,Unique Item: Charmed Necklace,unique_item,unique_jewelry,main_route,high,Unique item/member route routing,TB-038R delayed-task carryforward,"Validate deterministic acquisition, branch/final-continuity handling, and preservation rule.",Goldenglow Honningbrew Solitude And Snow Veil | TB-038R order and delayed-task repair register,needs_route_resolution_added | staged_now,NEEDS ROUTE RESOLUTION | staged_for_random_encounter,"TB-038R source line 785: The current coverage row is delayed, held, conditional, or in progress, and TB-038 found no later same-record closeout in the current coverage ledger. Previous status: staged_now / staged_for_random_encounter. Inputs checked: data/guide-coverage/main-guide-v1-order-delayed-task-audit.csv; data/guide-coverage/main-guide-v1-coverage.csv; data/guide-coverage/main-guide-v1-objective-final-status.csv; drafts/final-guide/main-guide-v1.md."
OBJ-001724,Unique Item: Skaal Amulet,unique_item,unique_jewelry,main_route,high,Unique item/member route routing,TB-038R delayed-task carryforward,"Validate deterministic acquisition, branch/final-continuity handling, and preservation rule.","TB-038R order and delayed-task repair register | Temple Of Miraak, Skaal, And Stalhrim",held_for_later | needs_route_resolution_added,NEEDS ROUTE RESOLUTION | held_for_pickpocket_capable_unique_item_pass,"TB-038R source line 4157: The current coverage row is delayed, held, conditional, or in progress, and TB-038 found no later same-record closeout in the current coverage ledger. Previous status: held_for_later / held_for_pickpocket_capable_unique_item_pass. Inputs checked: data/guide-coverage/main-guide-v1-order-delayed-task-audit.csv; data/guide-coverage/main-guide-v1-coverage.csv; data/guide-coverage/main-guide-v1-objective-final-status.csv; drafts/final-guide/main-guide-v1.md."
OBJ-001725,Unique Item: Yisra's Necklace,unique_item,unique_jewelry,main_route,high,Unique item/member route routing,Final Reconciliation route-resolution register,"Validate deterministic acquisition, branch/final-continuity handling, and preservation rule.",Final Reconciliation open route-resolution items,needs_route_resolution_added,NEEDS ROUTE RESOLUTION,"COV-001R unique-item gap: non-artifact unique item needs exact pickup timing, location/source validation, and preservation storage before guide completion. Inputs checked: SN-000059; current guide and coverage audit."
OBJ-001729,Unique Item: The Bond of Matrimony,unique_item,unique_jewelry,main_route,high,Unique item/member route routing,Final Reconciliation route-resolution register,"Validate deterministic acquisition, branch/final-continuity handling, and preservation rule.",Final Reconciliation open route-resolution items,needs_route_resolution_added,NEEDS ROUTE RESOLUTION,"COV-001R unique-item gap: non-artifact unique item needs exact pickup timing, location/source validation, and preservation storage before guide completion. Inputs checked: SN-000059; current guide and coverage audit."
OBJ-001731,Unique Item: Ilas-Tei's Ring,unique_item,unique_jewelry,main_route,high,Unique item/member route routing,Final Reconciliation route-resolution register,"Validate deterministic acquisition, branch/final-continuity handling, and preservation rule.",Final Reconciliation open route-resolution items,needs_route_resolution_added,NEEDS ROUTE RESOLUTION,"COV-001R unique-item gap: non-artifact unique item needs exact pickup timing, location/source validation, and preservation storage before guide completion. Inputs checked: SN-000059; current guide and coverage audit."
OBJ-001744,Unique Item: Balbus's Fork,unique_item,unique_misc_item,main_route,high,Unique item/member route routing,Collectible/Fishing reconciliation,"Validate deterministic acquisition, branch/final-continuity handling, and preservation rule.","Collectible Reconciliation | Final Reconciliation | Security, Shadowmere, And The Brotherhood Endgame",NEEDS ROUTE RESOLUTION | needs_route_resolution | needs_route_resolution_reaffirmed,NEEDS ROUTE RESOLUTION | needs_route_resolution | unresolved_random_encounter,Guide gives natural Writ-window instruction but does not yet guarantee a deterministic Balbus encounter
OBJ-000703,Nix-Hound Food and Spell Tome Item Set,ae_creation,ae_item_consumable_set,main_route,medium,AE Creation item-member policy,Final Reconciliation route-resolution register,"Resolve obtainable member acquisition policy, deterministic food/source handling, and explicit exclusions without treating broad consumable sets as quest blockers.",Final Reconciliation open route-resolution items,needs_route_resolution_refined,NEEDS ROUTE RESOLUTION,"TB-044 source check confirms Spell Tome: Teleport Pet Nix-Hound is already routed with My Pet Nix-Hound at Revus; Nix-Hound Meat drops from wild Nix-Hounds and Cooked Nix-Hound Meat requires Salt Pile plus Nix-Hound Meat. Checked sources do not provide a deterministic route-safe wild Nix-Hound spawn selected by this pass, so this remains a medium-priority food/member policy row rather than a high-severity route blocker. Inputs checked: SN-000206; data/items/ae-item-members.csv; current Tel Mithryn/Nix-Hound guide section."
OBJ-001893,Collectible Set: Fishing Species and Special Catches,collectible,fishing_species_set,main_route,medium,Finite collectible and Fishing route policy,Collectible/Fishing reconciliation,"Choose deterministic acquisition route, preservation policy, and any counter/checklist recording method.",Collectible Reconciliation | Final Reconciliation,needs_route_resolution | needs_route_resolution_reaffirmed,NEEDS ROUTE RESOLUTION | needs_route_resolution,Needs per-species catch route with spot biome weather time rod quest state and ingredient preservation policy.
OBJ-001894,Fishing Catch: Angelfish,collectible,fishing_species_member,main_route,medium,Finite collectible and Fishing route policy,Collectible/Fishing reconciliation,"Choose deterministic acquisition route, preservation policy, and any counter/checklist recording method.",Collectible Reconciliation | Final Reconciliation,needs_route_resolution | needs_route_resolution_reaffirmed,NEEDS ROUTE RESOLUTION | needs_route_resolution,Needs exact catch route with rod biome weather time quest state and preservation policy.
OBJ-001895,Fishing Catch: Angler,collectible,fishing_species_member,main_route,medium,Finite collectible and Fishing route policy,Collectible/Fishing reconciliation,"Choose deterministic acquisition route, preservation policy, and any counter/checklist recording method.",Collectible Reconciliation | Final Reconciliation,needs_route_resolution | needs_route_resolution_reaffirmed,NEEDS ROUTE RESOLUTION | needs_route_resolution,Needs exact catch route with rod biome weather time quest state and preservation policy.
OBJ-001896,Fishing Catch: Angler Larvae,collectible,fishing_species_member,main_route,medium,Finite collectible and Fishing route policy,Collectible/Fishing reconciliation,"Choose deterministic acquisition route, preservation policy, and any counter/checklist recording method.",Collectible Reconciliation | Final Reconciliation,needs_route_resolution | needs_route_resolution_reaffirmed,NEEDS ROUTE RESOLUTION | needs_route_resolution,Needs exact catch route with rod biome weather time quest state and preservation policy.
OBJ-001897,Fishing Catch: Arctic Char,collectible,fishing_species_member,main_route,medium,Finite collectible and Fishing route policy,Collectible/Fishing reconciliation,"Choose deterministic acquisition route, preservation policy, and any counter/checklist recording method.",Collectible Reconciliation | Final Reconciliation,needs_route_resolution | needs_route_resolution_reaffirmed,NEEDS ROUTE RESOLUTION | needs_route_resolution,Needs exact catch route with rod biome weather time quest state and preservation policy.
OBJ-001898,Fishing Catch: Arctic Grayling,collectible,fishing_species_member,main_route,medium,Finite collectible and Fishing route policy,Collectible/Fishing reconciliation,"Choose deterministic acquisition route, preservation policy, and any counter/checklist recording method.",Collectible Reconciliation | Final Reconciliation,needs_route_resolution | needs_route_resolution_reaffirmed,NEEDS ROUTE RESOLUTION | needs_route_resolution,Needs exact catch route with rod biome weather time quest state and preservation policy.
OBJ-001899,Fishing Catch: Brook Bass,collectible,fishing_species_member,main_route,medium,Finite collectible and Fishing route policy,Collectible/Fishing reconciliation,"Choose deterministic acquisition route, preservation policy, and any counter/checklist recording method.",Collectible Reconciliation | Final Reconciliation,needs_route_resolution | needs_route_resolution_reaffirmed,NEEDS ROUTE RESOLUTION | needs_route_resolution,Needs exact catch route with rod biome weather time quest state and preservation policy.
OBJ-001900,Fishing Catch: Carp,collectible,fishing_species_member,main_route,medium,Finite collectible and Fishing route policy,Collectible/Fishing reconciliation,"Choose deterministic acquisition route, preservation policy, and any counter/checklist recording method.",Collectible Reconciliation | Final Reconciliation,needs_route_resolution | needs_route_resolution_reaffirmed,NEEDS ROUTE RESOLUTION | needs_route_resolution,Needs exact catch route with rod biome weather time quest state and preservation policy.
OBJ-001901,Fishing Catch: Catfish,collectible,fishing_species_member,main_route,medium,Finite collectible and Fishing route policy,Collectible/Fishing reconciliation,"Choose deterministic acquisition route, preservation policy, and any counter/checklist recording method.",Collectible Reconciliation | Final Reconciliation,needs_route_resolution | needs_route_resolution_reaffirmed,NEEDS ROUTE RESOLUTION | needs_route_resolution,Needs exact catch route with rod biome weather time quest state and preservation policy.
OBJ-001902,Fishing Catch: Cod,collectible,fishing_species_member,main_route,medium,Finite collectible and Fishing route policy,Collectible/Fishing reconciliation,"Choose deterministic acquisition route, preservation policy, and any counter/checklist recording method.",Collectible Reconciliation | Final Reconciliation,needs_route_resolution | needs_route_resolution_reaffirmed,NEEDS ROUTE RESOLUTION | needs_route_resolution,Needs exact catch route with rod biome weather time quest state and preservation policy.
OBJ-001903,Fishing Catch: Direfish,collectible,fishing_species_member,main_route,medium,Finite collectible and Fishing route policy,Collectible/Fishing reconciliation,"Choose deterministic acquisition route, preservation policy, and any counter/checklist recording method.",Collectible Reconciliation | Final Reconciliation,needs_route_resolution | needs_route_resolution_reaffirmed,NEEDS ROUTE RESOLUTION | needs_route_resolution,Needs exact catch route with rod biome weather time quest state and preservation policy.
OBJ-001904,Fishing Catch: Glass Catfish,collectible,fishing_species_member,main_route,medium,Finite collectible and Fishing route policy,Collectible/Fishing reconciliation,"Choose deterministic acquisition route, preservation policy, and any counter/checklist recording method.",Collectible Reconciliation | Final Reconciliation,needs_route_resolution | needs_route_resolution_reaffirmed,NEEDS ROUTE RESOLUTION | needs_route_resolution,Needs exact catch route with rod biome weather time quest state and preservation policy.
OBJ-001905,Fishing Catch: Glassfish,collectible,fishing_species_member,main_route,medium,Finite collectible and Fishing route policy,Collectible/Fishing reconciliation,"Choose deterministic acquisition route, preservation policy, and any counter/checklist recording method.",Collectible Reconciliation | Final Reconciliation,needs_route_resolution | needs_route_resolution_reaffirmed,NEEDS ROUTE RESOLUTION | needs_route_resolution,Needs exact catch route with rod biome weather time quest state and preservation policy.
OBJ-001906,Fishing Catch: Goldfish,collectible,fishing_species_member,main_route,medium,Finite collectible and Fishing route policy,Collectible/Fishing reconciliation,"Choose deterministic acquisition route, preservation policy, and any counter/checklist recording method.",Collectible Reconciliation | Final Reconciliation,needs_route_resolution | needs_route_resolution_reaffirmed,NEEDS ROUTE RESOLUTION | needs_route_resolution,Needs exact catch route with rod biome weather time quest state and preservation policy.
OBJ-001907,Fishing Catch: Juvenile Mudcrab,collectible,fishing_species_member,main_route,medium,Finite collectible and Fishing route policy,Collectible/Fishing reconciliation,"Choose deterministic acquisition route, preservation policy, and any counter/checklist recording method.",Collectible Reconciliation | Final Reconciliation,needs_route_resolution | needs_route_resolution_reaffirmed,NEEDS ROUTE RESOLUTION | needs_route_resolution,Needs exact catch route with rod biome weather time quest state and preservation policy.
OBJ-001908,Fishing Catch: Lyretail Anthias,collectible,fishing_species_member,main_route,medium,Finite collectible and Fishing route policy,Collectible/Fishing reconciliation,"Choose deterministic acquisition route, preservation policy, and any counter/checklist recording method.",Collectible Reconciliation | Final Reconciliation,needs_route_resolution | needs_route_resolution_reaffirmed,NEEDS ROUTE RESOLUTION | needs_route_resolution,Needs exact catch route with rod biome weather time quest state and preservation policy.
OBJ-001909,Fishing Catch: Pearlfish,collectible,fishing_species_member,main_route,medium,Finite collectible and Fishing route policy,Collectible/Fishing reconciliation,"Choose deterministic acquisition route, preservation policy, and any counter/checklist recording method.",Collectible Reconciliation | Final Reconciliation,needs_route_resolution | needs_route_resolution_reaffirmed,NEEDS ROUTE RESOLUTION | needs_route_resolution,Needs exact catch route with rod biome weather time quest state and preservation policy.
OBJ-001910,Fishing Catch: Pogfish,collectible,fishing_species_member,main_route,medium,Finite collectible and Fishing route policy,Collectible/Fishing reconciliation,"Choose deterministic acquisition route, preservation policy, and any counter/checklist recording method.",Collectible Reconciliation | Final Reconciliation,needs_route_resolution | needs_route_resolution_reaffirmed,NEEDS ROUTE RESOLUTION | needs_route_resolution,Needs exact catch route with rod biome weather time quest state and preservation policy.
OBJ-001911,Fishing Catch: Pygmy Sunfish,collectible,fishing_species_member,main_route,medium,Finite collectible and Fishing route policy,Collectible/Fishing reconciliation,"Choose deterministic acquisition route, preservation policy, and any counter/checklist recording method.",Collectible Reconciliation | Final Reconciliation,needs_route_resolution | needs_route_resolution_reaffirmed,NEEDS ROUTE RESOLUTION | needs_route_resolution,Needs exact catch route with rod biome weather time quest state and preservation policy.
OBJ-001912,Fishing Catch: Scorpion Fish,collectible,fishing_species_member,main_route,medium,Finite collectible and Fishing route policy,Collectible/Fishing reconciliation,"Choose deterministic acquisition route, preservation policy, and any counter/checklist recording method.",Collectible Reconciliation | Final Reconciliation,needs_route_resolution | needs_route_resolution_reaffirmed,NEEDS ROUTE RESOLUTION | needs_route_resolution,Needs exact catch route with rod biome weather time quest state and preservation policy.
OBJ-001913,Fishing Catch: Spadefish,collectible,fishing_species_member,main_route,medium,Finite collectible and Fishing route policy,Collectible/Fishing reconciliation,"Choose deterministic acquisition route, preservation policy, and any counter/checklist recording method.",Collectible Reconciliation | Final Reconciliation,needs_route_resolution | needs_route_resolution_reaffirmed,NEEDS ROUTE RESOLUTION | needs_route_resolution,Needs exact catch route with rod biome weather time quest state and preservation policy.
OBJ-001914,Fishing Catch: Tripod Spiderfish,collectible,fishing_species_member,main_route,medium,Finite collectible and Fishing route policy,Collectible/Fishing reconciliation,"Choose deterministic acquisition route, preservation policy, and any counter/checklist recording method.",Collectible Reconciliation | Final Reconciliation,needs_route_resolution | needs_route_resolution_reaffirmed,NEEDS ROUTE RESOLUTION | needs_route_resolution,Needs exact catch route with rod biome weather time quest state and preservation policy.
OBJ-001915,Fishing Catch: Vampire Fish,collectible,fishing_species_member,main_route,medium,Finite collectible and Fishing route policy,Collectible/Fishing reconciliation,"Choose deterministic acquisition route, preservation policy, and any counter/checklist recording method.",Collectible Reconciliation | Final Reconciliation,needs_route_resolution | needs_route_resolution_reaffirmed,NEEDS ROUTE RESOLUTION | needs_route_resolution,Needs exact catch route with rod biome weather time quest state and preservation policy.
OBJ-001916,Fishing Catch: Emperor Crab Guardian Spirit,collectible,fishing_special_catch_member,main_route,medium,Finite collectible and Fishing route policy,Collectible/Fishing reconciliation,"Choose deterministic acquisition route, preservation policy, and any counter/checklist recording method.",Collectible Reconciliation | Final Reconciliation,needs_route_resolution | needs_route_resolution_reaffirmed,NEEDS ROUTE RESOLUTION | needs_route_resolution,Needs exact catch or quest route with encounter state and preservation policy.
OBJ-001917,Fishing Catch: Fangtusk,collectible,fishing_special_catch_member,main_route,medium,Finite collectible and Fishing route policy,Collectible/Fishing reconciliation,"Choose deterministic acquisition route, preservation policy, and any counter/checklist recording method.",Collectible Reconciliation | Final Reconciliation,needs_route_resolution | needs_route_resolution_reaffirmed,NEEDS ROUTE RESOLUTION | needs_route_resolution,Needs exact catch or quest route with encounter state and preservation policy.
OBJ-001918,Fishing Catch: Snippy,collectible,fishing_special_catch_member,main_route,medium,Finite collectible and Fishing route policy,Collectible/Fishing reconciliation,"Choose deterministic acquisition route, preservation policy, and any counter/checklist recording method.",Collectible Reconciliation | Final Reconciliation,needs_route_resolution | needs_route_resolution_reaffirmed,NEEDS ROUTE RESOLUTION | needs_route_resolution,Needs exact catch or quest route with encounter state and preservation policy.
OBJ-000696,Staves Creation Staff Set,crafting_unlock,ae_staff_set,main_route,medium,"Crafting, alchemy, and progression routing",Final Reconciliation route-resolution register,Validate ingredient/effect/crafting availability and place the action in an existing progression window.,Final Reconciliation open route-resolution items,needs_route_resolution_added,NEEDS ROUTE RESOLUTION,"COV-001R item-set gap: member-expanded AE/crafting set needs member-level route, aggregate completion policy, and explicit exclusions before guide completion. Inputs checked: relevant SN-000041 through SN-000043 and SN-000069 through SN-000071 source notes; data/items/ae-item-members.csv; current guide and coverage audit."
OBJ-000697,"Rare Curios Ammunition, Ingredient, and Curio Set",crafting_unlock,ae_ingredient_material_set,main_route,medium,"Crafting, alchemy, and progression routing",Final Reconciliation route-resolution register,Validate ingredient/effect/crafting availability and place the action in an existing progression window.,Final Reconciliation open route-resolution items,needs_route_resolution_added,NEEDS ROUTE RESOLUTION,"COV-001R item-set gap: member-expanded AE/crafting set needs member-level route, aggregate completion policy, and explicit exclusions before guide completion. Inputs checked: relevant SN-000041 through SN-000043 and SN-000069 through SN-000071 source notes; data/items/ae-item-members.csv; current guide and coverage audit."
OBJ-000698,"Saints and Seducers Item, Material, and Curio Set",crafting_unlock,ae_ingredient_material_set,main_route,medium,"Crafting, alchemy, and progression routing",Final Reconciliation route-resolution register,Validate ingredient/effect/crafting availability and place the action in an existing progression window.,Final Reconciliation open route-resolution items,needs_route_resolution_added,NEEDS ROUTE RESOLUTION,"COV-001R item-set gap: member-expanded AE/crafting set needs member-level route, aggregate completion policy, and explicit exclusions before guide completion. Inputs checked: relevant SN-000041 through SN-000043 and SN-000069 through SN-000071 source notes; data/items/ae-item-members.csv; current guide and coverage audit."
OBJ-000699,Plague of the Dead Mort Flesh Ingredient Set,crafting_unlock,ae_ingredient_material_set,main_route,medium,"Crafting, alchemy, and progression routing",TB-038R delayed-task carryforward,Validate ingredient/effect/crafting availability and place the action in an existing progression window.,Rising Dead Early Activation | TB-038R order and delayed-task repair register,needs_route_resolution_added | progressed_in_guide,NEEDS ROUTE RESOLUTION | in_progress,"TB-038R source line 251: The current coverage row is delayed, held, conditional, or in progress, and TB-038 found no later same-record closeout in the current coverage ledger. Previous status: progressed_in_guide / in_progress. Inputs checked: data/guide-coverage/main-guide-v1-order-delayed-task-audit.csv; data/guide-coverage/main-guide-v1-coverage.csv; data/guide-coverage/main-guide-v1-objective-final-status.csv; drafts/final-guide/main-guide-v1.md."
OBJ-000704,Adventurer's Backpack Equipment Set,crafting_unlock,ae_equipment_crafting_set,main_route,medium,"Crafting, alchemy, and progression routing",Final Reconciliation route-resolution register,Validate ingredient/effect/crafting availability and place the action in an existing progression window.,Final Reconciliation open route-resolution items,needs_route_resolution_added,NEEDS ROUTE RESOLUTION,"COV-001R item-set gap: member-expanded AE/crafting set needs member-level route, aggregate completion policy, and explicit exclusions before guide completion. Inputs checked: relevant SN-000041 through SN-000043 and SN-000069 through SN-000071 source notes; data/items/ae-item-members.csv; current guide and coverage audit."
OBJ-000706,"Arcane Archer Ammunition, Spell Tome, and Miscellaneous Item Set",crafting_unlock,ae_ammunition_set,main_route,medium,"Crafting, alchemy, and progression routing",Final Reconciliation route-resolution register,Validate ingredient/effect/crafting availability and place the action in an existing progression window.,Final Reconciliation open route-resolution items,needs_route_resolution_added,NEEDS ROUTE RESOLUTION,"COV-001R item-set gap: member-expanded AE/crafting set needs member-level route, aggregate completion policy, and explicit exclusions before guide completion. Inputs checked: relevant SN-000041 through SN-000043 and SN-000069 through SN-000071 source notes; data/items/ae-item-members.csv; current guide and coverage audit."
OBJ-000707,Expanded Crossbow Pack Weapon and Crafting Set,crafting_unlock,ae_weapon_crafting_set,main_route,medium,"Crafting, alchemy, and progression routing",Final Reconciliation route-resolution register,Validate ingredient/effect/crafting availability and place the action in an existing progression window.,Final Reconciliation route-resolution list | Potema Shield Of Solitude And Bone Wolf,audited_not_routed_here | needs_route_resolution_reaffirmed,NEEDS ROUTE RESOLUTION | staged_for_crossbow_crafting_equipment_pass,COV-010 crafting/progression audit: member-level crossbow buy/craft route is still missing for the Expanded Crossbow Pack variants. Inputs checked: SN-000043; SN-000071; SN-000155; data/items/ae-item-members.csv; current Night Hunter and crafting guide sections.
OBJ-000708,Elite Crossbows Weapon and Crafting Set,crafting_unlock,ae_weapon_crafting_set,main_route,medium,"Crafting, alchemy, and progression routing",Final Reconciliation route-resolution register,Validate ingredient/effect/crafting availability and place the action in an existing progression window.,Final Reconciliation route-resolution list | Haafingar Caves Volskygge And Night Hunter,needs_route_resolution_reaffirmed | partially_placed_in_guide,NEEDS ROUTE RESOLUTION | progressed,"COV-010 crafting/progression audit: Night Hunter acquires the base Ebony and Elven crossbows, but the Enhanced Ebony and Enhanced Elven crafting policy remains unresolved. Inputs checked: SN-000043; SN-000071; SN-000156; data/items/ae-item-members.csv; current Night Hunter and crafting guide sections."
OBJ-000709,Nordic Jewelry Equipment and Crafting Set,crafting_unlock,ae_equipment_crafting_set,main_route,medium,"Crafting, alchemy, and progression routing",TB-038R delayed-task carryforward,Validate ingredient/effect/crafting availability and place the action in an existing progression window.,First Day In Whiterun | TB-038R order and delayed-task repair register,held_for_later_crafting_route | needs_route_resolution_added,NEEDS ROUTE RESOLUTION | staged_for_later_crafting_route,"TB-038R source line 168: The current coverage row is delayed, held, conditional, or in progress, and TB-038 found no later same-record closeout in the current coverage ledger. Previous status: held_for_later_crafting_route / staged_for_later_crafting_route. Inputs checked: data/guide-coverage/main-guide-v1-order-delayed-task-audit.csv; data/guide-coverage/main-guide-v1-coverage.csv; data/guide-coverage/main-guide-v1-objective-final-status.csv; drafts/final-guide/main-guide-v1.md."
OBJ-000710,Fearsome Fists Brawler Gauntlet Set,crafting_unlock,ae_equipment_crafting_set,main_route,medium,"Crafting, alchemy, and progression routing",Final Reconciliation route-resolution register,Validate ingredient/effect/crafting availability and place the action in an existing progression window.,Final Reconciliation open route-resolution items,needs_route_resolution_added,NEEDS ROUTE RESOLUTION,"COV-001R item-set gap: member-expanded AE/crafting set needs member-level route, aggregate completion policy, and explicit exclusions before guide completion. Inputs checked: relevant SN-000041 through SN-000043 and SN-000069 through SN-000071 source notes; data/items/ae-item-members.csv; current guide and coverage audit."
OBJ-002639,Discover Alchemy Effects: Angelfish,crafting_unlock,alchemy_ingredient_effect_discovery,main_route,medium,"Crafting, alchemy, and progression routing",TB-038R delayed-task carryforward,Validate ingredient/effect/crafting availability and place the action in an existing progression window.,"Crafting, Enchanting, Alchemy, and Investments | TB-038R order and delayed-task repair register",needs_route_resolution_added | staged_for_fishing_route_resolution,NEEDS ROUTE RESOLUTION | staged_for_fishing_pass_then_experimenter,"TB-038R source line 6095: The current coverage row is delayed, held, conditional, or in progress, and TB-038 found no later same-record closeout in the current coverage ledger. Previous status: staged_for_fishing_route_resolution / staged_for_fishing_pass_then_experimenter. Inputs checked: data/guide-coverage/main-guide-v1-order-delayed-task-audit.csv; data/guide-coverage/main-guide-v1-coverage.csv; data/guide-coverage/main-guide-v1-objective-final-status.csv; drafts/final-guide/main-guide-v1.md."
OBJ-002640,Discover Alchemy Effects: Angler Larvae,crafting_unlock,alchemy_ingredient_effect_discovery,main_route,medium,"Crafting, alchemy, and progression routing",TB-038R delayed-task carryforward,Validate ingredient/effect/crafting availability and place the action in an existing progression window.,"Crafting, Enchanting, Alchemy, and Investments | TB-038R order and delayed-task repair register",needs_route_resolution_added | staged_for_fishing_route_resolution,NEEDS ROUTE RESOLUTION | staged_for_fishing_pass_then_experimenter,"TB-038R source line 6096: The current coverage row is delayed, held, conditional, or in progress, and TB-038 found no later same-record closeout in the current coverage ledger. Previous status: staged_for_fishing_route_resolution / staged_for_fishing_pass_then_experimenter. Inputs checked: data/guide-coverage/main-guide-v1-order-delayed-task-audit.csv; data/guide-coverage/main-guide-v1-coverage.csv; data/guide-coverage/main-guide-v1-objective-final-status.csv; drafts/final-guide/main-guide-v1.md."
OBJ-002663,Discover Alchemy Effects: Glassfish,crafting_unlock,alchemy_ingredient_effect_discovery,main_route,medium,"Crafting, alchemy, and progression routing",TB-038R delayed-task carryforward,Validate ingredient/effect/crafting availability and place the action in an existing progression window.,"Crafting, Enchanting, Alchemy, and Investments | TB-038R order and delayed-task repair register",needs_route_resolution_added | staged_for_fishing_route_resolution,NEEDS ROUTE RESOLUTION | staged_for_fishing_pass_then_experimenter,"TB-038R source line 6164: The current coverage row is delayed, held, conditional, or in progress, and TB-038 found no later same-record closeout in the current coverage ledger. Previous status: staged_for_fishing_route_resolution / staged_for_fishing_pass_then_experimenter. Inputs checked: data/guide-coverage/main-guide-v1-order-delayed-task-audit.csv; data/guide-coverage/main-guide-v1-coverage.csv; data/guide-coverage/main-guide-v1-objective-final-status.csv; drafts/final-guide/main-guide-v1.md."
OBJ-002666,Discover Alchemy Effects: Goldfish,crafting_unlock,alchemy_ingredient_effect_discovery,main_route,medium,"Crafting, alchemy, and progression routing",TB-038R delayed-task carryforward,Validate ingredient/effect/crafting availability and place the action in an existing progression window.,"Crafting, Enchanting, Alchemy, and Investments | TB-038R order and delayed-task repair register",needs_route_resolution_added | staged_for_fishing_route_resolution,NEEDS ROUTE RESOLUTION | staged_for_fishing_pass_then_experimenter,"TB-038R source line 6170: The current coverage row is delayed, held, conditional, or in progress, and TB-038 found no later same-record closeout in the current coverage ledger. Previous status: staged_for_fishing_route_resolution / staged_for_fishing_pass_then_experimenter. Inputs checked: data/guide-coverage/main-guide-v1-order-delayed-task-audit.csv; data/guide-coverage/main-guide-v1-coverage.csv; data/guide-coverage/main-guide-v1-objective-final-status.csv; drafts/final-guide/main-guide-v1.md."
OBJ-002676,Discover Alchemy Effects: Juvenile Mudcrab,crafting_unlock,alchemy_ingredient_effect_discovery,main_route,medium,"Crafting, alchemy, and progression routing",TB-038R delayed-task carryforward,Validate ingredient/effect/crafting availability and place the action in an existing progression window.,"Crafting, Enchanting, Alchemy, and Investments | First Riften Visit And Guild Doorway | TB-038R order and delayed-task repair register",audited_not_routed_here | needs_route_resolution_added | staged_for_fishing_route_resolution,NEEDS ROUTE RESOLUTION | staged_for_fishing_pass_then_experimenter | staged_for_later_alchemy_discovery,"TB-038R source line 6196: The current coverage row is delayed, held, conditional, or in progress, and TB-038 found no later same-record closeout in the current coverage ledger. Previous status: staged_for_fishing_route_resolution / staged_for_fishing_pass_then_experimenter. Inputs checked: data/guide-coverage/main-guide-v1-order-delayed-task-audit.csv; data/guide-coverage/main-guide-v1-coverage.csv; data/guide-coverage/main-guide-v1-objective-final-status.csv; drafts/final-guide/main-guide-v1.md."
OBJ-002681,Discover Alchemy Effects: Lyretail Anthias,crafting_unlock,alchemy_ingredient_effect_discovery,main_route,medium,"Crafting, alchemy, and progression routing",TB-038R delayed-task carryforward,Validate ingredient/effect/crafting availability and place the action in an existing progression window.,"Crafting, Enchanting, Alchemy, and Investments | TB-038R order and delayed-task repair register",needs_route_resolution_added | staged_for_fishing_route_resolution,NEEDS ROUTE RESOLUTION | staged_for_fishing_pass_then_experimenter,"TB-038R source line 6204: The current coverage row is delayed, held, conditional, or in progress, and TB-038 found no later same-record closeout in the current coverage ledger. Previous status: staged_for_fishing_route_resolution / staged_for_fishing_pass_then_experimenter. Inputs checked: data/guide-coverage/main-guide-v1-order-delayed-task-audit.csv; data/guide-coverage/main-guide-v1-coverage.csv; data/guide-coverage/main-guide-v1-objective-final-status.csv; drafts/final-guide/main-guide-v1.md."
OBJ-002687,Discover Alchemy Effects: Pearlfish,crafting_unlock,alchemy_ingredient_effect_discovery,main_route,medium,"Crafting, alchemy, and progression routing",TB-038R delayed-task carryforward,Validate ingredient/effect/crafting availability and place the action in an existing progression window.,"Crafting, Enchanting, Alchemy, and Investments | TB-038R order and delayed-task repair register",needs_route_resolution_added | staged_for_fishing_route_resolution,NEEDS ROUTE RESOLUTION | staged_for_fishing_pass_then_experimenter,"TB-038R source line 6220: The current coverage row is delayed, held, conditional, or in progress, and TB-038 found no later same-record closeout in the current coverage ledger. Previous status: staged_for_fishing_route_resolution / staged_for_fishing_pass_then_experimenter. Inputs checked: data/guide-coverage/main-guide-v1-order-delayed-task-audit.csv; data/guide-coverage/main-guide-v1-coverage.csv; data/guide-coverage/main-guide-v1-objective-final-status.csv; drafts/final-guide/main-guide-v1.md."
OBJ-002689,Discover Alchemy Effects: Pygmy Sunfish,crafting_unlock,alchemy_ingredient_effect_discovery,main_route,medium,"Crafting, alchemy, and progression routing",TB-038R delayed-task carryforward,Validate ingredient/effect/crafting availability and place the action in an existing progression window.,"Crafting, Enchanting, Alchemy, and Investments | TB-038R order and delayed-task repair register",needs_route_resolution_added | staged_for_fishing_route_resolution,NEEDS ROUTE RESOLUTION | staged_for_fishing_pass_then_experimenter,"TB-038R source line 6226: The current coverage row is delayed, held, conditional, or in progress, and TB-038 found no later same-record closeout in the current coverage ledger. Previous status: staged_for_fishing_route_resolution / staged_for_fishing_pass_then_experimenter. Inputs checked: data/guide-coverage/main-guide-v1-order-delayed-task-audit.csv; data/guide-coverage/main-guide-v1-coverage.csv; data/guide-coverage/main-guide-v1-objective-final-status.csv; drafts/final-guide/main-guide-v1.md."
OBJ-002700,Discover Alchemy Effects: Spadefish,crafting_unlock,alchemy_ingredient_effect_discovery,main_route,medium,"Crafting, alchemy, and progression routing",TB-038R delayed-task carryforward,Validate ingredient/effect/crafting availability and place the action in an existing progression window.,"Crafting, Enchanting, Alchemy, and Investments | TB-038R order and delayed-task repair register",needs_route_resolution_added | staged_for_fishing_route_resolution,NEEDS ROUTE RESOLUTION | staged_for_fishing_pass_then_experimenter,"TB-038R source line 6253: The current coverage row is delayed, held, conditional, or in progress, and TB-038 found no later same-record closeout in the current coverage ledger. Previous status: staged_for_fishing_route_resolution / staged_for_fishing_pass_then_experimenter. Inputs checked: data/guide-coverage/main-guide-v1-order-delayed-task-audit.csv; data/guide-coverage/main-guide-v1-coverage.csv; data/guide-coverage/main-guide-v1-objective-final-status.csv; drafts/final-guide/main-guide-v1.md."
OBJ-002712,Discover Alchemy Effects: Corrupted Human Heart,crafting_unlock,alchemy_ingredient_effect_discovery,main_route,medium,"Crafting, alchemy, and progression routing",Crafting/alchemy/investment reconciliation,Validate ingredient/effect/crafting availability and place the action in an existing progression window.,"Crafting, Enchanting, Alchemy, and Investments | Final Reconciliation | Karthspire Sky Haven And Dragonbane",audited_not_completed_here | needs_route_resolution | needs_route_resolution_reaffirmed,NEEDS ROUTE RESOLUTION | needs_route_resolution | staged_for_spell_knight_branch_and_ingredient_policy,MR-066 lists source method and all four effects. Source record ALCHEMY-000186; selection status quest_window_consumption. SN-000200-crafting-enchanting-alchemy-investments-route.md.
OBJ-002716,Discover Alchemy Effects: Simon Rodayne's Heart,crafting_unlock,alchemy_ingredient_effect_discovery,main_route,medium,"Crafting, alchemy, and progression routing",Crafting/alchemy/investment reconciliation,Validate ingredient/effect/crafting availability and place the action in an existing progression window.,"Crafting, Enchanting, Alchemy, and Investments | Final Reconciliation | Karthspire Sky Haven And Dragonbane",audited_not_completed_here | needs_route_resolution | needs_route_resolution_reaffirmed,NEEDS ROUTE RESOLUTION | needs_route_resolution | staged_for_spell_knight_branch_and_ingredient_policy,MR-066 lists source method and all four effects. Source record ALCHEMY-000190; selection status quest_window_consumption. SN-000200-crafting-enchanting-alchemy-investments-route.md.
OBJ-002169,Clear Swindler's Den,location,clearable_location,main_route,medium,Location route validation,Retrospective redistributed regional sections; no player-facing Location Counter Sweep dump,Resolve discover/enter/clear/avoid timing from location and route-validation support data.,Retrospective redistributed regional sections; no player-facing Location Counter Sweep dump | Saadia First Horse And Western Road Support,discovered_and_quest_swept_clear_tag_unresolved | redistributed_or_gated,complete | needs_route_resolution_clear_state,Explicit unresolved final-status row.
OBJ-002415,Validate AE Location Coverage: The Guardian Vault,location,content_location,appendix,medium,Location route validation,Final Reconciliation route-resolution register,Resolve discover/enter/clear/avoid timing from location and route-validation support data.,Final Reconciliation open route-resolution items,needs_route_resolution_added,NEEDS ROUTE RESOLUTION,"COV-001R non-quest gap: AE content-location validation row needs exact parent quest linkage, entry timing, reward state, and guide insertion or explicit exclusion. Inputs checked: SN-000079; SN-000128; current guide and coverage audit."
OBJ-002423,Validate AE Location Coverage: Sightless Vault,location,content_location,appendix,medium,Location route validation,Final Reconciliation route-resolution register,Resolve discover/enter/clear/avoid timing from location and route-validation support data.,Final Reconciliation open route-resolution items,needs_route_resolution_added,NEEDS ROUTE RESOLUTION,"COV-001R non-quest gap: AE content-location validation row needs exact parent quest linkage, entry timing, reward state, and guide insertion or explicit exclusion. Inputs checked: SN-000079; SN-000128; current guide and coverage audit."
OBJ-000223,Kill the Bandit Leader (Annekke Crag-Jumper),misc_objective,eastmarch_misc,main_route,medium,Hold favor and miscellaneous-objective routing,TB-038R delayed-task carryforward,"Validate quest/favor prerequisites, NPC/service state, and natural hold-route insertion point.",Riften Thaneship Frost And Rift Roads | TB-038R order and delayed-task repair register | Windhelm Follow-Up And Eastmarch Roads,audited_not_started_here | needs_route_resolution_added | not_started_here,NEEDS ROUTE RESOLUTION | staged_for_eastmarch_support_route | staged_for_target_aware_radiant_route,"TB-038R source line 1822: The current coverage row is delayed, held, conditional, or in progress, and TB-038 found no later same-record closeout in the current coverage ledger. Previous status: not_started_here / staged_for_target_aware_radiant_route. Inputs checked: data/guide-coverage/main-guide-v1-order-delayed-task-audit.csv; data/guide-coverage/main-guide-v1-coverage.csv; data/guide-coverage/main-guide-v1-objective-final-status.csv; drafts/final-guide/main-guide-v1.md."
OBJ-000226,Dungeon Delving (Roggi's Ancestral Shield),misc_objective,eastmarch_misc,main_route,medium,Hold favor and miscellaneous-objective routing,TB-038R delayed-task carryforward,"Validate quest/favor prerequisites, NPC/service state, and natural hold-route insertion point.",Main Quest Staging Before Sky Haven | TB-038R order and delayed-task repair register | Windhelm Follow-Up And Eastmarch Roads,needs_route_resolution_added | not_started_here,NEEDS ROUTE RESOLUTION | staged_for_target_aware_retrieval_route,"TB-038R source line 1823: The current coverage row is delayed, held, conditional, or in progress, and TB-038 found no later same-record closeout in the current coverage ledger. Previous status: not_started_here / staged_for_target_aware_retrieval_route. Inputs checked: data/guide-coverage/main-guide-v1-order-delayed-task-audit.csv; data/guide-coverage/main-guide-v1-coverage.csv; data/guide-coverage/main-guide-v1-objective-final-status.csv; drafts/final-guide/main-guide-v1.md."
OBJ-000230,Kill the Bandit Leader (Brunwulf Free-Winter),misc_objective,windhelm_misc,main_route,medium,Hold favor and miscellaneous-objective routing,TB-038R delayed-task carryforward,"Validate quest/favor prerequisites, NPC/service state, and natural hold-route insertion point.",TB-038R order and delayed-task repair register | Windhelm Follow-Up And Eastmarch Roads | Windhelm Murder Investigation And White Phial,needs_route_resolution_added | not_started_here,NEEDS ROUTE RESOLUTION | staged_for_civil_war_or_target_aware_route | staged_for_post_civil_war_or_radiant_target_route,"TB-038R source line 1828: The current coverage row is delayed, held, conditional, or in progress, and TB-038 found no later same-record closeout in the current coverage ledger. Previous status: not_started_here / staged_for_civil_war_or_target_aware_route. Inputs checked: data/guide-coverage/main-guide-v1-order-delayed-task-audit.csv; data/guide-coverage/main-guide-v1-coverage.csv; data/guide-coverage/main-guide-v1-objective-final-status.csv; drafts/final-guide/main-guide-v1.md."
OBJ-000232,Harsh Master,misc_objective,windhelm_misc,main_route,medium,Hold favor and miscellaneous-objective routing,TB-038R delayed-task carryforward,"Validate quest/favor prerequisites, NPC/service state, and natural hold-route insertion point.",TB-038R order and delayed-task repair register | Windhelm Follow-Up And Eastmarch Roads | Windhelm Murder Investigation And White Phial,needs_route_resolution_added | not_started_here,NEEDS ROUTE RESOLUTION | staged_for_target_aware_radiant_route,"TB-038R source line 1827: The current coverage row is delayed, held, conditional, or in progress, and TB-038 found no later same-record closeout in the current coverage ledger. Previous status: not_started_here / staged_for_target_aware_radiant_route. Inputs checked: data/guide-coverage/main-guide-v1-order-delayed-task-audit.csv; data/guide-coverage/main-guide-v1-coverage.csv; data/guide-coverage/main-guide-v1-objective-final-status.csv; drafts/final-guide/main-guide-v1.md."
OBJ-000234,Dungeon Delving (Queen Freydis's Sword),misc_objective,windhelm_misc,main_route,medium,Hold favor and miscellaneous-objective routing,TB-038R delayed-task carryforward,"Validate quest/favor prerequisites, NPC/service state, and natural hold-route insertion point.",TB-038R order and delayed-task repair register | Windhelm Follow-Up And Eastmarch Roads | Windhelm Murder Investigation And White Phial,needs_route_resolution_added | not_started_here,NEEDS ROUTE RESOLUTION | staged_for_target_aware_retrieval_route,"TB-038R source line 1825: The current coverage row is delayed, held, conditional, or in progress, and TB-038 found no later same-record closeout in the current coverage ledger. Previous status: not_started_here / staged_for_target_aware_retrieval_route. Inputs checked: data/guide-coverage/main-guide-v1-order-delayed-task-audit.csv; data/guide-coverage/main-guide-v1-coverage.csv; data/guide-coverage/main-guide-v1-objective-final-status.csv; drafts/final-guide/main-guide-v1.md."
OBJ-000237,Dungeon Delving (Shahvee's Amulet),misc_objective,windhelm_misc,main_route,medium,Hold favor and miscellaneous-objective routing,TB-038R delayed-task carryforward,"Validate quest/favor prerequisites, NPC/service state, and natural hold-route insertion point.",TB-038R order and delayed-task repair register | Windhelm Follow-Up And Eastmarch Roads | Windhelm Murder Investigation And White Phial,needs_route_resolution_added | not_started_here,NEEDS ROUTE RESOLUTION | staged_for_target_aware_retrieval_route,"TB-038R source line 1826: The current coverage row is delayed, held, conditional, or in progress, and TB-038 found no later same-record closeout in the current coverage ledger. Previous status: not_started_here / staged_for_target_aware_retrieval_route. Inputs checked: data/guide-coverage/main-guide-v1-order-delayed-task-audit.csv; data/guide-coverage/main-guide-v1-coverage.csv; data/guide-coverage/main-guide-v1-objective-final-status.csv; drafts/final-guide/main-guide-v1.md."
OBJ-000239,Rare Gifts (Torbjorn Shatter-Shield),misc_objective,windhelm_misc,main_route,medium,Hold favor and miscellaneous-objective routing,TB-038R delayed-task carryforward,"Validate quest/favor prerequisites, NPC/service state, and natural hold-route insertion point.",First Brotherhood Contracts And Muiri's Revenge | TB-038R order and delayed-task repair register | Windhelm Follow-Up And Eastmarch Roads | Windhelm Murder Investigation And White Phial,audited_not_routed_here | needs_route_resolution_added | not_started_here,NEEDS ROUTE RESOLUTION | staged_for_later_windhelm_favor_or_item_route | staged_for_rare_gifts_policy,"TB-038R source line 2341: The current coverage row is delayed, held, conditional, or in progress, and TB-038 found no later same-record closeout in the current coverage ledger. Previous status: audited_not_routed_here / staged_for_rare_gifts_policy. Inputs checked: data/guide-coverage/main-guide-v1-order-delayed-task-audit.csv; data/guide-coverage/main-guide-v1-coverage.csv; data/guide-coverage/main-guide-v1-objective-final-status.csv; drafts/final-guide/main-guide-v1.md."
OBJ-000249,Rare Gifts (Captain Aldis),misc_objective,haafingar_misc,main_route,medium,Hold favor and miscellaneous-objective routing,TB-038R delayed-task carryforward,"Validate quest/favor prerequisites, NPC/service state, and natural hold-route insertion point.",Solitude Coast Wild Horse And Wolfskull | TB-038R order and delayed-task repair register,needs_route_resolution_added | not_started_here,NEEDS ROUTE RESOLUTION | staged_for_skill_book_safe_source_before_stormcloak_branch,"TB-038R source line 1897: The current coverage row is delayed, held, conditional, or in progress, and TB-038 found no later same-record closeout in the current coverage ledger. Previous status: not_started_here / staged_for_skill_book_safe_source_before_stormcloak_branch. Inputs checked: data/guide-coverage/main-guide-v1-order-delayed-task-audit.csv; data/guide-coverage/main-guide-v1-coverage.csv; data/guide-coverage/main-guide-v1-objective-final-status.csv; drafts/final-guide/main-guide-v1.md."
OBJ-000262,Rare Gifts (Lami),misc_objective,hjaalmarch_misc,main_route,medium,Hold favor and miscellaneous-objective routing,TB-038R delayed-task carryforward,"Validate quest/favor prerequisites, NPC/service state, and natural hold-route insertion point.",High Hrothgar Ustengrav Morthal And The Embassy | TB-038R order and delayed-task repair register,audited_not_routed_here | needs_route_resolution_added,NEEDS ROUTE RESOLUTION | staged_for_skill_book_safe_route,"TB-038R source line 2142: The current coverage row is delayed, held, conditional, or in progress, and TB-038 found no later same-record closeout in the current coverage ledger. Previous status: audited_not_routed_here / staged_for_skill_book_safe_route. Inputs checked: data/guide-coverage/main-guide-v1-order-delayed-task-audit.csv; data/guide-coverage/main-guide-v1-coverage.csv; data/guide-coverage/main-guide-v1-objective-final-status.csv; drafts/final-guide/main-guide-v1.md."
OBJ-000264,Salty Sea-Dogs,misc_objective,pale_misc,main_route,medium,Hold favor and miscellaneous-objective routing,TB-038R delayed-task carryforward,"Validate quest/favor prerequisites, NPC/service state, and natural hold-route insertion point.","Dawnstar, Pale Blade, And Heljarchen | Dawnstar, Vaermina, And Cold-Weather Setup | TB-038R order and delayed-task repair register",audited_not_started_here | needs_route_resolution_added,NEEDS ROUTE RESOLUTION | staged_for_later_isolated_random_assignment,"TB-038R source line 2741: The current coverage row is delayed, held, conditional, or in progress, and TB-038 found no later same-record closeout in the current coverage ledger. Previous status: audited_not_started_here / staged_for_later_isolated_random_assignment. Inputs checked: data/guide-coverage/main-guide-v1-order-delayed-task-audit.csv; data/guide-coverage/main-guide-v1-coverage.csv; data/guide-coverage/main-guide-v1-objective-final-status.csv; drafts/final-guide/main-guide-v1.md."
OBJ-000265,Dungeon Delving (Ring of Pure Mixtures),misc_objective,pale_misc,main_route,medium,Hold favor and miscellaneous-objective routing,TB-038R delayed-task carryforward,"Validate quest/favor prerequisites, NPC/service state, and natural hold-route insertion point.","Dawnstar, Vaermina, And Cold-Weather Setup | TB-038R order and delayed-task repair register",audited_not_started_here | needs_route_resolution_added,NEEDS ROUTE RESOLUTION | staged_for_later_isolated_random_assignment,"TB-038R source line 2530: The current coverage row is delayed, held, conditional, or in progress, and TB-038 found no later same-record closeout in the current coverage ledger. Previous status: audited_not_started_here / staged_for_later_isolated_random_assignment. Inputs checked: data/guide-coverage/main-guide-v1-order-delayed-task-audit.csv; data/guide-coverage/main-guide-v1-coverage.csv; data/guide-coverage/main-guide-v1-objective-final-status.csv; drafts/final-guide/main-guide-v1.md."
OBJ-000269,Gharol's Message,misc_objective,reach_misc,main_route,medium,Hold favor and miscellaneous-objective routing,Final Reconciliation route-resolution register,"Validate quest/favor prerequisites, NPC/service state, and natural hold-route insertion point.",Final Reconciliation open route-resolution items,needs_route_resolution_added,NEEDS ROUTE RESOLUTION,"COV-001R non-quest gap: source-list row needs targeted source-checked player-facing route, completion boundary, and natural insertion point before guide completion."
OBJ-000270,Kolskeggr Mine,misc_objective,reach_misc,main_route,medium,Hold favor and miscellaneous-objective routing,TB-038R delayed-task carryforward,"Validate quest/favor prerequisites, NPC/service state, and natural hold-route insertion point.",Markarth Nchuand-Zel And Old Hroldan | Markarth Prison Daedric Rites And Reach Redoubts | TB-038R order and delayed-task repair register,audited_not_completed_here | audited_not_started_here | needs_route_resolution_added,NEEDS ROUTE RESOLUTION | staged_for_orc_favor_and_reach_mine_bundle | staged_for_orc_forgemaster_bundle,"TB-038R source line 1405: The current coverage row is delayed, held, conditional, or in progress, and TB-038 found no later same-record closeout in the current coverage ledger. Previous status: audited_not_completed_here / staged_for_orc_forgemaster_bundle. Inputs checked: data/guide-coverage/main-guide-v1-order-delayed-task-audit.csv; data/guide-coverage/main-guide-v1-coverage.csv; data/guide-coverage/main-guide-v1-objective-final-status.csv; drafts/final-guide/main-guide-v1.md."
OBJ-000273,Sanuarach Mine,misc_objective,reach_misc,main_route,medium,Hold favor and miscellaneous-objective routing,TB-038R delayed-task carryforward,"Validate quest/favor prerequisites, NPC/service state, and natural hold-route insertion point.",Markarth Prison Daedric Rites And Reach Redoubts | Peryite's Shrine And Bthardamz | TB-038R order and delayed-task repair register,audited_not_completed_here | needs_route_resolution_added,NEEDS ROUTE RESOLUTION | staged_for_orc_forgemaster_bundle,"TB-038R source line 1477: The current coverage row is delayed, held, conditional, or in progress, and TB-038 found no later same-record closeout in the current coverage ledger. Previous status: audited_not_completed_here / staged_for_orc_forgemaster_bundle. Inputs checked: data/guide-coverage/main-guide-v1-order-delayed-task-audit.csv; data/guide-coverage/main-guide-v1-coverage.csv; data/guide-coverage/main-guide-v1-objective-final-status.csv; drafts/final-guide/main-guide-v1.md."
OBJ-000280,Buy Dwarven artifact,misc_objective,reach_misc,main_route,medium,Hold favor and miscellaneous-objective routing,Final Reconciliation route-resolution register,"Validate quest/favor prerequisites, NPC/service state, and natural hold-route insertion point.",Final Reconciliation open route-resolution items,needs_route_resolution_added,NEEDS ROUTE RESOLUTION,"COV-001R non-quest gap: source-list row needs targeted source-checked player-facing route, completion boundary, and natural insertion point before guide completion."
OBJ-000282,Skilled Apprenticeship,misc_objective,reach_misc,main_route,medium,Hold favor and miscellaneous-objective routing,Final Reconciliation route-resolution register,"Validate quest/favor prerequisites, NPC/service state, and natural hold-route insertion point.",Final Reconciliation open route-resolution items,needs_route_resolution_added,NEEDS ROUTE RESOLUTION,"COV-001R non-quest gap: source-list row needs targeted source-checked player-facing route, completion boundary, and natural insertion point before guide completion."
OBJ-000284,Dungeon Delving (Hrolfdir's Shield),misc_objective,reach_misc,main_route,medium,Hold favor and miscellaneous-objective routing,TB-038R delayed-task carryforward,"Validate quest/favor prerequisites, NPC/service state, and natural hold-route insertion point.",Markarth Nchuand-Zel And Old Hroldan | TB-038R order and delayed-task repair register,audited_not_started_here | needs_route_resolution_added,NEEDS ROUTE RESOLUTION | staged_for_reach_thaneship,"TB-038R source line 1264: The current coverage row is delayed, held, conditional, or in progress, and TB-038 found no later same-record closeout in the current coverage ledger. Previous status: audited_not_started_here / staged_for_reach_thaneship. Inputs checked: data/guide-coverage/main-guide-v1-order-delayed-task-audit.csv; data/guide-coverage/main-guide-v1-coverage.csv; data/guide-coverage/main-guide-v1-objective-final-status.csv; drafts/final-guide/main-guide-v1.md."
OBJ-000285,Coated in Blood,misc_objective,reach_misc,main_route,medium,Hold favor and miscellaneous-objective routing,TB-038R delayed-task carryforward,"Validate quest/favor prerequisites, NPC/service state, and natural hold-route insertion point.",Markarth Nchuand-Zel And Old Hroldan | Markarth Prison Daedric Rites And Reach Redoubts | TB-038R order and delayed-task repair register,audited_not_completed_here | audited_not_started_here | needs_route_resolution_added,NEEDS ROUTE RESOLUTION | staged_for_orc_favor_and_daedra_heart_bundle | staged_for_orc_forgemaster_bundle,"TB-038R source line 1406: The current coverage row is delayed, held, conditional, or in progress, and TB-038 found no later same-record closeout in the current coverage ledger. Previous status: audited_not_completed_here / staged_for_orc_forgemaster_bundle. Inputs checked: data/guide-coverage/main-guide-v1-order-delayed-task-audit.csv; data/guide-coverage/main-guide-v1-coverage.csv; data/guide-coverage/main-guide-v1-objective-final-status.csv; drafts/final-guide/main-guide-v1.md."
OBJ-000287,Smooth Jazbay,misc_objective,rift_misc,main_route,medium,Hold favor and miscellaneous-objective routing,TB-038R delayed-task carryforward,"Validate quest/favor prerequisites, NPC/service state, and natural hold-route insertion point.",Riften Thaneship Frost And Rift Roads | TB-038R order and delayed-task repair register,needs_route_resolution_added | started_now,NEEDS ROUTE RESOLUTION | in_progress,"TB-038R source line 1000: The current coverage row is delayed, held, conditional, or in progress, and TB-038 found no later same-record closeout in the current coverage ledger. Previous status: started_now / in_progress. Inputs checked: data/guide-coverage/main-guide-v1-order-delayed-task-audit.csv; data/guide-coverage/main-guide-v1-coverage.csv; data/guide-coverage/main-guide-v1-objective-final-status.csv; drafts/final-guide/main-guide-v1.md."
OBJ-000295,Ringmaker,misc_objective,rift_misc,main_route,medium,Hold favor and miscellaneous-objective routing,TB-038R delayed-task carryforward,"Validate quest/favor prerequisites, NPC/service state, and natural hold-route insertion point.",First Riften Visit And Guild Doorway | TB-038R order and delayed-task repair register,needs_route_resolution_added | started_now,NEEDS ROUTE RESOLUTION | staged_for_material_turn_in,"TB-038R source line 653: The current coverage row is delayed, held, conditional, or in progress, and TB-038 found no later same-record closeout in the current coverage ledger. Previous status: started_now / staged_for_material_turn_in. Inputs checked: data/guide-coverage/main-guide-v1-order-delayed-task-audit.csv; data/guide-coverage/main-guide-v1-coverage.csv; data/guide-coverage/main-guide-v1-objective-final-status.csv; drafts/final-guide/main-guide-v1.md."
OBJ-000296,Few and Far Between,misc_objective,rift_misc,main_route,medium,Hold favor and miscellaneous-objective routing,TB-038R delayed-task carryforward,"Validate quest/favor prerequisites, NPC/service state, and natural hold-route insertion point.",First Riften Visit And Guild Doorway | Riften Thaneship Frost And Rift Roads | TB-038R order and delayed-task repair register,needs_route_resolution_added | progressed_now | started_now,NEEDS ROUTE RESOLUTION | in_progress | staged_for_ingredient_turn_in,"TB-038R source line 1002: The current coverage row is delayed, held, conditional, or in progress, and TB-038 found no later same-record closeout in the current coverage ledger. Previous status: progressed_now / in_progress. Inputs checked: data/guide-coverage/main-guide-v1-order-delayed-task-audit.csv; data/guide-coverage/main-guide-v1-coverage.csv; data/guide-coverage/main-guide-v1-objective-final-status.csv; drafts/final-guide/main-guide-v1.md."
OBJ-000300,Distant Memories,misc_objective,rift_misc,main_route,medium,Hold favor and miscellaneous-objective routing,TB-038R delayed-task carryforward,"Validate quest/favor prerequisites, NPC/service state, and natural hold-route insertion point.",First Riften Visit And Guild Doorway | Riften Thaneship Frost And Rift Roads | TB-038R order and delayed-task repair register,audited_not_started_here | needs_route_resolution_added | started_now,NEEDS ROUTE RESOLUTION | staged_for_brand_shei_ruin_bundle | staged_for_later_northern_coast_route,"TB-038R source line 1058: The current coverage row is delayed, held, conditional, or in progress, and TB-038 found no later same-record closeout in the current coverage ledger. Previous status: audited_not_started_here / staged_for_brand_shei_ruin_bundle. Inputs checked: data/guide-coverage/main-guide-v1-order-delayed-task-audit.csv; data/guide-coverage/main-guide-v1-coverage.csv; data/guide-coverage/main-guide-v1-objective-final-status.csv; drafts/final-guide/main-guide-v1.md."
OBJ-000305,Ice Cold,misc_objective,rift_misc,main_route,medium,Hold favor and miscellaneous-objective routing,TB-038R delayed-task carryforward,"Validate quest/favor prerequisites, NPC/service state, and natural hold-route insertion point.",First Riften Visit And Guild Doorway | TB-038R order and delayed-task repair register,needs_route_resolution_added | started_now,NEEDS ROUTE RESOLUTION | staged_for_ice_wraith_teeth,"TB-038R source line 655: The current coverage row is delayed, held, conditional, or in progress, and TB-038 found no later same-record closeout in the current coverage ledger. Previous status: started_now / staged_for_ice_wraith_teeth. Inputs checked: data/guide-coverage/main-guide-v1-order-delayed-task-audit.csv; data/guide-coverage/main-guide-v1-coverage.csv; data/guide-coverage/main-guide-v1-objective-final-status.csv; drafts/final-guide/main-guide-v1.md."
OBJ-000308,Hunt and Gather,misc_objective,rift_misc,main_route,medium,Hold favor and miscellaneous-objective routing,TB-038R delayed-task carryforward,"Validate quest/favor prerequisites, NPC/service state, and natural hold-route insertion point.",First Riften Visit And Guild Doorway | Riften Thaneship Frost And Rift Roads | TB-038R order and delayed-task repair register | Windhelm Murder Investigation And White Phial,advanced_in_guide | needs_route_resolution_added | progressed_now | started_now,NEEDS ROUTE RESOLUTION | in_progress | one_of_three_items_acquired | staged_for_cross_region_item_route,"TB-038R source line 1529: The current coverage row is delayed, held, conditional, or in progress, and TB-038 found no later same-record closeout in the current coverage ledger. Previous status: advanced_in_guide / one_of_three_items_acquired. Inputs checked: data/guide-coverage/main-guide-v1-order-delayed-task-audit.csv; data/guide-coverage/main-guide-v1-coverage.csv; data/guide-coverage/main-guide-v1-objective-final-status.csv; drafts/final-guide/main-guide-v1.md."
OBJ-000312,Spread the Love,misc_objective,rift_misc,main_route,medium,Hold favor and miscellaneous-objective routing,TB-038R delayed-task carryforward,"Validate quest/favor prerequisites, NPC/service state, and natural hold-route insertion point.",Markarth Nchuand-Zel And Old Hroldan | Riften Thaneship Frost And Rift Roads | TB-038R order and delayed-task repair register,audited_not_started_here | needs_route_resolution_added | not_available_here,NEEDS ROUTE RESOLUTION | staged_for_after_book_of_love,"TB-038R source line 1273: The current coverage row is delayed, held, conditional, or in progress, and TB-038 found no later same-record closeout in the current coverage ledger. Previous status: not_available_here / staged_for_after_book_of_love. Inputs checked: data/guide-coverage/main-guide-v1-order-delayed-task-audit.csv; data/guide-coverage/main-guide-v1-coverage.csv; data/guide-coverage/main-guide-v1-objective-final-status.csv; drafts/final-guide/main-guide-v1.md."
OBJ-000313,Sealing the Deal,misc_objective,rift_misc,main_route,medium,Hold favor and miscellaneous-objective routing,TB-038R delayed-task carryforward,"Validate quest/favor prerequisites, NPC/service state, and natural hold-route insertion point.",First Riften Visit And Guild Doorway | TB-038R order and delayed-task repair register,needs_route_resolution_added | started_now,NEEDS ROUTE RESOLUTION | staged_for_flawless_amethyst_turn_in,"TB-038R source line 662: The current coverage row is delayed, held, conditional, or in progress, and TB-038 found no later same-record closeout in the current coverage ledger. Previous status: started_now / staged_for_flawless_amethyst_turn_in. Inputs checked: data/guide-coverage/main-guide-v1-order-delayed-task-audit.csv; data/guide-coverage/main-guide-v1-coverage.csv; data/guide-coverage/main-guide-v1-objective-final-status.csv; drafts/final-guide/main-guide-v1.md."
OBJ-000314,Stoking the Flames,misc_objective,rift_misc,main_route,medium,Hold favor and miscellaneous-objective routing,TB-038R delayed-task carryforward,"Validate quest/favor prerequisites, NPC/service state, and natural hold-route insertion point.","Dawnstar, Vaermina, And Cold-Weather Setup | First Riften Visit And Guild Doorway | TB-038R order and delayed-task repair register",fire_salts_priority_preserved | needs_route_resolution_added | started_now,NEEDS ROUTE RESOLUTION | staged_for_fire_salt_turn_in | staged_for_spare_fire_salts_turn_in,"TB-038R source line 2523: The current coverage row is delayed, held, conditional, or in progress, and TB-038 found no later same-record closeout in the current coverage ledger. Previous status: fire_salts_priority_preserved / staged_for_spare_fire_salts_turn_in. Inputs checked: data/guide-coverage/main-guide-v1-order-delayed-task-audit.csv; data/guide-coverage/main-guide-v1-coverage.csv; data/guide-coverage/main-guide-v1-objective-final-status.csv; drafts/final-guide/main-guide-v1.md."
OBJ-000320,Dungeon Delving (Amren's Family Sword),misc_objective,whiterun_misc,main_route,medium,Hold favor and miscellaneous-objective routing,TB-038R delayed-task carryforward,"Validate quest/favor prerequisites, NPC/service state, and natural hold-route insertion point.",First Day In Whiterun | Halted Stream And Silent Moons Level Gate | TB-038R order and delayed-task repair register,accepted_for_first_visit_safety | conditional_if_marker_matches_halted_stream | needs_route_resolution_added,NEEDS ROUTE RESOLUTION | conditional_complete_or_staged | staged_for_later_completion,"TB-038R source line 295: The current coverage row is delayed, held, conditional, or in progress, and TB-038 found no later same-record closeout in the current coverage ledger. Previous status: conditional_if_marker_matches_halted_stream / conditional_complete_or_staged. Inputs checked: data/guide-coverage/main-guide-v1-order-delayed-task-audit.csv; data/guide-coverage/main-guide-v1-coverage.csv; data/guide-coverage/main-guide-v1-objective-final-status.csv; drafts/final-guide/main-guide-v1.md."
OBJ-000345,Sleeping Tree Cave,misc_objective,dungeon_misc_quest,main_route,medium,Hold favor and miscellaneous-objective routing,Final Reconciliation route-resolution register,"Validate quest/favor prerequisites, NPC/service state, and natural hold-route insertion point.",Final Reconciliation open route-resolution items,needs_route_resolution_added,NEEDS ROUTE RESOLUTION,"COV-001R non-quest gap: source-list row needs targeted source-checked player-facing route, completion boundary, and natural insertion point before guide completion."
OBJ-000350,Enchanting Tutorial,misc_objective,tutorial_misc,main_route,medium,Hold favor and miscellaneous-objective routing,Final Reconciliation route-resolution register,"Validate quest/favor prerequisites, NPC/service state, and natural hold-route insertion point.",Final Reconciliation open route-resolution items,needs_route_resolution_added,NEEDS ROUTE RESOLUTION,"COV-001R non-quest gap: source-list row needs targeted source-checked player-facing route, completion boundary, and natural insertion point before guide completion."
OBJ-000428,Fetch the Netch,misc_objective,dragonborn_raven_rock_misc,main_route,medium,Hold favor and miscellaneous-objective routing,TB-038R delayed-task carryforward,"Validate quest/favor prerequisites, NPC/service state, and natural hold-route insertion point.","Solstheim Entry, Raven Rock Core, And Frostmoon Rings | TB-038R order and delayed-task repair register",needs_route_resolution_added | placed_in_guide,NEEDS ROUTE RESOLUTION | in_progress,"TB-038R source line 3950: The current coverage row is delayed, held, conditional, or in progress, and TB-038 found no later same-record closeout in the current coverage ledger. Previous status: placed_in_guide / in_progress. Inputs checked: data/guide-coverage/main-guide-v1-order-delayed-task-audit.csv; data/guide-coverage/main-guide-v1-coverage.csv; data/guide-coverage/main-guide-v1-objective-final-status.csv; drafts/final-guide/main-guide-v1.md."
OBJ-000469,Sell Stalhrim Armor and Weapons to Ancarion,misc_objective,dragonborn_other_misc,main_route,medium,Hold favor and miscellaneous-objective routing,TB-038R delayed-task carryforward,"Validate quest/favor prerequisites, NPC/service state, and natural hold-route insertion point.","TB-038R order and delayed-task repair register | Temple Of Miraak, Skaal, And Stalhrim",needs_route_resolution_added | placed_in_guide,NEEDS ROUTE RESOLUTION | staged_for_crafting_sale,"TB-038R source line 4134: The current coverage row is delayed, held, conditional, or in progress, and TB-038 found no later same-record closeout in the current coverage ledger. Previous status: placed_in_guide / staged_for_crafting_sale. Inputs checked: data/guide-coverage/main-guide-v1-order-delayed-task-audit.csv; data/guide-coverage/main-guide-v1-coverage.csv; data/guide-coverage/main-guide-v1-objective-final-status.csv; drafts/final-guide/main-guide-v1.md."
OBJ-002756,Coming of Age,misc_objective,non_journal_quest,main_route,medium,Hold favor and miscellaneous-objective routing,Final Reconciliation route-resolution register,"Validate quest/favor prerequisites, NPC/service state, and natural hold-route insertion point.",Final Reconciliation open route-resolution items,needs_route_resolution_added,NEEDS ROUTE RESOLUTION,"COV-001R non-quest gap: source-list row needs targeted source-checked player-facing route, completion boundary, and natural insertion point before guide completion."
OBJ-002759,Rannveig's Fast Non-Journal Quest,misc_objective,non_journal_quest,main_route,medium,Hold favor and miscellaneous-objective routing,Final Reconciliation route-resolution register,"Validate quest/favor prerequisites, NPC/service state, and natural hold-route insertion point.",Final Reconciliation open route-resolution items,needs_route_resolution_added,NEEDS ROUTE RESOLUTION,"COV-001R non-quest gap: source-list row needs targeted source-checked player-facing route, completion boundary, and natural insertion point before guide completion."
OBJ-001935,Thane of Winterhold,npc_relationship,thaneship,main_route,medium,Relationship and household option routing,TB-038R delayed-task carryforward,"Validate relationship unlock, household role, option/default status, and any NPC-state dependency.","Bards College Lost Library And Instrument Roads | TB-038R order and delayed-task repair register | Winterhold, College Entry, And Saarthal",audited_not_completed_here | needs_route_resolution_added | prerequisite_not_started_here,NEEDS ROUTE RESOLUTION | staged_for_later_winterhold_thaneship,"TB-038R source line 2613: The current coverage row is delayed, held, conditional, or in progress, and TB-038 found no later same-record closeout in the current coverage ledger. Previous status: audited_not_completed_here / staged_for_later_winterhold_thaneship. Inputs checked: data/guide-coverage/main-guide-v1-order-delayed-task-audit.csv; data/guide-coverage/main-guide-v1-coverage.csv; data/guide-coverage/main-guide-v1-objective-final-status.csv; drafts/final-guide/main-guide-v1.md."
OBJ-001936,Player Housecarl Set,npc_relationship,housecarl_set,main_route,medium,Relationship and household option routing,TB-038R delayed-task carryforward,"Validate relationship unlock, household role, option/default status, and any NPC-state dependency.",Bleak Falls Barrow And First Dragon | TB-038R order and delayed-task repair register,needs_route_resolution_added | progressed,NEEDS ROUTE RESOLUTION | in_progress,"TB-038R source line 190: The current coverage row is delayed, held, conditional, or in progress, and TB-038 found no later same-record closeout in the current coverage ledger. Previous status: progressed / in_progress. Inputs checked: data/guide-coverage/main-guide-v1-order-delayed-task-audit.csv; data/guide-coverage/main-guide-v1-coverage.csv; data/guide-coverage/main-guide-v1-objective-final-status.csv; drafts/final-guide/main-guide-v1.md."
OBJ-001090,Alchemist's Note,book_document,quest_book_title,main_route,low,Book and document source-location routing,Final Reconciliation route-resolution register,Validate deterministic pickup/source location or record a tighter exclusion/data-reconciliation reason.,Final Reconciliation open route-resolution items,needs_route_resolution_added,NEEDS ROUTE RESOLUTION,"COV-001R book/document gap: Needs a source-checked quest-document route for Siege on the Dragon Cult: exact acquisition source, quest state, read/take policy, ownership or crime handling, and final required, duplicate-covered, or excluded status. Inputs checked: SN-000054; book/document location table; current guide and coverage audit."
OBJ-001097,Arcana Restored,book_document,quest_book_title,main_route,low,Book and document source-location routing,Final Reconciliation route-resolution register,Validate deterministic pickup/source location or record a tighter exclusion/data-reconciliation reason.,Final Reconciliation open route-resolution items,needs_route_resolution_added,NEEDS ROUTE RESOLUTION,"COV-001R book/document gap: Needs a source-checked quest-document route for Fetch me that Book!: exact acquisition source, quest state, read/take policy, ownership or crime handling, and final required, duplicate-covered, or excluded status. Inputs checked: SN-000054; book/document location table; current guide and coverage audit."
OBJ-001098,Argonian Ceremony,book_document,quest_book_title,main_route,low,Book and document source-location routing,Final Reconciliation route-resolution register,Validate deterministic pickup/source location or record a tighter exclusion/data-reconciliation reason.,Final Reconciliation open route-resolution items,needs_route_resolution_added,NEEDS ROUTE RESOLUTION,"COV-001R book/document gap: Needs a source-checked quest-document route for Sealing the Deal: exact acquisition source, quest state, read/take policy, ownership or crime handling, and final required, duplicate-covered, or excluded status. Inputs checked: SN-000054; book/document location table; current guide and coverage audit."
OBJ-001109,Boethiah's Proving,book_document,quest_book_title,main_route,low,Book and document source-location routing,TB-038R delayed-task carryforward,Validate deterministic pickup/source location or record a tighter exclusion/data-reconciliation reason.,Bards College Lost Library And Instrument Roads | Markarth Nchuand-Zel And Old Hroldan | TB-038R order and delayed-task repair register,needs_route_resolution_added | not_read_here | quest_book_left_unopened,NEEDS ROUTE RESOLUTION | staged_for_boethiah_daedric_route | staged_for_boethiah_level_30_route,"TB-038R source line 1952: The current coverage row is delayed, held, conditional, or in progress, and TB-038 found no later same-record closeout in the current coverage ledger. Previous status: quest_book_left_unopened / staged_for_boethiah_level_30_route. Inputs checked: data/guide-coverage/main-guide-v1-order-delayed-task-audit.csv; data/guide-coverage/main-guide-v1-coverage.csv; data/guide-coverage/main-guide-v1-objective-final-status.csv; drafts/final-guide/main-guide-v1.md."
OBJ-001110,Bounty (bandits),book_document,quest_book_title,main_route,low,Book and document source-location routing,Final Reconciliation route-resolution register,Validate deterministic pickup/source location or record a tighter exclusion/data-reconciliation reason.,Final Reconciliation open route-resolution items,needs_route_resolution_added,NEEDS ROUTE RESOLUTION,COV-001R bounty document gap: source-listed bounty document handling must be tied to the representative bounty route before guide completion. Inputs checked: SN-000054; SN-000025; current bounty and counter coverage.
OBJ-001111,Bounty (dragon),book_document,quest_book_title,main_route,low,Book and document source-location routing,Final Reconciliation route-resolution register,Validate deterministic pickup/source location or record a tighter exclusion/data-reconciliation reason.,Final Reconciliation open route-resolution items,needs_route_resolution_added,NEEDS ROUTE RESOLUTION,COV-001R bounty document gap: source-listed bounty document handling must be tied to the representative bounty route before guide completion. Inputs checked: SN-000054; SN-000025; current bounty and counter coverage.
OBJ-001112,Bounty (forsworn),book_document,quest_book_title,main_route,low,Book and document source-location routing,Final Reconciliation route-resolution register,Validate deterministic pickup/source location or record a tighter exclusion/data-reconciliation reason.,Final Reconciliation open route-resolution items,needs_route_resolution_added,NEEDS ROUTE RESOLUTION,COV-001R bounty document gap: source-listed bounty document handling must be tied to the representative bounty route before guide completion. Inputs checked: SN-000054; SN-000025; current bounty and counter coverage.
OBJ-001113,Bounty (giant),book_document,quest_book_title,main_route,low,Book and document source-location routing,Final Reconciliation route-resolution register,Validate deterministic pickup/source location or record a tighter exclusion/data-reconciliation reason.,Final Reconciliation open route-resolution items,needs_route_resolution_added,NEEDS ROUTE RESOLUTION,COV-001R bounty document gap: source-listed bounty document handling must be tied to the representative bounty route before guide completion. Inputs checked: SN-000054; SN-000025; current bounty and counter coverage.
OBJ-001119,Chronicles of Nchuleft,book_document,quest_book_title,main_route,low,Book and document source-location routing,Final Reconciliation route-resolution register,Validate deterministic pickup/source location or record a tighter exclusion/data-reconciliation reason.,Final Reconciliation open route-resolution items,needs_route_resolution_added,NEEDS ROUTE RESOLUTION,"COV-001R book/document gap: Needs a source-checked quest-document route for Fetch me that Book!: exact acquisition source, quest state, read/take policy, ownership or crime handling, and final required, duplicate-covered, or excluded status. Inputs checked: SN-000054; book/document location table; current guide and coverage audit."
OBJ-001120,Cleansing of the Fane,book_document,quest_book_title,main_route,low,Book and document source-location routing,Final Reconciliation route-resolution register,Validate deterministic pickup/source location or record a tighter exclusion/data-reconciliation reason.,Final Reconciliation open route-resolution items,needs_route_resolution_added,NEEDS ROUTE RESOLUTION,"COV-001R book/document gap: Needs a source-checked quest-document route for Fetch me that Book!: exact acquisition source, quest state, read/take policy, ownership or crime handling, and final required, duplicate-covered, or excluded status. Inputs checked: SN-000054; book/document location table; current guide and coverage audit."
OBJ-001121,Contract (Murder),book_document,quest_book_title,main_route,low,Book and document source-location routing,Final Reconciliation route-resolution register,Validate deterministic pickup/source location or record a tighter exclusion/data-reconciliation reason.,Final Reconciliation open route-resolution items,needs_route_resolution_added,NEEDS ROUTE RESOLUTION,"COV-001R book/document gap: Needs a source-checked quest-document route for Revenge, Hired Thugs: exact acquisition source, quest state, read/take policy, ownership or crime handling, and final required, duplicate-covered, or excluded status. Inputs checked: SN-000054; book/document location table; current guide and coverage audit."
OBJ-001122,Contract (Theft),book_document,quest_book_title,main_route,low,Book and document source-location routing,Final Reconciliation route-resolution register,Validate deterministic pickup/source location or record a tighter exclusion/data-reconciliation reason.,Final Reconciliation open route-resolution items,needs_route_resolution_added,NEEDS ROUTE RESOLUTION,"COV-001R book/document gap: Needs a source-checked quest-document route for Steal, Thugs hunt player: exact acquisition source, quest state, read/take policy, ownership or crime handling, and final required, duplicate-covered, or excluded status. Inputs checked: SN-000054; book/document location table; current guide and coverage audit."
OBJ-001139,Faralda's Notes,book_document,quest_book_title,main_route,low,Book and document source-location routing,Final Reconciliation route-resolution register,Validate deterministic pickup/source location or record a tighter exclusion/data-reconciliation reason.,Final Reconciliation open route-resolution items,needs_route_resolution_added,NEEDS ROUTE RESOLUTION,"COV-001R book/document gap: Needs a source-checked quest-document route for Research Thief: exact acquisition source, quest state, read/take policy, ownership or crime handling, and final required, duplicate-covered, or excluded status. Inputs checked: SN-000054; book/document location table; current guide and coverage audit."
OBJ-001154,Habd's Death Letter,book_document,quest_book_title,main_route,low,Book and document source-location routing,Final Reconciliation route-resolution register,Validate deterministic pickup/source location or record a tighter exclusion/data-reconciliation reason.,Final Reconciliation open route-resolution items,needs_route_resolution_added,NEEDS ROUTE RESOLUTION,"COV-001R book/document gap: Needs a source-checked quest-document route for Frostflow Abyss Investigation: exact acquisition source, quest state, read/take policy, ownership or crime handling, and final required, duplicate-covered, or excluded status. Inputs checked: SN-000054; book/document location table; current guide and coverage audit."
OBJ-001164,Incriminating Letter (Anuriel),book_document,quest_book_title,main_route,low,Book and document source-location routing,Final Reconciliation route-resolution register,Validate deterministic pickup/source location or record a tighter exclusion/data-reconciliation reason.,Final Reconciliation open route-resolution items,needs_route_resolution_added,NEEDS ROUTE RESOLUTION,"COV-001R book/document gap: Needs a source-checked quest-document route for Compelling Tribute (Imperial): exact acquisition source, quest state, read/take policy, ownership or crime handling, and final required, duplicate-covered, or excluded status. Inputs checked: SN-000054; book/document location table; current guide and coverage audit."
OBJ-001166,Incriminating Letter (DG),book_document,quest_book_title,main_route,low,Book and document source-location routing,Final Reconciliation route-resolution register,Validate deterministic pickup/source location or record a tighter exclusion/data-reconciliation reason.,Final Reconciliation open route-resolution items,needs_route_resolution_added,NEEDS ROUTE RESOLUTION,"COV-001R book/document gap: Needs a source-checked quest-document route for Deceiving the Herd: exact acquisition source, quest state, read/take policy, ownership or crime handling, and final required, duplicate-covered, or excluded status. Inputs checked: SN-000054; book/document location table; current guide and coverage audit."
OBJ-001188,The Legend of Red Eagle,book_document,quest_book_title,main_route,low,Book and document source-location routing,TB-038R delayed-task carryforward,Validate deterministic pickup/source location or record a tighter exclusion/data-reconciliation reason.,"Bards College Lost Library And Instrument Roads | Companions Entry | Markarth Prison Daedric Rites And Reach Redoubts | Security, Shadowmere, And The Brotherhood Endgame | TB-038R order and delayed-task repair register",Jorrvaskr_copy_not_routed | conditional_acquired_if_red_eagle_target | needs_route_resolution_added | quest_book_left_unopened | same_location_left_unopened,NEEDS ROUTE RESOLUTION | conditional_complete | staged_for_red_eagle_bundle | staged_for_red_eagle_route,"TB-038R source line 2442: The current coverage row is delayed, held, conditional, or in progress, and TB-038 found no later same-record closeout in the current coverage ledger. Previous status: same_location_left_unopened / staged_for_red_eagle_bundle. Inputs checked: data/guide-coverage/main-guide-v1-order-delayed-task-audit.csv; data/guide-coverage/main-guide-v1-coverage.csv; data/guide-coverage/main-guide-v1-objective-final-status.csv; drafts/final-guide/main-guide-v1.md."
OBJ-001189,The Legendary Scourge,book_document,quest_book_title,main_route,low,Book and document source-location routing,Final Reconciliation route-resolution register,Validate deterministic pickup/source location or record a tighter exclusion/data-reconciliation reason.,Final Reconciliation open route-resolution items,needs_route_resolution_added,NEEDS ROUTE RESOLUTION,"COV-001R book/document gap: Needs a source-checked quest-document route for Fetch me that Book!: exact acquisition source, quest state, read/take policy, ownership or crime handling, and final required, duplicate-covered, or excluded status. Inputs checked: SN-000054; book/document location table; current guide and coverage audit."
OBJ-001190,Letter from a Friend,book_document,quest_book_title,main_route,low,Book and document source-location routing,Final Reconciliation route-resolution register,Validate deterministic pickup/source location or record a tighter exclusion/data-reconciliation reason.,Final Reconciliation open route-resolution items,needs_route_resolution_added,NEEDS ROUTE RESOLUTION,"COV-001R book/document gap: Needs a source-checked quest-document route for Shout - learn about word wall: exact acquisition source, quest state, read/take policy, ownership or crime handling, and final required, duplicate-covered, or excluded status. Inputs checked: SN-000054; book/document location table; current guide and coverage audit."
OBJ-001191,Letter from Calcemo,book_document,quest_book_title,main_route,low,Book and document source-location routing,Final Reconciliation route-resolution register,Validate deterministic pickup/source location or record a tighter exclusion/data-reconciliation reason.,Final Reconciliation open route-resolution items,needs_route_resolution_added,NEEDS ROUTE RESOLUTION,"COV-001R book/document gap: Needs a source-checked quest-document route for Buy Dwarven artifact: exact acquisition source, quest state, read/take policy, ownership or crime handling, and final required, duplicate-covered, or excluded status. Inputs checked: SN-000054; book/document location table; current guide and coverage audit."
OBJ-001194,Letter from Jarl (Jarl's Name),book_document,quest_book_title,main_route,low,Book and document source-location routing,Final Reconciliation route-resolution register,Validate deterministic pickup/source location or record a tighter exclusion/data-reconciliation reason.,Final Reconciliation open route-resolution items,needs_route_resolution_added,NEEDS ROUTE RESOLUTION,"COV-001R book/document gap: Needs a source-checked quest-document route for Build Your Own Home: exact acquisition source, quest state, read/take policy, ownership or crime handling, and final required, duplicate-covered, or excluded status. Inputs checked: SN-000054; book/document location table; current guide and coverage audit."
OBJ-001195,Letter from Jarl (Jarl's Name) of (Jarl's City),book_document,quest_book_title,main_route,low,Book and document source-location routing,Final Reconciliation route-resolution register,Validate deterministic pickup/source location or record a tighter exclusion/data-reconciliation reason.,Final Reconciliation open route-resolution items,needs_route_resolution_added,NEEDS ROUTE RESOLUTION,"COV-001R book/document gap: Needs a source-checked quest-document route for Build Your Own Home: exact acquisition source, quest state, read/take policy, ownership or crime handling, and final required, duplicate-covered, or excluded status. Inputs checked: SN-000054; book/document location table; current guide and coverage audit."
OBJ-001202,Letter of Inheritance,book_document,quest_book_title,main_route,low,Book and document source-location routing,Final Reconciliation route-resolution register,Validate deterministic pickup/source location or record a tighter exclusion/data-reconciliation reason.,Final Reconciliation open route-resolution items,needs_route_resolution_added,NEEDS ROUTE RESOLUTION,"COV-001R book/document gap: Needs a source-checked quest-document route for Inheritance: exact acquisition source, quest state, read/take policy, ownership or crime handling, and final required, duplicate-covered, or excluded status. Inputs checked: SN-000054; book/document location table; current guide and coverage audit."
OBJ-001203,Letter to Beem-Ja,book_document,quest_book_title,main_route,low,Book and document source-location routing,Final Reconciliation route-resolution register,Validate deterministic pickup/source location or record a tighter exclusion/data-reconciliation reason.,Final Reconciliation open route-resolution items,needs_route_resolution_added,NEEDS ROUTE RESOLUTION,"COV-001R book/document gap: Needs a source-checked quest-document route for Coming of Age: exact acquisition source, quest state, read/take policy, ownership or crime handling, and final required, duplicate-covered, or excluded status. Inputs checked: SN-000054; book/document location table; current guide and coverage audit."
OBJ-001204,Letter to Golldir,book_document,quest_book_title,main_route,low,Book and document source-location routing,Final Reconciliation route-resolution register,Validate deterministic pickup/source location or record a tighter exclusion/data-reconciliation reason.,Final Reconciliation open route-resolution items,needs_route_resolution_added,NEEDS ROUTE RESOLUTION,"COV-001R book/document gap: Needs a source-checked quest-document route for Ancestral Worship: exact acquisition source, quest state, read/take policy, ownership or crime handling, and final required, duplicate-covered, or excluded status. Inputs checked: SN-000054; book/document location table; current guide and coverage audit."
OBJ-001205,Letter to Salma,book_document,quest_book_title,main_route,low,Book and document source-location routing,Final Reconciliation route-resolution register,Validate deterministic pickup/source location or record a tighter exclusion/data-reconciliation reason.,Final Reconciliation open route-resolution items,needs_route_resolution_added,NEEDS ROUTE RESOLUTION,"COV-001R book/document gap: Needs a source-checked quest-document route for Coming of Age: exact acquisition source, quest state, read/take policy, ownership or crime handling, and final required, duplicate-covered, or excluded status. Inputs checked: SN-000054; book/document location table; current guide and coverage audit."
OBJ-001209,Lymdrenn Tenvanni's Journal,book_document,quest_book_title,main_route,low,Book and document source-location routing,TB-038R delayed-task carryforward,Validate deterministic pickup/source location or record a tighter exclusion/data-reconciliation reason.,First Riften Visit And Guild Doorway | TB-038R order and delayed-task repair register,needs_route_resolution_added | staged_name_match_needs_route_repair,NEEDS ROUTE RESOLUTION | needs_targeted_guide_repair,"TB-038R source line 6679: The current coverage row is delayed, held, conditional, or in progress, and TB-038 found no later same-record closeout in the current coverage ledger. Previous status: staged_name_match_needs_route_repair / needs_targeted_guide_repair. Inputs checked: data/guide-coverage/main-guide-v1-order-delayed-task-audit.csv; data/guide-coverage/main-guide-v1-coverage.csv; data/guide-coverage/main-guide-v1-objective-final-status.csv; drafts/final-guide/main-guide-v1.md."
OBJ-001230,Note (Mistwatch),book_document,quest_book_title,main_route,low,Book and document source-location routing,Final Reconciliation route-resolution register,Validate deterministic pickup/source location or record a tighter exclusion/data-reconciliation reason.,Final Reconciliation open route-resolution items,needs_route_resolution_added,NEEDS ROUTE RESOLUTION,"COV-001R book/document gap: Needs a source-checked quest-document route for Mistwatch (quest): exact acquisition source, quest state, read/take policy, ownership or crime handling, and final required, duplicate-covered, or excluded status. Inputs checked: SN-000054; book/document location table; current guide and coverage audit."
OBJ-001231,Note from Agna,book_document,quest_book_title,main_route,low,Book and document source-location routing,Final Reconciliation route-resolution register,Validate deterministic pickup/source location or record a tighter exclusion/data-reconciliation reason.,Final Reconciliation open route-resolution items,needs_route_resolution_added,NEEDS ROUTE RESOLUTION,"COV-001R book/document gap: Needs a source-checked quest-document route for Ancestral Worship: exact acquisition source, quest state, read/take policy, ownership or crime handling, and final required, duplicate-covered, or excluded status. Inputs checked: SN-000054; book/document location table; current guide and coverage audit."
OBJ-001234,Note to Thomas,book_document,quest_book_title,main_route,low,Book and document source-location routing,TB-038R delayed-task carryforward,Validate deterministic pickup/source location or record a tighter exclusion/data-reconciliation reason.,Bleak Falls Barrow And First Dragon | TB-038R order and delayed-task repair register,conditional_now_else_staged | needs_route_resolution_added,NEEDS ROUTE RESOLUTION | conditional_or_staged_later,"TB-038R source line 181: The current coverage row is delayed, held, conditional, or in progress, and TB-038 found no later same-record closeout in the current coverage ledger. Previous status: conditional_now_else_staged / conditional_or_staged_later. Inputs checked: data/guide-coverage/main-guide-v1-order-delayed-task-audit.csv; data/guide-coverage/main-guide-v1-coverage.csv; data/guide-coverage/main-guide-v1-objective-final-status.csv; drafts/final-guide/main-guide-v1.md."
OBJ-001237,The Old Ways,book_document,quest_book_title,main_route,low,Book and document source-location routing,Final Reconciliation route-resolution register,Validate deterministic pickup/source location or record a tighter exclusion/data-reconciliation reason.,Final Reconciliation open route-resolution items,needs_route_resolution_added,NEEDS ROUTE RESOLUTION,"COV-001R book/document gap: Needs a source-checked quest-document route for Fetch me that Book!: exact acquisition source, quest state, read/take policy, ownership or crime handling, and final required, duplicate-covered, or excluded status. Inputs checked: SN-000054; book/document location table; current guide and coverage audit."
OBJ-001245,Purchase Agreement (Sarthis Idren),book_document,quest_book_title,main_route,low,Book and document source-location routing,Final Reconciliation route-resolution register,Validate deterministic pickup/source location or record a tighter exclusion/data-reconciliation reason.,Final Reconciliation open route-resolution items,needs_route_resolution_added,NEEDS ROUTE RESOLUTION,"COV-001R book/document gap: Needs a source-checked quest-document route for The Raid: exact acquisition source, quest state, read/take policy, ownership or crime handling, and final required, duplicate-covered, or excluded status. Inputs checked: SN-000054; book/document location table; current guide and coverage audit."
OBJ-001251,Repair Supplies,book_document,quest_book_title,main_route,low,Book and document source-location routing,Final Reconciliation route-resolution register,Validate deterministic pickup/source location or record a tighter exclusion/data-reconciliation reason.,Final Reconciliation open route-resolution items,needs_route_resolution_added,NEEDS ROUTE RESOLUTION,"COV-001R book/document gap: Needs a source-checked quest-document route for A Night To Remember: exact acquisition source, quest state, read/take policy, ownership or crime handling, and final required, duplicate-covered, or excluded status. Inputs checked: SN-000054; book/document location table; current guide and coverage audit."
OBJ-001252,Request for Help!,book_document,quest_book_title,main_route,low,Book and document source-location routing,Final Reconciliation route-resolution register,Validate deterministic pickup/source location or record a tighter exclusion/data-reconciliation reason.,Final Reconciliation open route-resolution items,needs_route_resolution_added,NEEDS ROUTE RESOLUTION,"COV-001R book/document gap: Needs a source-checked quest-document route for Waking Nightmare: exact acquisition source, quest state, read/take policy, ownership or crime handling, and final required, duplicate-covered, or excluded status. Inputs checked: SN-000054; book/document location table; current guide and coverage audit."
OBJ-001253,Request from,book_document,quest_book_title,main_route,low,Book and document source-location routing,Final Reconciliation route-resolution register,Validate deterministic pickup/source location or record a tighter exclusion/data-reconciliation reason.,Final Reconciliation open route-resolution items,needs_route_resolution_added,NEEDS ROUTE RESOLUTION,"COV-001R book/document gap: Needs a source-checked quest-document route for Scare my Enemy: exact acquisition source, quest state, read/take policy, ownership or crime handling, and final required, duplicate-covered, or excluded status. Inputs checked: SN-000054; book/document location table; current guide and coverage audit."
OBJ-001256,Runil's Journal,book_document,quest_book_title,main_route,low,Book and document source-location routing,TB-038R delayed-task carryforward,Validate deterministic pickup/source location or record a tighter exclusion/data-reconciliation reason.,Bards College Lost Library And Instrument Roads | Hircine And Bloated Man's Grotto | TB-038R order and delayed-task repair register,audited_not_routed_here | audited_not_started_here | needs_route_resolution_added,NEEDS ROUTE RESOLUTION | staged_for_later_falkreath_radiant_route | staged_for_later_isolated_random_assignment,"TB-038R source line 2029: The current coverage row is delayed, held, conditional, or in progress, and TB-038 found no later same-record closeout in the current coverage ledger. Previous status: audited_not_started_here / staged_for_later_isolated_random_assignment. Inputs checked: data/guide-coverage/main-guide-v1-order-delayed-task-audit.csv; data/guide-coverage/main-guide-v1-coverage.csv; data/guide-coverage/main-guide-v1-objective-final-status.csv; drafts/final-guide/main-guide-v1.md."
OBJ-001258,A Scrawled Note,book_document,quest_book_title,main_route,low,Book and document source-location routing,Final Reconciliation route-resolution register,Validate deterministic pickup/source location or record a tighter exclusion/data-reconciliation reason.,Final Reconciliation open route-resolution items | The Black Star and Ilinalta's Deep,needs_route_resolution_reaffirmed,NEEDS ROUTE RESOLUTION,TB-044 source-checks the note but keeps it unresolved because the postquest necromancer attack lacks a deterministic no-RNG route policy. SN-000212.
OBJ-001261,Shalidor's Insights (book),book_document,quest_book_title,main_route,low,Book and document source-location routing,Final Reconciliation route-resolution register,Validate deterministic pickup/source location or record a tighter exclusion/data-reconciliation reason.,Final Reconciliation open route-resolution items,needs_route_resolution_added,NEEDS ROUTE RESOLUTION,"COV-001R book/document gap: Needs a source-checked quest-document route for Shalidor's Insights: exact acquisition source, quest state, read/take policy, ownership or crime handling, and final required, duplicate-covered, or excluded status. Inputs checked: SN-000054; book/document location table; current guide and coverage audit."
OBJ-001280,Urag's Note,book_document,quest_book_title,main_route,low,Book and document source-location routing,Final Reconciliation route-resolution register,Validate deterministic pickup/source location or record a tighter exclusion/data-reconciliation reason.,Final Reconciliation open route-resolution items,needs_route_resolution_added,NEEDS ROUTE RESOLUTION,"COV-001R book/document gap: Needs a source-checked quest-document route for Fetch me that Book!: exact acquisition source, quest state, read/take policy, ownership or crime handling, and final required, duplicate-covered, or excluded status. Inputs checked: SN-000054; book/document location table; current guide and coverage audit."
OBJ-001285,Venarus Vulpin's Journal,book_document,quest_book_title,main_route,low,Book and document source-location routing,Final Reconciliation route-resolution register,Validate deterministic pickup/source location or record a tighter exclusion/data-reconciliation reason.,Final Reconciliation open route-resolution items,needs_route_resolution_added,NEEDS ROUTE RESOLUTION,"COV-001R book/document gap: Needs a source-checked quest-document route for The Bloodstone Chalice: exact acquisition source, quest state, read/take policy, ownership or crime handling, and final required, duplicate-covered, or excluded status. Inputs checked: SN-000054; book/document location table; current guide and coverage audit."
OBJ-001286,Venarus Vulpin's Research,book_document,quest_book_title,main_route,low,Book and document source-location routing,Final Reconciliation route-resolution register,Validate deterministic pickup/source location or record a tighter exclusion/data-reconciliation reason.,Final Reconciliation open route-resolution items,needs_route_resolution_added,NEEDS ROUTE RESOLUTION,"COV-001R book/document gap: Needs a source-checked quest-document route for The Bloodstone Chalice: exact acquisition source, quest state, read/take policy, ownership or crime handling, and final required, duplicate-covered, or excluded status. Inputs checked: SN-000054; book/document location table; current guide and coverage audit."
OBJ-001287,War of the First Council,book_document,quest_book_title,main_route,low,Book and document source-location routing,Final Reconciliation route-resolution register,Validate deterministic pickup/source location or record a tighter exclusion/data-reconciliation reason.,Final Reconciliation open route-resolution items,needs_route_resolution_added,NEEDS ROUTE RESOLUTION,"COV-001R book/document gap: Needs a source-checked quest-document route for Fetch me that Book!: exact acquisition source, quest state, read/take policy, ownership or crime handling, and final required, duplicate-covered, or excluded status. Inputs checked: SN-000054; book/document location table; current guide and coverage audit."
OBJ-001288,The Warmth of Mara,book_document,quest_book_title,main_route,low,Book and document source-location routing,Final Reconciliation route-resolution register,Validate deterministic pickup/source location or record a tighter exclusion/data-reconciliation reason.,Final Reconciliation open route-resolution items,needs_route_resolution_added,NEEDS ROUTE RESOLUTION,"COV-001R book/document gap: Needs a source-checked quest-document route for Spread the Love: exact acquisition source, quest state, read/take policy, ownership or crime handling, and final required, duplicate-covered, or excluded status. Inputs checked: SN-000054; book/document location table; current guide and coverage audit."
OBJ-001289,The Waters of Oblivion,book_document,quest_book_title,main_route,low,Book and document source-location routing,Final Reconciliation route-resolution register,Validate deterministic pickup/source location or record a tighter exclusion/data-reconciliation reason.,Final Reconciliation open route-resolution items,needs_route_resolution_added,NEEDS ROUTE RESOLUTION,"COV-001R book/document gap: Needs a source-checked quest-document route for Fetch me that Book!: exact acquisition source, quest state, read/take policy, ownership or crime handling, and final required, duplicate-covered, or excluded status. Inputs checked: SN-000054; book/document location table; current guide and coverage audit."
OBJ-001291,WIKill04RewardLetter,book_document,quest_book_title,main_route,low,Book and document source-location routing,Final Reconciliation route-resolution register,Validate deterministic pickup/source location or record a tighter exclusion/data-reconciliation reason.,Final Reconciliation open route-resolution items,needs_route_resolution_added,NEEDS ROUTE RESOLUTION,"COV-001R book/document gap: Needs a source-checked quest-document route for An enemy's gratitude: exact acquisition source, quest state, read/take policy, ownership or crime handling, and final required, duplicate-covered, or excluded status. Inputs checked: SN-000054; book/document location table; current guide and coverage audit."
OBJ-001292,WIKill04ThanksLetter,book_document,quest_book_title,main_route,low,Book and document source-location routing,Final Reconciliation route-resolution register,Validate deterministic pickup/source location or record a tighter exclusion/data-reconciliation reason.,Final Reconciliation open route-resolution items,needs_route_resolution_added,NEEDS ROUTE RESOLUTION,"COV-001R book/document gap: Needs a source-checked quest-document route for An enemy's gratitude: exact acquisition source, quest state, read/take policy, ownership or crime handling, and final required, duplicate-covered, or excluded status. Inputs checked: SN-000054; book/document location table; current guide and coverage audit."
OBJ-001299,Ysolda's Message,book_document,quest_book_title,main_route,low,Book and document source-location routing,Final Reconciliation route-resolution register,Validate deterministic pickup/source location or record a tighter exclusion/data-reconciliation reason.,Final Reconciliation open route-resolution items,needs_route_resolution_added,NEEDS ROUTE RESOLUTION,"COV-001R book/document gap: Needs a source-checked quest-document route for Sleeping Tree Cave (quest): exact acquisition source, quest state, read/take policy, ownership or crime handling, and final required, duplicate-covered, or excluded status. Inputs checked: SN-000054; book/document location table; current guide and coverage audit."
OBJ-001321,Letter to Imperial City,book_document,quest_book_title,main_route,low,Book and document source-location routing,Final Reconciliation route-resolution register,Validate deterministic pickup/source location or record a tighter exclusion/data-reconciliation reason.,Final Reconciliation open route-resolution items,needs_route_resolution_added,NEEDS ROUTE RESOLUTION,"COV-001R book/document gap: Needs a source-checked quest-document route for March of the Dead: exact acquisition source, quest state, read/take policy, ownership or crime handling, and final required, duplicate-covered, or excluded status. Inputs checked: SN-000054; book/document location table; current guide and coverage audit."
OBJ-001325,Note from Mogrul,book_document,quest_book_title,main_route,low,Book and document source-location routing,Books/spells/documents reconciliation,Validate deterministic pickup/source location or record a tighter exclusion/data-reconciliation reason.,"Bittercup, The Pit, And Fortunate Son | Black Book Defaults and Progression Switches | Books, Spells, and Documents | Fahlbtharz, Deathbrand, And Karstaag | Final Reconciliation | Ghosts Of The Tribunal And Trueflame | High-Risk AE Routes and Separate Worldspaces | Kolbjorn Excavation And Raven Rock West | Miraak Finale, Lost Knowledge, And Last Black Books | Retrospective redistributed regional sections; no player-facing Location Counter Sweep dump | Tel Mithryn, Nchardak, And Kagrumez | Vampire Lord Mastery and Rising at Dawn Closeout | World-Eater's Eyrie and Dragonslayer",needs_route_resolution | needs_route_resolution_reaffirmed,NEEDS ROUTE RESOLUTION | needs_route_resolution,Source check confirms Note from Mogrul has no fixed location field or deterministic pickup path; keep unresolved. SN-000216.
OBJ-001331,Scribbles of a Madman,book_document,quest_book_title,main_route,low,Book and document source-location routing,Final Reconciliation route-resolution register,Validate deterministic pickup/source location or record a tighter exclusion/data-reconciliation reason.,Final Reconciliation open route-resolution items,needs_route_resolution_added,NEEDS ROUTE RESOLUTION,"COV-001R book/document gap: Needs a source-checked quest-document route for Black Book (quest): exact acquisition source, quest state, read/take policy, ownership or crime handling, and final required, duplicate-covered, or excluded status. Inputs checked: SN-000054; book/document location table; current guide and coverage audit."
OBJ-001338,Aesrael's Journal,book_document,ae_book_title,main_route,low,Book and document source-location routing,TB-038R delayed-task carryforward,Validate deterministic pickup/source location or record a tighter exclusion/data-reconciliation reason.,Hircine And Bloated Man's Grotto | TB-038R order and delayed-task repair register,audited_same_building_not_acquired | needs_route_resolution_added,NEEDS ROUTE RESOLUTION | staged_for_later_sunderstone_bundle,"TB-038R source line 625: The current coverage row is delayed, held, conditional, or in progress, and TB-038 found no later same-record closeout in the current coverage ledger. Previous status: audited_same_building_not_acquired / staged_for_later_sunderstone_bundle. Inputs checked: data/guide-coverage/main-guide-v1-order-delayed-task-audit.csv; data/guide-coverage/main-guide-v1-coverage.csv; data/guide-coverage/main-guide-v1-objective-final-status.csv; drafts/final-guide/main-guide-v1.md."
OBJ-001341,Antonius' Note,book_document,ae_book_title,main_route,low,Book and document source-location routing,Final Reconciliation route-resolution register,Validate deterministic pickup/source location or record a tighter exclusion/data-reconciliation reason.,Final Reconciliation open route-resolution items,needs_route_resolution_added,NEEDS ROUTE RESOLUTION,"COV-001R book/document gap: Needs a source-checked AE document route for Alternative Armors - Orcish Scaled / Gambler's Edge: exact acquisition source, quest or courier state, read/take policy, ownership handling, and final required, duplicate-covered, or excluded status. Inputs checked: SN-000056; book/document location table; current guide and coverage audit."
OBJ-001345,Assassin's Journal,book_document,ae_book_title,main_route,low,Book and document source-location routing,Final Reconciliation route-resolution register,Validate deterministic pickup/source location or record a tighter exclusion/data-reconciliation reason.,Final Reconciliation open route-resolution items,needs_route_resolution_added,NEEDS ROUTE RESOLUTION,"COV-001R book/document gap: Needs a source-checked AE document route for Bow of Shadows / In the Shadows: exact acquisition source, quest or courier state, read/take policy, ownership handling, and final required, duplicate-covered, or excluded status. Inputs checked: SN-000056; book/document location table; current guide and coverage audit."
OBJ-001346,Assembly Line Constructs,book_document,ae_book_title,main_route,low,Book and document source-location routing,Final Reconciliation route-resolution register,Validate deterministic pickup/source location or record a tighter exclusion/data-reconciliation reason.,Final Reconciliation open route-resolution items,needs_route_resolution_added,NEEDS ROUTE RESOLUTION,"COV-001R book/document gap: Needs a source-checked AE document route for Nchuanthumz: Dwarven Home / The Sanctuary and the Manufactory: exact acquisition source, quest or courier state, read/take policy, ownership handling, and final required, duplicate-covered, or excluded status. Inputs checked: SN-000056; book/document location table; current guide and coverage audit."
OBJ-001351,Beldama Witch's Note,book_document,ae_book_title,main_route,low,Book and document source-location routing,TB-038R delayed-task carryforward,Validate deterministic pickup/source location or record a tighter exclusion/data-reconciliation reason.,Karthspire Sky Haven And Dragonbane | TB-038R order and delayed-task repair register,audited_not_acquired_here | needs_route_resolution_added,NEEDS ROUTE RESOLUTION | staged_for_spell_knight_branch_and_ingredient_policy,"TB-038R source line 3057: The current coverage row is delayed, held, conditional, or in progress, and TB-038 found no later same-record closeout in the current coverage ledger. Previous status: audited_not_acquired_here / staged_for_spell_knight_branch_and_ingredient_policy. Inputs checked: data/guide-coverage/main-guide-v1-order-delayed-task-audit.csv; data/guide-coverage/main-guide-v1-coverage.csv; data/guide-coverage/main-guide-v1-objective-final-status.csv; drafts/final-guide/main-guide-v1.md."
OBJ-001357,Bounty: Angler Larvae Specimen,book_document,ae_book_title,main_route,low,Book and document source-location routing,Final Reconciliation route-resolution register,Validate deterministic pickup/source location or record a tighter exclusion/data-reconciliation reason.,Final Reconciliation open route-resolution items,needs_route_resolution_added,NEEDS ROUTE RESOLUTION,"COV-001R book/document gap: Needs a source-checked AE document route for Fishing / Further Study: exact acquisition source, quest or courier state, read/take policy, ownership handling, and final required, duplicate-covered, or excluded status. Inputs checked: SN-000056; book/document location table; current guide and coverage audit."
OBJ-001358,Bounty: Cleaning Our Waterways,book_document,ae_book_title,main_route,low,Book and document source-location routing,Final Reconciliation route-resolution register,Validate deterministic pickup/source location or record a tighter exclusion/data-reconciliation reason.,Final Reconciliation open route-resolution items,needs_route_resolution_added,NEEDS ROUTE RESOLUTION,"COV-001R book/document gap: Needs a source-checked AE document route for Fishing / Rubbish Retrieval: exact acquisition source, quest or courier state, read/take policy, ownership handling, and final required, duplicate-covered, or excluded status. Inputs checked: SN-000056; book/document location table; current guide and coverage audit."
OBJ-001359,Bounty: Dwarven Investigation,book_document,ae_book_title,main_route,low,Book and document source-location routing,Final Reconciliation route-resolution register,Validate deterministic pickup/source location or record a tighter exclusion/data-reconciliation reason.,Final Reconciliation open route-resolution items,needs_route_resolution_added,NEEDS ROUTE RESOLUTION,"COV-001R book/document gap: Needs a source-checked AE document route for Fishing / Beneath Bronze Waters: exact acquisition source, quest or courier state, read/take policy, ownership handling, and final required, duplicate-covered, or excluded status. Inputs checked: SN-000056; book/document location table; current guide and coverage audit."
OBJ-001360,Bounty: Fangtusk,book_document,ae_book_title,main_route,low,Book and document source-location routing,Final Reconciliation route-resolution register,Validate deterministic pickup/source location or record a tighter exclusion/data-reconciliation reason.,Final Reconciliation open route-resolution items,needs_route_resolution_added,NEEDS ROUTE RESOLUTION,"COV-001R book/document gap: Needs a source-checked AE document route for Fishing / Tusked Terror: exact acquisition source, quest or courier state, read/take policy, ownership handling, and final required, duplicate-covered, or excluded status. Inputs checked: SN-000056; book/document location table; current guide and coverage audit."
OBJ-001361,Bounty: Glassfish,book_document,ae_book_title,main_route,low,Book and document source-location routing,Final Reconciliation route-resolution register,Validate deterministic pickup/source location or record a tighter exclusion/data-reconciliation reason.,Final Reconciliation open route-resolution items,needs_route_resolution_added,NEEDS ROUTE RESOLUTION,"COV-001R book/document gap: Needs a source-checked AE document route for Fishing / Clear-Headed: exact acquisition source, quest or courier state, read/take policy, ownership handling, and final required, duplicate-covered, or excluded status. Inputs checked: SN-000056; book/document location table; current guide and coverage audit."
OBJ-001362,Bounty: Goldfish!,book_document,ae_book_title,main_route,low,Book and document source-location routing,Final Reconciliation route-resolution register,Validate deterministic pickup/source location or record a tighter exclusion/data-reconciliation reason.,Final Reconciliation open route-resolution items,needs_route_resolution_added,NEEDS ROUTE RESOLUTION,"COV-001R book/document gap: Needs a source-checked AE document route for Fishing / Heart of Gold: exact acquisition source, quest or courier state, read/take policy, ownership handling, and final required, duplicate-covered, or excluded status. Inputs checked: SN-000056; book/document location table; current guide and coverage audit."
OBJ-001364,Bounty: Lost Wares,book_document,ae_book_title,main_route,low,Book and document source-location routing,Final Reconciliation route-resolution register,Validate deterministic pickup/source location or record a tighter exclusion/data-reconciliation reason.,Final Reconciliation open route-resolution items,needs_route_resolution_added,NEEDS ROUTE RESOLUTION,"COV-001R book/document gap: Needs a source-checked AE document route for Fishing / Spirits Away: exact acquisition source, quest or courier state, read/take policy, ownership handling, and final required, duplicate-covered, or excluded status. Inputs checked: SN-000056; book/document location table; current guide and coverage audit."
OBJ-001365,Bounty: Pearlfish Specimen,book_document,ae_book_title,main_route,low,Book and document source-location routing,Final Reconciliation route-resolution register,Validate deterministic pickup/source location or record a tighter exclusion/data-reconciliation reason.,Final Reconciliation open route-resolution items,needs_route_resolution_added,NEEDS ROUTE RESOLUTION,"COV-001R book/document gap: Needs a source-checked AE document route for Fishing / Further Study: exact acquisition source, quest or courier state, read/take policy, ownership handling, and final required, duplicate-covered, or excluded status. Inputs checked: SN-000056; book/document location table; current guide and coverage audit."
OBJ-001366,Bounty: Pygmy Sunfish Specimen,book_document,ae_book_title,main_route,low,Book and document source-location routing,Final Reconciliation route-resolution register,Validate deterministic pickup/source location or record a tighter exclusion/data-reconciliation reason.,Final Reconciliation open route-resolution items,needs_route_resolution_added,NEEDS ROUTE RESOLUTION,"COV-001R book/document gap: Needs a source-checked AE document route for Fishing / Further Study: exact acquisition source, quest or courier state, read/take policy, ownership handling, and final required, duplicate-covered, or excluded status. Inputs checked: SN-000056; book/document location table; current guide and coverage audit."
OBJ-001367,Bounty: Spadefish Specimen,book_document,ae_book_title,main_route,low,Book and document source-location routing,Final Reconciliation route-resolution register,Validate deterministic pickup/source location or record a tighter exclusion/data-reconciliation reason.,Final Reconciliation open route-resolution items,needs_route_resolution_added,NEEDS ROUTE RESOLUTION,"COV-001R book/document gap: Needs a source-checked AE document route for Fishing / Further Study: exact acquisition source, quest or courier state, read/take policy, ownership handling, and final required, duplicate-covered, or excluded status. Inputs checked: SN-000056; book/document location table; current guide and coverage audit."
OBJ-001368,Bounty: Supply of Arctic Grayling,book_document,ae_book_title,main_route,low,Book and document source-location routing,Final Reconciliation route-resolution register,Validate deterministic pickup/source location or record a tighter exclusion/data-reconciliation reason.,Final Reconciliation open route-resolution items,needs_route_resolution_added,NEEDS ROUTE RESOLUTION,"COV-001R book/document gap: Needs a source-checked AE document route for Fishing / Stocking Up: exact acquisition source, quest or courier state, read/take policy, ownership handling, and final required, duplicate-covered, or excluded status. Inputs checked: SN-000056; book/document location table; current guide and coverage audit."
OBJ-001369,Bounty: Supply of Brook Bass,book_document,ae_book_title,main_route,low,Book and document source-location routing,Final Reconciliation route-resolution register,Validate deterministic pickup/source location or record a tighter exclusion/data-reconciliation reason.,Final Reconciliation open route-resolution items,needs_route_resolution_added,NEEDS ROUTE RESOLUTION,"COV-001R book/document gap: Needs a source-checked AE document route for Fishing / Stocking Up: exact acquisition source, quest or courier state, read/take policy, ownership handling, and final required, duplicate-covered, or excluded status. Inputs checked: SN-000056; book/document location table; current guide and coverage audit."
OBJ-001370,Bounty: Supply of Catfish,book_document,ae_book_title,main_route,low,Book and document source-location routing,Final Reconciliation route-resolution register,Validate deterministic pickup/source location or record a tighter exclusion/data-reconciliation reason.,Final Reconciliation open route-resolution items,needs_route_resolution_added,NEEDS ROUTE RESOLUTION,"COV-001R book/document gap: Needs a source-checked AE document route for Fishing / Stocking Up: exact acquisition source, quest or courier state, read/take policy, ownership handling, and final required, duplicate-covered, or excluded status. Inputs checked: SN-000056; book/document location table; current guide and coverage audit."
OBJ-001371,Bounty: Supply of Salmon,book_document,ae_book_title,main_route,low,Book and document source-location routing,Final Reconciliation route-resolution register,Validate deterministic pickup/source location or record a tighter exclusion/data-reconciliation reason.,Final Reconciliation open route-resolution items,needs_route_resolution_added,NEEDS ROUTE RESOLUTION,"COV-001R book/document gap: Needs a source-checked AE document route for Fishing / Stocking Up: exact acquisition source, quest or courier state, read/take policy, ownership handling, and final required, duplicate-covered, or excluded status. Inputs checked: SN-000056; book/document location table; current guide and coverage audit."
OBJ-001372,Brutius's Journal,book_document,ae_book_title,main_route,low,Book and document source-location routing,Final Reconciliation route-resolution register,Validate deterministic pickup/source location or record a tighter exclusion/data-reconciliation reason.,Final Reconciliation open route-resolution items,needs_route_resolution_added,NEEDS ROUTE RESOLUTION,"COV-001R book/document gap: Needs a source-checked AE document route for Fishing / No Contest: exact acquisition source, quest or courier state, read/take policy, ownership handling, and final required, duplicate-covered, or excluded status. Inputs checked: SN-000056; book/document location table; current guide and coverage audit."
OBJ-001373,Business Ledger Copy,book_document,ae_book_title,main_route,low,Book and document source-location routing,TB-038R delayed-task carryforward,Validate deterministic pickup/source location or record a tighter exclusion/data-reconciliation reason.,First Day In Whiterun | TB-038R order and delayed-task repair register,held_for_later_ae_route | needs_route_resolution_added,NEEDS ROUTE RESOLUTION | staged_for_later_ae_route,"TB-038R source line 156: The current coverage row is delayed, held, conditional, or in progress, and TB-038 found no later same-record closeout in the current coverage ledger. Previous status: held_for_later_ae_route / staged_for_later_ae_route. Inputs checked: data/guide-coverage/main-guide-v1-order-delayed-task-audit.csv; data/guide-coverage/main-guide-v1-coverage.csv; data/guide-coverage/main-guide-v1-objective-final-status.csv; drafts/final-guide/main-guide-v1.md."
OBJ-001375,Caravan Captain's Note,book_document,ae_book_title,main_route,low,Book and document source-location routing,TB-038R delayed-task carryforward,Validate deterministic pickup/source location or record a tighter exclusion/data-reconciliation reason.,Markarth Prison Daedric Rites And Reach Redoubts | TB-038R order and delayed-task repair register,needs_route_resolution_added | not_read_here,NEEDS ROUTE RESOLUTION | staged_for_sunder_wraithguard,"TB-038R source line 1400: The current coverage row is delayed, held, conditional, or in progress, and TB-038 found no later same-record closeout in the current coverage ledger. Previous status: not_read_here / staged_for_sunder_wraithguard. Inputs checked: data/guide-coverage/main-guide-v1-order-delayed-task-audit.csv; data/guide-coverage/main-guide-v1-coverage.csv; data/guide-coverage/main-guide-v1-objective-final-status.csv; drafts/final-guide/main-guide-v1.md."
OBJ-001376,Carriage Driver's Note,book_document,ae_book_title,main_route,low,Book and document source-location routing,Final Reconciliation route-resolution register,Validate deterministic pickup/source location or record a tighter exclusion/data-reconciliation reason.,Final Reconciliation open route-resolution items,needs_route_resolution_added,NEEDS ROUTE RESOLUTION,"COV-001R book/document gap: Needs a source-checked AE document route for Sunder & Wraithguard / Legends Lost: exact acquisition source, quest or courier state, read/take policy, ownership handling, and final required, duplicate-covered, or excluded status. Inputs checked: SN-000056; book/document location table; current guide and coverage audit."
OBJ-001378,Certificate of Authenticity,book_document,ae_book_title,main_route,low,Book and document source-location routing,TB-038R delayed-task carryforward,Validate deterministic pickup/source location or record a tighter exclusion/data-reconciliation reason.,First Day In Whiterun | TB-038R order and delayed-task repair register,held_for_later_ae_route | needs_route_resolution_added,NEEDS ROUTE RESOLUTION | staged_for_later_ae_route,"TB-038R source line 169: The current coverage row is delayed, held, conditional, or in progress, and TB-038 found no later same-record closeout in the current coverage ledger. Previous status: held_for_later_ae_route / staged_for_later_ae_route. Inputs checked: data/guide-coverage/main-guide-v1-order-delayed-task-audit.csv; data/guide-coverage/main-guide-v1-coverage.csv; data/guide-coverage/main-guide-v1-objective-final-status.csv; drafts/final-guide/main-guide-v1.md."
OBJ-001381,Cultist's Note,book_document,ae_book_title,main_route,low,Book and document source-location routing,Final Reconciliation route-resolution register,Validate deterministic pickup/source location or record a tighter exclusion/data-reconciliation reason.,Final Reconciliation open route-resolution items,needs_route_resolution_added,NEEDS ROUTE RESOLUTION,"COV-001R book/document gap: Needs a source-checked AE document route for Goldbrand / A Matter of Pride: exact acquisition source, quest or courier state, read/take policy, ownership handling, and final required, duplicate-covered, or excluded status. Inputs checked: SN-000056; book/document location table; current guide and coverage audit."
OBJ-001385,Dinner Menu,book_document,ae_book_title,main_route,low,Book and document source-location routing,Final Reconciliation route-resolution register,Validate deterministic pickup/source location or record a tighter exclusion/data-reconciliation reason.,Final Reconciliation open route-resolution items,needs_route_resolution_added,NEEDS ROUTE RESOLUTION,"COV-001R book/document gap: Needs a source-checked AE document route for Bloodchill Manor / Guests for Dinner: exact acquisition source, quest or courier state, read/take policy, ownership handling, and final required, duplicate-covered, or excluded status. Inputs checked: SN-000056; book/document location table; current guide and coverage audit."
OBJ-001386,Ehlhiel's Journal,book_document,ae_book_title,main_route,low,Book and document source-location routing,Final Reconciliation route-resolution register,Validate deterministic pickup/source location or record a tighter exclusion/data-reconciliation reason.,Final Reconciliation open route-resolution items,needs_route_resolution_added,NEEDS ROUTE RESOLUTION,"COV-001R book/document gap: Needs a source-checked AE document route for Alternative Armors - Leather / Double-Edged: exact acquisition source, quest or courier state, read/take policy, ownership handling, and final required, duplicate-covered, or excluded status. Inputs checked: SN-000056; book/document location table; current guide and coverage audit."
OBJ-001388,Eranya's Journal,book_document,ae_book_title,main_route,low,Book and document source-location routing,Final Reconciliation route-resolution register,Validate deterministic pickup/source location or record a tighter exclusion/data-reconciliation reason.,Final Reconciliation open route-resolution items,needs_route_resolution_added,NEEDS ROUTE RESOLUTION,"COV-001R book/document gap: Needs a source-checked AE document route for Goldbrand / A Matter of Pride: exact acquisition source, quest or courier state, read/take policy, ownership handling, and final required, duplicate-covered, or excluded status. Inputs checked: SN-000056; book/document location table; current guide and coverage audit."
OBJ-001389,Eranya's Notes on Sivdur's Tomb,book_document,ae_book_title,main_route,low,Book and document source-location routing,Final Reconciliation route-resolution register,Validate deterministic pickup/source location or record a tighter exclusion/data-reconciliation reason.,Final Reconciliation open route-resolution items,needs_route_resolution_added,NEEDS ROUTE RESOLUTION,"COV-001R book/document gap: Needs a source-checked AE document route for Goldbrand / A Matter of Pride: exact acquisition source, quest or courier state, read/take policy, ownership handling, and final required, duplicate-covered, or excluded status. Inputs checked: SN-000056; book/document location table; current guide and coverage audit."
OBJ-001390,Eranya's Research Notes,book_document,ae_book_title,main_route,low,Book and document source-location routing,TB-038R delayed-task carryforward,Validate deterministic pickup/source location or record a tighter exclusion/data-reconciliation reason.,"College Errands Arniel Septimus And Aetherium | TB-038R order and delayed-task repair register | Winterhold, College Entry, And Saarthal",audited_not_started_here | needs_route_resolution_added | same_desk_left_unopened,NEEDS ROUTE RESOLUTION | staged_for_goldbrand_route | staged_for_goldbrand_sivdur_route,"TB-038R source line 3024: The current coverage row is delayed, held, conditional, or in progress, and TB-038 found no later same-record closeout in the current coverage ledger. Previous status: audited_not_started_here / staged_for_goldbrand_sivdur_route. Inputs checked: data/guide-coverage/main-guide-v1-order-delayed-task-audit.csv; data/guide-coverage/main-guide-v1-coverage.csv; data/guide-coverage/main-guide-v1-objective-final-status.csv; drafts/final-guide/main-guide-v1.md."
OBJ-001393,Eydvina's Note,book_document,ae_book_title,main_route,low,Book and document source-location routing,Final Reconciliation route-resolution register,Validate deterministic pickup/source location or record a tighter exclusion/data-reconciliation reason.,Final Reconciliation open route-resolution items,needs_route_resolution_added,NEEDS ROUTE RESOLUTION,"COV-001R book/document gap: Needs a source-checked AE document route for Hendraheim / Hendraheim (quest): exact acquisition source, quest or courier state, read/take policy, ownership handling, and final required, duplicate-covered, or excluded status. Inputs checked: SN-000056; book/document location table; current guide and coverage audit."
OBJ-001397,Fisherman's Journal (Fishing),book_document,ae_book_title,main_route,low,Book and document source-location routing,TB-038R delayed-task carryforward,Validate deterministic pickup/source location or record a tighter exclusion/data-reconciliation reason.,Nightingale Rewards And The Skeleton Key | TB-038R order and delayed-task repair register,audited_not_acquired_here | needs_route_resolution_added,NEEDS ROUTE RESOLUTION | staged_for_fishing_route,"TB-038R source line 3112: The current coverage row is delayed, held, conditional, or in progress, and TB-038 found no later same-record closeout in the current coverage ledger. Previous status: audited_not_acquired_here / staged_for_fishing_route. Inputs checked: data/guide-coverage/main-guide-v1-order-delayed-task-audit.csv; data/guide-coverage/main-guide-v1-coverage.csv; data/guide-coverage/main-guide-v1-objective-final-status.csv; drafts/final-guide/main-guide-v1.md."
OBJ-001399,"Fishing Mastery, v2",book_document,ae_book_title,main_route,low,Book and document source-location routing,TB-038R delayed-task carryforward,Validate deterministic pickup/source location or record a tighter exclusion/data-reconciliation reason.,Fishing route-resolution hold | TB-038R order and delayed-task repair register,needs_route_resolution_added | staged_for_fishing_route_resolution,NEEDS ROUTE RESOLUTION | staged_for_fishing_route_resolution,"TB-038R source line 6000: The current coverage row is delayed, held, conditional, or in progress, and TB-038 found no later same-record closeout in the current coverage ledger. Previous status: staged_for_fishing_route_resolution / staged_for_fishing_route_resolution. Inputs checked: data/guide-coverage/main-guide-v1-order-delayed-task-audit.csv; data/guide-coverage/main-guide-v1-coverage.csv; data/guide-coverage/main-guide-v1-objective-final-status.csv; drafts/final-guide/main-guide-v1.md."
OBJ-001400,"Fishing Mastery, v3",book_document,ae_book_title,main_route,low,Book and document source-location routing,TB-038R delayed-task carryforward,Validate deterministic pickup/source location or record a tighter exclusion/data-reconciliation reason.,Fishing route-resolution hold | TB-038R order and delayed-task repair register,needs_route_resolution_added | staged_for_fishing_route_resolution,NEEDS ROUTE RESOLUTION | staged_for_fishing_route_resolution,"TB-038R source line 6001: The current coverage row is delayed, held, conditional, or in progress, and TB-038 found no later same-record closeout in the current coverage ledger. Previous status: staged_for_fishing_route_resolution / staged_for_fishing_route_resolution. Inputs checked: data/guide-coverage/main-guide-v1-order-delayed-task-audit.csv; data/guide-coverage/main-guide-v1-coverage.csv; data/guide-coverage/main-guide-v1-objective-final-status.csv; drafts/final-guide/main-guide-v1.md."
OBJ-001401,"Fishing Mastery, v4",book_document,ae_book_title,main_route,low,Book and document source-location routing,TB-038R delayed-task carryforward,Validate deterministic pickup/source location or record a tighter exclusion/data-reconciliation reason.,Fishing route-resolution hold | TB-038R order and delayed-task repair register,needs_route_resolution_added | staged_for_fishing_route_resolution,NEEDS ROUTE RESOLUTION | staged_for_fishing_route_resolution,"TB-038R source line 6002: The current coverage row is delayed, held, conditional, or in progress, and TB-038 found no later same-record closeout in the current coverage ledger. Previous status: staged_for_fishing_route_resolution / staged_for_fishing_route_resolution. Inputs checked: data/guide-coverage/main-guide-v1-order-delayed-task-audit.csv; data/guide-coverage/main-guide-v1-coverage.csv; data/guide-coverage/main-guide-v1-objective-final-status.csv; drafts/final-guide/main-guide-v1.md."
OBJ-001402,"Fishing Mastery, v5",book_document,ae_book_title,main_route,low,Book and document source-location routing,TB-038R delayed-task carryforward,Validate deterministic pickup/source location or record a tighter exclusion/data-reconciliation reason.,Fishing route-resolution hold | TB-038R order and delayed-task repair register,needs_route_resolution_added | staged_for_fishing_route_resolution,NEEDS ROUTE RESOLUTION | staged_for_fishing_route_resolution,"TB-038R source line 6003: The current coverage row is delayed, held, conditional, or in progress, and TB-038 found no later same-record closeout in the current coverage ledger. Previous status: staged_for_fishing_route_resolution / staged_for_fishing_route_resolution. Inputs checked: data/guide-coverage/main-guide-v1-order-delayed-task-audit.csv; data/guide-coverage/main-guide-v1-coverage.csv; data/guide-coverage/main-guide-v1-objective-final-status.csv; drafts/final-guide/main-guide-v1.md."
OBJ-001404,Forsworn Shaman's Note,book_document,ae_book_title,main_route,low,Book and document source-location routing,TB-038R delayed-task carryforward,Validate deterministic pickup/source location or record a tighter exclusion/data-reconciliation reason.,Karthspire Sky Haven And Dragonbane | TB-038R order and delayed-task repair register,audited_not_acquired_here | needs_route_resolution_added,NEEDS ROUTE RESOLUTION | staged_for_spell_knight_branch_and_ingredient_policy,"TB-038R source line 3058: The current coverage row is delayed, held, conditional, or in progress, and TB-038 found no later same-record closeout in the current coverage ledger. Previous status: audited_not_acquired_here / staged_for_spell_knight_branch_and_ingredient_policy. Inputs checked: data/guide-coverage/main-guide-v1-order-delayed-task-audit.csv; data/guide-coverage/main-guide-v1-coverage.csv; data/guide-coverage/main-guide-v1-objective-final-status.csv; drafts/final-guide/main-guide-v1.md."
OBJ-001407,Gisli's Note,book_document,ae_book_title,main_route,low,Book and document source-location routing,Final Reconciliation route-resolution register,Validate deterministic pickup/source location or record a tighter exclusion/data-reconciliation reason.,Final Reconciliation open route-resolution items,needs_route_resolution_added,NEEDS ROUTE RESOLUTION,"COV-001R book/document gap: Needs a source-checked AE document route for Fishing / The Ultimate Feast: exact acquisition source, quest or courier state, read/take policy, ownership handling, and final required, duplicate-covered, or excluded status. Inputs checked: SN-000056; book/document location table; current guide and coverage audit."
OBJ-001409,Guard Dossier: Aesrael,book_document,ae_book_title,main_route,low,Book and document source-location routing,TB-038R delayed-task carryforward,Validate deterministic pickup/source location or record a tighter exclusion/data-reconciliation reason.,Hircine And Bloated Man's Grotto | TB-038R order and delayed-task repair register,audited_same_building_left_unopened | needs_route_resolution_added,NEEDS ROUTE RESOLUTION | staged_for_later_sunderstone_bundle,"TB-038R source line 627: The current coverage row is delayed, held, conditional, or in progress, and TB-038 found no later same-record closeout in the current coverage ledger. Previous status: audited_same_building_left_unopened / staged_for_later_sunderstone_bundle. Inputs checked: data/guide-coverage/main-guide-v1-order-delayed-task-audit.csv; data/guide-coverage/main-guide-v1-coverage.csv; data/guide-coverage/main-guide-v1-objective-final-status.csv; drafts/final-guide/main-guide-v1.md."
OBJ-001410,Guard's Bounty Letter Draft,book_document,ae_book_title,main_route,low,Book and document source-location routing,TB-038R delayed-task carryforward,Validate deterministic pickup/source location or record a tighter exclusion/data-reconciliation reason.,Hircine And Bloated Man's Grotto | TB-038R order and delayed-task repair register,audited_same_building_left_unopened | needs_route_resolution_added,NEEDS ROUTE RESOLUTION | staged_for_later_sunderstone_bundle,"TB-038R source line 629: The current coverage row is delayed, held, conditional, or in progress, and TB-038 found no later same-record closeout in the current coverage ledger. Previous status: audited_same_building_left_unopened / staged_for_later_sunderstone_bundle. Inputs checked: data/guide-coverage/main-guide-v1-order-delayed-task-audit.csv; data/guide-coverage/main-guide-v1-coverage.csv; data/guide-coverage/main-guide-v1-objective-final-status.csv; drafts/final-guide/main-guide-v1.md."
OBJ-001411,Guard's Dossier: Antonius,book_document,ae_book_title,main_route,low,Book and document source-location routing,Final Reconciliation route-resolution register,Validate deterministic pickup/source location or record a tighter exclusion/data-reconciliation reason.,Final Reconciliation open route-resolution items,needs_route_resolution_added,NEEDS ROUTE RESOLUTION,"COV-001R book/document gap: Needs a source-checked AE document route for Alternative Armors - Orcish Scaled / Gambler's Edge: exact acquisition source, quest or courier state, read/take policy, ownership handling, and final required, duplicate-covered, or excluded status. Inputs checked: SN-000056; book/document location table; current guide and coverage audit."
OBJ-001414,Guard's Note,book_document,ae_book_title,main_route,low,Book and document source-location routing,TB-038R delayed-task carryforward,Validate deterministic pickup/source location or record a tighter exclusion/data-reconciliation reason.,Hircine And Bloated Man's Grotto | TB-038R order and delayed-task repair register,audited_same_building_left_unopened | needs_route_resolution_added,NEEDS ROUTE RESOLUTION | staged_for_later_sunderstone_bundle,"TB-038R source line 630: The current coverage row is delayed, held, conditional, or in progress, and TB-038 found no later same-record closeout in the current coverage ledger. Previous status: audited_same_building_left_unopened / staged_for_later_sunderstone_bundle. Inputs checked: data/guide-coverage/main-guide-v1-order-delayed-task-audit.csv; data/guide-coverage/main-guide-v1-coverage.csv; data/guide-coverage/main-guide-v1-objective-final-status.csv; drafts/final-guide/main-guide-v1.md."
OBJ-001421,Hugin Ice-Shaper's Notebook,book_document,ae_book_title,main_route,low,Book and document source-location routing,Final Reconciliation route-resolution register,Validate deterministic pickup/source location or record a tighter exclusion/data-reconciliation reason.,Final Reconciliation open route-resolution items,needs_route_resolution_added,NEEDS ROUTE RESOLUTION,"COV-001R book/document gap: Needs a source-checked AE document route for Nordic Jewelry / Nordic Jewelry (quest): exact acquisition source, quest or courier state, read/take policy, ownership handling, and final required, duplicate-covered, or excluded status. Inputs checked: SN-000056; book/document location table; current guide and coverage audit."
OBJ-001422,Hyenril's Journal,book_document,ae_book_title,main_route,low,Book and document source-location routing,Final Reconciliation route-resolution register,Validate deterministic pickup/source location or record a tighter exclusion/data-reconciliation reason.,Final Reconciliation open route-resolution items,needs_route_resolution_added,NEEDS ROUTE RESOLUTION,"COV-001R book/document gap: Needs a source-checked AE document route for Arms of Chaos / The Arms of Chaos: exact acquisition source, quest or courier state, read/take policy, ownership handling, and final required, duplicate-covered, or excluded status. Inputs checked: SN-000056; book/document location table; current guide and coverage audit."
OBJ-001429,Knight Captain's Orders,book_document,ae_book_title,main_route,low,Book and document source-location routing,TB-038R delayed-task carryforward,Validate deterministic pickup/source location or record a tighter exclusion/data-reconciliation reason.,Karthspire Sky Haven And Dragonbane | TB-038R order and delayed-task repair register,audited_not_acquired_here | needs_route_resolution_added,NEEDS ROUTE RESOLUTION | staged_for_spell_knight_branch_and_ingredient_policy,"TB-038R source line 3059: The current coverage row is delayed, held, conditional, or in progress, and TB-038 found no later same-record closeout in the current coverage ledger. Previous status: audited_not_acquired_here / staged_for_spell_knight_branch_and_ingredient_policy. Inputs checked: data/guide-coverage/main-guide-v1-order-delayed-task-audit.csv; data/guide-coverage/main-guide-v1-coverage.csv; data/guide-coverage/main-guide-v1-objective-final-status.csv; drafts/final-guide/main-guide-v1.md."
OBJ-001434,Letter from Mila Valentia,book_document,ae_book_title,main_route,low,Book and document source-location routing,Final Reconciliation route-resolution register,Validate deterministic pickup/source location or record a tighter exclusion/data-reconciliation reason.,Final Reconciliation open route-resolution items,needs_route_resolution_added,NEEDS ROUTE RESOLUTION,"COV-001R book/document gap: Needs a source-checked AE document route for Fishing / Two of a Kind: exact acquisition source, quest or courier state, read/take policy, ownership handling, and final required, duplicate-covered, or excluded status. Inputs checked: SN-000056; book/document location table; current guide and coverage audit."
OBJ-001436,Letter from Viriya,book_document,ae_book_title,main_route,low,Book and document source-location routing,Final Reconciliation route-resolution register,Validate deterministic pickup/source location or record a tighter exclusion/data-reconciliation reason.,Final Reconciliation open route-resolution items,needs_route_resolution_added,NEEDS ROUTE RESOLUTION,"COV-001R book/document gap: Needs a source-checked AE document route for Fishing / End of the Line: exact acquisition source, quest or courier state, read/take policy, ownership handling, and final required, duplicate-covered, or excluded status. Inputs checked: SN-000056; book/document location table; current guide and coverage audit."
OBJ-001437,Letter on Mudcrab Attacks,book_document,ae_book_title,main_route,low,Book and document source-location routing,Final Reconciliation route-resolution register,Validate deterministic pickup/source location or record a tighter exclusion/data-reconciliation reason.,Final Reconciliation open route-resolution items,needs_route_resolution_added,NEEDS ROUTE RESOLUTION,"COV-001R book/document gap: Needs a source-checked AE document route for Fishing / Crustacean Extermination: exact acquisition source, quest or courier state, read/take policy, ownership handling, and final required, duplicate-covered, or excluded status. Inputs checked: SN-000056; book/document location table; current guide and coverage audit."
OBJ-001440,Letter to Gisli,book_document,ae_book_title,main_route,low,Book and document source-location routing,Final Reconciliation route-resolution register,Validate deterministic pickup/source location or record a tighter exclusion/data-reconciliation reason.,Final Reconciliation open route-resolution items,needs_route_resolution_added,NEEDS ROUTE RESOLUTION,"COV-001R book/document gap: Needs a source-checked AE document route for The Gray Cowl Returns! / The Gray Cowl of Nocturnal: exact acquisition source, quest or courier state, read/take policy, ownership handling, and final required, duplicate-covered, or excluded status. Inputs checked: SN-000056; book/document location table; current guide and coverage audit."
OBJ-001444,List of Arctic Fish,book_document,ae_book_title,main_route,low,Book and document source-location routing,TB-038R delayed-task carryforward,Validate deterministic pickup/source location or record a tighter exclusion/data-reconciliation reason.,Fishing route-resolution hold | TB-038R order and delayed-task repair register,needs_route_resolution_added | staged_for_fishing_route_resolution,NEEDS ROUTE RESOLUTION | staged_for_fishing_route_resolution,"TB-038R source line 6004: The current coverage row is delayed, held, conditional, or in progress, and TB-038 found no later same-record closeout in the current coverage ledger. Previous status: staged_for_fishing_route_resolution / staged_for_fishing_route_resolution. Inputs checked: data/guide-coverage/main-guide-v1-order-delayed-task-audit.csv; data/guide-coverage/main-guide-v1-coverage.csv; data/guide-coverage/main-guide-v1-objective-final-status.csv; drafts/final-guide/main-guide-v1.md."
OBJ-001446,List of Rainy Weather Fish,book_document,ae_book_title,main_route,low,Book and document source-location routing,TB-038R delayed-task carryforward,Validate deterministic pickup/source location or record a tighter exclusion/data-reconciliation reason.,Fishing route-resolution hold | TB-038R order and delayed-task repair register,needs_route_resolution_added | staged_for_fishing_route_resolution,NEEDS ROUTE RESOLUTION | staged_for_fishing_route_resolution,"TB-038R source line 6006: The current coverage row is delayed, held, conditional, or in progress, and TB-038 found no later same-record closeout in the current coverage ledger. Previous status: staged_for_fishing_route_resolution / staged_for_fishing_route_resolution. Inputs checked: data/guide-coverage/main-guide-v1-order-delayed-task-audit.csv; data/guide-coverage/main-guide-v1-coverage.csv; data/guide-coverage/main-guide-v1-objective-final-status.csv; drafts/final-guide/main-guide-v1.md."
OBJ-001447,List of Rare Fish,book_document,ae_book_title,main_route,low,Book and document source-location routing,TB-038R delayed-task carryforward,Validate deterministic pickup/source location or record a tighter exclusion/data-reconciliation reason.,Fishing route-resolution hold | TB-038R order and delayed-task repair register,needs_route_resolution_added | staged_for_fishing_route_resolution,NEEDS ROUTE RESOLUTION | staged_for_fishing_route_resolution,"TB-038R source line 6007: The current coverage row is delayed, held, conditional, or in progress, and TB-038 found no later same-record closeout in the current coverage ledger. Previous status: staged_for_fishing_route_resolution / staged_for_fishing_route_resolution. Inputs checked: data/guide-coverage/main-guide-v1-order-delayed-task-audit.csv; data/guide-coverage/main-guide-v1-coverage.csv; data/guide-coverage/main-guide-v1-objective-final-status.csv; drafts/final-guide/main-guide-v1.md."
OBJ-001448,List of Underground Fish,book_document,ae_book_title,main_route,low,Book and document source-location routing,TB-038R delayed-task carryforward,Validate deterministic pickup/source location or record a tighter exclusion/data-reconciliation reason.,Fishing route-resolution hold | TB-038R order and delayed-task repair register,needs_route_resolution_added | staged_for_fishing_route_resolution,NEEDS ROUTE RESOLUTION | staged_for_fishing_route_resolution,"TB-038R source line 6008: The current coverage row is delayed, held, conditional, or in progress, and TB-038 found no later same-record closeout in the current coverage ledger. Previous status: staged_for_fishing_route_resolution / staged_for_fishing_route_resolution. Inputs checked: data/guide-coverage/main-guide-v1-order-delayed-task-audit.csv; data/guide-coverage/main-guide-v1-coverage.csv; data/guide-coverage/main-guide-v1-objective-final-status.csv; drafts/final-guide/main-guide-v1.md."
OBJ-001450,Loss of the Sea Stallion,book_document,ae_book_title,main_route,low,Book and document source-location routing,Final Reconciliation route-resolution register,Validate deterministic pickup/source location or record a tighter exclusion/data-reconciliation reason.,Final Reconciliation open route-resolution items,needs_route_resolution_added,NEEDS ROUTE RESOLUTION,"COV-001R book/document gap: Needs a source-checked AE document route for Arms of Chaos / The Arms of Chaos: exact acquisition source, quest or courier state, read/take policy, ownership handling, and final required, duplicate-covered, or excluded status. Inputs checked: SN-000056; book/document location table; current guide and coverage audit."
OBJ-001451,Lost Caravan Guard's Note,book_document,ae_book_title,main_route,low,Book and document source-location routing,Final Reconciliation route-resolution register,Validate deterministic pickup/source location or record a tighter exclusion/data-reconciliation reason.,Final Reconciliation open route-resolution items,needs_route_resolution_added,NEEDS ROUTE RESOLUTION,"COV-001R book/document gap: Needs a source-checked AE document route for Sunder & Wraithguard / Legends Lost: exact acquisition source, quest or courier state, read/take policy, ownership handling, and final required, duplicate-covered, or excluded status. Inputs checked: SN-000056; book/document location table; current guide and coverage audit."
OBJ-001452,M'Sharra's Confession,book_document,ae_book_title,main_route,low,Book and document source-location routing,Final Reconciliation route-resolution register,Validate deterministic pickup/source location or record a tighter exclusion/data-reconciliation reason.,Final Reconciliation open route-resolution items,needs_route_resolution_added,NEEDS ROUTE RESOLUTION,"COV-001R book/document gap: Needs a source-checked AE document route for Alternative Armors - Silver / When the Cat's Away: exact acquisition source, quest or courier state, read/take policy, ownership handling, and final required, duplicate-covered, or excluded status. Inputs checked: SN-000056; book/document location table; current guide and coverage audit."
OBJ-001453,M'Sharra's Diary,book_document,ae_book_title,main_route,low,Book and document source-location routing,TB-038R delayed-task carryforward,Validate deterministic pickup/source location or record a tighter exclusion/data-reconciliation reason.,First Day In Whiterun | TB-038R order and delayed-task repair register,held_for_later_ae_route | needs_route_resolution_added,NEEDS ROUTE RESOLUTION | staged_for_later_ae_route,"TB-038R source line 154: The current coverage row is delayed, held, conditional, or in progress, and TB-038 found no later same-record closeout in the current coverage ledger. Previous status: held_for_later_ae_route / staged_for_later_ae_route. Inputs checked: data/guide-coverage/main-guide-v1-order-delayed-task-audit.csv; data/guide-coverage/main-guide-v1-coverage.csv; data/guide-coverage/main-guide-v1-objective-final-status.csv; drafts/final-guide/main-guide-v1.md."
OBJ-001455,Manufactory Repair Parts,book_document,ae_book_title,main_route,low,Book and document source-location routing,Final Reconciliation route-resolution register,Validate deterministic pickup/source location or record a tighter exclusion/data-reconciliation reason.,Final Reconciliation open route-resolution items,needs_route_resolution_added,NEEDS ROUTE RESOLUTION,"COV-001R book/document gap: Needs a source-checked AE document route for Nchuanthumz: Dwarven Home / The Sanctuary and the Manufactory: exact acquisition source, quest or courier state, read/take policy, ownership handling, and final required, duplicate-covered, or excluded status. Inputs checked: SN-000056; book/document location table; current guide and coverage audit."
OBJ-001457,Master Ellane's Last Words,book_document,ae_book_title,main_route,low,Book and document source-location routing,Final Reconciliation route-resolution register,Validate deterministic pickup/source location or record a tighter exclusion/data-reconciliation reason.,Final Reconciliation open route-resolution items,needs_route_resolution_added,NEEDS ROUTE RESOLUTION,"COV-001R book/document gap: Needs a source-checked AE document route for Arms of Chaos / The Arms of Chaos: exact acquisition source, quest or courier state, read/take policy, ownership handling, and final required, duplicate-covered, or excluded status. Inputs checked: SN-000056; book/document location table; current guide and coverage audit."
OBJ-001459,Mercenary's Note,book_document,ae_book_title,main_route,low,Book and document source-location routing,Final Reconciliation route-resolution register,Validate deterministic pickup/source location or record a tighter exclusion/data-reconciliation reason.,Final Reconciliation open route-resolution items,needs_route_resolution_added,NEEDS ROUTE RESOLUTION,"COV-001R book/document gap: Needs a source-checked AE document route for Forgotten Seasons / Forgotten Seasons (quest): exact acquisition source, quest or courier state, read/take policy, ownership handling, and final required, duplicate-covered, or excluded status. Inputs checked: SN-000056; book/document location table; current guide and coverage audit."
OBJ-001460,Mila's Note on Very Secret Treasure,book_document,ae_book_title,main_route,low,Book and document source-location routing,Final Reconciliation route-resolution register,Validate deterministic pickup/source location or record a tighter exclusion/data-reconciliation reason.,Final Reconciliation open route-resolution items,needs_route_resolution_added,NEEDS ROUTE RESOLUTION,"COV-001R book/document gap: Needs a source-checked AE document route for Fishing / Two of a Kind: exact acquisition source, quest or courier state, read/take policy, ownership handling, and final required, duplicate-covered, or excluded status. Inputs checked: SN-000056; book/document location table; current guide and coverage audit."
OBJ-001463,Mysterious Note (Staff of Sheogorath),book_document,ae_book_title,main_route,low,Book and document source-location routing,Final Reconciliation route-resolution register,Validate deterministic pickup/source location or record a tighter exclusion/data-reconciliation reason.,Final Reconciliation open route-resolution items,needs_route_resolution_added,NEEDS ROUTE RESOLUTION,"COV-001R book/document gap: Needs a source-checked AE document route for Staff of Sheogorath / Put A Fork In It: exact acquisition source, quest or courier state, read/take policy, ownership handling, and final required, duplicate-covered, or excluded status. Inputs checked: SN-000056; book/document location table; current guide and coverage audit."
OBJ-001470,Nivenor's Journal,book_document,ae_book_title,main_route,low,Book and document source-location routing,Final Reconciliation route-resolution register,Validate deterministic pickup/source location or record a tighter exclusion/data-reconciliation reason.,Final Reconciliation open route-resolution items,needs_route_resolution_added,NEEDS ROUTE RESOLUTION,"COV-001R book/document gap: Needs a source-checked AE document route for The Gray Cowl Returns! / The Gray Cowl of Nocturnal: exact acquisition source, quest or courier state, read/take policy, ownership handling, and final required, duplicate-covered, or excluded status. Inputs checked: SN-000056; book/document location table; current guide and coverage audit."
OBJ-001483,Note to Ehlhiel,book_document,ae_book_title,main_route,low,Book and document source-location routing,Final Reconciliation route-resolution register,Validate deterministic pickup/source location or record a tighter exclusion/data-reconciliation reason.,Final Reconciliation open route-resolution items,needs_route_resolution_added,NEEDS ROUTE RESOLUTION,"COV-001R book/document gap: Needs a source-checked AE document route for Alternative Armors - Leather / Double-Edged: exact acquisition source, quest or courier state, read/take policy, ownership handling, and final required, duplicate-covered, or excluded status. Inputs checked: SN-000056; book/document location table; current guide and coverage audit."
OBJ-001487,Notice: Fishing Contest,book_document,ae_book_title,main_route,low,Book and document source-location routing,TB-038R delayed-task carryforward,Validate deterministic pickup/source location or record a tighter exclusion/data-reconciliation reason.,Fishing route-resolution hold | TB-038R order and delayed-task repair register,needs_route_resolution_added | staged_for_fishing_route_resolution,NEEDS ROUTE RESOLUTION | staged_for_fishing_route_resolution,"TB-038R source line 6009: The current coverage row is delayed, held, conditional, or in progress, and TB-038 found no later same-record closeout in the current coverage ledger. Previous status: staged_for_fishing_route_resolution / staged_for_fishing_route_resolution. Inputs checked: data/guide-coverage/main-guide-v1-order-delayed-task-audit.csv; data/guide-coverage/main-guide-v1-coverage.csv; data/guide-coverage/main-guide-v1-objective-final-status.csv; drafts/final-guide/main-guide-v1.md."
OBJ-001490,Please Read Aloud,book_document,ae_book_title,main_route,low,Book and document source-location routing,Final Reconciliation route-resolution register,Validate deterministic pickup/source location or record a tighter exclusion/data-reconciliation reason.,Final Reconciliation open route-resolution items,needs_route_resolution_added,NEEDS ROUTE RESOLUTION,"COV-001R book/document gap: Needs a source-checked AE document route for Bloodchill Manor / Guests for Dinner: exact acquisition source, quest or courier state, read/take policy, ownership handling, and final required, duplicate-covered, or excluded status. Inputs checked: SN-000056; book/document location table; current guide and coverage audit."
OBJ-001492,Possible Vampire Cave,book_document,ae_book_title,main_route,low,Book and document source-location routing,Final Reconciliation route-resolution register,Validate deterministic pickup/source location or record a tighter exclusion/data-reconciliation reason.,Final Reconciliation open route-resolution items,needs_route_resolution_added,NEEDS ROUTE RESOLUTION,"COV-001R book/document gap: Needs a source-checked AE document route for Bloodchill Manor / Guests for Dinner: exact acquisition source, quest or courier state, read/take policy, ownership handling, and final required, duplicate-covered, or excluded status. Inputs checked: SN-000056; book/document location table; current guide and coverage audit."
OBJ-001500,Seedy Guard's Note,book_document,ae_book_title,main_route,low,Book and document source-location routing,TB-038R delayed-task carryforward,Validate deterministic pickup/source location or record a tighter exclusion/data-reconciliation reason.,Cicero Aventus And The Sanctuary Door | TB-038R order and delayed-task repair register,audited_not_routed_here | needs_route_resolution_added,NEEDS ROUTE RESOLUTION | staged_for_sunder_wraithguard_bundle,"TB-038R source line 2229: The current coverage row is delayed, held, conditional, or in progress, and TB-038 found no later same-record closeout in the current coverage ledger. Previous status: audited_not_routed_here / staged_for_sunder_wraithguard_bundle. Inputs checked: data/guide-coverage/main-guide-v1-order-delayed-task-audit.csv; data/guide-coverage/main-guide-v1-coverage.csv; data/guide-coverage/main-guide-v1-objective-final-status.csv; drafts/final-guide/main-guide-v1.md."
OBJ-001503,Seviur's Journal,book_document,ae_book_title,main_route,low,Book and document source-location routing,Final Reconciliation route-resolution register,Validate deterministic pickup/source location or record a tighter exclusion/data-reconciliation reason.,Final Reconciliation open route-resolution items,needs_route_resolution_added,NEEDS ROUTE RESOLUTION,"COV-001R book/document gap: Needs a source-checked AE document route for Fishing / Crustacean Extermination: exact acquisition source, quest or courier state, read/take policy, ownership handling, and final required, duplicate-covered, or excluded status. Inputs checked: SN-000056; book/document location table; current guide and coverage audit."
OBJ-001504,Shogarz's Journal,book_document,ae_book_title,main_route,low,Book and document source-location routing,Final Reconciliation route-resolution register,Validate deterministic pickup/source location or record a tighter exclusion/data-reconciliation reason.,Final Reconciliation open route-resolution items,needs_route_resolution_added,NEEDS ROUTE RESOLUTION,"COV-001R book/document gap: Needs a source-checked AE document route for Headman's Cleaver / Blood in the Water: exact acquisition source, quest or courier state, read/take policy, ownership handling, and final required, duplicate-covered, or excluded status. Inputs checked: SN-000056; book/document location table; current guide and coverage audit."
OBJ-001509,Stable Hand's Note,book_document,ae_book_title,main_route,low,Book and document source-location routing,Final Reconciliation route-resolution register,Validate deterministic pickup/source location or record a tighter exclusion/data-reconciliation reason.,Final Reconciliation open route-resolution items,needs_route_resolution_added,NEEDS ROUTE RESOLUTION,"COV-001R book/document gap: Needs a source-checked AE document route for Bow of Shadows / In the Shadows: exact acquisition source, quest or courier state, read/take policy, ownership handling, and final required, duplicate-covered, or excluded status. Inputs checked: SN-000056; book/document location table; current guide and coverage audit."
OBJ-001510,Steward's Note,book_document,ae_book_title,main_route,low,Book and document source-location routing,Final Reconciliation route-resolution register,Validate deterministic pickup/source location or record a tighter exclusion/data-reconciliation reason.,Final Reconciliation open route-resolution items,needs_route_resolution_added,NEEDS ROUTE RESOLUTION,"COV-001R book/document gap: Needs a source-checked AE document route for Bow of Shadows / In the Shadows: exact acquisition source, quest or courier state, read/take policy, ownership handling, and final required, duplicate-covered, or excluded status. Inputs checked: SN-000056; book/document location table; current guide and coverage audit."
OBJ-001511,Stranger's Final Instructions (alternate),book_document,ae_book_title,main_route,low,Book and document source-location routing,Final Reconciliation route-resolution register,Validate deterministic pickup/source location or record a tighter exclusion/data-reconciliation reason.,Final Reconciliation open route-resolution items,needs_route_resolution_added,NEEDS ROUTE RESOLUTION,"COV-001R book/document gap: Needs a source-checked AE document route for The Gray Cowl Returns! / The Gray Cowl of Nocturnal: exact acquisition source, quest or courier state, read/take policy, ownership handling, and final required, duplicate-covered, or excluded status. Inputs checked: SN-000056; book/document location table; current guide and coverage audit."
OBJ-001512,Stranger's Final Instructions (pickpocket),book_document,ae_book_title,main_route,low,Book and document source-location routing,Final Reconciliation route-resolution register,Validate deterministic pickup/source location or record a tighter exclusion/data-reconciliation reason.,Final Reconciliation open route-resolution items,needs_route_resolution_added,NEEDS ROUTE RESOLUTION,"COV-001R book/document gap: Needs a source-checked AE document route for The Gray Cowl Returns! / The Gray Cowl of Nocturnal: exact acquisition source, quest or courier state, read/take policy, ownership handling, and final required, duplicate-covered, or excluded status. Inputs checked: SN-000056; book/document location table; current guide and coverage audit."
OBJ-001513,Stranger's Instructions,book_document,ae_book_title,main_route,low,Book and document source-location routing,Final Reconciliation route-resolution register,Validate deterministic pickup/source location or record a tighter exclusion/data-reconciliation reason.,Final Reconciliation open route-resolution items,needs_route_resolution_added,NEEDS ROUTE RESOLUTION,"COV-001R book/document gap: Needs a source-checked AE document route for The Gray Cowl Returns! / The Gray Cowl of Nocturnal: exact acquisition source, quest or courier state, read/take policy, ownership handling, and final required, duplicate-covered, or excluded status. Inputs checked: SN-000056; book/document location table; current guide and coverage audit."
OBJ-001514,Stranger's Journal,book_document,ae_book_title,main_route,low,Book and document source-location routing,Final Reconciliation route-resolution register,Validate deterministic pickup/source location or record a tighter exclusion/data-reconciliation reason.,Final Reconciliation open route-resolution items,needs_route_resolution_added,NEEDS ROUTE RESOLUTION,"COV-001R book/document gap: Needs a source-checked AE document route for The Gray Cowl Returns! / The Gray Cowl of Nocturnal: exact acquisition source, quest or courier state, read/take policy, ownership handling, and final required, duplicate-covered, or excluded status. Inputs checked: SN-000056; book/document location table; current guide and coverage audit."
OBJ-001515,Stranger's Note,book_document,ae_book_title,main_route,low,Book and document source-location routing,Final Reconciliation route-resolution register,Validate deterministic pickup/source location or record a tighter exclusion/data-reconciliation reason.,Final Reconciliation open route-resolution items,needs_route_resolution_added,NEEDS ROUTE RESOLUTION,"COV-001R book/document gap: Needs a source-checked AE document route for The Gray Cowl Returns! / The Gray Cowl of Nocturnal: exact acquisition source, quest or courier state, read/take policy, ownership handling, and final required, duplicate-covered, or excluded status. Inputs checked: SN-000056; book/document location table; current guide and coverage audit."
OBJ-001520,"The Crimson Dirks, v2",book_document,ae_book_title,main_route,low,Book and document source-location routing,Final Reconciliation route-resolution register,Validate deterministic pickup/source location or record a tighter exclusion/data-reconciliation reason.,Final Reconciliation open route-resolution items,needs_route_resolution_added,NEEDS ROUTE RESOLUTION,"COV-001R book/document gap: Needs a source-checked AE document route for Alternative Armors - Silver / When the Cat's Away: exact acquisition source, quest or courier state, read/take policy, ownership handling, and final required, duplicate-covered, or excluded status. Inputs checked: SN-000056; book/document location table; current guide and coverage audit."
OBJ-001524,"The Crimson Dirks, v6",book_document,ae_book_title,main_route,low,Book and document source-location routing,Final Reconciliation route-resolution register,Validate deterministic pickup/source location or record a tighter exclusion/data-reconciliation reason.,Final Reconciliation open route-resolution items,needs_route_resolution_added,NEEDS ROUTE RESOLUTION,"COV-001R book/document gap: Needs a source-checked AE document route for Alternative Armors - Orcish Scaled / Gambler's Edge: exact acquisition source, quest or courier state, read/take policy, ownership handling, and final required, duplicate-covered, or excluded status. Inputs checked: SN-000056; book/document location table; current guide and coverage audit."
OBJ-001525,"The Crimson Dirks, v7",book_document,ae_book_title,main_route,low,Book and document source-location routing,TB-038R delayed-task carryforward,Validate deterministic pickup/source location or record a tighter exclusion/data-reconciliation reason.,Hircine And Bloated Man's Grotto | TB-038R order and delayed-task repair register,audited_not_acquired_here | needs_route_resolution_added,NEEDS ROUTE RESOLUTION | staged_for_later_sunderstone_bundle,"TB-038R source line 631: The current coverage row is delayed, held, conditional, or in progress, and TB-038 found no later same-record closeout in the current coverage ledger. Previous status: audited_not_acquired_here / staged_for_later_sunderstone_bundle. Inputs checked: data/guide-coverage/main-guide-v1-order-delayed-task-audit.csv; data/guide-coverage/main-guide-v1-coverage.csv; data/guide-coverage/main-guide-v1-objective-final-status.csv; drafts/final-guide/main-guide-v1.md."
OBJ-001527,The Fisher King,book_document,ae_book_title,main_route,low,Book and document source-location routing,Final Reconciliation route-resolution register,Validate deterministic pickup/source location or record a tighter exclusion/data-reconciliation reason.,Final Reconciliation open route-resolution items,needs_route_resolution_added,NEEDS ROUTE RESOLUTION,"COV-001R book/document gap: Needs a source-checked AE document route for Fishing / The Ultimate Feast: exact acquisition source, quest or courier state, read/take policy, ownership handling, and final required, duplicate-covered, or excluded status. Inputs checked: SN-000056; book/document location table; current guide and coverage audit."
OBJ-001528,The Fisher Queen,book_document,ae_book_title,main_route,low,Book and document source-location routing,Final Reconciliation route-resolution register,Validate deterministic pickup/source location or record a tighter exclusion/data-reconciliation reason.,Final Reconciliation open route-resolution items,needs_route_resolution_added,NEEDS ROUTE RESOLUTION,"COV-001R book/document gap: Needs a source-checked AE document route for Fishing / The Ultimate Feast: exact acquisition source, quest or courier state, read/take policy, ownership handling, and final required, duplicate-covered, or excluded status. Inputs checked: SN-000056; book/document location table; current guide and coverage audit."
OBJ-001529,The Restless (book),book_document,ae_book_title,main_route,low,Book and document source-location routing,TB-038R delayed-task carryforward,Validate deterministic pickup/source location or record a tighter exclusion/data-reconciliation reason.,Goldenglow Honningbrew Solitude And Snow Veil | TB-038R order and delayed-task repair register,audited_same_building_not_started | needs_route_resolution_added,NEEDS ROUTE RESOLUTION | staged_for_dead_mans_dread_route,"TB-038R source line 880: The current coverage row is delayed, held, conditional, or in progress, and TB-038 found no later same-record closeout in the current coverage ledger. Previous status: audited_same_building_not_started / staged_for_dead_mans_dread_route. Inputs checked: data/guide-coverage/main-guide-v1-order-delayed-task-audit.csv; data/guide-coverage/main-guide-v1-coverage.csv; data/guide-coverage/main-guide-v1-objective-final-status.csv; drafts/final-guide/main-guide-v1.md."
OBJ-001530,The Sword of Clan Ice-Blade,book_document,ae_book_title,main_route,low,Book and document source-location routing,Final Reconciliation route-resolution register,Validate deterministic pickup/source location or record a tighter exclusion/data-reconciliation reason.,Final Reconciliation open route-resolution items,needs_route_resolution_added,NEEDS ROUTE RESOLUTION,"COV-001R book/document gap: Needs a source-checked AE document route for The Gray Cowl Returns! / The Gray Cowl of Nocturnal: exact acquisition source, quest or courier state, read/take policy, ownership handling, and final required, duplicate-covered, or excluded status. Inputs checked: SN-000056; book/document location table; current guide and coverage audit."
OBJ-001531,Thief's Note,book_document,ae_book_title,main_route,low,Book and document source-location routing,Final Reconciliation route-resolution register,Validate deterministic pickup/source location or record a tighter exclusion/data-reconciliation reason.,Final Reconciliation open route-resolution items,needs_route_resolution_added,NEEDS ROUTE RESOLUTION,"COV-001R book/document gap: Needs a source-checked AE document route for The Gray Cowl Returns! / The Gray Cowl of Nocturnal: exact acquisition source, quest or courier state, read/take policy, ownership handling, and final required, duplicate-covered, or excluded status. Inputs checked: SN-000056; book/document location table; current guide and coverage audit."
OBJ-001536,Tolif's Journal,book_document,ae_book_title,main_route,low,Book and document source-location routing,Final Reconciliation route-resolution register,Validate deterministic pickup/source location or record a tighter exclusion/data-reconciliation reason.,Final Reconciliation open route-resolution items,needs_route_resolution_added,NEEDS ROUTE RESOLUTION,"COV-001R book/document gap: Needs a source-checked AE document route for Fishing / Crustacean Extermination: exact acquisition source, quest or courier state, read/take policy, ownership handling, and final required, duplicate-covered, or excluded status. Inputs checked: SN-000056; book/document location table; current guide and coverage audit."
OBJ-001541,Urzog's Journal,book_document,ae_book_title,main_route,low,Book and document source-location routing,Final Reconciliation route-resolution register,Validate deterministic pickup/source location or record a tighter exclusion/data-reconciliation reason.,Final Reconciliation open route-resolution items,needs_route_resolution_added,NEEDS ROUTE RESOLUTION,"COV-001R book/document gap: Needs a source-checked AE document route for Headman's Cleaver / Blood in the Water: exact acquisition source, quest or courier state, read/take policy, ownership handling, and final required, duplicate-covered, or excluded status. Inputs checked: SN-000056; book/document location table; current guide and coverage audit."
OBJ-001542,Velyne's Letter,book_document,ae_book_title,main_route,low,Book and document source-location routing,Final Reconciliation route-resolution register,Validate deterministic pickup/source location or record a tighter exclusion/data-reconciliation reason.,Final Reconciliation open route-resolution items,needs_route_resolution_added,NEEDS ROUTE RESOLUTION,"COV-001R book/document gap: Needs a source-checked AE document route for Sunder & Wraithguard / Legends Lost: exact acquisition source, quest or courier state, read/take policy, ownership handling, and final required, duplicate-covered, or excluded status. Inputs checked: SN-000056; book/document location table; current guide and coverage audit."
OBJ-001544,Viriya's Hastily Written Letter,book_document,ae_book_title,main_route,low,Book and document source-location routing,Final Reconciliation route-resolution register,Validate deterministic pickup/source location or record a tighter exclusion/data-reconciliation reason.,Final Reconciliation open route-resolution items,needs_route_resolution_added,NEEDS ROUTE RESOLUTION,"COV-001R book/document gap: Needs a source-checked AE document route for Fishing / Wave Breaker: exact acquisition source, quest or courier state, read/take policy, ownership handling, and final required, duplicate-covered, or excluded status. Inputs checked: SN-000056; book/document location table; current guide and coverage audit."
OBJ-001545,Wanted: A Seafood Feast,book_document,ae_book_title,main_route,low,Book and document source-location routing,TB-038R delayed-task carryforward,Validate deterministic pickup/source location or record a tighter exclusion/data-reconciliation reason.,Fishing route-resolution hold | TB-038R order and delayed-task repair register,needs_route_resolution_added | staged_for_fishing_route_resolution,NEEDS ROUTE RESOLUTION | staged_for_fishing_route_resolution,"TB-038R source line 6010: The current coverage row is delayed, held, conditional, or in progress, and TB-038 found no later same-record closeout in the current coverage ledger. Previous status: staged_for_fishing_route_resolution / staged_for_fishing_route_resolution. Inputs checked: data/guide-coverage/main-guide-v1-order-delayed-task-audit.csv; data/guide-coverage/main-guide-v1-coverage.csv; data/guide-coverage/main-guide-v1-objective-final-status.csv; drafts/final-guide/main-guide-v1.md."
OBJ-001546,Wanted: Fishing Tutor,book_document,ae_book_title,main_route,low,Book and document source-location routing,TB-038R delayed-task carryforward,Validate deterministic pickup/source location or record a tighter exclusion/data-reconciliation reason.,Fishing route-resolution hold | TB-038R order and delayed-task repair register,needs_route_resolution_added | staged_for_fishing_route_resolution,NEEDS ROUTE RESOLUTION | staged_for_fishing_route_resolution,"TB-038R source line 6011: The current coverage row is delayed, held, conditional, or in progress, and TB-038 found no later same-record closeout in the current coverage ledger. Previous status: staged_for_fishing_route_resolution / staged_for_fishing_route_resolution. Inputs checked: data/guide-coverage/main-guide-v1-order-delayed-task-audit.csv; data/guide-coverage/main-guide-v1-coverage.csv; data/guide-coverage/main-guide-v1-objective-final-status.csv; drafts/final-guide/main-guide-v1.md."
OBJ-001550,Zaharia's Note,book_document,ae_book_title,main_route,low,Book and document source-location routing,Final Reconciliation route-resolution register,Validate deterministic pickup/source location or record a tighter exclusion/data-reconciliation reason.,Final Reconciliation open route-resolution items,needs_route_resolution_added,NEEDS ROUTE RESOLUTION,"COV-001R book/document gap: Needs a source-checked AE document route for Alternative Armors - Leather / Double-Edged: exact acquisition source, quest or courier state, read/take policy, ownership handling, and final required, duplicate-covered, or excluded status. Inputs checked: SN-000056; book/document location table; current guide and coverage audit."
OBJ-001551,Zaria's Note from Jarl,book_document,ae_book_title,main_route,low,Book and document source-location routing,Final Reconciliation route-resolution register,Validate deterministic pickup/source location or record a tighter exclusion/data-reconciliation reason.,Final Reconciliation open route-resolution items,needs_route_resolution_added,NEEDS ROUTE RESOLUTION,"COV-001R book/document gap: Needs a source-checked AE document route for Fishing / Clear-Headed: exact acquisition source, quest or courier state, read/take policy, ownership handling, and final required, duplicate-covered, or excluded status. Inputs checked: SN-000056; book/document location table; current guide and coverage audit."
OBJ-001552,Letter from Shogarz gro-Batul,book_document,ae_book_title,main_route,low,Book and document source-location routing,Final Reconciliation route-resolution register,Validate deterministic pickup/source location or record a tighter exclusion/data-reconciliation reason.,Final Reconciliation open route-resolution items,needs_route_resolution_added,NEEDS ROUTE RESOLUTION,"COV-001R book/document gap: Needs a source-checked AE document route for Headman's Cleaver / Blood in the Water: exact acquisition source, quest or courier state, read/take policy, ownership handling, and final required, duplicate-covered, or excluded status. Inputs checked: SN-000057; book/document location table; current guide and coverage audit."
OBJ-001553,Orders (Orcish Scaled),book_document,ae_book_title,main_route,low,Book and document source-location routing,Final Reconciliation route-resolution register,Validate deterministic pickup/source location or record a tighter exclusion/data-reconciliation reason.,Final Reconciliation open route-resolution items,needs_route_resolution_added,NEEDS ROUTE RESOLUTION,"COV-001R book/document gap: Needs a source-checked AE document route for Alternative Armors - Orcish Scaled / Gambler's Edge: exact acquisition source, quest or courier state, read/take policy, ownership handling, and final required, duplicate-covered, or excluded status. Inputs checked: SN-000057; book/document location table; current guide and coverage audit."
