coordinate_record_id,location_record_id,objective_id,location_name,location_category,source_content,catalog_worldspace,coordinate_worldspace,world_id,world_name,map_marker_id,map_marker_name,map_marker_page,map_marker_icon_type,map_marker_editor_id,map_marker_form_id,map_marker_dest_form_id,x,y,z,coordinate_status,match_method,match_confidence,distance_scope,source_url,source_id,citations,notes
COORD-000001,LOC-000001,OBJ-001958,Abandoned Prison,clearable_location,base_game,Skyrim,Skyrim,1,skyrim,182,Abandoned Prison,Abandoned Prison,22,,970569,,95682,-15213,-10800,exact_marker,uesp_gamemap_page,high,same_worldspace_xy,https://gamemap.uesp.net/sr/?world=skyrim&x=95682&y=-15213&zoom=15,SRC-000423,SN-000123-location-coordinate-dataset.md,Exact UESP Gamemap marker match.
COORD-000002,LOC-000002,OBJ-001959,Alftand,clearable_location,base_game,Skyrim,Skyrim,1,skyrim,111,Alftand,Alftand,8,AlftandMapMarker,89418,,78347,77409,-4243,exact_marker,uesp_gamemap_page,high,same_worldspace_xy,https://gamemap.uesp.net/sr/?world=skyrim&x=78347&y=77409&zoom=15,SRC-000423,SN-000123-location-coordinate-dataset.md,Exact UESP Gamemap marker match.
COORD-000003,LOC-000003,OBJ-001960,Altar of Thrond,clearable_location,dragonborn,Solstheim,Solstheim,2,solstheim,2549,Altar of Thrond,Altar of Thrond,11,,33637309,,48656,59824,7306,exact_marker,uesp_gamemap_page,high,same_worldspace_xy,https://gamemap.uesp.net/sr/?world=solstheim&x=48656&y=59824&zoom=15,SRC-000423,SN-000123-location-coordinate-dataset.md,Exact UESP Gamemap marker match.
COORD-000004,LOC-000004,OBJ-001961,Ancient's Ascent,clearable_location,base_game,Skyrim,Skyrim,1,skyrim,103,Ancient's Ascent,Ancient's Ascent,12,AncientsAscentMapMarker,90673,,-1541,-99093,15533,exact_marker,uesp_gamemap_page,high,same_worldspace_xy,https://gamemap.uesp.net/sr/?world=skyrim&x=-1541&y=-99093&zoom=15,SRC-000423,SN-000123-location-coordinate-dataset.md,Exact UESP Gamemap marker match.
COORD-000005,LOC-000005,OBJ-001962,Angarvunde,clearable_location,base_game,Skyrim,Skyrim,1,skyrim,231,Angarvunde,Angarvunde,7,AngarvundeMapMarker,89425,,113491,-97167,13468,exact_marker,uesp_gamemap_page,high,same_worldspace_xy,https://gamemap.uesp.net/sr/?world=skyrim&x=113491&y=-97167&zoom=15,SRC-000423,SN-000123-location-coordinate-dataset.md,Exact UESP Gamemap marker match.
COORD-000006,LOC-000006,OBJ-001963,Ansilvund,clearable_location,base_game,Skyrim,Skyrim,1,skyrim,232,Ansilvund,Ansilvund,7,MapMarkerAnsilvundREF,89430,,174572,-35183,730,exact_marker,uesp_gamemap_page,high,same_worldspace_xy,https://gamemap.uesp.net/sr/?world=skyrim&x=174572&y=-35183&zoom=15,SRC-000423,SN-000123-location-coordinate-dataset.md,Exact UESP Gamemap marker match.
COORD-000007,LOC-000007,OBJ-001964,Arcwind Point,clearable_location,base_game,Skyrim,Skyrim,1,skyrim,224,Arcwind Point,Arcwind Point,7,ArcwindPointMapMarker,1007599,,66950,-99471,17302,exact_marker,uesp_gamemap_page,high,same_worldspace_xy,https://gamemap.uesp.net/sr/?world=skyrim&x=66950&y=-99471&zoom=15,SRC-000423,SN-000123-location-coordinate-dataset.md,Exact UESP Gamemap marker match.
COORD-000008,LOC-000008,OBJ-001965,Arkngthamz,clearable_location,dawnguard,Skyrim,Skyrim,1,skyrim,2283,Arkngthamz (DG),Arkngthamz,8,ArkngthamzMapMarkerRef,33587799,,-139019,-31985,1171,exact_marker,uesp_gamemap_page,high,same_worldspace_xy,https://gamemap.uesp.net/sr/?world=skyrim&x=-139019&y=-31985&zoom=15,SRC-000423,SN-000123-location-coordinate-dataset.md,Exact UESP Gamemap marker match.
COORD-000009,LOC-000009,OBJ-001966,Ashfallow Citadel,clearable_location,base_game,Solstheim,Solstheim,2,solstheim,2529,Ashfallow Citadel,Ashfallow Citadel,6,DLC2AshfallowMapMarker,33637336,,66672,41649,3724,exact_marker,uesp_gamemap_page,high,same_worldspace_xy,https://gamemap.uesp.net/sr/?world=solstheim&x=66672&y=41649&zoom=15,SRC-000423,SN-000123-location-coordinate-dataset.md,Exact UESP Gamemap marker match.
COORD-000010,LOC-000010,OBJ-001967,Autumnshade Clearing,clearable_location,base_game,Skyrim,Skyrim,1,skyrim,81,Autumnshade Clearing,Autumnshade Clearing,23,,90636,,153153,-79512,9559,exact_marker,uesp_gamemap_page,high,same_worldspace_xy,https://gamemap.uesp.net/sr/?world=skyrim&x=153153&y=-79512&zoom=15,SRC-000423,SN-000123-location-coordinate-dataset.md,Exact UESP Gamemap marker match.
COORD-000011,LOC-000011,OBJ-001968,Autumnwatch Tower,clearable_location,base_game,Skyrim,Skyrim,1,skyrim,102,Autumnwatch Tower,Autumnwatch Tower,12,AutumnwatchTowerMapMarker,90675,,84059,-99526,15998,exact_marker,uesp_gamemap_page,high,same_worldspace_xy,https://gamemap.uesp.net/sr/?world=skyrim&x=84059&y=-99526&zoom=15,SRC-000423,SN-000123-location-coordinate-dataset.md,Exact UESP Gamemap marker match.
COORD-000012,LOC-000012,OBJ-001969,Avanchnzel,clearable_location,base_game,Skyrim,Skyrim,1,skyrim,116,Avanchnzel,Avanchnzel,8,MS04AvanchnzelMarker,90637,,122073,-107290,13497,exact_marker,uesp_gamemap_page,high,same_worldspace_xy,https://gamemap.uesp.net/sr/?world=skyrim&x=122073&y=-107290&zoom=15,SRC-000423,SN-000123-location-coordinate-dataset.md,Exact UESP Gamemap marker match.
COORD-000013,LOC-000013,OBJ-001970,Bannermist Tower,clearable_location,base_game,Skyrim,Skyrim,1,skyrim,261,Bannermist Tower,Bannermist Tower,31,,292894,,-57305,-62109,1767,exact_marker,uesp_gamemap_page,high,same_worldspace_xy,https://gamemap.uesp.net/sr/?world=skyrim&x=-57305&y=-62109&zoom=15,SRC-000423,SN-000123-location-coordinate-dataset.md,Exact UESP Gamemap marker match.
COORD-000014,LOC-000014,OBJ-001971,Beast Stone,clearable_location,base_game,Solstheim,Solstheim,2,solstheim,2524,Beast Stone,Beast Stone,55,DLC2StoneBeastMapMarker,33637347,,62811,58376,6558,exact_marker,uesp_gamemap_page,high,same_worldspace_xy,https://gamemap.uesp.net/sr/?world=solstheim&x=62811&y=58376&zoom=15,SRC-000423,SN-000123-location-coordinate-dataset.md,Exact UESP Gamemap marker match.
COORD-000015,LOC-000015,OBJ-001972,Benkongerike,clearable_location,dragonborn,Solstheim,Solstheim,2,solstheim,2548,Benkongerike,Benkongerike,4,,33637310,,48814,80248,7986,exact_marker,uesp_gamemap_page,high,same_worldspace_xy,https://gamemap.uesp.net/sr/?world=solstheim&x=48814&y=80248&zoom=15,SRC-000423,SN-000123-location-coordinate-dataset.md,Exact UESP Gamemap marker match.
COORD-000016,LOC-000016,OBJ-001973,Bilegulch Mine,clearable_location,base_game,Skyrim,Skyrim,1,skyrim,210,Bilegulch Mine,Bilegulch Mine,15,BilegulchMineMapMarker,90741,,-78224,-40254,2932,exact_marker,uesp_gamemap_page,high,same_worldspace_xy,https://gamemap.uesp.net/sr/?world=skyrim&x=-78224&y=-40254&zoom=15,SRC-000423,SN-000123-location-coordinate-dataset.md,Exact UESP Gamemap marker match.
COORD-000017,LOC-000017,OBJ-001974,Bleak Falls Barrow,clearable_location,base_game,Skyrim,Skyrim,1,skyrim,251,Bleak Falls Barrow,Bleak Falls Barrow (place),7,BleakFallsBarrowMapMarkerREF,90674,,1482,-41162,5727,exact_marker,uesp_gamemap_page,high,same_worldspace_xy,https://gamemap.uesp.net/sr/?world=skyrim&x=1482&y=-41162&zoom=15,SRC-000423,SN-000123-location-coordinate-dataset.md,Exact UESP Gamemap marker match.
COORD-000018,LOC-000018,OBJ-001975,Bleakcoast Cave,clearable_location,base_game,Skyrim,Skyrim,1,skyrim,76,Bleakcoast Cave,Bleakcoast Cave,4,,90639,,145834,90932,-13664,exact_marker,uesp_gamemap_page,high,same_worldspace_xy,https://gamemap.uesp.net/sr/?world=skyrim&x=145834&y=90932&zoom=15,SRC-000423,SN-000123-location-coordinate-dataset.md,Exact UESP Gamemap marker match.
COORD-000019,LOC-000019,OBJ-001976,Bleakwind Basin,clearable_location,base_game,Skyrim,Skyrim,1,skyrim,159,Bleakwind Basin,Bleakwind Basin,29,,90641,,1539,1306,-5796,exact_marker,uesp_gamemap_page,high,same_worldspace_xy,https://gamemap.uesp.net/sr/?world=skyrim&x=1539&y=1306&zoom=15,SRC-000423,SN-000123-location-coordinate-dataset.md,Exact UESP Gamemap marker match.
COORD-000020,LOC-000020,OBJ-001977,Bleakwind Bluff,clearable_location,base_game,Skyrim,Skyrim,1,skyrim,262,Bleakwind Bluff,Bleakwind Bluff,31,,767100,,-105457,14530,1251,exact_marker,uesp_gamemap_page,high,same_worldspace_xy,https://gamemap.uesp.net/sr/?world=skyrim&x=-105457&y=14530&zoom=15,SRC-000423,SN-000123-location-coordinate-dataset.md,Exact UESP Gamemap marker match.
COORD-000021,LOC-000021,OBJ-001978,Blind Cliff Cave,clearable_location,base_game,Skyrim,Skyrim,1,skyrim,75,Blind Cliff Cave,Blind Cliff Cave,4,BlindCliffMapMarker,90643,,-141785,23525,-7998,exact_marker,uesp_gamemap_page,high,same_worldspace_xy,https://gamemap.uesp.net/sr/?world=skyrim&x=-141785&y=23525&zoom=15,SRC-000423,SN-000123-location-coordinate-dataset.md,Exact UESP Gamemap marker match.
COORD-000022,LOC-000022,OBJ-001979,Blizzard Rest,clearable_location,base_game,Skyrim,Skyrim,1,skyrim,158,Blizzard Rest,Blizzard Rest,29,,90644,,39160,39375,-8701,exact_marker,uesp_gamemap_page,high,same_worldspace_xy,https://gamemap.uesp.net/sr/?world=skyrim&x=39160&y=39375&zoom=15,SRC-000423,SN-000123-location-coordinate-dataset.md,Exact UESP Gamemap marker match.
COORD-000023,LOC-000023,OBJ-001980,Bloated Man's Grotto,clearable_location,base_game,Skyrim,Skyrim,1,skyrim,74,Bloated Man's Grotto,Bloated Man's Grotto,4,BloatedMansGrottoMapMarker,90645,,-37647,-36967,-3587,exact_marker,uesp_gamemap_page,high,same_worldspace_xy,https://gamemap.uesp.net/sr/?world=skyrim&x=-37647&y=-36967&zoom=15,SRC-000423,SN-000123-location-coordinate-dataset.md,Exact UESP Gamemap marker match.
COORD-000024,LOC-000024,OBJ-001981,Bloodlet Throne,clearable_location,base_game,Skyrim,Skyrim,1,skyrim,122,Bloodlet Throne,Bloodlet Throne,6,BloodletThroneMapMarker,93874,,336,-110710,16024,exact_marker,uesp_gamemap_page,high,same_worldspace_xy,https://gamemap.uesp.net/sr/?world=skyrim&x=336&y=-110710&zoom=15,SRC-000423,SN-000123-location-coordinate-dataset.md,Exact UESP Gamemap marker match.
COORD-000025,LOC-000025,OBJ-001982,Bloodskal Barrow,clearable_location,dragonborn,Skyrim,Solstheim,2,solstheim,2547,Bloodskal Barrow,Bloodskal Barrow,7,,33637311,,26130,46941,1309,exact_marker,uesp_gamemap_page,high,same_worldspace_xy,https://gamemap.uesp.net/sr/?world=solstheim&x=26130&y=46941&zoom=15,SRC-000423,SN-000123-location-coordinate-dataset.md,Exact UESP Gamemap marker match.
COORD-000026,LOC-000026,OBJ-001983,Bonechill Passage,clearable_location,base_game,Skyrim,Skyrim,1,skyrim,10,Bonechill Passage,Bonechill Passage,4,,1038920,,2535,-90975,8741,exact_marker,uesp_gamemap_page,high,same_worldspace_xy,https://gamemap.uesp.net/sr/?world=skyrim&x=2535&y=-90975&zoom=15,SRC-000423,SN-000123-location-coordinate-dataset.md,Exact UESP Gamemap marker match.
COORD-000027,LOC-000027,OBJ-001984,Bonestrewn Crest,clearable_location,base_game,Skyrim,Skyrim,1,skyrim,95,Bonestrewn Crest,Bonestrewn Crest,12,BonestrewnCrestMapMarker,90806,,132783,-12014,-7878,exact_marker,uesp_gamemap_page,high,same_worldspace_xy,https://gamemap.uesp.net/sr/?world=skyrim&x=132783&y=-12014&zoom=15,SRC-000423,SN-000123-location-coordinate-dataset.md,Exact UESP Gamemap marker match.
COORD-000028,LOC-000028,OBJ-001985,Boulderfall Cave,clearable_location,base_game,Skyrim,Skyrim,1,skyrim,12,Boulderfall Cave,Boulderfall Cave,4,,1004248,,145919,-68557,10808,exact_marker,uesp_gamemap_page,high,same_worldspace_xy,https://gamemap.uesp.net/sr/?world=skyrim&x=145919&y=-68557&zoom=15,SRC-000423,SN-000123-location-coordinate-dataset.md,Exact UESP Gamemap marker match.
COORD-000029,LOC-000029,OBJ-001986,Bristleback Cave,clearable_location,dragonborn,Solstheim,Solstheim,2,solstheim,2513,Bristleback Cave,Bristleback Cave,4,,33668168,,18448,83247,583,exact_marker,uesp_gamemap_page,high,same_worldspace_xy,https://gamemap.uesp.net/sr/?world=solstheim&x=18448&y=83247&zoom=15,SRC-000423,SN-000123-location-coordinate-dataset.md,Exact UESP Gamemap marker match.
COORD-000030,LOC-000030,OBJ-001987,Brittleshin Pass,clearable_location,base_game,Skyrim,Skyrim,1,skyrim,376,Brittleshin Pass,Brittleshin Pass,60,,533007,533004,-19494,-49943,1502,multi_marker,uesp_gamemap_page,medium,multi_marker_choose_candidate,https://gamemap.uesp.net/sr/?world=skyrim&x=-19494&y=-49943&zoom=15,SRC-000423,SN-000123-location-coordinate-dataset.md,Multiple equally valid Gamemap markers exist for this catalog row; choose the entrance marker that matches the route leg.
COORD-000031,LOC-000030,OBJ-001987,Brittleshin Pass,clearable_location,base_game,Skyrim,Skyrim,1,skyrim,595,Brittleshin Pass,Brittleshin Pass,60,,532928,532889,-23053,-36143,-4261,multi_marker,uesp_gamemap_page,medium,multi_marker_choose_candidate,https://gamemap.uesp.net/sr/?world=skyrim&x=-23053&y=-36143&zoom=15,SRC-000423,SN-000123-location-coordinate-dataset.md,Multiple equally valid Gamemap markers exist for this catalog row; choose the entrance marker that matches the route leg.
COORD-000032,LOC-000031,OBJ-001988,Brodir Grove,clearable_location,dragonborn,Solstheim,Solstheim,2,solstheim,2546,Brodir Grove,Brodir Grove,11,,33637312,,43753,43975,3880,exact_marker,uesp_gamemap_page,high,same_worldspace_xy,https://gamemap.uesp.net/sr/?world=solstheim&x=43753&y=43975&zoom=15,SRC-000423,SN-000123-location-coordinate-dataset.md,Exact UESP Gamemap marker match.
COORD-000033,LOC-000032,OBJ-001989,Broken Fang Cave,clearable_location,base_game,Skyrim,Skyrim,1,skyrim,72,Broken Fang Cave,Broken Fang Cave,4,BrokenFangCaveMapMarker,90648,,-50832,-14939,-5549,exact_marker,uesp_gamemap_page,high,same_worldspace_xy,https://gamemap.uesp.net/sr/?world=skyrim&x=-50832&y=-14939&zoom=15,SRC-000423,SN-000123-location-coordinate-dataset.md,Exact UESP Gamemap marker match.
COORD-000034,LOC-000033,OBJ-001990,Broken Helm Hollow,clearable_location,base_game,Skyrim,Skyrim,1,skyrim,71,Broken Helm Hollow,Broken Helm Hollow,4,,90649,,191591,-109395,10860,exact_marker,uesp_gamemap_page,high,same_worldspace_xy,https://gamemap.uesp.net/sr/?world=skyrim&x=191591&y=-109395&zoom=15,SRC-000423,SN-000123-location-coordinate-dataset.md,Exact UESP Gamemap marker match.
COORD-000035,LOC-000034,OBJ-001991,Broken Limb Camp,clearable_location,base_game,Skyrim,Skyrim,1,skyrim,148,Broken Limb Camp,Broken Limb Camp,29,,970630,,111748,-14306,-11213,exact_marker,uesp_gamemap_page,high,same_worldspace_xy,https://gamemap.uesp.net/sr/?world=skyrim&x=111748&y=-14306&zoom=15,SRC-000423,SN-000123-location-coordinate-dataset.md,Exact UESP Gamemap marker match.
COORD-000036,LOC-000035,OBJ-001992,Broken Oar Grotto,clearable_location,base_game,Skyrim,Skyrim,1,skyrim,16,Broken Oar Grotto,Broken Oar Grotto,4,,751555,,-66963,141812,-13643,exact_marker,uesp_gamemap_page,high,same_worldspace_xy,https://gamemap.uesp.net/sr/?world=skyrim&x=-66963&y=141812&zoom=15,SRC-000423,SN-000123-location-coordinate-dataset.md,Exact UESP Gamemap marker match.
COORD-000037,LOC-000036,OBJ-001993,Broken Tower Redoubt,clearable_location,base_game,Skyrim,Skyrim,1,skyrim,147,Broken Tower Redoubt,Broken Tower Redoubt,6,BrokenTowerRedoubtMapMarker,90650,,-108568,40085,-5232,exact_marker,uesp_gamemap_page,high,same_worldspace_xy,https://gamemap.uesp.net/sr/?world=skyrim&x=-108568&y=40085&zoom=15,SRC-000423,SN-000123-location-coordinate-dataset.md,Exact UESP Gamemap marker match.
COORD-000038,LOC-000037,OBJ-001994,Broken Tusk Mine,clearable_location,dragonborn,Solstheim,Solstheim,2,solstheim,2531,Broken Tusk Mine,Broken Tusk Mine,15,,33637332,,22621,80019,5247,exact_marker,uesp_gamemap_page,high,same_worldspace_xy,https://gamemap.uesp.net/sr/?world=solstheim&x=22621&y=80019&zoom=15,SRC-000423,SN-000123-location-coordinate-dataset.md,Exact UESP Gamemap marker match.
COORD-000039,LOC-000038,OBJ-001995,Bronze Water Cave,clearable_location,base_game,Skyrim,Skyrim,1,skyrim,20,Bronze Water Cave,Bronze Water Cave,4,,289707,,83829,42748,-8720,exact_marker,uesp_gamemap_page,high,same_worldspace_xy,https://gamemap.uesp.net/sr/?world=skyrim&x=83829&y=42748&zoom=15,SRC-000423,SN-000123-location-coordinate-dataset.md,Exact UESP Gamemap marker match.
COORD-000040,LOC-000039,OBJ-001996,Brood Cavern,clearable_location,base_game,Skyrim,Skyrim,1,skyrim,70,Brood Cavern,Brood Cavern,4,,90651,,-55217,43483,-8381,exact_marker,uesp_gamemap_page,high,same_worldspace_xy,https://gamemap.uesp.net/sr/?world=skyrim&x=-55217&y=43483&zoom=15,SRC-000423,SN-000123-location-coordinate-dataset.md,Exact UESP Gamemap marker match.
COORD-000041,LOC-000040,OBJ-001997,Bruca's Leap Redoubt,clearable_location,base_game,Skyrim,Skyrim,1,skyrim,69,Bruca's Leap Redoubt,Bruca's Leap Redoubt,4,,90652,,-124954,63580,-8980,exact_marker,uesp_gamemap_page,high,same_worldspace_xy,https://gamemap.uesp.net/sr/?world=skyrim&x=-124954&y=63580&zoom=15,SRC-000423,SN-000123-location-coordinate-dataset.md,Exact UESP Gamemap marker match.
COORD-000042,LOC-000041,OBJ-001998,Bthardamz,clearable_location,base_game,Skyrim,Skyrim,1,skyrim,115,Bthardamz,Bthardamz,8,,90653,,-163984,45862,-3776,exact_marker,uesp_gamemap_page,high,same_worldspace_xy,https://gamemap.uesp.net/sr/?world=skyrim&x=-163984&y=45862&zoom=15,SRC-000423,SN-000123-location-coordinate-dataset.md,Exact UESP Gamemap marker match.
COORD-000043,LOC-000042,OBJ-001999,Castle Karstaag Caverns,clearable_location,base_game,Skyrim,Solstheim,2,solstheim,2515,Castle Karstaag Caverns,Castle Karstaag Caverns,4,,33656536,,36832,88320,4627,exact_marker,uesp_gamemap_page,high,same_worldspace_xy,https://gamemap.uesp.net/sr/?world=solstheim&x=36832&y=88320&zoom=15,SRC-000423,SN-000123-location-coordinate-dataset.md,Exact UESP Gamemap marker match.
COORD-000044,LOC-000043,OBJ-002000,Castle Karstaag Ruins,clearable_location,base_game,Skyrim,Solstheim,2,solstheim,2545,Castle Karstaag Ruins,Castle Karstaag Ruins,4,,33637313,,33312,89920,6294,exact_marker,uesp_gamemap_page,high,same_worldspace_xy,https://gamemap.uesp.net/sr/?world=solstheim&x=33312&y=89920&zoom=15,SRC-000423,SN-000123-location-coordinate-dataset.md,Exact UESP Gamemap marker match.
COORD-000045,LOC-000044,OBJ-002001,Chillwind Depths,clearable_location,base_game,Skyrim,Skyrim,1,skyrim,68,Chillwind Depths,Chillwind Depths,4,,90656,,-101071,58377,-11934,exact_marker,uesp_gamemap_page,high,same_worldspace_xy,https://gamemap.uesp.net/sr/?world=skyrim&x=-101071&y=58377&zoom=15,SRC-000423,SN-000123-location-coordinate-dataset.md,Exact UESP Gamemap marker match.
COORD-000046,LOC-000045,OBJ-002002,Clearpine Pond,clearable_location,base_game,Skyrim,Skyrim,1,skyrim,80,Clearpine Pond,Clearpine Pond,23,,90658,,-108572,96025,-7681,exact_marker,uesp_gamemap_page,high,same_worldspace_xy,https://gamemap.uesp.net/sr/?world=skyrim&x=-108572&y=96025&zoom=15,SRC-000423,SN-000123-location-coordinate-dataset.md,Exact UESP Gamemap marker match.
COORD-000047,LOC-000046,OBJ-002003,Clearspring Tarn,clearable_location,base_game,Skyrim,Skyrim,1,skyrim,79,Clearspring Tarn,Clearspring Tarn,23,,90659,,133093,-54772,9103,exact_marker,uesp_gamemap_page,high,same_worldspace_xy,https://gamemap.uesp.net/sr/?world=skyrim&x=133093&y=-54772&zoom=15,SRC-000423,SN-000123-location-coordinate-dataset.md,Exact UESP Gamemap marker match.
COORD-000048,LOC-000047,OBJ-002004,Cold Rock Pass,clearable_location,base_game,Skyrim,Skyrim,1,skyrim,672,Cold Rock Pass,Cold Rock Pass,60,,347422,347427,-47001,32622,-1892,multi_marker,uesp_gamemap_page,medium,multi_marker_choose_candidate,https://gamemap.uesp.net/sr/?world=skyrim&x=-47001&y=32622&zoom=15,SRC-000423,SN-000123-location-coordinate-dataset.md,Multiple equally valid Gamemap markers exist for this catalog row; choose the entrance marker that matches the route leg.
COORD-000049,LOC-000047,OBJ-002004,Cold Rock Pass,clearable_location,base_game,Skyrim,Skyrim,1,skyrim,903,Cold Rock Pass,Cold Rock Pass,60,,347485,347482,-47612,37134,-2948,multi_marker,uesp_gamemap_page,medium,multi_marker_choose_candidate,https://gamemap.uesp.net/sr/?world=skyrim&x=-47612&y=37134&zoom=15,SRC-000423,SN-000123-location-coordinate-dataset.md,Multiple equally valid Gamemap markers exist for this catalog row; choose the entrance marker that matches the route leg.
COORD-000050,LOC-000048,OBJ-002005,Coldcinder Cave,clearable_location,base_game,Skyrim,Solstheim,2,solstheim,2558,Coldcinder Cave,Coldcinder Cave,60,,33784148,33789376,35450,30960,2011,exact_marker,uesp_gamemap_page,high,same_worldspace_xy,https://gamemap.uesp.net/sr/?world=solstheim&x=35450&y=30960&zoom=15,SRC-000423,SN-000123-location-coordinate-dataset.md,Exact UESP Gamemap marker match.
COORD-000051,LOC-000049,OBJ-002006,Cracked Tusk Keep,clearable_location,base_game,Skyrim,Skyrim,1,skyrim,132,Cracked Tusk Keep,Cracked Tusk Keep,6,CrackedTuskMapMarker,90715,,-55070,-87686,-2352,exact_marker,uesp_gamemap_page,high,same_worldspace_xy,https://gamemap.uesp.net/sr/?world=skyrim&x=-55070&y=-87686&zoom=15,SRC-000423,SN-000123-location-coordinate-dataset.md,Exact UESP Gamemap marker match.
COORD-000052,LOC-000050,OBJ-002007,Cradle Stone Tower,clearable_location,base_game,Skyrim,Skyrim,1,skyrim,267,Cradle Stone Tower,Cradle Stone Tower,31,,730017,,-99713,-33861,2535,exact_marker,uesp_gamemap_page,high,same_worldspace_xy,https://gamemap.uesp.net/sr/?world=skyrim&x=-99713&y=-33861&zoom=15,SRC-000423,SN-000123-location-coordinate-dataset.md,Exact UESP Gamemap marker match.
COORD-000053,LOC-000051,OBJ-002008,Cradlecrush Rock,clearable_location,base_game,Skyrim,Skyrim,1,skyrim,157,Cradlecrush Rock,Cradlecrush Rock,29,,90661,,92382,-5393,-8357,exact_marker,uesp_gamemap_page,high,same_worldspace_xy,https://gamemap.uesp.net/sr/?world=skyrim&x=92382&y=-5393&zoom=15,SRC-000423,SN-000123-location-coordinate-dataset.md,Exact UESP Gamemap marker match.
COORD-000054,LOC-000052,OBJ-002009,Cragslane Cavern,clearable_location,base_game,Skyrim,Skyrim,1,skyrim,67,Cragslane Cavern,Cragslane Cavern,4,,90662,,167054,-34010,-1630,exact_marker,uesp_gamemap_page,high,same_worldspace_xy,https://gamemap.uesp.net/sr/?world=skyrim&x=167054&y=-34010&zoom=15,SRC-000423,SN-000123-location-coordinate-dataset.md,Exact UESP Gamemap marker match.
COORD-000055,LOC-000053,OBJ-002010,Cragwallow Slope,clearable_location,base_game,Skyrim,Skyrim,1,skyrim,66,Cragwallow Slope,Cragwallow Slope,4,,90663,,155934,-2258,-6263,exact_marker,uesp_gamemap_page,high,same_worldspace_xy,https://gamemap.uesp.net/sr/?world=skyrim&x=155934&y=-2258&zoom=15,SRC-000423,SN-000123-location-coordinate-dataset.md,Exact UESP Gamemap marker match.
COORD-000056,LOC-000054,OBJ-002011,Cronvangr Cave,clearable_location,base_game,Skyrim,Skyrim,1,skyrim,65,Cronvangr Cave,Cronvangr Cave,4,,90664,,119818,-5294,-11938,exact_marker,uesp_gamemap_page,high,same_worldspace_xy,https://gamemap.uesp.net/sr/?world=skyrim&x=119818&y=-5294&zoom=15,SRC-000423,SN-000123-location-coordinate-dataset.md,Exact UESP Gamemap marker match.
COORD-000057,LOC-000055,OBJ-002012,Crystaldrift Cave,clearable_location,base_game,Skyrim,Skyrim,1,skyrim,64,Crystaldrift Cave,Crystaldrift Cave,4,,90665,,161077,-119789,11427,exact_marker,uesp_gamemap_page,high,same_worldspace_xy,https://gamemap.uesp.net/sr/?world=skyrim&x=161077&y=-119789&zoom=15,SRC-000423,SN-000123-location-coordinate-dataset.md,Exact UESP Gamemap marker match.
COORD-000058,LOC-000056,OBJ-002013,Dainty Sload,clearable_location,base_game,Skyrim,Skyrim,1,skyrim,305,Dainty Sload,Dainty Sload,9,DaintySloadMapMarker,506925,,-51840,122304,-13680,exact_marker,uesp_gamemap_page,high,same_worldspace_xy,https://gamemap.uesp.net/sr/?world=skyrim&x=-51840&y=122304&zoom=15,SRC-000423,SN-000123-location-coordinate-dataset.md,Exact UESP Gamemap marker match.
COORD-000059,LOC-000057,OBJ-002014,Damphall Mine,clearable_location,base_game,Skyrim,Solstheim,2,solstheim,2511,Damphall Mine,Damphall Mine,15,,33724126,,25738,55271,2689,exact_marker,uesp_gamemap_page,high,same_worldspace_xy,https://gamemap.uesp.net/sr/?world=solstheim&x=25738&y=55271&zoom=15,SRC-000423,SN-000123-location-coordinate-dataset.md,Exact UESP Gamemap marker match.
COORD-000060,LOC-000058,OBJ-002015,Darklight Tower,clearable_location,base_game,Skyrim,Skyrim,1,skyrim,146,Darklight Tower,Darklight Tower,6,DarklightTowerMapMarker,90666,,149285,-115997,12543,exact_marker,uesp_gamemap_page,high,same_worldspace_xy,https://gamemap.uesp.net/sr/?world=skyrim&x=149285&y=-115997&zoom=15,SRC-000423,SN-000123-location-coordinate-dataset.md,Exact UESP Gamemap marker match.
COORD-000061,LOC-000059,OBJ-002016,Darkshade,clearable_location,base_game,Skyrim,Skyrim,1,skyrim,18,Darkshade,Darkshade,4,,745542,,81788,-1866,-9604,exact_marker,uesp_gamemap_page,high,same_worldspace_xy,https://gamemap.uesp.net/sr/?world=skyrim&x=81788&y=-1866&zoom=15,SRC-000423,SN-000123-location-coordinate-dataset.md,Exact UESP Gamemap marker match.
COORD-000062,LOC-000060,OBJ-002017,Darkwater Pass,clearable_location,base_game,Skyrim,Skyrim,1,skyrim,63,Darkwater Pass,Darkwater Pass,4,,90668,,113334,-46458,-6516,exact_marker,uesp_gamemap_page,high,same_worldspace_xy,https://gamemap.uesp.net/sr/?world=skyrim&x=113334&y=-46458&zoom=15,SRC-000423,SN-000123-location-coordinate-dataset.md,Exact UESP Gamemap marker match.
COORD-000063,LOC-000061,OBJ-002018,Dead Crone Rock,clearable_location,base_game,Skyrim,Skyrim,1,skyrim,266,Dead Crone Rock,Dead Crone Rock,31,DeadCroneRockMapMarkerREF,90669,,-180420,-19104,6589,exact_marker,uesp_gamemap_page,high,same_worldspace_xy,https://gamemap.uesp.net/sr/?world=skyrim&x=-180420&y=-19104&zoom=15,SRC-000423,SN-000123-location-coordinate-dataset.md,Exact UESP Gamemap marker match.
COORD-000064,LOC-000062,OBJ-002019,Dead Men's Respite,clearable_location,base_game,Skyrim,Skyrim,1,skyrim,253,Dead Men's Respite,Dead Men's Respite,7,,90670,,-67284,52918,-10688,exact_marker,uesp_gamemap_page,high,same_worldspace_xy,https://gamemap.uesp.net/sr/?world=skyrim&x=-67284&y=52918&zoom=15,SRC-000423,SN-000123-location-coordinate-dataset.md,Exact UESP Gamemap marker match.
COORD-000065,LOC-000063,OBJ-002020,Deepwood Redoubt,clearable_location,base_game,Skyrim,Skyrim,1,skyrim,252,Deepwood Redoubt,Deepwood Redoubt,7,DeepwoodRedoubtMapMarker,90671,,-132982,80261,-4937,exact_marker,uesp_gamemap_page,high,same_worldspace_xy,https://gamemap.uesp.net/sr/?world=skyrim&x=-132982&y=80261&zoom=15,SRC-000423,SN-000123-location-coordinate-dataset.md,Exact UESP Gamemap marker match.
COORD-000066,LOC-000064,OBJ-002021,Dimhollow Crypt,clearable_location,dawnguard,Skyrim,Skyrim,1,skyrim,2285,Dimhollow Crypt (DG),Dimhollow Crypt,4,,33566575,,5445,64838,-4945,exact_marker,uesp_gamemap_page,high,same_worldspace_xy,https://gamemap.uesp.net/sr/?world=skyrim&x=5445&y=64838&zoom=15,SRC-000423,SN-000123-location-coordinate-dataset.md,Exact UESP Gamemap marker match.
COORD-000067,LOC-000065,OBJ-002022,Dragon Bridge Overlook,clearable_location,base_game,Skyrim,Skyrim,1,skyrim,8,Dragon Bridge Overlook,Dragon Bridge Overlook,5,,730003,,-104248,68533,-7768,exact_marker,uesp_gamemap_page,high,same_worldspace_xy,https://gamemap.uesp.net/sr/?world=skyrim&x=-104248&y=68533&zoom=15,SRC-000423,SN-000123-location-coordinate-dataset.md,Exact UESP Gamemap marker match.
COORD-000068,LOC-000066,OBJ-002023,Dragontooth Crater,clearable_location,base_game,Skyrim,Skyrim,1,skyrim,104,Dragontooth Crater,Dragontooth Crater,12,DragontoothCraterMapMarker,90672,,-141732,50230,-3654,exact_marker,uesp_gamemap_page,high,same_worldspace_xy,https://gamemap.uesp.net/sr/?world=skyrim&x=-141732&y=50230&zoom=15,SRC-000423,SN-000123-location-coordinate-dataset.md,Exact UESP Gamemap marker match.
COORD-000069,LOC-000067,OBJ-002024,Drelas' Cottage,clearable_location,base_game,Skyrim,Skyrim,1,skyrim,293,Drelas' Cottage,Drelas' Cottage,30,,943789,,-30649,26970,-4338,exact_marker,uesp_gamemap_page,high,same_worldspace_xy,https://gamemap.uesp.net/sr/?world=skyrim&x=-30649&y=26970&zoom=15,SRC-000423,SN-000123-location-coordinate-dataset.md,Exact UESP Gamemap marker match.
COORD-000070,LOC-000068,OBJ-002025,Driftshade Refuge,clearable_location,base_game,Skyrim,Skyrim,1,skyrim,145,Driftshade Refuge,Driftshade Refuge,6,DriftshadeSanctuaryMapMarker,90683,,55737,79560,-5016,exact_marker,uesp_gamemap_page,high,same_worldspace_xy,https://gamemap.uesp.net/sr/?world=skyrim&x=55737&y=79560&zoom=15,SRC-000423,SN-000123-location-coordinate-dataset.md,Exact UESP Gamemap marker match.
COORD-000071,LOC-000069,OBJ-002026,Druadach Redoubt,clearable_location,base_game,Skyrim,Skyrim,1,skyrim,6,Druadach Redoubt,Druadach Redoubt,5,DruadachRedoubtMapMarker,90684,,-153780,58855,-5961,exact_marker,uesp_gamemap_page,high,same_worldspace_xy,https://gamemap.uesp.net/sr/?world=skyrim&x=-153780&y=58855&zoom=15,SRC-000423,SN-000123-location-coordinate-dataset.md,Exact UESP Gamemap marker match.
COORD-000072,LOC-000070,OBJ-002027,Duskglow Crevice,clearable_location,base_game,Skyrim,Skyrim,1,skyrim,61,Duskglow Crevice,Duskglow Crevice,4,,90687,,46034,59379,-7432,exact_marker,uesp_gamemap_page,high,same_worldspace_xy,https://gamemap.uesp.net/sr/?world=skyrim&x=46034&y=59379&zoom=15,SRC-000423,SN-000123-location-coordinate-dataset.md,Exact UESP Gamemap marker match.
COORD-000073,LOC-000071,OBJ-002028,Dustman's Cairn,clearable_location,base_game,Skyrim,Skyrim,1,skyrim,225,Dustman's Cairn,Dustman's Cairn,7,,1006477,,-17461,18255,-6247,exact_marker,uesp_gamemap_page,high,same_worldspace_xy,https://gamemap.uesp.net/sr/?world=skyrim&x=-17461&y=18255&zoom=15,SRC-000423,SN-000123-location-coordinate-dataset.md,Exact UESP Gamemap marker match.
COORD-000074,LOC-000072,OBJ-002029,Earth Stone,clearable_location,base_game,Solstheim,Solstheim,2,solstheim,2523,Earth Stone,Earth Stone,55,DLC2StoneEarthMapMarker,33637348,,22958,30935,755,exact_marker,uesp_gamemap_page,high,same_worldspace_xy,https://gamemap.uesp.net/sr/?world=solstheim&x=22958&y=30935&zoom=15,SRC-000423,SN-000123-location-coordinate-dataset.md,Exact UESP Gamemap marker match.
COORD-000075,LOC-000073,OBJ-002030,Eldersblood Peak,clearable_location,base_game,Skyrim,Skyrim,1,skyrim,98,Eldersblood Peak,Eldersblood Peak,12,EldersbloodPeakMapMarker,90680,,-41375,35964,2602,exact_marker,uesp_gamemap_page,high,same_worldspace_xy,https://gamemap.uesp.net/sr/?world=skyrim&x=-41375&y=35964&zoom=15,SRC-000423,SN-000123-location-coordinate-dataset.md,Exact UESP Gamemap marker match.
COORD-000076,LOC-000074,OBJ-002031,Embershard Mine,clearable_location,base_game,Skyrim,Skyrim,1,skyrim,205,Embershard Mine,Embershard Mine,15,EmbershardMineMapMarker,748767,,8249,-57383,1491,exact_marker,uesp_gamemap_page,high,same_worldspace_xy,https://gamemap.uesp.net/sr/?world=skyrim&x=8249&y=-57383&zoom=15,SRC-000423,SN-000123-location-coordinate-dataset.md,Exact UESP Gamemap marker match.
COORD-000077,LOC-000075,OBJ-002032,Evergreen Grove,clearable_location,base_game,Skyrim,Skyrim,1,skyrim,163,Evergreen Grove,Evergreen Grove,10,,90689,,-51018,-67845,-892,exact_marker,uesp_gamemap_page,high,same_worldspace_xy,https://gamemap.uesp.net/sr/?world=skyrim&x=-51018&y=-67845&zoom=15,SRC-000423,SN-000123-location-coordinate-dataset.md,Exact UESP Gamemap marker match.
COORD-000078,LOC-000076,OBJ-002033,Fahlbtharz,clearable_location,base_game,Skyrim,Solstheim,2,solstheim,2544,Fahlbtharz,Fahlbtharz,8,,33637314,,30921,65460,9474,exact_marker,uesp_gamemap_page,high,same_worldspace_xy,https://gamemap.uesp.net/sr/?world=solstheim&x=30921&y=65460&zoom=15,SRC-000423,SN-000123-location-coordinate-dataset.md,Exact UESP Gamemap marker match.
COORD-000079,LOC-000077,OBJ-002034,Faldar's Tooth,clearable_location,base_game,Skyrim,Skyrim,1,skyrim,144,Faldar's Tooth,Faldar's Tooth,6,,90690,,145744,-92383,12445,exact_marker,uesp_gamemap_page,high,same_worldspace_xy,https://gamemap.uesp.net/sr/?world=skyrim&x=145744&y=-92383&zoom=15,SRC-000423,SN-000123-location-coordinate-dataset.md,Exact UESP Gamemap marker match.
COORD-000080,LOC-000078,OBJ-002035,Falkreath Watchtower,clearable_location,base_game,Skyrim,Skyrim,1,skyrim,185,Falkreath Watchtower,Falkreath Watchtower,22,,293004,,-35219,-72845,1475,exact_marker,uesp_gamemap_page,high,same_worldspace_xy,https://gamemap.uesp.net/sr/?world=skyrim&x=-35219&y=-72845&zoom=15,SRC-000423,SN-000123-location-coordinate-dataset.md,Exact UESP Gamemap marker match.
COORD-000081,LOC-000079,OBJ-002036,Fallowstone Cave,clearable_location,base_game,Skyrim,Skyrim,1,skyrim,60,Fallowstone Cave,Fallowstone Cave,4,,90691,,193225,-84050,10682,exact_marker,uesp_gamemap_page,high,same_worldspace_xy,https://gamemap.uesp.net/sr/?world=skyrim&x=193225&y=-84050&zoom=15,SRC-000423,SN-000123-location-coordinate-dataset.md,Exact UESP Gamemap marker match.
COORD-000082,LOC-000080,OBJ-002037,Fellglow Keep,clearable_location,base_game,Skyrim,Skyrim,1,skyrim,143,Fellglow Keep,Fellglow Keep,6,FellglowKeepMapMarkerRef,90692,,63808,9247,-818,exact_marker,uesp_gamemap_page,high,same_worldspace_xy,https://gamemap.uesp.net/sr/?world=skyrim&x=63808&y=9247&zoom=15,SRC-000423,SN-000123-location-coordinate-dataset.md,Exact UESP Gamemap marker match.
COORD-000083,LOC-000081,OBJ-002038,Folgunthur,clearable_location,base_game,Skyrim,Skyrim,1,skyrim,250,Folgunthur,Folgunthur,7,,90694,,-47867,91437,-13389,exact_marker,uesp_gamemap_page,high,same_worldspace_xy,https://gamemap.uesp.net/sr/?world=skyrim&x=-47867&y=91437&zoom=15,SRC-000423,SN-000123-location-coordinate-dataset.md,Exact UESP Gamemap marker match.
COORD-000084,LOC-000082,OBJ-002039,Forelhost,clearable_location,base_game,Skyrim,Skyrim,1,skyrim,249,Forelhost,Forelhost,7,,90695,,184396,-113417,18674,exact_marker,uesp_gamemap_page,high,same_worldspace_xy,https://gamemap.uesp.net/sr/?world=skyrim&x=184396&y=-113417&zoom=15,SRC-000423,SN-000123-location-coordinate-dataset.md,Exact UESP Gamemap marker match.
COORD-000085,LOC-000083,OBJ-002040,Forsaken Cave,clearable_location,base_game,Skyrim,Skyrim,1,skyrim,59,Forsaken Cave,Forsaken Cave,4,ForsakenCaveMapMarker,90696,,87223,50364,-6457,exact_marker,uesp_gamemap_page,high,same_worldspace_xy,https://gamemap.uesp.net/sr/?world=skyrim&x=87223&y=50364&zoom=15,SRC-000423,SN-000123-location-coordinate-dataset.md,Exact UESP Gamemap marker match.
COORD-000086,LOC-000084,OBJ-002041,Fort Fellhammer,clearable_location,base_game,Skyrim,Skyrim,1,skyrim,139,Fort Fellhammer,Fort Fellhammer,6,,90700,,42939,70897,-8815,exact_marker,uesp_gamemap_page,high,same_worldspace_xy,https://gamemap.uesp.net/sr/?world=skyrim&x=42939&y=70897&zoom=15,SRC-000423,SN-000123-location-coordinate-dataset.md,Exact UESP Gamemap marker match.
COORD-000087,LOC-000085,OBJ-002042,Fort Frostmoth,clearable_location,dragonborn,Solstheim,Solstheim,2,solstheim,2542,Fort Frostmoth,Fort Frostmoth,6,DLC2FrostmothMapMarkerRef,33637316,,52459,23940,1704,exact_marker,uesp_gamemap_page,high,same_worldspace_xy,https://gamemap.uesp.net/sr/?world=solstheim&x=52459&y=23940&zoom=15,SRC-000423,SN-000123-location-coordinate-dataset.md,Exact UESP Gamemap marker match.
COORD-000088,LOC-000086,OBJ-002043,Four Skull Lookout,clearable_location,base_game,Skyrim,Skyrim,1,skyrim,219,Four Skull Lookout,Four Skull Lookout,32,,730023,,-132700,22432,-4205,exact_marker,uesp_gamemap_page,high,same_worldspace_xy,https://gamemap.uesp.net/sr/?world=skyrim&x=-132700&y=22432&zoom=15,SRC-000423,SN-000123-location-coordinate-dataset.md,Exact UESP Gamemap marker match.
COORD-000089,LOC-000087,OBJ-002044,Frossel,clearable_location,base_game,Skyrim,Solstheim,2,solstheim,2541,Frossel,Frossel,4,,33637317,,73271,84589,336,exact_marker,uesp_gamemap_page,high,same_worldspace_xy,https://gamemap.uesp.net/sr/?world=solstheim&x=73271&y=84589&zoom=15,SRC-000423,SN-000123-location-coordinate-dataset.md,Exact UESP Gamemap marker match.
COORD-000090,LOC-000088,OBJ-002045,Frostflow Lighthouse,clearable_location,base_game,Skyrim,Skyrim,1,skyrim,200,Frostflow Lighthouse,Frostflow Lighthouse,27,,90707,,64340,88971,-4945,exact_marker,uesp_gamemap_page,high,same_worldspace_xy,https://gamemap.uesp.net/sr/?world=skyrim&x=64340&y=88971&zoom=15,SRC-000423,SN-000123-location-coordinate-dataset.md,Exact UESP Gamemap marker match.
COORD-000091,LOC-000089,OBJ-002046,Frostmere Crypt,clearable_location,base_game,Skyrim,Skyrim,1,skyrim,236,Frostmere Crypt,Frostmere Crypt,7,PalemoonCryptMapMarker,90818,,10242,71188,-9632,exact_marker,uesp_gamemap_page,high,same_worldspace_xy,https://gamemap.uesp.net/sr/?world=skyrim&x=10242&y=71188&zoom=15,SRC-000423,SN-000123-location-coordinate-dataset.md,Exact UESP Gamemap marker match.
COORD-000092,LOC-000090,OBJ-002047,Frostmoon Crag,clearable_location,base_game,Skyrim,Solstheim,2,solstheim,2532,Frostmoon Crag,Frostmoon Crag,4,DLC2FrostmoonCragMapMarker,33637329,,41569,57139,6832,exact_marker,uesp_gamemap_page,high,same_worldspace_xy,https://gamemap.uesp.net/sr/?world=solstheim&x=41569&y=57139&zoom=15,SRC-000423,SN-000123-location-coordinate-dataset.md,Exact UESP Gamemap marker match.
COORD-000093,LOC-000091,OBJ-002048,Gallows Rock,clearable_location,base_game,Skyrim,Skyrim,1,skyrim,133,Gallows Rock,Gallows Rock,6,GallowsRockMapMarker,90708,,100514,5878,-7900,exact_marker,uesp_gamemap_page,high,same_worldspace_xy,https://gamemap.uesp.net/sr/?world=skyrim&x=100514&y=5878&zoom=15,SRC-000423,SN-000123-location-coordinate-dataset.md,Exact UESP Gamemap marker match.
COORD-000094,LOC-000092,OBJ-002049,Geirmund's Hall,clearable_location,base_game,Skyrim,Skyrim,1,skyrim,248,Geirmund's Hall,Geirmund's Hall,7,GeirmundsHallMapMarker,90709,,89473,-64541,11002,exact_marker,uesp_gamemap_page,high,same_worldspace_xy,https://gamemap.uesp.net/sr/?world=skyrim&x=89473&y=-64541&zoom=15,SRC-000423,SN-000123-location-coordinate-dataset.md,Exact UESP Gamemap marker match.
COORD-000095,LOC-000093,OBJ-002050,Giant's Grove,secondary_marker,base_game,Skyrim,Skyrim,1,skyrim,164,Giant's Grove,Giant's Grove,10,,862391,,217802,-90193,1917,exact_marker,uesp_gamemap_page,high,same_worldspace_xy,https://gamemap.uesp.net/sr/?world=skyrim&x=217802&y=-90193&zoom=15,SRC-000423,SN-000123-location-coordinate-dataset.md,Exact UESP Gamemap marker match.
COORD-000096,LOC-000094,OBJ-002051,Glacial Cave,clearable_location,dragonborn,Skyrim,Solstheim,2,solstheim,2530,Glacial Cave,Glacial Cave,4,,33637335,,46899,92687,340,exact_marker,uesp_gamemap_page,high,same_worldspace_xy,https://gamemap.uesp.net/sr/?world=solstheim&x=46899&y=92687&zoom=15,SRC-000423,SN-000123-location-coordinate-dataset.md,Exact UESP Gamemap marker match.
COORD-000097,LOC-000095,OBJ-002052,Glenmoril Coven,clearable_location,base_game,Skyrim,Skyrim,1,skyrim,57,Glenmoril Coven,Glenmoril Coven,4,GlenmorilCovenMapMarker,90711,,-78690,-55425,4238,exact_marker,uesp_gamemap_page,high,same_worldspace_xy,https://gamemap.uesp.net/sr/?world=skyrim&x=-78690&y=-55425&zoom=15,SRC-000423,SN-000123-location-coordinate-dataset.md,Exact UESP Gamemap marker match.
COORD-000098,LOC-000096,OBJ-002053,Gloomreach,clearable_location,base_game,Skyrim,Skyrim,1,skyrim,56,Gloomreach,Gloomreach,4,,90712,,-100254,-24966,-5282,exact_marker,uesp_gamemap_page,high,same_worldspace_xy,https://gamemap.uesp.net/sr/?world=skyrim&x=-100254&y=-24966&zoom=15,SRC-000423,SN-000123-location-coordinate-dataset.md,Exact UESP Gamemap marker match.
COORD-000099,LOC-000097,OBJ-002054,Graywinter Watch,clearable_location,base_game,Skyrim,Skyrim,1,skyrim,55,Graywinter Watch,Graywinter Watch,4,GraywinterWatchMapMarker,90713,,49824,-2452,-2804,exact_marker,uesp_gamemap_page,high,same_worldspace_xy,https://gamemap.uesp.net/sr/?world=skyrim&x=49824&y=-2452&zoom=15,SRC-000423,SN-000123-location-coordinate-dataset.md,Exact UESP Gamemap marker match.
COORD-000100,LOC-000098,OBJ-002055,Greenspring Hollow,clearable_location,base_game,Skyrim,Skyrim,1,skyrim,162,Greenspring Hollow,Greenspring Hollow,10,,90729,,-27124,15156,-6970,exact_marker,uesp_gamemap_page,high,same_worldspace_xy,https://gamemap.uesp.net/sr/?world=skyrim&x=-27124&y=15156&zoom=15,SRC-000423,SN-000123-location-coordinate-dataset.md,Exact UESP Gamemap marker match.
COORD-000101,LOC-000099,OBJ-002056,Greywater Grotto,clearable_location,base_game,Skyrim,Skyrim,1,skyrim,54,Greywater Grotto,Greywater Grotto,4,,90714,,14989,-90292,10790,exact_marker,uesp_gamemap_page,high,same_worldspace_xy,https://gamemap.uesp.net/sr/?world=skyrim&x=14989&y=-90292&zoom=15,SRC-000423,SN-000123-location-coordinate-dataset.md,Exact UESP Gamemap marker match.
COORD-000102,LOC-000100,OBJ-002057,Guldun Rock,clearable_location,base_game,Skyrim,Skyrim,1,skyrim,155,Guldun Rock,Guldun Rock,29,,90716,,72851,-10226,-369,exact_marker,uesp_gamemap_page,high,same_worldspace_xy,https://gamemap.uesp.net/sr/?world=skyrim&x=72851&y=-10226&zoom=15,SRC-000423,SN-000123-location-coordinate-dataset.md,Exact UESP Gamemap marker match.
COORD-000103,LOC-000101,OBJ-002058,Gyldenhul Barrow,clearable_location,base_game,Skyrim,Solstheim,2,solstheim,2540,Gyldenhul Barrow,Gyldenhul Barrow,7,DLC2GyldenhulBarrowMapMarker,33637318,,84516,72408,507,exact_marker,uesp_gamemap_page,high,same_worldspace_xy,https://gamemap.uesp.net/sr/?world=solstheim&x=84516&y=72408&zoom=15,SRC-000423,SN-000123-location-coordinate-dataset.md,Exact UESP Gamemap marker match.
COORD-000104,LOC-000102,OBJ-002059,Haemar's Shame,clearable_location,base_game,Skyrim,Skyrim,1,skyrim,53,Haemar's Shame,Haemar's Shame,4,HaemarsShameMapMarkerREF,90717,,54740,-81396,15405,exact_marker,uesp_gamemap_page,high,same_worldspace_xy,https://gamemap.uesp.net/sr/?world=skyrim&x=54740&y=-81396&zoom=15,SRC-000423,SN-000123-location-coordinate-dataset.md,Exact UESP Gamemap marker match.
COORD-000105,LOC-000103,OBJ-002060,Hag Rock Redoubt,clearable_location,base_game,Skyrim,Skyrim,1,skyrim,247,Hag Rock Redoubt,Hag Rock Redoubt,7,HagRockRedoubtMapMarker,90718,,-173318,-17116,4319,exact_marker,uesp_gamemap_page,high,same_worldspace_xy,https://gamemap.uesp.net/sr/?world=skyrim&x=-173318&y=-17116&zoom=15,SRC-000423,SN-000123-location-coordinate-dataset.md,Exact UESP Gamemap marker match.
COORD-000106,LOC-000104,OBJ-002061,Hag's End,clearable_location,base_game,Skyrim,Skyrim,1,skyrim,258,Hag's End,Hag's End,7,,90719,,-123923,79920,-2292,exact_marker,uesp_gamemap_page,high,same_worldspace_xy,https://gamemap.uesp.net/sr/?world=skyrim&x=-123923&y=79920&zoom=15,SRC-000423,SN-000123-location-coordinate-dataset.md,Exact UESP Gamemap marker match.
COORD-000107,LOC-000105,OBJ-002062,Haknir's Shoal,clearable_location,dragonborn,Solstheim,Solstheim,2,solstheim,2553,Haknir's Shoal,Haknir's Shoal,5,DLC2HankirsShoalMapMarker,33637333,,67552,82272,313,exact_marker,uesp_gamemap_page,high,same_worldspace_xy,https://gamemap.uesp.net/sr/?world=solstheim&x=67552&y=82272&zoom=15,SRC-000423,SN-000123-location-coordinate-dataset.md,Exact UESP Gamemap marker match.
COORD-000108,LOC-000106,OBJ-002063,Hall of the Vigilant,clearable_location,base_game,Skyrim,Skyrim,1,skyrim,303,Hall of the Vigilant,Hall of the Vigilant,30,HalloftheVigilantMapMarker,799786,,20038,67242,-8124,exact_marker,uesp_gamemap_page,high,same_worldspace_xy,https://gamemap.uesp.net/sr/?world=skyrim&x=20038&y=67242&zoom=15,SRC-000423,SN-000123-location-coordinate-dataset.md,Exact UESP Gamemap marker match.
COORD-000109,LOC-000107,OBJ-002064,Halldir's Cairn,clearable_location,base_game,Skyrim,Skyrim,1,skyrim,52,Halldir's Cairn,Halldir's Cairn,4,,90720,,-42999,-96533,137,exact_marker,uesp_gamemap_page,high,same_worldspace_xy,https://gamemap.uesp.net/sr/?world=skyrim&x=-42999&y=-96533&zoom=15,SRC-000423,SN-000123-location-coordinate-dataset.md,Exact UESP Gamemap marker match.
COORD-000110,LOC-000108,OBJ-002065,Halted Stream Camp,clearable_location,base_game,Skyrim,Skyrim,1,skyrim,5,Halted Stream Camp,Halted Stream Camp,5,HaltedStreamCampMapMarker,90721,,16500,18919,-4177,exact_marker,uesp_gamemap_page,high,same_worldspace_xy,https://gamemap.uesp.net/sr/?world=skyrim&x=16500&y=18919&zoom=15,SRC-000423,SN-000123-location-coordinate-dataset.md,Exact UESP Gamemap marker match.
COORD-000111,LOC-000109,OBJ-002066,Hamvir's Rest,clearable_location,base_game,Skyrim,Skyrim,1,skyrim,216,Hamvir's Rest,Hamvir's Rest,32,,976796,,-18760,21080,-6529,exact_marker,uesp_gamemap_page,high,same_worldspace_xy,https://gamemap.uesp.net/sr/?world=skyrim&x=-18760&y=21080&zoom=15,SRC-000423,SN-000123-location-coordinate-dataset.md,Exact UESP Gamemap marker match.
COORD-000112,LOC-000110,OBJ-002067,Harmugstahl,clearable_location,base_game,Skyrim,Skyrim,1,skyrim,131,Harmugstahl,Harmugstahl,6,,90722,,-137142,55392,-7763,exact_marker,uesp_gamemap_page,high,same_worldspace_xy,https://gamemap.uesp.net/sr/?world=skyrim&x=-137142&y=55392&zoom=15,SRC-000423,SN-000123-location-coordinate-dataset.md,Exact UESP Gamemap marker match.
COORD-000113,LOC-000111,OBJ-002068,Headwaters of Harstrad,clearable_location,dragonborn,Solstheim,Solstheim,2,solstheim,2507,Headwaters of Harstrad,Headwaters of Harstrad,23,,33791894,,54028,77964,4062,exact_marker,uesp_gamemap_page,high,same_worldspace_xy,https://gamemap.uesp.net/sr/?world=solstheim&x=54028&y=77964&zoom=15,SRC-000423,SN-000123-location-coordinate-dataset.md,Exact UESP Gamemap marker match.
COORD-000114,LOC-000112,OBJ-002069,High Gate Ruins,clearable_location,base_game,Skyrim,Skyrim,1,skyrim,246,High Gate Ruins,High Gate Ruins,7,,90723,,-19008,106130,-12635,exact_marker,uesp_gamemap_page,high,same_worldspace_xy,https://gamemap.uesp.net/sr/?world=skyrim&x=-19008&y=106130&zoom=15,SRC-000423,SN-000123-location-coordinate-dataset.md,Exact UESP Gamemap marker match.
COORD-000115,LOC-000113,OBJ-002070,Highpoint Tower,clearable_location,base_game,Skyrim,Solstheim,2,solstheim,2528,Highpoint Tower,Highpoint Tower,6,DLC2HightpointTowerMapMarker,33637337,,49334,38004,4709,exact_marker,uesp_gamemap_page,high,same_worldspace_xy,https://gamemap.uesp.net/sr/?world=solstheim&x=49334&y=38004&zoom=15,SRC-000423,SN-000123-location-coordinate-dataset.md,Exact UESP Gamemap marker match.
COORD-000116,LOC-000114,OBJ-002071,Hillgrund's Tomb,clearable_location,base_game,Skyrim,Skyrim,1,skyrim,234,Hillgrund's Tomb,Hillgrund's Tomb,7,HillgrundsTombMapMarker,90827,,80896,-17225,-5821,exact_marker,uesp_gamemap_page,high,same_worldspace_xy,https://gamemap.uesp.net/sr/?world=skyrim&x=80896&y=-17225&zoom=15,SRC-000423,SN-000123-location-coordinate-dataset.md,Exact UESP Gamemap marker match.
COORD-000117,LOC-000115,OBJ-002072,Hob's Fall Cave,clearable_location,base_game,Skyrim,Skyrim,1,skyrim,50,Hob's Fall Cave,Hob's Fall Cave,4,HobsFallCaveMapMarker,90726,,68591,96020,-12168,exact_marker,uesp_gamemap_page,high,same_worldspace_xy,https://gamemap.uesp.net/sr/?world=skyrim&x=68591&y=96020&zoom=15,SRC-000423,SN-000123-location-coordinate-dataset.md,Exact UESP Gamemap marker match.
COORD-000118,LOC-000116,OBJ-002073,Honeystrand Cave,clearable_location,base_game,Skyrim,Skyrim,1,skyrim,49,Honeystrand Cave,Honeystrand Cave,4,,90727,,79468,-76044,11013,exact_marker,uesp_gamemap_page,high,same_worldspace_xy,https://gamemap.uesp.net/sr/?world=skyrim&x=79468&y=-76044&zoom=15,SRC-000423,SN-000123-location-coordinate-dataset.md,Exact UESP Gamemap marker match.
COORD-000119,LOC-000117,OBJ-002074,Horker Island,clearable_location,base_game,Skyrim,Solstheim,2,solstheim,2539,Horker Island,Horker Island,11,,33637319,,88252,70979,726,exact_marker,uesp_gamemap_page,high,same_worldspace_xy,https://gamemap.uesp.net/sr/?world=solstheim&x=88252&y=70979&zoom=15,SRC-000423,SN-000123-location-coordinate-dataset.md,Exact UESP Gamemap marker match.
COORD-000120,LOC-000118,OBJ-002075,Hrodulf's House,clearable_location,dragonborn,Solstheim,Solstheim,2,solstheim,2555,Hrodulf's House,Hrodulf's House,30,,33637334,,43976,19472,1247,exact_marker,uesp_gamemap_page,high,same_worldspace_xy,https://gamemap.uesp.net/sr/?world=solstheim&x=43976&y=19472&zoom=15,SRC-000423,SN-000123-location-coordinate-dataset.md,Exact UESP Gamemap marker match.
COORD-000121,LOC-000119,OBJ-002076,Ilinalta's Deep,clearable_location,base_game,Skyrim,Skyrim,1,skyrim,130,Ilinalta's Deep,Ilinalta's Deep,6,IlinaltasDeepMapMarker,90730,,-30266,-49106,760,exact_marker,uesp_gamemap_page,high,same_worldspace_xy,https://gamemap.uesp.net/sr/?world=skyrim&x=-30266&y=-49106&zoom=15,SRC-000423,SN-000123-location-coordinate-dataset.md,Exact UESP Gamemap marker match.
COORD-000122,LOC-000120,OBJ-002077,Ironback Hideout,clearable_location,base_game,Skyrim,Skyrim,1,skyrim,290,Ironback Hideout,Ironback Hideout,30,,980291,,-92049,112677,-3038,exact_marker,uesp_gamemap_page,high,same_worldspace_xy,https://gamemap.uesp.net/sr/?world=skyrim&x=-92049&y=112677&zoom=15,SRC-000423,SN-000123-location-coordinate-dataset.md,Exact UESP Gamemap marker match.
COORD-000123,LOC-000121,OBJ-002078,Ironbind Barrow,clearable_location,base_game,Skyrim,Skyrim,1,skyrim,229,Ironbind Barrow,Ironbind Barrow,7,,258166,,70653,57153,-4069,exact_marker,uesp_gamemap_page,high,same_worldspace_xy,https://gamemap.uesp.net/sr/?world=skyrim&x=70653&y=57153&zoom=15,SRC-000423,SN-000123-location-coordinate-dataset.md,Exact UESP Gamemap marker match.
COORD-000124,LOC-000122,OBJ-002079,Journeyman's Nook,clearable_location,base_game,Skyrim,Skyrim,1,skyrim,214,Journeyman's Nook,Journeyman's Nook,32,,980297,,132555,80186,-9758,exact_marker,uesp_gamemap_page,high,same_worldspace_xy,https://gamemap.uesp.net/sr/?world=skyrim&x=132555&y=80186&zoom=15,SRC-000423,SN-000123-location-coordinate-dataset.md,Exact UESP Gamemap marker match.
COORD-000125,LOC-000123,OBJ-002080,Kagrenzel,clearable_location,base_game,Skyrim,Skyrim,1,skyrim,109,Kagrenzel,Kagrenzel,8,,527958,,191763,-29429,8280,exact_marker,uesp_gamemap_page,high,same_worldspace_xy,https://gamemap.uesp.net/sr/?world=skyrim&x=191763&y=-29429&zoom=15,SRC-000423,SN-000123-location-coordinate-dataset.md,Exact UESP Gamemap marker match.
COORD-000126,LOC-000124,OBJ-002081,Kagrumez,clearable_location,base_game,Skyrim,Solstheim,2,solstheim,2543,Kagrumez,Kagrumez,8,,33637315,,55880,50199,4657,exact_marker,uesp_gamemap_page,high,same_worldspace_xy,https://gamemap.uesp.net/sr/?world=solstheim&x=55880&y=50199&zoom=15,SRC-000423,SN-000123-location-coordinate-dataset.md,Exact UESP Gamemap marker match.
COORD-000127,LOC-000125,OBJ-002082,Knifepoint Ridge,clearable_location,base_game,Skyrim,Skyrim,1,skyrim,7,Knifepoint Ridge,Knifepoint Ridge,5,KnifepointRidgeMapMarker,581692,,-70131,-66861,2777,exact_marker,uesp_gamemap_page,high,same_worldspace_xy,https://gamemap.uesp.net/sr/?world=skyrim&x=-70131&y=-66861&zoom=15,SRC-000423,SN-000123-location-coordinate-dataset.md,Exact UESP Gamemap marker match.
COORD-000128,LOC-000126,OBJ-002083,Kolbjorn Barrow,clearable_location,base_game,Skyrim,Solstheim,2,solstheim,2536,Kolbjorn Barrow,Kolbjorn Barrow,7,DLC2dunKolbjornMapMarker,33637324,,38040,25760,1664,exact_marker,uesp_gamemap_page,high,same_worldspace_xy,https://gamemap.uesp.net/sr/?world=solstheim&x=38040&y=25760&zoom=15,SRC-000423,SN-000123-location-coordinate-dataset.md,Exact UESP Gamemap marker match.
COORD-000129,LOC-000127,OBJ-002084,Labyrinthian,clearable_location,base_game,Skyrim,Skyrim,1,skyrim,244,Labyrinthian,Labyrinthian,7,LabryinthianMapMarker,90734,,-18641,42159,-7849,exact_marker,uesp_gamemap_page,high,same_worldspace_xy,https://gamemap.uesp.net/sr/?world=skyrim&x=-18641&y=42159&zoom=15,SRC-000423,SN-000123-location-coordinate-dataset.md,Exact UESP Gamemap marker match.
COORD-000130,LOC-000128,OBJ-002085,Liar's Retreat,clearable_location,base_game,Skyrim,Skyrim,1,skyrim,48,Liar's Retreat,Liar's Retreat,4,,90736,,-113431,50797,-6208,exact_marker,uesp_gamemap_page,high,same_worldspace_xy,https://gamemap.uesp.net/sr/?world=skyrim&x=-113431&y=50797&zoom=15,SRC-000423,SN-000123-location-coordinate-dataset.md,Exact UESP Gamemap marker match.
COORD-000131,LOC-000129,OBJ-002086,Lost Echo Cave,clearable_location,base_game,Skyrim,Skyrim,1,skyrim,77,Lost Echo Cave,Lost Echo Cave,4,,719003,,-127416,101410,-7496,exact_marker,uesp_gamemap_page,high,same_worldspace_xy,https://gamemap.uesp.net/sr/?world=skyrim&x=-127416&y=101410&zoom=15,SRC-000423,SN-000123-location-coordinate-dataset.md,Exact UESP Gamemap marker match.
COORD-000132,LOC-000130,OBJ-002087,Lost Knife Hideout,clearable_location,base_game,Skyrim,Skyrim,1,skyrim,47,Lost Knife Hideout,Lost Knife Hideout,4,,90739,,95321,-28958,-9471,exact_marker,uesp_gamemap_page,high,same_worldspace_xy,https://gamemap.uesp.net/sr/?world=skyrim&x=95321&y=-28958&zoom=15,SRC-000423,SN-000123-location-coordinate-dataset.md,Exact UESP Gamemap marker match.
COORD-000133,LOC-000131,OBJ-002088,Lost Tongue Overlook,clearable_location,base_game,Skyrim,Skyrim,1,skyrim,100,Lost Tongue Overlook,Lost Tongue Overlook,12,LostTongueOverlookMapMarker,90677,,173660,-124359,17320,exact_marker,uesp_gamemap_page,high,same_worldspace_xy,https://gamemap.uesp.net/sr/?world=skyrim&x=173660&y=-124359&zoom=15,SRC-000423,SN-000123-location-coordinate-dataset.md,Exact UESP Gamemap marker match.
COORD-000134,LOC-000132,OBJ-002089,Lost Valkygg,clearable_location,base_game,Skyrim,Skyrim,1,skyrim,223,Lost Valkygg,Lost Valkygg,32,,961123,,-12525,46845,-6849,exact_marker,uesp_gamemap_page,high,same_worldspace_xy,https://gamemap.uesp.net/sr/?world=skyrim&x=-12525&y=46845&zoom=15,SRC-000423,SN-000123-location-coordinate-dataset.md,Exact UESP Gamemap marker match.
COORD-000135,LOC-000133,OBJ-002090,Lost Valley Redoubt,clearable_location,base_game,Skyrim,Skyrim,1,skyrim,242,Lost Valley Redoubt,Lost Valley Redoubt,7,,90740,,-89950,-36677,1868,exact_marker,uesp_gamemap_page,high,same_worldspace_xy,https://gamemap.uesp.net/sr/?world=skyrim&x=-89950&y=-36677&zoom=15,SRC-000423,SN-000123-location-coordinate-dataset.md,Exact UESP Gamemap marker match.
COORD-000136,LOC-000134,OBJ-002091,Mara's Eye Den,clearable_location,base_game,Skyrim,Skyrim,1,skyrim,933,Mara's Eye Den,Mara's Eye Den,60,,900941,901038,108978,9543,-9524,exact_marker,uesp_gamemap_page,high,same_worldspace_xy,https://gamemap.uesp.net/sr/?world=skyrim&x=108978&y=9543&zoom=15,SRC-000423,SN-000123-location-coordinate-dataset.md,Exact UESP Gamemap marker match.
COORD-000137,LOC-000135,OBJ-002092,Mara's Eye Pond,clearable_location,base_game,Skyrim,Skyrim,1,skyrim,78,Mara's Eye Pond,Mara's Eye Pond,23,,970577,,108487,8720,-9379,exact_marker,uesp_gamemap_page,high,same_worldspace_xy,https://gamemap.uesp.net/sr/?world=skyrim&x=108487&y=8720&zoom=15,SRC-000423,SN-000123-location-coordinate-dataset.md,Exact UESP Gamemap marker match.
COORD-000138,LOC-000136,OBJ-002093,Mistwatch,clearable_location,base_game,Skyrim,Skyrim,1,skyrim,129,Mistwatch,Mistwatch,6,,90758,,137472,-34240,-9749,exact_marker,uesp_gamemap_page,high,same_worldspace_xy,https://gamemap.uesp.net/sr/?world=skyrim&x=137472&y=-34240&zoom=15,SRC-000423,SN-000123-location-coordinate-dataset.md,Exact UESP Gamemap marker match.
COORD-000139,LOC-000137,OBJ-002094,Moesring Pass,clearable_location,base_game,Skyrim,Solstheim,2,solstheim,2534,Moesring Pass,Moesring Pass,24,,33637326,,43062,68108,12418,exact_marker,uesp_gamemap_page,high,same_worldspace_xy,https://gamemap.uesp.net/sr/?world=solstheim&x=43062&y=68108&zoom=15,SRC-000423,SN-000123-location-coordinate-dataset.md,Exact UESP Gamemap marker match.
COORD-000140,LOC-000138,OBJ-002095,Moldering Ruins,clearable_location,dawnguard,Skyrim,Skyrim,1,skyrim,2287,Moldering Ruins (DG),Moldering Ruins,32,DLC1MolderingRuinsMapMarkerREF,33607854,,-101282,5110,251,exact_marker,uesp_gamemap_page,high,same_worldspace_xy,https://gamemap.uesp.net/sr/?world=skyrim&x=-101282&y=5110&zoom=15,SRC-000423,SN-000123-location-coordinate-dataset.md,Exact UESP Gamemap marker match.
COORD-000141,LOC-000139,OBJ-002096,Morvunskar,clearable_location,base_game,Skyrim,Skyrim,1,skyrim,128,Morvunskar,Morvunskar,6,MapMarkerMorvunskarREF,90760,,119161,19394,-10174,exact_marker,uesp_gamemap_page,high,same_worldspace_xy,https://gamemap.uesp.net/sr/?world=skyrim&x=119161&y=19394&zoom=15,SRC-000423,SN-000123-location-coordinate-dataset.md,Exact UESP Gamemap marker match.
COORD-000142,LOC-000140,OBJ-002097,Moss Mother Cavern,clearable_location,base_game,Skyrim,Skyrim,1,skyrim,46,Moss Mother Cavern,Moss Mother Cavern,4,,90761,,-56530,-49859,1304,exact_marker,uesp_gamemap_page,high,same_worldspace_xy,https://gamemap.uesp.net/sr/?world=skyrim&x=-56530&y=-49859&zoom=15,SRC-000423,SN-000123-location-coordinate-dataset.md,Exact UESP Gamemap marker match.
COORD-000143,LOC-000141,OBJ-002098,Mount Anthor,clearable_location,base_game,Skyrim,Skyrim,1,skyrim,96,Mount Anthor,Mount Anthor,12,MountAnthorMapMarker,90762,,95163,67275,259,exact_marker,uesp_gamemap_page,high,same_worldspace_xy,https://gamemap.uesp.net/sr/?world=skyrim&x=95163&y=67275&zoom=15,SRC-000423,SN-000123-location-coordinate-dataset.md,Exact UESP Gamemap marker match.
COORD-000144,LOC-000142,OBJ-002099,Movarth's Lair,clearable_location,base_game,Skyrim,Skyrim,1,skyrim,58,Movarth's Lair,Movarth's Lair,4,,90710,,-31904,77295,-13508,exact_marker,uesp_gamemap_page,high,same_worldspace_xy,https://gamemap.uesp.net/sr/?world=skyrim&x=-31904&y=77295&zoom=15,SRC-000423,SN-000123-location-coordinate-dataset.md,Exact UESP Gamemap marker match.
COORD-000145,LOC-000143,OBJ-002100,Mzinchaleft,clearable_location,base_game,Skyrim,Skyrim,1,skyrim,113,Mzinchaleft,Mzinchaleft,8,MzinchaleftMapMarkerRef,90763,,6984,83956,-10951,exact_marker,uesp_gamemap_page,high,same_worldspace_xy,https://gamemap.uesp.net/sr/?world=skyrim&x=6984&y=83956&zoom=15,SRC-000423,SN-000123-location-coordinate-dataset.md,Exact UESP Gamemap marker match.
COORD-000146,LOC-000144,OBJ-002101,Mzulft,clearable_location,base_game,Skyrim,Skyrim,1,skyrim,112,Mzulft,Mzulft,8,,90764,,167808,-13282,-3866,exact_marker,uesp_gamemap_page,high,same_worldspace_xy,https://gamemap.uesp.net/sr/?world=skyrim&x=167808&y=-13282&zoom=15,SRC-000423,SN-000123-location-coordinate-dataset.md,Exact UESP Gamemap marker match.
COORD-000147,LOC-000145,OBJ-002102,Nchardak,clearable_location,dragonborn,Solstheim,Solstheim,2,solstheim,2538,Nchardak,Nchardak,8,,33637321,,84722,40363,584,exact_marker,uesp_gamemap_page,high,same_worldspace_xy,https://gamemap.uesp.net/sr/?world=solstheim&x=84722&y=40363&zoom=15,SRC-000423,SN-000123-location-coordinate-dataset.md,Exact UESP Gamemap marker match.
COORD-000148,LOC-000146,OBJ-002103,Nchuand-Zel,clearable_location,base_game,Skyrim,Skyrim,1,skyrim,202,Understone Keep,Understone Keep,43,MarkarthPalaceMapMarker,804015,,-178916,3565,-2183,proxy_marker,manual_proxy,medium,proxy_same_worldspace_xy,https://gamemap.uesp.net/sr/?world=skyrim&x=-178916&y=3565&zoom=15,SRC-000423,SN-000123-location-coordinate-dataset.md,UESP locates Nchuand-Zel inside Understone Keep; no separate Gamemap marker was found.
COORD-000149,LOC-000147,OBJ-002104,Nilheim,clearable_location,base_game,Skyrim,Skyrim,1,skyrim,265,Nilheim,Nilheim,31,,90767,,100683,-58662,11858,exact_marker,uesp_gamemap_page,high,same_worldspace_xy,https://gamemap.uesp.net/sr/?world=skyrim&x=100683&y=-58662&zoom=15,SRC-000423,SN-000123-location-coordinate-dataset.md,Exact UESP Gamemap marker match.
COORD-000150,LOC-000148,OBJ-002105,Northwatch Keep,clearable_location,base_game,Skyrim,Skyrim,1,skyrim,127,Northwatch Keep,Northwatch Keep,6,,90768,,-144430,117428,-13587,exact_marker,uesp_gamemap_page,high,same_worldspace_xy,https://gamemap.uesp.net/sr/?world=skyrim&x=-144430&y=117428&zoom=15,SRC-000423,SN-000123-location-coordinate-dataset.md,Exact UESP Gamemap marker match.
COORD-000151,LOC-000149,OBJ-002106,Northwind Mine,clearable_location,base_game,Skyrim,Skyrim,1,skyrim,203,Northwind Mine,Northwind Mine,15,,1039326,,151221,-45275,3643,exact_marker,uesp_gamemap_page,high,same_worldspace_xy,https://gamemap.uesp.net/sr/?world=skyrim&x=151221&y=-45275&zoom=15,SRC-000423,SN-000123-location-coordinate-dataset.md,Exact UESP Gamemap marker match.
COORD-000152,LOC-000150,OBJ-002107,Northwind Summit,clearable_location,base_game,Skyrim,Skyrim,1,skyrim,101,Northwind Summit,Northwind Summit,12,NorthwindSummitMapMarker,90676,,151003,-53453,13233,exact_marker,uesp_gamemap_page,high,same_worldspace_xy,https://gamemap.uesp.net/sr/?world=skyrim&x=151003&y=-53453&zoom=15,SRC-000423,SN-000123-location-coordinate-dataset.md,Exact UESP Gamemap marker match.
COORD-000153,LOC-000151,OBJ-002108,Orotheim,clearable_location,base_game,Skyrim,Skyrim,1,skyrim,45,Orotheim,Orotheim,4,,90769,,-67686,36949,-8255,exact_marker,uesp_gamemap_page,high,same_worldspace_xy,https://gamemap.uesp.net/sr/?world=skyrim&x=-67686&y=36949&zoom=15,SRC-000423,SN-000123-location-coordinate-dataset.md,Exact UESP Gamemap marker match.
COORD-000154,LOC-000152,OBJ-002109,Orphan Rock,clearable_location,base_game,Skyrim,Skyrim,1,skyrim,193,Orphan Rock,Orphan Rock,11,OrphanRockMapMarker,90770,,36186,-69267,13044,exact_marker,uesp_gamemap_page,high,same_worldspace_xy,https://gamemap.uesp.net/sr/?world=skyrim&x=36186&y=-69267&zoom=15,SRC-000423,SN-000123-location-coordinate-dataset.md,Exact UESP Gamemap marker match.
COORD-000155,LOC-000153,OBJ-002110,Orphan's Tear,clearable_location,base_game,Skyrim,Skyrim,1,skyrim,306,Orphan's Tear,Orphan's Tear,9,,90800,,-120724,129227,-13853,exact_marker,uesp_gamemap_page,high,same_worldspace_xy,https://gamemap.uesp.net/sr/?world=skyrim&x=-120724&y=129227&zoom=15,SRC-000423,SN-000123-location-coordinate-dataset.md,Exact UESP Gamemap marker match.
COORD-000156,LOC-000154,OBJ-002111,Peak's Shade Tower,clearable_location,base_game,Skyrim,Skyrim,1,skyrim,260,Peak's Shade Tower,Peak's Shade Tower,31,,292992,,-17963,-87703,1551,exact_marker,uesp_gamemap_page,high,same_worldspace_xy,https://gamemap.uesp.net/sr/?world=skyrim&x=-17963&y=-87703&zoom=15,SRC-000423,SN-000123-location-coordinate-dataset.md,Exact UESP Gamemap marker match.
COORD-000157,LOC-000155,OBJ-002112,Pinefrost Tower,clearable_location,base_game,Skyrim,Skyrim,1,skyrim,180,Pinefrost Tower,Pinefrost Tower,22,,979130,,-142901,99301,-3971,exact_marker,uesp_gamemap_page,high,same_worldspace_xy,https://gamemap.uesp.net/sr/?world=skyrim&x=-142901&y=99301&zoom=15,SRC-000423,SN-000123-location-coordinate-dataset.md,Exact UESP Gamemap marker match.
COORD-000158,LOC-000156,OBJ-002113,Pinemoon Cave,clearable_location,base_game,Skyrim,Skyrim,1,skyrim,44,Pinemoon Cave,Pinemoon Cave,4,,90771,,-116902,92399,-7318,exact_marker,uesp_gamemap_page,high,same_worldspace_xy,https://gamemap.uesp.net/sr/?world=skyrim&x=-116902&y=92399&zoom=15,SRC-000423,SN-000123-location-coordinate-dataset.md,Exact UESP Gamemap marker match.
COORD-000159,LOC-000157,OBJ-002114,Pinepeak Cavern,clearable_location,base_game,Skyrim,Skyrim,1,skyrim,43,Pinepeak Cavern,Pinepeak Cavern,4,,90772,,75298,-54369,10257,exact_marker,uesp_gamemap_page,high,same_worldspace_xy,https://gamemap.uesp.net/sr/?world=skyrim&x=75298&y=-54369&zoom=15,SRC-000423,SN-000123-location-coordinate-dataset.md,Exact UESP Gamemap marker match.
COORD-000160,LOC-000158,OBJ-002115,Pinewatch,clearable_location,base_game,Skyrim,Skyrim,1,skyrim,300,Pinewatch,Pinewatch,30,PinewatchMapMarker,90773,,-9404,-76357,2787,exact_marker,uesp_gamemap_page,high,same_worldspace_xy,https://gamemap.uesp.net/sr/?world=skyrim&x=-9404&y=-76357&zoom=15,SRC-000423,SN-000123-location-coordinate-dataset.md,Exact UESP Gamemap marker match.
COORD-000161,LOC-000159,OBJ-002116,Ragnvald,clearable_location,base_game,Skyrim,Skyrim,1,skyrim,241,Ragnvald,Ragnvald,7,,90778,,-173684,26640,-131,exact_marker,uesp_gamemap_page,high,same_worldspace_xy,https://gamemap.uesp.net/sr/?world=skyrim&x=-173684&y=26640&zoom=15,SRC-000423,SN-000123-location-coordinate-dataset.md,Exact UESP Gamemap marker match.
COORD-000162,LOC-000160,OBJ-002117,Raldbthar,clearable_location,base_game,Skyrim,Skyrim,1,skyrim,108,Raldbthar,Raldbthar,8,,591253,,87391,17980,496,exact_marker,uesp_gamemap_page,high,same_worldspace_xy,https://gamemap.uesp.net/sr/?world=skyrim&x=87391&y=17980&zoom=15,SRC-000423,SN-000123-location-coordinate-dataset.md,Exact UESP Gamemap marker match.
COORD-000163,LOC-000161,OBJ-002118,Rannveig's Fast,clearable_location,base_game,Skyrim,Skyrim,1,skyrim,240,Rannveig's Fast,Rannveig's Fast,7,,90779,,-47296,26144,-3912,exact_marker,uesp_gamemap_page,high,same_worldspace_xy,https://gamemap.uesp.net/sr/?world=skyrim&x=-47296&y=26144&zoom=15,SRC-000423,SN-000123-location-coordinate-dataset.md,Exact UESP Gamemap marker match.
COORD-000164,LOC-000162,OBJ-002119,Raven Rock Mine,clearable_location,dragonborn,Solstheim,Solstheim,2,solstheim,2578,Raven Rock Mine,Raven Rock Mine,60,DLC2RavenrockMineExtToInt,33652470,33665753,29653,40352,697,exact_marker,uesp_gamemap_page,high,same_worldspace_xy,https://gamemap.uesp.net/sr/?world=solstheim&x=29653&y=40352&zoom=15,SRC-000423,SN-000123-location-coordinate-dataset.md,Exact UESP Gamemap marker match.
COORD-000165,LOC-000163,OBJ-002120,Ravenscar Hollow,clearable_location,base_game,Skyrim,Skyrim,1,skyrim,42,Ravenscar Hollow,Ravenscar Hollow,4,,90780,,-91591,126460,-13797,exact_marker,uesp_gamemap_page,high,same_worldspace_xy,https://gamemap.uesp.net/sr/?world=skyrim&x=-91591&y=126460&zoom=15,SRC-000423,SN-000123-location-coordinate-dataset.md,Exact UESP Gamemap marker match.
COORD-000166,LOC-000164,OBJ-002121,Reachcliff Cave,clearable_location,base_game,Skyrim,Skyrim,1,skyrim,41,Reachcliff Cave,Reachcliff Cave,4,ReachcliffCaveMapMarkerREF,90781,,-133685,-11703,-5329,exact_marker,uesp_gamemap_page,high,same_worldspace_xy,https://gamemap.uesp.net/sr/?world=skyrim&x=-133685&y=-11703&zoom=15,SRC-000423,SN-000123-location-coordinate-dataset.md,Exact UESP Gamemap marker match.
COORD-000167,LOC-000165,OBJ-002122,Reachwater Rock,clearable_location,base_game,Skyrim,Skyrim,1,skyrim,40,Reachwater Rock,Reachwater Rock,4,,90782,,-140948,-3609,-7281,exact_marker,uesp_gamemap_page,high,same_worldspace_xy,https://gamemap.uesp.net/sr/?world=skyrim&x=-140948&y=-3609&zoom=15,SRC-000423,SN-000123-location-coordinate-dataset.md,Exact UESP Gamemap marker match.
COORD-000168,LOC-000166,OBJ-002123,Rebel's Cairn,clearable_location,base_game,Skyrim,Skyrim,1,skyrim,17,Rebel's Cairn,Rebel's Cairn,4,,746143,,-109696,23216,-27,exact_marker,uesp_gamemap_page,high,same_worldspace_xy,https://gamemap.uesp.net/sr/?world=skyrim&x=-109696&y=23216&zoom=15,SRC-000423,SN-000123-location-coordinate-dataset.md,Exact UESP Gamemap marker match.
COORD-000169,LOC-000167,OBJ-002124,Red Eagle Redoubt,clearable_location,base_game,Skyrim,Skyrim,1,skyrim,62,Red Eagle Redoubt,Red Eagle Redoubt,4,,90685,,-125628,15532,-4911,exact_marker,uesp_gamemap_page,high,same_worldspace_xy,https://gamemap.uesp.net/sr/?world=skyrim&x=-125628&y=15532&zoom=15,SRC-000423,SN-000123-location-coordinate-dataset.md,Exact UESP Gamemap marker match.
COORD-000170,LOC-000168,OBJ-002125,Red Road Pass,clearable_location,base_game,Skyrim,Skyrim,1,skyrim,154,Red Road Pass,Red Road Pass,29,RedRoadPassMapMarker,90784,,21856,79660,-10185,exact_marker,uesp_gamemap_page,high,same_worldspace_xy,https://gamemap.uesp.net/sr/?world=skyrim&x=21856&y=79660&zoom=15,SRC-000423,SN-000123-location-coordinate-dataset.md,Exact UESP Gamemap marker match.
COORD-000171,LOC-000169,OBJ-002126,Redoran's Retreat,clearable_location,base_game,Skyrim,Skyrim,1,skyrim,39,Redoran's Retreat,Redoran's Retreat,4,,90783,,-15254,7227,-7369,exact_marker,uesp_gamemap_page,high,same_worldspace_xy,https://gamemap.uesp.net/sr/?world=skyrim&x=-15254&y=7227&zoom=15,SRC-000423,SN-000123-location-coordinate-dataset.md,Exact UESP Gamemap marker match.
COORD-000172,LOC-000170,OBJ-002127,Redwater Den,clearable_location,dawnguard,Skyrim,Skyrim,1,skyrim,2288,Redwater Den (DG),Redwater Den,30,DLC1RedwaterDenMapMarker,33585022,,135829,-75775,11552,exact_marker,uesp_gamemap_page,high,same_worldspace_xy,https://gamemap.uesp.net/sr/?world=skyrim&x=135829&y=-75775&zoom=15,SRC-000423,SN-000123-location-coordinate-dataset.md,Exact UESP Gamemap marker match.
COORD-000173,LOC-000171,OBJ-002128,Refugees' Rest,clearable_location,base_game,Skyrim,Skyrim,1,skyrim,179,Refugees' Rest,Refugees' Rest,22,,980336,,170415,37536,-9400,exact_marker,uesp_gamemap_page,high,same_worldspace_xy,https://gamemap.uesp.net/sr/?world=skyrim&x=170415&y=37536&zoom=15,SRC-000423,SN-000123-location-coordinate-dataset.md,Exact UESP Gamemap marker match.
COORD-000174,LOC-000172,OBJ-002129,Rift Watchtower,clearable_location,base_game,Skyrim,Skyrim,1,skyrim,184,Rift Watchtower,Rift Watchtower,22,,866608,,122814,-66094,11985,exact_marker,uesp_gamemap_page,high,same_worldspace_xy,https://gamemap.uesp.net/sr/?world=skyrim&x=122814&y=-66094&zoom=15,SRC-000423,SN-000123-location-coordinate-dataset.md,Exact UESP Gamemap marker match.
COORD-000175,LOC-000173,OBJ-002130,Rimerock Burrow,clearable_location,base_game,Skyrim,Skyrim,1,skyrim,38,Rimerock Burrow,Rimerock Burrow,4,,90785,,-143621,105374,-7367,exact_marker,uesp_gamemap_page,high,same_worldspace_xy,https://gamemap.uesp.net/sr/?world=skyrim&x=-143621&y=105374&zoom=15,SRC-000423,SN-000123-location-coordinate-dataset.md,Exact UESP Gamemap marker match.
COORD-000176,LOC-000174,OBJ-002131,Riverside Shack,clearable_location,base_game,Skyrim,Skyrim,1,skyrim,291,Riverside Shack,Riverside Shack,30,,970575,,121266,6841,-13585,exact_marker,uesp_gamemap_page,high,same_worldspace_xy,https://gamemap.uesp.net/sr/?world=skyrim&x=121266&y=6841&zoom=15,SRC-000423,SN-000123-location-coordinate-dataset.md,Exact UESP Gamemap marker match.
COORD-000177,LOC-000175,OBJ-002132,Roadside Ruins,clearable_location,base_game,Skyrim,Skyrim,1,skyrim,218,Roadside Ruins,Roadside Ruins,32,,292981,,-43393,-78762,-2892,exact_marker,uesp_gamemap_page,high,same_worldspace_xy,https://gamemap.uesp.net/sr/?world=skyrim&x=-43393&y=-78762&zoom=15,SRC-000423,SN-000123-location-coordinate-dataset.md,Exact UESP Gamemap marker match.
COORD-000178,LOC-000176,OBJ-002133,Robber's Gorge,clearable_location,base_game,Skyrim,Skyrim,1,skyrim,3,Robber's Gorge,Robber's Gorge,5,,90791,,-80784,47328,-12288,exact_marker,uesp_gamemap_page,high,same_worldspace_xy,https://gamemap.uesp.net/sr/?world=skyrim&x=-80784&y=47328&zoom=15,SRC-000423,SN-000123-location-coordinate-dataset.md,Exact UESP Gamemap marker match.
COORD-000179,LOC-000177,OBJ-002134,Ruins of Bthalft,clearable_location,base_game,Skyrim,Skyrim,1,skyrim,190,Ruins of Bthalft,Ruins of Bthalft,11,,866620,,87427,-86992,11996,exact_marker,uesp_gamemap_page,high,same_worldspace_xy,https://gamemap.uesp.net/sr/?world=skyrim&x=87427&y=-86992&zoom=15,SRC-000423,SN-000123-location-coordinate-dataset.md,Exact UESP Gamemap marker match.
COORD-000180,LOC-000178,OBJ-002135,Ruins of Rkund,clearable_location,base_game,Skyrim,Skyrim,1,skyrim,191,Ruins of Rkund,Ruins of Rkund,11,,866617,,154614,-125430,14899,exact_marker,uesp_gamemap_page,high,same_worldspace_xy,https://gamemap.uesp.net/sr/?world=skyrim&x=154614&y=-125430&zoom=15,SRC-000423,SN-000123-location-coordinate-dataset.md,Exact UESP Gamemap marker match.
COORD-000181,LOC-000179,OBJ-002136,Saarthal,clearable_location,base_game,Skyrim,Skyrim,1,skyrim,239,Saarthal,Saarthal,7,SaarthalMapMarker,90789,,92005,91812,-11427,exact_marker,uesp_gamemap_page,high,same_worldspace_xy,https://gamemap.uesp.net/sr/?world=skyrim&x=92005&y=91812&zoom=15,SRC-000423,SN-000123-location-coordinate-dataset.md,Exact UESP Gamemap marker match.
COORD-000182,LOC-000180,OBJ-002137,Saering's Watch,clearable_location,base_game,Solstheim,Solstheim,2,solstheim,2550,Saering's Watch,Saering's Watch,12,DLC2SaeringsWatchMapMarker,33660188,,42884,83949,8329,exact_marker,uesp_gamemap_page,high,same_worldspace_xy,https://gamemap.uesp.net/sr/?world=solstheim&x=42884&y=83949&zoom=15,SRC-000423,SN-000123-location-coordinate-dataset.md,Exact UESP Gamemap marker match.
COORD-000183,LOC-000181,OBJ-002138,Secunda's Kiss,clearable_location,base_game,Skyrim,Skyrim,1,skyrim,153,Secunda's Kiss,Secunda's Kiss,29,,90790,,-3031,-28057,-3742,exact_marker,uesp_gamemap_page,high,same_worldspace_xy,https://gamemap.uesp.net/sr/?world=skyrim&x=-3031&y=-28057&zoom=15,SRC-000423,SN-000123-location-coordinate-dataset.md,Exact UESP Gamemap marker match.
COORD-000184,LOC-000182,OBJ-002139,Serpent's Bluff Redoubt,clearable_location,base_game,Skyrim,Skyrim,1,skyrim,2,Serpent's Bluff Redoubt,Serpent's Bluff Redoubt,5,,90828,,-96798,-5846,1960,exact_marker,uesp_gamemap_page,high,same_worldspace_xy,https://gamemap.uesp.net/sr/?world=skyrim&x=-96798&y=-5846&zoom=15,SRC-000423,SN-000123-location-coordinate-dataset.md,Exact UESP Gamemap marker match.
COORD-000185,LOC-000183,OBJ-002140,Shadowgreen Cavern,clearable_location,base_game,Skyrim,Skyrim,1,skyrim,37,Shadowgreen Cavern,Shadowgreen Cavern,4,,90792,,-75329,124195,-12722,exact_marker,uesp_gamemap_page,high,same_worldspace_xy,https://gamemap.uesp.net/sr/?world=skyrim&x=-75329&y=124195&zoom=15,SRC-000423,SN-000123-location-coordinate-dataset.md,Exact UESP Gamemap marker match.
COORD-000186,LOC-000184,OBJ-002141,Shalidor's Maze,secondary_marker,base_game,Skyrim,Skyrim,1,skyrim,1004,Shalidor's Maze,Shalidor's Maze,60,LabyExtToMaze,1022136,1066010,-16065,42630,-8162,exact_marker,uesp_gamemap_page,high,same_worldspace_xy,https://gamemap.uesp.net/sr/?world=skyrim&x=-16065&y=42630&zoom=15,SRC-000423,SN-000123-location-coordinate-dataset.md,Exact UESP Gamemap marker match.
COORD-000187,LOC-000185,OBJ-002142,Shearpoint,clearable_location,base_game,Skyrim,Skyrim,1,skyrim,99,Shearpoint,Shearpoint,12,ShearpointMapMarker,90679,,69754,19534,1407,exact_marker,uesp_gamemap_page,high,same_worldspace_xy,https://gamemap.uesp.net/sr/?world=skyrim&x=69754&y=19534&zoom=15,SRC-000423,SN-000123-location-coordinate-dataset.md,Exact UESP Gamemap marker match.
COORD-000188,LOC-000186,OBJ-002143,Shimmermist Cave,clearable_location,base_game,Skyrim,Skyrim,1,skyrim,36,Shimmermist Cave,Shimmermist Cave,4,,90793,,47536,10425,-3107,exact_marker,uesp_gamemap_page,high,same_worldspace_xy,https://gamemap.uesp.net/sr/?world=skyrim&x=47536&y=10425&zoom=15,SRC-000423,SN-000123-location-coordinate-dataset.md,Exact UESP Gamemap marker match.
COORD-000189,LOC-000187,OBJ-002144,Shriekwind Bastion,clearable_location,base_game,Skyrim,Skyrim,1,skyrim,758,Shriekwind Bastion,Shriekwind Bastion,60,,688419,1010821,-28211,-75607,5103,multi_marker,uesp_gamemap_page,medium,multi_marker_choose_candidate,https://gamemap.uesp.net/sr/?world=skyrim&x=-28211&y=-75607&zoom=15,SRC-000423,SN-000123-location-coordinate-dataset.md,Multiple equally valid Gamemap markers exist for this catalog row; choose the entrance marker that matches the route leg.
COORD-000190,LOC-000187,OBJ-002144,Shriekwind Bastion,clearable_location,base_game,Skyrim,Skyrim,1,skyrim,928,Shriekwind Bastion,Shriekwind Bastion,60,,810814,810807,-26071,-77597,1765,multi_marker,uesp_gamemap_page,medium,multi_marker_choose_candidate,https://gamemap.uesp.net/sr/?world=skyrim&x=-26071&y=-77597&zoom=15,SRC-000423,SN-000123-location-coordinate-dataset.md,Multiple equally valid Gamemap markers exist for this catalog row; choose the entrance marker that matches the route leg.
COORD-000191,LOC-000187,OBJ-002144,Shriekwind Bastion,clearable_location,base_game,Skyrim,Skyrim,1,skyrim,929,Shriekwind Bastion,Shriekwind Bastion,60,,688424,787026,-27648,-72372,1136,multi_marker,uesp_gamemap_page,medium,multi_marker_choose_candidate,https://gamemap.uesp.net/sr/?world=skyrim&x=-27648&y=-72372&zoom=15,SRC-000423,SN-000123-location-coordinate-dataset.md,Multiple equally valid Gamemap markers exist for this catalog row; choose the entrance marker that matches the route leg.
COORD-000192,LOC-000188,OBJ-002145,Shroud Hearth Barrow,clearable_location,base_game,Skyrim,Skyrim,1,skyrim,230,Shroud Hearth Barrow,Shroud Hearth Barrow,7,ShroudHearthMapMarker,445640,,79476,-62330,11600,exact_marker,uesp_gamemap_page,high,same_worldspace_xy,https://gamemap.uesp.net/sr/?world=skyrim&x=79476&y=-62330&zoom=15,SRC-000423,SN-000123-location-coordinate-dataset.md,Exact UESP Gamemap marker match.
COORD-000193,LOC-000189,OBJ-002146,Shrouded Grove,clearable_location,base_game,Skyrim,Skyrim,1,skyrim,161,Shrouded Grove,Shrouded Grove,10,,90801,,58939,43054,-8736,exact_marker,uesp_gamemap_page,high,same_worldspace_xy,https://gamemap.uesp.net/sr/?world=skyrim&x=58939&y=43054&zoom=15,SRC-000423,SN-000123-location-coordinate-dataset.md,Exact UESP Gamemap marker match.
COORD-000194,LOC-000190,OBJ-002147,Sightless Pit,clearable_location,base_game,Skyrim,Skyrim,1,skyrim,35,Sightless Pit,Sightless Pit,4,,90803,,99977,78694,-5432,exact_marker,uesp_gamemap_page,high,same_worldspace_xy,https://gamemap.uesp.net/sr/?world=skyrim&x=99977&y=78694&zoom=15,SRC-000423,SN-000123-location-coordinate-dataset.md,Exact UESP Gamemap marker match.
COORD-000195,LOC-000191,OBJ-002148,Silent Moons Camp,clearable_location,base_game,Skyrim,Skyrim,1,skyrim,238,Silent Moons Camp,Silent Moons Camp,7,,90804,,2904,15859,-4342,exact_marker,uesp_gamemap_page,high,same_worldspace_xy,https://gamemap.uesp.net/sr/?world=skyrim&x=2904&y=15859&zoom=15,SRC-000423,SN-000123-location-coordinate-dataset.md,Exact UESP Gamemap marker match.
COORD-000196,LOC-000192,OBJ-002149,Silverdrift Lair,clearable_location,base_game,Skyrim,Skyrim,1,skyrim,237,Silverdrift Lair,Silverdrift Lair,7,,90805,,59247,53587,-7718,exact_marker,uesp_gamemap_page,high,same_worldspace_xy,https://gamemap.uesp.net/sr/?world=skyrim&x=59247&y=53587&zoom=15,SRC-000423,SN-000123-location-coordinate-dataset.md,Exact UESP Gamemap marker match.
COORD-000197,LOC-000193,OBJ-002150,Skuldafn,clearable_location,base_game,Skyrim,,,,,,,,,,,,,,unmapped_worldspace,manual_unmapped,none,not_comparable,,SRC-000423,SN-000123-location-coordinate-dataset.md,Skuldafn exists as a separate Gamemap worldspace and has no normal route-comparable exterior location marker.
COORD-000198,LOC-000194,OBJ-002151,Skyborn Altar,clearable_location,base_game,Skyrim,Skyrim,1,skyrim,97,Skyborn Altar,Skyborn Altar,12,SkybornAltarMapMarker,90681,,-5305,48249,340,exact_marker,uesp_gamemap_page,high,same_worldspace_xy,https://gamemap.uesp.net/sr/?world=skyrim&x=-5305&y=48249&zoom=15,SRC-000423,SN-000123-location-coordinate-dataset.md,Exact UESP Gamemap marker match.
COORD-000199,LOC-000195,OBJ-002152,Skybound Watch Pass,clearable_location,base_game,Skyrim,Skyrim,1,skyrim,389,Skybound Watch Pass,Skybound Watch Pass,60,,296358,297814,20961,-70037,10938,multi_marker,uesp_gamemap_page,medium,multi_marker_choose_candidate,https://gamemap.uesp.net/sr/?world=skyrim&x=20961&y=-70037&zoom=15,SRC-000423,SN-000123-location-coordinate-dataset.md,Multiple equally valid Gamemap markers exist for this catalog row; choose the entrance marker that matches the route leg.
COORD-000200,LOC-000195,OBJ-002152,Skybound Watch Pass,clearable_location,base_game,Skyrim,Skyrim,1,skyrim,621,Skybound Watch Pass,Skybound Watch Pass,60,,299094,299097,32267,-59661,12606,multi_marker,uesp_gamemap_page,medium,multi_marker_choose_candidate,https://gamemap.uesp.net/sr/?world=skyrim&x=32267&y=-59661&zoom=15,SRC-000423,SN-000123-location-coordinate-dataset.md,Multiple equally valid Gamemap markers exist for this catalog row; choose the entrance marker that matches the route leg.
COORD-000201,LOC-000196,OBJ-002153,Skytemple Ruins,clearable_location,base_game,Skyrim,Skyrim,1,skyrim,215,Skytemple Ruins,Skytemple Ruins,32,,979118,,119882,121615,-10543,exact_marker,uesp_gamemap_page,high,same_worldspace_xy,https://gamemap.uesp.net/sr/?world=skyrim&x=119882&y=121615&zoom=15,SRC-000423,SN-000123-location-coordinate-dataset.md,Exact UESP Gamemap marker match.
COORD-000202,LOC-000197,OBJ-002154,Sleeping Tree Camp,clearable_location,base_game,Skyrim,Skyrim,1,skyrim,152,Sleeping Tree Camp,Sleeping Tree Camp,29,,90808,,-39379,-18164,-5479,exact_marker,uesp_gamemap_page,high,same_worldspace_xy,https://gamemap.uesp.net/sr/?world=skyrim&x=-39379&y=-18164&zoom=15,SRC-000423,SN-000123-location-coordinate-dataset.md,Exact UESP Gamemap marker match.
COORD-000203,LOC-000198,OBJ-002155,Snapleg Cave,clearable_location,base_game,Skyrim,Skyrim,1,skyrim,19,Snapleg Cave,Snapleg Cave,4,,426132,,116397,-55510,5542,exact_marker,uesp_gamemap_page,high,same_worldspace_xy,https://gamemap.uesp.net/sr/?world=skyrim&x=116397&y=-55510&zoom=15,SRC-000423,SN-000123-location-coordinate-dataset.md,Exact UESP Gamemap marker match.
COORD-000204,LOC-000199,OBJ-002156,Snow Veil Sanctum,clearable_location,base_game,Skyrim,Skyrim,1,skyrim,227,Snow Veil Sanctum,Snow Veil Sanctum,7,SnowVeilSanctumMapMarker,187857,,145509,71698,-9351,exact_marker,uesp_gamemap_page,high,same_worldspace_xy,https://gamemap.uesp.net/sr/?world=skyrim&x=145509&y=71698&zoom=15,SRC-000423,SN-000123-location-coordinate-dataset.md,Exact UESP Gamemap marker match.
COORD-000205,LOC-000200,OBJ-002157,Snowclad Ruins,clearable_location,dragonborn,Solstheim,Solstheim,2,solstheim,2512,Snowclad Ruins,Snowclad Ruins,32,,33703880,,50727,69890,9061,exact_marker,uesp_gamemap_page,high,same_worldspace_xy,https://gamemap.uesp.net/sr/?world=solstheim&x=50727&y=69890&zoom=15,SRC-000423,SN-000123-location-coordinate-dataset.md,Exact UESP Gamemap marker match.
COORD-000206,LOC-000201,OBJ-002158,Snowpoint Beacon,clearable_location,base_game,Skyrim,Skyrim,1,skyrim,187,Snowpoint Beacon,Snowpoint Beacon,22,,798454,,53806,70742,-1340,exact_marker,uesp_gamemap_page,high,same_worldspace_xy,https://gamemap.uesp.net/sr/?world=skyrim&x=53806&y=70742&zoom=15,SRC-000423,SN-000123-location-coordinate-dataset.md,Exact UESP Gamemap marker match.
COORD-000207,LOC-000202,OBJ-002159,Southfringe Sanctum,clearable_location,base_game,Skyrim,Skyrim,1,skyrim,73,Southfringe Sanctum,Southfringe Sanctum,4,,90647,,31992,-105984,16681,exact_marker,uesp_gamemap_page,high,same_worldspace_xy,https://gamemap.uesp.net/sr/?world=skyrim&x=31992&y=-105984&zoom=15,SRC-000423,SN-000123-location-coordinate-dataset.md,Exact UESP Gamemap marker match.
COORD-000208,LOC-000203,OBJ-002160,Steamcrag Camp,clearable_location,base_game,Skyrim,Skyrim,1,skyrim,156,Steamcrag Camp,Steamcrag Camp,29,,90682,,143525,-9971,-9516,exact_marker,uesp_gamemap_page,high,same_worldspace_xy,https://gamemap.uesp.net/sr/?world=skyrim&x=143525&y=-9971&zoom=15,SRC-000423,SN-000123-location-coordinate-dataset.md,Exact UESP Gamemap marker match.
COORD-000209,LOC-000204,OBJ-002161,Steepfall Burrow,clearable_location,base_game,Skyrim,Skyrim,1,skyrim,32,Steepfall Burrow,Steepfall Burrow,4,,90815,,-128561,114961,-10559,exact_marker,uesp_gamemap_page,high,same_worldspace_xy,https://gamemap.uesp.net/sr/?world=skyrim&x=-128561&y=114961&zoom=15,SRC-000423,SN-000123-location-coordinate-dataset.md,Exact UESP Gamemap marker match.
COORD-000210,LOC-000205,OBJ-002162,Stendarr's Beacon,clearable_location,base_game,Skyrim,Skyrim,1,skyrim,178,Stendarr's Beacon,Stendarr's Beacon,22,StendarrsBeaconMapMarkerREF,1083992,,197151,-116937,13391,exact_marker,uesp_gamemap_page,high,same_worldspace_xy,https://gamemap.uesp.net/sr/?world=skyrim&x=197151&y=-116937&zoom=15,SRC-000423,SN-000123-location-coordinate-dataset.md,Exact UESP Gamemap marker match.
COORD-000211,LOC-000206,OBJ-002163,Stillborn Cave,clearable_location,base_game,Skyrim,Skyrim,1,skyrim,31,Stillborn Cave,Stillborn Cave,4,,90816,,128704,64121,-6086,exact_marker,uesp_gamemap_page,high,same_worldspace_xy,https://gamemap.uesp.net/sr/?world=skyrim&x=128704&y=64121&zoom=15,SRC-000423,SN-000123-location-coordinate-dataset.md,Exact UESP Gamemap marker match.
COORD-000212,LOC-000207,OBJ-002164,Stonehill Bluff,clearable_location,base_game,Skyrim,Skyrim,1,skyrim,151,Stonehill Bluff,Stonehill Bluff,29,StonehillBluffMapMarker,90817,,16748,43799,-1173,exact_marker,uesp_gamemap_page,high,same_worldspace_xy,https://gamemap.uesp.net/sr/?world=skyrim&x=16748&y=43799&zoom=15,SRC-000423,SN-000123-location-coordinate-dataset.md,Exact UESP Gamemap marker match.
COORD-000213,LOC-000208,OBJ-002165,Stony Creek Cave,clearable_location,base_game,Skyrim,Skyrim,1,skyrim,15,Stony Creek Cave,Stony Creek Cave,4,StonyCreekCaveMapMarker,528147,,174742,-24828,-3350,exact_marker,uesp_gamemap_page,high,same_worldspace_xy,https://gamemap.uesp.net/sr/?world=skyrim&x=174742&y=-24828&zoom=15,SRC-000423,SN-000123-location-coordinate-dataset.md,Exact UESP Gamemap marker match.
COORD-000214,LOC-000209,OBJ-002166,Sun Stone,clearable_location,base_game,Solstheim,Solstheim,2,solstheim,2522,Sun Stone,Sun Stone,55,DLC2StoneSunMapMarker,33637349,,72854,34655,1493,exact_marker,uesp_gamemap_page,high,same_worldspace_xy,https://gamemap.uesp.net/sr/?world=solstheim&x=72854&y=34655&zoom=15,SRC-000423,SN-000123-location-coordinate-dataset.md,Exact UESP Gamemap marker match.
COORD-000215,LOC-000210,OBJ-002167,Sundered Towers,secondary_marker,base_game,Skyrim,Skyrim,1,skyrim,263,Sundered Towers,Sundered Towers,31,,746133,,-117984,27872,2000,exact_marker,uesp_gamemap_page,high,same_worldspace_xy,https://gamemap.uesp.net/sr/?world=skyrim&x=-117984&y=27872&zoom=15,SRC-000423,SN-000123-location-coordinate-dataset.md,Exact UESP Gamemap marker match.
COORD-000216,LOC-000211,OBJ-002168,Sunderstone Gorge,clearable_location,base_game,Skyrim,Skyrim,1,skyrim,11,Sunderstone Gorge,Sunderstone Gorge,4,,1007272,,-60413,-38381,-741,exact_marker,uesp_gamemap_page,high,same_worldspace_xy,https://gamemap.uesp.net/sr/?world=skyrim&x=-60413&y=-38381&zoom=15,SRC-000423,SN-000123-location-coordinate-dataset.md,Exact UESP Gamemap marker match.
COORD-000217,LOC-000212,OBJ-002169,Swindler's Den,clearable_location,base_game,Skyrim,Skyrim,1,skyrim,25,Swindler's Den,Swindler's Den,4,,89421,,-46079,2081,-6457,exact_marker,uesp_gamemap_page,high,same_worldspace_xy,https://gamemap.uesp.net/sr/?world=skyrim&x=-46079&y=2081&zoom=15,SRC-000423,SN-000123-location-coordinate-dataset.md,Exact UESP Gamemap marker match.
COORD-000218,LOC-000213,OBJ-002170,Talking Stone Camp,clearable_location,base_game,Skyrim,Skyrim,1,skyrim,150,Talking Stone Camp,Talking Stone Camp,29,,90819,,-70776,21483,-5597,exact_marker,uesp_gamemap_page,high,same_worldspace_xy,https://gamemap.uesp.net/sr/?world=skyrim&x=-70776&y=21483&zoom=15,SRC-000423,SN-000123-location-coordinate-dataset.md,Exact UESP Gamemap marker match.
COORD-000219,LOC-000214,OBJ-002171,Temple of Miraak,clearable_location,dragonborn,Solstheim,Solstheim,2,solstheim,2537,Temple of Miraak,Temple of Miraak,53,DLC2TempleofMiraakMapMarker,33637322,,56313,59653,9312,exact_marker,uesp_gamemap_page,high,same_worldspace_xy,https://gamemap.uesp.net/sr/?world=solstheim&x=56313&y=59653&zoom=15,SRC-000423,SN-000123-location-coordinate-dataset.md,Exact UESP Gamemap marker match.
COORD-000220,LOC-000215,OBJ-002172,The Katariah,clearable_location,base_game,Skyrim,Skyrim,1,skyrim,304,The Katariah,The Katariah,9,,806176,,-48837,107198,-13549,exact_marker,uesp_gamemap_page,high,same_worldspace_xy,https://gamemap.uesp.net/sr/?world=skyrim&x=-48837&y=107198&zoom=15,SRC-000423,SN-000123-location-coordinate-dataset.md,Exact UESP Gamemap marker match.
COORD-000221,LOC-000216,OBJ-002173,Tolvald's Cave,clearable_location,base_game,Skyrim,Skyrim,1,skyrim,30,Tolvald's Cave,Tolvald's Cave,4,TolvaldsCaveMapMarkerRef,90821,,179729,-47142,3005,exact_marker,uesp_gamemap_page,high,same_worldspace_xy,https://gamemap.uesp.net/sr/?world=skyrim&x=179729&y=-47142&zoom=15,SRC-000423,SN-000123-location-coordinate-dataset.md,Exact UESP Gamemap marker match.
COORD-000222,LOC-000217,OBJ-002174,Traitor's Post,clearable_location,base_game,Skyrim,Skyrim,1,skyrim,302,Traitor's Post,Traitor's Post,30,,798441,,162680,37574,-10069,exact_marker,uesp_gamemap_page,high,same_worldspace_xy,https://gamemap.uesp.net/sr/?world=skyrim&x=162680&y=37574&zoom=15,SRC-000423,SN-000123-location-coordinate-dataset.md,Exact UESP Gamemap marker match.
COORD-000223,LOC-000218,OBJ-002175,Treva's Watch,clearable_location,base_game,Skyrim,Skyrim,1,skyrim,126,Treva's Watch,Treva's Watch,6,,90822,,112109,-82837,11124,exact_marker,uesp_gamemap_page,high,same_worldspace_xy,https://gamemap.uesp.net/sr/?world=skyrim&x=112109&y=-82837&zoom=15,SRC-000423,SN-000123-location-coordinate-dataset.md,Exact UESP Gamemap marker match.
COORD-000224,LOC-000219,OBJ-002176,Tumble Arch Pass,clearable_location,base_game,Skyrim,Skyrim,1,skyrim,149,Tumble Arch Pass,Tumble Arch Pass,29,,90823,,67923,30778,-6955,exact_marker,uesp_gamemap_page,high,same_worldspace_xy,https://gamemap.uesp.net/sr/?world=skyrim&x=67923&y=30778&zoom=15,SRC-000423,SN-000123-location-coordinate-dataset.md,Exact UESP Gamemap marker match.
COORD-000225,LOC-000220,OBJ-002177,Uttering Hills Cave,clearable_location,base_game,Skyrim,Skyrim,1,skyrim,29,Uttering Hills Cave,Uttering Hills Cave,4,UtteringHillsCaveMapMarker,90824,,103646,20255,-8032,exact_marker,uesp_gamemap_page,high,same_worldspace_xy,https://gamemap.uesp.net/sr/?world=skyrim&x=103646&y=20255&zoom=15,SRC-000423,SN-000123-location-coordinate-dataset.md,Exact UESP Gamemap marker match.
COORD-000226,LOC-000221,OBJ-002178,Vahlok's Tomb,clearable_location,dragonborn,Solstheim,Solstheim,2,solstheim,2551,Vahlok's Tomb,Vahlok's Tomb,7,DLC2VahloksTombMapMarkerDUPLICATE001,33637323,,70722,51191,6128,exact_marker,uesp_gamemap_page,high,same_worldspace_xy,https://gamemap.uesp.net/sr/?world=solstheim&x=70722&y=51191&zoom=15,SRC-000423,SN-000123-location-coordinate-dataset.md,Exact UESP Gamemap marker match.
COORD-000227,LOC-000222,OBJ-002179,Valtheim Towers,clearable_location,base_game,Skyrim,Skyrim,1,skyrim,264,Valtheim Towers,Valtheim Towers,31,,90825,,74450,-1044,-4293,exact_marker,uesp_gamemap_page,high,same_worldspace_xy,https://gamemap.uesp.net/sr/?world=skyrim&x=74450&y=-1044&zoom=15,SRC-000423,SN-000123-location-coordinate-dataset.md,Exact UESP Gamemap marker match.
COORD-000228,LOC-000223,OBJ-002180,Valthume,clearable_location,base_game,Skyrim,Skyrim,1,skyrim,228,Valthume,Valthume,7,,579030,,-114984,-31215,385,exact_marker,uesp_gamemap_page,high,same_worldspace_xy,https://gamemap.uesp.net/sr/?world=skyrim&x=-114984&y=-31215&zoom=15,SRC-000423,SN-000123-location-coordinate-dataset.md,Exact UESP Gamemap marker match.
COORD-000229,LOC-000224,OBJ-002181,Volskygge,clearable_location,base_game,Skyrim,Skyrim,1,skyrim,235,Volskygge,Volskygge,7,VolskyggeMapMarker,90826,,-130324,92287,-6760,exact_marker,uesp_gamemap_page,high,same_worldspace_xy,https://gamemap.uesp.net/sr/?world=skyrim&x=-130324&y=92287&zoom=15,SRC-000423,SN-000123-location-coordinate-dataset.md,Exact UESP Gamemap marker match.
COORD-000230,LOC-000225,OBJ-002182,Volunruud,clearable_location,base_game,Skyrim,Skyrim,1,skyrim,245,Volunruud,Volunruud,7,,90724,,10419,31080,-831,exact_marker,uesp_gamemap_page,high,same_worldspace_xy,https://gamemap.uesp.net/sr/?world=skyrim&x=10419&y=31080&zoom=15,SRC-000423,SN-000123-location-coordinate-dataset.md,Exact UESP Gamemap marker match.
COORD-000231,LOC-000226,OBJ-002183,Water Stone,clearable_location,base_game,Solstheim,Solstheim,2,solstheim,2521,Water Stone,Water Stone,55,DLC2StoneWaterMapMarker,33637350,,21588,64459,3560,exact_marker,uesp_gamemap_page,high,same_worldspace_xy,https://gamemap.uesp.net/sr/?world=solstheim&x=21588&y=64459&zoom=15,SRC-000423,SN-000123-location-coordinate-dataset.md,Exact UESP Gamemap marker match.
COORD-000232,LOC-000227,OBJ-002184,Weynon Stones,clearable_location,base_game,Skyrim,Skyrim,1,skyrim,188,Weynon Stones,Weynon Stones,11,,770218,,44570,46989,-8946,exact_marker,uesp_gamemap_page,high,same_worldspace_xy,https://gamemap.uesp.net/sr/?world=skyrim&x=44570&y=46989&zoom=15,SRC-000423,SN-000123-location-coordinate-dataset.md,Exact UESP Gamemap marker match.
COORD-000233,LOC-000228,OBJ-002185,White Ridge Barrow,clearable_location,dragonborn,Solstheim,Solstheim,2,solstheim,2535,White Ridge Barrow,White Ridge Barrow,7,,33637325,,33692,76147,8754,exact_marker,uesp_gamemap_page,high,same_worldspace_xy,https://gamemap.uesp.net/sr/?world=solstheim&x=33692&y=76147&zoom=15,SRC-000423,SN-000123-location-coordinate-dataset.md,Exact UESP Gamemap marker match.
COORD-000234,LOC-000229,OBJ-002186,White River Watch,clearable_location,base_game,Skyrim,Skyrim,1,skyrim,28,White River Watch,White River Watch,4,WhiteRiverWatchMapMarker,90829,,41828,-14683,-1807,exact_marker,uesp_gamemap_page,high,same_worldspace_xy,https://gamemap.uesp.net/sr/?world=skyrim&x=41828&y=-14683&zoom=15,SRC-000423,SN-000123-location-coordinate-dataset.md,Exact UESP Gamemap marker match.
COORD-000235,LOC-000230,OBJ-002187,Widow's Watch Ruins,clearable_location,base_game,Skyrim,Skyrim,1,skyrim,181,Widow's Watch Ruins,Widow's Watch Ruins,22,,979111,,-104945,122912,-10913,exact_marker,uesp_gamemap_page,high,same_worldspace_xy,https://gamemap.uesp.net/sr/?world=skyrim&x=-104945&y=122912&zoom=15,SRC-000423,SN-000123-location-coordinate-dataset.md,Exact UESP Gamemap marker match.
COORD-000236,LOC-000231,OBJ-002188,Wind Stone,clearable_location,base_game,Solstheim,Solstheim,2,solstheim,2520,Wind Stone,Wind Stone,55,DLC2StoneWindMapMarker,33637351,,63355,75109,2404,exact_marker,uesp_gamemap_page,high,same_worldspace_xy,https://gamemap.uesp.net/sr/?world=solstheim&x=63355&y=75109&zoom=15,SRC-000423,SN-000123-location-coordinate-dataset.md,Exact UESP Gamemap marker match.
COORD-000237,LOC-000232,OBJ-002189,Windward Ruins,clearable_location,base_game,Skyrim,Skyrim,1,skyrim,220,Windward Ruins,Windward Ruins,32,,798444,,19350,92519,-11687,exact_marker,uesp_gamemap_page,high,same_worldspace_xy,https://gamemap.uesp.net/sr/?world=skyrim&x=19350&y=92519&zoom=15,SRC-000423,SN-000123-location-coordinate-dataset.md,Exact UESP Gamemap marker match.
COORD-000238,LOC-000233,OBJ-002190,Wolfskull Cave,clearable_location,base_game,Skyrim,Skyrim,1,skyrim,27,Wolfskull Cave,Wolfskull Cave,4,WolfskullCave,90833,,-97494,107386,-5686,exact_marker,uesp_gamemap_page,high,same_worldspace_xy,https://gamemap.uesp.net/sr/?world=skyrim&x=-97494&y=107386&zoom=15,SRC-000423,SN-000123-location-coordinate-dataset.md,Exact UESP Gamemap marker match.
COORD-000239,LOC-000234,OBJ-002191,Wreck Of The Brinehammer,clearable_location,base_game,Skyrim,Skyrim,1,skyrim,311,Wreck Of The Brinehammer,Wreck Of The Brinehammer,9,,162AB,,-2369,119364,-13170,exact_marker,uesp_gamemap_page,high,same_worldspace_xy,https://gamemap.uesp.net/sr/?world=skyrim&x=-2369&y=119364&zoom=15,SRC-000423,SN-000123-location-coordinate-dataset.md,Exact UESP Gamemap marker match.
COORD-000240,LOC-000235,OBJ-002192,Wreck of The Pride of Tel Vos,clearable_location,base_game,Skyrim,Skyrim,1,skyrim,308,Wreck of The Pride of Tel Vos,Wreck of The Pride of Tel Vos,9,,90798,,137923,107239,-13471,exact_marker,uesp_gamemap_page,high,same_worldspace_xy,https://gamemap.uesp.net/sr/?world=skyrim&x=137923&y=107239&zoom=15,SRC-000423,SN-000123-location-coordinate-dataset.md,Exact UESP Gamemap marker match.
COORD-000241,LOC-000236,OBJ-002193,Wreck of the Strident Squall,clearable_location,dragonborn,Solstheim,Solstheim,2,solstheim,2533,Wreck of the Strident Squall,Wreck of the Strident Squall,9,,33637327,,36220,11292,583,exact_marker,uesp_gamemap_page,high,same_worldspace_xy,https://gamemap.uesp.net/sr/?world=solstheim&x=36220&y=11292&zoom=15,SRC-000423,SN-000123-location-coordinate-dataset.md,Exact UESP Gamemap marker match.
COORD-000242,LOC-000237,OBJ-002194,Wreck of the Winter War,clearable_location,base_game,Skyrim,Skyrim,1,skyrim,307,Wreck of the Winter War,Wreck of the Winter War,9,,90799,,171429,65473,-11905,exact_marker,uesp_gamemap_page,high,same_worldspace_xy,https://gamemap.uesp.net/sr/?world=skyrim&x=171429&y=65473&zoom=15,SRC-000423,SN-000123-location-coordinate-dataset.md,Exact UESP Gamemap marker match.
COORD-000243,LOC-000238,OBJ-002195,Yngol Barrow,clearable_location,base_game,Skyrim,Skyrim,1,skyrim,243,Yngol Barrow,Yngol Barrow,7,YngolBarrowMapMarker,90737,,157767,47259,-13373,exact_marker,uesp_gamemap_page,high,same_worldspace_xy,https://gamemap.uesp.net/sr/?world=skyrim&x=157767&y=47259&zoom=15,SRC-000423,SN-000123-location-coordinate-dataset.md,Exact UESP Gamemap marker match.
COORD-000244,LOC-000239,OBJ-002196,Yngvild,clearable_location,base_game,Skyrim,Skyrim,1,skyrim,26,Yngvild,Yngvild,4,MapMarkerYngvildREF,90835,,57393,115440,-11717,exact_marker,uesp_gamemap_page,high,same_worldspace_xy,https://gamemap.uesp.net/sr/?world=skyrim&x=57393&y=115440&zoom=15,SRC-000423,SN-000123-location-coordinate-dataset.md,Exact UESP Gamemap marker match.
COORD-000245,LOC-000240,OBJ-002197,Yorgrim Overlook,clearable_location,base_game,Skyrim,Skyrim,1,skyrim,222,Yorgrim Overlook,Yorgrim Overlook,32,,799743,,94302,53067,-3544,exact_marker,uesp_gamemap_page,high,same_worldspace_xy,https://gamemap.uesp.net/sr/?world=skyrim&x=94302&y=53067&zoom=15,SRC-000423,SN-000123-location-coordinate-dataset.md,Exact UESP Gamemap marker match.
COORD-000246,LOC-000241,OBJ-002198,Ysgramor's Tomb,clearable_location,base_game,Skyrim,Skyrim,1,skyrim,233,Ysgramor's Tomb,Ysgramor's Tomb,7,YsgramorsTombMapMarkerREF,90834,,94633,120812,-13481,exact_marker,uesp_gamemap_page,high,same_worldspace_xy,https://gamemap.uesp.net/sr/?world=skyrim&x=94633&y=120812&zoom=15,SRC-000423,SN-000123-location-coordinate-dataset.md,Exact UESP Gamemap marker match.
COORD-000247,LOC-000242,OBJ-002199,Abandoned Lodge,discoverable_non_clearable,base_game,Solstheim,Solstheim,2,solstheim,2516,Abandoned Lodge,Abandoned Lodge,30,,33651560,,35747,52080,5832,exact_marker,uesp_gamemap_page,high,same_worldspace_xy,https://gamemap.uesp.net/sr/?world=solstheim&x=35747&y=52080&zoom=15,SRC-000423,SN-000123-location-coordinate-dataset.md,Exact UESP Gamemap marker match.
COORD-000248,LOC-000243,OBJ-002200,Abandoned Shack,discoverable_non_clearable,base_game,Skyrim,Skyrim,1,skyrim,299,Abandoned Shack,Abandoned Shack,30,AbandonedShackMapMarker,337229,,-34082,93830,-13859,exact_marker,uesp_gamemap_page,high,same_worldspace_xy,https://gamemap.uesp.net/sr/?world=skyrim&x=-34082&y=93830&zoom=15,SRC-000423,SN-000123-location-coordinate-dataset.md,Exact UESP Gamemap marker match.
COORD-000249,LOC-000244,OBJ-002201,Alchemist's Shack,discoverable_non_clearable,base_game,Skyrim,Skyrim,1,skyrim,296,Alchemist's Shack,Alchemist's Shack,30,,866609,,71488,-84160,10656,exact_marker,uesp_gamemap_page,high,same_worldspace_xy,https://gamemap.uesp.net/sr/?world=skyrim&x=71488&y=-84160&zoom=15,SRC-000423,SN-000123-location-coordinate-dataset.md,Exact UESP Gamemap marker match.
COORD-000250,LOC-000245,OBJ-002202,Ancestor Glade,discoverable_non_clearable,dawnguard,Skyrim,Skyrim,1,skyrim,2282,Ancestor Glade (DG),Ancestor Glade,10,DLC1AncestorGladeMapMarker,33573797,,-13273,-95941,9628,exact_marker,uesp_gamemap_page,high,same_worldspace_xy,https://gamemap.uesp.net/sr/?world=skyrim&x=-13273&y=-95941&zoom=15,SRC-000423,SN-000123-location-coordinate-dataset.md,Exact UESP Gamemap marker match.
COORD-000251,LOC-000246,OBJ-002203,Anga's Mill,discoverable_non_clearable,base_game,Skyrim,Skyrim,1,skyrim,361,Anga's Mill,Anga's Mill,14,AngasMillMapMarker,90838,,111622,32316,-11877,exact_marker,uesp_gamemap_page,high,same_worldspace_xy,https://gamemap.uesp.net/sr/?world=skyrim&x=111622&y=32316&zoom=15,SRC-000423,SN-000123-location-coordinate-dataset.md,Exact UESP Gamemap marker match.
COORD-000252,LOC-000247,OBJ-002204,Angi's Camp,discoverable_non_clearable,base_game,Skyrim,Skyrim,1,skyrim,298,Angi's Camp,Angi's Camp,30,,848509,,-26614,-104900,12540,exact_marker,uesp_gamemap_page,high,same_worldspace_xy,https://gamemap.uesp.net/sr/?world=skyrim&x=-26614&y=-104900&zoom=15,SRC-000423,SN-000123-location-coordinate-dataset.md,Exact UESP Gamemap marker match.
COORD-000253,LOC-000248,OBJ-002205,Anise's Cabin,discoverable_non_clearable,base_game,Skyrim,Skyrim,1,skyrim,292,Anise's Cabin,Anise's Cabin,30,,890161,,668,-52577,1728,exact_marker,uesp_gamemap_page,high,same_worldspace_xy,https://gamemap.uesp.net/sr/?world=skyrim&x=668&y=-52577&zoom=15,SRC-000423,SN-000123-location-coordinate-dataset.md,Exact UESP Gamemap marker match.
COORD-000254,LOC-000249,OBJ-002206,Ashfall's Tear,discoverable_non_clearable,ae_creation,Solstheim,Solstheim,2,solstheim,2711,Ashfall's Tear (CC),Ashfall's Tear,4,,,,31612,42654,,exact_marker,uesp_gamemap_page,high,same_worldspace_xy,https://gamemap.uesp.net/sr/?world=solstheim&x=31612&y=42654&zoom=15,SRC-000423,SN-000123-location-coordinate-dataset.md,Exact UESP Gamemap marker match.
COORD-000255,LOC-000250,OBJ-002207,Bard's Leap Summit,discoverable_non_clearable,base_game,Skyrim,Skyrim,1,skyrim,194,Bard's Leap Summit,Bard's_Leap_Summit,11,,90638,,-91689,-35972,1956,exact_marker,uesp_gamemap_page,high,same_worldspace_xy,https://gamemap.uesp.net/sr/?world=skyrim&x=-91689&y=-35972&zoom=15,SRC-000423,SN-000123-location-coordinate-dataset.md,Exact UESP Gamemap marker match.
COORD-000256,LOC-000251,OBJ-002208,Battle-Born Farm,discoverable_non_clearable,base_game,Skyrim,Skyrim,1,skyrim,350,Battle-Born Farm,Battle-Born Farm,19,,90930,,33696,-4928,-4288,exact_marker,uesp_gamemap_page,high,same_worldspace_xy,https://gamemap.uesp.net/sr/?world=skyrim&x=33696&y=-4928&zoom=15,SRC-000423,SN-000123-location-coordinate-dataset.md,Exact UESP Gamemap marker match.
COORD-000257,LOC-000252,OBJ-002209,Black-Briar Lodge,discoverable_non_clearable,base_game,Skyrim,Skyrim,1,skyrim,277,Black-Briar Lodge,Black-Briar Lodge,3,,687333,,197983,-97499,9825,exact_marker,uesp_gamemap_page,high,same_worldspace_xy,https://gamemap.uesp.net/sr/?world=skyrim&x=197983&y=-97499&zoom=15,SRC-000423,SN-000123-location-coordinate-dataset.md,Exact UESP Gamemap marker match.
COORD-000258,LOC-000253,OBJ-002210,Blackbone Isle,discoverable_non_clearable,ae_creation,Skyrim,Skyrim,1,skyrim,2491,Blackbone Isle (CC),Blackbone Isle,4,,,,-200897,113417,,exact_marker,uesp_gamemap_page,high,same_worldspace_xy,https://gamemap.uesp.net/sr/?world=skyrim&x=-200897&y=113417&zoom=15,SRC-000423,SN-000123-location-coordinate-dataset.md,Exact UESP Gamemap marker match.
COORD-000259,LOC-000254,OBJ-002211,Bloodchill Cavern,discoverable_non_clearable,ae_creation,Skyrim,Skyrim,1,skyrim,2498,Bloodchill Cavern (CC),Bloodchill Cavern,4,,,,62832,66590,,exact_marker,uesp_gamemap_page,high,same_worldspace_xy,https://gamemap.uesp.net/sr/?world=skyrim&x=62832&y=66590&zoom=15,SRC-000423,SN-000123-location-coordinate-dataset.md,Exact UESP Gamemap marker match.
COORD-000260,LOC-000255,OBJ-002212,Blue Palace,discoverable_non_clearable,base_game,Skyrim,Skyrim,1,skyrim,319,Blue Palace,Blue Palace,41,SolitudeBluePalaceMapMarker,804011,,-51766,100955,-8546,exact_marker,uesp_gamemap_page,high,same_worldspace_xy,https://gamemap.uesp.net/sr/?world=skyrim&x=-51766&y=100955&zoom=15,SRC-000423,SN-000123-location-coordinate-dataset.md,Exact UESP Gamemap marker match.
COORD-000261,LOC-000256,OBJ-002213,Brandy-Mug Farm,discoverable_non_clearable,base_game,Skyrim,Skyrim,1,skyrim,283,Brandy-Mug Farm,Brandy-Mug Farm,3,,90937,,140367,25867,-12879,exact_marker,uesp_gamemap_page,high,same_worldspace_xy,https://gamemap.uesp.net/sr/?world=skyrim&x=140367&y=25867&zoom=15,SRC-000423,SN-000123-location-coordinate-dataset.md,Exact UESP Gamemap marker match.
COORD-000262,LOC-000257,OBJ-002214,Brinewater Grotto,discoverable_non_clearable,base_game,Skyrim,Skyrim,1,skyrim,24,Brinewater Grotto,Brinewater Grotto,4,,181842,,-54050,131834,-13362,exact_marker,uesp_gamemap_page,high,same_worldspace_xy,https://gamemap.uesp.net/sr/?world=skyrim&x=-54050&y=131834&zoom=15,SRC-000423,SN-000123-location-coordinate-dataset.md,Exact UESP Gamemap marker match.
COORD-000263,LOC-000258,OBJ-002215,Bujold's Retreat,discoverable_non_clearable,base_game,Solstheim,Solstheim,2,solstheim,2552,Bujold's Retreat,Bujold's Retreat,5,,33637328,,80276,58550,691,exact_marker,uesp_gamemap_page,high,same_worldspace_xy,https://gamemap.uesp.net/sr/?world=solstheim&x=80276&y=58550&zoom=15,SRC-000423,SN-000123-location-coordinate-dataset.md,Exact UESP Gamemap marker match.
COORD-000264,LOC-000259,OBJ-002216,Castle Volkihar,discoverable_non_clearable,dawnguard,Skyrim,Skyrim,1,skyrim,2290,Castle Volkihar (DG),Castle Volkihar,6,DLC1VampireCastleMapMarker,33602125,,-177219,147389,-12472,exact_marker,uesp_gamemap_page,high,same_worldspace_xy,https://gamemap.uesp.net/sr/?world=skyrim&x=-177219&y=147389&zoom=15,SRC-000423,SN-000123-location-coordinate-dataset.md,Exact UESP Gamemap marker match.
COORD-000265,LOC-000260,OBJ-002217,Castle Volkihar Balcony,discoverable_non_clearable,dawnguard,Skyrim,Skyrim,1,skyrim,2291,Castle Volkihar Balcony (DG),Castle Volkihar Balcony,31,,33608037,,-168932,149155,-10016,exact_marker,uesp_gamemap_page,high,same_worldspace_xy,https://gamemap.uesp.net/sr/?world=skyrim&x=-168932&y=149155&zoom=15,SRC-000423,SN-000123-location-coordinate-dataset.md,Exact UESP Gamemap marker match.
COORD-000266,LOC-000261,OBJ-002218,Champion's Rest,discoverable_non_clearable,ae_creation,Skyrim,Skyrim,1,skyrim,2490,Champion's Rest (CC),Champion's Rest,7,,,,192118,-65774,,exact_marker,uesp_gamemap_page,high,same_worldspace_xy,https://gamemap.uesp.net/sr/?world=skyrim&x=192118&y=-65774&zoom=15,SRC-000423,SN-000123-location-coordinate-dataset.md,Exact UESP Gamemap marker match.
COORD-000267,LOC-000262,OBJ-002219,Chillfurrow Farm,discoverable_non_clearable,base_game,Skyrim,Skyrim,1,skyrim,349,Chillfurrow Farm,Chillfurrow Farm,19,,90940,,31524,-10251,-4120,exact_marker,uesp_gamemap_page,high,same_worldspace_xy,https://gamemap.uesp.net/sr/?world=skyrim&x=31524&y=-10251&zoom=15,SRC-000423,SN-000123-location-coordinate-dataset.md,Exact UESP Gamemap marker match.
COORD-000268,LOC-000263,OBJ-002220,Cliffside Retreat,discoverable_non_clearable,base_game,Skyrim,Skyrim,1,skyrim,301,Cliffside Retreat,Cliffside Retreat,30,,729995,,-107785,56746,-7608,exact_marker,uesp_gamemap_page,high,same_worldspace_xy,https://gamemap.uesp.net/sr/?world=skyrim&x=-107785&y=56746&zoom=15,SRC-000423,SN-000123-location-coordinate-dataset.md,Exact UESP Gamemap marker match.
COORD-000269,LOC-000264,OBJ-002221,College of Winterhold,discoverable_non_clearable,base_game,Skyrim,Skyrim,1,skyrim,356,College of Winterhold,College of Winterhold (place),45,WinterholdCollegeMapMarkerRef,289759,,116259,111530,-7720,exact_marker,uesp_gamemap_page,high,same_worldspace_xy,https://gamemap.uesp.net/sr/?world=skyrim&x=116259&y=111530&zoom=15,SRC-000423,SN-000123-location-coordinate-dataset.md,Exact UESP Gamemap marker match.
COORD-000270,LOC-000265,OBJ-002222,Crabber's Shanty,discoverable_non_clearable,base_game,Skyrim,Skyrim,1,skyrim,294,Crabber's Shanty,Crabber's Shanty,30,,943783,,-71486,44119,-12161,exact_marker,uesp_gamemap_page,high,same_worldspace_xy,https://gamemap.uesp.net/sr/?world=skyrim&x=-71486&y=44119&zoom=15,SRC-000423,SN-000123-location-coordinate-dataset.md,Exact UESP Gamemap marker match.
COORD-000271,LOC-000266,OBJ-002223,Crowstooth's Camp,discoverable_non_clearable,base_game,Skyrim,,,,,,,,,,,,,,unmapped_no_marker,manual_unmapped,none,not_comparable,,SRC-000423,SN-000123-location-coordinate-dataset.md,Crowstooth's Camp has no matching Gamemap marker; the UESP page gives relative directions only.
COORD-000272,LOC-000267,OBJ-002224,Dark Brotherhood Sanctuary,discoverable_non_clearable,base_game,Skyrim,Skyrim,1,skyrim,281,Dark Brotherhood Sanctuary,Dark Brotherhood Sanctuary,3,DBSanctuaryMapMarker,115632,,-41600,-83776,-4368,exact_marker,uesp_gamemap_page,high,same_worldspace_xy,https://gamemap.uesp.net/sr/?world=skyrim&x=-41600&y=-83776&zoom=15,SRC-000423,SN-000123-location-coordinate-dataset.md,Exact UESP Gamemap marker match.
COORD-000273,LOC-000268,OBJ-002225,Darkfall Cave,discoverable_non_clearable,dawnguard,Skyrim,Skyrim,1,skyrim,2284,Darkfall Cave (DG),Darkfall Cave,4,DLC1VQ07MapMarker,33573903,,-154519,72471,-5247,exact_marker,uesp_gamemap_page,high,same_worldspace_xy,https://gamemap.uesp.net/sr/?world=skyrim&x=-154519&y=72471&zoom=15,SRC-000423,SN-000123-location-coordinate-dataset.md,Exact UESP Gamemap marker match.
COORD-000274,LOC-000269,OBJ-002226,Darkwater Crossing,discoverable_non_clearable,base_game,Skyrim,Skyrim,1,skyrim,212,Darkwater Crossing,Darkwater Crossing,15,DarkwaterCrossingMapMarker,96050,,120428,-33954,-9782,exact_marker,uesp_gamemap_page,high,same_worldspace_xy,https://gamemap.uesp.net/sr/?world=skyrim&x=120428&y=-33954&zoom=15,SRC-000423,SN-000123-location-coordinate-dataset.md,Exact UESP Gamemap marker match.
COORD-000275,LOC-000270,OBJ-002227,Dawnstar,discoverable_non_clearable,base_game,Skyrim,Skyrim,1,skyrim,82,Dawnstar,Dawnstar,52,DawnstarMapMarkerREF,96058,,30808,106138,-13921,exact_marker,uesp_gamemap_page,high,same_worldspace_xy,https://gamemap.uesp.net/sr/?world=skyrim&x=30808&y=106138&zoom=15,SRC-000423,SN-000123-location-coordinate-dataset.md,Exact UESP Gamemap marker match.
COORD-000276,LOC-000271,OBJ-002228,Dawnstar Sanctuary,discoverable_non_clearable,base_game,Skyrim,Skyrim,1,skyrim,278,Dawnstar Sanctuary,Dawnstar Sanctuary,3,,385190,,31376,113970,-13816,exact_marker,uesp_gamemap_page,high,same_worldspace_xy,https://gamemap.uesp.net/sr/?world=skyrim&x=31376&y=113970&zoom=15,SRC-000423,SN-000123-location-coordinate-dataset.md,Exact UESP Gamemap marker match.
COORD-000277,LOC-000272,OBJ-002229,Deep Folk Crossing,discoverable_non_clearable,base_game,Skyrim,Skyrim,1,skyrim,195,Deep Folk Crossing,Deep Folk Crossing,11,,729999,,-168905,59403,-4422,exact_marker,uesp_gamemap_page,high,same_worldspace_xy,https://gamemap.uesp.net/sr/?world=skyrim&x=-168905&y=59403&zoom=15,SRC-000423,SN-000123-location-coordinate-dataset.md,Exact UESP Gamemap marker match.
COORD-000278,LOC-000273,OBJ-002230,Dragon Bridge,discoverable_non_clearable,base_game,Skyrim,Skyrim,1,skyrim,343,Dragon Bridge,Dragon Bridge,2,DragonBridgeMapMarker,96083,,-102148,82900,-12210,exact_marker,uesp_gamemap_page,high,same_worldspace_xy,https://gamemap.uesp.net/sr/?world=skyrim&x=-102148&y=82900&zoom=15,SRC-000423,SN-000123-location-coordinate-dataset.md,Exact UESP Gamemap marker match.
COORD-000279,LOC-000274,OBJ-002231,Dragonsreach,discoverable_non_clearable,base_game,Skyrim,Skyrim,1,skyrim,352,Dragonsreach,Dragonsreach,39,WhiterunDragonsReachMapMarker,804013,,26872,209,-1656,exact_marker,uesp_gamemap_page,high,same_worldspace_xy,https://gamemap.uesp.net/sr/?world=skyrim&x=26872&y=209&zoom=15,SRC-000423,SN-000123-location-coordinate-dataset.md,Exact UESP Gamemap marker match.
COORD-000280,LOC-000275,OBJ-002232,Dushnikh Yal,discoverable_non_clearable,base_game,Skyrim,Skyrim,1,skyrim,271,Dushnikh Yal,Dushnikh Yal,28,DushnikhYalMapMarkerREF,90686,,-145543,-22742,-1052,exact_marker,uesp_gamemap_page,high,same_worldspace_xy,https://gamemap.uesp.net/sr/?world=skyrim&x=-145543&y=-22742&zoom=15,SRC-000423,SN-000123-location-coordinate-dataset.md,Exact UESP Gamemap marker match.
COORD-000281,LOC-000276,OBJ-002233,East Empire Company Warehouse,discoverable_non_clearable,base_game,Skyrim,Skyrim,1,skyrim,83,East Empire Company Warehouse,East Empire Company Warehouse,33,,327410,,-66223,98839,-13882,exact_marker,uesp_gamemap_page,high,same_worldspace_xy,https://gamemap.uesp.net/sr/?world=skyrim&x=-66223&y=98839&zoom=15,SRC-000423,SN-000123-location-coordinate-dataset.md,Exact UESP Gamemap marker match.
COORD-000282,LOC-000277,OBJ-002234,Eastmarch Imperial Camp,discoverable_non_clearable,base_game,Skyrim,Skyrim,1,skyrim,177,Eastmarch Imperial Camp,Eastmarch Imperial Camp,16,MilitaryCampEastmarchImperialMapMarker,612872,,174722,-19865,-1928,exact_marker,uesp_gamemap_page,high,same_worldspace_xy,https://gamemap.uesp.net/sr/?world=skyrim&x=174722&y=-19865&zoom=15,SRC-000423,SN-000123-location-coordinate-dataset.md,Exact UESP Gamemap marker match.
COORD-000283,LOC-000278,OBJ-002235,Eldergleam Sanctuary,discoverable_non_clearable,base_game,Skyrim,Skyrim,1,skyrim,34,Eldergleam Sanctuary,Eldergleam Sanctuary,4,EldergleamSanctuaryMapMarkerREF,90807,,119988,-22521,-9735,exact_marker,uesp_gamemap_page,high,same_worldspace_xy,https://gamemap.uesp.net/sr/?world=skyrim&x=119988&y=-22521&zoom=15,SRC-000423,SN-000123-location-coordinate-dataset.md,Exact UESP Gamemap marker match.
COORD-000284,LOC-000279,OBJ-002236,Falkreath,discoverable_non_clearable,base_game,Skyrim,Skyrim,1,skyrim,117,Falkreath,Falkreath,50,FalkreathMapMarker,96096,,-30296,-86284,-3107,exact_marker,uesp_gamemap_page,high,same_worldspace_xy,https://gamemap.uesp.net/sr/?world=skyrim&x=-30296&y=-86284&zoom=15,SRC-000423,SN-000123-location-coordinate-dataset.md,Exact UESP Gamemap marker match.
COORD-000285,LOC-000280,OBJ-002237,Falkreath Imperial Camp,discoverable_non_clearable,base_game,Skyrim,Skyrim,1,skyrim,171,Falkreath Imperial Camp,Falkreath Imperial Camp,16,MilitaryCampFalkreathImperialMapMarker,90755,,-68047,-51560,463,exact_marker,uesp_gamemap_page,high,same_worldspace_xy,https://gamemap.uesp.net/sr/?world=skyrim&x=-68047&y=-51560&zoom=15,SRC-000423,SN-000123-location-coordinate-dataset.md,Exact UESP Gamemap marker match.
COORD-000286,LOC-000281,OBJ-002238,Falkreath Stormcloak Camp,discoverable_non_clearable,base_game,Skyrim,Skyrim,1,skyrim,329,Falkreath Stormcloak Camp,Falkreath Stormcloak Camp,17,MilitaryCampFalkreathSonsMapMarker,90754,,39501,-74990,13427,exact_marker,uesp_gamemap_page,high,same_worldspace_xy,https://gamemap.uesp.net/sr/?world=skyrim&x=39501&y=-74990&zoom=15,SRC-000423,SN-000123-location-coordinate-dataset.md,Exact UESP Gamemap marker match.
COORD-000287,LOC-000282,OBJ-002239,Forebears' Holdout,discoverable_non_clearable,dawnguard,Skyrim,Skyrim,1,skyrim,2286,Forebears' Holdout (DG),Forebears' Holdout,4,DLC1ForbearsHoldoutMapMarkerREF,33570046,,-85230,68069,-11231,exact_marker,uesp_gamemap_page,high,same_worldspace_xy,https://gamemap.uesp.net/sr/?world=skyrim&x=-85230&y=68069&zoom=15,SRC-000423,SN-000123-location-coordinate-dataset.md,Exact UESP Gamemap marker match.
COORD-000288,LOC-000283,OBJ-002240,Forgotten Vale,discoverable_non_clearable,dawnguard,Skyrim,Skyrim,1,skyrim,2296,Forgotten Vale (DG),Forgotten Vale,24,,33589472,,-184547,74793,780,exact_marker,uesp_gamemap_page,high,same_worldspace_xy,https://gamemap.uesp.net/sr/?world=skyrim&x=-184547&y=74793&zoom=15,SRC-000423,SN-000123-location-coordinate-dataset.md,Exact UESP Gamemap marker match.
COORD-000289,LOC-000284,OBJ-002241,Fort Amol,discoverable_non_clearable,base_game,Skyrim,Skyrim,1,skyrim,142,Fort Amol,Fort Amol,6,,90697,,100336,-22861,-9313,exact_marker,uesp_gamemap_page,high,same_worldspace_xy,https://gamemap.uesp.net/sr/?world=skyrim&x=100336&y=-22861&zoom=15,SRC-000423,SN-000123-location-coordinate-dataset.md,Exact UESP Gamemap marker match.
COORD-000290,LOC-000285,OBJ-002242,Fort Dawnguard,discoverable_non_clearable,dawnguard,Skyrim,Skyrim,1,skyrim,2295,Fort Dawnguard (DG),Fort Dawnguard,6,DLC1DawnguardMapMarkerMain,33636129,,219678,-109576,14244,exact_marker,uesp_gamemap_page,high,same_worldspace_xy,https://gamemap.uesp.net/sr/?world=skyrim&x=219678&y=-109576&zoom=15,SRC-000423,SN-000123-location-coordinate-dataset.md,Exact UESP Gamemap marker match.
COORD-000291,LOC-000286,OBJ-002243,Fort Dunstad,discoverable_non_clearable,base_game,Skyrim,Skyrim,1,skyrim,140,Fort Dunstad,Fort Dunstad,6,,90699,,28971,61699,-8536,exact_marker,uesp_gamemap_page,high,same_worldspace_xy,https://gamemap.uesp.net/sr/?world=skyrim&x=28971&y=61699&zoom=15,SRC-000423,SN-000123-location-coordinate-dataset.md,Exact UESP Gamemap marker match.
COORD-000292,LOC-000287,OBJ-002244,Fort Greenwall,discoverable_non_clearable,base_game,Skyrim,Skyrim,1,skyrim,138,Fort Greenwall,Fort Greenwall,6,,90701,,167976,-72409,9118,exact_marker,uesp_gamemap_page,high,same_worldspace_xy,https://gamemap.uesp.net/sr/?world=skyrim&x=167976&y=-72409&zoom=15,SRC-000423,SN-000123-location-coordinate-dataset.md,Exact UESP Gamemap marker match.
COORD-000293,LOC-000288,OBJ-002245,Fort Greymoor,discoverable_non_clearable,base_game,Skyrim,Skyrim,1,skyrim,141,Fort Greymoor,Fort Greymoor,6,test1,90698,,-13759,-8448,-5552,exact_marker,uesp_gamemap_page,high,same_worldspace_xy,https://gamemap.uesp.net/sr/?world=skyrim&x=-13759&y=-8448&zoom=15,SRC-000423,SN-000123-location-coordinate-dataset.md,Exact UESP Gamemap marker match.
COORD-000294,LOC-000289,OBJ-002246,Fort Hraggstad,discoverable_non_clearable,base_game,Skyrim,Skyrim,1,skyrim,123,Fort Hraggstad,Fort Hraggstad,6,FortHraggstadMapMarker,259344,,-112292,114083,-5402,exact_marker,uesp_gamemap_page,high,same_worldspace_xy,https://gamemap.uesp.net/sr/?world=skyrim&x=-112292&y=114083&zoom=15,SRC-000423,SN-000123-location-coordinate-dataset.md,Exact UESP Gamemap marker match.
COORD-000295,LOC-000290,OBJ-002247,Fort Kastav,discoverable_non_clearable,base_game,Skyrim,Skyrim,1,skyrim,137,Fort Kastav,Fort Kastav,6,,90703,,112486,53761,-3032,exact_marker,uesp_gamemap_page,high,same_worldspace_xy,https://gamemap.uesp.net/sr/?world=skyrim&x=112486&y=53761&zoom=15,SRC-000423,SN-000123-location-coordinate-dataset.md,Exact UESP Gamemap marker match.
COORD-000296,LOC-000291,OBJ-002248,Fort Neugrad,discoverable_non_clearable,base_game,Skyrim,Skyrim,1,skyrim,136,Fort Neugrad,Fort Neugrad,6,,90704,,33279,-91842,13182,exact_marker,uesp_gamemap_page,high,same_worldspace_xy,https://gamemap.uesp.net/sr/?world=skyrim&x=33279&y=-91842&zoom=15,SRC-000423,SN-000123-location-coordinate-dataset.md,Exact UESP Gamemap marker match.
COORD-000297,LOC-000292,OBJ-002249,Fort Snowhawk,discoverable_non_clearable,base_game,Skyrim,Skyrim,1,skyrim,135,Fort Snowhawk,Fort Snowhawk,6,FortSnowhawkMapMarker,90705,,-57034,69662,-11155,exact_marker,uesp_gamemap_page,high,same_worldspace_xy,https://gamemap.uesp.net/sr/?world=skyrim&x=-57034&y=69662&zoom=15,SRC-000423,SN-000123-location-coordinate-dataset.md,Exact UESP Gamemap marker match.
COORD-000298,LOC-000293,OBJ-002250,Fort Sungard,discoverable_non_clearable,base_game,Skyrim,Skyrim,1,skyrim,134,Fort Sungard,Fort Sungard,6,,90706,,-72571,-24475,183,exact_marker,uesp_gamemap_page,high,same_worldspace_xy,https://gamemap.uesp.net/sr/?world=skyrim&x=-72571&y=-24475&zoom=15,SRC-000423,SN-000123-location-coordinate-dataset.md,Exact UESP Gamemap marker match.
COORD-000299,LOC-000294,OBJ-002251,Froki's Shack,discoverable_non_clearable,base_game,Skyrim,Skyrim,1,skyrim,297,Froki's Shack,Froki's Shack,30,,866605,,95860,-101621,18789,exact_marker,uesp_gamemap_page,high,same_worldspace_xy,https://gamemap.uesp.net/sr/?world=skyrim&x=95860&y=-101621&zoom=15,SRC-000423,SN-000123-location-coordinate-dataset.md,Exact UESP Gamemap marker match.
COORD-000300,LOC-000295,OBJ-002252,Frostroot Cave,discoverable_non_clearable,base_game,Skyrim,Skyrim,1,skyrim,2497,Frostroot Cave (CC),Frostroot Cave,4,,,,191997,-25069,,exact_marker,uesp_gamemap_page,high,same_worldspace_xy,https://gamemap.uesp.net/sr/?world=skyrim&x=191997&y=-25069&zoom=15,SRC-000423,SN-000123-location-coordinate-dataset.md,Exact UESP Gamemap marker match.
COORD-000301,LOC-000296,OBJ-002253,Frykte Peak,discoverable_non_clearable,base_game,Solstheim,Solstheim,2,solstheim,2504,Frykte Peak,Frykte Peak,11,DLC2FryktePeakMapMarker,33792715,,40331,82291,12305,exact_marker,uesp_gamemap_page,high,same_worldspace_xy,https://gamemap.uesp.net/sr/?world=solstheim&x=40331&y=82291&zoom=15,SRC-000423,SN-000123-location-coordinate-dataset.md,Exact UESP Gamemap marker match.
COORD-000302,LOC-000297,OBJ-002254,Giant's Tooth,discoverable_non_clearable,ae_creation,Skyrim,Skyrim,1,skyrim,2716,Giant's Tooth (CC),Giant's Tooth,4,,33641408,,164319,150100,416,exact_marker,uesp_gamemap_page,high,same_worldspace_xy,https://gamemap.uesp.net/sr/?world=skyrim&x=164319&y=150100&zoom=15,SRC-000423,SN-000123-location-coordinate-dataset.md,Exact UESP Gamemap marker match.
COORD-000303,LOC-000298,OBJ-002255,Gjukar's Monument,discoverable_non_clearable,base_game,Skyrim,Skyrim,1,skyrim,189,Gjukar's Monument,Gjukar's Monument,11,,912782,,-62276,-9459,-5901,exact_marker,uesp_gamemap_page,high,same_worldspace_xy,https://gamemap.uesp.net/sr/?world=skyrim&x=-62276&y=-9459&zoom=15,SRC-000423,SN-000123-location-coordinate-dataset.md,Exact UESP Gamemap marker match.
COORD-000304,LOC-000299,OBJ-002256,Gloombound Mine,discoverable_non_clearable,base_game,Skyrim,Skyrim,1,skyrim,209,Gloombound Mine,Gloombound Mine,15,,90953,,159835,5185,-3571,exact_marker,uesp_gamemap_page,high,same_worldspace_xy,https://gamemap.uesp.net/sr/?world=skyrim&x=159835&y=5185&zoom=15,SRC-000423,SN-000123-location-coordinate-dataset.md,Exact UESP Gamemap marker match.
COORD-000305,LOC-000300,OBJ-002257,Goldenglow Estate,discoverable_non_clearable,base_game,Skyrim,Skyrim,1,skyrim,282,Goldenglow Estate,Goldenglow Estate,3,GoldenglowMapMarkerRef,108304,,155666,-97517,11120,exact_marker,uesp_gamemap_page,high,same_worldspace_xy,https://gamemap.uesp.net/sr/?world=skyrim&x=155666&y=-97517&zoom=15,SRC-000423,SN-000123-location-coordinate-dataset.md,Exact UESP Gamemap marker match.
COORD-000306,LOC-000301,OBJ-002258,Goldenhills Plantation,discoverable_non_clearable,ae_creation,Skyrim,Skyrim,1,skyrim,2499,Goldenhills Plantation (CC),Goldenhills Plantation,13,,,,-73249,657,,exact_marker,uesp_gamemap_page,high,same_worldspace_xy,https://gamemap.uesp.net/sr/?world=skyrim&x=-73249&y=657&zoom=15,SRC-000423,SN-000123-location-coordinate-dataset.md,Exact UESP Gamemap marker match.
COORD-000307,LOC-000302,OBJ-002259,Great Lift at Alftand,discoverable_non_clearable,base_game,Blackreach,Skyrim,1,skyrim,105,Great Lift at Alftand,Great Lift at Alftand,8,,1016283,,80492,55441,-2255,exact_marker,uesp_gamemap_page,high,same_worldspace_xy,https://gamemap.uesp.net/sr/?world=skyrim&x=80492&y=55441&zoom=15,SRC-000423,SN-000123-location-coordinate-dataset.md,Exact UESP Gamemap marker match.
COORD-000308,LOC-000303,OBJ-002260,Great Lift at Mzinchaleft,discoverable_non_clearable,base_game,Blackreach,Skyrim,1,skyrim,106,Great Lift at Mzinchaleft,Great Lift at Mzinchaleft,8,,1016282,,7143,78164,-11172,exact_marker,uesp_gamemap_page,high,same_worldspace_xy,https://gamemap.uesp.net/sr/?world=skyrim&x=7143&y=78164&zoom=15,SRC-000423,SN-000123-location-coordinate-dataset.md,Exact UESP Gamemap marker match.
COORD-000309,LOC-000304,OBJ-002261,Great Lift at Raldbthar,discoverable_non_clearable,base_game,Blackreach,Skyrim,1,skyrim,107,Great Lift at Raldbthar,Great Lift at Raldbthar,8,,1016281,,89746,28146,-5810,exact_marker,uesp_gamemap_page,high,same_worldspace_xy,https://gamemap.uesp.net/sr/?world=skyrim&x=89746&y=28146&zoom=15,SRC-000423,SN-000123-location-coordinate-dataset.md,Exact UESP Gamemap marker match.
COORD-000310,LOC-000305,OBJ-002262,Gromm's Pass,discoverable_non_clearable,ae_creation,Skyrim,Skyrim,1,skyrim,2489,Gromm's Pass (CC),Gromm's Pass,4,,,,180407,-126763,,exact_marker,uesp_gamemap_page,high,same_worldspace_xy,https://gamemap.uesp.net/sr/?world=skyrim&x=180407&y=-126763&zoom=15,SRC-000423,SN-000123-location-coordinate-dataset.md,Exact UESP Gamemap marker match.
COORD-000311,LOC-000306,OBJ-002263,Haafingar Stormcloak Camp,discoverable_non_clearable,base_game,Skyrim,Skyrim,1,skyrim,335,Haafingar Stormcloak Camp,Haafingar Stormcloak Camp,17,MilitaryCampHaafingarSonsMapMarker,610198,,-92574,89629,-12200,exact_marker,uesp_gamemap_page,high,same_worldspace_xy,https://gamemap.uesp.net/sr/?world=skyrim&x=-92574&y=89629&zoom=15,SRC-000423,SN-000123-location-coordinate-dataset.md,Exact UESP Gamemap marker match.
COORD-000312,LOC-000307,OBJ-002264,Half-Moon Mill,discoverable_non_clearable,base_game,Skyrim,Skyrim,1,skyrim,358,Half-Moon Mill,Half-Moon Mill,14,HalfMoonMillMapMarker,90992,,-42818,-58192,955,exact_marker,uesp_gamemap_page,high,same_worldspace_xy,https://gamemap.uesp.net/sr/?world=skyrim&x=-42818&y=-58192&zoom=15,SRC-000423,SN-000123-location-coordinate-dataset.md,Exact UESP Gamemap marker match.
COORD-000313,LOC-000308,OBJ-002265,Heartwood Mill,discoverable_non_clearable,base_game,Skyrim,Skyrim,1,skyrim,360,Heartwood Mill,Heartwood Mill,14,,90959,,133151,-95797,10726,exact_marker,uesp_gamemap_page,high,same_worldspace_xy,https://gamemap.uesp.net/sr/?world=skyrim&x=133151&y=-95797&zoom=15,SRC-000423,SN-000123-location-coordinate-dataset.md,Exact UESP Gamemap marker match.
COORD-000314,LOC-000309,OBJ-002266,Hela's Folly,discoverable_non_clearable,base_game,Skyrim,Skyrim,1,skyrim,310,Hela's Folly,Hela's Folly,9,,90796,,51132,124633,-14000,exact_marker,uesp_gamemap_page,high,same_worldspace_xy,https://gamemap.uesp.net/sr/?world=skyrim&x=51132&y=124633&zoom=15,SRC-000423,SN-000123-location-coordinate-dataset.md,Exact UESP Gamemap marker match.
COORD-000315,LOC-000310,OBJ-002267,Helgen,discoverable_non_clearable,base_game,Skyrim,Skyrim,1,skyrim,342,Helgen,Helgen,2,,96128,,18350,-79481,9204,exact_marker,uesp_gamemap_page,high,same_worldspace_xy,https://gamemap.uesp.net/sr/?world=skyrim&x=18350&y=-79481&zoom=15,SRC-000423,SN-000123-location-coordinate-dataset.md,Exact UESP Gamemap marker match.
COORD-000316,LOC-000311,OBJ-002268,Heljarchen Hall,discoverable_non_clearable,hearthfire,Skyrim,Skyrim,1,skyrim,2281,Heljarchen Hall (HF),Heljarchen Hall,2,,16846312,,31439,38616,-5747,exact_marker,uesp_gamemap_page,high,same_worldspace_xy,https://gamemap.uesp.net/sr/?world=skyrim&x=31439&y=38616&zoom=15,SRC-000423,SN-000123-location-coordinate-dataset.md,Exact UESP Gamemap marker match.
COORD-000317,LOC-000312,OBJ-002269,Hendraheim,discoverable_non_clearable,ae_creation,Skyrim,Skyrim,1,skyrim,2488,Hendraheim (CC),Hendraheim (place),51,,,,-80675,-30064,,exact_marker,uesp_gamemap_page,high,same_worldspace_xy,https://gamemap.uesp.net/sr/?world=skyrim&x=-80675&y=-30064&zoom=15,SRC-000423,SN-000123-location-coordinate-dataset.md,Exact UESP Gamemap marker match.
COORD-000318,LOC-000313,OBJ-002270,High Hrothgar,discoverable_non_clearable,base_game,Skyrim,Skyrim,1,skyrim,125,High Hrothgar,High Hrothgar,6,HighHrothgarMapMarker,90962,,52071,-36267,22569,exact_marker,uesp_gamemap_page,high,same_worldspace_xy,https://gamemap.uesp.net/sr/?world=skyrim&x=52071&y=-36267&zoom=15,SRC-000423,SN-000123-location-coordinate-dataset.md,Exact UESP Gamemap marker match.
COORD-000319,LOC-000314,OBJ-002271,Hjaalmarch Imperial Camp,discoverable_non_clearable,base_game,Skyrim,Skyrim,1,skyrim,175,Hjaalmarch Imperial Camp,Hjaalmarch Imperial Camp,16,MilitaryCampHjaalmarchImperialMapMarker,90745,,-19540,79464,-13768,exact_marker,uesp_gamemap_page,high,same_worldspace_xy,https://gamemap.uesp.net/sr/?world=skyrim&x=-19540&y=79464&zoom=15,SRC-000423,SN-000123-location-coordinate-dataset.md,Exact UESP Gamemap marker match.
COORD-000320,LOC-000315,OBJ-002272,Hjaalmarch Stormcloak Camp,discoverable_non_clearable,base_game,Skyrim,Skyrim,1,skyrim,333,Hjaalmarch Stormcloak Camp,Hjaalmarch Stormcloak Camp,17,MilitaryCampHjaalmarchSonsMapMarker,90746,,-10858,84545,-12792,exact_marker,uesp_gamemap_page,high,same_worldspace_xy,https://gamemap.uesp.net/sr/?world=skyrim&x=-10858&y=84545&zoom=15,SRC-000423,SN-000123-location-coordinate-dataset.md,Exact UESP Gamemap marker match.
COORD-000321,LOC-000316,OBJ-002273,Hlaalu Farm,discoverable_non_clearable,base_game,Skyrim,Skyrim,1,skyrim,120,Hlaalu Farm,Hlaalu Farm,13,HlaaluFarmMapMarkerRef,90965,,146687,33898,-13689,exact_marker,uesp_gamemap_page,high,same_worldspace_xy,https://gamemap.uesp.net/sr/?world=skyrim&x=146687&y=33898&zoom=15,SRC-000423,SN-000123-location-coordinate-dataset.md,Exact UESP Gamemap marker match.
COORD-000322,LOC-000317,OBJ-002274,Hollyfrost Farm,discoverable_non_clearable,base_game,Skyrim,Skyrim,1,skyrim,119,Hollyfrost Farm,Hollyfrost Farm,13,HollyfrostFarmMapMarkerRef,90968,,149758,35761,-13237,exact_marker,uesp_gamemap_page,high,same_worldspace_xy,https://gamemap.uesp.net/sr/?world=skyrim&x=149758&y=35761&zoom=15,SRC-000423,SN-000123-location-coordinate-dataset.md,Exact UESP Gamemap marker match.
COORD-000323,LOC-000318,OBJ-002275,Honningbrew Meadery,discoverable_non_clearable,base_game,Skyrim,Skyrim,1,skyrim,279,Honningbrew Meadery,Honningbrew Meadery,3,HonningbrewMeaderyMapMarker,230803,,30930,-17711,-4361,exact_marker,uesp_gamemap_page,high,same_worldspace_xy,https://gamemap.uesp.net/sr/?world=skyrim&x=30930&y=-17711&zoom=15,SRC-000423,SN-000123-location-coordinate-dataset.md,Exact UESP Gamemap marker match.
COORD-000324,LOC-000319,OBJ-002276,Hrothmund's Barrow,discoverable_non_clearable,dragonborn,Solstheim,Solstheim,2,solstheim,2554,Hrothmund's Barrow,Hrothmund's Barrow,4,,33651632,,43520,75284,9872,exact_marker,uesp_gamemap_page,high,same_worldspace_xy,https://gamemap.uesp.net/sr/?world=solstheim&x=43520&y=75284&zoom=15,SRC-000423,SN-000123-location-coordinate-dataset.md,Exact UESP Gamemap marker match.
COORD-000325,LOC-000320,OBJ-002277,Hunter's Rest,discoverable_non_clearable,base_game,Skyrim,Skyrim,1,skyrim,289,Hunter's Rest,Hunter's Rest,30,,1004210,,-56672,-54925,1559,exact_marker,uesp_gamemap_page,high,same_worldspace_xy,https://gamemap.uesp.net/sr/?world=skyrim&x=-56672&y=-54925&zoom=15,SRC-000423,SN-000123-location-coordinate-dataset.md,Exact UESP Gamemap marker match.
COORD-000326,LOC-000321,OBJ-002278,Hvitkald Peak,discoverable_non_clearable,base_game,Solstheim,Solstheim,2,solstheim,2508,Hvitkald Peak,Hvitkald Peak,11,DLC2HvitkaldPeakMapMarker,33777137,,32748,53603,9485,exact_marker,uesp_gamemap_page,high,same_worldspace_xy,https://gamemap.uesp.net/sr/?world=solstheim&x=32748&y=53603&zoom=15,SRC-000423,SN-000123-location-coordinate-dataset.md,Exact UESP Gamemap marker match.
COORD-000327,LOC-000322,OBJ-002279,Icewater Jetty,discoverable_non_clearable,dawnguard,Skyrim,Skyrim,1,skyrim,2292,Icewater Jetty (DG),Icewater Jetty,33,DLC1VolkiharFerryRef,33590849,,-151118,122294,-13915,exact_marker,uesp_gamemap_page,high,same_worldspace_xy,https://gamemap.uesp.net/sr/?world=skyrim&x=-151118&y=122294&zoom=15,SRC-000423,SN-000123-location-coordinate-dataset.md,Exact UESP Gamemap marker match.
COORD-000328,LOC-000323,OBJ-002280,Irkngthand,discoverable_non_clearable,base_game,Skyrim,Skyrim,1,skyrim,114,Irkngthand,Irkngthand,8,IrkngthandMapMarkerRef,90731,,77331,26481,-6476,exact_marker,uesp_gamemap_page,high,same_worldspace_xy,https://gamemap.uesp.net/sr/?world=skyrim&x=77331&y=26481&zoom=15,SRC-000423,SN-000123-location-coordinate-dataset.md,Exact UESP Gamemap marker match.
COORD-000329,LOC-000324,OBJ-002281,Ivarstead,discoverable_non_clearable,base_game,Skyrim,Skyrim,1,skyrim,341,Ivarstead,Ivarstead,2,IvarsteadMapMarker,96145,,76375,-64263,10819,exact_marker,uesp_gamemap_page,high,same_worldspace_xy,https://gamemap.uesp.net/sr/?world=skyrim&x=76375&y=-64263&zoom=15,SRC-000423,SN-000123-location-coordinate-dataset.md,Exact UESP Gamemap marker match.
COORD-000330,LOC-000325,OBJ-002282,Japhet's Folly,discoverable_non_clearable,base_game,Skyrim,Skyrim,1,skyrim,287,Japhet's Folly,Japhet's Folly,9,,90693,,164461,124926,1507,exact_marker,uesp_gamemap_page,high,same_worldspace_xy,https://gamemap.uesp.net/sr/?world=skyrim&x=164461&y=124926&zoom=15,SRC-000423,SN-000123-location-coordinate-dataset.md,Exact UESP Gamemap marker match.
COORD-000331,LOC-000326,OBJ-002283,Karthspire,discoverable_non_clearable,base_game,Skyrim,Skyrim,1,skyrim,4,Karthspire,Karthspire,5,KarthspireMapMarker,90732,,-132337,6656,-7163,exact_marker,uesp_gamemap_page,high,same_worldspace_xy,https://gamemap.uesp.net/sr/?world=skyrim&x=-132337&y=6656&zoom=15,SRC-000423,SN-000123-location-coordinate-dataset.md,Exact UESP Gamemap marker match.
COORD-000332,LOC-000327,OBJ-002284,Karthwasten,discoverable_non_clearable,base_game,Skyrim,Skyrim,1,skyrim,340,Karthwasten,Karthwasten,2,KarthwastenMapMarkerREF,96154,,-132748,38549,-6194,exact_marker,uesp_gamemap_page,high,same_worldspace_xy,https://gamemap.uesp.net/sr/?world=skyrim&x=-132748&y=38549&zoom=15,SRC-000423,SN-000123-location-coordinate-dataset.md,Exact UESP Gamemap marker match.
COORD-000333,LOC-000328,OBJ-002285,Katla's Farm,discoverable_non_clearable,base_game,Skyrim,Skyrim,1,skyrim,323,Katla's Farm,Katla's Farm,21,SolitudeStablesMapMarker,90974,,-74344,96470,-11512,exact_marker,uesp_gamemap_page,high,same_worldspace_xy,https://gamemap.uesp.net/sr/?world=skyrim&x=-74344&y=96470&zoom=15,SRC-000423,SN-000123-location-coordinate-dataset.md,Exact UESP Gamemap marker match.
COORD-000334,LOC-000329,OBJ-002286,Kjenstag Ruins,discoverable_non_clearable,base_game,Skyrim,Skyrim,1,skyrim,221,Kjenstag Ruins,Kjenstag Ruins,32,,798447,,-18316,72237,-12779,exact_marker,uesp_gamemap_page,high,same_worldspace_xy,https://gamemap.uesp.net/sr/?world=skyrim&x=-18316&y=72237&zoom=15,SRC-000423,SN-000123-location-coordinate-dataset.md,Exact UESP Gamemap marker match.
COORD-000335,LOC-000330,OBJ-002287,Kolskeggr Mine,discoverable_non_clearable,base_game,Skyrim,Skyrim,1,skyrim,206,Kolskeggr Mine,Kolskeggr Mine,15,KolskeggrMineMapMarkerREF,132381,,-148569,14192,-5989,exact_marker,uesp_gamemap_page,high,same_worldspace_xy,https://gamemap.uesp.net/sr/?world=skyrim&x=-148569&y=14192&zoom=15,SRC-000423,SN-000123-location-coordinate-dataset.md,Exact UESP Gamemap marker match.
COORD-000336,LOC-000331,OBJ-002288,Korvanjund,discoverable_non_clearable,base_game,Skyrim,Skyrim,1,skyrim,254,Korvanjund,Korvanjund,7,KorvanjundMapMarker,90660,,55349,34571,-8172,exact_marker,uesp_gamemap_page,high,same_worldspace_xy,https://gamemap.uesp.net/sr/?world=skyrim&x=55349&y=34571&zoom=15,SRC-000423,SN-000123-location-coordinate-dataset.md,Exact UESP Gamemap marker match.
COORD-000337,LOC-000332,OBJ-002289,Kynesgrove,discoverable_non_clearable,base_game,Skyrim,Skyrim,1,skyrim,285,Kynesgrove,Kynesgrove,3,KynesgroveMapMarker,96161,,134947,11395,-12200,exact_marker,uesp_gamemap_page,high,same_worldspace_xy,https://gamemap.uesp.net/sr/?world=skyrim&x=134947&y=11395&zoom=15,SRC-000423,SN-000123-location-coordinate-dataset.md,Exact UESP Gamemap marker match.
COORD-000338,LOC-000333,OBJ-002290,Lakeview Manor,discoverable_non_clearable,hearthfire,Skyrim,Skyrim,1,skyrim,2279,Lakeview Manor (HF),Lakeview Manor,2,BYOHHouse1MapMarker,16789674,,-9652,-69337,3409,exact_marker,uesp_gamemap_page,high,same_worldspace_xy,https://gamemap.uesp.net/sr/?world=skyrim&x=-9652&y=-69337&zoom=15,SRC-000423,SN-000123-location-coordinate-dataset.md,Exact UESP Gamemap marker match.
COORD-000339,LOC-000334,OBJ-002291,Largashbur,discoverable_non_clearable,base_game,Skyrim,Skyrim,1,skyrim,270,Largashbur,Largashbur,28,LargashburMapMarker,90735,,135308,-110597,11142,exact_marker,uesp_gamemap_page,high,same_worldspace_xy,https://gamemap.uesp.net/sr/?world=skyrim&x=135308&y=-110597&zoom=15,SRC-000423,SN-000123-location-coordinate-dataset.md,Exact UESP Gamemap marker match.
COORD-000340,LOC-000335,OBJ-002292,Last Vigil,discoverable_non_clearable,base_game,Skyrim,Skyrim,1,skyrim,2294,Last Vigil (DB),Last Vigil,5,DLC2EbonyWarriorMapMarker,33735835,,195470,-74127,15405,exact_marker,uesp_gamemap_page,high,same_worldspace_xy,https://gamemap.uesp.net/sr/?world=skyrim&x=195470&y=-74127&zoom=15,SRC-000423,SN-000123-location-coordinate-dataset.md,Exact UESP Gamemap marker match.
COORD-000341,LOC-000336,OBJ-002293,Left Hand Mine,discoverable_non_clearable,base_game,Skyrim,Skyrim,1,skyrim,208,Left Hand Mine,Left Hand Mine,15,LeftHandMineMapMarker,90980,,-165487,-314,-4357,exact_marker,uesp_gamemap_page,high,same_worldspace_xy,https://gamemap.uesp.net/sr/?world=skyrim&x=-165487&y=-314&zoom=15,SRC-000423,SN-000123-location-coordinate-dataset.md,Exact UESP Gamemap marker match.
COORD-000342,LOC-000337,OBJ-002294,Loreius Farm,discoverable_non_clearable,base_game,Skyrim,Skyrim,1,skyrim,347,Loreius Farm,Loreius Farm,19,LoreiusMapMarker,90983,,32789,26085,-6761,exact_marker,uesp_gamemap_page,high,same_worldspace_xy,https://gamemap.uesp.net/sr/?world=skyrim&x=32789&y=26085&zoom=15,SRC-000423,SN-000123-location-coordinate-dataset.md,Exact UESP Gamemap marker match.
COORD-000343,LOC-000338,OBJ-002295,Lost Prospect Mine,discoverable_non_clearable,base_game,Skyrim,Skyrim,1,skyrim,204,Lost Prospect Mine,Lost Prospect Mine,15,,866616,,197183,-90007,7548,exact_marker,uesp_gamemap_page,high,same_worldspace_xy,https://gamemap.uesp.net/sr/?world=skyrim&x=197183&y=-90007&zoom=15,SRC-000423,SN-000123-location-coordinate-dataset.md,Exact UESP Gamemap marker match.
COORD-000344,LOC-000339,OBJ-002296,Lower Steepfall Burrow,map_marker_duplicate,base_game,Skyrim,Skyrim,1,skyrim,13,Lower Steepfall Burrow,Lower Steepfall Burrow,4,,1003495,,-130864,120264,-13663,exact_marker,uesp_gamemap_page,high,same_worldspace_xy,https://gamemap.uesp.net/sr/?world=skyrim&x=-130864&y=120264&zoom=15,SRC-000423,SN-000123-location-coordinate-dataset.md,Exact UESP Gamemap marker match.
COORD-000345,LOC-000340,OBJ-002297,Lund's Hut,discoverable_non_clearable,base_game,Skyrim,Skyrim,1,skyrim,295,Lund's Hut,Lund's Hut,30,,943779,,-91152,17542,-3784,exact_marker,uesp_gamemap_page,high,same_worldspace_xy,https://gamemap.uesp.net/sr/?world=skyrim&x=-91152&y=17542&zoom=15,SRC-000423,SN-000123-location-coordinate-dataset.md,Exact UESP Gamemap marker match.
COORD-000346,LOC-000341,OBJ-002298,Markarth,discoverable_non_clearable,base_game,Skyrim,Skyrim,1,skyrim,201,Markarth,Markarth,44,,115594,,-174024,5255,-3322,exact_marker,uesp_gamemap_page,high,same_worldspace_xy,https://gamemap.uesp.net/sr/?world=skyrim&x=-174024&y=5255&zoom=15,SRC-000423,SN-000123-location-coordinate-dataset.md,Exact UESP Gamemap marker match.
COORD-000347,LOC-000342,OBJ-002299,Markarth Stables,discoverable_non_clearable,base_game,Skyrim,Skyrim,1,skyrim,320,Markarth Stables,Markarth Stables,21,MarkarthStablesMapMarker,955951,,-171097,6922,-3937,exact_marker,uesp_gamemap_page,high,same_worldspace_xy,https://gamemap.uesp.net/sr/?world=skyrim&x=-171097&y=6922&zoom=15,SRC-000423,SN-000123-location-coordinate-dataset.md,Exact UESP Gamemap marker match.
COORD-000348,LOC-000343,OBJ-002300,Meeko's Shack,discoverable_non_clearable,base_game,Skyrim,Skyrim,1,skyrim,288,Meeko's Shack,Meeko's Shack,30,,1011473,,-72132,76174,-12660,exact_marker,uesp_gamemap_page,high,same_worldspace_xy,https://gamemap.uesp.net/sr/?world=skyrim&x=-72132&y=76174&zoom=15,SRC-000423,SN-000123-location-coordinate-dataset.md,Exact UESP Gamemap marker match.
COORD-000349,LOC-000344,OBJ-002301,Merryfair Farm,discoverable_non_clearable,base_game,Skyrim,Skyrim,1,skyrim,118,Merryfair Farm,Merryfair Farm,13,MerryFairMapMarker,157951,,166304,-88702,11064,exact_marker,uesp_gamemap_page,high,same_worldspace_xy,https://gamemap.uesp.net/sr/?world=skyrim&x=166304&y=-88702&zoom=15,SRC-000423,SN-000123-location-coordinate-dataset.md,Exact UESP Gamemap marker match.
COORD-000350,LOC-000345,OBJ-002302,Mistveil Keep,discoverable_non_clearable,base_game,Skyrim,Skyrim,1,skyrim,276,Mistveil Keep,Mistveil Keep,35,MistveilKeepMapMarker,804017,,173482,-99979,11522,exact_marker,uesp_gamemap_page,high,same_worldspace_xy,https://gamemap.uesp.net/sr/?world=skyrim&x=173482&y=-99979&zoom=15,SRC-000423,SN-000123-location-coordinate-dataset.md,Exact UESP Gamemap marker match.
COORD-000351,LOC-000346,OBJ-002303,Mixwater Mill,discoverable_non_clearable,base_game,Skyrim,Skyrim,1,skyrim,359,Mixwater Mill,Mixwater Mill,14,,90989,,109029,-6469,-13171,exact_marker,uesp_gamemap_page,high,same_worldspace_xy,https://gamemap.uesp.net/sr/?world=skyrim&x=109029&y=-6469&zoom=15,SRC-000423,SN-000123-location-coordinate-dataset.md,Exact UESP Gamemap marker match.
COORD-000352,LOC-000347,OBJ-002304,Mor Khazgur,discoverable_non_clearable,base_game,Skyrim,Skyrim,1,skyrim,269,Mor Khazgur,Mor Khazgur,28,MorKhazgurMapMarkerREF,90759,,-151658,81847,-5581,exact_marker,uesp_gamemap_page,high,same_worldspace_xy,https://gamemap.uesp.net/sr/?world=skyrim&x=-151658&y=81847&zoom=15,SRC-000423,SN-000123-location-coordinate-dataset.md,Exact UESP Gamemap marker match.
COORD-000353,LOC-000348,OBJ-002305,Morthal,discoverable_non_clearable,base_game,Skyrim,Skyrim,1,skyrim,213,Morthal,Morthal,48,MorthalMapMarkerRef,96176,,-38640,66734,-13244,exact_marker,uesp_gamemap_page,high,same_worldspace_xy,https://gamemap.uesp.net/sr/?world=skyrim&x=-38640&y=66734&zoom=15,SRC-000423,SN-000123-location-coordinate-dataset.md,Exact UESP Gamemap marker match.
COORD-000354,LOC-000349,OBJ-002306,Mortrag Peak,discoverable_non_clearable,base_game,Solstheim,Solstheim,2,solstheim,2505,Mortrag Peak,Mortrag Peak,11,DLC2MortragPeakMapMarker,33792713,,33517,82146,13547,exact_marker,uesp_gamemap_page,high,same_worldspace_xy,https://gamemap.uesp.net/sr/?world=solstheim&x=33517&y=82146&zoom=15,SRC-000423,SN-000123-location-coordinate-dataset.md,Exact UESP Gamemap marker match.
COORD-000355,LOC-000350,OBJ-002307,Mount Moesring,discoverable_non_clearable,base_game,Solstheim,Solstheim,2,solstheim,2506,Mount Moesring,Mount Moesring,11,DLC2MountMoesringMapMarker,33792711,,42318,64114,14260,exact_marker,uesp_gamemap_page,high,same_worldspace_xy,https://gamemap.uesp.net/sr/?world=solstheim&x=42318&y=64114&zoom=15,SRC-000423,SN-000123-location-coordinate-dataset.md,Exact UESP Gamemap marker match.
COORD-000356,LOC-000351,OBJ-002308,Myrwatch,discoverable_non_clearable,ae_creation,Skyrim,Skyrim,1,skyrim,2330,Myrwatch (CC),Myrwatch (place),31,,0,,-24136,62155,0,exact_marker,uesp_gamemap_page,high,same_worldspace_xy,https://gamemap.uesp.net/sr/?world=skyrim&x=-24136&y=62155&zoom=15,SRC-000423,SN-000123-location-coordinate-dataset.md,Exact UESP Gamemap marker match.
COORD-000357,LOC-000352,OBJ-002309,Narzulbur,discoverable_non_clearable,base_game,Skyrim,Skyrim,1,skyrim,268,Narzulbur,Narzulbur,28,NarzulburMapMarker,90765,,158054,10036,-3724,exact_marker,uesp_gamemap_page,high,same_worldspace_xy,https://gamemap.uesp.net/sr/?world=skyrim&x=158054&y=10036&zoom=15,SRC-000423,SN-000123-location-coordinate-dataset.md,Exact UESP Gamemap marker match.
COORD-000358,LOC-000353,OBJ-002310,Nightcaller Temple,discoverable_non_clearable,base_game,Skyrim,Skyrim,1,skyrim,124,Nightcaller Temple,Nightcaller Temple,6,NightCallerMapMarker,94338,,40560,101184,-6384,exact_marker,uesp_gamemap_page,high,same_worldspace_xy,https://gamemap.uesp.net/sr/?world=skyrim&x=40560&y=101184&zoom=15,SRC-000423,SN-000123-location-coordinate-dataset.md,Exact UESP Gamemap marker match.
COORD-000359,LOC-000354,OBJ-002311,Nightgate Inn,discoverable_non_clearable,base_game,Skyrim,Skyrim,1,skyrim,286,Nightgate Inn,Nightgate Inn,3,NightgateInnMapMarker,96133,,73827,46035,-6135,exact_marker,uesp_gamemap_page,high,same_worldspace_xy,https://gamemap.uesp.net/sr/?world=skyrim&x=73827&y=46035&zoom=15,SRC-000423,SN-000123-location-coordinate-dataset.md,Exact UESP Gamemap marker match.
COORD-000360,LOC-000355,OBJ-002312,Nightingale Hall,discoverable_non_clearable,base_game,Skyrim,Skyrim,1,skyrim,21,Nightingale Hall,Nightingale Hall,4,nightingaleCaveMapMarkerREF,294181,,173039,-107308,11550,exact_marker,uesp_gamemap_page,high,same_worldspace_xy,https://gamemap.uesp.net/sr/?world=skyrim&x=173039&y=-107308&zoom=15,SRC-000423,SN-000123-location-coordinate-dataset.md,Exact UESP Gamemap marker match.
COORD-000361,LOC-000356,OBJ-002313,North Brittleshin Pass,map_marker_duplicate,base_game,Skyrim,Skyrim,1,skyrim,51,North Brittleshin Pass,North Brittleshin Pass,4,BrittleShinPassNorthMapMarker,90725,,-23244,-34274,-4088,exact_marker,uesp_gamemap_page,high,same_worldspace_xy,https://gamemap.uesp.net/sr/?world=skyrim&x=-23244&y=-34274&zoom=15,SRC-000423,SN-000123-location-coordinate-dataset.md,Exact UESP Gamemap marker match.
COORD-000362,LOC-000357,OBJ-002314,North Cold Rock Pass,map_marker_duplicate,base_game,Skyrim,Skyrim,1,skyrim,272,North Cold Rock Pass,North Cold Rock Pass,24,,1007281,,-47482,37648,-2828,exact_marker,uesp_gamemap_page,high,same_worldspace_xy,https://gamemap.uesp.net/sr/?world=skyrim&x=-47482&y=37648&zoom=15,SRC-000423,SN-000123-location-coordinate-dataset.md,Exact UESP Gamemap marker match.
COORD-000363,LOC-000358,OBJ-002315,North Shriekwind Bastion,map_marker_duplicate,base_game,Skyrim,Skyrim,1,skyrim,257,North Shriekwind Bastion,North Shriekwind Bastion,7,,659014,,-27043,-71145,2071,exact_marker,uesp_gamemap_page,high,same_worldspace_xy,https://gamemap.uesp.net/sr/?world=skyrim&x=-27043&y=-71145&zoom=15,SRC-000423,SN-000123-location-coordinate-dataset.md,Exact UESP Gamemap marker match.
COORD-000364,LOC-000359,OBJ-002316,North Skybound Watch,map_marker_duplicate,base_game,Skyrim,Skyrim,1,skyrim,217,North Skybound Watch,North Skybound Watch,32,,308971,,32799,-60908,13746,exact_marker,uesp_gamemap_page,high,same_worldspace_xy,https://gamemap.uesp.net/sr/?world=skyrim&x=32799&y=-60908&zoom=15,SRC-000423,SN-000123-location-coordinate-dataset.md,Exact UESP Gamemap marker match.
COORD-000365,LOC-000360,OBJ-002317,Northshore Landing,discoverable_non_clearable,dragonborn,Solstheim,Solstheim,2,solstheim,2527,Northshore Landing,Northshore Landing,33,,33637338,,22751,92430,509,exact_marker,uesp_gamemap_page,high,same_worldspace_xy,https://gamemap.uesp.net/sr/?world=solstheim&x=22751&y=92430&zoom=15,SRC-000423,SN-000123-location-coordinate-dataset.md,Exact UESP Gamemap marker match.
COORD-000366,LOC-000361,OBJ-002318,Old Attius Farm,discoverable_non_clearable,base_game,Solstheim,Solstheim,2,solstheim,2514,Old Attius Farm,Old Attius Farm,13,DLC2RRAttiusFarmMapMarker,33662306,,34666,23259,570,exact_marker,uesp_gamemap_page,high,same_worldspace_xy,https://gamemap.uesp.net/sr/?world=solstheim&x=34666&y=23259&zoom=15,SRC-000423,SN-000123-location-coordinate-dataset.md,Exact UESP Gamemap marker match.
COORD-000367,LOC-000362,OBJ-002319,Old Hroldan Inn,discoverable_non_clearable,base_game,Skyrim,Skyrim,1,skyrim,939,Old Hroldan Inn,Old Hroldan Inn,60,,95791,95376,-113156,-8091,-5142,exact_marker,uesp_gamemap_page,high,same_worldspace_xy,https://gamemap.uesp.net/sr/?world=skyrim&x=-113156&y=-8091&zoom=15,SRC-000423,SN-000123-location-coordinate-dataset.md,Exact UESP Gamemap marker match.
COORD-000368,LOC-000363,OBJ-002320,Palace of the Kings,discoverable_non_clearable,base_game,Skyrim,Skyrim,1,skyrim,354,Palace of the Kings,Palace of the Kings,37,WindhelmPalaceOfTheKingsMapMarker,804019,,134899,41679,-11773,exact_marker,uesp_gamemap_page,high,same_worldspace_xy,https://gamemap.uesp.net/sr/?world=skyrim&x=134899&y=41679&zoom=15,SRC-000423,SN-000123-location-coordinate-dataset.md,Exact UESP Gamemap marker match.
COORD-000369,LOC-000364,OBJ-002321,Pale Imperial Camp,discoverable_non_clearable,base_game,Skyrim,Skyrim,1,skyrim,174,Pale Imperial Camp,Pale Imperial Camp,16,MilitaryCampPaleImperialMapMarker,90747,,-2159,101149,-11095,exact_marker,uesp_gamemap_page,high,same_worldspace_xy,https://gamemap.uesp.net/sr/?world=skyrim&x=-2159&y=101149&zoom=15,SRC-000423,SN-000123-location-coordinate-dataset.md,Exact UESP Gamemap marker match.
COORD-000370,LOC-000365,OBJ-002322,Pale Stormcloak Camp,discoverable_non_clearable,base_game,Skyrim,Skyrim,1,skyrim,332,Pale Stormcloak Camp,Pale Stormcloak Camp,17,MilitaryCampPaleSonsMapMarker,90748,,87884,35186,-8428,exact_marker,uesp_gamemap_page,high,same_worldspace_xy,https://gamemap.uesp.net/sr/?world=skyrim&x=87884&y=35186&zoom=15,SRC-000423,SN-000123-location-coordinate-dataset.md,Exact UESP Gamemap marker match.
COORD-000371,LOC-000366,OBJ-002323,Pelagia Farm,discoverable_non_clearable,base_game,Skyrim,Skyrim,1,skyrim,346,Pelagia Farm,Pelagia Farm,19,,90995,,19264,-16976,-4535,exact_marker,uesp_gamemap_page,high,same_worldspace_xy,https://gamemap.uesp.net/sr/?world=skyrim&x=19264&y=-16976&zoom=15,SRC-000423,SN-000123-location-coordinate-dataset.md,Exact UESP Gamemap marker match.
COORD-000372,LOC-000367,OBJ-002324,Pilgrim's Trench,discoverable_non_clearable,base_game,Skyrim,Skyrim,1,skyrim,309,Pilgrim's Trench,Pilgrim's Trench,9,,90797,,83391,117696,-17465,exact_marker,uesp_gamemap_page,high,same_worldspace_xy,https://gamemap.uesp.net/sr/?world=skyrim&x=83391&y=117696&zoom=15,SRC-000423,SN-000123-location-coordinate-dataset.md,Exact UESP Gamemap marker match.
COORD-000373,LOC-000368,OBJ-002325,Purewater Run,discoverable_non_clearable,base_game,Skyrim,Skyrim,1,skyrim,22,Purewater Run,Purewater Run,4,,206965,,-158278,-20198,1037,exact_marker,uesp_gamemap_page,high,same_worldspace_xy,https://gamemap.uesp.net/sr/?world=skyrim&x=-158278&y=-20198&zoom=15,SRC-000423,SN-000123-location-coordinate-dataset.md,Exact UESP Gamemap marker match.
COORD-000374,LOC-000369,OBJ-002326,Ramshackle Trading Post,discoverable_non_clearable,base_game,Solstheim,Solstheim,2,solstheim,2509,Ramshackle Trading Post,Ramshackle Trading Post,30,,33771236,,57695,43972,4191,exact_marker,uesp_gamemap_page,high,same_worldspace_xy,https://gamemap.uesp.net/sr/?world=solstheim&x=57695&y=43972&zoom=15,SRC-000423,SN-000123-location-coordinate-dataset.md,Exact UESP Gamemap marker match.
COORD-000375,LOC-000370,OBJ-002327,Raven Rock,discoverable_non_clearable,base_game,Skyrim,Solstheim,2,solstheim,2526,Raven Rock,Raven Rock,54,DLC2RavenRockMapMarker,33637340,,30884,35050,402,exact_marker,uesp_gamemap_page,high,same_worldspace_xy,https://gamemap.uesp.net/sr/?world=solstheim&x=30884&y=35050&zoom=15,SRC-000423,SN-000123-location-coordinate-dataset.md,Exact UESP Gamemap marker match.
COORD-000376,LOC-000371,OBJ-002328,Reach Imperial Camp,discoverable_non_clearable,base_game,Skyrim,Skyrim,1,skyrim,176,Reach Imperial Camp,Reach Imperial Camp,16,MilitaryCampReachImperialMapMarker,90743,,-161882,35446,-2924,exact_marker,uesp_gamemap_page,high,same_worldspace_xy,https://gamemap.uesp.net/sr/?world=skyrim&x=-161882&y=35446&zoom=15,SRC-000423,SN-000123-location-coordinate-dataset.md,Exact UESP Gamemap marker match.
COORD-000377,LOC-000372,OBJ-002329,Reach Stormcloak Camp,discoverable_non_clearable,base_game,Skyrim,Skyrim,1,skyrim,334,Reach Stormcloak Camp,Reach Stormcloak Camp,17,MilitaryCampReachSonsMapMarker,90742,,-119234,50268,-8309,exact_marker,uesp_gamemap_page,high,same_worldspace_xy,https://gamemap.uesp.net/sr/?world=skyrim&x=-119234&y=50268&zoom=15,SRC-000423,SN-000123-location-coordinate-dataset.md,Exact UESP Gamemap marker match.
COORD-000378,LOC-000373,OBJ-002330,Reachcliff Secret Entrance,map_marker_duplicate,base_game,Skyrim,Skyrim,1,skyrim,9,Reachcliff Secret Entrance,Reachcliff Secret Entrance,4,ReachcliffSecretMapMarker,1094344,,-148453,-12833,-3905,exact_marker,uesp_gamemap_page,high,same_worldspace_xy,https://gamemap.uesp.net/sr/?world=skyrim&x=-148453&y=-12833&zoom=15,SRC-000423,SN-000123-location-coordinate-dataset.md,Exact UESP Gamemap marker match.
COORD-000379,LOC-000374,OBJ-002331,Reachwind Eyrie,discoverable_non_clearable,base_game,Skyrim,Skyrim,1,skyrim,196,Reachwind Eyrie,Reachwind Eyrie,11,,730019,,-139695,-12857,-1337,exact_marker,uesp_gamemap_page,high,same_worldspace_xy,https://gamemap.uesp.net/sr/?world=skyrim&x=-139695&y=-12857&zoom=15,SRC-000423,SN-000123-location-coordinate-dataset.md,Exact UESP Gamemap marker match.
COORD-000380,LOC-000375,OBJ-002332,Red Scar Cavern,discoverable_non_clearable,ae_creation,Skyrim,Skyrim,1,skyrim,2714,Red Scar Cavern (CC),Red Scar Cavern,4,,16789844,,188658,-62172,9933,exact_marker,uesp_gamemap_page,high,same_worldspace_xy,https://gamemap.uesp.net/sr/?world=skyrim&x=188658&y=-62172&zoom=15,SRC-000423,SN-000123-location-coordinate-dataset.md,Exact UESP Gamemap marker match.
COORD-000381,LOC-000376,OBJ-002333,Rift Imperial Camp,discoverable_non_clearable,base_game,Skyrim,Skyrim,1,skyrim,172,Rift Imperial Camp,Rift Imperial Camp,16,MilitaryCampRiftImperialMapMarker,90753,,80818,-87949,11044,exact_marker,uesp_gamemap_page,high,same_worldspace_xy,https://gamemap.uesp.net/sr/?world=skyrim&x=80818&y=-87949&zoom=15,SRC-000423,SN-000123-location-coordinate-dataset.md,Exact UESP Gamemap marker match.
COORD-000382,LOC-000377,OBJ-002334,Rift Stormcloak Camp,discoverable_non_clearable,base_game,Skyrim,Skyrim,1,skyrim,330,Rift Stormcloak Camp,Rift Stormcloak Camp,17,MilitaryCampRiftSonsMapMarker,90752,,115541,-64978,11120,exact_marker,uesp_gamemap_page,high,same_worldspace_xy,https://gamemap.uesp.net/sr/?world=skyrim&x=115541&y=-64978&zoom=15,SRC-000423,SN-000123-location-coordinate-dataset.md,Exact UESP Gamemap marker match.
COORD-000383,LOC-000378,OBJ-002335,Riften,discoverable_non_clearable,base_game,Skyrim,Skyrim,1,skyrim,275,Riften,Riften,36,RiftenMapMarkerREF,115600,,173415,-96600,11104,exact_marker,uesp_gamemap_page,high,same_worldspace_xy,https://gamemap.uesp.net/sr/?world=skyrim&x=173415&y=-96600&zoom=15,SRC-000423,SN-000123-location-coordinate-dataset.md,Exact UESP Gamemap marker match.
COORD-000384,LOC-000379,OBJ-002336,Riften Docks,discoverable_non_clearable,ae_creation,Skyrim,Skyrim,1,skyrim,2495,Riften Docks (CC),Riften Docks,33,,,,170231,-97357,,exact_marker,uesp_gamemap_page,high,same_worldspace_xy,https://gamemap.uesp.net/sr/?world=skyrim&x=170231&y=-97357&zoom=15,SRC-000423,SN-000123-location-coordinate-dataset.md,Exact UESP Gamemap marker match.
COORD-000385,LOC-000380,OBJ-002337,Riften Stables,discoverable_non_clearable,base_game,Skyrim,Skyrim,1,skyrim,324,Riften Stables,Riften Stables,21,RiftenStablesMapMarker,617030,,173137,-90912,11102,exact_marker,uesp_gamemap_page,high,same_worldspace_xy,https://gamemap.uesp.net/sr/?world=skyrim&x=173137&y=-90912&zoom=15,SRC-000423,SN-000123-location-coordinate-dataset.md,Exact UESP Gamemap marker match.
COORD-000386,LOC-000381,OBJ-002338,Riverwood,discoverable_non_clearable,base_game,Skyrim,Skyrim,1,skyrim,337,Riverwood,Riverwood,2,RiverwoodMapMarker,90788,,21941,-44792,-140,exact_marker,uesp_gamemap_page,high,same_worldspace_xy,https://gamemap.uesp.net/sr/?world=skyrim&x=21941&y=-44792&zoom=15,SRC-000423,SN-000123-location-coordinate-dataset.md,Exact UESP Gamemap marker match.
COORD-000387,LOC-000382,OBJ-002339,Rorikstead,discoverable_non_clearable,base_game,Skyrim,Skyrim,1,skyrim,339,Rorikstead,Rorikstead,2,RoriksteadMapMarker,96204,,-84302,6952,-4298,exact_marker,uesp_gamemap_page,high,same_worldspace_xy,https://gamemap.uesp.net/sr/?world=skyrim&x=-84302&y=6952&zoom=15,SRC-000423,SN-000123-location-coordinate-dataset.md,Exact UESP Gamemap marker match.
COORD-000388,LOC-000383,OBJ-002340,Runoff Caverns,discoverable_non_clearable,ae_creation,Skyrim,Skyrim,1,skyrim,2492,Runoff Caverns (CC),Skyrim:Runoff Caverns,4,,,,-104411,-36472,,exact_marker,uesp_gamemap_page,high,same_worldspace_xy,https://gamemap.uesp.net/sr/?world=skyrim&x=-104411&y=-36472&zoom=15,SRC-000423,SN-000123-location-coordinate-dataset.md,Exact UESP Gamemap marker match.
COORD-000389,LOC-000384,OBJ-002341,Ruunvald Excavation,discoverable_non_clearable,dawnguard,Skyrim,Skyrim,1,skyrim,2289,Ruunvald Excavation (DG),Ruunvald Excavation,4,DLC1RuunvaldMapMarker,33585955,,182672,-59176,9635,exact_marker,uesp_gamemap_page,high,same_worldspace_xy,https://gamemap.uesp.net/sr/?world=skyrim&x=182672&y=-59176&zoom=15,SRC-000423,SN-000123-location-coordinate-dataset.md,Exact UESP Gamemap marker match.
COORD-000390,LOC-000385,OBJ-002342,Sacellum of Boethiah,discoverable_non_clearable,base_game,Skyrim,Skyrim,1,skyrim,316,Sacellum of Boethiah,Sacellum of Boethiah,34,DA02BoethiahShrineMapMarker,317658,,161866,26718,-4000,exact_marker,uesp_gamemap_page,high,same_worldspace_xy,https://gamemap.uesp.net/sr/?world=skyrim&x=161866&y=26718&zoom=15,SRC-000423,SN-000123-location-coordinate-dataset.md,Exact UESP Gamemap marker match.
COORD-000391,LOC-000386,OBJ-002343,Salvius Farm,discoverable_non_clearable,base_game,Skyrim,Skyrim,1,skyrim,345,Salvius Farm,Salvius Farm,19,SalviusFarmMapMarker,90998,,-164369,5654,-4499,exact_marker,uesp_gamemap_page,high,same_worldspace_xy,https://gamemap.uesp.net/sr/?world=skyrim&x=-164369&y=5654&zoom=15,SRC-000423,SN-000123-location-coordinate-dataset.md,Exact UESP Gamemap marker match.
COORD-000392,LOC-000387,OBJ-002344,Sarethi Farm,discoverable_non_clearable,base_game,Skyrim,Skyrim,1,skyrim,344,Sarethi Farm,Sarethi Farm,19,SarethiFarmMapMarker,91001,,112595,-70922,11518,exact_marker,uesp_gamemap_page,high,same_worldspace_xy,https://gamemap.uesp.net/sr/?world=skyrim&x=112595&y=-70922&zoom=15,SRC-000423,SN-000123-location-coordinate-dataset.md,Exact UESP Gamemap marker match.
COORD-000393,LOC-000388,OBJ-002345,Septimus Signus's Outpost,discoverable_non_clearable,base_game,Skyrim,Skyrim,1,skyrim,23,Septimus Signus's Outpost,Septimus Signus's Outpost,4,SeptimusSignusOutpostMarkerREF,185617,,115341,141084,-13932,exact_marker,uesp_gamemap_page,high,same_worldspace_xy,https://gamemap.uesp.net/sr/?world=skyrim&x=115341&y=141084&zoom=15,SRC-000423,SN-000123-location-coordinate-dataset.md,Exact UESP Gamemap marker match.
COORD-000394,LOC-000389,OBJ-002346,Shadowfoot Sanctum,discoverable_non_clearable,ae_creation,Skyrim,Skyrim,1,skyrim,2495,Riften Docks (CC),Riften Docks,33,,,,170231,-97357,,proxy_marker,manual_proxy,high,proxy_same_worldspace_xy,https://gamemap.uesp.net/sr/?world=skyrim&x=170231&y=-97357&zoom=15,SRC-000423,SN-000123-location-coordinate-dataset.md,UESP names the exterior map marker for Shadowfoot Sanctum as Riften Docks.
COORD-000395,LOC-000390,OBJ-002347,Shor's Stone,discoverable_non_clearable,base_game,Skyrim,Skyrim,1,skyrim,338,Shor's Stone,Shor's Stone,2,ShorsStoneMapMarker,96215,,162924,-60530,7162,exact_marker,uesp_gamemap_page,high,same_worldspace_xy,https://gamemap.uesp.net/sr/?world=skyrim&x=162924&y=-60530&zoom=15,SRC-000423,SN-000123-location-coordinate-dataset.md,Exact UESP Gamemap marker match.
COORD-000396,LOC-000391,OBJ-002348,Shor's Watchtower,discoverable_non_clearable,base_game,Skyrim,Skyrim,1,skyrim,183,Shor's Watchtower,Shor's Watchtower,22,,866612,,168746,-51130,5648,exact_marker,uesp_gamemap_page,high,same_worldspace_xy,https://gamemap.uesp.net/sr/?world=skyrim&x=168746&y=-51130&zoom=15,SRC-000423,SN-000123-location-coordinate-dataset.md,Exact UESP Gamemap marker match.
COORD-000397,LOC-000392,OBJ-002349,Shrine of Azura,discoverable_non_clearable,base_game,Skyrim,Skyrim,1,skyrim,315,Shrine of Azura,Shrine of Azura,34,ShrineofAzuraMapMarkerREF,599190,,111395,77770,2380,exact_marker,uesp_gamemap_page,high,same_worldspace_xy,https://gamemap.uesp.net/sr/?world=skyrim&x=111395&y=77770&zoom=15,SRC-000423,SN-000123-location-coordinate-dataset.md,Exact UESP Gamemap marker match.
COORD-000398,LOC-000393,OBJ-002350,Shrine of Mehrunes Dagon,discoverable_non_clearable,base_game,Skyrim,Skyrim,1,skyrim,314,Shrine of Mehrunes Dagon,Shrine of Mehrunes Dagon,34,DagonShrineMapMarker,149157,,-625,51727,531,exact_marker,uesp_gamemap_page,high,same_worldspace_xy,https://gamemap.uesp.net/sr/?world=skyrim&x=-625&y=51727&zoom=15,SRC-000423,SN-000123-location-coordinate-dataset.md,Exact UESP Gamemap marker match.
COORD-000399,LOC-000394,OBJ-002351,Shrine to Peryite,discoverable_non_clearable,base_game,Skyrim,Skyrim,1,skyrim,313,Shrine to Peryite,Shrine to Peryite,34,,708710,,-145330,39732,-187,exact_marker,uesp_gamemap_page,high,same_worldspace_xy,https://gamemap.uesp.net/sr/?world=skyrim&x=-145330&y=39732&zoom=15,SRC-000423,SN-000123-location-coordinate-dataset.md,Exact UESP Gamemap marker match.
COORD-000400,LOC-000395,OBJ-002352,Sivdur's Respite,discoverable_non_clearable,ae_creation,Skyrim,Skyrim,1,skyrim,2717,Sivdur's Respite (CC),Sivdur's Respite,7,,4261428102,,138840,60932,-8752,exact_marker,uesp_gamemap_page,high,same_worldspace_xy,https://gamemap.uesp.net/sr/?world=skyrim&x=138840&y=60932&zoom=15,SRC-000423,SN-000123-location-coordinate-dataset.md,Exact UESP Gamemap marker match.
COORD-000401,LOC-000396,OBJ-002353,Skaal Village,discoverable_non_clearable,base_game,Solstheim,Solstheim,2,solstheim,2525,Skaal Village,Skaal Village,2,DLC2SkaalVillageMapMarker,33637346,,73452,70790,3647,exact_marker,uesp_gamemap_page,high,same_worldspace_xy,https://gamemap.uesp.net/sr/?world=solstheim&x=73452&y=70790&zoom=15,SRC-000423,SN-000123-location-coordinate-dataset.md,Exact UESP Gamemap marker match.
COORD-000402,LOC-000397,OBJ-002354,Sky Haven Temple,discoverable_non_clearable,base_game,Skyrim,Skyrim,1,skyrim,198,Sky Haven Temple,Sky Haven Temple,11,SkyHavenTempleMapMarker,91004,,-141780,9282,2914,exact_marker,uesp_gamemap_page,high,same_worldspace_xy,https://gamemap.uesp.net/sr/?world=skyrim&x=-141780&y=9282&zoom=15,SRC-000423,SN-000123-location-coordinate-dataset.md,Exact UESP Gamemap marker match.
COORD-000403,LOC-000398,OBJ-002355,Snow-Shod Farm,discoverable_non_clearable,base_game,Skyrim,Skyrim,1,skyrim,348,Snow-Shod Farm,Snow-Shod Farm,19,,90956,,165900,-108707,11258,exact_marker,uesp_gamemap_page,high,same_worldspace_xy,https://gamemap.uesp.net/sr/?world=skyrim&x=165900&y=-108707&zoom=15,SRC-000423,SN-000123-location-coordinate-dataset.md,Exact UESP Gamemap marker match.
COORD-000404,LOC-000399,OBJ-002356,Solitude,discoverable_non_clearable,base_game,Skyrim,Skyrim,1,skyrim,318,Solitude,Solitude,42,,315636,,-64943,104648,-8426,exact_marker,uesp_gamemap_page,high,same_worldspace_xy,https://gamemap.uesp.net/sr/?world=skyrim&x=-64943&y=104648&zoom=15,SRC-000423,SN-000123-location-coordinate-dataset.md,Exact UESP Gamemap marker match.
COORD-000405,LOC-000400,OBJ-002357,Solitude Lighthouse,discoverable_non_clearable,base_game,Skyrim,Skyrim,1,skyrim,199,Solitude Lighthouse,Solitude Lighthouse,27,SolitudeLighthouseMapmarkerRef,786797,,-47782,128632,-12908,exact_marker,uesp_gamemap_page,high,same_worldspace_xy,https://gamemap.uesp.net/sr/?world=skyrim&x=-47782&y=128632&zoom=15,SRC-000423,SN-000123-location-coordinate-dataset.md,Exact UESP Gamemap marker match.
COORD-000406,LOC-000401,OBJ-002358,Solitude Military Camp,discoverable_non_clearable,base_game,Skyrim,Skyrim,1,skyrim,326,Solitude Military Camp,Solitude Military Camp,17,,215190,,-81350,95430,-11685,exact_marker,uesp_gamemap_page,high,same_worldspace_xy,https://gamemap.uesp.net/sr/?world=skyrim&x=-81350&y=95430&zoom=15,SRC-000423,SN-000123-location-coordinate-dataset.md,Exact UESP Gamemap marker match.
COORD-000407,LOC-000402,OBJ-002359,Solitude Sawmill,discoverable_non_clearable,base_game,Skyrim,Skyrim,1,skyrim,357,Solitude Sawmill,Solitude Sawmill,14,,91010,,-78244,91173,-13758,exact_marker,uesp_gamemap_page,high,same_worldspace_xy,https://gamemap.uesp.net/sr/?world=skyrim&x=-78244&y=91173&zoom=15,SRC-000423,SN-000123-location-coordinate-dataset.md,Exact UESP Gamemap marker match.
COORD-000408,LOC-000403,OBJ-002360,Soljund's Sinkhole,discoverable_non_clearable,base_game,Skyrim,Skyrim,1,skyrim,33,Soljund's Sinkhole,Soljund's Sinkhole,4,SoljundsSinkholeMapMarker,90811,,-117661,6257,-5419,exact_marker,uesp_gamemap_page,high,same_worldspace_xy,https://gamemap.uesp.net/sr/?world=skyrim&x=-117661&y=6257&zoom=15,SRC-000423,SN-000123-location-coordinate-dataset.md,Exact UESP Gamemap marker match.
COORD-000409,LOC-000404,OBJ-002361,South Brittleshin Pass,map_marker_duplicate,base_game,Skyrim,Skyrim,1,skyrim,14,South Brittleshin Pass,South Brittleshin Pass,4,BrittleShinPassSouthMapMarker,533011,,-19773,-50327,2304,exact_marker,uesp_gamemap_page,high,same_worldspace_xy,https://gamemap.uesp.net/sr/?world=skyrim&x=-19773&y=-50327&zoom=15,SRC-000423,SN-000123-location-coordinate-dataset.md,Exact UESP Gamemap marker match.
COORD-000410,LOC-000405,OBJ-002362,South Cold Rock Pass,map_marker_duplicate,base_game,Skyrim,Skyrim,1,skyrim,273,South Cold Rock Pass,South Cold Rock Pass,24,,1007279,,-47526,32110,-1667,exact_marker,uesp_gamemap_page,high,same_worldspace_xy,https://gamemap.uesp.net/sr/?world=skyrim&x=-47526&y=32110&zoom=15,SRC-000423,SN-000123-location-coordinate-dataset.md,Exact UESP Gamemap marker match.
COORD-000411,LOC-000406,OBJ-002363,South Shriekwind Bastion,map_marker_duplicate,base_game,Skyrim,Skyrim,1,skyrim,226,South Shriekwind Bastion,South Shriekwind Bastion,7,ShriekwindBastionMapMarker,754632,,-24357,-77669,1745,exact_marker,uesp_gamemap_page,high,same_worldspace_xy,https://gamemap.uesp.net/sr/?world=skyrim&x=-24357&y=-77669&zoom=15,SRC-000423,SN-000123-location-coordinate-dataset.md,Exact UESP Gamemap marker match.
COORD-000412,LOC-000407,OBJ-002364,South Skybound Watch,map_marker_duplicate,base_game,Skyrim,Skyrim,1,skyrim,259,South Skybound Watch,South Skybound Watch,31,,293307,,21065,-69235,10892,exact_marker,uesp_gamemap_page,high,same_worldspace_xy,https://gamemap.uesp.net/sr/?world=skyrim&x=21065&y=-69235&zoom=15,SRC-000423,SN-000123-location-coordinate-dataset.md,Exact UESP Gamemap marker match.
COORD-000413,LOC-000408,OBJ-002365,Stalhrim Source,discoverable_non_clearable,base_game,Solstheim,Solstheim,2,solstheim,2510,Stalhrim Source,Stalhrim Source,11,DLC2StalhrimSourceMapMarkerREF,33724128,,29071,78772,8186,exact_marker,uesp_gamemap_page,high,same_worldspace_xy,https://gamemap.uesp.net/sr/?world=solstheim&x=29071&y=78772&zoom=15,SRC-000423,SN-000123-location-coordinate-dataset.md,Exact UESP Gamemap marker match.
COORD-000414,LOC-000409,OBJ-002366,Statue to Meridia,discoverable_non_clearable,base_game,Skyrim,Skyrim,1,skyrim,317,Statue to Meridia,Statue to Meridia,34,KilkreathRuinsMapMarker,90733,,-94076,99077,-7026,exact_marker,uesp_gamemap_page,high,same_worldspace_xy,https://gamemap.uesp.net/sr/?world=skyrim&x=-94076&y=99077&zoom=15,SRC-000423,SN-000123-location-coordinate-dataset.md,Exact UESP Gamemap marker match.
COORD-000415,LOC-000410,OBJ-002367,Stonehills,discoverable_non_clearable,base_game,Skyrim,Skyrim,1,skyrim,211,Stonehills,Stonehills,15,,96228,,-7283,64267,-11462,exact_marker,uesp_gamemap_page,high,same_worldspace_xy,https://gamemap.uesp.net/sr/?world=skyrim&x=-7283&y=64267&zoom=15,SRC-000423,SN-000123-location-coordinate-dataset.md,Exact UESP Gamemap marker match.
COORD-000416,LOC-000411,OBJ-002368,Tel Mithryn (settlement),discoverable_non_clearable,base_game,Solstheim,Solstheim,2,solstheim,2519,Tel Mithryn,Tel Mithryn,56,DLC2TelMithrynMapMarker,33637352,,75484,23835,2115,exact_marker,uesp_gamemap_page,high,same_worldspace_xy,https://gamemap.uesp.net/sr/?world=solstheim&x=75484&y=23835&zoom=15,SRC-000423,SN-000123-location-coordinate-dataset.md,Exact UESP Gamemap marker match.
COORD-000417,LOC-000412,OBJ-002369,Thalmor Embassy,discoverable_non_clearable,base_game,Skyrim,Skyrim,1,skyrim,280,Thalmor Embassy,Thalmor Embassy,3,,212549,,-79067,111308,-2602,exact_marker,uesp_gamemap_page,high,same_worldspace_xy,https://gamemap.uesp.net/sr/?world=skyrim&x=-79067&y=111308&zoom=15,SRC-000423,SN-000123-location-coordinate-dataset.md,Exact UESP Gamemap marker match.
COORD-000418,LOC-000413,OBJ-002370,The Apprentice Stone,discoverable_non_clearable,base_game,Skyrim,Skyrim,1,skyrim,87,The Apprentice Stone,The Apprentice Stone,18,,113337,,-55914,79726,-13909,exact_marker,uesp_gamemap_page,high,same_worldspace_xy,https://gamemap.uesp.net/sr/?world=skyrim&x=-55914&y=79726&zoom=15,SRC-000423,SN-000123-location-coordinate-dataset.md,Exact UESP Gamemap marker match.
COORD-000419,LOC-000414,OBJ-002371,The Atronach Stone,discoverable_non_clearable,base_game,Skyrim,Skyrim,1,skyrim,89,The Atronach Stone,The Atronach Stone,18,,921420,,130939,-28770,-10559,exact_marker,uesp_gamemap_page,high,same_worldspace_xy,https://gamemap.uesp.net/sr/?world=skyrim&x=130939&y=-28770&zoom=15,SRC-000423,SN-000123-location-coordinate-dataset.md,Exact UESP Gamemap marker match.
COORD-000420,LOC-000415,OBJ-002372,The Guardian Stones,discoverable_non_clearable,base_game,Skyrim,Skyrim,1,skyrim,85,The Guardian Stones,The Guardian Stones,18,,113341,,2807,-59216,1436,exact_marker,uesp_gamemap_page,high,same_worldspace_xy,https://gamemap.uesp.net/sr/?world=skyrim&x=2807&y=-59216&zoom=15,SRC-000423,SN-000123-location-coordinate-dataset.md,Exact UESP Gamemap marker match.
COORD-000421,LOC-000416,OBJ-002373,The Lady Stone,discoverable_non_clearable,base_game,Skyrim,Skyrim,1,skyrim,92,The Lady Stone,The Lady Stone,18,,912784,,-32442,-55637,719,exact_marker,uesp_gamemap_page,high,same_worldspace_xy,https://gamemap.uesp.net/sr/?world=skyrim&x=-32442&y=-55637&zoom=15,SRC-000423,SN-000123-location-coordinate-dataset.md,Exact UESP Gamemap marker match.
COORD-000422,LOC-000417,OBJ-002374,The Lord Stone,discoverable_non_clearable,base_game,Skyrim,Skyrim,1,skyrim,90,The Lord Stone,The Lord Stone,18,,921415,,5821,56398,178,exact_marker,uesp_gamemap_page,high,same_worldspace_xy,https://gamemap.uesp.net/sr/?world=skyrim&x=5821&y=56398&zoom=15,SRC-000423,SN-000123-location-coordinate-dataset.md,Exact UESP Gamemap marker match.
COORD-000423,LOC-000418,OBJ-002375,The Lover Stone,discoverable_non_clearable,base_game,Skyrim,Skyrim,1,skyrim,86,The Lover Stone,The Lover Stone,18,,113339,,-150413,20215,-3143,exact_marker,uesp_gamemap_page,high,same_worldspace_xy,https://gamemap.uesp.net/sr/?world=skyrim&x=-150413&y=20215&zoom=15,SRC-000423,SN-000123-location-coordinate-dataset.md,Exact UESP Gamemap marker match.
COORD-000424,LOC-000419,OBJ-002376,The Ritual Stone,discoverable_non_clearable,base_game,Skyrim,Skyrim,1,skyrim,94,The Ritual Stone,The Ritual Stone,18,,907733,,50863,-5304,-1392,exact_marker,uesp_gamemap_page,high,same_worldspace_xy,https://gamemap.uesp.net/sr/?world=skyrim&x=50863&y=-5304&zoom=15,SRC-000423,SN-000123-location-coordinate-dataset.md,Exact UESP Gamemap marker match.
COORD-000425,LOC-000420,OBJ-002377,The Serpent Stone,discoverable_non_clearable,base_game,Skyrim,Skyrim,1,skyrim,88,The Serpent Stone,The Serpent Stone,18,DoomstoneSerpentMapMarker,921449,,151704,116451,-12614,exact_marker,uesp_gamemap_page,high,same_worldspace_xy,https://gamemap.uesp.net/sr/?world=skyrim&x=151704&y=116451&zoom=15,SRC-000423,SN-000123-location-coordinate-dataset.md,Exact UESP Gamemap marker match.
COORD-000426,LOC-000421,OBJ-002378,The Shadow Stone,discoverable_non_clearable,base_game,Skyrim,Skyrim,1,skyrim,93,The Shadow Stone,The Shadow Stone,18,,866613,,171146,-110243,12723,exact_marker,uesp_gamemap_page,high,same_worldspace_xy,https://gamemap.uesp.net/sr/?world=skyrim&x=171146&y=-110243&zoom=15,SRC-000423,SN-000123-location-coordinate-dataset.md,Exact UESP Gamemap marker match.
COORD-000427,LOC-000422,OBJ-002379,The Steed Stone,discoverable_non_clearable,base_game,Skyrim,Skyrim,1,skyrim,84,The Steed Stone,The Steed Stone,18,,113344,,-96270,115526,-4179,exact_marker,uesp_gamemap_page,high,same_worldspace_xy,https://gamemap.uesp.net/sr/?world=skyrim&x=-96270&y=115526&zoom=15,SRC-000423,SN-000123-location-coordinate-dataset.md,Exact UESP Gamemap marker match.
COORD-000428,LOC-000423,OBJ-002380,The Tower Stone,discoverable_non_clearable,base_game,Skyrim,Skyrim,1,skyrim,91,The Tower Stone,The Tower Stone,18,,921301,,71827,106134,-11042,exact_marker,uesp_gamemap_page,high,same_worldspace_xy,https://gamemap.uesp.net/sr/?world=skyrim&x=71827&y=106134&zoom=15,SRC-000423,SN-000123-location-coordinate-dataset.md,Exact UESP Gamemap marker match.
COORD-000429,LOC-000424,OBJ-002381,Thieves Guild,discoverable_non_clearable,base_game,Skyrim,Skyrim,1,skyrim,197,Thieves Guild,Thieves Guild,11,TGMapMarker,1072954,,176841,-98309,11141,exact_marker,uesp_gamemap_page,high,same_worldspace_xy,https://gamemap.uesp.net/sr/?world=skyrim&x=176841&y=-98309&zoom=15,SRC-000423,SN-000123-location-coordinate-dataset.md,Exact UESP Gamemap marker match.
COORD-000430,LOC-000425,OBJ-002382,Thirsk Mead Hall,discoverable_non_clearable,base_game,Solstheim,Solstheim,2,solstheim,2518,Thirsk Mead Hall,Thirsk Mead Hall,3,,33637353,,67274,58587,5619,exact_marker,uesp_gamemap_page,high,same_worldspace_xy,https://gamemap.uesp.net/sr/?world=solstheim&x=67274&y=58587&zoom=15,SRC-000423,SN-000123-location-coordinate-dataset.md,Exact UESP Gamemap marker match.
COORD-000431,LOC-000426,OBJ-002383,Throat of the World,discoverable_non_clearable,base_game,Skyrim,Skyrim,1,skyrim,192,Throat of the World,Throat of the World,11,ThroatoftheWorldMapMarker,90820,,56368,-48511,36379,exact_marker,uesp_gamemap_page,high,same_worldspace_xy,https://gamemap.uesp.net/sr/?world=skyrim&x=56368&y=-48511&zoom=15,SRC-000423,SN-000123-location-coordinate-dataset.md,Exact UESP Gamemap marker match.
COORD-000432,LOC-000427,OBJ-002384,Tower of Mzark,discoverable_non_clearable,base_game,Blackreach,Skyrim,1,skyrim,110,Tower of Mzark,Tower of Mzark,8,TowerofMzarkMapMarker,864474,,25834,45696,-4379,exact_marker,uesp_gamemap_page,high,same_worldspace_xy,https://gamemap.uesp.net/sr/?world=skyrim&x=25834&y=45696&zoom=15,SRC-000423,SN-000123-location-coordinate-dataset.md,Exact UESP Gamemap marker match.
COORD-000433,LOC-000428,OBJ-002385,Tundra Homestead,discoverable_non_clearable,ae_creation,Skyrim,Skyrim,1,skyrim,2331,Tundra Homestead (CC),Tundra Homestead (place),2,,0,,39595,38,0,exact_marker,uesp_gamemap_page,high,same_worldspace_xy,https://gamemap.uesp.net/sr/?world=skyrim&x=39595&y=38&zoom=15,SRC-000423,SN-000123-location-coordinate-dataset.md,Exact UESP Gamemap marker match.
COORD-000434,LOC-000429,OBJ-002386,Twilight Sepulcher,discoverable_non_clearable,base_game,Skyrim,Skyrim,1,skyrim,256,Twilight Sepulcher,Twilight Sepulcher,7,TwilightSepulcherMapMarker,90646,,-70966,-80573,-459,exact_marker,uesp_gamemap_page,high,same_worldspace_xy,https://gamemap.uesp.net/sr/?world=skyrim&x=-70966&y=-80573&zoom=15,SRC-000423,SN-000123-location-coordinate-dataset.md,Exact UESP Gamemap marker match.
COORD-000435,LOC-000430,OBJ-002387,Understone Keep,discoverable_non_clearable,base_game,Skyrim,Skyrim,1,skyrim,202,Understone Keep,Understone Keep,43,MarkarthPalaceMapMarker,804015,,-178916,3565,-2183,exact_marker,uesp_gamemap_page,high,same_worldspace_xy,https://gamemap.uesp.net/sr/?world=skyrim&x=-178916&y=3565&zoom=15,SRC-000423,SN-000123-location-coordinate-dataset.md,Exact UESP Gamemap marker match.
COORD-000436,LOC-000431,OBJ-002388,Ustengrav,discoverable_non_clearable,base_game,Skyrim,Skyrim,1,skyrim,255,Ustengrav,Ustengrav,7,UstengravMapMarker,90655,,-23080,88177,-13778,exact_marker,uesp_gamemap_page,high,same_worldspace_xy,https://gamemap.uesp.net/sr/?world=skyrim&x=-23080&y=88177&zoom=15,SRC-000423,SN-000123-location-coordinate-dataset.md,Exact UESP Gamemap marker match.
COORD-000437,LOC-000432,OBJ-002389,Varlais Cavern,discoverable_non_clearable,ae_creation,Skyrim,Skyrim,1,skyrim,2715,Rielle (CC),Rielle,4,,16789795,,66716,-103669,16096,proxy_marker,manual_proxy,high,proxy_same_worldspace_xy,https://gamemap.uesp.net/sr/?world=skyrim&x=66716&y=-103669&zoom=15,SRC-000423,SN-000123-location-coordinate-dataset.md,UESP says Varlais Cavern is not a separate location and forms part of Rielle's first zone.
COORD-000438,LOC-000433,OBJ-002390,Wayward Pass,discoverable_non_clearable,base_game,Skyrim,Skyrim,1,skyrim,274,Wayward Pass,Wayward Pass,24,,798458,,76031,62788,-807,exact_marker,uesp_gamemap_page,high,same_worldspace_xy,https://gamemap.uesp.net/sr/?world=skyrim&x=76031&y=62788&zoom=15,SRC-000423,SN-000123-location-coordinate-dataset.md,Exact UESP Gamemap marker match.
COORD-000439,LOC-000434,OBJ-002391,Western Watchtower,discoverable_non_clearable,base_game,Skyrim,Skyrim,1,skyrim,121,Western Watchtower,Western Watchtower,6,WhiterunWatchtowerMapMarker,899209,,1660,-14699,-4832,exact_marker,uesp_gamemap_page,high,same_worldspace_xy,https://gamemap.uesp.net/sr/?world=skyrim&x=1660&y=-14699&zoom=15,SRC-000423,SN-000123-location-coordinate-dataset.md,Exact UESP Gamemap marker match.
COORD-000440,LOC-000435,OBJ-002392,Whistling Mine,discoverable_non_clearable,base_game,Skyrim,Skyrim,1,skyrim,207,Whistling Mine,Whistling Mine,15,,91013,,126389,76668,-7799,exact_marker,uesp_gamemap_page,high,same_worldspace_xy,https://gamemap.uesp.net/sr/?world=skyrim&x=126389&y=76668&zoom=15,SRC-000423,SN-000123-location-coordinate-dataset.md,Exact UESP Gamemap marker match.
COORD-000441,LOC-000436,OBJ-002393,Whiterun,discoverable_non_clearable,base_game,Skyrim,Skyrim,1,skyrim,351,Whiterun,Whiterun,40,WhiterunMapMarkerREF,90830,,19855,-7423,-3583,exact_marker,uesp_gamemap_page,high,same_worldspace_xy,https://gamemap.uesp.net/sr/?world=skyrim&x=19855&y=-7423&zoom=15,SRC-000423,SN-000123-location-coordinate-dataset.md,Exact UESP Gamemap marker match.
COORD-000442,LOC-000437,OBJ-002394,Whiterun Imperial Camp,discoverable_non_clearable,base_game,Skyrim,Skyrim,1,skyrim,170,Whiterun Imperial Camp,Whiterun Imperial Camp,16,MilitaryCampWhiterunImperialMapMarker,90756,,-62784,2444,-5406,exact_marker,uesp_gamemap_page,high,same_worldspace_xy,https://gamemap.uesp.net/sr/?world=skyrim&x=-62784&y=2444&zoom=15,SRC-000423,SN-000123-location-coordinate-dataset.md,Exact UESP Gamemap marker match.
COORD-000443,LOC-000438,OBJ-002395,Whiterun Military Camp,discoverable_non_clearable,base_game,Skyrim,Skyrim,1,skyrim,328,Whiterun Military Camp,Whiterun Military Camp,17,CWAttackerCampMapMarkerWhiterun,608799,,25408,-19613,-3774,exact_marker,uesp_gamemap_page,high,same_worldspace_xy,https://gamemap.uesp.net/sr/?world=skyrim&x=25408&y=-19613&zoom=15,SRC-000423,SN-000123-location-coordinate-dataset.md,Exact UESP Gamemap marker match.
COORD-000444,LOC-000439,OBJ-002396,Whiterun Stables,discoverable_non_clearable,base_game,Skyrim,Skyrim,1,skyrim,322,Whiterun Stables,Whiterun Stables,21,WhiterunStablesMapMarker,469113,,18313,-10666,-4590,exact_marker,uesp_gamemap_page,high,same_worldspace_xy,https://gamemap.uesp.net/sr/?world=skyrim&x=18313&y=-10666&zoom=15,SRC-000423,SN-000123-location-coordinate-dataset.md,Exact UESP Gamemap marker match.
COORD-000445,LOC-000440,OBJ-002397,Whiterun Stormcloak Camp,discoverable_non_clearable,base_game,Skyrim,Skyrim,1,skyrim,336,Whiterun Stormcloak Camp,Whiterun Stormcloak Camp,17,MilitaryCampWhiterunSonsMapMarker,612485,,51980,-16247,-694,exact_marker,uesp_gamemap_page,high,same_worldspace_xy,https://gamemap.uesp.net/sr/?world=skyrim&x=51980&y=-16247&zoom=15,SRC-000423,SN-000123-location-coordinate-dataset.md,Exact UESP Gamemap marker match.
COORD-000446,LOC-000441,OBJ-002398,Whitewatch Tower,discoverable_non_clearable,base_game,Skyrim,Skyrim,1,skyrim,186,Whitewatch Tower,Whitewatch Tower,22,,907674,,31343,12926,-4995,exact_marker,uesp_gamemap_page,high,same_worldspace_xy,https://gamemap.uesp.net/sr/?world=skyrim&x=31343&y=12926&zoom=15,SRC-000423,SN-000123-location-coordinate-dataset.md,Exact UESP Gamemap marker match.
COORD-000447,LOC-000442,OBJ-002399,Windhelm,discoverable_non_clearable,base_game,Skyrim,Skyrim,1,skyrim,353,Windhelm,Windhelm,38,WindhelmMapMarkerRef,230454,,135026,35597,-12470,exact_marker,uesp_gamemap_page,high,same_worldspace_xy,https://gamemap.uesp.net/sr/?world=skyrim&x=135026&y=35597&zoom=15,SRC-000423,SN-000123-location-coordinate-dataset.md,Exact UESP Gamemap marker match.
COORD-000448,LOC-000443,OBJ-002400,Windhelm Military Camp,discoverable_non_clearable,base_game,Skyrim,Skyrim,1,skyrim,168,Windhelm Military Camp,Windhelm Military Camp,16,,589883,,147993,25449,-10070,exact_marker,uesp_gamemap_page,high,same_worldspace_xy,https://gamemap.uesp.net/sr/?world=skyrim&x=147993&y=25449&zoom=15,SRC-000423,SN-000123-location-coordinate-dataset.md,Exact UESP Gamemap marker match.
COORD-000449,LOC-000444,OBJ-002401,Windhelm Stables,discoverable_non_clearable,base_game,Skyrim,Skyrim,1,skyrim,321,Windhelm Stables,Windhelm Stables,21,,623727,,135886,26101,-12349,exact_marker,uesp_gamemap_page,high,same_worldspace_xy,https://gamemap.uesp.net/sr/?world=skyrim&x=135886&y=26101&zoom=15,SRC-000423,SN-000123-location-coordinate-dataset.md,Exact UESP Gamemap marker match.
COORD-000450,LOC-000445,OBJ-002402,Windstad Manor,discoverable_non_clearable,hearthfire,Skyrim,Skyrim,1,skyrim,2280,Windstad Manor (HF),Windstad Manor,2,BYOHHouse2MapMarker,16824496,,-23659,99712,-12255,exact_marker,uesp_gamemap_page,high,same_worldspace_xy,https://gamemap.uesp.net/sr/?world=skyrim&x=-23659&y=99712&zoom=15,SRC-000423,SN-000123-location-coordinate-dataset.md,Exact UESP Gamemap marker match.
COORD-000451,LOC-000446,OBJ-002403,Winterhold,discoverable_non_clearable,base_game,Skyrim,Skyrim,1,skyrim,355,Winterhold,Winterhold,46,WinterholdMapMarker,96239,,109208,102864,-9013,exact_marker,uesp_gamemap_page,high,same_worldspace_xy,https://gamemap.uesp.net/sr/?world=skyrim&x=109208&y=102864&zoom=15,SRC-000423,SN-000123-location-coordinate-dataset.md,Exact UESP Gamemap marker match.
COORD-000452,LOC-000447,OBJ-002404,Winterhold Imperial Camp,discoverable_non_clearable,base_game,Skyrim,Skyrim,1,skyrim,173,Winterhold Imperial Camp,Winterhold Imperial Camp,16,MilitaryCampWinterholdImperialMapMarker,90749,,51948,95472,-6869,exact_marker,uesp_gamemap_page,high,same_worldspace_xy,https://gamemap.uesp.net/sr/?world=skyrim&x=51948&y=95472&zoom=15,SRC-000423,SN-000123-location-coordinate-dataset.md,Exact UESP Gamemap marker match.
COORD-000453,LOC-000448,OBJ-002405,Winterhold Stormcloak Camp,discoverable_non_clearable,base_game,Skyrim,Skyrim,1,skyrim,331,Winterhold Stormcloak Camp,Winterhold Stormcloak Camp,17,MilitaryCampWinterholdSonsMapMarker,90750,,145204,55116,-11376,exact_marker,uesp_gamemap_page,high,same_worldspace_xy,https://gamemap.uesp.net/sr/?world=skyrim&x=145204&y=55116&zoom=15,SRC-000423,SN-000123-location-coordinate-dataset.md,Exact UESP Gamemap marker match.
COORD-000454,LOC-000449,OBJ-002406,Witchmist Grove,discoverable_non_clearable,base_game,Skyrim,Skyrim,1,skyrim,160,Witchmist Grove,Witchmist Grove,10,WitchmistGroveMapmarkerRef,924544,,134200,-3132,-9669,exact_marker,uesp_gamemap_page,high,same_worldspace_xy,https://gamemap.uesp.net/sr/?world=skyrim&x=134200&y=-3132&zoom=15,SRC-000423,SN-000123-location-coordinate-dataset.md,Exact UESP Gamemap marker match.
COORD-000455,LOC-000450,OBJ-002407,Wreck of the Icerunner,discoverable_non_clearable,base_game,Skyrim,Skyrim,1,skyrim,312,Wreck of the Icerunner,Wreck of the Icerunner,9,MS07ShipwreckMapMarker,90794,,-33199,109071,-13839,exact_marker,uesp_gamemap_page,high,same_worldspace_xy,https://gamemap.uesp.net/sr/?world=skyrim&x=-33199&y=109071&zoom=15,SRC-000423,SN-000123-location-coordinate-dataset.md,Exact UESP Gamemap marker match.
COORD-000456,LOC-000451,OBJ-002408,Klimmek's House,secondary_marker,base_game,Skyrim,Skyrim,1,skyrim,971,Klimmek's House,Klimmek's House,60,,96144,94365,78028,-64504,10991,exact_marker,uesp_gamemap_page,high,same_worldspace_xy,https://gamemap.uesp.net/sr/?world=skyrim&x=78028&y=-64504&zoom=15,SRC-000423,SN-000123-location-coordinate-dataset.md,Exact UESP Gamemap marker match.
COORD-000457,LOC-000452,OBJ-002409,Blackbone Isle Grotto,content_location,ae_creation,Skyrim,Skyrim,1,skyrim,2491,Blackbone Isle (CC),Blackbone Isle,4,,,,-200897,113417,,proxy_marker,manual_proxy,high,proxy_same_worldspace_xy,https://gamemap.uesp.net/sr/?world=skyrim&x=-200897&y=113417&zoom=15,SRC-000423,SN-000123-location-coordinate-dataset.md,Blackbone Isle Grotto is routed through the Blackbone Isle map marker.
COORD-000458,LOC-000453,OBJ-002410,Dead Man's Dread,content_location,ae_creation,Skyrim,Skyrim,1,skyrim,2491,Blackbone Isle (CC),Blackbone Isle,4,,,,-200897,113417,,proxy_marker,manual_proxy,medium,proxy_same_worldspace_xy,https://gamemap.uesp.net/sr/?world=skyrim&x=-200897&y=113417&zoom=15,SRC-000423,SN-000123-location-coordinate-dataset.md,Dead Man's Dread is accessed through Blackbone Isle Grotto/Blackbone Isle; no separate ship marker was found.
COORD-000459,LOC-000454,OBJ-002411,Deadlands,content_location,ae_creation,Other Worldspace,,,,,,,,,,,,,,unmapped_worldspace,manual_unmapped,none,not_comparable,,SRC-000423,SN-000123-location-coordinate-dataset.md,Deadlands is a separate Creation worldspace with no comparable exterior Gamemap coordinate in the Skyrim route graph.
COORD-000460,LOC-000455,OBJ-002412,Fahlbtharz Forge,content_location,ae_creation,Solstheim,Solstheim,2,solstheim,2544,Fahlbtharz,Fahlbtharz,8,,33637314,,30921,65460,9474,proxy_marker,manual_proxy,high,proxy_same_worldspace_xy,https://gamemap.uesp.net/sr/?world=solstheim&x=30921&y=65460&zoom=15,SRC-000423,SN-000123-location-coordinate-dataset.md,Fahlbtharz Forge is treated as part of the Solstheim Fahlbtharz route point.
COORD-000461,LOC-000456,OBJ-002413,Gallows Hall,content_location,ae_creation,Skyrim,Skyrim,1,skyrim,2500,Gallows Hall (CC),Gallows Hall,60,,,,109156,10997,,exact_marker,uesp_gamemap_page,high,same_worldspace_xy,https://gamemap.uesp.net/sr/?world=skyrim&x=109156&y=10997&zoom=15,SRC-000423,SN-000123-location-coordinate-dataset.md,Exact UESP Gamemap marker match.
COORD-000462,LOC-000457,OBJ-002414,Goldenhills Farm Bunkhouse,content_location,ae_creation,Skyrim,Skyrim,1,skyrim,2499,Goldenhills Plantation (CC),Goldenhills Plantation,13,,,,-73249,657,,proxy_marker,manual_proxy,high,proxy_same_worldspace_xy,https://gamemap.uesp.net/sr/?world=skyrim&x=-73249&y=657&zoom=15,SRC-000423,SN-000123-location-coordinate-dataset.md,Goldenhills Farm Bunkhouse is a sublocation at Goldenhills Plantation.
COORD-000463,LOC-000458,OBJ-002415,The Guardian Vault,content_location,ae_creation,Skyrim,Skyrim,1,skyrim,779,The Ratway,The Ratway,60,RW01EntrySouthExt,298912,671201,172800,-97160,10688,proxy_marker,manual_proxy,medium,proxy_same_worldspace_xy,https://gamemap.uesp.net/sr/?world=skyrim&x=172800&y=-97160&zoom=15,SRC-000423,SN-000123-location-coordinate-dataset.md,The Guardian Vault has no map marker and is located in the Ratway.
COORD-000464,LOC-000459,OBJ-002416,Iron Tusk Cave,content_location,ae_creation,Skyrim,Skyrim,1,skyrim,2716,Giant's Tooth (CC),Giant's Tooth,4,,33641408,,164319,150100,416,proxy_marker,manual_proxy,high,proxy_same_worldspace_xy,https://gamemap.uesp.net/sr/?world=skyrim&x=164319&y=150100&zoom=15,SRC-000423,SN-000123-location-coordinate-dataset.md,Iron Tusk Cave is inside Giant's Tooth; use the island's map marker for exterior distance.
COORD-000465,LOC-000460,OBJ-002417,Ironback Hideout Cellar,content_location,ae_creation,Skyrim,Skyrim,1,skyrim,290,Ironback Hideout,Ironback Hideout,30,,980291,,-92049,112677,-3038,proxy_marker,manual_proxy,high,proxy_same_worldspace_xy,https://gamemap.uesp.net/sr/?world=skyrim&x=-92049&y=112677&zoom=15,SRC-000423,SN-000123-location-coordinate-dataset.md,Ironback Hideout Cellar is a sublocation at Ironback Hideout.
COORD-000466,LOC-000461,OBJ-002418,Mythic Dawn Camp,content_location,ae_creation,Skyrim,,,,,,,,,,,,,,unmapped_no_marker,manual_unmapped,none,not_comparable,,SRC-000423,SN-000123-location-coordinate-dataset.md,UESP explicitly says Mythic Dawn Camp has no map marker even after it appears.
COORD-000467,LOC-000462,OBJ-002419,Nchuanthumz,content_location,ae_creation,Skyrim,Skyrim,1,skyrim,109,Kagrenzel,Kagrenzel,8,,527958,,191763,-29429,8280,proxy_nearby_landmark,manual_proxy,low,proxy_same_worldspace_xy,https://gamemap.uesp.net/sr/?world=skyrim&x=191763&y=-29429&zoom=15,SRC-000423,SN-000123-location-coordinate-dataset.md,Nchuanthumz is north of Kagrenzel within Frostroot Cave; no Frostroot/Nchuanthumz Gamemap marker was found.
COORD-000468,LOC-000463,OBJ-002420,Old Attius Farm Cellar,content_location,ae_creation,Solstheim,Solstheim,2,solstheim,2514,Old Attius Farm,Old Attius Farm,13,DLC2RRAttiusFarmMapMarker,33662306,,34666,23259,570,proxy_marker,manual_proxy,high,proxy_same_worldspace_xy,https://gamemap.uesp.net/sr/?world=solstheim&x=34666&y=23259&zoom=15,SRC-000423,SN-000123-location-coordinate-dataset.md,Old Attius Farm Cellar is a sublocation at Old Attius Farm.
COORD-000469,LOC-000464,OBJ-002421,The Pit,content_location,ae_creation,Skyrim,Skyrim,1,skyrim,185,Falkreath Watchtower,Falkreath Watchtower,22,,293004,,-35219,-72845,1475,proxy_nearby_landmark,manual_proxy,low,proxy_same_worldspace_xy,https://gamemap.uesp.net/sr/?world=skyrim&x=-35219&y=-72845&zoom=15,SRC-000423,SN-000123-location-coordinate-dataset.md,The Pit is described as northeast of Falkreath Watchtower and lacks its own Gamemap marker.
COORD-000470,LOC-000465,OBJ-002422,Rielle,content_location,ae_creation,Skyrim,Skyrim,1,skyrim,2715,Rielle (CC),Rielle,4,,16789795,,66716,-103669,16096,exact_marker,uesp_gamemap_page,high,same_worldspace_xy,https://gamemap.uesp.net/sr/?world=skyrim&x=66716&y=-103669&zoom=15,SRC-000423,SN-000123-location-coordinate-dataset.md,Exact UESP Gamemap marker match.
COORD-000471,LOC-000466,OBJ-002423,Sightless Vault,content_location,ae_creation,Skyrim,Skyrim,1,skyrim,35,Sightless Pit,Sightless Pit,4,,90803,,99977,78694,-5432,proxy_marker,manual_proxy,high,proxy_same_worldspace_xy,https://gamemap.uesp.net/sr/?world=skyrim&x=99977&y=78694&zoom=15,SRC-000423,SN-000123-location-coordinate-dataset.md,Sightless Vault redirects to the broader Sightless Pit subject.
COORD-000472,LOC-000467,OBJ-002424,Solitude Sewers,content_location,ae_creation,Skyrim,Skyrim,1,skyrim,2718,Solitude Sewers (CC),Solitude Sewers,60,,,,-62603,106182,,exact_marker,uesp_gamemap_page,high,same_worldspace_xy,https://gamemap.uesp.net/sr/?world=skyrim&x=-62603&y=106182&zoom=15,SRC-000423,SN-000123-location-coordinate-dataset.md,Exact UESP Gamemap marker match.
