objective_id,objective_name,category,subcategory,source_content,worldspace,region,hold,location,start_trigger,prerequisites,completion_boundary,recommended_level,hard_level_gate,leveled_reward_threshold,cell_entry_lock_risk,quest_conflicts,npc_dependencies,trophy_relevance,checklist_mapping,unique_rewards,missability,bug_risk,survival_mode_relevance,routing_rigidity,route_placement,citations,research_status,validation_status,notes
OBJ-000001,Unbound,quest,main_quest,base_game,Skyrim,,,,,,Complete quest,,,,unknown,,,Main Quest trophy Unbound - Bronze 10 points,,,unknown,unknown,,unclassified,main_route,SN-000001-main-quest-structure.md | SN-000002-main-quest-trophies.md,needs_review,not_started,Required main quest row from UESP main quest list
OBJ-000002,Before the Storm,quest,main_quest,base_game,Skyrim,,,,,,Complete quest,,,,unknown,,,,,,unknown,unknown,,unclassified,main_route,SN-000001-main-quest-structure.md,needs_review,not_started,Required main quest row from UESP main quest list
OBJ-000003,Bleak Falls Barrow,quest,main_quest,base_game,Skyrim,,,,,,Complete quest,,,,unknown,,,Main Quest trophy Bleak Falls Barrow - Bronze 10 points,,,unknown,unknown,,unclassified,main_route,SN-000001-main-quest-structure.md | SN-000002-main-quest-trophies.md,needs_review,not_started,Required main quest row from UESP main quest list
OBJ-000004,Dragon Rising,quest,main_quest,base_game,Skyrim,,,,,,Complete quest,,,,unknown,,,,,,unknown,unknown,,unclassified,main_route,SN-000001-main-quest-structure.md,needs_review,not_started,Required main quest row from UESP main quest list
OBJ-000005,The Way of the Voice,quest,main_quest,base_game,Skyrim,,,,,,Complete quest,,,,unknown,,,Main Quest trophy The Way of the Voice - Bronze 20 points,,,unknown,unknown,,unclassified,main_route,SN-000001-main-quest-structure.md | SN-000002-main-quest-trophies.md,needs_review,not_started,Required main quest row from UESP main quest list
OBJ-000006,The Horn of Jurgen Windcaller,quest,main_quest,base_game,Skyrim,,,,,,Complete quest,,,,unknown,,,,,,unknown,unknown,,unclassified,main_route,SN-000001-main-quest-structure.md,needs_review,not_started,Required main quest row from UESP main quest list
OBJ-000007,A Blade in the Dark,quest,main_quest,base_game,Skyrim,,,,,,Complete quest,,,,unknown,,,,,,unknown,unknown,,unclassified,main_route,SN-000001-main-quest-structure.md,needs_review,not_started,Required main quest row from UESP main quest list
OBJ-000008,Diplomatic Immunity,quest,main_quest,base_game,Skyrim,,,,,,Complete quest,,,,unknown,,,Main Quest trophy Diplomatic Immunity - Bronze 20 points,,,unknown,unknown,,unclassified,main_route,SN-000001-main-quest-structure.md | SN-000002-main-quest-trophies.md,needs_review,not_started,Required main quest row from UESP main quest list
OBJ-000009,A Cornered Rat,quest,main_quest,base_game,Skyrim,,,,,,Complete quest,,,,unknown,,,,,,unknown,unknown,,unclassified,main_route,SN-000001-main-quest-structure.md,needs_review,not_started,Required main quest row from UESP main quest list
OBJ-000010,Alduin's Wall,quest,main_quest,base_game,Skyrim,,,,,,Complete quest,,,,unknown,,,Main Quest trophy Alduin's Wall - Bronze 20 points,,,unknown,unknown,,unclassified,main_route,SN-000001-main-quest-structure.md | SN-000002-main-quest-trophies.md,needs_review,not_started,Required main quest row from UESP main quest list
OBJ-000011,The Throat of the World,quest,main_quest,base_game,Skyrim,,,,,,Complete quest,,,,unknown,,,,,,unknown,unknown,,unclassified,main_route,SN-000001-main-quest-structure.md,needs_review,not_started,Required main quest row from UESP main quest list
OBJ-000012,Elder Knowledge,quest,main_quest,base_game,Skyrim,,,,,,Complete quest,,,,unknown,,,Main Quest trophy Elder Knowledge - Bronze 20 points,,,unknown,unknown,,unclassified,main_route,SN-000001-main-quest-structure.md | SN-000002-main-quest-trophies.md,needs_review,not_started,Required main quest row from UESP main quest list
OBJ-000013,Alduin's Bane,quest,main_quest,base_game,Skyrim,,,,,,Complete quest,,,,unknown,,,,,,unknown,unknown,,unclassified,main_route,SN-000001-main-quest-structure.md,needs_review,not_started,Required main quest row from UESP main quest list
OBJ-000014,The Fallen,quest,main_quest,base_game,Skyrim,,,,,,Complete quest,,,,unknown,,,Main Quest trophy The Fallen - Bronze 20 points,,,unknown,unknown,,unclassified,main_route,SN-000001-main-quest-structure.md | SN-000002-main-quest-trophies.md,needs_review,not_started,Required main quest row from UESP main quest list
OBJ-000015,The World-Eater's Eyrie,quest,main_quest,base_game,Skyrim,,,,,,Complete quest,,,,unknown,,,,,,unknown,unknown,,unclassified,main_route,SN-000001-main-quest-structure.md,needs_review,not_started,Required main quest row from UESP main quest list
OBJ-000016,Sovngarde,quest,main_quest,base_game,Skyrim,,,,,,Complete quest,,,,unknown,,,,,,unknown,unknown,,unclassified,main_route,SN-000001-main-quest-structure.md,needs_review,not_started,Required main quest row from UESP main quest list
OBJ-000017,Dragonslayer,quest,main_quest,base_game,Skyrim,,,,,,Complete quest,,,,unknown,,,Main Quest trophy Dragonslayer - Gold 50 points,,,unknown,unknown,,unclassified,main_route,SN-000001-main-quest-structure.md | SN-000002-main-quest-trophies.md,needs_review,not_started,Required main quest row from UESP main quest list
OBJ-000018,Season Unending,quest,optional_main_quest,base_game,Skyrim,,,,,,Complete optional quest,,,,unknown,,,Potential War Hero and Civil War coordination risk,,,unknown,unknown,,unclassified,unclassified,SN-000001-main-quest-structure.md | SN-000010-civil-war-trophies-season-unending.md,needs_review,not_started,Optional main quest row; placement depends on Civil War and main quest coordination research
OBJ-000019,Paarthurnax,quest,optional_main_quest,base_game,Skyrim,,,,,,Complete optional quest,,,,unknown,,,,,,unknown,unknown,,unclassified,branch_route,SN-000001-main-quest-structure.md,needs_review,not_started,Optional main quest row; main route preserves Paarthurnax so branch/conflict handling needs later research
OBJ-000020,Take Up Arms,quest,companions,base_game,Skyrim,,,,,,Complete quest,,,,unknown,,,Companions trophy Take Up Arms - Bronze 10 points,,,unknown,unknown,,unclassified,main_route,SN-000003-companions-primary-quests.md,needs_review,not_started,Primary Companions quest row from UESP faction list
OBJ-000021,Proving Honor,quest,companions,base_game,Skyrim,,,,,,Complete quest,,,,unknown,,,,,,unknown,unknown,,unclassified,main_route,SN-000003-companions-primary-quests.md,needs_review,not_started,Primary Companions quest row from UESP faction list
OBJ-000022,The Silver Hand,quest,companions,base_game,Skyrim,,,,,,Complete quest,,,,unknown,,,Companions trophy Blood Oath - Bronze 10 points,,,unknown,unknown,,unclassified,main_route,SN-000003-companions-primary-quests.md,needs_review,not_started,Primary Companions quest row from UESP faction list
OBJ-000023,Blood's Honor,quest,companions,base_game,Skyrim,,,,,,Complete quest,,,,unknown,,,,,,unknown,unknown,,unclassified,main_route,SN-000003-companions-primary-quests.md,needs_review,not_started,Primary Companions quest row from UESP faction list
OBJ-000024,Purity of Revenge,quest,companions,base_game,Skyrim,,,,,,Complete quest,,,,unknown,,,,,,unknown,unknown,,unclassified,main_route,SN-000003-companions-primary-quests.md,needs_review,not_started,Primary Companions quest row from UESP faction list
OBJ-000025,Glory of the Dead,quest,companions,base_game,Skyrim,,,,,,Complete quest,,,,unknown,,,Companions trophy Glory of the Dead - Silver 30 points,,,unknown,unknown,,unclassified,main_route,SN-000003-companions-primary-quests.md,needs_review,not_started,Primary Companions quest row from UESP faction list
OBJ-000026,Companions Required Radiant Gates,radiant,companions_required_gate,base_game,Skyrim,,,,,,Complete required interstitial radiant gates,,,,unknown,,,,,,unknown,unknown,,unclassified,main_route,SN-000003-companions-primary-quests.md,needs_review,not_started,Placeholder for required Companions radiant gates; individual radiant type selection deferred
OBJ-000027,College Objective Quest,quest,college_of_winterhold,base_game,Skyrim,,,,,,Complete quest,,,,unknown,,,,,,unknown,unknown,,unclassified,main_route,SN-000004-college-primary-quests.md,needs_review,not_started,Primary College quest row from UESP faction list
OBJ-000028,First Lessons,quest,college_of_winterhold,base_game,Skyrim,,,,,,Complete quest,,,,unknown,,,College trophy Gatekeeper - Bronze 10 points,,,unknown,unknown,,unclassified,main_route,SN-000004-college-primary-quests.md,needs_review,not_started,Primary College quest row from UESP faction list
OBJ-000029,Under Saarthal,quest,college_of_winterhold,base_game,Skyrim,,,,,,Complete quest,,,,unknown,,,,,,unknown,unknown,,unclassified,main_route,SN-000004-college-primary-quests.md,needs_review,not_started,Primary College quest row from UESP faction list
OBJ-000030,Hitting the Books,quest,college_of_winterhold,base_game,Skyrim,,,,,,Complete quest,,,,unknown,,,,,,unknown,unknown,,unclassified,main_route,SN-000004-college-primary-quests.md,needs_review,not_started,Primary College quest row from UESP faction list
OBJ-000031,Good Intentions,quest,college_of_winterhold,base_game,Skyrim,,,,,,Complete quest,,,,unknown,,,,,,unknown,unknown,,unclassified,main_route,SN-000004-college-primary-quests.md,needs_review,not_started,Primary College quest row from UESP faction list
OBJ-000032,Revealing the Unseen,quest,college_of_winterhold,base_game,Skyrim,,,,,,Complete quest,,,,unknown,,,College trophy Revealing the Unseen - Bronze 10 points,,,unknown,unknown,,unclassified,main_route,SN-000004-college-primary-quests.md,needs_review,not_started,Primary College quest row from UESP faction list
OBJ-000033,Containment,quest,college_of_winterhold,base_game,Skyrim,,,,,,Complete quest,,,,unknown,,,,,,unknown,unknown,,unclassified,main_route,SN-000004-college-primary-quests.md,needs_review,not_started,Primary College quest row from UESP faction list
OBJ-000034,The Staff of Magnus,quest,college_of_winterhold,base_game,Skyrim,,,,,,Complete quest,,,,unknown,,,,,,unknown,unknown,,unclassified,main_route,SN-000004-college-primary-quests.md,needs_review,not_started,Primary College quest row from UESP faction list
OBJ-000035,The Eye of Magnus,quest,college_of_winterhold,base_game,Skyrim,,,,,,Complete quest,,,,unknown,,,College trophy The Eye of Magnus - Silver 30 points,,,unknown,unknown,,unclassified,main_route,SN-000004-college-primary-quests.md,needs_review,not_started,Primary College quest row from UESP faction list
OBJ-000036,A Chance Arrangement,quest,thieves_guild,base_game,Skyrim,,,,,,Complete quest,,,,unknown,,,,,,unknown,unknown,,unclassified,main_route,SN-000005-thieves-guild-primary-quests.md,needs_review,not_started,Primary Thieves Guild quest row from UESP faction list
OBJ-000037,Taking Care of Business,quest,thieves_guild,base_game,Skyrim,,,,,,Complete quest,,,,unknown,,,Thieves Guild trophy Taking Care of Business - Bronze 10 points,,,unknown,unknown,,unclassified,main_route,SN-000005-thieves-guild-primary-quests.md,needs_review,not_started,Primary Thieves Guild quest row from UESP faction list
OBJ-000038,Loud and Clear,quest,thieves_guild,base_game,Skyrim,,,,,,Complete quest,,,,unknown,,,,,,unknown,unknown,,unclassified,main_route,SN-000005-thieves-guild-primary-quests.md,needs_review,not_started,Primary Thieves Guild quest row from UESP faction list
OBJ-000039,Dampened Spirits,quest,thieves_guild,base_game,Skyrim,,,,,,Complete quest,,,,unknown,,,,,,unknown,unknown,,unclassified,main_route,SN-000005-thieves-guild-primary-quests.md,needs_review,not_started,Primary Thieves Guild quest row from UESP faction list
OBJ-000040,Scoundrel's Folly,quest,thieves_guild,base_game,Skyrim,,,,,,Complete quest,,,,unknown,,,,,,unknown,unknown,,unclassified,main_route,SN-000005-thieves-guild-primary-quests.md,needs_review,not_started,Primary Thieves Guild quest row from UESP faction list
OBJ-000041,Speaking With Silence,quest,thieves_guild,base_game,Skyrim,,,,,,Complete quest,,,,unknown,,,,,,unknown,unknown,,unclassified,main_route,SN-000005-thieves-guild-primary-quests.md,needs_review,not_started,Primary Thieves Guild quest row from UESP faction list
OBJ-000042,Hard Answers,quest,thieves_guild,base_game,Skyrim,,,,,,Complete quest,,,,unknown,,,,,,unknown,unknown,,unclassified,main_route,SN-000005-thieves-guild-primary-quests.md,needs_review,not_started,Primary Thieves Guild quest row from UESP faction list
OBJ-000043,The Pursuit,quest,thieves_guild,base_game,Skyrim,,,,,,Complete quest,,,,unknown,,,,,,unknown,unknown,,unclassified,main_route,SN-000005-thieves-guild-primary-quests.md,needs_review,not_started,Primary Thieves Guild quest row from UESP faction list
OBJ-000044,Trinity Restored,quest,thieves_guild,base_game,Skyrim,,,,,,Complete quest,,,,unknown,,,,,,unknown,unknown,,unclassified,main_route,SN-000005-thieves-guild-primary-quests.md,needs_review,not_started,Primary Thieves Guild quest row from UESP faction list
OBJ-000045,Blindsighted,quest,thieves_guild,base_game,Skyrim,,,,,,Complete quest,,,,unknown,,,,,,unknown,unknown,,unclassified,main_route,SN-000005-thieves-guild-primary-quests.md,needs_review,not_started,Primary Thieves Guild quest row from UESP faction list
OBJ-000046,Darkness Returns,quest,thieves_guild,base_game,Skyrim,,,,,,Complete quest,,,,unknown,,,Thieves Guild trophy Darkness Returns - Bronze 10 points,,,unknown,unknown,,unclassified,main_route,SN-000005-thieves-guild-primary-quests.md,needs_review,not_started,Primary Thieves Guild quest row from UESP faction list
OBJ-000047,Under New Management,quest,thieves_guild,base_game,Skyrim,,,,,Complete Thieves Guild restoration work,Complete quest,,,,unknown,,,Thieves Guild trophy One with the Shadows - Silver 30 points,,,unknown,unknown,,unclassified,main_route,SN-000005-thieves-guild-primary-quests.md | SN-000006-thieves-guild-restoration-requirements.md,needs_review,not_started,Primary Thieves Guild quest row with restoration prerequisite noted
OBJ-000048,Thieves Guild City Influence Jobs,radiant,thieves_guild_restoration,base_game,Skyrim,,,,,,Complete five Delvin or Vex jobs in each restoration city,,,,unknown,,,,,,unknown,unknown,,unclassified,main_route,SN-000006-thieves-guild-restoration-requirements.md,needs_review,not_started,Bounded restoration job requirement; exact job selection deferred to radiant research
OBJ-000049,Silver Lining,quest,thieves_guild_reputation,base_game,Skyrim,,,,,Complete five Markarth Thieves Guild jobs,Complete quest,,,,unknown,,,,,,unknown,unknown,,unclassified,main_route,SN-000006-thieves-guild-restoration-requirements.md,needs_review,not_started,Markarth special reputation quest required for guild restoration
OBJ-000050,The Dainty Sload,quest,thieves_guild_reputation,base_game,Skyrim,,,,,Complete five Solitude Thieves Guild jobs,Complete quest,,,,unknown,,,,,,unknown,unknown,,unclassified,main_route,SN-000006-thieves-guild-restoration-requirements.md,needs_review,not_started,Solitude special reputation quest required for guild restoration
OBJ-000051,Imitation Amnesty,quest,thieves_guild_reputation,base_game,Skyrim,,,,,Complete five Whiterun Thieves Guild jobs,Complete quest,,,,unknown,,,,,,unknown,unknown,,unclassified,main_route,SN-000006-thieves-guild-restoration-requirements.md,needs_review,not_started,Whiterun special reputation quest required for guild restoration
OBJ-000052,Summerset Shadows,quest,thieves_guild_reputation,base_game,Skyrim,,,,,Complete five Windhelm Thieves Guild jobs,Complete quest,,,,unknown,,,,,,unknown,unknown,,unclassified,main_route,SN-000006-thieves-guild-restoration-requirements.md,needs_review,not_started,Windhelm special reputation quest required for guild restoration
OBJ-000053,Delayed Burial,quest,dark_brotherhood,base_game,Skyrim,,,,,,Complete optional quest,,,,unknown,,,Sideways qualifier per UESP despite Dark Brotherhood categorization,,,unknown,unknown,,unclassified,main_route,SN-000007-dark-brotherhood-primary-and-branch-quests.md | SN-000020-sideways-trophy-caveats.md | SN-000026-base-game-side-misc-leftovers-review.md,needs_review,not_started,Canonical Delayed Burial row; side-quest source-list duplicate is OBJ-000207
OBJ-000054,Innocence Lost,quest,dark_brotherhood,base_game,Skyrim,,,,,,Complete quest,,,,unknown,,,,,,unknown,unknown,,unclassified,main_route,SN-000007-dark-brotherhood-primary-and-branch-quests.md,needs_review,not_started,Primary Dark Brotherhood quest row from UESP faction list
OBJ-000055,With Friends Like These...,quest,dark_brotherhood,base_game,Skyrim,,,,,,Complete quest,,,,unknown,,,Dark Brotherhood trophy With Friends Like These... - Bronze 10 points,,,unknown,unknown,,unclassified,main_route,SN-000007-dark-brotherhood-primary-and-branch-quests.md,needs_review,not_started,Primary Dark Brotherhood quest row from UESP faction list
OBJ-000056,Sanctuary,quest,dark_brotherhood,base_game,Skyrim,,,,,,Complete quest,,,,unknown,,,,,,unknown,unknown,,unclassified,main_route,SN-000007-dark-brotherhood-primary-and-branch-quests.md,needs_review,not_started,Primary Dark Brotherhood quest row from UESP faction list
OBJ-000057,Mourning Never Comes,quest,dark_brotherhood,base_game,Skyrim,,,,,,Complete quest,,,,unknown,,,,,,unknown,unknown,,unclassified,main_route,SN-000007-dark-brotherhood-primary-and-branch-quests.md,needs_review,not_started,Primary Dark Brotherhood quest row from UESP faction list
OBJ-000058,Whispers in the Dark,quest,dark_brotherhood,base_game,Skyrim,,,,,,Complete quest,,,,unknown,,,,,,unknown,unknown,,unclassified,main_route,SN-000007-dark-brotherhood-primary-and-branch-quests.md,needs_review,not_started,Primary Dark Brotherhood quest row from UESP faction list
OBJ-000059,The Silence Has Been Broken,quest,dark_brotherhood,base_game,Skyrim,,,,,,Complete quest,,,,unknown,,,,,,unknown,unknown,,unclassified,main_route,SN-000007-dark-brotherhood-primary-and-branch-quests.md,needs_review,not_started,Primary Dark Brotherhood quest row from UESP faction list
OBJ-000060,Bound Until Death,quest,dark_brotherhood,base_game,Skyrim,,,,,,Complete quest,,,,unknown,,,Dark Brotherhood trophy Bound Until Death - Bronze 10 points,,,unknown,unknown,,unclassified,main_route,SN-000007-dark-brotherhood-primary-and-branch-quests.md,needs_review,not_started,Primary Dark Brotherhood quest row from UESP faction list
OBJ-000061,Breaching Security,quest,dark_brotherhood,base_game,Skyrim,,,,,,Complete quest,,,,unknown,,,,,,unknown,unknown,,unclassified,main_route,SN-000007-dark-brotherhood-primary-and-branch-quests.md,needs_review,not_started,Primary Dark Brotherhood quest row from UESP faction list
OBJ-000062,The Cure for Madness,quest,dark_brotherhood,base_game,Skyrim,,,,,,Complete quest,,,,unknown,,,,,,unknown,unknown,,unclassified,main_route,SN-000007-dark-brotherhood-primary-and-branch-quests.md,needs_review,not_started,Primary Dark Brotherhood quest row from UESP faction list
OBJ-000063,Recipe for Disaster,quest,dark_brotherhood,base_game,Skyrim,,,,,,Complete quest,,,,unknown,,,,,,unknown,unknown,,unclassified,main_route,SN-000007-dark-brotherhood-primary-and-branch-quests.md,needs_review,not_started,Primary Dark Brotherhood quest row from UESP faction list
OBJ-000064,To Kill an Empire,quest,dark_brotherhood,base_game,Skyrim,,,,,,Complete quest,,,,unknown,,,,,,unknown,unknown,,unclassified,main_route,SN-000007-dark-brotherhood-primary-and-branch-quests.md,needs_review,not_started,Primary Dark Brotherhood quest row from UESP faction list
OBJ-000065,Death Incarnate,quest,dark_brotherhood,base_game,Skyrim,,,,,,Complete quest,,,,unknown,,,,,,unknown,unknown,,unclassified,main_route,SN-000007-dark-brotherhood-primary-and-branch-quests.md,needs_review,not_started,Primary Dark Brotherhood quest row from UESP faction list
OBJ-000066,Hail Sithis!,quest,dark_brotherhood,base_game,Skyrim,,,,,,Complete quest,,,,unknown,,,Dark Brotherhood trophy Hail Sithis! - Silver 30 points,,,unknown,unknown,,unclassified,main_route,SN-000007-dark-brotherhood-primary-and-branch-quests.md,needs_review,not_started,Primary Dark Brotherhood quest row from UESP faction list
OBJ-000067,Destroy the Dark Brotherhood!,quest,dark_brotherhood_branch,base_game,Skyrim,,,,,,Complete branch quest,,,,unknown,Conflicts with Dark Brotherhood join-route trophies,,Dark Brotherhood trophies unavailable on destroy branch,,,unknown,unknown,,unclassified,branch_route,SN-000007-dark-brotherhood-primary-and-branch-quests.md,needs_review,not_started,Alternate branch row; main route joins the Dark Brotherhood
OBJ-000068,Where You Hang Your Enemy's Head...,quest,dark_brotherhood,base_game,Skyrim,,,,,,Complete quest,,,,unknown,,,,,,unknown,unknown,,unclassified,main_route,SN-000007-dark-brotherhood-primary-and-branch-quests.md,needs_review,not_started,Dark Brotherhood other quest row from UESP faction list
OBJ-000069,Imperial Introductions,quest,civil_war_imperial,base_game,Skyrim,,,,,,Complete quest,,,,unknown,,,,,,unknown,unknown,,unclassified,main_route,SN-000008-civil-war-imperial-quest-structure.md,needs_review,not_started,Imperial Civil War objective from UESP faction list
OBJ-000070,Joining the Legion,quest,civil_war_imperial,base_game,Skyrim,,,,,,Complete quest,,,,unknown,,,Civil War trophy Taking Sides - Bronze 10 points,,,unknown,unknown,,unclassified,main_route,SN-000008-civil-war-imperial-quest-structure.md | SN-000010-civil-war-trophies-season-unending.md,needs_review,not_started,Canonical Civil War side per decisions log
OBJ-000071,Get Outfitted,quest,civil_war_imperial,base_game,Skyrim,,,,,Join the Imperial Legion,Complete quest,,,,unknown,,,,,,unknown,unknown,,unclassified,main_route,SN-000008-civil-war-imperial-quest-structure.md,needs_review,not_started,Imperial Civil War objective from UESP faction list
OBJ-000072,The Jagged Crown (Imperial),quest,civil_war_imperial,base_game,Skyrim,,,,,Join the Imperial Legion,Complete quest,,,,unknown,Potential side-switch point,,,,"Jagged Crown",unknown,unknown,,unclassified,main_route,SN-000008-civil-war-imperial-quest-structure.md,needs_review,not_started,Imperial variant; side-switch implications need later branch research
OBJ-000073,Message to Whiterun (Imperial),quest,civil_war_imperial,base_game,Skyrim,,,,,,Complete quest,,,,unknown,Season Unending can be disabled while Whiterun is under attack,,,,,unknown,unknown,,unclassified,main_route,SN-000008-civil-war-imperial-quest-structure.md | SN-000010-civil-war-trophies-season-unending.md,needs_review,not_started,Imperial Civil War objective from UESP faction list
OBJ-000074,Battle for Whiterun (Imperial),quest,civil_war_imperial,base_game,Skyrim,,,,,Message to Whiterun (Imperial),Complete quest,,,,unknown,Season Unending can be disabled while Whiterun is under attack,,,,,unknown,unknown,,unclassified,main_route,SN-000008-civil-war-imperial-quest-structure.md | SN-000010-civil-war-trophies-season-unending.md,needs_review,not_started,Imperial Civil War objective from UESP faction list
OBJ-000075,Report to the Jarl of Whiterun,quest,civil_war_imperial,base_game,Skyrim,,,,,Battle for Whiterun (Imperial),Complete quest,,,,unknown,,,,,,unknown,unknown,,unclassified,main_route,SN-000008-civil-war-imperial-quest-structure.md,needs_review,not_started,Imperial Civil War objective from UESP faction list
OBJ-000076,Reunification of Skyrim,quest,civil_war_imperial,base_game,Skyrim,,,,,Battle for Whiterun (Imperial),Complete overarching Imperial Civil War quest,,,,unknown,Season Unending can change required hold-battle subset,,,,,unknown,unknown,,unclassified,main_route,SN-000008-civil-war-imperial-quest-structure.md | SN-000010-civil-war-trophies-season-unending.md,needs_review,not_started,Parent row for Imperial hold-recapture phase
OBJ-000077,A False Front (Imperial),quest,civil_war_imperial,base_game,Skyrim,,The Pale,,,Reunification of Skyrim,Complete quest,,,,unknown,,,,,,unknown,unknown,,unclassified,main_route,SN-000008-civil-war-imperial-quest-structure.md,needs_review,not_started,Imperial hold-recapture objective; required subset depends on Season Unending
OBJ-000078,The Battle for Fort Dunstad (Imperial),quest,civil_war_imperial,base_game,Skyrim,,The Pale,,Fort Dunstad,,Complete quest,,,,unknown,,,,,,unknown,unknown,,unclassified,main_route,SN-000008-civil-war-imperial-quest-structure.md,needs_review,not_started,Imperial hold-recapture objective; required subset depends on Season Unending
OBJ-000079,Compelling Tribute (Imperial),quest,civil_war_imperial,base_game,Skyrim,,The Rift,,,Reunification of Skyrim,Complete quest,,,,unknown,,,,,,unknown,unknown,,unclassified,main_route,SN-000008-civil-war-imperial-quest-structure.md,needs_review,not_started,Imperial hold-recapture objective; required subset depends on Season Unending
OBJ-000080,The Battle for Fort Greenwall (Imperial),quest,civil_war_imperial,base_game,Skyrim,,The Rift,,Fort Greenwall,Reunification of Skyrim,Complete quest,,,,unknown,War Hero can be skipped depending on Season Unending,,Civil War trophy War Hero - Bronze 10 points,,,unknown,unknown,,unclassified,main_route,SN-000008-civil-war-imperial-quest-structure.md | SN-000010-civil-war-trophies-season-unending.md,needs_review,not_started,Primary Imperial War Hero fort battle per UESP; route must protect trophy
OBJ-000081,Rescue from Fort Kastav,quest,civil_war_imperial,base_game,Skyrim,,Winterhold,,Fort Kastav,Reunification of Skyrim,Complete quest,,,,unknown,,,,,,unknown,unknown,,unclassified,main_route,SN-000008-civil-war-imperial-quest-structure.md,needs_review,not_started,Imperial hold-recapture objective; required subset depends on Season Unending
OBJ-000082,The Battle for Fort Snowhawk (Imperial),quest,civil_war_imperial,base_game,Skyrim,,Hjaalmarch,,Fort Snowhawk,Reunification of Skyrim,Complete quest,,,,unknown,,,,,,unknown,unknown,,unclassified,main_route,SN-000008-civil-war-imperial-quest-structure.md,needs_review,not_started,Imperial hold-recapture objective; required subset depends on Season Unending
OBJ-000083,The Battle for Fort Neugrad,quest,civil_war_imperial,base_game,Skyrim,,Falkreath Hold,,Fort Neugrad,Reunification of Skyrim,Complete quest,,,,unknown,,,,,,unknown,unknown,,unclassified,main_route,SN-000008-civil-war-imperial-quest-structure.md,needs_review,not_started,Imperial hold-recapture objective; required subset depends on Season Unending
OBJ-000084,The Battle for Fort Sungard (Imperial),quest,civil_war_imperial,base_game,Skyrim,,The Reach,,Fort Sungard,Reunification of Skyrim,Complete quest,,,,unknown,War Hero alternate if Fort Greenwall is skipped,,Civil War trophy War Hero - Bronze 10 points,,,unknown,unknown,,unclassified,main_route,SN-000008-civil-war-imperial-quest-structure.md | SN-000010-civil-war-trophies-season-unending.md,needs_review,not_started,Alternate Imperial War Hero fort battle depending on Season Unending state
OBJ-000085,The Battle for Fort Amol,quest,civil_war_imperial,base_game,Skyrim,,Eastmarch,,Fort Amol,Reunification of Skyrim,Complete quest,,,,unknown,,,,,,unknown,unknown,,unclassified,main_route,SN-000008-civil-war-imperial-quest-structure.md,needs_review,not_started,Imperial final-hold objective before Battle for Windhelm
OBJ-000086,Battle for Windhelm,quest,civil_war_imperial,base_game,Skyrim,,Eastmarch,,Windhelm,Reunification of Skyrim,Complete quest,,,,unknown,,,Civil War trophy Hero of Skyrim - Silver 30 points,,,unknown,unknown,,unclassified,main_route,SN-000008-civil-war-imperial-quest-structure.md | SN-000010-civil-war-trophies-season-unending.md,needs_review,not_started,Imperial final Civil War battle and canonical Hero of Skyrim route
OBJ-000087,Joining the Stormcloaks,quest,civil_war_stormcloak,base_game,Skyrim,,,,,,Complete branch quest,,,,unknown,Conflicts with Imperial main route,,Civil War trophy Taking Sides - Bronze 10 points,,,unknown,unknown,,unclassified,branch_route,SN-000009-civil-war-stormcloak-quest-structure.md | SN-000010-civil-war-trophies-season-unending.md,needs_review,not_started,Stormcloak Civil War branch row
OBJ-000088,The Jagged Crown (Stormcloaks),quest,civil_war_stormcloak,base_game,Skyrim,,,,,Join the Stormcloaks,Complete branch quest,,,,unknown,Potential side-switch point,,,,"Jagged Crown",unknown,unknown,,unclassified,branch_route,SN-000009-civil-war-stormcloak-quest-structure.md,needs_review,not_started,Stormcloak variant; side-switch implications need later branch research
OBJ-000089,Message to Whiterun (Stormcloaks),quest,civil_war_stormcloak,base_game,Skyrim,,,,,,Complete branch quest,,,,unknown,Season Unending can be disabled while Whiterun is under attack,,,,,unknown,unknown,,unclassified,branch_route,SN-000009-civil-war-stormcloak-quest-structure.md | SN-000010-civil-war-trophies-season-unending.md,needs_review,not_started,Stormcloak Civil War branch row
OBJ-000090,Battle for Whiterun (Stormcloaks),quest,civil_war_stormcloak,base_game,Skyrim,,,,,Message to Whiterun (Stormcloaks),Complete branch quest,,,,unknown,Season Unending can be disabled while Whiterun is under attack,,,,,unknown,unknown,,unclassified,branch_route,SN-000009-civil-war-stormcloak-quest-structure.md | SN-000010-civil-war-trophies-season-unending.md,needs_review,not_started,Stormcloak Civil War branch row
OBJ-000091,Liberation of Skyrim,quest,civil_war_stormcloak,base_game,Skyrim,,,,,Battle for Whiterun (Stormcloaks),Complete overarching Stormcloak Civil War branch quest,,,,unknown,Season Unending can change required hold-battle subset,,,,,unknown,unknown,,unclassified,branch_route,SN-000009-civil-war-stormcloak-quest-structure.md | SN-000010-civil-war-trophies-season-unending.md,needs_review,not_started,Parent row for Stormcloak hold-liberation branch phase
OBJ-000092,Rescue from Fort Neugrad,quest,civil_war_stormcloak,base_game,Skyrim,,Falkreath Hold,,Fort Neugrad,Liberation of Skyrim,Complete branch quest,,,,unknown,,,,,,unknown,unknown,,unclassified,branch_route,SN-000009-civil-war-stormcloak-quest-structure.md,needs_review,not_started,Stormcloak hold-liberation branch objective; required subset depends on Season Unending
OBJ-000093,Compelling Tribute (Stormcloaks),quest,civil_war_stormcloak,base_game,Skyrim,,The Reach,,,Liberation of Skyrim,Complete branch quest,,,,unknown,,,,,,unknown,unknown,,unclassified,branch_route,SN-000009-civil-war-stormcloak-quest-structure.md,needs_review,not_started,Stormcloak hold-liberation branch objective; required subset depends on Season Unending
OBJ-000094,The Battle for Fort Sungard (Stormcloaks),quest,civil_war_stormcloak,base_game,Skyrim,,The Reach,,Fort Sungard,Liberation of Skyrim,Complete branch quest,,,,unknown,War Hero can be skipped depending on Season Unending,,Civil War trophy War Hero - Bronze 10 points,,,unknown,unknown,,unclassified,branch_route,SN-000009-civil-war-stormcloak-quest-structure.md | SN-000010-civil-war-trophies-season-unending.md,needs_review,not_started,Primary Stormcloak War Hero fort battle per UESP; branch route must protect trophy if fully routed
OBJ-000095,A False Front (Stormcloaks),quest,civil_war_stormcloak,base_game,Skyrim,,Hjaalmarch,,,Liberation of Skyrim,Complete branch quest,,,,unknown,,,,,,unknown,unknown,,unclassified,branch_route,SN-000009-civil-war-stormcloak-quest-structure.md,needs_review,not_started,Stormcloak hold-liberation branch objective; required subset depends on Season Unending
OBJ-000096,The Battle for Fort Snowhawk (Stormcloaks),quest,civil_war_stormcloak,base_game,Skyrim,,Hjaalmarch,,Fort Snowhawk,Liberation of Skyrim,Complete branch quest,,,,unknown,,,,,,unknown,unknown,,unclassified,branch_route,SN-000009-civil-war-stormcloak-quest-structure.md,needs_review,not_started,Stormcloak hold-liberation branch objective; required subset depends on Season Unending
OBJ-000097,The Battle for Fort Dunstad (Stormcloaks),quest,civil_war_stormcloak,base_game,Skyrim,,The Pale,,Fort Dunstad,Liberation of Skyrim,Complete branch quest,,,,unknown,,,,,,unknown,unknown,,unclassified,branch_route,SN-000009-civil-war-stormcloak-quest-structure.md,needs_review,not_started,Stormcloak hold-liberation branch objective; required subset depends on Season Unending
OBJ-000098,The Battle for Fort Kastav,quest,civil_war_stormcloak,base_game,Skyrim,,Winterhold,,Fort Kastav,Liberation of Skyrim,Complete branch quest,,,,unknown,,,,,,unknown,unknown,,unclassified,branch_route,SN-000009-civil-war-stormcloak-quest-structure.md,needs_review,not_started,Stormcloak hold-liberation branch objective; required subset depends on Season Unending
OBJ-000099,The Battle for Fort Greenwall (Stormcloaks),quest,civil_war_stormcloak,base_game,Skyrim,,The Rift,,Fort Greenwall,Liberation of Skyrim,Complete branch quest,,,,unknown,War Hero alternate if Fort Sungard is skipped,,Civil War trophy War Hero - Bronze 10 points,,,unknown,unknown,,unclassified,branch_route,SN-000009-civil-war-stormcloak-quest-structure.md | SN-000010-civil-war-trophies-season-unending.md,needs_review,not_started,Alternate Stormcloak War Hero fort battle depending on Season Unending state
OBJ-000100,The Battle for Fort Hraggstad,quest,civil_war_stormcloak,base_game,Skyrim,,Haafingar,,Fort Hraggstad,Liberation of Skyrim,Complete branch quest,,,,unknown,,,,,,unknown,unknown,,unclassified,branch_route,SN-000009-civil-war-stormcloak-quest-structure.md,needs_review,not_started,Stormcloak final-hold branch objective before Battle for Solitude
OBJ-000101,Battle for Solitude,quest,civil_war_stormcloak,base_game,Skyrim,,Haafingar,,Solitude,Liberation of Skyrim,Complete branch quest,,,,unknown,,,Civil War trophy Hero of Skyrim - Silver 30 points,,,unknown,unknown,,unclassified,branch_route,SN-000009-civil-war-stormcloak-quest-structure.md | SN-000010-civil-war-trophies-season-unending.md,needs_review,not_started,Stormcloak final Civil War branch battle
OBJ-000102,Animal Extermination (A),radiant,companions_radiant,base_game,Skyrim,,,,,,Complete representative radiant objective,,,,unknown,,,,,,unknown,unknown,,unclassified,main_route,SN-000011-companions-radiant-placeholders.md,needs_review,not_started,Companions repeatable radiant placeholder; representative boundary deferred to TB-018
OBJ-000103,Animal Extermination (B),radiant,companions_radiant,base_game,Skyrim,,,,,,Complete representative radiant objective,,,,unknown,,,,,,unknown,unknown,,unclassified,main_route,SN-000011-companions-radiant-placeholders.md,needs_review,not_started,Companions repeatable radiant placeholder; representative boundary deferred to TB-018
OBJ-000104,Hired Muscle,radiant,companions_radiant,base_game,Skyrim,,,,,,Complete representative radiant objective,,,,unknown,,,,,,unknown,unknown,,unclassified,main_route,SN-000011-companions-radiant-placeholders.md,needs_review,not_started,Companions repeatable radiant placeholder; representative boundary deferred to TB-018
OBJ-000105,Trouble in Skyrim,radiant,companions_radiant,base_game,Skyrim,,,,,,Complete representative radiant objective,,,,unknown,,,,,,unknown,unknown,,unclassified,main_route,SN-000011-companions-radiant-placeholders.md,needs_review,not_started,Companions repeatable radiant placeholder; representative boundary deferred to TB-018
OBJ-000106,Family Heirloom,radiant,companions_radiant,base_game,Skyrim,,,,,,Complete representative radiant objective,,,,unknown,,,,,,unknown,unknown,,unclassified,main_route,SN-000011-companions-radiant-placeholders.md,needs_review,not_started,Companions repeatable radiant placeholder; representative boundary deferred to TB-018
OBJ-000107,Escaped Criminal,radiant,companions_radiant,base_game,Skyrim,,,,,,Complete representative radiant objective,,,,unknown,,,,,,unknown,unknown,,unclassified,main_route,SN-000011-companions-radiant-placeholders.md,needs_review,not_started,Companions repeatable radiant placeholder; representative boundary deferred to TB-018
OBJ-000108,Rescue Mission,radiant,companions_radiant,base_game,Skyrim,,,,,,Complete representative radiant objective,,,,unknown,,,,,,unknown,unknown,,unclassified,main_route,SN-000011-companions-radiant-placeholders.md,needs_review,not_started,Companions repeatable radiant placeholder; representative boundary deferred to TB-018
OBJ-000109,Striking the Heart,radiant,companions_radiant_windowed,base_game,Skyrim,,,,,Complete The Silver Hand,Complete representative radiant objective,,,,unknown,Unavailable after starting Blood's Honor,,,,,confirmed,unknown,,unclassified,main_route,SN-000011-companions-radiant-placeholders.md,needs_review,not_started,Companions radiant placeholder with availability window; final routing deferred to TB-018
OBJ-000110,Stealing Plans,radiant,companions_radiant_windowed,base_game,Skyrim,,,,,Complete The Silver Hand,Complete representative radiant objective,,,,unknown,Unavailable after starting Blood's Honor,,,,,confirmed,unknown,,unclassified,main_route,SN-000011-companions-radiant-placeholders.md,needs_review,not_started,Companions radiant placeholder with availability window; final routing deferred to TB-018
OBJ-000111,Retrieval,radiant,companions_radiant_windowed,base_game,Skyrim,,,,,Complete The Silver Hand,Complete representative radiant objective,,,,unknown,Unavailable after starting Blood's Honor,,,,,confirmed,unknown,,unclassified,main_route,SN-000011-companions-radiant-placeholders.md,needs_review,not_started,Companions radiant placeholder with availability window; final routing deferred to TB-018
OBJ-000112,Totems of Hircine,radiant,companions_post_quest,base_game,Skyrim,,,,,Complete Glory of the Dead | remain a werewolf,Complete finite post-quest radiant set,,,,unknown,,,,,,unknown,unknown,,unclassified,main_route,SN-000011-companions-radiant-placeholders.md,needs_review,not_started,Finite post-quest Companions radiant placeholder; count and timing deferred to TB-018
OBJ-000113,Purity (Companions),radiant,companions_post_quest,base_game,Skyrim,,,,,Complete Glory of the Dead,Complete finite post-quest radiant set,,,,unknown,,,,,,unknown,unknown,,unclassified,main_route,SN-000011-companions-radiant-placeholders.md,needs_review,not_started,Finite post-quest Companions radiant placeholder; count and timing deferred to TB-018
OBJ-000114,Dragon Seekers,radiant,companions_post_quest,base_game,Skyrim,,,,,Complete Glory of the Dead | complete Dragon Rising,Complete representative radiant objective,,,,unknown,,,,,,unknown,unknown,,unclassified,main_route,SN-000011-companions-radiant-placeholders.md,needs_review,not_started,Post-quest Companions radiant placeholder; representative boundary deferred to TB-018
OBJ-000115,Companions Radiant Representative Set,radiant,companions_representative_set,base_game,Skyrim,,,,,,Complete selected representative radiant types,,,,unknown,,,,,,unknown,unknown,,unclassified,main_route,SN-000011-companions-radiant-placeholders.md,needs_review,not_started,Parent placeholder for representative Companions radiant coverage; individual boundaries deferred to TB-018
OBJ-000116,Companions Finite Post-Quest Radiant Set,radiant,companions_finite_set,base_game,Skyrim,,,,,,Complete selected finite post-quest radiant objectives,,,,unknown,,,,,,unknown,unknown,,unclassified,main_route,SN-000011-companions-radiant-placeholders.md,needs_review,not_started,Parent placeholder for finite post-quest Companions radiant coverage; validation deferred to TB-018
OBJ-000117,Arniel's Endeavor,quest,college_optional,base_game,Skyrim,,,,,Complete Hitting the Books,Complete quest,,,,unknown,,,,,,unknown,unknown,,unclassified,main_route,SN-000012-college-side-repeatable-ritual-quests.md,needs_review,not_started,College one-time optional quest row from UESP faction list
OBJ-000118,Brelyna's Practice,quest,college_optional,base_game,Skyrim,,,,,Complete Under Saarthal,Complete quest,,,,unknown,,,,,,unknown,unknown,,unclassified,main_route,SN-000012-college-side-repeatable-ritual-quests.md,needs_review,not_started,College one-time optional quest row from UESP faction list
OBJ-000119,J'zargo's Experiment,quest,college_optional,base_game,Skyrim,,,,,Complete Under Saarthal,Complete quest,,,,unknown,,,,,,unknown,unknown,,unclassified,main_route,SN-000012-college-side-repeatable-ritual-quests.md,needs_review,not_started,College one-time optional quest row from UESP faction list
OBJ-000120,Onmund's Request,quest,college_optional,base_game,Skyrim,,,,,Complete Under Saarthal,Complete quest,,,,unknown,,,,,,unknown,unknown,,unclassified,main_route,SN-000012-college-side-repeatable-ritual-quests.md,needs_review,not_started,College one-time optional quest row from UESP faction list
OBJ-000121,Out of Balance,radiant,college_repeatable,base_game,Skyrim,,,,,,Complete representative repeatable objective,,,,unknown,,,,,,unknown,unknown,,unclassified,main_route,SN-000012-college-side-repeatable-ritual-quests.md,needs_review,not_started,College repeatable quest placeholder; representative boundary deferred to TB-018
OBJ-000122,Enchanting Pick-Up,radiant,college_repeatable,base_game,Skyrim,,,,,,Complete representative repeatable objective,,,,unknown,,,,,,unknown,unknown,,unclassified,main_route,SN-000012-college-side-repeatable-ritual-quests.md,needs_review,not_started,College repeatable quest placeholder; representative boundary deferred to TB-018
OBJ-000123,Restocking Soul Gems,radiant,college_repeatable,base_game,Skyrim,,,,,,Complete representative repeatable objective,,,,unknown,,,,,,unknown,unknown,,unclassified,main_route,SN-000012-college-side-repeatable-ritual-quests.md,needs_review,not_started,College repeatable quest placeholder; representative boundary deferred to TB-018
OBJ-000124,Aftershock,radiant,college_repeatable,base_game,Skyrim,,,,,,Complete representative repeatable objective,,,,unknown,,,,,,unknown,unknown,,unclassified,main_route,SN-000012-college-side-repeatable-ritual-quests.md,needs_review,not_started,College repeatable quest placeholder; representative boundary deferred to TB-018
OBJ-000125,Rejoining the College,radiant,college_repeatable,base_game,Skyrim,,,,,,Repair College membership if needed,,,,unknown,,,,,,unknown,unknown,,unclassified,unclassified,SN-000012-college-side-repeatable-ritual-quests.md,needs_review,not_started,Failure-state College repeatable placeholder; routing or exclusion deferred to TB-018
OBJ-000126,Tolfdir the Absent-Minded,radiant,college_repeatable,base_game,Skyrim,,,,,,Complete representative repeatable objective,,,,unknown,,,,,,unknown,unknown,,unclassified,main_route,SN-000012-college-side-repeatable-ritual-quests.md,needs_review,not_started,College repeatable quest placeholder; representative boundary deferred to TB-018
OBJ-000127,Fetch me that Book!,radiant,college_repeatable,base_game,Skyrim,,,,,,Complete representative repeatable objective,,,,unknown,,,,,,unknown,unknown,,unclassified,main_route,SN-000012-college-side-repeatable-ritual-quests.md,needs_review,not_started,College repeatable quest placeholder; representative boundary deferred to TB-018
OBJ-000128,Shalidor's Insights,radiant,college_repeatable,base_game,Skyrim,,,,,,Complete representative repeatable objective,,,,unknown,,,,,,unknown,unknown,,unclassified,main_route,SN-000012-college-side-repeatable-ritual-quests.md,needs_review,not_started,College repeatable quest placeholder; representative boundary deferred to TB-018
OBJ-000129,Alteration Ritual Spell,quest,college_master_skill_quest,base_game,Skyrim,,,,,,Complete quest,,,,unknown,,,,,,unknown,unknown,,unclassified,main_route,SN-000012-college-side-repeatable-ritual-quests.md,needs_review,not_started,College master skill quest row; skill and spell reward handling deferred to skill/spell passes
OBJ-000130,Conjuration Ritual Spell,quest,college_master_skill_quest,base_game,Skyrim,,,,,,Complete quest,,,,unknown,,,,,,unknown,unknown,,unclassified,main_route,SN-000012-college-side-repeatable-ritual-quests.md,needs_review,not_started,College master skill quest row; skill and spell reward handling deferred to skill/spell passes
OBJ-000131,Destruction Ritual Spell,quest,college_master_skill_quest,base_game,Skyrim,,,,,,Complete quest,,,,unknown,,,,,,unknown,unknown,,unclassified,main_route,SN-000012-college-side-repeatable-ritual-quests.md,needs_review,not_started,College master skill quest row; skill and spell reward handling deferred to skill/spell passes
OBJ-000132,Illusion Ritual Spell,quest,college_master_skill_quest,base_game,Skyrim,,,,,,Complete quest,,,,unknown,,,,,,unknown,unknown,,unclassified,main_route,SN-000012-college-side-repeatable-ritual-quests.md,needs_review,not_started,College master skill quest row; skill and spell reward handling deferred to skill/spell passes
OBJ-000133,Restoration Ritual Spell,quest,college_master_skill_quest,base_game,Skyrim,,,,,,Complete quest,,,,unknown,,,,,,unknown,unknown,,unclassified,main_route,SN-000012-college-side-repeatable-ritual-quests.md,needs_review,not_started,College master skill quest row; skill and spell reward handling deferred to skill/spell passes
OBJ-000134,The Numbers Job,radiant,thieves_guild_job_type,base_game,Skyrim,,,,,,Complete representative job type,,,,unknown,,,,,,unknown,unknown,,unclassified,main_route,SN-000013-thieves-guild-side-and-radiant-placeholders.md,needs_review,not_started,Thieves Guild radiant job type placeholder; restoration counts and representative boundary deferred to TB-018
OBJ-000135,The Fishing Job,radiant,thieves_guild_job_type,base_game,Skyrim,,,,,,Complete representative job type,,,,unknown,,,,,,unknown,unknown,,unclassified,main_route,SN-000013-thieves-guild-side-and-radiant-placeholders.md,needs_review,not_started,Thieves Guild radiant job type placeholder; restoration counts and representative boundary deferred to TB-018
OBJ-000136,The Bedlam Job,radiant,thieves_guild_job_type,base_game,Skyrim,,,,,,Complete representative job type,,,,unknown,,,,,,unknown,unknown,,unclassified,main_route,SN-000013-thieves-guild-side-and-radiant-placeholders.md,needs_review,not_started,Thieves Guild radiant job type placeholder; restoration counts and representative boundary deferred to TB-018
OBJ-000137,The Burglary Job,radiant,thieves_guild_job_type,base_game,Skyrim,,,,,,Complete representative job type,,,,unknown,,,,,,unknown,unknown,,unclassified,main_route,SN-000013-thieves-guild-side-and-radiant-placeholders.md,needs_review,not_started,Thieves Guild radiant job type placeholder; restoration counts and representative boundary deferred to TB-018
OBJ-000138,The Shill Job,radiant,thieves_guild_job_type,base_game,Skyrim,,,,,,Complete representative job type,,,,unknown,,,,,,unknown,unknown,,unclassified,main_route,SN-000013-thieves-guild-side-and-radiant-placeholders.md,needs_review,not_started,Thieves Guild radiant job type placeholder; restoration counts and representative boundary deferred to TB-018
OBJ-000139,The Sweep Job,radiant,thieves_guild_job_type,base_game,Skyrim,,,,,,Complete representative job type,,,,unknown,,,,,,unknown,unknown,,unclassified,main_route,SN-000013-thieves-guild-side-and-radiant-placeholders.md,needs_review,not_started,Thieves Guild radiant job type placeholder; restoration counts and representative boundary deferred to TB-018
OBJ-000140,The Heist Job,radiant,thieves_guild_job_type,base_game,Skyrim,,,,,,Complete representative job type,,,,unknown,,,,,,unknown,unknown,,unclassified,main_route,SN-000013-thieves-guild-side-and-radiant-placeholders.md,needs_review,not_started,Thieves Guild radiant job type placeholder; restoration counts and representative boundary deferred to TB-018
OBJ-000141,Meet the Family,quest,thieves_guild_other,base_game,Skyrim,,,,,,Complete quest,,,,unknown,,,,,,unknown,unknown,,unclassified,main_route,SN-000013-thieves-guild-side-and-radiant-placeholders.md,needs_review,not_started,Thieves Guild other quest row from UESP faction list; detailed collectible or fence handling deferred as applicable
OBJ-000142,Reparations,quest,thieves_guild_other,base_game,Skyrim,,,,,,Complete quest,,,,unknown,,,,,,unknown,unknown,,unclassified,main_route,SN-000013-thieves-guild-side-and-radiant-placeholders.md,needs_review,not_started,Thieves Guild other quest row from UESP faction list; detailed collectible or fence handling deferred as applicable
OBJ-000143,The Litany of Larceny,quest,thieves_guild_other,base_game,Skyrim,,,,,,Complete quest,,,,unknown,,,,,,unknown,unknown,,unclassified,main_route,SN-000013-thieves-guild-side-and-radiant-placeholders.md,needs_review,not_started,Thieves Guild other quest row from UESP faction list; detailed collectible or fence handling deferred as applicable
OBJ-000144,No Stone Unturned,quest,thieves_guild_other,base_game,Skyrim,,,,,,Complete quest,,,,unknown,,,,,,unknown,unknown,,unclassified,main_route,SN-000013-thieves-guild-side-and-radiant-placeholders.md,needs_review,not_started,Thieves Guild other quest row from UESP faction list; detailed collectible or fence handling deferred as applicable
OBJ-000145,Toying With The Dead,quest,thieves_guild_other,base_game,Skyrim,,,,,,Complete quest,,,,unknown,,,,,,unknown,unknown,,unclassified,main_route,SN-000013-thieves-guild-side-and-radiant-placeholders.md,needs_review,not_started,Thieves Guild other quest row from UESP faction list; detailed collectible or fence handling deferred as applicable
OBJ-000146,Thieves Guild Caravan Fence Quest,quest,thieves_guild_other,base_game,Skyrim,,,,,,Complete quest,,,,unknown,,,,,,unknown,unknown,,unclassified,main_route,SN-000013-thieves-guild-side-and-radiant-placeholders.md,needs_review,not_started,Thieves Guild other quest row from UESP faction list; detailed collectible or fence handling deferred as applicable
OBJ-000147,Vald's Debt,quest,thieves_guild_other,base_game,Skyrim,,,,,,Complete quest,,,,unknown,,,,,,unknown,unknown,,unclassified,main_route,SN-000013-thieves-guild-side-and-radiant-placeholders.md,needs_review,not_started,Thieves Guild other quest row from UESP faction list; detailed collectible or fence handling deferred as applicable
OBJ-000148,Paid in Full,quest,thieves_guild_other,base_game,Skyrim,,,,,,Complete quest,,,,unknown,,,,,,unknown,unknown,,unclassified,main_route,SN-000013-thieves-guild-side-and-radiant-placeholders.md,needs_review,not_started,Thieves Guild other quest row from UESP faction list; detailed collectible or fence handling deferred as applicable
OBJ-000149,Kill Narfi,quest,dark_brotherhood_contract,base_game,Skyrim,,,,,,Complete contract,,,,unknown,,,,,,unknown,unknown,,unclassified,main_route,SN-000014-dark-brotherhood-contracts-radiants-misc.md,needs_review,not_started,Dark Brotherhood finite contract row from UESP faction list; target and bonus implications deferred
OBJ-000150,Kill Beitild,quest,dark_brotherhood_contract,base_game,Skyrim,,,,,,Complete contract,,,,unknown,,,,,,unknown,unknown,,unclassified,main_route,SN-000014-dark-brotherhood-contracts-radiants-misc.md,needs_review,not_started,Dark Brotherhood finite contract row from UESP faction list; target and bonus implications deferred
OBJ-000151,Kill Ennodius Papius,quest,dark_brotherhood_contract,base_game,Skyrim,,,,,,Complete contract,,,,unknown,,,,,,unknown,unknown,,unclassified,main_route,SN-000014-dark-brotherhood-contracts-radiants-misc.md,needs_review,not_started,Dark Brotherhood finite contract row from UESP faction list; target and bonus implications deferred
OBJ-000152,Kill Hern,quest,dark_brotherhood_contract,base_game,Skyrim,,,,,,Complete contract,,,,unknown,,,,,,unknown,unknown,,unclassified,main_route,SN-000014-dark-brotherhood-contracts-radiants-misc.md,needs_review,not_started,Dark Brotherhood finite contract row from UESP faction list; target and bonus implications deferred
OBJ-000153,Kill Lurbuk,quest,dark_brotherhood_contract,base_game,Skyrim,,,,,,Complete contract,,,,unknown,,,,,,unknown,unknown,,unclassified,main_route,SN-000014-dark-brotherhood-contracts-radiants-misc.md,needs_review,not_started,Dark Brotherhood finite contract row from UESP faction list; target and bonus implications deferred
OBJ-000154,Kill Deekus,quest,dark_brotherhood_contract,base_game,Skyrim,,,,,,Complete contract,,,,unknown,,,,,,unknown,unknown,,unclassified,main_route,SN-000014-dark-brotherhood-contracts-radiants-misc.md,needs_review,not_started,Dark Brotherhood finite contract row from UESP faction list; target and bonus implications deferred
OBJ-000155,Kill Ma'randru-jo,quest,dark_brotherhood_contract,base_game,Skyrim,,,,,,Complete contract,,,,unknown,,,,,,unknown,unknown,,unclassified,main_route,SN-000014-dark-brotherhood-contracts-radiants-misc.md,needs_review,not_started,Dark Brotherhood finite contract row from UESP faction list; target and bonus implications deferred
OBJ-000156,Kill Anoriath,quest,dark_brotherhood_contract,base_game,Skyrim,,,,,,Complete contract,,,,unknown,,,,,,unknown,unknown,,unclassified,main_route,SN-000014-dark-brotherhood-contracts-radiants-misc.md,needs_review,not_started,Dark Brotherhood finite contract row from UESP faction list; target and bonus implications deferred
OBJ-000157,Kill Agnis,quest,dark_brotherhood_contract,base_game,Skyrim,,,,,,Complete contract,,,,unknown,,,,,,unknown,unknown,,unclassified,main_route,SN-000014-dark-brotherhood-contracts-radiants-misc.md,needs_review,not_started,Dark Brotherhood finite contract row from UESP faction list; target and bonus implications deferred
OBJ-000158,Kill Maluril,quest,dark_brotherhood_contract,base_game,Skyrim,,,,,,Complete contract,,,,unknown,,,,,,unknown,unknown,,unclassified,main_route,SN-000014-dark-brotherhood-contracts-radiants-misc.md,needs_review,not_started,Dark Brotherhood finite contract row from UESP faction list; target and bonus implications deferred
OBJ-000159,Kill Helvard,quest,dark_brotherhood_contract,base_game,Skyrim,,,,,,Complete contract,,,,unknown,,,,,,unknown,unknown,,unclassified,main_route,SN-000014-dark-brotherhood-contracts-radiants-misc.md,needs_review,not_started,Dark Brotherhood finite contract row from UESP faction list; target and bonus implications deferred
OBJ-000160,Kill Safia,quest,dark_brotherhood_contract,base_game,Skyrim,,,,,,Complete contract,,,,unknown,,,,,,unknown,unknown,,unclassified,main_route,SN-000014-dark-brotherhood-contracts-radiants-misc.md,needs_review,not_started,Dark Brotherhood finite contract row from UESP faction list; target and bonus implications deferred
OBJ-000161,Honor Thy Family,radiant,dark_brotherhood_radiant,base_game,Skyrim,,,,,,Repair Dark Brotherhood membership if needed,,,,unknown,,,,,,unknown,unknown,,unclassified,unclassified,SN-000014-dark-brotherhood-contracts-radiants-misc.md,needs_review,not_started,Failure-state Dark Brotherhood radiant placeholder; routing or exclusion deferred to TB-018
OBJ-000162,The Dark Brotherhood Forever,radiant,dark_brotherhood_radiant,base_game,Skyrim,,,,,,Complete representative radiant objective,,,,unknown,,,,,,unknown,unknown,,unclassified,main_route,SN-000014-dark-brotherhood-contracts-radiants-misc.md,needs_review,not_started,Endless Dark Brotherhood radiant placeholder; bounded representative handling deferred to TB-018
OBJ-000163,Locate the Assassin of Old,misc_objective,dark_brotherhood_misc,base_game,Skyrim,,,,,Successfully complete Breaching Security with Gabriella bonus,Complete miscellaneous objective,,,,unknown,,,,,,unknown,unknown,,unclassified,main_route,SN-000014-dark-brotherhood-contracts-radiants-misc.md,needs_review,not_started,Conditional Dark Brotherhood miscellaneous objective; bonus and missability details deferred
OBJ-000164,Take the Hidden Treasure,misc_objective,dark_brotherhood_misc,base_game,Skyrim,,,,,Purchase the torture room for the Dawnstar Sanctuary,Complete miscellaneous objective,,,,unknown,,,,,,unknown,unknown,,unclassified,main_route,SN-000014-dark-brotherhood-contracts-radiants-misc.md,needs_review,not_started,Conditional Dark Brotherhood miscellaneous objective; Sanctuary purchase handling deferred
OBJ-000165,The Black Star,quest,daedric_quest,base_game,Skyrim,,,Shrine of Azura,Visit Shrine of Azura or reach the shrine,Level 1,Complete quest with artifact-awarding outcome,,Level 1,,unknown,Artifact outcome choice,,Daedric Influence | Oblivion Walker artifact source,,Azura's Star | The Black Star,possible,unknown,,unclassified,main_route,SN-000015-daedric-quest-inventory.md | SN-000016-daedric-trophy-and-artifact-risks.md,needs_review,not_started,Daedric quest inventory row; artifact-maximizing outcome and branch treatment deferred
OBJ-000166,Boethiah's Calling,quest,daedric_quest,base_game,Skyrim,,,Sacellum of Boethiah,Read Boethiah's Proving or reach the shrine,Level 30,Complete quest and acquire artifact,,Level 30,,unknown,,,Daedric Influence | Oblivion Walker artifact source,,Ebony Mail,unknown,unknown,,unclassified,main_route,SN-000015-daedric-quest-inventory.md | SN-000016-daedric-trophy-and-artifact-risks.md,needs_review,not_started,Daedric quest inventory row; detailed sacrifice and routing constraints deferred
OBJ-000167,A Daedra's Best Friend,quest,daedric_quest,base_game,Skyrim,,Falkreath,Falkreath | Haemar's Shame,Speak to Lod or encounter Barbas,Level 10,Complete quest with qualifying artifact outcome,,Level 10,,unknown,Rueful Axe does not count for Oblivion Walker,Lod,Daedric Influence | Oblivion Walker artifact source,,The Rueful Axe | Masque of Clavicus Vile,confirmed,unknown,,unclassified,main_route,SN-000015-daedric-quest-inventory.md | SN-000016-daedric-trophy-and-artifact-risks.md,needs_review,not_started,Artifact-safe outcome required later; NPC survival and branch handling deferred
OBJ-000168,Discerning the Transmundane,quest,daedric_quest,base_game,Skyrim,,,Septimus Signus's Outpost,Elder Knowledge or Scroll Scouting or reach outpost,Level 15,Complete quest and acquire artifact,,Level 15,,unknown,Can fail according to Daedric trophy caveats,Septimus Signus,Daedric Influence | Oblivion Walker artifact source,,Oghma Infinium,confirmed,unknown,,unclassified,main_route,SN-000015-daedric-quest-inventory.md | SN-000016-daedric-trophy-and-artifact-risks.md,needs_review,not_started,Daedric quest inventory row; main quest and Dawnguard scroll timing deferred
OBJ-000169,Ill Met By Moonlight,quest,daedric_quest,base_game,Skyrim,,Falkreath,Falkreath,Speak to Mathies or Sinding,Level 1,Complete quest with artifact-awarding outcome,,Level 1,,unknown,Artifact outcome choice; both artifacts can count if obtained,Sinding,Daedric Influence | Oblivion Walker artifact source,,Savior's Hide | Ring of Hircine,possible,unknown,,unclassified,main_route,SN-000015-daedric-quest-inventory.md | SN-000016-daedric-trophy-and-artifact-risks.md,needs_review,not_started,Daedric quest inventory row; dual-artifact handling deferred to conflict and trophy passes
OBJ-000170,The Cursed Tribe,quest,daedric_quest,base_game,Skyrim,,The Rift,Largashbur,Approach Largashbur,Level 9,Complete quest and acquire artifact,,Level 9,,unknown,,Largashbur Orcs,Daedric Influence | Oblivion Walker artifact source,,Volendrung,unknown,unknown,,unclassified,main_route,SN-000015-daedric-quest-inventory.md | SN-000016-daedric-trophy-and-artifact-risks.md,needs_review,not_started,Daedric quest inventory row; UESP notes artifact counter timing differs here
OBJ-000171,Pieces of the Past,quest,daedric_quest,base_game,Skyrim,,The Pale,Dawnstar museum | Shrine of Mehrunes Dagon,Visit museum in Dawnstar,Level 20,Complete quest with artifact-awarding outcome,,Level 20,,unknown,Can complete without artifact; can fail if Silus is killed early,Silus Vesuius,Daedric Influence | Oblivion Walker artifact source,,Mehrunes' Razor | gold,confirmed,unknown,,unclassified,main_route,SN-000015-daedric-quest-inventory.md | SN-000016-daedric-trophy-and-artifact-risks.md,needs_review,not_started,Artifact-safe outcome and Silus handling required later; exact branch treatment deferred
OBJ-000172,The Whispering Door,quest,daedric_quest,base_game,Skyrim,,Whiterun,Whiterun,Hear rumors from Hulda,Level 20,Complete quest and acquire artifact,,Level 20,,unknown,Relevant NPC can die before quest start,Hulda | Jarl Balgruuf | Nelkir,Daedric Influence | Oblivion Walker artifact source,,Ebony Blade,confirmed,unknown,,unclassified,main_route,SN-000015-daedric-quest-inventory.md | SN-000016-daedric-trophy-and-artifact-risks.md,needs_review,not_started,Daedric quest inventory row; NPC dependency and Civil War timing deferred
OBJ-000173,The Break of Dawn,quest,daedric_quest,base_game,Skyrim,,,Statue to Meridia,Find Meridia's Beacon or reach the statue,Level 12,Complete quest and acquire artifact,,Level 12,,unknown,,,Daedric Influence | Oblivion Walker artifact source,,Dawnbreaker,unknown,unknown,,unclassified,main_route,SN-000015-daedric-quest-inventory.md | SN-000016-daedric-trophy-and-artifact-risks.md,needs_review,not_started,Daedric quest inventory row; beacon timing and dungeon routing deferred
OBJ-000174,The House of Horrors,quest,daedric_quest,base_game,Skyrim,,The Reach,Markarth,Visit abandoned house with Vigilant Tyranus,Level 1,Complete quest and acquire artifact,,Level 1,,unknown,Can fail according to Daedric trophy caveats,Vigilant Tyranus | Logrolf the Willful,Daedric Influence | Oblivion Walker artifact source,,Mace of Molag Bal,confirmed,unknown,,unclassified,main_route,SN-000015-daedric-quest-inventory.md | SN-000016-daedric-trophy-and-artifact-risks.md,needs_review,not_started,Daedric quest inventory row; Markarth conflict and NPC handling deferred
OBJ-000175,The Taste of Death,quest,daedric_quest,base_game,Skyrim,,The Reach,Markarth,Investigate Hall of the Dead,Level 1,Complete quest with artifact-awarding outcome,,Level 1,,unknown,Can complete without artifact; can fail according to Daedric trophy caveats,Eola | Verulus,Daedric Influence | Oblivion Walker artifact source,,Ring of Namira | gold,confirmed,unknown,,unclassified,main_route,SN-000015-daedric-quest-inventory.md | SN-000016-daedric-trophy-and-artifact-risks.md,needs_review,not_started,Artifact-safe outcome required later; moral branch and hard-save treatment deferred
OBJ-000176,The Only Cure,quest,daedric_quest,base_game,Skyrim,,,Shrine to Peryite,Reach shrine or meet Afflicted Refugee,Level 12,Complete quest and acquire artifact,,Level 12,,unknown,,Kesh the Clean,Daedric Influence | Oblivion Walker artifact source,,Spellbreaker,unknown,unknown,,unclassified,main_route,SN-000015-daedric-quest-inventory.md | SN-000016-daedric-trophy-and-artifact-risks.md,needs_review,not_started,Daedric quest inventory row; ingredient and dungeon routing deferred
OBJ-000177,A Night To Remember,quest,daedric_quest,base_game,Skyrim,,,Any inn,Accept drinking contest from Sam Guevenne,Level 14,Complete quest and acquire artifact,,Level 14,,unknown,,Sam Guevenne,Daedric Influence | Oblivion Walker artifact source,,Sanguine Rose,unknown,unknown,,unclassified,main_route,SN-000015-daedric-quest-inventory.md | SN-000016-daedric-trophy-and-artifact-risks.md,needs_review,not_started,Daedric quest inventory row; inn encounter and cleanup routing deferred
OBJ-000178,The Mind of Madness,quest,daedric_quest,base_game,Skyrim,,Haafingar,Solitude,Speak to Dervenin,Level 1,Complete quest and acquire artifact,,Level 1,,unknown,,Dervenin,Daedric Influence | Oblivion Walker artifact source,,Wabbajack,unknown,unknown,,unclassified,main_route,SN-000015-daedric-quest-inventory.md | SN-000016-daedric-trophy-and-artifact-risks.md,needs_review,not_started,Daedric quest inventory row; Solitude routing deferred
OBJ-000179,Waking Nightmare,quest,daedric_quest,base_game,Skyrim,,The Pale,Dawnstar,Speak to Erandur,Level 1,Complete quest with artifact-awarding outcome,,Level 1,,unknown,Can complete without artifact,Erandur,Daedric Influence | Oblivion Walker artifact source,,Skull of Corruption | Erandur follower,confirmed,unknown,,unclassified,main_route,SN-000015-daedric-quest-inventory.md | SN-000016-daedric-trophy-and-artifact-risks.md,needs_review,not_started,Artifact-safe outcome conflicts with follower outcome; branch treatment deferred
OBJ-000180,Nocturnal Artifact Handling,unique_item,daedric_artifact_handling,base_game,Skyrim,,The Rift,Riften,Progress Thieves Guild main questline,Thieves Guild arc,Track Skeleton Key caveat through Thieves Guild routing,,,,unknown,Skeleton Key must be returned for Thieves Guild completion and does not count for Oblivion Walker,,Skeleton Key does not count for Daedric Influence | Oblivion Walker,,Skeleton Key | Nightingale blessings,not_applicable,unknown,,unclassified,appendix,SN-000015-daedric-quest-inventory.md | SN-000016-daedric-trophy-and-artifact-risks.md,needs_review,not_started,Avoid duplicate Nocturnal quest rows; synchronize this caveat with Thieves Guild objectives
OBJ-000181,Daedric Artifact Trophy Set,trophy,daedric_artifact_trophy,base_game,Skyrim,,,,Acquire qualifying Daedric artifacts,Daedric quest access and artifact-awarding outcomes,Acquire one artifact for Daedric Influence and 15 qualifying artifacts for Oblivion Walker,,,,not_applicable,Some Daedric quest outcomes and failures can prevent qualifying artifacts,,Daedric Influence Bronze 10 | Oblivion Walker Silver 30,,Qualifying base-game Daedric artifacts,confirmed,unknown,,unclassified,main_route,SN-000016-daedric-trophy-and-artifact-risks.md,needs_review,not_started,Parent trophy tracking row; exact counter validation and PS4 behavior deferred to trophy pass
OBJ-000182,Investigate the Bards College,misc_objective,bards_college_intro,base_game,Skyrim,,Haafingar,Any bard | Bards College,Speak to any bard,None,Speak to Viarmo at the Bards College,,,,not_applicable,Can become incompletable if started after joining the Bards College or after early King Olaf's Verse pickup,Any bard | Viarmo,No Bards College achievements per UESP,,,possible,confirmed,Solitude travel and safe storage context deferred,unclassified,main_route,SN-000017-bards-college-quest-inventory.md | SN-000018-bards-college-ordering-and-bug-risks.md,needs_review,not_started,Introductory misc objective; route should either complete it before joining or avoid starting it
OBJ-000183,Tending the Flames,quest,bards_college_side_quest,base_game,Skyrim,,Haafingar,Bards College | Dead Men's Respite | Blue Palace,Speak to Viarmo,None,Complete induction at the Burning of King Olaf festival,Suggested Level 6,,,unknown,Bound Until Death and Season Unending can affect late quest steps,Viarmo | Jorn | Elisif,No Bards College achievements per UESP,,Bards College membership | Solitude Fire Festival restored | Whirlwind Sprint word | leveled gold,possible,confirmed,Solitude and Dead Men's Respite travel context deferred,unclassified,main_route,SN-000017-bards-college-quest-inventory.md | SN-000018-bards-college-ordering-and-bug-risks.md,needs_review,not_started,Main Bards College side quest; exact verse choices and bug mitigations deferred
OBJ-000184,Finn's Lute,misc_objective,bards_college_instrument,base_game,Skyrim,,Eastmarch,Stony Creek Cave,Speak to Inge Six Fingers after Tending the Flames,Tending the Flames,Return Finn's Lute to Inge Six Fingers,Suggested Level 6,,,unknown,Early pickup can leave item or journal state stuck,Inge Six Fingers,No Bards College achievements per UESP,,Finn's Lute handled | +1 to all Stealth skills,possible,confirmed,Eastmarch travel context deferred,unclassified,main_route,SN-000017-bards-college-quest-inventory.md | SN-000018-bards-college-ordering-and-bug-risks.md,needs_review,not_started,Instrument objective; avoid collecting before quest assignment until bug risks are handled
OBJ-000185,Pantea's Flute,misc_objective,bards_college_instrument,base_game,Skyrim,,Winterhold,Hob's Fall Cave,Speak to Pantea Ateia after Tending the Flames,Tending the Flames,Return Pantea's Flute to Pantea Ateia,Suggested Level 8,,,unknown,Early pickup can prevent quest offer or turn-in marker; possible shared chest with Helm of Winterhold,Pantea Ateia,No Bards College achievements per UESP,,Pantea's Flute handled | +1 to all Magic skills,possible,confirmed,Winterhold cold travel context deferred,unclassified,main_route,SN-000017-bards-college-quest-inventory.md | SN-000018-bards-college-ordering-and-bug-risks.md,needs_review,not_started,Instrument objective; Drowned Sorrows and Helm of Winterhold interactions need later constraint review
OBJ-000186,Rjorn's Drum,misc_objective,bards_college_instrument,base_game,Skyrim,,Falkreath,Halldir's Cairn,Speak to Giraud Gemane after Tending the Flames,Tending the Flames,Return Rjorn's Drum to Giraud Gemane,Suggested Level 6,,,unknown,Early pickup can prevent objective completion; Special Edition Halldir bug can trap player,Giraud Gemane,No Bards College achievements per UESP,,Rjorn's Drum handled | +1 to all Combat skills,possible,confirmed,Falkreath travel context deferred,unclassified,main_route,SN-000017-bards-college-quest-inventory.md | SN-000018-bards-college-ordering-and-bug-risks.md,needs_review,not_started,Instrument objective; Halldir's Staff unique item at destination is deferred to unique-item pass
OBJ-000187,No One Escapes Cidhna Mine,quest,city_side_quest,base_game,Skyrim,,,Markarth,,,Complete side quest,,,,unknown,,,Sideways qualifier per UESP,,,unknown,unknown,,unclassified,main_route,SN-000019-base-game-side-quest-inventory.md | SN-000020-sideways-trophy-caveats.md,needs_review,not_started,Named side quest inventory row; reward NPC bug and exact routing details deferred
OBJ-000188,The Forsworn Conspiracy,quest,city_side_quest,base_game,Skyrim,,,Markarth,,,Complete side quest,,,,unknown,,,Sideways qualifier per UESP,,,unknown,unknown,,unclassified,main_route,SN-000019-base-game-side-quest-inventory.md | SN-000020-sideways-trophy-caveats.md,needs_review,not_started,Named side quest inventory row; Markarth chain interactions deferred
OBJ-000189,The Heart of Dibella,quest,city_side_quest,base_game,Skyrim,,,Markarth,,,Complete side quest,,,,unknown,Some endings may not qualify for Sideways; individual page validation needed,,Sideways caveat; ending validation needed,,,possible,unknown,,unclassified,main_route,SN-000019-base-game-side-quest-inventory.md | SN-000020-sideways-trophy-caveats.md,needs_review,not_started,Named side quest inventory row; ending and reward handling deferred
OBJ-000190,The Lost Expedition,quest,city_side_quest,base_game,Skyrim,,,Markarth | Nchuand-Zel,,,Complete side quest,,,,unknown,,,Sideways qualifier per UESP,,,unknown,unknown,,unclassified,main_route,SN-000019-base-game-side-quest-inventory.md | SN-000020-sideways-trophy-caveats.md,needs_review,not_started,Listed as both Markarth and dungeon side quest on UESP; entered once
OBJ-000191,Laid to Rest,quest,city_side_quest,base_game,Skyrim,,,Morthal,,,Complete side quest,,,,unknown,,,Sideways qualifier per UESP,,,unknown,unknown,,unclassified,main_route,SN-000019-base-game-side-quest-inventory.md | SN-000020-sideways-trophy-caveats.md,needs_review,not_started,Named side quest inventory row; NPC and vampire risk details deferred
OBJ-000192,Rising at Dawn,quest,city_side_quest,base_game,Skyrim,,,Morthal,,,Complete side quest,,,,unknown,,,Sideways qualifier per UESP,,,unknown,unknown,,unclassified,main_route,SN-000019-base-game-side-quest-inventory.md | SN-000020-sideways-trophy-caveats.md,needs_review,not_started,Named side quest inventory row; vampirism cure routing deferred
OBJ-000193,Promises to Keep,quest,city_side_quest,base_game,Skyrim,,,Riften,,,Complete side quest,,,,unknown,,,Sideways qualifier per UESP,,,unknown,unknown,,unclassified,main_route,SN-000019-base-game-side-quest-inventory.md | SN-000020-sideways-trophy-caveats.md,needs_review,not_started,Named side quest inventory row; Frost outcome and ownership handling deferred
OBJ-000194,The Book of Love,quest,city_side_quest,base_game,Skyrim,,,Riften,,,Complete side quest,,,,unknown,,,Sideways qualifier per UESP,,,unknown,unknown,,unclassified,main_route,SN-000019-base-game-side-quest-inventory.md | SN-000020-sideways-trophy-caveats.md,needs_review,not_started,Named side quest inventory row; Agent of Mara reward details deferred
OBJ-000195,Unfathomable Depths,quest,city_side_quest,base_game,Skyrim,,,Riften,,,Complete side quest,,,,unknown,,,Sideways qualifier per UESP,,,unknown,unknown,,unclassified,main_route,SN-000019-base-game-side-quest-inventory.md | SN-000020-sideways-trophy-caveats.md,needs_review,not_started,Named side quest inventory row; level gate and Ancient Knowledge validation deferred
OBJ-000196,Lights Out!,quest,city_side_quest,base_game,Skyrim,,,Solitude,,,Complete side quest,,,,unknown,,,Sideways qualifier per UESP,,,unknown,unknown,,unclassified,main_route,SN-000019-base-game-side-quest-inventory.md | SN-000020-sideways-trophy-caveats.md,needs_review,not_started,Named side quest inventory row; branch and reward details deferred
OBJ-000197,The Man Who Cried Wolf,quest,city_side_quest,base_game,Skyrim,,,Solitude,,,Complete side quest,,,,unknown,,,Sideways qualifier per UESP,,,unknown,unknown,,unclassified,main_route,SN-000019-base-game-side-quest-inventory.md | SN-000020-sideways-trophy-caveats.md,needs_review,not_started,Named side quest inventory row; Solitude chain details deferred
OBJ-000198,The Wolf Queen Awakened,quest,city_side_quest,base_game,Skyrim,,,Solitude,,,Complete side quest,,,,unknown,,,Sideways qualifier per UESP,,,unknown,unknown,,unclassified,main_route,SN-000019-base-game-side-quest-inventory.md | SN-000020-sideways-trophy-caveats.md,needs_review,not_started,Named side quest inventory row; prerequisite and leveled reward details deferred
OBJ-000199,In My Time Of Need,quest,city_side_quest,base_game,Skyrim,,,Whiterun,,,Complete side quest,,,,unknown,,,Sideways qualifier per UESP,,,unknown,unknown,,unclassified,main_route,SN-000019-base-game-side-quest-inventory.md | SN-000020-sideways-trophy-caveats.md,needs_review,not_started,Named side quest inventory row; mutually exclusive outcome handling deferred
OBJ-000200,Missing In Action,quest,city_side_quest,base_game,Skyrim,,,Whiterun,,,Complete side quest,,,,unknown,,,Sideways qualifier per UESP,,,unknown,unknown,,unclassified,main_route,SN-000019-base-game-side-quest-inventory.md | SN-000020-sideways-trophy-caveats.md,needs_review,not_started,Named side quest inventory row; Civil War and Thalmor route details deferred
OBJ-000201,The Blessings of Nature,quest,city_side_quest,base_game,Skyrim,,,Whiterun,,,Complete side quest,,,,unknown,,,Sideways qualifier per UESP,,,unknown,unknown,,unclassified,main_route,SN-000019-base-game-side-quest-inventory.md | SN-000020-sideways-trophy-caveats.md,needs_review,not_started,Named side quest inventory row; Gildergreen outcome handling deferred
OBJ-000202,Blood on the Ice,quest,city_side_quest,base_game,Skyrim,,,Windhelm,,,Complete side quest,,,,unknown,,,Does not count for Sideways per UESP,,,unknown,unknown,,unclassified,main_route,SN-000019-base-game-side-quest-inventory.md | SN-000020-sideways-trophy-caveats.md,needs_review,not_started,Named side quest inventory row; bug and NPC-dependency validation deferred
OBJ-000203,Repairing the Phial,quest,city_side_quest,base_game,Skyrim,,,Windhelm,,,Complete side quest,,,,unknown,,,Sideways qualifier per UESP,,,unknown,unknown,,unclassified,main_route,SN-000019-base-game-side-quest-inventory.md | SN-000020-sideways-trophy-caveats.md,needs_review,not_started,Named side quest inventory row; White Phial chain details deferred
OBJ-000204,Rise in the East,quest,city_side_quest,base_game,Skyrim,,,Windhelm,,,Complete side quest,,,,unknown,,,Sideways qualifier per UESP,,,unknown,unknown,,unclassified,main_route,SN-000019-base-game-side-quest-inventory.md | SN-000020-sideways-trophy-caveats.md,needs_review,not_started,Named side quest inventory row; East Empire Company route details deferred
OBJ-000205,The White Phial,quest,city_side_quest,base_game,Skyrim,,,Windhelm,,,Complete side quest,,,,unknown,,,Sideways qualifier per UESP,,,unknown,unknown,,unclassified,main_route,SN-000019-base-game-side-quest-inventory.md | SN-000020-sideways-trophy-caveats.md,needs_review,not_started,Named side quest inventory row; Repairing the Phial chain details deferred
OBJ-000206,The Golden Claw,quest,town_side_quest,base_game,Skyrim,,,Riverwood,,,Complete side quest,,,,unknown,,,Sideways qualifier per UESP,,,unknown,unknown,,unclassified,main_route,SN-000019-base-game-side-quest-inventory.md | SN-000020-sideways-trophy-caveats.md,needs_review,not_started,Named side quest inventory row; main quest overlap and claw handling deferred
OBJ-000207,Delayed Burial,quest,town_side_quest,base_game,Skyrim,,,Other settlement,,,Duplicate source-list cross-reference only; route canonical OBJ-000053,,,,unknown,,,Sideways qualifier per UESP despite Dark Brotherhood categorization,,,unknown,unknown,,excluded_unbounded,excluded,SN-000019-base-game-side-quest-inventory.md | SN-000020-sideways-trophy-caveats.md | SN-000026-base-game-side-misc-leftovers-review.md,needs_review,not_started,Duplicate classification row retained for auditability; do not route separately from OBJ-000053
OBJ-000208,Kyne's Sacred Trials,quest,town_side_quest,base_game,Skyrim,,,Other settlement,,,Complete side quest,,,,unknown,,,Sideways qualifier per UESP,,,unknown,unknown,,unclassified,main_route,SN-000019-base-game-side-quest-inventory.md | SN-000020-sideways-trophy-caveats.md,needs_review,not_started,Named side quest inventory row; guardian beast routing deferred
OBJ-000209,A Scroll For Anska,quest,dungeon_side_quest,base_game,Skyrim,,,High Gate Ruins,,,Complete side quest,,,,unknown,Some endings may not qualify for Sideways; individual page validation needed,,Sideways caveat; ending validation needed,,,possible,unknown,,unclassified,main_route,SN-000019-base-game-side-quest-inventory.md | SN-000020-sideways-trophy-caveats.md,needs_review,not_started,Dungeon side quest inventory row; spell tome and reward details deferred
OBJ-000210,Ancestral Worship,quest,dungeon_side_quest,base_game,Skyrim,,,Hillgrund's Tomb,,,Complete side quest,,,,unknown,,,Sideways qualifier per UESP,,,unknown,unknown,,unclassified,main_route,SN-000019-base-game-side-quest-inventory.md | SN-000020-sideways-trophy-caveats.md,needs_review,not_started,Dungeon side quest inventory row; NPC and reward details deferred
OBJ-000211,Evil in Waiting,quest,dungeon_side_quest,base_game,Skyrim,,,Valthume,,,Complete side quest,,,,unknown,,,Sideways qualifier per UESP,,,unknown,unknown,,unclassified,main_route,SN-000019-base-game-side-quest-inventory.md | SN-000020-sideways-trophy-caveats.md,needs_review,not_started,Dungeon side quest inventory row; dragon priest mask handling deferred
OBJ-000212,Infiltration,quest,dungeon_side_quest,base_game,Skyrim,,,Treva's Watch,,,Complete side quest,,,,unknown,,,Sideways qualifier per UESP,,,unknown,unknown,,unclassified,main_route,SN-000019-base-game-side-quest-inventory.md | SN-000020-sideways-trophy-caveats.md,needs_review,not_started,Dungeon side quest inventory row; fort state and NPC handling deferred
OBJ-000213,Repentance,quest,dungeon_side_quest,base_game,Skyrim,,,Darklight Tower,,,Complete side quest,,,,unknown,,,Sideways qualifier per UESP,,,unknown,unknown,,unclassified,main_route,SN-000019-base-game-side-quest-inventory.md | SN-000020-sideways-trophy-caveats.md,needs_review,not_started,Dungeon side quest inventory row; follower and branch handling deferred
OBJ-000214,Siege on the Dragon Cult,quest,dungeon_side_quest,base_game,Skyrim,,,Forelhost,,,Complete side quest,,,,unknown,,,Sideways qualifier per UESP,,,unknown,unknown,,unclassified,main_route,SN-000019-base-game-side-quest-inventory.md | SN-000020-sideways-trophy-caveats.md,needs_review,not_started,Dungeon side quest inventory row; dragon priest mask and Captain Valmir handling deferred
OBJ-000215,Silenced Tongues,quest,dungeon_side_quest,base_game,Skyrim,,,Volunruud,,,Complete side quest,,,,unknown,,,Sideways qualifier per UESP,,,unknown,unknown,,unclassified,main_route,SN-000019-base-game-side-quest-inventory.md | SN-000020-sideways-trophy-caveats.md,needs_review,not_started,Dungeon side quest inventory row; weapon and word wall synchronization deferred
OBJ-000216,The Pale Lady,quest,dungeon_side_quest,base_game,Skyrim,,,Frostmere Crypt,,,Complete side quest,,,,unknown,,,Sideways qualifier per UESP,,,unknown,unknown,,unclassified,main_route,SN-000019-base-game-side-quest-inventory.md | SN-000020-sideways-trophy-caveats.md,needs_review,not_started,Dungeon side quest inventory row; unique weapon outcome handling deferred
OBJ-000217,A Return To Your Roots,quest,other_side_quest,base_game,Blackreach,,,Blackreach,,,Complete side quest,,,,unknown,,,Sideways qualifier per UESP,,,unknown,unknown,,unclassified,main_route,SN-000019-base-game-side-quest-inventory.md | SN-000020-sideways-trophy-caveats.md,needs_review,not_started,Named side quest inventory row; collectible count and Blackreach routing deferred
OBJ-000218,Forbidden Legend,quest,other_side_quest,base_game,Skyrim,,,Multiple locations,,,Complete side quest,,,,unknown,,,Sideways qualifier per UESP,,,unknown,unknown,,unclassified,main_route,SN-000019-base-game-side-quest-inventory.md | SN-000020-sideways-trophy-caveats.md,needs_review,not_started,Named side quest inventory row; multi-dungeon route and unique reward handling deferred
OBJ-000219,Sideways Trophy Set,trophy,side_quest_trophy,base_game,Skyrim,,,,Complete qualifying side quests,,Complete 10 qualifying side quests,,,,not_applicable,Some listed side quests do not count and some unusual quests do count,,Sideways Bronze 20,,,possible,unknown,,unclassified,main_route,SN-000020-sideways-trophy-caveats.md,needs_review,not_started,Parent trophy tracking row; exact PS4 timing and qualifying-ending validation deferred
OBJ-000220,Hero of the People Trophy Set,trophy,misc_objective_trophy,base_game,Skyrim,,,,Complete miscellaneous objectives,,Complete 50 miscellaneous objectives,,,,not_applicable,Exploit-only repeated objective updates are not route requirements,,Hero of the People Bronze 30,,,possible,possible,,unclassified,main_route,SN-000022-hero-of-the-people-misc-objective-caveats.md,needs_review,not_started,Parent trophy tracking row; exact PS4 timing and safe objective count validation deferred
OBJ-000221,Amulet of the Moon,misc_objective,misc_open_world,base_game,Skyrim,Open World,,Khajiit Trade Caravan,Speak to Kharjo,,Return the Moon Amulet to Kharjo,,,,unknown,,Kharjo,Hero of the People objective source,,Moon Amulet handled,possible,possible,Open-world caravan routing deferred,unclassified,main_route,SN-000021-misc-open-world-eastmarch-inventory.md | SN-000022-hero-of-the-people-misc-objective-caveats.md,needs_review,not_started,Radiant Open World favor; exact dungeon target and first-visit availability risk deferred
OBJ-000222,The Forgemaster's Fingers,misc_objective,misc_open_world,base_game,Skyrim,Open World,,Dushnikh Yal | Mor Khazgur | Narzulbur,Speak to an eligible Orc stronghold chief or forge-wife,,Bring the Forgemaster's Fingers to the requesting chief,,,,unknown,,Arob | Bagrak | Nagrub | Yatul,Hero of the People objective source,,The Forgemaster's Fingers handled | Orc stronghold favor,possible,possible,Stronghold routing deferred,unclassified,main_route,SN-000021-misc-open-world-eastmarch-inventory.md | SN-000022-hero-of-the-people-misc-objective-caveats.md,needs_review,not_started,Radiant Open World favor; Blood-Kin and stronghold access handling deferred
OBJ-000223,Kill the Bandit Leader (Annekke Crag-Jumper),misc_objective,eastmarch_misc,base_game,Skyrim,Eastmarch,Eastmarch,Verner and Annekke's House,Speak to Annekke Crag-Jumper,,Tell Annekke the bandit leader is dead,,,,unknown,,Annekke Crag-Jumper,Hero of the People objective source,,,possible,possible,Eastmarch travel context deferred,unclassified,main_route,SN-000021-misc-open-world-eastmarch-inventory.md | SN-000022-hero-of-the-people-misc-objective-caveats.md,needs_review,not_started,Radiant Eastmarch favor; exact dungeon target and first-visit availability risk deferred
OBJ-000224,Dravynea's Frost Salts,misc_objective,eastmarch_misc,base_game,Skyrim,Eastmarch,Eastmarch,Braidwood Inn,Speak to Dravynea the Stoneweaver,,Bring Frost Salts to Dravynea,,,,unknown,,Dravynea the Stoneweaver,Hero of the People objective source,,Frost Salts delivered,unknown,unknown,Kynesgrove travel context deferred,unclassified,main_route,SN-000021-misc-open-world-eastmarch-inventory.md | SN-000022-hero-of-the-people-misc-objective-caveats.md,needs_review,not_started,Eastmarch favor inventory row; reward and trainer implications deferred
OBJ-000225,A Few Words with You (Iddra),misc_objective,eastmarch_misc,base_game,Skyrim,Eastmarch,Eastmarch,Braidwood Inn,Speak to Iddra,,Tell Iddra that Roggi is taken care of,,,,unknown,,Iddra | Roggi Knot-Beard,Hero of the People objective source,,,possible,possible,Kynesgrove travel context deferred,unclassified,main_route,SN-000021-misc-open-world-eastmarch-inventory.md | SN-000022-hero-of-the-people-misc-objective-caveats.md,needs_review,not_started,Radiant Eastmarch favor; dialogue outcome details deferred
OBJ-000226,Dungeon Delving (Roggi's Ancestral Shield),misc_objective,eastmarch_misc,base_game,Skyrim,Eastmarch,Eastmarch,Steamscorch Mine,Speak to Roggi Knot-Beard,,Return Roggi's Ancestral Shield to Roggi,,,,unknown,,Roggi Knot-Beard,Hero of the People objective source,,Roggi's Ancestral Shield handled,possible,possible,Kynesgrove travel context deferred,unclassified,main_route,SN-000021-misc-open-world-eastmarch-inventory.md | SN-000022-hero-of-the-people-misc-objective-caveats.md,needs_review,not_started,Radiant Eastmarch favor; exact dungeon target and first-visit availability risk deferred
OBJ-000227,Delivery (Sondas's Note),misc_objective,eastmarch_misc,base_game,Skyrim,Eastmarch,Eastmarch,Goldenrock Mine,Speak to Sondas Drenim,,Deliver Sondas's Note to Quintus,,,,unknown,,Sondas Drenim | Quintus Navale,Hero of the People objective source,,Sondas's Note delivered,possible,possible,Eastmarch to Windhelm delivery routing deferred,unclassified,main_route,SN-000021-misc-open-world-eastmarch-inventory.md | SN-000022-hero-of-the-people-misc-objective-caveats.md,needs_review,not_started,Radiant Eastmarch delivery favor; NPC and timing details deferred
OBJ-000228,Extracting an Argonian,misc_objective,eastmarch_misc,base_game,Skyrim,Eastmarch,Eastmarch,Goldenrock Mine | Darkwater Pass,Speak to Sondas Drenim or find Derkeethus,,Get Derkeethus out of the cave,,,,unknown,,Sondas Drenim | Derkeethus,Hero of the People objective source,,Derkeethus rescued,unknown,unknown,Eastmarch cave routing deferred,unclassified,main_route,SN-000021-misc-open-world-eastmarch-inventory.md | SN-000022-hero-of-the-people-misc-objective-caveats.md,needs_review,not_started,Named Eastmarch miscellaneous objective; follower and relationship implications deferred
OBJ-000229,Delivery (Adonato's Book),misc_objective,windhelm_misc,base_game,Skyrim,Eastmarch,Eastmarch,Windhelm | Solitude,Speak to Adonato Leotelli,,Deliver Adonato's Book to Giraud,,,,unknown,,Adonato Leotelli | Giraud Gemane,Hero of the People objective source,,Adonato's Book delivered,possible,possible,Windhelm to Solitude delivery routing deferred,unclassified,main_route,SN-000021-misc-open-world-eastmarch-inventory.md | SN-000022-hero-of-the-people-misc-objective-caveats.md,needs_review,not_started,Radiant Windhelm delivery favor; Bards College synchronization deferred
OBJ-000230,Kill the Bandit Leader (Brunwulf Free-Winter),misc_objective,windhelm_misc,base_game,Skyrim,Eastmarch,Eastmarch,Windhelm,Speak to Brunwulf Free-Winter,,Tell Brunwulf the bandit leader is dead,,,,unknown,Thane version deferred to relationship pass,Brunwulf Free-Winter,Hero of the People objective source,,,possible,possible,Windhelm travel context deferred,unclassified,main_route,SN-000021-misc-open-world-eastmarch-inventory.md | SN-000022-hero-of-the-people-misc-objective-caveats.md,needs_review,not_started,Radiant Windhelm favor; exact dungeon target and Civil War state handling deferred
OBJ-000231,Delivery (Hillevi Cruel-Sea),misc_objective,windhelm_misc,base_game,Skyrim,Eastmarch,Eastmarch,Windhelm,Speak to Hillevi Cruel-Sea,,Deliver the Nightshade Extract to Wuunferth,,,,unknown,,Hillevi Cruel-Sea | Wuunferth the Unliving,Hero of the People objective source,,Nightshade Extract delivered,unknown,unknown,Windhelm travel context deferred,unclassified,main_route,SN-000021-misc-open-world-eastmarch-inventory.md | SN-000022-hero-of-the-people-misc-objective-caveats.md,needs_review,not_started,Windhelm delivery favor inventory row; spelling/source typo preserved only in source note context
OBJ-000232,Harsh Master,misc_objective,windhelm_misc,base_game,Skyrim,Eastmarch,Eastmarch,Windhelm,Speak to Kjar,,Return to Kjar after killing the bandit leader,,,,unknown,,Kjar,Hero of the People objective source,,,possible,possible,Windhelm docks routing deferred,unclassified,main_route,SN-000021-misc-open-world-eastmarch-inventory.md | SN-000022-hero-of-the-people-misc-objective-caveats.md,needs_review,not_started,Radiant Windhelm favor; exact bandit camp and NPC handling deferred
OBJ-000233,Find the Thalmor Assassin,misc_objective,windhelm_misc,base_game,Skyrim,Eastmarch,Eastmarch,Windhelm,Speak to Malborn,Diplomatic Immunity,Tell Malborn the assassin is dead,,,,unknown,Requires Malborn to survive and be available after Diplomatic Immunity,Malborn,Hero of the People objective source,,,possible,unknown,Windhelm travel context deferred,unclassified,main_route,SN-000021-misc-open-world-eastmarch-inventory.md | SN-000022-hero-of-the-people-misc-objective-caveats.md,needs_review,not_started,Post-main-quest miscellaneous objective; detailed NPC survival and timing deferred
OBJ-000234,Dungeon Delving (Queen Freydis's Sword),misc_objective,windhelm_misc,base_game,Skyrim,Eastmarch,Eastmarch,Windhelm,Speak to Oengul War-Anvil,,Return Queen Freydis's Sword to Oengul,,,,unknown,,Oengul War-Anvil,Hero of the People objective source,,Queen Freydis's Sword handled,possible,possible,Windhelm travel context deferred,unclassified,main_route,SN-000021-misc-open-world-eastmarch-inventory.md | SN-000022-hero-of-the-people-misc-objective-caveats.md,needs_review,not_started,Radiant Windhelm retrieval favor; exact dungeon target and first-visit availability risk deferred
OBJ-000235,That Was Always There,misc_objective,windhelm_misc,base_game,Skyrim,Eastmarch,Eastmarch,Windhelm,Speak to Revyn Sadri,,Tell Revyn Viola's Gold Ring has been planted,,,,unknown,Alternate handling may affect favor outcome,Revyn Sadri | Viola Giordano,Hero of the People objective source,,Viola's Gold Ring handled,possible,unknown,Windhelm travel context deferred,unclassified,main_route,SN-000021-misc-open-world-eastmarch-inventory.md | SN-000022-hero-of-the-people-misc-objective-caveats.md,needs_review,not_started,Windhelm favor inventory row; outcome and NPC relationship handling deferred
OBJ-000236,A Few Words with You (Scouts-Many-Marshes),misc_objective,windhelm_misc,base_game,Skyrim,Eastmarch,Eastmarch,Windhelm,Speak to Scouts-Many-Marshes,,Tell Scouts-Many-Marshes that Torbjorn is taken care of,,,,unknown,,Scouts-Many-Marshes | Torbjorn Shatter-Shield,Hero of the People objective source,,,possible,possible,Windhelm docks routing deferred,unclassified,main_route,SN-000021-misc-open-world-eastmarch-inventory.md | SN-000022-hero-of-the-people-misc-objective-caveats.md,needs_review,not_started,Radiant Windhelm favor; dialogue and NPC availability details deferred
OBJ-000237,Dungeon Delving (Shahvee's Amulet),misc_objective,windhelm_misc,base_game,Skyrim,Eastmarch,Eastmarch,Windhelm,Speak to Shahvee,,Return Shahvee's Amulet of Zenithar to Shahvee,,,,unknown,,Shahvee,Hero of the People objective source,,Shahvee's Amulet of Zenithar handled,possible,possible,Windhelm docks routing deferred,unclassified,main_route,SN-000021-misc-open-world-eastmarch-inventory.md | SN-000022-hero-of-the-people-misc-objective-caveats.md,needs_review,not_started,Radiant Windhelm retrieval favor; exact bandit hideout and first-visit availability risk deferred
OBJ-000238,Some Light Theft (Stands-In-Shallows),misc_objective,windhelm_misc,base_game,Skyrim,Eastmarch,Eastmarch,Windhelm,Speak to Stands-In-Shallows,,Bring the Double-Distilled Skooma to Stands-In-Shallows,,,,unknown,,Stands-In-Shallows,Hero of the People objective source,,Double-Distilled Skooma handled,possible,possible,Windhelm docks routing deferred,unclassified,main_route,SN-000021-misc-open-world-eastmarch-inventory.md | SN-000022-hero-of-the-people-misc-objective-caveats.md,needs_review,not_started,Radiant Windhelm theft favor; crime-safe handling deferred
OBJ-000239,Rare Gifts (Torbjorn Shatter-Shield),misc_objective,windhelm_misc,base_game,Skyrim,Eastmarch,Eastmarch,Windhelm,Speak to Torbjorn Shatter-Shield,,Bring one Amulet of Arkay to Torbjorn,,,,unknown,,Torbjorn Shatter-Shield,Hero of the People objective source,,Amulet of Arkay delivered,possible,possible,Windhelm travel context deferred,unclassified,main_route,SN-000021-misc-open-world-eastmarch-inventory.md | SN-000022-hero-of-the-people-misc-objective-caveats.md,needs_review,not_started,Radiant Windhelm gift favor; NPC timing and Dark Brotherhood interaction deferred
OBJ-000240,Dark Ancestor,misc_objective,falkreath_misc,base_game,Skyrim,Falkreath Hold,Falkreath Hold,Falkreath,Speak to Dengeir of Stuhn,,Destroy Vighar,,,,unknown,Some Light Theft relationship and order deferred,Dengeir of Stuhn,Hero of the People objective source,,,unknown,unknown,Falkreath travel context deferred,unclassified,main_route,SN-000023-misc-falkreath-haafingar-hjaalmarch-pale-inventory.md | SN-000022-hero-of-the-people-misc-objective-caveats.md,needs_review,not_started,Falkreath miscellaneous inventory row; exact prerequisite and reward validation deferred
OBJ-000241,Some Light Theft (Dengeir),misc_objective,falkreath_misc,base_game,Skyrim,Falkreath Hold,Falkreath Hold,Falkreath,Speak to Dengeir of Stuhn,,Bring the Private Letter to Dengeir,,,,unknown,Outcome may affect Dengeir favor state,Dengeir of Stuhn,Hero of the People objective source,,Private Letter handled,possible,possible,Falkreath travel context deferred,unclassified,main_route,SN-000023-misc-falkreath-haafingar-hjaalmarch-pale-inventory.md | SN-000022-hero-of-the-people-misc-objective-caveats.md,needs_review,not_started,Radiant Falkreath theft favor; crime-safe handling deferred
OBJ-000242,Dungeon Delving (Runil's Journal),misc_objective,falkreath_misc,base_game,Skyrim,Falkreath Hold,Falkreath Hold,Falkreath,Speak to Runil,,Return Runil's Journal to Runil,,,,unknown,,Runil,Hero of the People objective source,,Runil's Journal handled,possible,possible,Falkreath travel context deferred,unclassified,main_route,SN-000023-misc-falkreath-haafingar-hjaalmarch-pale-inventory.md | SN-000022-hero-of-the-people-misc-objective-caveats.md,needs_review,not_started,Radiant Falkreath retrieval favor; exact dungeon target and first-visit availability risk deferred
OBJ-000243,Rare Gifts (Siddgeir),misc_objective,falkreath_misc,base_game,Skyrim,Falkreath Hold,Falkreath Hold,Falkreath,Speak to Siddgeir if letter was not received at level 9,,Bring one Black-Briar Mead to Siddgeir,,,,unknown,Kill the Bandit Leader and Hearthfire land access sequencing deferred,Siddgeir,Hero of the People objective source,,Black-Briar Mead delivered,possible,possible,Falkreath travel context deferred,unclassified,main_route,SN-000023-misc-falkreath-haafingar-hjaalmarch-pale-inventory.md | SN-000022-hero-of-the-people-misc-objective-caveats.md,needs_review,not_started,Radiant Falkreath gift favor; letter/level and property interactions deferred
OBJ-000244,Kill the Bandit Leader (Siddgeir),misc_objective,falkreath_misc,base_game,Skyrim,Falkreath Hold,Falkreath Hold,Falkreath,Speak to Siddgeir,Rare Gifts or Letter from Jarl Siddgeir of Falkreath,Return to Siddgeir after killing the bandit leader,,,,unknown,Hearthfire land and Thane sequencing deferred,Siddgeir,Hero of the People objective source,,,possible,possible,Falkreath travel context deferred,unclassified,main_route,SN-000023-misc-falkreath-haafingar-hjaalmarch-pale-inventory.md | SN-000022-hero-of-the-people-misc-objective-caveats.md,needs_review,not_started,Radiant Falkreath favor; exact bandit camp and level/letter sequencing deferred
OBJ-000245,Delivery (Berit's Ashes),misc_objective,falkreath_misc,base_game,Skyrim,Falkreath Hold,Falkreath Hold,Falkreath,Speak to Thadgeir,,Deliver Berit's Ashes to Runil,,,,unknown,,Thadgeir | Runil,Hero of the People objective source,,Berit's Ashes delivered,possible,possible,Falkreath travel context deferred,unclassified,main_route,SN-000023-misc-falkreath-haafingar-hjaalmarch-pale-inventory.md | SN-000022-hero-of-the-people-misc-objective-caveats.md,needs_review,not_started,Radiant Falkreath delivery favor; NPC and timing details deferred
OBJ-000246,Dragon's Breath Mead,misc_objective,haafingar_misc,base_game,Skyrim,Haafingar,Haafingar,Dragon Bridge,Speak to Olda,,Bring the Dragon's Breath Mead to Olda,,,,unknown,Alternate recipient handling deferred,Olda | Horgeir,Hero of the People objective source,,Dragon's Breath Mead handled,unknown,unknown,Haafingar travel context deferred,unclassified,main_route,SN-000023-misc-falkreath-haafingar-hjaalmarch-pale-inventory.md | SN-000022-hero-of-the-people-misc-objective-caveats.md,needs_review,not_started,Dragon Bridge miscellaneous inventory row; recipient outcome validation deferred
OBJ-000247,Kill the Bandit Leader (Ahtar),misc_objective,haafingar_misc,base_game,Skyrim,Haafingar,Haafingar,Solitude,Speak to Ahtar,,Tell Ahtar the bandit leader is dead,,,,unknown,,Ahtar,Hero of the People objective source,,,possible,possible,Solitude travel context deferred,unclassified,main_route,SN-000023-misc-falkreath-haafingar-hjaalmarch-pale-inventory.md | SN-000022-hero-of-the-people-misc-objective-caveats.md,needs_review,not_started,Radiant Haafingar favor; exact dungeon target and first-visit availability risk deferred
OBJ-000248,No News is Good News,misc_objective,haafingar_misc,base_game,Skyrim,Haafingar,Haafingar,Solitude,Speak to Angeline Morrard,,Tell Angeline what Aldis said,,,,unknown,,Angeline Morrard | Captain Aldis,Hero of the People objective source,,,unknown,unknown,Solitude travel context deferred,unclassified,main_route,SN-000023-misc-falkreath-haafingar-hjaalmarch-pale-inventory.md | SN-000022-hero-of-the-people-misc-objective-caveats.md,needs_review,not_started,Solitude miscellaneous inventory row; Captain Aldis availability and Civil War timing deferred
OBJ-000249,Rare Gifts (Captain Aldis),misc_objective,haafingar_misc,base_game,Skyrim,Haafingar,Haafingar,Solitude,Speak to Captain Aldis,,Bring one The Mirror to Aldis,,,,unknown,,Captain Aldis,Hero of the People objective source,,The Mirror delivered,possible,possible,Solitude travel context deferred,unclassified,main_route,SN-000023-misc-falkreath-haafingar-hjaalmarch-pale-inventory.md | SN-000022-hero-of-the-people-misc-objective-caveats.md,needs_review,not_started,Radiant Haafingar gift favor; Aldis availability and item sourcing deferred
OBJ-000250,Elisif's Tribute,misc_objective,haafingar_misc,base_game,Skyrim,Haafingar,Haafingar,Solitude,Speak to Elisif the Fair,The Man Who Cried Wolf,Talk to Elisif after taking Torygg's War Horn to the Shrine of Talos,,,,unknown,Thane of Haafingar sequencing deferred,Elisif the Fair,Hero of the People objective source,,Torygg's War Horn handled,unknown,unknown,Solitude travel context deferred,unclassified,main_route,SN-000023-misc-falkreath-haafingar-hjaalmarch-pale-inventory.md | SN-000022-hero-of-the-people-misc-objective-caveats.md,needs_review,not_started,Solitude miscellaneous inventory row; Thane/property dependency deferred
OBJ-000251,The Spiced Wine,misc_objective,haafingar_misc,base_game,Skyrim,Haafingar,Haafingar,Solitude,Speak to Evette San,,Tell Evette that Vittoria agreed to release the shipment,,,,unknown,,Evette San | Vittoria Vici,Hero of the People objective source,,Spiced Wine shipment released,unknown,unknown,Solitude travel context deferred,unclassified,main_route,SN-000023-misc-falkreath-haafingar-hjaalmarch-pale-inventory.md | SN-000022-hero-of-the-people-misc-objective-caveats.md,needs_review,not_started,Solitude miscellaneous inventory row; Dark Brotherhood/Vittoria timing deferred
OBJ-000252,Dungeon Delving (Noster's Helmet),misc_objective,haafingar_misc,base_game,Skyrim,Haafingar,Haafingar,Solitude,Speak to Noster Eagle-Eye,,Return Noster's Helmet to Noster,,,,unknown,,Noster Eagle-Eye,Hero of the People objective source,,Noster's Helmet handled,possible,possible,Solitude travel context deferred,unclassified,main_route,SN-000023-misc-falkreath-haafingar-hjaalmarch-pale-inventory.md | SN-000022-hero-of-the-people-misc-objective-caveats.md,needs_review,not_started,Radiant Haafingar retrieval favor; exact dungeon target and first-visit availability risk deferred
OBJ-000253,A Few Words with You (Octieve San),misc_objective,haafingar_misc,base_game,Skyrim,Haafingar,Haafingar,Solitude,Speak to Octieve San,,Tell Octieve that Irnskar is taken care of,,,,unknown,,Octieve San | Irnskar Ironhand,Hero of the People objective source,,,possible,possible,Solitude travel context deferred,unclassified,main_route,SN-000023-misc-falkreath-haafingar-hjaalmarch-pale-inventory.md | SN-000022-hero-of-the-people-misc-objective-caveats.md,needs_review,not_started,Radiant Haafingar favor; dialogue and NPC availability details deferred
OBJ-000254,Delivery (Sorex Vinius),misc_objective,haafingar_misc,base_game,Skyrim,Haafingar,Haafingar,Solitude,Speak to Sorex Vinius,,Deliver the Stros M'Kai Rum to Falk Firebeard,,,,unknown,,Sorex Vinius | Falk Firebeard,Hero of the People objective source,,Stros M'Kai Rum delivered,possible,possible,Solitude travel context deferred,unclassified,main_route,SN-000023-misc-falkreath-haafingar-hjaalmarch-pale-inventory.md | SN-000022-hero-of-the-people-misc-objective-caveats.md,needs_review,not_started,Radiant Haafingar delivery favor; route synchronization deferred
OBJ-000255,Return to Grace,misc_objective,haafingar_misc,base_game,Skyrim,Haafingar,Haafingar,Solitude,Speak to Svari or Greta,,Return the retrieved item to Greta,,,,unknown,,Svari | Greta,Hero of the People objective source,,,possible,unknown,Solitude travel context deferred,unclassified,main_route,SN-000023-misc-falkreath-haafingar-hjaalmarch-pale-inventory.md | SN-000022-hero-of-the-people-misc-objective-caveats.md,needs_review,not_started,Solitude miscellaneous inventory row; Roggvir-related timing and item handling deferred
OBJ-000256,Kill the Vampire (Sybille Stentor),misc_objective,haafingar_misc,base_game,Skyrim,Haafingar,Haafingar,Solitude,Speak to Sybille Stentor,,Tell Sybille the vampire is dead,,,,unknown,,Sybille Stentor,Hero of the People objective source,,,possible,possible,Solitude travel context deferred,unclassified,main_route,SN-000023-misc-falkreath-haafingar-hjaalmarch-pale-inventory.md | SN-000022-hero-of-the-people-misc-objective-caveats.md,needs_review,not_started,Radiant Haafingar favor; exact vampire lair and first-visit availability risk deferred
OBJ-000257,Fit for a Jarl,misc_objective,haafingar_misc,base_game,Skyrim,Haafingar,Haafingar,Solitude,Speak to Taarie,,Tell Taarie what Elisif said about the outfit,,,,unknown,,Taarie | Elisif the Fair,Hero of the People objective source,,Radiant Raiment outfit modeled,unknown,unknown,Solitude travel context deferred,unclassified,main_route,SN-000023-misc-falkreath-haafingar-hjaalmarch-pale-inventory.md | SN-000022-hero-of-the-people-misc-objective-caveats.md,needs_review,not_started,Solitude miscellaneous inventory row; clothing and shop relationship handling deferred
OBJ-000258,Payment Delivery,misc_objective,hjaalmarch_misc,base_game,Skyrim,Hjaalmarch,Hjaalmarch,Rockwallow Mine,Speak to Pactur,,Speak with Bryling,,,,unknown,,Pactur | Bryling,Hero of the People objective source,,,unknown,unknown,Hjaalmarch to Solitude delivery routing deferred,unclassified,main_route,SN-000023-misc-falkreath-haafingar-hjaalmarch-pale-inventory.md | SN-000022-hero-of-the-people-misc-objective-caveats.md,needs_review,not_started,Hjaalmarch outside-town miscellaneous inventory row; NPC timing deferred
OBJ-000259,Falion's Secret,misc_objective,hjaalmarch_misc,base_game,Skyrim,Hjaalmarch,Hjaalmarch,Morthal,Investigate Falion,,Investigate Falion's activities,,,,unknown,,Falion,Hero of the People objective source,,,unknown,unknown,Morthal travel context deferred,unclassified,main_route,SN-000023-misc-falkreath-haafingar-hjaalmarch-pale-inventory.md | SN-000022-hero-of-the-people-misc-objective-caveats.md,needs_review,not_started,Morthal miscellaneous inventory row; vampirism-cure interactions deferred
OBJ-000260,For the Good of Morthal,misc_objective,hjaalmarch_misc,base_game,Skyrim,Hjaalmarch,Hjaalmarch,Morthal,Speak to Gorm,,Deliver Gorm's letter to Captain Aldis,,,,unknown,,Gorm | Captain Aldis,Hero of the People objective source,,Gorm's letter delivered,unknown,unknown,Morthal to Solitude delivery routing deferred,unclassified,main_route,SN-000023-misc-falkreath-haafingar-hjaalmarch-pale-inventory.md | SN-000022-hero-of-the-people-misc-objective-caveats.md,needs_review,not_started,Morthal delivery inventory row; Aldis availability and Civil War timing deferred
OBJ-000261,Delivery (Idgrod's Note),misc_objective,hjaalmarch_misc,base_game,Skyrim,Hjaalmarch,Hjaalmarch,Morthal,Speak to Idgrod the Younger,,Deliver Idgrod's Note to Danica,,,,unknown,,Idgrod the Younger | Danica Pure-Spring,Hero of the People objective source,,Idgrod's Note delivered,possible,possible,Morthal to Whiterun delivery routing deferred,unclassified,main_route,SN-000023-misc-falkreath-haafingar-hjaalmarch-pale-inventory.md | SN-000022-hero-of-the-people-misc-objective-caveats.md,needs_review,not_started,Radiant Hjaalmarch delivery favor; NPC and timing details deferred
OBJ-000262,Rare Gifts (Lami),misc_objective,hjaalmarch_misc,base_game,Skyrim,Hjaalmarch,Hjaalmarch,Morthal,Speak to Lami,,Bring one Song of the Alchemists to Lami,,,,unknown,,Lami,Hero of the People objective source,,Song of the Alchemists delivered,possible,possible,Morthal travel context deferred,unclassified,main_route,SN-000023-misc-falkreath-haafingar-hjaalmarch-pale-inventory.md | SN-000022-hero-of-the-people-misc-objective-caveats.md,needs_review,not_started,Radiant Hjaalmarch gift favor; book sourcing and NPC timing deferred
OBJ-000263,Delivery (Aeri's Note),misc_objective,pale_misc,base_game,Skyrim,The Pale,The Pale,Aeri's House,Speak to Aeri,,Deliver Aeri's Note to Skald,,,,unknown,,Aeri | Skald,Hero of the People objective source,,Aeri's Note delivered,possible,possible,Pale travel context deferred,unclassified,main_route,SN-000023-misc-falkreath-haafingar-hjaalmarch-pale-inventory.md | SN-000022-hero-of-the-people-misc-objective-caveats.md,needs_review,not_started,Radiant Pale delivery favor; NPC and timing details deferred
OBJ-000264,Salty Sea-Dogs,misc_objective,pale_misc,base_game,Skyrim,The Pale,The Pale,Dawnstar,Speak to Captain Wayfinder,,Bring the Fine-Cut Void Salts to Wayfinder,,,,unknown,,Captain Wayfinder,Hero of the People objective source,,Fine-Cut Void Salts delivered,possible,possible,Dawnstar cold travel context deferred,unclassified,main_route,SN-000023-misc-falkreath-haafingar-hjaalmarch-pale-inventory.md | SN-000022-hero-of-the-people-misc-objective-caveats.md,needs_review,not_started,Radiant Pale favor; item sourcing and NPC timing deferred
OBJ-000265,Dungeon Delving (Ring of Pure Mixtures),misc_objective,pale_misc,base_game,Skyrim,The Pale,The Pale,Dawnstar,Speak to Frida,,Return Ring of Pure Mixtures to Frida,,,,unknown,,Frida,Hero of the People objective source,,Ring of Pure Mixtures handled,possible,possible,Dawnstar cold travel context deferred,unclassified,main_route,SN-000023-misc-falkreath-haafingar-hjaalmarch-pale-inventory.md | SN-000022-hero-of-the-people-misc-objective-caveats.md,needs_review,not_started,Radiant Pale retrieval favor; exact dungeon target and first-visit availability risk deferred
OBJ-000266,Rare Gifts (Rustleif),misc_objective,pale_misc,base_game,Skyrim,The Pale,The Pale,Dawnstar,Speak to Rustleif,,Bring one Night Falls on Sentinel to Rustleif,,,,unknown,,Rustleif,Hero of the People objective source,,Night Falls on Sentinel delivered,possible,possible,Dawnstar cold travel context deferred,unclassified,main_route,SN-000023-misc-falkreath-haafingar-hjaalmarch-pale-inventory.md | SN-000022-hero-of-the-people-misc-objective-caveats.md,needs_review,not_started,Radiant Pale gift favor; book sourcing and NPC timing deferred
OBJ-000267,Kill the Giant (Skald),misc_objective,pale_misc,base_game,Skyrim,The Pale,The Pale,Dawnstar,Speak to Skald,Waking Nightmare,Return to Skald after killing the giant,,,,unknown,Thane and Hearthfire property sequencing deferred,Skald,Hero of the People objective source,,,possible,possible,Dawnstar cold travel context deferred,unclassified,main_route,SN-000023-misc-falkreath-haafingar-hjaalmarch-pale-inventory.md | SN-000022-hero-of-the-people-misc-objective-caveats.md,needs_review,not_started,Radiant Pale favor; exact giant camp and Waking Nightmare/hold state timing deferred
OBJ-000268,The Ghost of Old Hroldan,misc_objective,reach_misc,base_game,Skyrim,The Reach,The Reach,Old Hroldan Inn,Speak to Eydis,,Bring Hjalti's Sword to the Ghost of Old Hroldan,,,,unknown,,Eydis | Ghost of Old Hroldan,Hero of the People objective source,,Hjalti's Sword handled,unknown,unknown,Reach travel context deferred,unclassified,main_route,SN-000024-misc-reach-rift-whiterun-winterhold-inventory.md | SN-000022-hero-of-the-people-misc-objective-caveats.md,needs_review,not_started,Reach miscellaneous inventory row; exact start trigger and reward validation deferred
OBJ-000269,Gharol's Message,misc_objective,reach_misc,base_game,Skyrim,The Reach,The Reach,Burguk's Longhouse,Speak to Gharol,,Deliver Gharol's sword to Lash,,,,unknown,,Gharol | Lash,Hero of the People objective source,,Gharol's sword delivered,unknown,unknown,Reach stronghold travel context deferred,unclassified,main_route,SN-000024-misc-reach-rift-whiterun-winterhold-inventory.md | SN-000022-hero-of-the-people-misc-objective-caveats.md,needs_review,not_started,Reach delivery inventory row; Orc stronghold access implications deferred
OBJ-000270,Kolskeggr Mine,misc_objective,reach_misc,base_game,Skyrim,The Reach,The Reach,Left Hand Mine | Kolskeggr Mine,Speak to Pavo Attius or Skaggi Scar-Face,,Tell Pavo that Kolskeggr Mine is cleared,,,,unknown,,Pavo Attius | Skaggi Scar-Face,Hero of the People objective source,,,unknown,unknown,Reach mine travel context deferred,unclassified,main_route,SN-000024-misc-reach-rift-whiterun-winterhold-inventory.md | SN-000022-hero-of-the-people-misc-objective-caveats.md,needs_review,not_started,Duplicate table appearance represented once; mine ownership and respawn details deferred
OBJ-000271,Soljund's Sinkhole,misc_objective,reach_misc,base_game,Skyrim,The Reach,The Reach,Miner's House | Soljund's Sinkhole,Speak to Perth,,Tell Perth that the Draugr are dead,,,,unknown,,Perth,Hero of the People objective source,,,unknown,unknown,Reach dungeon travel context deferred,unclassified,main_route,SN-000024-misc-reach-rift-whiterun-winterhold-inventory.md | SN-000022-hero-of-the-people-misc-objective-caveats.md,needs_review,not_started,Reach miscellaneous inventory row; mine and dungeon-state details deferred
OBJ-000272,Rogatus's Letter,misc_objective,reach_misc,base_game,Skyrim,The Reach,The Reach,Salvius Farmhouse,Speak to Rogatus Salvius,,Deliver Rogatus's letter to Leontius,,,,unknown,,Rogatus Salvius | Leontius Salvius,Hero of the People objective source,,Rogatus's letter delivered,unknown,unknown,Reach to Markarth delivery routing deferred,unclassified,main_route,SN-000024-misc-reach-rift-whiterun-winterhold-inventory.md | SN-000022-hero-of-the-people-misc-objective-caveats.md,needs_review,not_started,Duplicate table appearance represented once; source spelling variance deferred
OBJ-000273,Sanuarach Mine,misc_objective,reach_misc,base_game,Skyrim,The Reach,The Reach,Karthwasten Hall | Sanuarach Mine,Speak to Ainethach or Atar,,Resolve the Sanuarach Mine dispute,,,,unknown,Mutually exclusive local resolution deferred,Ainethach | Atar,Hero of the People objective source,,,possible,unknown,Reach settlement travel context deferred,unclassified,main_route,SN-000024-misc-reach-rift-whiterun-winterhold-inventory.md | SN-000022-hero-of-the-people-misc-objective-caveats.md,needs_review,not_started,Karthwasten miscellaneous inventory row; canonical local outcome deferred
OBJ-000274,Delivery (Banning),misc_objective,reach_misc,base_game,Skyrim,The Reach,The Reach,Markarth Stables,Speak to Banning,,Deliver Spiced Beef to Voada,,,,unknown,,Banning | Voada,Hero of the People objective source,,Spiced Beef delivered,possible,possible,Markarth travel context deferred,unclassified,main_route,SN-000024-misc-reach-rift-whiterun-winterhold-inventory.md | SN-000022-hero-of-the-people-misc-objective-caveats.md,needs_review,not_started,Radiant-style Markarth delivery favor; NPC timing deferred
OBJ-000275,Lisbet's Missing Shipment,misc_objective,reach_misc,base_game,Skyrim,The Reach,The Reach,Arnleif and Sons Trading Company,Speak to Lisbet,,Bring the Dibella Statue to Lisbet,,,,unknown,,Lisbet,Hero of the People objective source,,Dibella Statue handled,unknown,unknown,Markarth travel context deferred,unclassified,main_route,SN-000024-misc-reach-rift-whiterun-winterhold-inventory.md | SN-000022-hero-of-the-people-misc-objective-caveats.md,needs_review,not_started,Markarth miscellaneous inventory row; exact Forsworn camp and item handling deferred
OBJ-000276,Delivery to Calcelmo,misc_objective,reach_misc,base_game,Skyrim,The Reach,The Reach,Endon's House,Speak to Kerah,,Deliver a ring to Calcelmo,,,,unknown,,Kerah | Calcelmo,Hero of the People objective source,,Ring delivered,possible,possible,Markarth travel context deferred,unclassified,main_route,SN-000024-misc-reach-rift-whiterun-winterhold-inventory.md | SN-000022-hero-of-the-people-misc-objective-caveats.md,needs_review,not_started,Markarth delivery favor; city routing deferred
OBJ-000277,Speak to Degaine,misc_objective,reach_misc,base_game,Skyrim,The Reach,The Reach,Silver-Blood Inn | Temple of Dibella,Speak to Kleppr or Frabbi,,Bring the statue to Degaine,,,,unknown,Temple theft and Dibella-related handling deferred,Kleppr | Frabbi | Degaine,Hero of the People objective source,,Dibella Statue handled,possible,unknown,Markarth travel context deferred,unclassified,main_route,SN-000024-misc-reach-rift-whiterun-winterhold-inventory.md | SN-000022-hero-of-the-people-misc-objective-caveats.md,needs_review,not_started,Markarth miscellaneous inventory row; theft and quest interaction validation deferred
OBJ-000278,Bothela's Discreet Delivery,misc_objective,reach_misc,base_game,Skyrim,The Reach,The Reach,The Hag's Cure,Speak to Bothela,,Deliver the potion to the steward,,,,unknown,,Bothela | local steward,Hero of the People objective source,,Potion delivered,possible,possible,Markarth delivery routing deferred,unclassified,main_route,SN-000024-misc-reach-rift-whiterun-winterhold-inventory.md | SN-000022-hero-of-the-people-misc-objective-caveats.md,needs_review,not_started,Radiant Markarth delivery favor; steward target and Civil War state deferred
OBJ-000279,A Few Words with You (Omluag),misc_objective,reach_misc,base_game,Skyrim,The Reach,The Reach,The Warrens,Speak to Omluag,,Tell Omluag that Mulush is taken care of,,,,unknown,,Omluag | Mulush gro-Shugurz,Hero of the People objective source,,,possible,possible,Markarth travel context deferred,unclassified,main_route,SN-000024-misc-reach-rift-whiterun-winterhold-inventory.md | SN-000022-hero-of-the-people-misc-objective-caveats.md,needs_review,not_started,Radiant Markarth persuasion favor; dialogue outcome details deferred
OBJ-000280,Buy Dwarven artifact,misc_objective,reach_misc,base_game,Skyrim,The Reach,The Reach,Understone Keep,Speak to Calcelmo,,Bring a Dwarven artifact to Calcelmo,,,,unknown,,Calcelmo,Hero of the People objective source,,Dwarven artifact delivered,possible,possible,Markarth Dwemer-site routing deferred,unclassified,main_route,SN-000024-misc-reach-rift-whiterun-winterhold-inventory.md | SN-000022-hero-of-the-people-misc-objective-caveats.md,needs_review,not_started,Radiant Markarth acquisition favor; target artifact and safe sourcing deferred
OBJ-000281,Nimhe the Poisoned One,misc_objective,reach_misc,base_game,Skyrim,The Reach,The Reach,Understone Keep | Nchuand-Zel,Speak to Calcelmo,,Tell Calcelmo that Nimhe is dead,,,,unknown,,Calcelmo,Hero of the People objective source,,,unknown,unknown,Markarth Dwemer-site routing deferred,unclassified,main_route,SN-000024-misc-reach-rift-whiterun-winterhold-inventory.md | SN-000022-hero-of-the-people-misc-objective-caveats.md,needs_review,not_started,Markarth miscellaneous inventory row; Nchuand-Zel synchronization deferred
OBJ-000282,Skilled Apprenticeship,misc_objective,reach_misc,base_game,Skyrim,The Reach,The Reach,Understone Keep,Speak to Ghorza gra-Bagol,,Bring The Last Scabbard of Akrash to Ghorza,,,,unknown,,Ghorza gra-Bagol,Hero of the People objective source,Skill book synchronization deferred,The Last Scabbard of Akrash handled,possible,possible,Markarth travel context deferred,unclassified,main_route,SN-000024-misc-reach-rift-whiterun-winterhold-inventory.md | SN-000022-hero-of-the-people-misc-objective-caveats.md,needs_review,not_started,Radiant Markarth retrieval favor; book checklist handling deferred
OBJ-000283,Kill the Forsworn Leader (Igmund),misc_objective,reach_misc,base_game,Skyrim,The Reach,The Reach,Understone Keep,Speak to Igmund,,Return to Igmund after killing the Forsworn leader,,,,unknown,Thane of the Reach sequencing deferred,Igmund,Hero of the People objective source,,,possible,possible,Markarth and Forsworn-camp routing deferred,unclassified,main_route,SN-000024-misc-reach-rift-whiterun-winterhold-inventory.md | SN-000022-hero-of-the-people-misc-objective-caveats.md,needs_review,not_started,Radiant Reach Jarl favor; target camp and Civil War state deferred
OBJ-000284,Dungeon Delving (Hrolfdir's Shield),misc_objective,reach_misc,base_game,Skyrim,The Reach,The Reach,Understone Keep,Speak to Igmund,Kill the Forsworn Leader,Bring Hrolfdir's Shield to Igmund,,,,unknown,Thane of the Reach sequencing deferred,Igmund,Hero of the People objective source,,Hrolfdir's Shield handled,possible,possible,Reach hagraven-site routing deferred,unclassified,main_route,SN-000024-misc-reach-rift-whiterun-winterhold-inventory.md | SN-000022-hero-of-the-people-misc-objective-caveats.md,needs_review,not_started,Radiant Reach Jarl retrieval favor; exact dungeon target deferred
OBJ-000285,Coated in Blood,misc_objective,reach_misc,base_game,Skyrim,The Reach,The Reach,Understone Keep,Speak to Moth gro-Bagol,,Bring a Daedra's Heart to Moth,,,,unknown,,Moth gro-Bagol,Hero of the People objective source,,Daedra's Heart delivered,unknown,unknown,Markarth travel context deferred,unclassified,main_route,SN-000024-misc-reach-rift-whiterun-winterhold-inventory.md | SN-000022-hero-of-the-people-misc-objective-caveats.md,needs_review,not_started,Markarth favor inventory row; item sourcing and smithing relationship implications deferred
OBJ-000286,Search and Seizure,misc_objective,reach_misc,base_game,Skyrim,The Reach,The Reach,Understone Keep,Speak to Ondolemar,,Bring Ogmund's Amulet of Talos to Ondolemar,,,,unknown,Talos worship evidence handling deferred,Ondolemar | Ogmund,Hero of the People objective source,,Ogmund's Amulet of Talos handled,possible,unknown,Markarth travel context deferred,unclassified,main_route,SN-000024-misc-reach-rift-whiterun-winterhold-inventory.md | SN-000022-hero-of-the-people-misc-objective-caveats.md,needs_review,not_started,Markarth miscellaneous inventory row; Thalmor outcome and NPC relationship validation deferred
OBJ-000287,Smooth Jazbay,misc_objective,rift_misc,base_game,Skyrim,The Rift,The Rift,Sarethi Farm,Speak to Avrusa Sarethi,,Bring the Jazbay to Avrusa Sarethi,,,,unknown,,Avrusa Sarethi,Hero of the People objective source,,Jazbay delivered,unknown,unknown,Rift farm travel context deferred,unclassified,main_route,SN-000024-misc-reach-rift-whiterun-winterhold-inventory.md | SN-000022-hero-of-the-people-misc-objective-caveats.md,needs_review,not_started,Rift miscellaneous inventory row; item sourcing and farm routing deferred
OBJ-000288,Bow to the Master,misc_objective,rift_misc,base_game,Skyrim,The Rift,The Rift,Merryfair Farm,Speak to Dravin Llanith,,Return Dravin's Bow,,,,unknown,,Dravin Llanith,Hero of the People objective source,,Dravin's Bow handled,unknown,unknown,Rift farm travel context deferred,unclassified,main_route,SN-000024-misc-reach-rift-whiterun-winterhold-inventory.md | SN-000022-hero-of-the-people-misc-objective-caveats.md,needs_review,not_started,Rift miscellaneous inventory row; exact retrieval location validation deferred
OBJ-000289,Flight or Fight,misc_objective,rift_misc,base_game,Skyrim,The Rift,The Rift,Heartwood Mill,Speak to Grosta,,Return to Grosta after finding Leifnarr,,,,unknown,,Grosta | Leifnarr,Hero of the People objective source,,,unknown,unknown,Rift mill travel context deferred,unclassified,main_route,SN-000024-misc-reach-rift-whiterun-winterhold-inventory.md | SN-000022-hero-of-the-people-misc-objective-caveats.md,needs_review,not_started,Rift miscellaneous inventory row; corpse discovery and quest-stage handling deferred
OBJ-000290,The Straw that Broke,misc_objective,rift_misc,base_game,Skyrim,The Rift,The Rift,Ivarstead,Speak to Narfi,,Bring Reyda's Necklace to Narfi,,,,unknown,,Narfi | Wilhelm,Hero of the People objective source,,Reyda's Necklace handled,unknown,unknown,Ivarstead travel context deferred,unclassified,main_route,SN-000024-misc-reach-rift-whiterun-winterhold-inventory.md | SN-000022-hero-of-the-people-misc-objective-caveats.md,needs_review,not_started,Ivarstead miscellaneous inventory row; Dark Brotherhood/Narfi timing deferred
OBJ-000291,Climb the Steps,misc_objective,rift_misc,base_game,Skyrim,The Rift,The Rift,Klimmek's House | High Hrothgar,Speak to Klimmek,,Return to Klimmek after delivering the supplies,,,,unknown,,Klimmek,Hero of the People objective source,,Klimmek's supplies delivered,unknown,unknown,High Hrothgar travel context deferred,unclassified,main_route,SN-000024-misc-reach-rift-whiterun-winterhold-inventory.md | SN-000022-hero-of-the-people-misc-objective-caveats.md,needs_review,not_started,Ivarstead miscellaneous inventory row; main-quest climb synchronization deferred
OBJ-000292,Grin and Bear It,misc_objective,rift_misc,base_game,Skyrim,The Rift,The Rift,Vilemyr Inn,Speak to Temba Wide-Arm,,Return to Temba Wide-Arm with 10 bear pelts,,,,unknown,,Temba Wide-Arm,Hero of the People objective source,,Bear pelts delivered,unknown,unknown,Ivarstead travel context deferred,unclassified,main_route,SN-000024-misc-reach-rift-whiterun-winterhold-inventory.md | SN-000022-hero-of-the-people-misc-objective-caveats.md,needs_review,not_started,Ivarstead favor inventory row; pelt sourcing and NPC relationship handling deferred
OBJ-000293,Lifting the Shroud,misc_objective,rift_misc,base_game,Skyrim,The Rift,The Rift,Vilemyr Inn | Shroud Hearth Barrow,Speak to Wilhelm,,Bring Wyndelius's Journal to Wilhelm,,,,unknown,,Wilhelm | Wyndelius Gatharian,Hero of the People objective source,,Wyndelius's Journal handled,unknown,unknown,Ivarstead dungeon travel context deferred,unclassified,main_route,SN-000024-misc-reach-rift-whiterun-winterhold-inventory.md | SN-000022-hero-of-the-people-misc-objective-caveats.md,needs_review,not_started,Ivarstead miscellaneous inventory row; Shroud Hearth Barrow routing deferred
OBJ-000294,Grimsever's Return,misc_objective,rift_misc,base_game,Skyrim,The Rift,The Rift,Aerin's House,Speak to Mjoll the Lioness,,Return Grimsever to Mjoll,,,,unknown,,Mjoll the Lioness,Hero of the People objective source,,Grimsever handled,unknown,unknown,Riften travel context deferred,unclassified,main_route,SN-000024-misc-reach-rift-whiterun-winterhold-inventory.md | SN-000022-hero-of-the-people-misc-objective-caveats.md,needs_review,not_started,Riften miscellaneous inventory row; follower and dungeon routing deferred
OBJ-000295,Ringmaker,misc_objective,rift_misc,base_game,Skyrim,The Rift,The Rift,Beggar's Row,Speak to Madesi,,Find 2 flawless sapphires a mammoth tusk and gold ore for Madesi,,,,unknown,,Madesi,Hero of the People objective source,,Crafting materials delivered,unknown,unknown,Riften travel context deferred,unclassified,main_route,SN-000024-misc-reach-rift-whiterun-winterhold-inventory.md | SN-000022-hero-of-the-people-misc-objective-caveats.md,needs_review,not_started,Riften favor inventory row; item sourcing and Thieves Guild interaction deferred
OBJ-000296,Few and Far Between,misc_objective,rift_misc,base_game,Skyrim,The Rift,The Rift,Black-Briar Manor | Elgrim's Elixirs,Speak to Ingun Black-Briar,,Bring 20 nirnroot 20 nightshade and 20 deathbell to Ingun Black-Briar,,,,unknown,Exploit-only repeated objective updates are not route requirements,Ingun Black-Briar,Hero of the People objective source,,Alchemy ingredients delivered,possible,unknown,Riften ingredient routing deferred,unclassified,main_route,SN-000024-misc-reach-rift-whiterun-winterhold-inventory.md | SN-000022-hero-of-the-people-misc-objective-caveats.md,needs_review,not_started,Riften favor inventory row; ingredient counting and exploit caveat deferred
OBJ-000297,Under the Table,misc_objective,rift_misc,base_game,Skyrim,The Rift,The Rift,Black-Briar Meadery,Speak to Romlyn Dreth,,Resolve Romlyn's mead delivery objective,,,,unknown,Alternate Indaryn outcome handling deferred,Romlyn Dreth | Wilhelm | Indaryn,Hero of the People objective source,,Mead delivery handled,possible,unknown,Riften to Ivarstead routing deferred,unclassified,main_route,SN-000024-misc-reach-rift-whiterun-winterhold-inventory.md | SN-000022-hero-of-the-people-misc-objective-caveats.md,needs_review,not_started,Riften delivery inventory row; canonical outcome deferred
OBJ-000298,Special Delivery (Bolli),misc_objective,rift_misc,base_game,Skyrim,The Rift,The Rift,Bolli's House | Riften Fishery,Speak to Bolli,,Deliver the purchase agreement to Kleppr,,,,unknown,,Bolli | Kleppr,Hero of the People objective source,,Purchase agreement delivered,possible,possible,Riften to Markarth delivery routing deferred,unclassified,main_route,SN-000024-misc-reach-rift-whiterun-winterhold-inventory.md | SN-000022-hero-of-the-people-misc-objective-caveats.md,needs_review,not_started,Riften delivery favor; cross-hold routing deferred
OBJ-000299,Truth Ore Consequences,misc_objective,rift_misc,base_game,Skyrim,The Rift,The Rift,Elgrim's Elixirs,Speak to Hafjorg,,Return the Ore Sample to Hafjorg,,,,unknown,,Hafjorg | Filnjar,Hero of the People objective source,,Ore Sample delivered,possible,possible,Riften to Shor's Stone routing deferred,unclassified,main_route,SN-000024-misc-reach-rift-whiterun-winterhold-inventory.md | SN-000022-hero-of-the-people-misc-objective-caveats.md,needs_review,not_started,Riften delivery/acquisition favor; mine routing deferred
OBJ-000300,Distant Memories,misc_objective,rift_misc,base_game,Skyrim,The Rift,The Rift,Haelga's Bunkhouse,Speak to Brand-Shei,,Return to Brand-Shei after locating a clue about his past,,,,unknown,Thieves Guild opening state may affect Brand-Shei availability,Brand-Shei,Hero of the People objective source,,,unknown,unknown,Riften travel context deferred,unclassified,main_route,SN-000024-misc-reach-rift-whiterun-winterhold-inventory.md | SN-000022-hero-of-the-people-misc-objective-caveats.md,needs_review,not_started,Riften miscellaneous inventory row; Brand-Shei jail state and Thieves Guild ordering deferred
OBJ-000301,Caught Red Handed,misc_objective,rift_misc,base_game,Skyrim,The Rift,The Rift,Haelga's Bunkhouse,Speak to Svana Far-Shield,,Speak to Svana after confronting Haelga with the Marks of Dibella,,,,unknown,,Svana Far-Shield | Haelga | Bolli | Hofgrir Horse-Crusher | Indaryn,Hero of the People objective source,,Marks of Dibella handled,unknown,unknown,Riften travel context deferred,unclassified,main_route,SN-000024-misc-reach-rift-whiterun-winterhold-inventory.md | SN-000022-hero-of-the-people-misc-objective-caveats.md,needs_review,not_started,Riften miscellaneous inventory row; theft and NPC route details deferred
OBJ-000302,Helping Hand,misc_objective,rift_misc,base_game,Skyrim,The Rift,The Rift,Haelga's Bunkhouse,Speak to Wujeeta,,Give Wujeeta a healing potion,,,,unknown,Prerequisite to The Raid,Wujeeta,Hero of the People objective source,,Healing potion delivered,unknown,unknown,Riften travel context deferred,unclassified,main_route,SN-000024-misc-reach-rift-whiterun-winterhold-inventory.md | SN-000022-hero-of-the-people-misc-objective-caveats.md,needs_review,not_started,Riften miscellaneous inventory row; skooma-chain sequencing deferred
OBJ-000303,The Raid,misc_objective,rift_misc,base_game,Skyrim,The Rift,The Rift,Haelga's Bunkhouse | Riften Warehouse,Speak to Wujeeta,Helping Hand,Recover skooma source information and report to the Jarl,,,,unknown,Prerequisite to Supply and Demand,Wujeeta | Sarthis Idren | Jarl of Riften,Hero of the People objective source,,Skooma source information handled,unknown,unknown,Riften travel context deferred,unclassified,main_route,SN-000024-misc-reach-rift-whiterun-winterhold-inventory.md | SN-000022-hero-of-the-people-misc-objective-caveats.md,needs_review,not_started,Riften skooma-chain inventory row; Jarl identity and warehouse routing deferred
OBJ-000304,Pilgrimage,misc_objective,rift_misc,base_game,Skyrim,The Rift,The Rift,Hall of the Dead (Riften),Speak to Alessandra,,Return to Alessandra after bringing her dagger to Andurs,,,,unknown,,Alessandra | Andurs,Hero of the People objective source,,Alessandra's Dagger handled,possible,possible,Riften to Whiterun delivery routing deferred,unclassified,main_route,SN-000024-misc-reach-rift-whiterun-winterhold-inventory.md | SN-000022-hero-of-the-people-misc-objective-caveats.md,needs_review,not_started,Riften delivery favor; Whiterun synchronization deferred
OBJ-000305,Ice Cold,misc_objective,rift_misc,base_game,Skyrim,The Rift,The Rift,Marise Aravel's House,Speak to Marise Aravel,,Return to Marise with 5 Ice Wraith Teeth,,,,unknown,,Marise Aravel,Hero of the People objective source,,Ice Wraith Teeth delivered,unknown,unknown,Riften item sourcing deferred,unclassified,main_route,SN-000024-misc-reach-rift-whiterun-winterhold-inventory.md | SN-000022-hero-of-the-people-misc-objective-caveats.md,needs_review,not_started,Riften favor inventory row; cold-region ingredient sourcing deferred
OBJ-000306,Bring It!,misc_objective,rift_misc,base_game,Skyrim,The Rift,The Rift,Mistveil Keep,Speak to Harrald,,Deliver Harrald's Sword,,,,unknown,,Harrald | Balimund,Hero of the People objective source,,Harrald's Sword delivered,possible,possible,Riften city routing deferred,unclassified,main_route,SN-000024-misc-reach-rift-whiterun-winterhold-inventory.md | SN-000022-hero-of-the-people-misc-objective-caveats.md,needs_review,not_started,Riften delivery favor; city synchronization deferred
OBJ-000307,Supply and Demand,misc_objective,rift_misc,base_game,Skyrim,The Rift,The Rift,Mistveil Keep | Cragslane Cavern,Speak to the Jarl of Riften,The Raid,Report to the Jarl after disrupting the skooma operation,,,,unknown,Thane of the Rift sequencing deferred,Jarl of Riften,Hero of the People objective source,,,unknown,unknown,Riften to Cragslane routing deferred,unclassified,main_route,SN-000024-misc-reach-rift-whiterun-winterhold-inventory.md | SN-000022-hero-of-the-people-misc-objective-caveats.md,needs_review,not_started,Riften skooma-chain inventory row; Jarl identity and property sequencing deferred
OBJ-000308,Hunt and Gather,misc_objective,rift_misc,base_game,Skyrim,The Rift,The Rift,Mistveil Keep,Speak to Wylandriah,,Return Wylandriah's Spoon Ingot and Soul Gem to Wylandriah,,,,unknown,,Wylandriah,Hero of the People objective source,,Wylandriah's items handled,unknown,unknown,Riften cross-region collection routing deferred,unclassified,main_route,SN-000024-misc-reach-rift-whiterun-winterhold-inventory.md | SN-000022-hero-of-the-people-misc-objective-caveats.md,needs_review,not_started,Riften collection inventory row; item locations and route synchronization deferred
OBJ-000309,Stabilized,misc_objective,rift_misc,base_game,Skyrim,The Rift,The Rift,Riften,Speak to Shadr,,Return to Shadr after speaking to Sapphire,,,,unknown,Thieves Guild NPC timing deferred,Shadr | Sapphire,Hero of the People objective source,,,unknown,unknown,Riften travel context deferred,unclassified,main_route,SN-000024-misc-reach-rift-whiterun-winterhold-inventory.md | SN-000022-hero-of-the-people-misc-objective-caveats.md,needs_review,not_started,Riften miscellaneous inventory row; Sapphire and Thieves Guild ordering deferred
OBJ-000310,The Lover's Requital,misc_objective,rift_misc,base_game,Skyrim,The Rift,The Rift,Riften Jail,Speak to Sibbi Black-Briar,,Resolve Sibbi Black-Briar's request about Lynly,,,,unknown,Truth or lie outcome choice deferred,Sibbi Black-Briar | Lynly Star-Sung,Hero of the People objective source,,,possible,unknown,Riften to Ivarstead routing deferred,unclassified,main_route,SN-000024-misc-reach-rift-whiterun-winterhold-inventory.md | SN-000022-hero-of-the-people-misc-objective-caveats.md,needs_review,not_started,Riften miscellaneous inventory row; canonical outcome and NPC implications deferred
OBJ-000311,Bloody Nose,misc_objective,rift_misc,base_game,Skyrim,The Rift,The Rift,Riften Stables,Speak to Hofgrir Horse-Crusher,,Defeat Hofgrir in an unarmed brawl,,,,unknown,,Hofgrir Horse-Crusher,Hero of the People objective source,,,unknown,unknown,Riften travel context deferred,unclassified,main_route,SN-000024-misc-reach-rift-whiterun-winterhold-inventory.md | SN-000022-hero-of-the-people-misc-objective-caveats.md,needs_review,not_started,Riften brawl inventory row; broader brawl/activity treatment deferred
OBJ-000312,Spread the Love,misc_objective,rift_misc,base_game,Skyrim,The Rift,The Rift,Temple of Mara,Speak to Dinya Balu,The Book of Love,Return to Dinya after distributing the Warmth of Mara,,,,unknown,The Book of Love synchronization deferred,Dinya Balu,Hero of the People objective source,,Warmth of Mara distributed,unknown,unknown,Riften city routing deferred,unclassified,main_route,SN-000024-misc-reach-rift-whiterun-winterhold-inventory.md | SN-000022-hero-of-the-people-misc-objective-caveats.md,needs_review,not_started,Riften post-side-quest miscellaneous inventory row; temple sequencing deferred
OBJ-000313,Sealing the Deal,misc_objective,rift_misc,base_game,Skyrim,The Rift,The Rift,The Bee and Barb,Speak to Talen-Jei,,Return to Talen-Jei with 3 flawless amethysts,,,,unknown,,Talen-Jei,Hero of the People objective source,,Flawless amethysts delivered,unknown,unknown,Riften item sourcing deferred,unclassified,main_route,SN-000024-misc-reach-rift-whiterun-winterhold-inventory.md | SN-000022-hero-of-the-people-misc-objective-caveats.md,needs_review,not_started,Riften favor inventory row; gem sourcing deferred
OBJ-000314,Stoking the Flames,misc_objective,rift_misc,base_game,Skyrim,The Rift,The Rift,The Scorched Hammer,Speak to Balimund,,Return to Balimund with 10 fire salts,,,,unknown,,Balimund,Hero of the People objective source,,Fire Salts delivered,unknown,unknown,Riften item sourcing deferred,unclassified,main_route,SN-000024-misc-reach-rift-whiterun-winterhold-inventory.md | SN-000022-hero-of-the-people-misc-objective-caveats.md,needs_review,not_started,Riften favor inventory row; fire salt sourcing and investment relationship deferred
OBJ-000315,Mine or Yours,misc_objective,rift_misc,base_game,Skyrim,The Rift,The Rift,Filnjar's House | Redbelly Mine,Speak to Filnjar,,Return to Filnjar after killing the Frostbite Spiders,,,,unknown,,Filnjar,Hero of the People objective source,,,unknown,unknown,Shor's Stone travel context deferred,unclassified,main_route,SN-000024-misc-reach-rift-whiterun-winterhold-inventory.md | SN-000022-hero-of-the-people-misc-objective-caveats.md,needs_review,not_started,Shor's Stone miscellaneous inventory row; mine routing deferred
OBJ-000316,Special Delivery (Sylgja),misc_objective,rift_misc,base_game,Skyrim,The Rift,The Rift,Sylgja's House,Speak to Sylgja,,Return to Sylgja after delivering the satchel to Verner,,,,unknown,,Sylgja | Verner Rock-Chucker,Hero of the People objective source,,Satchel delivered,possible,possible,Shor's Stone to Darkwater Crossing routing deferred,unclassified,main_route,SN-000024-misc-reach-rift-whiterun-winterhold-inventory.md | SN-000022-hero-of-the-people-misc-objective-caveats.md,needs_review,not_started,Shor's Stone delivery favor; marriage/NPC implications deferred
OBJ-000317,The Words of Power,radiant,word_wall_radiant,base_game,Skyrim,Whiterun Hold,Whiterun Hold,High Hrothgar,Speak to Arngeir,The Way of the Voice,Find the Word of Power in the assigned dungeon,,,,unknown,All-shouts route synchronization deferred,Arngeir,Hero of the People objective source,Word wall and shout synchronization deferred,,possible,unknown,High Hrothgar and dungeon travel context deferred,unclassified,main_route,SN-000024-misc-reach-rift-whiterun-winterhold-inventory.md | SN-000022-hero-of-the-people-misc-objective-caveats.md,needs_review,not_started,Repeatable Whiterun Hold radiant row; bounded all-word-wall handling deferred
OBJ-000318,A Lovely Letter,misc_objective,whiterun_misc,base_game,Skyrim,Whiterun Hold,Whiterun Hold,Riverwood,Speak to Faendal or Sven,,Resolve the letter dispute involving Camilla,,,,unknown,Faendal or Sven outcome choice deferred,Faendal | Sven | Camilla Valerius,Hero of the People objective source,,,possible,unknown,Riverwood travel context deferred,unclassified,main_route,SN-000024-misc-reach-rift-whiterun-winterhold-inventory.md | SN-000022-hero-of-the-people-misc-objective-caveats.md,needs_review,not_started,Riverwood miscellaneous inventory row; follower choice and canonical outcome deferred
OBJ-000319,Erik the Slayer,misc_objective,whiterun_misc,base_game,Skyrim,Whiterun Hold,Whiterun Hold,Frostfruit Inn,Speak to Erik,,Return to Erik after speaking to Mralki,,,,unknown,Follower unlock handling deferred,Erik | Mralki,Hero of the People objective source,,,unknown,unknown,Rorikstead travel context deferred,unclassified,main_route,SN-000024-misc-reach-rift-whiterun-winterhold-inventory.md | SN-000022-hero-of-the-people-misc-objective-caveats.md,needs_review,not_started,Rorikstead miscellaneous inventory row; follower availability implications deferred
OBJ-000320,Dungeon Delving (Amren's Family Sword),misc_objective,whiterun_misc,base_game,Skyrim,Whiterun Hold,Whiterun Hold,Amren's House,Speak to Amren,,Return Amren's Family Sword to Amren,,,,unknown,,Amren,Hero of the People objective source,,Amren's Family Sword handled,possible,possible,Whiterun travel context deferred,unclassified,main_route,SN-000024-misc-reach-rift-whiterun-winterhold-inventory.md | SN-000022-hero-of-the-people-misc-objective-caveats.md,needs_review,not_started,Radiant Whiterun retrieval favor; exact dungeon target and first-visit availability risk deferred
OBJ-000321,A Few Words with You (Carlotta),misc_objective,whiterun_misc,base_game,Skyrim,Whiterun Hold,Whiterun Hold,Carlotta Valentia's House,Speak to Carlotta Valentia,,Tell Carlotta that Mikael is taken care of,,,,unknown,,Carlotta Valentia | Mikael,Hero of the People objective source,,,possible,possible,Whiterun travel context deferred,unclassified,main_route,SN-000024-misc-reach-rift-whiterun-winterhold-inventory.md | SN-000022-hero-of-the-people-misc-objective-caveats.md,needs_review,not_started,Radiant Whiterun persuasion favor; dialogue handling deferred
OBJ-000322,Salt for Arcadia,misc_objective,whiterun_misc,base_game,Skyrim,Whiterun Hold,Whiterun Hold,Dragonsreach,Speak to Farengar Secret-Fire,,Give the Frost Salts to Arcadia,,,,unknown,,Farengar Secret-Fire | Arcadia,Hero of the People objective source,,Frost Salts delivered,unknown,unknown,Whiterun city routing deferred,unclassified,main_route,SN-000024-misc-reach-rift-whiterun-winterhold-inventory.md | SN-000022-hero-of-the-people-misc-objective-caveats.md,needs_review,not_started,Whiterun delivery inventory row; alchemy-shop synchronization deferred
OBJ-000323,Andurs' Arkay Amulet,misc_objective,whiterun_misc,base_game,Skyrim,Whiterun Hold,Whiterun Hold,Hall of the Dead (Whiterun),Speak to Andurs,,Return Andurs' Amulet of Arkay to Andurs,,,,unknown,,Andurs,Hero of the People objective source,,Andurs' Amulet of Arkay handled,unknown,unknown,Whiterun city routing deferred,unclassified,main_route,SN-000024-misc-reach-rift-whiterun-winterhold-inventory.md | SN-000022-hero-of-the-people-misc-objective-caveats.md,needs_review,not_started,Whiterun miscellaneous inventory row; Hall of the Dead synchronization deferred
OBJ-000324,Bullying Braith,misc_objective,whiterun_misc,base_game,Skyrim,Whiterun Hold,Whiterun Hold,House of Clan Battle-Born,Speak to Lars Battle-Born,,Convince Braith to stop bullying Lars,,,,unknown,,Lars Battle-Born | Braith,Hero of the People objective source,,,unknown,unknown,Whiterun city routing deferred,unclassified,main_route,SN-000024-misc-reach-rift-whiterun-winterhold-inventory.md | SN-000022-hero-of-the-people-misc-objective-caveats.md,needs_review,not_started,Whiterun miscellaneous inventory row; dialogue handling deferred
OBJ-000325,Argonian Ale Extraction,misc_objective,whiterun_misc,base_game,Skyrim,Whiterun Hold,Whiterun Hold,The Bannered Mare,Speak to Brenuin,,Give the Argonian Ale to Brenuin,,,,unknown,Theft handling deferred,Brenuin,Hero of the People objective source,,Argonian Ale handled,possible,unknown,Whiterun city routing deferred,unclassified,main_route,SN-000024-misc-reach-rift-whiterun-winterhold-inventory.md | SN-000022-hero-of-the-people-misc-objective-caveats.md,needs_review,not_started,Whiterun miscellaneous inventory row; crime-safe handling deferred
OBJ-000326,Greatsword for a Great Man,misc_objective,whiterun_misc,base_game,Skyrim,Whiterun Hold,Whiterun Hold,Warmaiden's,Speak to Adrianne Avenicci,,Deliver the sword to Proventus Avenicci,,,,unknown,,Adrianne Avenicci | Proventus Avenicci,Hero of the People objective source,,Sword delivered,possible,possible,Whiterun city routing deferred,unclassified,main_route,SN-000024-misc-reach-rift-whiterun-winterhold-inventory.md | SN-000022-hero-of-the-people-misc-objective-caveats.md,needs_review,not_started,Whiterun delivery favor; Dragonsreach synchronization deferred
OBJ-000327,Rare Gifts (Ysolda),misc_objective,whiterun_misc,base_game,Skyrim,Whiterun Hold,Whiterun Hold,Ysolda's House,Speak to Ysolda,,Bring one Mammoth Tusk to Ysolda,,,,unknown,,Ysolda,Hero of the People objective source,,Mammoth Tusk delivered,possible,possible,Whiterun city routing deferred,unclassified,main_route,SN-000024-misc-reach-rift-whiterun-winterhold-inventory.md | SN-000022-hero-of-the-people-misc-objective-caveats.md,needs_review,not_started,Radiant Whiterun gift favor; marriage and mammoth-tusk sourcing deferred
OBJ-000328,Drowned Sorrows,misc_objective,winterhold_misc,base_game,Skyrim,Winterhold,Winterhold,The Frozen Hearth,Speak to Dagur,A Few Words with You for Haran,Resolve Drowned Sorrows state,,,,unknown,Vanilla objective visibility requires validation,Dagur | Ranmir,Hero of the People objective source,,,possible,unknown,Winterhold cold travel context deferred,unclassified,main_route,SN-000024-misc-reach-rift-whiterun-winterhold-inventory.md | SN-000022-hero-of-the-people-misc-objective-caveats.md,needs_review,not_started,Winterhold miscellaneous inventory row; source notes no vanilla objective and exact route treatment is deferred
OBJ-000329,A Few Words with You (Haran),misc_objective,winterhold_misc,base_game,Skyrim,Winterhold,Winterhold,The Frozen Hearth,Speak to Haran,,Tell Haran that Ranmir is taken care of,,,,unknown,,Haran | Ranmir,Hero of the People objective source,,,possible,possible,Winterhold cold travel context deferred,unclassified,main_route,SN-000024-misc-reach-rift-whiterun-winterhold-inventory.md | SN-000022-hero-of-the-people-misc-objective-caveats.md,needs_review,not_started,Radiant Winterhold persuasion favor; Drowned Sorrows prerequisite relationship deferred
OBJ-000330,Dungeon Delving (Helm of Winterhold),misc_objective,winterhold_misc,base_game,Skyrim,Winterhold,Winterhold,Jarl's Longhouse (Winterhold),Speak to Korir,,Return Helm of Winterhold to Korir,,,,unknown,Thane of Winterhold sequencing deferred,Korir,Hero of the People objective source,,Helm of Winterhold handled,possible,possible,Winterhold cold travel context deferred,unclassified,main_route,SN-000024-misc-reach-rift-whiterun-winterhold-inventory.md | SN-000022-hero-of-the-people-misc-objective-caveats.md,needs_review,not_started,Radiant Winterhold Jarl retrieval favor; exact cave target and Civil War state deferred
OBJ-000331,Some Light Theft (Malur),misc_objective,winterhold_misc,base_game,Skyrim,Winterhold,Winterhold,Jarl's Longhouse (Winterhold),Speak to Malur Seloth,,Bring the Staff of Arcane Authority to Malur,,,,unknown,Theft handling deferred,Malur Seloth,Hero of the People objective source,,Staff of Arcane Authority handled,possible,possible,Winterhold cold travel context deferred,unclassified,main_route,SN-000024-misc-reach-rift-whiterun-winterhold-inventory.md | SN-000022-hero-of-the-people-misc-objective-caveats.md,needs_review,not_started,Radiant Winterhold theft favor; crime-safe handling deferred
OBJ-000332,Bounty: Bandit Boss,radiant,bounty_quest_type,base_game,Skyrim,Multiple holds,Multiple holds,Hold inn or steward,Ask eligible innkeeper or hold steward for bounty work,,Return to the hold Jarl or steward after killing the assigned bandit boss,,,,unknown,Only one bounty of each type can be active and each active bounty must originate in a separate hold,Hold innkeeper | hold steward | Jarl or steward,Hero of the People objective source | Delver support per source,,,possible,possible,Hold travel and dungeon routing deferred,unclassified,main_route,SN-000025-bounty-dungeon-misc-tutorial-inventory.md | SN-000022-hero-of-the-people-misc-objective-caveats.md,needs_review,not_started,Repeatable bounty type; representative boundary and target selection deferred
OBJ-000333,Bounty: Dragon,radiant,bounty_quest_type,base_game,Skyrim,Multiple holds,Multiple holds,Hold inn or steward,Ask eligible innkeeper or hold steward for bounty work,Dragon Rising,Return to the hold Jarl or steward after killing the assigned dragon,,,,unknown,Only one bounty of each type can be active and each active bounty must originate in a separate hold,Hold innkeeper | hold steward | Jarl or steward,Hero of the People objective source | Delver support per source,,,possible,possible,Dragon lair and hold travel routing deferred,unclassified,main_route,SN-000025-bounty-dungeon-misc-tutorial-inventory.md | SN-000022-hero-of-the-people-misc-objective-caveats.md,needs_review,not_started,Repeatable bounty type; representative boundary dragon-soul handling and target selection deferred
OBJ-000334,Bounty: Forsworn,radiant,bounty_quest_type,base_game,Skyrim,The Reach,The Reach,Reach inn or steward,Ask eligible innkeeper or hold steward for bounty work,Available only in the Reach,Return to the hold Jarl or steward after killing the assigned Forsworn target,,,,unknown,Can resemble Igmund's non-repeatable Forsworn leader favor,Hold innkeeper | hold steward | Jarl or steward,Hero of the People objective source | Delver support per source,,,possible,possible,Reach travel and Forsworn-camp routing deferred,unclassified,main_route,SN-000025-bounty-dungeon-misc-tutorial-inventory.md | SN-000022-hero-of-the-people-misc-objective-caveats.md,needs_review,not_started,Repeatable bounty type; keep separate from Igmund Thane-chain objective
OBJ-000335,Bounty: Giant,radiant,bounty_quest_type,base_game,Skyrim,Multiple holds,Multiple holds,Hold inn or steward,Ask eligible innkeeper or hold steward for bounty work,Level 20+,Return to the hold Jarl or steward after killing the assigned giant,,,,unknown,Only one bounty of each type can be active and each active bounty must originate in a separate hold,Hold innkeeper | hold steward | Jarl or steward,Hero of the People objective source | Delver support per source,,,possible,possible,Giant camp and hold travel routing deferred,unclassified,main_route,SN-000025-bounty-dungeon-misc-tutorial-inventory.md | SN-000022-hero-of-the-people-misc-objective-caveats.md,needs_review,not_started,Repeatable bounty type; representative boundary and level-safe target selection deferred
OBJ-000336,Angarvunde,misc_objective,dungeon_misc_quest,base_game,Skyrim,,,Angarvunde,Approach or explore dungeon,,Complete dungeon miscellaneous quest,,,,unknown,,,Hero of the People objective source,,,unknown,unknown,Dungeon travel context deferred,unclassified,main_route,SN-000025-bounty-dungeon-misc-tutorial-inventory.md | SN-000022-hero-of-the-people-misc-objective-caveats.md,needs_review,not_started,Dungeon miscellaneous inventory row; objectives rewards and route timing deferred
OBJ-000337,Ansilvund,misc_objective,dungeon_misc_quest,base_game,Skyrim,,,Ansilvund,Approach or explore dungeon,,Complete dungeon miscellaneous quest,,,,unknown,,,Hero of the People objective source,,,unknown,unknown,Dungeon travel context deferred,unclassified,main_route,SN-000025-bounty-dungeon-misc-tutorial-inventory.md | SN-000022-hero-of-the-people-misc-objective-caveats.md,needs_review,not_started,Dungeon miscellaneous inventory row; objectives rewards and route timing deferred
OBJ-000338,The Affairs of Hagravens,misc_objective,dungeon_misc_quest,base_game,Skyrim,,,Blind Cliff Cave,Approach or explore dungeon,,Complete dungeon miscellaneous quest,,,,unknown,,,Hero of the People objective source | Sideways caveat per UESP,,,unknown,unknown,Dungeon travel context deferred,unclassified,main_route,SN-000025-bounty-dungeon-misc-tutorial-inventory.md | SN-000022-hero-of-the-people-misc-objective-caveats.md | SN-000020-sideways-trophy-caveats.md,needs_review,not_started,Dungeon miscellaneous row with unusual Sideways relevance; exact trophy behavior validation deferred
OBJ-000339,Frostflow Abyss,misc_objective,dungeon_misc_quest,base_game,Skyrim,,,Frostflow Lighthouse,Approach or explore dungeon,,Complete dungeon miscellaneous quest,,,,unknown,,,Hero of the People objective source,,,unknown,unknown,Dungeon travel context deferred,unclassified,main_route,SN-000025-bounty-dungeon-misc-tutorial-inventory.md | SN-000022-hero-of-the-people-misc-objective-caveats.md,needs_review,not_started,Dungeon miscellaneous inventory row; objectives rewards and route timing deferred
OBJ-000340,Mistwatch,misc_objective,dungeon_misc_quest,base_game,Skyrim,,,Mistwatch,Approach or explore dungeon,,Complete dungeon miscellaneous quest,,,,unknown,,,Hero of the People objective source,,,unknown,unknown,Dungeon travel context deferred,unclassified,main_route,SN-000025-bounty-dungeon-misc-tutorial-inventory.md | SN-000022-hero-of-the-people-misc-objective-caveats.md,needs_review,not_started,Dungeon miscellaneous inventory row; objectives rewards and route timing deferred
OBJ-000341,Moss Mother Cavern,misc_objective,dungeon_misc_quest,base_game,Skyrim,,,Moss Mother Cavern,Approach or explore dungeon,,Complete dungeon miscellaneous quest,,,,unknown,,,Hero of the People objective source,,,unknown,unknown,Dungeon travel context deferred,unclassified,main_route,SN-000025-bounty-dungeon-misc-tutorial-inventory.md | SN-000022-hero-of-the-people-misc-objective-caveats.md,needs_review,not_started,Dungeon miscellaneous inventory row; objectives rewards and route timing deferred
OBJ-000342,Telrav's Request,misc_objective,dungeon_misc_quest,base_game,Skyrim,,,Nilheim,Approach or explore dungeon,,Complete dungeon miscellaneous quest,,,,unknown,,,Hero of the People objective source,,,unknown,unknown,Dungeon travel context deferred,unclassified,main_route,SN-000025-bounty-dungeon-misc-tutorial-inventory.md | SN-000022-hero-of-the-people-misc-objective-caveats.md,needs_review,not_started,Dungeon miscellaneous inventory row; objectives rewards and route timing deferred
OBJ-000343,Ragnvald,misc_objective,dungeon_misc_quest,base_game,Skyrim,,,Ragnvald,Approach or explore dungeon,,Complete dungeon miscellaneous quest,,,,unknown,,,Hero of the People objective source,,,unknown,unknown,Dungeon travel context deferred,unclassified,main_route,SN-000025-bounty-dungeon-misc-tutorial-inventory.md | SN-000022-hero-of-the-people-misc-objective-caveats.md,needs_review,not_started,Dungeon miscellaneous inventory row; objectives rewards and route timing deferred
OBJ-000344,Rebel's Cairn,misc_objective,dungeon_misc_quest,base_game,Skyrim,,,Rebel's Cairn,Approach or explore dungeon,,Complete dungeon miscellaneous quest,,,,unknown,,,Hero of the People objective source,,,unknown,unknown,Dungeon travel context deferred,unclassified,main_route,SN-000025-bounty-dungeon-misc-tutorial-inventory.md | SN-000022-hero-of-the-people-misc-objective-caveats.md,needs_review,not_started,Dungeon miscellaneous inventory row; objectives rewards and route timing deferred
OBJ-000345,Sleeping Tree Cave,misc_objective,dungeon_misc_quest,base_game,Skyrim,,,Sleeping Tree Cave,Approach or explore dungeon,,Complete dungeon miscellaneous quest,,,,unknown,,,Hero of the People objective source,,,unknown,unknown,Dungeon travel context deferred,unclassified,main_route,SN-000025-bounty-dungeon-misc-tutorial-inventory.md | SN-000022-hero-of-the-people-misc-objective-caveats.md,needs_review,not_started,Dungeon miscellaneous inventory row; objectives rewards and route timing deferred
OBJ-000346,The Savior of Selveni Nethri,misc_objective,dungeon_misc_quest,base_game,Skyrim,,,Southfringe Sanctum,Approach or explore dungeon,,Complete dungeon miscellaneous quest,,,,unknown,,,Hero of the People objective source,,,unknown,unknown,Dungeon travel context deferred,unclassified,main_route,SN-000025-bounty-dungeon-misc-tutorial-inventory.md | SN-000022-hero-of-the-people-misc-objective-caveats.md,needs_review,not_started,Dungeon miscellaneous inventory row; objectives rewards and route timing deferred
OBJ-000347,Yngol's Barrow,misc_objective,dungeon_misc_quest,base_game,Skyrim,,,Yngol Barrow,Approach or explore dungeon,,Complete dungeon miscellaneous quest,,,,unknown,,,Hero of the People objective source,,,unknown,unknown,Dungeon travel context deferred,unclassified,main_route,SN-000025-bounty-dungeon-misc-tutorial-inventory.md | SN-000022-hero-of-the-people-misc-objective-caveats.md,needs_review,not_started,Dungeon miscellaneous inventory row; objectives rewards and route timing deferred
OBJ-000348,Alchemy Tutorial,misc_objective,tutorial_misc,base_game,Skyrim,Early-game towns,,Eligible crafting tutorial NPC,Speak to an eligible crafting tutorial NPC,,Complete Alchemy tutorial quest,,,,unknown,,,Hero of the People objective source,,,unknown,unknown,Early crafting and town routing deferred,unclassified,main_route,SN-000025-bounty-dungeon-misc-tutorial-inventory.md | SN-000022-hero-of-the-people-misc-objective-caveats.md,needs_review,not_started,Crafting tutorial inventory row; specific giver selection and route value deferred
OBJ-000349,Blacksmithing Tutorial,misc_objective,tutorial_misc,base_game,Skyrim,Early-game towns,,Eligible crafting tutorial NPC,Speak to an eligible crafting tutorial NPC,,Complete Blacksmithing tutorial quest,,,,unknown,,,Hero of the People objective source,,,unknown,unknown,Early crafting and town routing deferred,unclassified,main_route,SN-000025-bounty-dungeon-misc-tutorial-inventory.md | SN-000022-hero-of-the-people-misc-objective-caveats.md,needs_review,not_started,Crafting tutorial inventory row; specific giver selection and route value deferred
OBJ-000350,Enchanting Tutorial,misc_objective,tutorial_misc,base_game,Skyrim,Early-game towns,,Eligible crafting tutorial NPC,Speak to an eligible crafting tutorial NPC,,Complete Enchanting tutorial quest,,,,unknown,,,Hero of the People objective source,,,unknown,unknown,Early crafting and town routing deferred,unclassified,main_route,SN-000025-bounty-dungeon-misc-tutorial-inventory.md | SN-000022-hero-of-the-people-misc-objective-caveats.md,needs_review,not_started,Crafting tutorial inventory row; specific giver selection and route value deferred
OBJ-000351,Dawnguard,quest,dawnguard_main_quest,dawnguard,Skyrim,Dayspring Canyon,,Fort Dawnguard,Hear about vampire hunters from an NPC or travel to Fort Dawnguard,,Complete quest and enter Dawnguard questline,,,,unknown,,,Dawnguard questline source,,,unknown,unknown,Survival Mode travel to Fort Dawnguard deferred,unclassified,main_route,SN-000027-dawnguard-quest-inventory.md,needs_review,not_started,Initial hook recorded here rather than as standalone row
OBJ-000352,Awakening,quest,dawnguard_main_quest,dawnguard,Skyrim,,,Dimhollow Crypt,Start after Dawnguard,Dawnguard,Complete quest,,,,unknown,,,Awakening Bronze 20,,,unknown,unknown,Dungeon travel and cold exposure deferred,unclassified,main_route,SN-000027-dawnguard-quest-inventory.md | SN-000028-dawnguard-trophy-caveats.md,needs_review,not_started,Dawnguard main quest and trophy-linked row
OBJ-000353,Bloodline,quest,dawnguard_main_quest,dawnguard,Skyrim,,,Castle Volkihar,Start after Awakening,Awakening,Complete quest and reject Harkon offer for canonical Dawnguard route,,,,unknown,Dawnguard vs Volkihar faction choice,,Dawnguard questline source,,,possible,unknown,Sea travel and return routing deferred,windowed,main_route,SN-000027-dawnguard-quest-inventory.md,needs_review,not_started,Branch hard save and alternate Volkihar handling deferred to conflict pass
OBJ-000354,A New Order,quest,dawnguard_main_quest,dawnguard,Skyrim,Dayspring Canyon,,Fort Dawnguard,Reject Harkon offer during Bloodline,Bloodline | Dawnguard route,Complete quest,,,,unknown,,,Dawnguard questline source,,,unknown,unknown,Recruitment travel deferred,dependency_flexible,main_route,SN-000027-dawnguard-quest-inventory.md,needs_review,not_started,Canonical Dawnguard faction progression row
OBJ-000355,Prophet (Dawnguard),quest,dawnguard_main_quest,dawnguard,Skyrim,,,Fort Dawnguard,Continue Dawnguard route,A New Order,Complete quest,,,,unknown,,,Dawnguard questline source,,,unknown,unknown,Travel and NPC dependencies deferred,dependency_flexible,main_route,SN-000027-dawnguard-quest-inventory.md,needs_review,not_started,Dawnguard-side version of Prophet
OBJ-000356,The Bloodstone Chalice,quest,volkihar_branch_main_quest,dawnguard,Skyrim,,,Castle Volkihar,Accept Harkon gift during Bloodline,Bloodline | Volkihar branch,Complete quest,,,,unknown,Volkihar branch excludes Dawnguard membership on same continuity,,Volkihar branch source,,,possible,unknown,Branch travel implications deferred,branch_only,branch_route,SN-000027-dawnguard-quest-inventory.md,needs_review,not_started,Volkihar branch-only quest
OBJ-000357,Prophet (Vampire),quest,volkihar_branch_main_quest,dawnguard,Skyrim,,,Castle Volkihar,Continue Volkihar branch,The Bloodstone Chalice,Complete quest,,,,unknown,Volkihar branch only,,Volkihar branch source,,,possible,unknown,Branch travel implications deferred,branch_only,branch_route,SN-000027-dawnguard-quest-inventory.md,needs_review,not_started,Volkihar-side version of Prophet
OBJ-000358,Seeking Disclosure,quest,dawnguard_shared_main_quest,dawnguard,Multiple,,,Multiple,Complete either Prophet quest,Prophet (Dawnguard) or Prophet (Vampire),Complete quest,,,,unknown,,,Dawnguard questline source,,,unknown,unknown,Elder Scroll routing deferred,dependency_flexible,main_route,SN-000027-dawnguard-quest-inventory.md,needs_review,not_started,Shared main quest represented once
OBJ-000359,Scroll Scouting,quest,dawnguard_shared_main_quest,dawnguard,Multiple,,,Multiple,Progress Seeking Disclosure,Seeking Disclosure,Complete quest if needed for Elder Scroll acquisition path,,,,unknown,,,Dawnguard questline source,,,unknown,unknown,Interaction with Elder Knowledge timing deferred,dependency_flexible,main_route,SN-000027-dawnguard-quest-inventory.md,needs_review,not_started,Source lists under main quests; exact need depends on Elder Scroll state
OBJ-000360,Chasing Echoes,quest,dawnguard_shared_main_quest,dawnguard,Skyrim,,,Castle Volkihar,Progress shared Dawnguard main quest,Seeking Disclosure,Complete quest,,,,unknown,,,Dawnguard questline source,,,unknown,unknown,Castle Volkihar revisit and storage implications deferred,dependency_flexible,main_route,SN-000027-dawnguard-quest-inventory.md,needs_review,not_started,Shared main quest represented once
OBJ-000361,Beyond Death,quest,dawnguard_shared_main_quest,dawnguard,Soul Cairn,,,Soul Cairn,Progress Chasing Echoes,Chasing Echoes,Complete quest,,,,unknown,,,Beyond Death Bronze 20,,,unknown,unknown,Soul Cairn survival and checklist synchronization deferred,dependency_flexible,main_route,SN-000027-dawnguard-quest-inventory.md | SN-000028-dawnguard-trophy-caveats.md,needs_review,not_started,Shared main quest and trophy-linked row
OBJ-000362,Unseen Visions,quest,dawnguard_shared_main_quest,dawnguard,Skyrim,,,Ancestor Glade,Acquire required Elder Scrolls,Seeking Disclosure | Scroll Scouting if needed,Complete quest,,,,unknown,,,Dawnguard questline source,,,unknown,unknown,Travel timing deferred,dependency_flexible,main_route,SN-000027-dawnguard-quest-inventory.md,needs_review,not_started,Shared main quest represented once
OBJ-000363,Touching the Sky,quest,dawnguard_shared_main_quest,dawnguard,Forgotten Vale,,,Forgotten Vale,Complete Unseen Visions,Unseen Visions,Complete quest,,,,unknown,,,Dawnguard questline source,,Auriel's Bow handling deferred,unknown,unknown,Forgotten Vale routing and checklist sweep deferred,dependency_flexible,main_route,SN-000027-dawnguard-quest-inventory.md | SN-000028-dawnguard-trophy-caveats.md,needs_review,not_started,Unique item and trophy action need later item and trophy rows
OBJ-000364,Kindred Judgment,quest,dawnguard_shared_main_quest,dawnguard,Skyrim,,,Castle Volkihar,Complete Touching the Sky,Touching the Sky,Complete quest,,,,unknown,,,Kindred Judgement Silver 40,,,unknown,unknown,Final Dawnguard travel and postquest warnings deferred,dependency_flexible,main_route,SN-000027-dawnguard-quest-inventory.md | SN-000028-dawnguard-trophy-caveats.md,needs_review,not_started,Shared finale quest and trophy-linked row
OBJ-000365,Ancient Technology,radiant,dawnguard_faction_finite,dawnguard,Skyrim,,,Radiant target,Become established in Dawnguard route,A New Order,Complete finite six-quest set,,,,unknown,,,Dawnguard finite radiant source,,Dawnguard crossbow unlock handling deferred,unknown,unknown,Radiant travel and warmth planning deferred,dependency_flexible,main_route,SN-000027-dawnguard-quest-inventory.md,needs_review,not_started,Source states this can be done six times
OBJ-000366,Bolstering the Ranks,quest,dawnguard_faction_quest,dawnguard,Skyrim,,,Fort Dawnguard,Progress Dawnguard route,Prophet (Dawnguard) or Dawnguard route progression,Complete optional Dawnguard faction quest,,,,unknown,,,Dawnguard optional quest source,,,unknown,unknown,Recruitment travel deferred,dependency_flexible,main_route,SN-000027-dawnguard-quest-inventory.md,needs_review,not_started,Optional in source but likely useful for completion scope
OBJ-000367,Cleansing Light,radiant,dawnguard_faction_radiant,dawnguard,Skyrim,,,Radiant target,Become established in Dawnguard route,A New Order,Complete representative or required radiant instance as later policy decides,,,,unknown,,,Dawnguard radiant source,,,unknown,unknown,Radiant travel deferred,dependency_flexible,main_route,SN-000027-dawnguard-quest-inventory.md,needs_review,not_started,Radiant boundary policy deferred
OBJ-000368,Hide and Seek,radiant,dawnguard_faction_radiant,dawnguard,Skyrim,,,Radiant target,Become established in Dawnguard route,A New Order,Complete representative or required radiant instance as later policy decides,,,,unknown,,,Dawnguard radiant source,,,unknown,unknown,Radiant travel deferred,dependency_flexible,main_route,SN-000027-dawnguard-quest-inventory.md,needs_review,not_started,Radiant boundary policy deferred
OBJ-000369,Hunting the Monster,radiant,dawnguard_faction_radiant,dawnguard,Skyrim,,,Radiant target,Become established in Dawnguard route,A New Order,Complete representative or required radiant instance as later policy decides,,,,unknown,,,Dawnguard radiant source,,,unknown,unknown,Radiant travel deferred,dependency_flexible,main_route,SN-000027-dawnguard-quest-inventory.md,needs_review,not_started,Radiant boundary policy deferred
OBJ-000370,A Jarl's Justice,radiant,dawnguard_faction_radiant,dawnguard,Skyrim,,,Radiant target,Become established in Dawnguard route,A New Order,Complete representative or required radiant instance as later policy decides,,,,unknown,,,Dawnguard radiant source,,,unknown,unknown,Radiant travel deferred,dependency_flexible,main_route,SN-000027-dawnguard-quest-inventory.md,needs_review,not_started,Radiant boundary policy deferred
OBJ-000371,Lost Relic,radiant,dawnguard_faction_finite,dawnguard,Skyrim,,,Radiant target,Recruit Florentius,Bolstering the Ranks,Complete finite three-quest set,,,,unknown,,,Dawnguard finite radiant source,,Dawnguard rune artifact handling deferred,unknown,unknown,Radiant travel and artifact preservation deferred,dependency_flexible,main_route,SN-000027-dawnguard-quest-inventory.md,needs_review,not_started,Source states this can be done three times after Bolstering the Ranks
OBJ-000372,Preemptive Strike,radiant,dawnguard_faction_radiant,dawnguard,Skyrim,,,Radiant target,Become established in Dawnguard route,A New Order,Complete representative or required radiant instance as later policy decides,,,,unknown,,,Dawnguard radiant source,,,unknown,unknown,Radiant travel deferred,dependency_flexible,main_route,SN-000027-dawnguard-quest-inventory.md,needs_review,not_started,Radiant boundary policy deferred
OBJ-000373,Rescue,radiant,dawnguard_faction_radiant,dawnguard,Skyrim,,,Radiant target,Recruit Florentius,Bolstering the Ranks,Complete representative or required radiant instance as later policy decides,,,,unknown,,,Dawnguard radiant source,,,unknown,unknown,Radiant travel and NPC risk deferred,dependency_flexible,main_route,SN-000027-dawnguard-quest-inventory.md,needs_review,not_started,Radiant boundary policy deferred
OBJ-000374,Amulets of Night Power,radiant,volkihar_branch_radiant,dawnguard,Skyrim,,,Radiant target,Join Volkihar branch,The Bloodstone Chalice,Complete branch Volkihar radiant objective as later policy decides,,,,unknown,Volkihar branch only,,Volkihar branch source,,Volkihar reward handling deferred,possible,unknown,Branch travel implications deferred,branch_only,branch_route,SN-000027-dawnguard-quest-inventory.md,needs_review,not_started,Exact finite or repeatable boundary deferred
OBJ-000375,Ancient Power,radiant,volkihar_branch_radiant,dawnguard,Skyrim,,,Radiant target,Join Volkihar branch,The Bloodstone Chalice,Complete branch Volkihar radiant objective as later policy decides,,,,unknown,Volkihar branch only,,Volkihar branch source,,Volkihar reward handling deferred,possible,unknown,Branch travel implications deferred,branch_only,branch_route,SN-000027-dawnguard-quest-inventory.md,needs_review,not_started,Exact finite or repeatable boundary deferred
OBJ-000376,Culling the Beast,radiant,volkihar_branch_radiant,dawnguard,Skyrim,,,Radiant target,Join Volkihar branch,The Bloodstone Chalice,Complete branch Volkihar radiant objective as later policy decides,,,,unknown,Volkihar branch only,,Volkihar branch source,,,possible,unknown,Branch travel implications deferred,branch_only,branch_route,SN-000027-dawnguard-quest-inventory.md,needs_review,not_started,Radiant boundary policy deferred
OBJ-000377,Deceiving the Herd,radiant,volkihar_branch_radiant,dawnguard,Skyrim,,,Radiant target,Join Volkihar branch,The Bloodstone Chalice,Complete branch Volkihar radiant objective as later policy decides,,,,unknown,Volkihar branch only,,Volkihar branch source,,,possible,unknown,Branch travel implications deferred,branch_only,branch_route,SN-000027-dawnguard-quest-inventory.md,needs_review,not_started,Radiant boundary policy deferred
OBJ-000378,Destroying the Dawnguard,radiant,volkihar_branch_other,dawnguard,Skyrim,Dayspring Canyon,,Fort Dawnguard,Complete Volkihar-side Kindred Judgment,Kindred Judgment | Volkihar branch,Complete quest,,,,unknown,Volkihar branch only,,Volkihar branch source,,,possible,unknown,Branch travel implications deferred,branch_only,branch_route,SN-000027-dawnguard-quest-inventory.md,needs_review,not_started,Source describes availability as radiant after Volkihar finale
OBJ-000379,The Gift,quest,volkihar_branch_other,dawnguard,Skyrim,,,Radiant target,Join Volkihar branch,Volkihar branch progression,Complete quest,,,,unknown,Volkihar branch only,,Volkihar branch source,,Vampire conversion implications deferred,possible,unknown,Branch travel implications deferred,branch_only,branch_route,SN-000027-dawnguard-quest-inventory.md,needs_review,not_started,Volkihar branch-only other quest
OBJ-000380,The Hunt,radiant,volkihar_branch_radiant,dawnguard,Skyrim,,,Radiant target,Join Volkihar branch,The Bloodstone Chalice,Complete branch Volkihar radiant objective as later policy decides,,,,unknown,Volkihar branch only,,Volkihar branch source,,,possible,unknown,Branch travel implications deferred,branch_only,branch_route,SN-000027-dawnguard-quest-inventory.md,needs_review,not_started,Radiant boundary policy deferred
OBJ-000381,New Allegiances,radiant,volkihar_branch_radiant,dawnguard,Skyrim,,,Radiant target,Join Volkihar branch,The Bloodstone Chalice,Complete branch Volkihar radiant objective as later policy decides,,,,unknown,Volkihar branch only,,Volkihar branch source,,,possible,unknown,Branch travel implications deferred,branch_only,branch_route,SN-000027-dawnguard-quest-inventory.md,needs_review,not_started,Radiant boundary policy deferred
OBJ-000382,Protecting the Bloodline,radiant,volkihar_branch_radiant,dawnguard,Skyrim,,,Radiant target,Join Volkihar branch,The Bloodstone Chalice,Complete branch Volkihar radiant objective as later policy decides,,,,unknown,Volkihar branch only,,Volkihar branch source,,,possible,unknown,Branch travel implications deferred,branch_only,branch_route,SN-000027-dawnguard-quest-inventory.md,needs_review,not_started,Radiant boundary policy deferred
OBJ-000383,Rings of Blood Magic,radiant,volkihar_branch_radiant,dawnguard,Skyrim,,,Radiant target,Join Volkihar branch,The Bloodstone Chalice,Complete branch Volkihar radiant objective as later policy decides,,,,unknown,Volkihar branch only,,Volkihar branch source,,Volkihar reward handling deferred,possible,unknown,Branch travel implications deferred,branch_only,branch_route,SN-000027-dawnguard-quest-inventory.md,needs_review,not_started,Exact finite or repeatable boundary deferred
OBJ-000384,Impatience of a Saint,quest,dawnguard_side_quest,dawnguard,Soul Cairn,,,Soul Cairn,Explore Soul Cairn during Dawnguard route,Dawnguard access to Soul Cairn,Complete quest,,,,unknown,,,Dawnguard side quest source,,,unknown,unknown,Soul Cairn sweep and survival implications deferred,region_flexible,main_route,SN-000027-dawnguard-quest-inventory.md,needs_review,not_started,Dawnguard side quest inventory row
OBJ-000385,Lost to the Ages,quest,dawnguard_side_quest,dawnguard,Skyrim,,,Arkngthamz,Discover quest start or relevant clue,,Complete quest,,,,unknown,,,Lost to the Ages Silver 30,,Aetherial reward handling deferred,unknown,unknown,Quest route timing and reward choice deferred,unclassified,main_route,SN-000027-dawnguard-quest-inventory.md | SN-000028-dawnguard-trophy-caveats.md,needs_review,not_started,Dawnguard side quest and trophy-linked row
OBJ-000386,Durnehviir,misc_objective,dawnguard_misc,dawnguard,Soul Cairn,,,Soul Cairn,Interact with Durnehviir during or after Beyond Death,Beyond Death,Complete miscellaneous objective,,,,unknown,,,Soul Tear trophy dependency possible,,Soul Tear power handling deferred,unknown,unknown,Soul Cairn revisit and shout synchronization deferred,dependency_flexible,main_route,SN-000027-dawnguard-quest-inventory.md | SN-000028-dawnguard-trophy-caveats.md,needs_review,not_started,Power and trophy handling deferred to spell_power and trophy passes
OBJ-000387,Forgotten Vale Books Quest,misc_objective,dawnguard_misc,dawnguard,Forgotten Vale,,,Forgotten Vale,Explore Forgotten Vale during Touching the Sky,Touching the Sky,Complete miscellaneous book objective,,,,unknown,,,Book checklist dependency possible,Dawnguard books checklist,Forgotten Vale book rewards deferred,unknown,unknown,Forgotten Vale sweep deferred,region_flexible,main_route,SN-000027-dawnguard-quest-inventory.md,needs_review,not_started,Book checklist details deferred to books pass
OBJ-000388,Soul Cairn Horse Quest,misc_objective,dawnguard_misc,dawnguard,Soul Cairn,,,Soul Cairn,Explore Soul Cairn during Dawnguard route,Dawnguard access to Soul Cairn,Complete miscellaneous horse objective,,,,unknown,,,Pet or mount checklist dependency possible,,Arvak handling deferred,unknown,unknown,Soul Cairn sweep and mount unlock deferred,region_flexible,main_route,SN-000027-dawnguard-quest-inventory.md,needs_review,not_started,Pet and mount treatment deferred to later objective pass
OBJ-000389,Surgery,misc_objective,dawnguard_misc,dawnguard,Skyrim,Riften,,The Ragged Flagon,Access face sculptor,,Change character face,,,,unknown,,,A New You Bronze 20,,,unknown,unknown,Riften visit timing deferred,region_flexible,main_route,SN-000027-dawnguard-quest-inventory.md | SN-000028-dawnguard-trophy-caveats.md,needs_review,not_started,Dawnguard miscellaneous trophy-linked row
OBJ-000390,Speak to the Jarl of Falkreath,misc_objective,hearthfire_land_objective,hearthfire,Skyrim,Falkreath Hold,Falkreath Hold,Falkreath,Receive Hearthfire land lead or seek Falkreath permission,Rare Gifts (Siddgeir) | Kill the Bandit Leader (Siddgeir),Clear Hearthfire land-permission objective for Falkreath,,,,unknown,,Siddgeir | Nenya,Landowner and Land Baron prerequisite,,,possible,unknown,Falkreath travel context deferred,dependency_flexible,main_route,SN-000029-hearthfire-quest-property-inventory.md,needs_review,not_started,Hearthfire category row; route with existing Falkreath favor rows
OBJ-000391,Speak to the Steward of Falkreath about the land for sale,misc_objective,hearthfire_land_objective,hearthfire,Skyrim,Falkreath Hold,Falkreath Hold,Falkreath,Receive Falkreath land permission,Rare Gifts (Siddgeir) | Kill the Bandit Leader (Siddgeir),Speak to steward and purchase Lakeview Manor plot when ready,,,,unknown,Contract: Kill Helvard can affect Siddgeir favor per UESP,Nenya | Tekla,Landowner and Land Baron prerequisite,,,possible,unknown,Falkreath travel context deferred,windowed,main_route,SN-000029-hearthfire-quest-property-inventory.md | SN-000030-hearthfire-trophy-adoption.md,needs_review,not_started,Exact Civil War and Dark Brotherhood ordering belongs in conflict pass
OBJ-000392,Speak to the Steward of Morthal about the land for sale,misc_objective,hearthfire_land_objective,hearthfire,Skyrim,Hjaalmarch,Hjaalmarch,Morthal,Receive Hjaalmarch land permission,Laid to Rest,Speak to steward and purchase Windstad Manor plot when ready,,,,unknown,,Aslfur | Hjaalmarch authority,Landowner and Land Baron prerequisite,,,unknown,unknown,Hjaalmarch marsh travel context deferred,dependency_flexible,main_route,SN-000029-hearthfire-quest-property-inventory.md | SN-000030-hearthfire-trophy-adoption.md,needs_review,not_started,Uses existing Laid to Rest row as prerequisite
OBJ-000393,Speak to the Jarl of Dawnstar about the land for sale,misc_objective,hearthfire_land_objective,hearthfire,Skyrim,The Pale,The Pale,Dawnstar,Receive Pale land permission,Waking Nightmare | Kill the Giant (Skald),Speak to Jarl and purchase Heljarchen Hall plot when ready,,Level 22,,unknown,,Skald | Dawnstar authority,Landowner and Land Baron prerequisite,,,unknown,unknown,Dawnstar cold travel context deferred,windowed,main_route,SN-000029-hearthfire-quest-property-inventory.md | SN-000030-hearthfire-trophy-adoption.md,needs_review,not_started,Official support gives level 22 prerequisite for Kill the Giant
OBJ-000394,Build Your Own Home,quest,hearthfire_misc_quest,hearthfire,Multiple,Hearthfire homesteads,,Hearthfire homestead,Purchase any Hearthfire plot,Earn relevant Jarl trust | buy land,Complete formal quest by building the Small House foundation,,,,unknown,,,Landowner setup | Architect setup | Master Architect setup,,A new house,unknown,unknown,Safe storage and construction travel deferred,dependency_flexible,main_route,SN-000029-hearthfire-quest-property-inventory.md | SN-000030-hearthfire-trophy-adoption.md,needs_review,not_started,Formal quest ends after foundation; broader construction and furnishing continue later
OBJ-000395,Lakeview Manor,property,hearthfire_homestead,hearthfire,Skyrim,Falkreath Hold,Falkreath Hold,North of Pinewatch,Purchase Falkreath plot from steward,Rare Gifts (Siddgeir) | Kill the Bandit Leader (Siddgeir),Purchase plot and complete local foundation objective,,,,unknown,Contract: Kill Helvard can affect Siddgeir favor per UESP,Nenya | Tekla | Rayya,Landowner | Land Baron | Master Architect,Property,Lakeview Manor,possible,unknown,Survival home and storage value deferred,dependency_flexible,main_route,SN-000029-hearthfire-quest-property-inventory.md | SN-000030-hearthfire-trophy-adoption.md,needs_review,not_started,Collapses BYOHHouseFalkreath tracker into user-facing property row
OBJ-000396,Windstad Manor,property,hearthfire_homestead,hearthfire,Skyrim,Hjaalmarch,Hjaalmarch,North of Ustengrav,Purchase Hjaalmarch plot from steward,Laid to Rest,Purchase plot and complete local foundation objective,,,,unknown,,Aslfur | Valdimar,Landowner | Land Baron | Master Architect,Property,Windstad Manor,unknown,unknown,Survival home and storage value deferred,dependency_flexible,main_route,SN-000029-hearthfire-quest-property-inventory.md | SN-000030-hearthfire-trophy-adoption.md,needs_review,not_started,Collapses BYOHHouseHjaalmarch tracker into user-facing property row
OBJ-000397,Heljarchen Hall,property,hearthfire_homestead,hearthfire,Skyrim,The Pale,The Pale,South of Fort Dunstad,Purchase Pale plot from Jarl,Waking Nightmare | Kill the Giant (Skald),Purchase plot and complete local foundation objective,,Level 22,,unknown,,Skald | Gregor,Landowner | Land Baron | Master Architect,Property,Heljarchen Hall,unknown,unknown,Cold-region home and storage value deferred,dependency_flexible,main_route,SN-000029-hearthfire-quest-property-inventory.md | SN-000030-hearthfire-trophy-adoption.md,needs_review,not_started,Collapses BYOHHousePale tracker into user-facing property row
OBJ-000398,Visit your new property in Falkreath hold,misc_objective,hearthfire_build_stage,hearthfire,Skyrim,Falkreath Hold,Falkreath Hold,Lakeview Manor,Purchase Lakeview Manor plot,Lakeview Manor plot purchased,Visit property and trigger construction setup,,,,unknown,,,Build Your Own Home stage,,,unknown,unknown,Falkreath travel context deferred,dependency_flexible,main_route,SN-000029-hearthfire-quest-property-inventory.md,needs_review,not_started,Hearthfire category stage row
OBJ-000399,Visit your new property in Hjaalmarch hold,misc_objective,hearthfire_build_stage,hearthfire,Skyrim,Hjaalmarch,Hjaalmarch,Windstad Manor,Purchase Windstad Manor plot,Windstad Manor plot purchased,Visit property and trigger construction setup,,,,unknown,,,Build Your Own Home stage,,,unknown,unknown,Hjaalmarch travel context deferred,dependency_flexible,main_route,SN-000029-hearthfire-quest-property-inventory.md,needs_review,not_started,Hearthfire category stage row
OBJ-000400,Visit your new property in The Pale hold,misc_objective,hearthfire_build_stage,hearthfire,Skyrim,The Pale,The Pale,Heljarchen Hall,Purchase Heljarchen Hall plot,Heljarchen Hall plot purchased,Visit property and trigger construction setup,,,,unknown,,,Build Your Own Home stage,,,unknown,unknown,Cold-region travel context deferred,dependency_flexible,main_route,SN-000029-hearthfire-quest-property-inventory.md,needs_review,not_started,Hearthfire category stage row
OBJ-000401,Use the Drafting Table to begin building your house,misc_objective,hearthfire_build_stage,hearthfire,Multiple,Hearthfire homesteads,,Hearthfire drafting table,Visit purchased property,Hearthfire plot purchased,Select Small House Layout or later planned build option,,,,unknown,,,Build Your Own Home stage,,,unknown,unknown,Construction staging deferred,dependency_flexible,main_route,SN-000029-hearthfire-quest-property-inventory.md,needs_review,not_started,Repeated stage objective across purchased Hearthfire plots
OBJ-000402,Use the Carpenter's Workbench to build the foundation of your house,misc_objective,hearthfire_build_stage,hearthfire,Multiple,Hearthfire homesteads,,Hearthfire carpenter workbench,Select Small House Layout,One sawn log and ten quarried stone for initial foundation,Build foundation and complete formal quest stage,,,,unknown,,,Build Your Own Home completion stage,,,unknown,unknown,Material and storage staging deferred,dependency_flexible,main_route,SN-000029-hearthfire-quest-property-inventory.md,needs_review,not_started,Repeated stage objective across purchased Hearthfire plots
OBJ-000403,Hearthfire Landowner Trophy Set,trophy,hearthfire_trophy,hearthfire,Skyrim,Hearthfire homesteads,,Any Hearthfire land plot,Purchase first Hearthfire plot,Earn Jarl trust and buy land,Buy one plot of land,,,,not_applicable,,,Landowner Bronze 10,Property,,possible,unknown,Travel to hold authority deferred,dependency_flexible,main_route,SN-000030-hearthfire-trophy-adoption.md,needs_review,not_started,Parent trophy tracking row; PS4 timing validation deferred
OBJ-000404,Hearthfire Land Baron Trophy Set,trophy,hearthfire_trophy,hearthfire,Skyrim,Hearthfire homesteads,,All Hearthfire land plots,Purchase all Hearthfire plots,Lakeview Manor | Windstad Manor | Heljarchen Hall,Buy three plots of land,,,,not_applicable,,,Land Baron Bronze 10,Property,,possible,unknown,Three-hold travel routing deferred,dependency_flexible,main_route,SN-000030-hearthfire-trophy-adoption.md,needs_review,not_started,Parent trophy tracking row; PS4 timing validation deferred
OBJ-000405,Hearthfire Architect Trophy Set,trophy,hearthfire_trophy,hearthfire,Skyrim,Hearthfire homesteads,,Any Hearthfire homestead,Build Main Hall then choose wings,Hearthfire homestead with Main Hall,Build three wings on one house,,,,not_applicable,,,Architect Bronze 10,Property,,possible,unknown,Materials and wing choices deferred,dependency_flexible,main_route,SN-000030-hearthfire-trophy-adoption.md,needs_review,not_started,Parent trophy tracking row; exact wing recommendation deferred
OBJ-000406,Hearthfire Master Architect Trophy Set,trophy,hearthfire_trophy,hearthfire,Skyrim,Hearthfire homesteads,,All Hearthfire homesteads,Build all Hearthfire houses,Lakeview Manor | Windstad Manor | Heljarchen Hall,Build three complete houses with all three wings at each homestead,,,,not_applicable,,,Master Architect Bronze 10,Property,,possible,unknown,Large material and travel requirements deferred,dependency_flexible,main_route,SN-000030-hearthfire-trophy-adoption.md,needs_review,not_started,Parent trophy tracking row; UESP construction note requires all three wings on each house
OBJ-000407,Hearthfire Full Furnishing and Exterior Completion,property,hearthfire_furnishing,hearthfire,Multiple,Hearthfire homesteads,,All Hearthfire homesteads,Complete house shells and selected wings,Hearthfire construction prerequisites,Complete route-selected furnishings exteriors and home services for all Hearthfire homes,,,,unknown,,,Property completion scope,Property,Furnished Hearthfire homes,unknown,possible,Safe storage warmth cooking and crafting value deferred,dependency_flexible,main_route,SN-000029-hearthfire-quest-property-inventory.md,needs_review,not_started,Detailed material list and furnishing defaults belong in property pass
OBJ-000408,Hearthfire Role Assignment Options,npc_relationship,hearthfire_role_options,hearthfire,Skyrim,Hearthfire homesteads,,Hearthfire homesteads,Own and build Hearthfire homes,Eligible followers and staff access,Select default spouse home stewards bards carriage drivers and family-home assignments after later recommendation,,,,not_applicable,,,Role assignment option set,Property | NPC relationship,,possible,unknown,Home services and travel network implications deferred,option_list,option_list,SN-000029-hearthfire-quest-property-inventory.md,needs_review,not_started,Do not branch isolated role choices unless later research finds material consequences
OBJ-000409,Hearthfire Proud Parent Trophy Set,trophy,hearthfire_trophy,hearthfire,Skyrim,Adoption,,Adoption-ready home,Prepare adoption-eligible home,Child bedroom or self-built child beds and containers,Adopt one child,,,,not_applicable,,,Proud Parent Bronze 10,NPC relationship,,possible,possible,Family home travel implications deferred,dependency_flexible,main_route,SN-000030-hearthfire-trophy-adoption.md,needs_review,not_started,Parent trophy tracking row; PS4 timing and adoption bug validation deferred
OBJ-000410,Adopt First Child,npc_relationship,hearthfire_adoption,hearthfire,Skyrim,Adoption,,Adoption-ready home,Prepare adoption-eligible home,Child bedroom or self-built child beds and containers,Adopt one child,,,,unknown,,,Proud Parent Bronze 10,NPC relationship,,possible,possible,Family home travel implications deferred,dependency_flexible,main_route,SN-000030-hearthfire-trophy-adoption.md,needs_review,not_started,Default child recommendation deferred; no spouse requirement
OBJ-000411,Adopt Second Child,npc_relationship,hearthfire_adoption,hearthfire,Skyrim,Adoption,,Adoption-ready home,Complete first adoption,Available child capacity and adoption-ready home,Adopt second child,,,,unknown,,,Completionist adoption capacity,NPC relationship,,possible,possible,Family home travel implications deferred,dependency_flexible,main_route,SN-000030-hearthfire-trophy-adoption.md,needs_review,not_started,Completes finite adoption capacity without routing every possible child choice
OBJ-000412,Bandit Attack,radiant,hearthfire_property_defense,hearthfire,Skyrim,Hearthfire homesteads,,Radiant target,Own Hearthfire home and meet event conditions,Random Hearthfire property-defense conditions,Resolve attack or rescue event if route later chooses to include it,,,,unknown,,Spouse or household NPC possible,Property-defense radiant source,,,possible,possible,Home defense travel and NPC risk deferred,unclassified,unclassified,SN-000029-hearthfire-quest-property-inventory.md,needs_review,not_started,Source-listed radiant; later policy must decide routed representative appendix-only or excluded treatment
OBJ-000413,Dragonborn,quest,dragonborn_main_quest,dragonborn,Solstheim,,,Windhelm docks | Raven Rock | Earth Stone | Temple of Miraak,Travel to Solstheim via Gjalund Salt-Sage or cultist encounter,Travel access verified; cultist-trigger timing requires later validation,Travel to Solstheim and investigate the Dragonborn threat,,,,unknown,,,Outlander Bronze 20,Quest | Trophy,Access to Solstheim,unknown,unknown,Boat travel to Solstheim and island logistics deferred,dependency_flexible,main_route,SN-000031-dragonborn-main-quest-start.md | SN-000033-dragonborn-trophy-system-objectives.md,needs_review,not_started,Initial Dragonborn main quest row; exact trigger timing and early Solstheim policy deferred
OBJ-000414,The Temple of Miraak,quest,dragonborn_main_quest,dragonborn,Solstheim,,,Temple of Miraak,Follow Dragonborn main quest,Dragonborn,Complete quest,Suggested-level research deferred,,,unknown,,,The Temple of Miraak Bronze 20,Quest | Trophy | Black Book,Black Book: Waking Dreams,unknown,unknown,Solstheim inland travel and dungeon endurance deferred,dependency_flexible,main_route,SN-000031-dragonborn-main-quest-start.md | SN-000033-dragonborn-trophy-system-objectives.md,needs_review,not_started,Black Book handling deferred to books and powers passes
OBJ-000415,The Fate of the Skaal,quest,dragonborn_main_quest,dragonborn,Solstheim,Skaal Village,,Skaal Village,Follow Dragonborn main quest,The Temple of Miraak,Complete quest,,,,unknown,,,,,,unknown,unknown,Cold-region Skaal travel deferred,dependency_flexible,main_route,SN-000031-dragonborn-main-quest-start.md,needs_review,not_started,Main quest inventory row
OBJ-000416,Cleansing the Stones,quest,dragonborn_main_quest,dragonborn,Solstheim,,,All-Maker Stones,Follow Dragonborn main quest,Bend Will first word,Cleanse remaining All-Maker Stones,,,,unknown,,,,Quest | Location | Power,All-Maker Stone powers access,unknown,unknown,Island-wide stone circuit deferred,dependency_flexible,main_route,SN-000031-dragonborn-main-quest-start.md,needs_review,not_started,Stone power handling deferred
OBJ-000417,The Path of Knowledge,quest,dragonborn_main_quest,dragonborn,Solstheim,Tel Mithryn | Nchardak,,Tel Mithryn | Nchardak,Follow Dragonborn main quest,The Fate of the Skaal,Complete quest,25 per UESP,,,unknown,,,The Path of Knowledge Bronze 20,Quest | Trophy | Black Book,Black Book: Epistolary Acumen,unknown,unknown,East Solstheim travel and Dwemer ruin endurance deferred,dependency_flexible,main_route,SN-000031-dragonborn-main-quest-start.md | SN-000033-dragonborn-trophy-system-objectives.md,needs_review,not_started,Exact level pacing deferred to route skeleton
OBJ-000418,The Gardener of Men,quest,dragonborn_main_quest,dragonborn,Solstheim,,,Apocrypha,Follow Dragonborn main quest,The Path of Knowledge,Complete quest and learn remaining Bend Will words,,,,unknown,,,,Quest | Shout | Black Book,Bend Will shout completion,unknown,unknown,Apocrypha combat/resource implications deferred,dependency_flexible,main_route,SN-000031-dragonborn-main-quest-start.md | SN-000033-dragonborn-trophy-system-objectives.md,needs_review,not_started,Enables Dragonrider and finale access; exact shout synchronization deferred
OBJ-000419,At the Summit of Apocrypha,quest,dragonborn_main_quest,dragonborn,Solstheim,,,Apocrypha,Follow Dragonborn main quest,The Gardener of Men | Bend Will completed,Defeat Miraak and complete Dragonborn main quest,,,,unknown,,,At the Summit of Apocrypha Silver 40,Quest | Trophy | Black Book | Shout,Black Book: Waking Dreams respec function,unknown,unknown,Apocrypha combat/resource implications deferred,dependency_flexible,main_route,SN-000031-dragonborn-main-quest-start.md | SN-000033-dragonborn-trophy-system-objectives.md,needs_review,not_started,Finale timing deferred until Solstheim and power checks are known
OBJ-000420,Black Book: The Winds of Change,quest,dragonborn_raven_rock_side_quest,dragonborn,Solstheim,Raven Rock,,Raven Rock Mine | Apocrypha,Find/read Black Book during Raven Rock Mine content,The Final Descent access,Learn the Black Book's hidden knowledge and choose reward,25 per UESP,,,unknown,,,Hidden Knowledge dependency,Black Book | Spell/Power | Quest,Companion Insight | Lover's Insight | Scholar's Insight,unknown,unknown,Apocrypha resource implications deferred,dependency_flexible,main_route,SN-000032-dragonborn-side-misc-inventory.md | SN-000033-dragonborn-trophy-system-objectives.md,needs_review,not_started,Power choice recommendation deferred
OBJ-000421,The Final Descent,quest,dragonborn_raven_rock_side_quest,dragonborn,Solstheim,Raven Rock,,Raven Rock Mine,Speak with Crescius Caerellius in Raven Rock Mine,,Complete quest and resolve Raven Rock Mine objective,,,,unknown,,,Served Cold prerequisite | Raven Rock Owner prerequisite,Quest | Black Book | Unique Item,Bloodskal Blade | Black Book: The Winds of Change,unknown,unknown,Raven Rock mine/base loop deferred,region_flexible,main_route,SN-000032-dragonborn-side-misc-inventory.md | SN-000033-dragonborn-trophy-system-objectives.md,needs_review,not_started,Reward and enemy difficulty details deferred
OBJ-000422,March of the Dead,quest,dragonborn_raven_rock_side_quest,dragonborn,Solstheim,Raven Rock,,Old Attius Farm | Fort Frostmoth,Encounter ash spawn attack near Old Attius Farm,,Stop ash spawn attacks on Raven Rock,,,,unknown,,,Served Cold prerequisite | Raven Rock Owner prerequisite,Quest,Champion's Cudgel possible,unknown,unknown,Ashlands travel and Raven Rock defense timing deferred,region_flexible,main_route,SN-000032-dragonborn-side-misc-inventory.md | SN-000033-dragonborn-trophy-system-objectives.md,needs_review,not_started,Unique reward preservation and difficulty deferred
OBJ-000423,A New Debt,quest,dragonborn_raven_rock_side_quest,dragonborn,Solstheim,Raven Rock,,Raven Rock,Help Drovas Relvi with debt to Mogrul,,Complete quest,,,,unknown,,Drovas Relvi | Mogrul,,Quest,,unknown,unknown,Raven Rock local objective,region_flexible,main_route,SN-000032-dragonborn-side-misc-inventory.md,needs_review,not_started,Quest conflict and NPC risk details deferred
OBJ-000424,Served Cold,quest,dragonborn_raven_rock_side_quest,dragonborn,Solstheim,Raven Rock,,Raven Rock | Ulen Ancestral Tomb | Severin Manor | Ashfallow Citadel,Captain Veleth after Raven Rock prerequisites,March of the Dead | The Final Descent,Save Councilor Morvayn and receive Severin Manor,25 per UESP,,,unknown,,Captain Veleth | Adril Arano | Councilor Morvayn,Raven Rock Owner Bronze 20,Quest | Trophy | Property,Severin Manor,possible,possible,Severin Manor safe storage and Solstheim base value deferred,dependency_flexible,main_route,SN-000032-dragonborn-side-misc-inventory.md | SN-000033-dragonborn-trophy-system-objectives.md,needs_review,not_started,Specific bug mitigations and safe-storage policy deferred
OBJ-000425,An Axe to Find,misc_objective,dragonborn_raven_rock_misc,dragonborn,Solstheim,Raven Rock,,Raven Rock,Speak with Glover Mallory,,Retrieve ancient Nordic pickaxe for Glover Mallory,,,,unknown,,Glover Mallory,,Miscellaneous Quest | Crafting,Ancient Nordic Pickaxe access,unknown,unknown,Pickaxe utility for Solstheim mining deferred,region_flexible,main_route,SN-000032-dragonborn-side-misc-inventory.md,needs_review,not_started,Ancient Nordic Pickaxe ownership details deferred
OBJ-000426,Clean Sweep,misc_objective,dragonborn_raven_rock_misc,dragonborn,Solstheim,Raven Rock,,Temple Ancestral Tomb,Raven Rock Temple objective,,Clear Temple Ancestral Tomb of ash spawn,,,,unknown,,,,Miscellaneous Quest | Location,,unknown,unknown,Raven Rock local combat objective,region_flexible,main_route,SN-000032-dragonborn-side-misc-inventory.md,needs_review,not_started,Location clear-state details deferred
OBJ-000427,Feeding the Addiction,misc_objective,dragonborn_raven_rock_misc,dragonborn,Solstheim,Raven Rock,,Raven Rock,Raven Rock miner favor,,Resolve innkeeper/miner objective,,,,unknown,,Raven Rock innkeeper | miner NPC,,Miscellaneous Quest,,unknown,unknown,Raven Rock local objective,region_flexible,main_route,SN-000032-dragonborn-side-misc-inventory.md,needs_review,not_started,NPC names and exact trigger deferred
OBJ-000428,Fetch the Netch,misc_objective,dragonborn_raven_rock_misc,dragonborn,Solstheim,Raven Rock,,Solstheim netch areas | Raven Rock,Speak with Milore Ienth,,Obtain five netch jelly samples for Milore Ienth,,,,unknown,,Milore Ienth,,Miscellaneous Quest | Alchemy,Netch jelly source interaction,unknown,unknown,Short ingredient-gathering loop deferred,region_flexible,main_route,SN-000032-dragonborn-side-misc-inventory.md,needs_review,not_started,Alchemy effect tracking deferred
OBJ-000429,First Edition,misc_objective,dragonborn_raven_rock_misc,dragonborn,Solstheim,Raven Rock,,Raven Rock | Solstheim,Speak with Cindiri Arano,,Locate important folio for Cindiri Arano,,,,unknown,,Cindiri Arano,,Miscellaneous Quest | Book/Document,,unknown,unknown,Fetch route deferred,region_flexible,main_route,SN-000032-dragonborn-side-misc-inventory.md,needs_review,not_started,Book/document checklist status deferred
OBJ-000430,It's All In The Taste,misc_objective,dragonborn_raven_rock_misc,dragonborn,Solstheim,Raven Rock,,Raven Rock,Distribute Sadri's Sujamma,,Distribute Sadri's Sujamma to Raven Rock citizens,,,,unknown,,Geldis Sadri | Raven Rock citizens,,Miscellaneous Quest,,unknown,unknown,Raven Rock local objective,region_flexible,main_route,SN-000032-dragonborn-side-misc-inventory.md,needs_review,not_started,NPC target list deferred
OBJ-000431,Paid in Full,misc_objective,dragonborn_raven_rock_misc,dragonborn,Solstheim,Raven Rock,,Raven Rock | Solstheim,Speak with Glover Mallory,,Recover bonemold formula for Glover Mallory,,,,unknown,,Glover Mallory,,Miscellaneous Quest | Crafting,Bonemold formula access,unknown,unknown,Fetch route deferred,region_flexible,main_route,SN-000032-dragonborn-side-misc-inventory.md,needs_review,not_started,Crafting unlock details deferred
OBJ-000432,Pain in the Necklace,misc_objective,dragonborn_raven_rock_misc,dragonborn,Solstheim,Raven Rock,,Solstheim East Empire pendant locations,Speak with Fethis Alor,,Find East Empire pendants for Fethis Alor as later boundary decides,,,,unknown,,Fethis Alor,,Miscellaneous Quest | Collectible,East Empire pendant reward handling deferred,unknown,unknown,Island-wide collectible circuit deferred,cleanup_safe,main_route,SN-000032-dragonborn-side-misc-inventory.md,needs_review,not_started,Collectible count and completion boundary deferred
OBJ-000433,Recipe for Distraction,misc_objective,dragonborn_raven_rock_misc,dragonborn,Solstheim,Raven Rock,,Raven Rock | hidden stash,Speak with Captain Veleth,,Locate hidden Emberbrand Wine stash for Captain Veleth,,,,unknown,,Captain Veleth,,Miscellaneous Quest,,unknown,unknown,Raven Rock local objective,region_flexible,main_route,SN-000032-dragonborn-side-misc-inventory.md,needs_review,not_started,Exact trigger and item location deferred
OBJ-000434,Filial Bonds,quest,dragonborn_skaal_side_quest,dragonborn,Solstheim,Skaal Village,,Skaal Village | Solstheim wilderness,Speak with Wulf Wild-Blood,,Resolve missing brother objective,,,,unknown,,Wulf Wild-Blood,,Quest,,unknown,unknown,Cold-region wilderness search deferred,region_flexible,main_route,SN-000032-dragonborn-side-misc-inventory.md,needs_review,not_started,Exact location and outcome details deferred
OBJ-000435,Lost Legacy,quest,dragonborn_skaal_side_quest,dragonborn,Solstheim,Skaal Village | Vahlok's Tomb,,Vahlok's Tomb,Speak with Tharstan after Skaal access,,Explore Vahlok's Tomb and complete quest,,,,unknown,,Tharstan,,Quest | Location,Vahlok-related rewards deferred,unknown,unknown,Cold-region tomb travel deferred,region_flexible,main_route,SN-000032-dragonborn-side-misc-inventory.md,needs_review,not_started,Puzzle detail not entered; route warning only if later needed
OBJ-000436,A New Source of Stalhrim,quest,dragonborn_skaal_side_quest,dragonborn,Solstheim,Skaal Village | Northshore Landing | Stalhrim Source,,Skaal Village | Abandoned Lodge | Northshore Landing | Stalhrim Source,Overhear Deor and Fanari or ask at Skaal Village after prerequisites,The Fate of the Skaal; exact availability and Gardener of Men timing risk deferred,Rescue Baldor and unlock stalhrim crafting source knowledge,10 per UESP,,,unknown,,Deor Woodcutter | Fanari Strong-Voice | Baldor Iron-Shaper,Stalhrim Crafter prerequisite,Quest | Crafting | Trophy dependency,Stalhrim Source Map | stalhrim crafting access,possible,possible,Cold north-coast travel and mining logistics deferred,windowed,main_route,SN-000032-dragonborn-side-misc-inventory.md | SN-000033-dragonborn-trophy-system-objectives.md,needs_review,not_started,UESP notes possible busy-state timing; detailed mitigation belongs in conflict/bug pass
OBJ-000437,Convince Nikulas to stay in Skaal Village,misc_objective,dragonborn_skaal_misc,dragonborn,Solstheim,Skaal Village,,Skaal Village,Speak with Edla or Nikulas,,Resolve Nikulas stay/leave objective per route decision,,,,unknown,,Nikulas | Edla,,Miscellaneous Quest,,unknown,unknown,Skaal local objective,region_flexible,main_route,SN-000032-dragonborn-side-misc-inventory.md,needs_review,not_started,Outcome recommendation deferred
OBJ-000438,Kill the Bandit Leader,radiant,dragonborn_skaal_misc_radiant,dragonborn,Solstheim,Skaal Village,,Radiant target,Skaal Village bounty/favor source,,Complete representative or required radiant instance as later policy decides,,,,unknown,,Skaal Village source NPC,,Radiant | Miscellaneous Quest,,unknown,unknown,Radiant travel deferred,unclassified,unclassified,SN-000032-dragonborn-side-misc-inventory.md,needs_review,not_started,Radiant boundary policy deferred
OBJ-000439,Skaal Village Dialogue,misc_objective,dragonborn_skaal_misc,dragonborn,Solstheim,Skaal Village,,Skaal Village,Speak with Skaal NPCs at relevant quest states,,Capture dialogue-dependent objective only if later checklist requires it,,,,unknown,,Skaal Village NPCs,,Dialogue/checklist status unknown,,possible,unknown,Skaal local objective,unclassified,unclassified,SN-000032-dragonborn-side-misc-inventory.md,needs_review,not_started,Source-listed dialogue row; may become appendix or excluded if no objective/checklist boundary exists
OBJ-000440,Azra's Staffs,quest,dragonborn_tel_mithryn_side_quest,dragonborn,Solstheim,Tel Mithryn,,Tel Mithryn | Radiant location,Speak with Neloth,,Retrieve Azra's staff as later boundary decides,,,,unknown,,Neloth,,Quest | Unique Item possible,Azra's staff reward handling deferred,unknown,unknown,East Solstheim and radiant travel deferred,region_flexible,main_route,SN-000032-dragonborn-side-misc-inventory.md,needs_review,not_started,Exact staff/reward uniqueness deferred
OBJ-000441,Black Book: The Hidden Twilight,quest,dragonborn_tel_mithryn_side_quest,dragonborn,Solstheim,Tel Mithryn,,Tel Mithryn Staff Enchanter Room | Apocrypha,Read The Hidden Twilight in Tel Mithryn,Tel Mithryn access and staff enchanter room access,Learn the Black Book's hidden knowledge and choose reward,,,,unknown,,,Hidden Knowledge dependency,Black Book | Spell/Power | Quest,Mora's Agony | Mora's Boon | Mora's Grasp,unknown,unknown,Apocrypha resource implications deferred,dependency_flexible,main_route,SN-000032-dragonborn-side-misc-inventory.md | SN-000033-dragonborn-trophy-system-objectives.md,needs_review,not_started,Power choice recommendation deferred
OBJ-000442,Briarheart Necropsy,quest,dragonborn_tel_mithryn_side_quest,dragonborn,Solstheim,Tel Mithryn | Skyrim or Solstheim target,,Radiant Forsworn briarheart target,Speak with Neloth,,Harvest/bring briarheart sample for Neloth,,,,unknown,,Neloth,,Quest | Alchemy possible,,unknown,unknown,Long-distance radiant travel deferred,dependency_flexible,main_route,SN-000032-dragonborn-side-misc-inventory.md,needs_review,not_started,Possible Skyrim mainland target handling deferred
OBJ-000443,Experimental Subject (A),quest,dragonborn_tel_mithryn_side_quest,dragonborn,Solstheim,Tel Mithryn,,Tel Mithryn,Speak with Neloth,,Complete Neloth experiment objective,,,,unknown,,Neloth,,Quest | Spell/Power possible,Experimental effect handling deferred,possible,unknown,Tel Mithryn local objective,region_flexible,main_route,SN-000032-dragonborn-side-misc-inventory.md,needs_review,not_started,Outcome and effect safety deferred
OBJ-000444,From the Ashes,quest,dragonborn_tel_mithryn_side_quest,dragonborn,Solstheim,Tel Mithryn,,Tel Mithryn,Tel Mithryn ash guardian incident,,Resolve ash guardian threat,,,,unknown,,Talvas Fathryon | Neloth,,Quest | Follower possible,Talvas relationship/follower access possible,unknown,unknown,Tel Mithryn local combat objective,region_flexible,main_route,SN-000032-dragonborn-side-misc-inventory.md,needs_review,not_started,Follower/relationship handling deferred
OBJ-000445,Healing a House,quest,dragonborn_tel_mithryn_side_quest,dragonborn,Solstheim,Tel Mithryn,,Tel Mithryn,Speak with Elynea Mothren,,Help repair Tel Mithryn tower,,,,unknown,,Elynea Mothren,,Quest,,unknown,unknown,Tel Mithryn local objective and ingredient gathering deferred,region_flexible,main_route,SN-000032-dragonborn-side-misc-inventory.md,needs_review,not_started,Ingredient and timing details deferred
OBJ-000446,Heart Stones,quest,dragonborn_tel_mithryn_side_quest,dragonborn,Solstheim,Tel Mithryn | Solstheim,,Solstheim heart stone deposits,Speak with Neloth,,Bring heart stone to Neloth,,,,unknown,,Neloth,,Quest | Crafting/ingredient possible,,unknown,unknown,Mining/resource route deferred,region_flexible,main_route,SN-000032-dragonborn-side-misc-inventory.md,needs_review,not_started,Heart stone crafting/system usage deferred
OBJ-000447,Lost Knowledge,quest,dragonborn_tel_mithryn_side_quest,dragonborn,Solstheim,Tel Mithryn | White Ridge Barrow | Benkongerike | Raven Rock Mine,,Tel Mithryn | Black Book locations,Ask Neloth about more Black Books after Dragonborn main progress,The Gardener of Men,Retrieve eligible Black Books for Neloth as later boundary decides,,,,unknown,,Neloth,Hidden Knowledge dependency,Quest | Black Book | Spell/Power,Gold rewards | Black Book knowledge,possible,unknown,Multi-dungeon Solstheim sweep deferred,dependency_flexible,main_route,SN-000032-dragonborn-side-misc-inventory.md | SN-000033-dragonborn-trophy-system-objectives.md,needs_review,not_started,Exact overlap with independent Black Book rows needs later reconciliation
OBJ-000448,Old Friends,quest,dragonborn_tel_mithryn_side_quest,dragonborn,Solstheim,Tel Mithryn,,Tel Mithryn | Solstheim target,Neloth questline progression,,Resolve attacks on Neloth,,,,unknown,,Neloth,,Quest,,unknown,unknown,Solstheim combat travel deferred,dependency_flexible,main_route,SN-000032-dragonborn-side-misc-inventory.md,needs_review,not_started,Prerequisites and bug risks deferred
OBJ-000449,Reluctant Steward,quest,dragonborn_tel_mithryn_side_quest,dragonborn,Solstheim,Tel Mithryn | Raven Rock,,Tel Mithryn | Raven Rock,Neloth needs new steward,,Find replacement steward for Neloth,,,,unknown,,Neloth | Varona Nelas | Drovas Relvi,,Quest | NPC relationship,,possible,possible,Raven Rock/Tel Mithryn travel loop deferred,dependency_flexible,main_route,SN-000032-dragonborn-side-misc-inventory.md,needs_review,not_started,NPC dependency details need later validation
OBJ-000450,Telvanni Research,quest,dragonborn_tel_mithryn_side_quest,dragonborn,Solstheim,Tel Mithryn | Solstheim,,Radiant target,Speak with Neloth,,Complete Neloth research objective,,,,unknown,,Neloth,,Quest,,unknown,unknown,Radiant travel deferred,region_flexible,main_route,SN-000032-dragonborn-side-misc-inventory.md,needs_review,not_started,Exact repeatability/boundary deferred
OBJ-000451,Wind and Sand,quest,dragonborn_tel_mithryn_side_quest,dragonborn,Solstheim,Tel Mithryn | Solstheim,,Radiant or quest target,Speak with Neloth,,Retrieve Wind and Sand for Neloth,,,,unknown,,Neloth,,Quest | Book/Document | Spell possible,Wind and Sand spell tome/document handling deferred,unknown,unknown,Travel target deferred,region_flexible,main_route,SN-000032-dragonborn-side-misc-inventory.md,needs_review,not_started,Spell/book checklist classification deferred
OBJ-000452,Experimental Subject (B),misc_objective,dragonborn_tel_mithryn_misc,dragonborn,Solstheim,Tel Mithryn,,Tel Mithryn,Speak with Neloth,,Complete second Neloth experiment objective if routed,,,,unknown,,Neloth,,Miscellaneous Quest | Spell/Power possible,,possible,unknown,Tel Mithryn local objective,region_flexible,main_route,SN-000032-dragonborn-side-misc-inventory.md,needs_review,not_started,Effect safety deferred
OBJ-000453,Hunting and Gathering,misc_objective,dragonborn_tel_mithryn_misc,dragonborn,Solstheim,Tel Mithryn | Solstheim,,Solstheim target,Speak with Elynea Mothren,,Gather requested ingredients/samples for Elynea,,,,unknown,,Elynea Mothren,,Miscellaneous Quest | Alchemy possible,,unknown,unknown,Ingredient-gathering travel deferred,region_flexible,main_route,SN-000032-dragonborn-side-misc-inventory.md,needs_review,not_started,Alchemy effect tracking deferred
OBJ-000454,The Chief of Thirsk Hall,quest,dragonborn_thirsk_side_quest,dragonborn,Solstheim,Thirsk Mead Hall,,Thirsk Mead Hall | Bujold's Retreat,Speak with Riekling Chief at Thirsk Mead Hall,,Complete Riekling-side Thirsk outcome in branch or main route after decision,,,,unknown,Mutually exclusive with Retaking Thirsk,Riekling Chief | Bujold | Thirsk Nords,,Quest | Branch choice,Riekling follower access possible,confirmed,possible,Cold-region Thirsk travel deferred,branch_only,unclassified,SN-000034-dragonborn-thirsk-branch-choice.md,needs_review,not_started,Main/default side not decided; branch policy applies
OBJ-000455,Retaking Thirsk,quest,dragonborn_thirsk_side_quest,dragonborn,Solstheim,Thirsk Mead Hall,,Bujold's Retreat | Thirsk Mead Hall,Speak with Bujold at Bujold's Retreat,,Complete Nord-side Thirsk outcome in branch or main route after decision,,,,unknown,Mutually exclusive with The Chief of Thirsk Hall,Bujold | Kuvar | Thirsk Nords | Rieklings,,Quest | Branch choice,Nord Thirsk favor access possible,confirmed,possible,Cold-region Thirsk travel deferred,branch_only,unclassified,SN-000034-dragonborn-thirsk-branch-choice.md,needs_review,not_started,Main/default side not decided; branch policy applies
OBJ-000456,Elmus Favor Quest (berries),misc_objective,dragonborn_thirsk_misc,dragonborn,Solstheim,Thirsk Mead Hall,,Thirsk Mead Hall | Solstheim,Speak with Elmus after relevant Thirsk state,Thirsk occupant state,Bring berries for Elmus if available in chosen/branch state,,,,unknown,Availability depends on Thirsk outcome,Elmus,,Miscellaneous Quest | Branch-dependent,,possible,unknown,Cold-region local gathering deferred,branch_only,unclassified,SN-000032-dragonborn-side-misc-inventory.md | SN-000034-dragonborn-thirsk-branch-choice.md,needs_review,not_started,Availability by side and branch handling deferred
OBJ-000457,Elmus Favor Quest (mead),misc_objective,dragonborn_thirsk_misc,dragonborn,Solstheim,Thirsk Mead Hall,,Thirsk Mead Hall | Raven Rock,Speak with Elmus after relevant Thirsk state,Thirsk occupant state,Bring mead for Elmus if available in chosen/branch state,,,,unknown,Availability depends on Thirsk outcome; UESP notes removal if Elmus killed after started,Elmus,,Miscellaneous Quest | Branch-dependent,,possible,unknown,Raven Rock/Thirsk travel loop deferred,branch_only,unclassified,SN-000032-dragonborn-side-misc-inventory.md | SN-000034-dragonborn-thirsk-branch-choice.md,needs_review,not_started,Availability and safe ordering deferred
OBJ-000458,Halbarn Favor Quest,misc_objective,dragonborn_thirsk_misc,dragonborn,Solstheim,Thirsk Mead Hall,,Thirsk Mead Hall | Stalhrim deposits,Speak with Halbarn after relevant Thirsk state,Thirsk occupant state | Stalhrim access likely needed,Bring required materials for Halbarn if available in chosen/branch state,,,,unknown,Availability depends on Thirsk outcome,Halbarn,,Miscellaneous Quest | Branch-dependent | Crafting,Halbarn merchant/trainer handling deferred,possible,unknown,Mining/material travel deferred,branch_only,unclassified,SN-000032-dragonborn-side-misc-inventory.md | SN-000034-dragonborn-thirsk-branch-choice.md,needs_review,not_started,Material count and service unlock deferred
OBJ-000459,Hilund Favor Quest,misc_objective,dragonborn_thirsk_misc,dragonborn,Solstheim,Thirsk Mead Hall,,Thirsk Mead Hall | Solstheim,Speak with Hilund after relevant Thirsk state,Thirsk occupant state,Bring required spears for Hilund if available in chosen/branch state,,,,unknown,Availability depends on Thirsk outcome,Hilund,,Miscellaneous Quest | Branch-dependent,,possible,unknown,Solstheim collection route deferred,branch_only,unclassified,SN-000032-dragonborn-side-misc-inventory.md | SN-000034-dragonborn-thirsk-branch-choice.md,needs_review,not_started,Exact boundary and branch handling deferred
OBJ-000460,Black Book: Filament and Filigree,quest,dragonborn_other_side_quest,dragonborn,Solstheim,Solstheim,,Kolbjorn Barrow | Apocrypha,Find/read Black Book in Kolbjorn Barrow,Unearthed progression,Learn the Black Book's hidden knowledge and choose reward,,,,unknown,,,Hidden Knowledge dependency,Black Book | Spell/Power | Quest,Secret of Arcana | Secret of Protection | Secret of Strength,unknown,unknown,Apocrypha resource implications deferred,dependency_flexible,main_route,SN-000032-dragonborn-side-misc-inventory.md | SN-000033-dragonborn-trophy-system-objectives.md,needs_review,not_started,Tied to Unearthed excavation timing
OBJ-000461,Black Book: The Sallow Regent,quest,dragonborn_other_side_quest,dragonborn,Solstheim,Solstheim,,White Ridge Barrow | Apocrypha,Find/read Black Book in White Ridge Barrow,,Learn the Black Book's hidden knowledge and choose reward,30 per UESP,,,unknown,,,Hidden Knowledge dependency,Black Book | Spell/Power | Quest,Seeker of Might | Seeker of Shadows | Seeker of Sorcery,unknown,unknown,Apocrypha darkness/resource implications deferred,region_flexible,main_route,SN-000032-dragonborn-side-misc-inventory.md | SN-000033-dragonborn-trophy-system-objectives.md,needs_review,not_started,Power choice recommendation deferred
OBJ-000462,Black Book: Untold Legends,quest,dragonborn_other_side_quest,dragonborn,Solstheim,Solstheim,,Benkongerike Great Hall | Apocrypha,Find/read Black Book in Benkongerike Great Hall,,Learn the Black Book's hidden knowledge and choose reward,25 per UESP,,,unknown,,,Hidden Knowledge dependency,Black Book | Spell/Power | Quest,Bardic Knowledge | Black Market | Secret Servant,unknown,unknown,Cold-region dungeon and Apocrypha resource implications deferred,region_flexible,main_route,SN-000032-dragonborn-side-misc-inventory.md | SN-000033-dragonborn-trophy-system-objectives.md,needs_review,not_started,Power choice recommendation deferred
OBJ-000463,Deathbrand,quest,dragonborn_other_side_quest,dragonborn,Solstheim,Solstheim,,Solstheim treasure locations | Gyldenhul Barrow,Read Deathbrand or rumor after level gate,Ancient Nordic Pickaxe for Gyldenhul Barrow access,Recover Deathbrand armor and complete Haknir Death-Brand objective,40 per UESP,Level 36,,unknown,,,Unique item/collectible scope,Quest | Unique Item | Book/Document,Deathbrand armor set | Bloodscythe | Soulrender | treasure,unknown,unknown,Island-wide treasure circuit and north-coast barrow travel deferred,fixed_late,main_route,SN-000032-dragonborn-side-misc-inventory.md,needs_review,not_started,Level gate verified; exact reward/cell-lock behavior deferred
OBJ-000464,The Ebony Warrior,quest,dragonborn_other_side_quest,multiple,Skyrim,Major city | Last Vigil,,Radiant major city | Last Vigil,Reach level 80,Level 80,Defeat the Ebony Warrior,,Level 80,,not_applicable,,Ebony Warrior,,Quest | Unique Item | Late-game challenge,Enchanted ebony equipment and gems,none_known,possible,Late-game mountain travel and unique weapon loss risk deferred,fixed_late,main_route,SN-000032-dragonborn-side-misc-inventory.md,needs_review,not_started,Dragonborn-added quest in Skyrim worldspace; route after all-perks/late-game readiness
OBJ-000465,Unearthed,quest,dragonborn_other_side_quest,dragonborn,Solstheim,Solstheim,,Kolbjorn Barrow,Speak to Ralis Sedarys at Kolbjorn Barrow,,Complete Kolbjorn excavation questline,,,,unknown,,Ralis Sedarys,,Quest | Black Book | Unique Item,Ahzidal set | Black Book: Filament and Filigree | Ralis outcome reward handling deferred,possible,possible,Repeated excavation return trips and funding logistics deferred,windowed,main_route,SN-000032-dragonborn-side-misc-inventory.md,needs_review,not_started,Detailed stage timing and branch/outcome handling deferred
OBJ-000466,Black Book,misc_objective,dragonborn_other_misc,dragonborn,Solstheim,Solstheim,,Black Book locations,Find/read Black Books,,Source-listed Black Book miscellaneous objective; reconcile with individual Black Book rows later,,,,unknown,,,Hidden Knowledge dependency,Black Book | Spell/Power,Black Book powers,unknown,unknown,Apocrypha and travel implications deferred,unclassified,unclassified,SN-000032-dragonborn-side-misc-inventory.md | SN-000033-dragonborn-trophy-system-objectives.md,needs_review,not_started,May become appendix tracker rather than separate routed row
OBJ-000467,Hrodulf's Madness,misc_objective,dragonborn_other_misc,dragonborn,Solstheim,Solstheim,,Hrodulf's House,Investigate Hrodulf's House,,Complete Hrodulf investigation objective if checklist/routing warrants,,,,unknown,,,,Miscellaneous Quest | Book/Document possible,,unknown,unknown,Remote shack travel deferred,region_flexible,main_route,SN-000032-dragonborn-side-misc-inventory.md,needs_review,not_started,Exact objective boundary deferred
OBJ-000468,The Kagrumez Gauntlet,misc_objective,dragonborn_other_misc,dragonborn,Solstheim,Solstheim,,Kagrumez,Find Kagrumez resonance gems and enter Kagrumez,,Complete Kagrumez trial sequence as later boundary decides,,,,unknown,,,,Miscellaneous Quest | Location | Pet/Mount possible,Dwarven spider/sphere follower rewards possible,unknown,unknown,Dwemer ruin resource and travel implications deferred,region_flexible,main_route,SN-000032-dragonborn-side-misc-inventory.md,needs_review,not_started,Gem count and reward rows deferred to collectible/pet pass
OBJ-000469,Sell Stalhrim Armor and Weapons to Ancarion,misc_objective,dragonborn_other_misc,dragonborn,Solstheim,Northshore Landing,,Northshore Landing,Negotiate with Ancarion during/after A New Source of Stalhrim,A New Source of Stalhrim | stalhrim crafting capability,Sell stalhrim equipment to Ancarion if route chooses this objective,,,,unknown,,Ancarion,,Miscellaneous Quest | Crafting,Stalhrim merchant relationship handling deferred,possible,unknown,Northshore Landing travel and crafting logistics deferred,dependency_flexible,main_route,SN-000032-dragonborn-side-misc-inventory.md | SN-000033-dragonborn-trophy-system-objectives.md,needs_review,not_started,Requires later policy on crafted item and sale timing
OBJ-000470,Speak to Ralis Sedarys at Kolbjorn Barrow,misc_objective,dragonborn_other_misc,dragonborn,Solstheim,Solstheim,,Kolbjorn Barrow,Approach Kolbjorn Barrow,,Start Unearthed excavation chain,,,,unknown,,Ralis Sedarys,,Miscellaneous Quest | Quest starter,Unearthed access,unknown,unknown,Remote barrow travel and staged return trips deferred,windowed,main_route,SN-000032-dragonborn-side-misc-inventory.md,needs_review,not_started,Quest starter row paired with Unearthed
OBJ-000471,Summoning Karstaag,misc_objective,dragonborn_other_misc,dragonborn,Solstheim,Solstheim,,Castle Karstaag Ruins | Karstaag Castle,Find Karstaag summoning materials and use throne,,Summon and defeat Karstaag if main scope keeps it,,,,unknown,,,,Miscellaneous Quest | Unique power/challenge,Karstaag's summon power,unknown,unknown,Extreme cold-region boss travel deferred,fixed_late,main_route,SN-000032-dragonborn-side-misc-inventory.md,needs_review,not_started,Difficulty and power-use policy deferred
OBJ-000472,Visit the hunters at Frostmoon Crag,misc_objective,dragonborn_other_misc,dragonborn,Solstheim,Frostmoon Crag,,Frostmoon Crag,Discover Frostmoon Crag,,Visit hunters and resolve available objective/merchant interaction as later policy decides,,,,unknown,,,,Miscellaneous Quest | Location | Unique Item possible,Werewolf ring merchant access possible,possible,unknown,Cold-region travel deferred,region_flexible,main_route,SN-000032-dragonborn-side-misc-inventory.md,needs_review,not_started,Werewolf-state and unique ring handling deferred
OBJ-000473,Dragonborn Outlander Trophy Set,trophy,dragonborn_trophy,dragonborn,Solstheim,Raven Rock,,Solstheim,Arrive on Solstheim,Travel to Solstheim,Arrive on Solstheim,,,,not_applicable,,,Outlander Bronze 20,Trophy,,none_known,unknown,Boat travel and island arrival logistics deferred,dependency_flexible,main_route,SN-000031-dragonborn-main-quest-start.md | SN-000033-dragonborn-trophy-system-objectives.md,needs_review,not_started,Parent trophy row
OBJ-000474,Dragon Aspect Trophy Set,trophy,dragonborn_trophy,dragonborn,Solstheim,,,Dragon Aspect word locations,Learn Dragon Aspect words,Dragonborn content access and word-wall/source access,Learn all three words of Dragon Aspect,,,,not_applicable,,,Dragon Aspect Silver 20,Trophy | Shout,,unknown,unknown,Word-wall travel deferred,dependency_flexible,main_route,SN-000033-dragonborn-trophy-system-objectives.md,needs_review,not_started,Specific word wall/source rows deferred to shout pass
OBJ-000475,Hidden Knowledge Trophy Set,trophy,dragonborn_trophy,dragonborn,Solstheim,,,Black Book locations | Apocrypha,Read Black Books and choose rewards,Access at least five Black Books,Learn secrets of five Black Books,,,,not_applicable,,,Hidden Knowledge Bronze 40,Trophy | Black Book | Spell/Power,Black Book powers,unknown,unknown,Apocrypha resource and travel implications deferred,dependency_flexible,main_route,SN-000033-dragonborn-trophy-system-objectives.md,needs_review,not_started,All seven likely routed by maximalist scope; trophy needs five
OBJ-000476,Stalhrim Crafter Trophy Set,trophy,dragonborn_trophy,dragonborn,Solstheim,,,Forge after stalhrim unlock,Craft stalhrim item,A New Source of Stalhrim | Smithing 80 | Ebony Smithing perk,Craft one item out of stalhrim,,Smithing 80 and Ebony Smithing perk,,not_applicable,,Baldor Iron-Shaper | Ancarion possible,Stalhrim Crafter Silver 20,Trophy | Crafting,Crafted stalhrim item,possible,possible,Mining/crafting material logistics deferred,fixed_late,main_route,SN-000033-dragonborn-trophy-system-objectives.md,needs_review,not_started,Exact crafted item recommendation deferred to crafting plan
OBJ-000477,Dragonrider Trophy Set,trophy,dragonborn_trophy,dragonborn,Multiple,Skyrim | Solstheim | Apocrypha,,Rideable dragon encounters,Use completed Bend Will shout on eligible dragons,All three Bend Will words,Tame and ride five dragons,,,,not_applicable,,,Dragonrider Bronze 20,Trophy | Shout,Dragon riding system use,none_known,possible,Dragon riding is a Survival Mode fast-travel exception per UESP; route value deferred,dependency_flexible,main_route,SN-000033-dragonborn-trophy-system-objectives.md,needs_review,not_started,Eligible dragon list and safe execution deferred
OBJ-000478,Solstheim Explorer Trophy Set,trophy,dragonborn_trophy,dragonborn,Solstheim,Solstheim,,Solstheim map-marked locations,Discover Solstheim locations,Travel to Solstheim,Discover 30 locations on Solstheim,,,,not_applicable,,,Solstheim Explorer Bronze 30,Trophy | Location,,none_known,unknown,Island-wide cold/travel/location sweep deferred,cleanup_safe,main_route,SN-000033-dragonborn-trophy-system-objectives.md,needs_review,not_started,Individual location rows deferred to location pass
OBJ-000479,Survival Mode,ae_creation,ae_creation_package,ae_creation,Multiple,,,,"Creation can be turned on or off in Settings menu. For details, consult Help Menu.",Official AE Creation Club bundle installed,Package-level AE Creation parent row; detailed quest item system location and reward rows deferred,,,,unknown,,,,AE Creation,,unknown,unknown,Core Survival Mode setup and constraint source,fixed_early,main_route,SN-000035-ae-bundle-membership-and-parent-inventory.md,needs_review,not_started,UESP category: Gameplay; package-level parent row
OBJ-000480,Arcane Accessories,ae_creation,ae_creation_package,ae_creation,Multiple,,,,Robes and Spells can be purchased at vendors and appear in containers.,Official AE Creation Club bundle installed,Package-level AE Creation parent row; detailed quest item system location and reward rows deferred,,,,unknown,,,,AE Creation,,unknown,unknown,AE Survival Mode interaction deferred,unclassified,main_route,SN-000035-ae-bundle-membership-and-parent-inventory.md,needs_review,not_started,UESP category: Apparel; Weapons; package-level parent row
OBJ-000481,Arcane Archer Pack,ae_creation,ae_creation_package,ae_creation,Multiple,,,,"Telekinesis arrows are found in The Arcanaeum in the College of Winterhold, Soul Stealer Arrows can be found in Kagrumez. All other arrows can be purchased at vendors & appear in containers.",Official AE Creation Club bundle installed,Package-level AE Creation parent row; detailed quest item system location and reward rows deferred,,,,unknown,,,,AE Creation,,unknown,unknown,AE Survival Mode interaction deferred,unclassified,main_route,SN-000035-ae-bundle-membership-and-parent-inventory.md,needs_review,not_started,UESP category: Weapons; package-level parent row
OBJ-000482,Chrysamere,ae_creation,ae_creation_package,ae_creation,Multiple,,,,Weapon can be found in Forelhost southeast of Riften.,Official AE Creation Club bundle installed,Package-level AE Creation parent row; detailed quest item system location and reward rows deferred,,,,unknown,,,,AE Creation,,unknown,unknown,AE Survival Mode interaction deferred,unclassified,main_route,SN-000035-ae-bundle-membership-and-parent-inventory.md,needs_review,not_started,UESP category: Weapons; package-level parent row
OBJ-000483,Divine Crusader,ae_creation,ae_creation_package,ae_creation,Multiple,,,,Armor can be found by exploring Four Skull Lookout far east-northeast of Markarth.,Official AE Creation Club bundle installed,Package-level AE Creation parent row; detailed quest item system location and reward rows deferred,,,,unknown,,,,AE Creation,,unknown,unknown,AE Survival Mode interaction deferred,unclassified,main_route,SN-000035-ae-bundle-membership-and-parent-inventory.md,needs_review,not_started,UESP category: Apparel; Weapons; package-level parent row
OBJ-000484,Plague of the Dead,ae_creation,ae_creation_package,ae_creation,Multiple,,,,"Quest ""The Rising Dead"" starts by reading an Anonymous Letter delivered by courier upon reaching level 5.",Official AE Creation Club bundle installed,Package-level AE Creation parent row; detailed quest item system location and reward rows deferred,,,,unknown,,,,AE Creation,,unknown,unknown,AE Survival Mode interaction deferred,unclassified,main_route,SN-000035-ae-bundle-membership-and-parent-inventory.md,needs_review,not_started,UESP category: Creatures; Gameplay; package-level parent row
OBJ-000485,Ruin's Edge,ae_creation,ae_creation_package,ae_creation,Multiple,,,,Weapon is located in Stony Creek Cave far southeast of Windhelm.,Official AE Creation Club bundle installed,Package-level AE Creation parent row; detailed quest item system location and reward rows deferred,,,,unknown,,,,AE Creation,,unknown,unknown,AE Survival Mode interaction deferred,unclassified,main_route,SN-000035-ae-bundle-membership-and-parent-inventory.md,needs_review,not_started,UESP category: Weapons; package-level parent row
OBJ-000486,Staff of Sheogorath,ae_creation,ae_creation_package,ae_creation,Multiple,,,,"Quest ""Put a Fork in it"" starts by reading a ""Mysterious Note"" at The Retching Netch in Raven Rock.",Official AE Creation Club bundle installed,Package-level AE Creation parent row; detailed quest item system location and reward rows deferred,,,,unknown,,,,AE Creation,,unknown,unknown,AE Survival Mode interaction deferred,unclassified,main_route,SN-000035-ae-bundle-membership-and-parent-inventory.md,needs_review,not_started,UESP category: Weapons; package-level parent row
OBJ-000487,Stendarr's Hammer,ae_creation,ae_creation_package,ae_creation,Multiple,,,,Weapon can be stolen from the Dwemer Museum in Markarth,Official AE Creation Club bundle installed,Package-level AE Creation parent row; detailed quest item system location and reward rows deferred,,,,unknown,,,,AE Creation,,unknown,unknown,AE Survival Mode interaction deferred,unclassified,main_route,SN-000035-ae-bundle-membership-and-parent-inventory.md,needs_review,not_started,UESP category: Weapons; package-level parent row
OBJ-000488,Dwarven Armored Mudcrab,ae_creation,ae_creation_package,ae_creation,Multiple,,,,Pet can be purchased from Calcelmo in Markarth.,Official AE Creation Club bundle installed,Package-level AE Creation parent row; detailed quest item system location and reward rows deferred,,,,unknown,,,,AE Creation,,unknown,unknown,AE Survival Mode interaction deferred,unclassified,main_route,SN-000035-ae-bundle-membership-and-parent-inventory.md,needs_review,not_started,UESP category: Creatures; package-level parent row
OBJ-000489,Lord's Mail,ae_creation,ae_creation_package,ae_creation,Multiple,,,,"Quest ""Gift of Kynareth"" starts by reading ""Letter to General Tullius"" at Castle Dour in Solitude.",Official AE Creation Club bundle installed,Package-level AE Creation parent row; detailed quest item system location and reward rows deferred,,,,unknown,,,,AE Creation,,unknown,unknown,AE Survival Mode interaction deferred,unclassified,main_route,SN-000035-ae-bundle-membership-and-parent-inventory.md,needs_review,not_started,UESP category: Apparel; package-level parent row
OBJ-000490,Adventurer's Backpack,ae_creation,ae_creation_package,ae_creation,Multiple,,,,Backpacks can be purchased at vendors and crafted via Forge.,Official AE Creation Club bundle installed,Package-level AE Creation parent row; detailed quest item system location and reward rows deferred,,,,unknown,,,,AE Creation,,unknown,unknown,AE Survival Mode interaction deferred,unclassified,main_route,SN-000035-ae-bundle-membership-and-parent-inventory.md,needs_review,not_started,UESP category: Apparel; Gameplay; package-level parent row
OBJ-000491,Camping,ae_creation,ae_creation_package,ae_creation,Multiple,,,,Creation craftable via Forge,Official AE Creation Club bundle installed,Package-level AE Creation parent row; detailed quest item system location and reward rows deferred,,,,unknown,,,,AE Creation,,unknown,unknown,AE Survival Mode interaction deferred,unclassified,main_route,SN-000035-ae-bundle-membership-and-parent-inventory.md,needs_review,not_started,UESP category: Gameplay; World; package-level parent row
OBJ-000492,Nix-Hound,ae_creation,ae_creation_package,ae_creation,Multiple,,,,Pet can be purchased from Revus Sarvani near Tel Mithryn or Geldis Sadri at The Retching Netch Corner Club in Raven Rock if the former is deceased. Hostile Nix-Hounds can be found in the Solstheim wilderness.,Official AE Creation Club bundle installed,Package-level AE Creation parent row; detailed quest item system location and reward rows deferred,,,,unknown,,,,AE Creation,,unknown,unknown,AE Survival Mode interaction deferred,unclassified,main_route,SN-000035-ae-bundle-membership-and-parent-inventory.md,needs_review,not_started,UESP category: Creatures; package-level parent row
OBJ-000493,Shadowrend,ae_creation,ae_creation_package,ae_creation,Multiple,,,,"Quest ""Through a Glass, Darkly"" starts by claiming the weapon in the hot springs near the Atronach Stone.",Official AE Creation Club bundle installed,Package-level AE Creation parent row; detailed quest item system location and reward rows deferred,,,,unknown,,,,AE Creation,,unknown,unknown,AE Survival Mode interaction deferred,unclassified,main_route,SN-000035-ae-bundle-membership-and-parent-inventory.md,needs_review,not_started,UESP category: Weapons; package-level parent row
OBJ-000494,Tundra Homestead,ae_creation,ae_creation_package,ae_creation,Multiple,,,,House outside the city is purchased from the Jarl's Steward in Dragonsreach.,Official AE Creation Club bundle installed,Package-level AE Creation parent row; detailed quest item system location and reward rows deferred,,,,unknown,,,,AE Creation,,unknown,unknown,AE Survival Mode interaction deferred,unclassified,main_route,SN-000035-ae-bundle-membership-and-parent-inventory.md,needs_review,not_started,UESP category: World; package-level parent row
OBJ-000495,Myrwatch,ae_creation,ae_creation_package,ae_creation,Multiple,,,,"Quest ""Myrwatch"" starts by traveling to the tower east of Morthal, and reading ""Hans's Journal"" nearby.",Official AE Creation Club bundle installed,Package-level AE Creation parent row; detailed quest item system location and reward rows deferred,,,,unknown,,,,AE Creation,,unknown,unknown,AE Survival Mode interaction deferred,unclassified,main_route,SN-000035-ae-bundle-membership-and-parent-inventory.md,needs_review,not_started,UESP category: World; package-level parent row
OBJ-000496,Nordic Jewelry,ae_creation,ae_creation_package,ae_creation,Multiple,,,,"Quest ""Nordic Jewelry"" starts by reading the Certificate of Authenticity obtained if you buy Nordic jewelry from Madesi, Bersi Honey-Hand, Endarie, or Belethor.",Official AE Creation Club bundle installed,Package-level AE Creation parent row; detailed quest item system location and reward rows deferred,,,,unknown,,,,AE Creation,,unknown,unknown,AE Survival Mode interaction deferred,unclassified,main_route,SN-000035-ae-bundle-membership-and-parent-inventory.md,needs_review,not_started,UESP category: Apparel; package-level parent row
OBJ-000497,Pets of Skyrim,ae_creation,ae_creation_package,ae_creation,Multiple,,,,"Quest ""Pets of Skyrim"" starts by reading the note For Sale in The Bannered Mare.",Official AE Creation Club bundle installed,Package-level AE Creation parent row; detailed quest item system location and reward rows deferred,,,,unknown,,,,AE Creation,,unknown,unknown,AE Survival Mode interaction deferred,unclassified,main_route,SN-000035-ae-bundle-membership-and-parent-inventory.md,needs_review,not_started,UESP category: Creatures; package-level parent row
OBJ-000498,Rare Curios,ae_creation,ae_creation_package,ae_creation,Multiple,,,,Items added to Khajiit merchant vendors.,Official AE Creation Club bundle installed,Package-level AE Creation parent row; detailed quest item system location and reward rows deferred,,,,unknown,,,,AE Creation,,unknown,unknown,AE Survival Mode interaction deferred,unclassified,main_route,SN-000035-ae-bundle-membership-and-parent-inventory.md,needs_review,not_started,UESP category: Gameplay; package-level parent row
OBJ-000499,Bone Wolf,ae_creation,ae_creation_package,ae_creation,Multiple,,,,"Quest ""Let Sleeping Wolves Lie"" starts by reading the Letter from Bolgeir Bearclaw delivered by courier after completion of ""The Wolf Queen Awakened"".",Official AE Creation Club bundle installed,Package-level AE Creation parent row; detailed quest item system location and reward rows deferred,,,,unknown,,,,AE Creation,,unknown,unknown,AE Survival Mode interaction deferred,unclassified,main_route,SN-000035-ae-bundle-membership-and-parent-inventory.md,needs_review,not_started,UESP category: Creatures; package-level parent row
OBJ-000500,Staff of Hasedoki,ae_creation,ae_creation_package,ae_creation,Multiple,,,,"Quest ""The Staff of Hasedoki"" starts by reading the Smuggler's Trade Notes at the bandit camp west of Dragonsreach.",Official AE Creation Club bundle installed,Package-level AE Creation parent row; detailed quest item system location and reward rows deferred,,,,unknown,,,,AE Creation,,unknown,unknown,AE Survival Mode interaction deferred,unclassified,main_route,SN-000035-ae-bundle-membership-and-parent-inventory.md,needs_review,not_started,UESP category: Weapons; package-level parent row
OBJ-000501,Wild Horses,ae_creation,ae_creation_package,ae_creation,Multiple,,,,Quest Creature of Legend starts by reading Soran's Journal at the Arcanaeum. A map to other horses may be purchased at any hostler.,Official AE Creation Club bundle installed,Package-level AE Creation parent row; detailed quest item system location and reward rows deferred,,,,unknown,,,,AE Creation,,unknown,unknown,AE Survival Mode interaction deferred,unclassified,main_route,SN-000035-ae-bundle-membership-and-parent-inventory.md,needs_review,not_started,UESP category: Creatures; Gameplay; package-level parent row
OBJ-000502,Civil War Champions,ae_creation,ae_creation_package,ae_creation,Multiple,,,,"Quest ""Battle of the Champions"" starts by reading Battle of Champions at The Drunken Huntsman in Whiterun or waiting for a letter from a commanding officer.",Official AE Creation Club bundle installed,Package-level AE Creation parent row; detailed quest item system location and reward rows deferred,,,,unknown,,,,AE Creation,,unknown,unknown,AE Survival Mode interaction deferred,unclassified,main_route,SN-000035-ae-bundle-membership-and-parent-inventory.md,needs_review,not_started,UESP category: Apparel; Weapons; package-level parent row
OBJ-000503,Elite Crossbows,ae_creation,ae_creation_package,ae_creation,Multiple,,,,"Quest ""Night Hunter"" starts by reading Kragrash's Letter at Ironback Hideout northwest of Solitude.",Official AE Creation Club bundle installed,Package-level AE Creation parent row; detailed quest item system location and reward rows deferred,,,,unknown,,,,AE Creation,,unknown,unknown,AE Survival Mode interaction deferred,unclassified,main_route,SN-000035-ae-bundle-membership-and-parent-inventory.md,needs_review,not_started,UESP category: Weapons; package-level parent row
OBJ-000504,Forgotten Seasons,ae_creation,ae_creation_package,ae_creation,Multiple,,,,Search for the Runoff Caverns west of Lost Valley Redoubt.,Official AE Creation Club bundle installed,Package-level AE Creation parent row; detailed quest item system location and reward rows deferred,,,,unknown,,,,AE Creation,,unknown,unknown,AE Survival Mode interaction deferred,unclassified,main_route,SN-000035-ae-bundle-membership-and-parent-inventory.md,needs_review,not_started,UESP category: Apparel; Creatures; Gameplay; World; package-level parent row
OBJ-000505,Saturalia Holiday Pack,ae_creation,ae_creation_package,ae_creation,Multiple,,,,"Outfit and mount obtained from Agrane Peryval, west of Dawnstar.",Official AE Creation Club bundle installed,Package-level AE Creation parent row; detailed quest item system location and reward rows deferred,,,,unknown,,,,AE Creation,,unknown,unknown,AE Survival Mode interaction deferred,unclassified,main_route,SN-000035-ae-bundle-membership-and-parent-inventory.md,needs_review,not_started,UESP category: Apparel; Creatures; package-level parent row
OBJ-000506,Sunder & Wraithguard,ae_creation,ae_creation_package,ae_creation,Multiple,,,,"Quest ""Legends Lost"" starts by reading the Lost Caravan Guard's Note at the New Gnisis Cornerclub in Windhelm.",Official AE Creation Club bundle installed,Package-level AE Creation parent row; detailed quest item system location and reward rows deferred,,,,unknown,,,,AE Creation,,unknown,unknown,AE Survival Mode interaction deferred,unclassified,main_route,SN-000035-ae-bundle-membership-and-parent-inventory.md,needs_review,not_started,UESP category: Apparel; Weapons; package-level parent row
OBJ-000507,Vigil Enforcer Armor Set,ae_creation,ae_creation_package,ae_creation,Multiple,,,,"Quest ""Unholy Vigil"" starts by reading the Letter to Keeper Carcette in the Hall of the Vigilant south of Dawnstar.",Official AE Creation Club bundle installed,Package-level AE Creation parent row; detailed quest item system location and reward rows deferred,,,,unknown,,,,AE Creation,,unknown,unknown,AE Survival Mode interaction deferred,unclassified,main_route,SN-000035-ae-bundle-membership-and-parent-inventory.md,needs_review,not_started,UESP category: Apparel; package-level parent row
OBJ-000508,Arms of Chaos,ae_creation,ae_creation_package,ae_creation,Multiple,,,,"Quest ""The Arms of Chaos"" starts by reading Hyenril's Journal at Skytemple Ruins, north of the College of Winterhold.",Official AE Creation Club bundle installed,Package-level AE Creation parent row; detailed quest item system location and reward rows deferred,,,,unknown,,,,AE Creation,,unknown,unknown,AE Survival Mode interaction deferred,unclassified,main_route,SN-000035-ae-bundle-membership-and-parent-inventory.md,needs_review,not_started,UESP category: Apparel; Weapons; package-level parent row
OBJ-000509,Shadowfoot Sanctum,ae_creation,ae_creation_package,ae_creation,Multiple,,,,House can be purchased from Vekel the Man in the Ragged Flagon in the Riften Ratway.,Official AE Creation Club bundle installed,Package-level AE Creation parent row; detailed quest item system location and reward rows deferred,,,,unknown,,,,AE Creation,,unknown,unknown,AE Survival Mode interaction deferred,unclassified,main_route,SN-000035-ae-bundle-membership-and-parent-inventory.md,needs_review,not_started,UESP category: World; package-level parent row
OBJ-000510,Spell Knight Armor,ae_creation,ae_creation_package,ae_creation,Multiple,,,,"Quest ""Crypt of the Heart"" starts by reading Crypt of the Heart - Draft at the Silver-Blood Inn in Markarth.",Official AE Creation Club bundle installed,Package-level AE Creation parent row; detailed quest item system location and reward rows deferred,,,,unknown,,,,AE Creation,,unknown,unknown,AE Survival Mode interaction deferred,unclassified,main_route,SN-000035-ae-bundle-membership-and-parent-inventory.md,needs_review,not_started,UESP category: Apparel; Gameplay; package-level parent row
OBJ-000511,Umbra,ae_creation,ae_creation_package,ae_creation,Multiple,,,,"Quest ""Vile Whispers"" starts by reading the Vigilant's Report in Champion's Rest, found in the mountains north-northeast of Riften.",Official AE Creation Club bundle installed,Package-level AE Creation parent row; detailed quest item system location and reward rows deferred,,,,unknown,,,,AE Creation,,unknown,unknown,AE Survival Mode interaction deferred,unclassified,main_route,SN-000035-ae-bundle-membership-and-parent-inventory.md,needs_review,not_started,UESP category: Weapons; package-level parent row
OBJ-000512,Alternative Armors - Dwarven Mail,ae_creation,ae_creation_package,ae_creation,Multiple,,,,"Quest ""Fan Favorite"" starts by reading Arena Fan's Note at a camp southeast of Ivarstead.",Official AE Creation Club bundle installed,Package-level AE Creation parent row; detailed quest item system location and reward rows deferred,,,,unknown,,,,AE Creation,,unknown,unknown,AE Survival Mode interaction deferred,unclassified,main_route,SN-000035-ae-bundle-membership-and-parent-inventory.md,needs_review,not_started,UESP category: Apparel; package-level parent row
OBJ-000513,Alternative Armors - Stalhrim Fur,ae_creation,ae_creation_package,ae_creation,Multiple,,,,"Quest ""Ancient Ice"" starts by reading Skjol's Journal at the camp south-southwest of Skaal Village.",Official AE Creation Club bundle installed,Package-level AE Creation parent row; detailed quest item system location and reward rows deferred,,,,unknown,,,,AE Creation,,unknown,unknown,AE Survival Mode interaction deferred,unclassified,main_route,SN-000035-ae-bundle-membership-and-parent-inventory.md,needs_review,not_started,UESP category: Apparel; package-level parent row
OBJ-000514,Dawnfang & Duskfang,ae_creation,ae_creation_package,ae_creation,Multiple,,,,"Quest ""A Soul Divided"" starts by exploring the Riften Ratway",Official AE Creation Club bundle installed,Package-level AE Creation parent row; detailed quest item system location and reward rows deferred,,,,unknown,,,,AE Creation,,unknown,unknown,AE Survival Mode interaction deferred,unclassified,main_route,SN-000035-ae-bundle-membership-and-parent-inventory.md,needs_review,not_started,UESP category: Weapons; package-level parent row
OBJ-000515,Expanded Crossbow Pack,ae_creation,ae_creation_package,ae_creation,Multiple,,,,Crossbows bought from Fletcher in Solitude; crafting unlocked once acquired,Official AE Creation Club bundle installed,Package-level AE Creation parent row; detailed quest item system location and reward rows deferred,,,,unknown,,,,AE Creation,,unknown,unknown,AE Survival Mode interaction deferred,unclassified,main_route,SN-000035-ae-bundle-membership-and-parent-inventory.md,needs_review,not_started,UESP category: Weapons; package-level parent row
OBJ-000516,Netch Leather Armor,ae_creation,ae_creation_package,ae_creation,Multiple,,,,"Quest ""More Than You Can Chew"" starts by reading the Peddler's Journal on a body of a Dark Elf north-northwest of Skaal Village, and southeast of Haknir's Shoal.",Official AE Creation Club bundle installed,Package-level AE Creation parent row; detailed quest item system location and reward rows deferred,,,,unknown,,,,AE Creation,,unknown,unknown,AE Survival Mode interaction deferred,unclassified,main_route,SN-000035-ae-bundle-membership-and-parent-inventory.md,needs_review,not_started,UESP category: Apparel; package-level parent row
OBJ-000517,Alternative Armors - Daedric Mail,ae_creation,ae_creation_package,ae_creation,Multiple,,,,"Quest ""Missing Merchant"" starts by speaking to the innkeeper of Candlehearth Hall in Windhelm.",Official AE Creation Club bundle installed,Package-level AE Creation parent row; detailed quest item system location and reward rows deferred,,,,unknown,,,,AE Creation,,unknown,unknown,AE Survival Mode interaction deferred,unclassified,main_route,SN-000035-ae-bundle-membership-and-parent-inventory.md,needs_review,not_started,UESP category: Apparel; package-level parent row
OBJ-000518,Alternative Armors - Dragonscale,ae_creation,ae_creation_package,ae_creation,Multiple,,,,"Quest ""Tilted Scales"" starts by reading The Crimson Dirks, v4 in Candlehearth Hall in Windhelm.",Official AE Creation Club bundle installed,Package-level AE Creation parent row; detailed quest item system location and reward rows deferred,,,,unknown,,,,AE Creation,,unknown,unknown,AE Survival Mode interaction deferred,unclassified,main_route,SN-000035-ae-bundle-membership-and-parent-inventory.md,needs_review,not_started,UESP category: Apparel; package-level parent row
OBJ-000519,Alternative Armors - Elven Hunter,ae_creation,ae_creation_package,ae_creation,Multiple,,,,"Quest ""Once a Hunter"" starts by reading Guard Dossier: Aesrael in the Falkreath Barracks.",Official AE Creation Club bundle installed,Package-level AE Creation parent row; detailed quest item system location and reward rows deferred,,,,unknown,,,,AE Creation,,unknown,unknown,AE Survival Mode interaction deferred,unclassified,main_route,SN-000035-ae-bundle-membership-and-parent-inventory.md,needs_review,not_started,UESP category: Apparel; package-level parent row
OBJ-000520,Alternative Armors - Ebony Plate,ae_creation,ae_creation_package,ae_creation,Multiple,,,,"Quest ""Heart of Crimson"" starts by reading the Letter from Tyra Blood-Fire delivered by courier upon reaching level 32.",Official AE Creation Club bundle installed,Package-level AE Creation parent row; detailed quest item system location and reward rows deferred,,,,unknown,,,,AE Creation,,unknown,unknown,AE Survival Mode interaction deferred,unclassified,main_route,SN-000035-ae-bundle-membership-and-parent-inventory.md,needs_review,not_started,UESP category: Apparel; package-level parent row
OBJ-000521,Alternative Armors - Steel Soldier,ae_creation,ae_creation_package,ae_creation,Multiple,,,,"Quest ""Over the Edge"" starts by reading Suicide at Dragon Bridge in Four Shields Tavern at Dragon Bridge.",Official AE Creation Club bundle installed,Package-level AE Creation parent row; detailed quest item system location and reward rows deferred,,,,unknown,,,,AE Creation,,unknown,unknown,AE Survival Mode interaction deferred,unclassified,main_route,SN-000035-ae-bundle-membership-and-parent-inventory.md,needs_review,not_started,UESP category: Apparel; package-level parent row
OBJ-000522,Dead Man's Dread,ae_creation,ae_creation_package,ae_creation,Multiple,,,,"Quest ""The Restless"" starts by reading the book The Restless at The Winking Skeever in Solitude.",Official AE Creation Club bundle installed,Package-level AE Creation parent row; detailed quest item system location and reward rows deferred,,,,unknown,,,,AE Creation,,unknown,unknown,AE Survival Mode interaction deferred,unclassified,main_route,SN-000035-ae-bundle-membership-and-parent-inventory.md,needs_review,not_started,UESP category: Apparel; Weapons; package-level parent row
OBJ-000523,Goblins,ae_creation,ae_creation_package,ae_creation,Multiple,,,,"Quest ""Blue in the Face"" starts by reading Letter to Clexius at The Bee and Barb in Riften.",Official AE Creation Club bundle installed,Package-level AE Creation parent row; detailed quest item system location and reward rows deferred,,,,unknown,,,,AE Creation,,unknown,unknown,AE Survival Mode interaction deferred,unclassified,main_route,SN-000035-ae-bundle-membership-and-parent-inventory.md,needs_review,not_started,UESP category: Creatures; package-level parent row
OBJ-000524,Saints & Seducers,ae_creation,ae_creation_package,ae_creation,Multiple,,,,"Quest ""Balance of Power"" starts by talking to the traveling Khajiit Merchant Ri'saad.",Official AE Creation Club bundle installed,Package-level AE Creation parent row; detailed quest item system location and reward rows deferred,,,,unknown,,,,AE Creation,,unknown,unknown,AE Survival Mode interaction deferred,unclassified,main_route,SN-000035-ae-bundle-membership-and-parent-inventory.md,needs_review,not_started,UESP category: Apparel; Creatures; Gameplay; Weapons; World; package-level parent row
OBJ-000525,Hendraheim,ae_creation,ae_creation_package,ae_creation,Multiple,,,,"Quest ""Hendraheim"" starts by reading the Warrior's Challenge delivered by courier upon reaching level 10.",Official AE Creation Club bundle installed,Package-level AE Creation parent row; detailed quest item system location and reward rows deferred,,,,unknown,,,,AE Creation,,unknown,unknown,AE Survival Mode interaction deferred,unclassified,main_route,SN-000035-ae-bundle-membership-and-parent-inventory.md,needs_review,not_started,UESP category: World; package-level parent row
OBJ-000526,The Gray Cowl Returns!,ae_creation,ae_creation_package,ae_creation,Multiple,,,,"Quest ""The Gray Cowl of Nocturnal"" starts by confronting a thief in the Riften graveyard.",Official AE Creation Club bundle installed,Package-level AE Creation parent row; detailed quest item system location and reward rows deferred,,,,unknown,,,,AE Creation,,unknown,unknown,AE Survival Mode interaction deferred,unclassified,main_route,SN-000035-ae-bundle-membership-and-parent-inventory.md,needs_review,not_started,UESP category: Apparel; package-level parent row
OBJ-000527,Alternative Armors - Daedric Plate,ae_creation,ae_creation_package,ae_creation,Multiple,,,,"Quest ""Beyond the Grave"" starts by reading Death of a Crimson Dirk in Dragonreach Dungeon in Whiterun.",Official AE Creation Club bundle installed,Package-level AE Creation parent row; detailed quest item system location and reward rows deferred,,,,unknown,,,,AE Creation,,unknown,unknown,AE Survival Mode interaction deferred,unclassified,main_route,SN-000035-ae-bundle-membership-and-parent-inventory.md,needs_review,not_started,UESP category: Apparel; package-level parent row
OBJ-000528,Alternative Armors - Dragon Plate,ae_creation,ae_creation_package,ae_creation,Multiple,,,,Bones for a Crow starts by speaking to an innkeeper for Bounty for Crowstooth,Official AE Creation Club bundle installed,Package-level AE Creation parent row; detailed quest item system location and reward rows deferred,,,,unknown,,,,AE Creation,,unknown,unknown,AE Survival Mode interaction deferred,unclassified,main_route,SN-000035-ae-bundle-membership-and-parent-inventory.md,needs_review,not_started,UESP category: Apparel; package-level parent row
OBJ-000529,Alternative Armors - Dwarven Plate,ae_creation,ae_creation_package,ae_creation,Multiple,,,,"Quest ""Mightier than the Sword"" starts by reading Looter's Note at the Silver-Blood Inn in Markarth.",Official AE Creation Club bundle installed,Package-level AE Creation parent row; detailed quest item system location and reward rows deferred,,,,unknown,,,,AE Creation,,unknown,unknown,AE Survival Mode interaction deferred,unclassified,main_route,SN-000035-ae-bundle-membership-and-parent-inventory.md,needs_review,not_started,UESP category: Apparel; package-level parent row
OBJ-000530,Alternative Armors - Iron,ae_creation,ae_creation_package,ae_creation,Multiple,,,,"Quest ""Brothers in Irons"" starts by reading Nightgate Inn Patron's Note in Nightgate Inn.",Official AE Creation Club bundle installed,Package-level AE Creation parent row; detailed quest item system location and reward rows deferred,,,,unknown,,,,AE Creation,,unknown,unknown,AE Survival Mode interaction deferred,unclassified,main_route,SN-000035-ae-bundle-membership-and-parent-inventory.md,needs_review,not_started,UESP category: Apparel; package-level parent row
OBJ-000531,Alternative Armors - Leather,ae_creation,ae_creation_package,ae_creation,Multiple,,,,Double-Edged starts by reading Zaharia's Note at Cliffside Retreat,Official AE Creation Club bundle installed,Package-level AE Creation parent row; detailed quest item system location and reward rows deferred,,,,unknown,,,,AE Creation,,unknown,unknown,AE Survival Mode interaction deferred,unclassified,main_route,SN-000035-ae-bundle-membership-and-parent-inventory.md,needs_review,not_started,UESP category: Apparel; package-level parent row
OBJ-000532,Alternative Armors - Orcish Plate,ae_creation,ae_creation_package,ae_creation,Multiple,,,,"Quest ""Smith 'n Slash"" starts by reading ""Guard's Dossier: Yakhtu gra-Orkulg"" at the Guard Barracks inside the gate in Whiterun.",Official AE Creation Club bundle installed,Package-level AE Creation parent row; detailed quest item system location and reward rows deferred,,,,unknown,,,,AE Creation,,unknown,unknown,AE Survival Mode interaction deferred,unclassified,main_route,SN-000035-ae-bundle-membership-and-parent-inventory.md,needs_review,not_started,UESP category: Apparel; package-level parent row
OBJ-000533,Alternative Armors - Orcish Scaled,ae_creation,ae_creation_package,ae_creation,Multiple,,,,"Quest ""Gambler's Edge"" starts by reading Guard's Dossier: Antonius at the Mistveil Keep Barracks in Riften.",Official AE Creation Club bundle installed,Package-level AE Creation parent row; detailed quest item system location and reward rows deferred,,,,unknown,,,,AE Creation,,unknown,unknown,AE Survival Mode interaction deferred,unclassified,main_route,SN-000035-ae-bundle-membership-and-parent-inventory.md,needs_review,not_started,UESP category: Apparel; package-level parent row
OBJ-000534,Alternative Armors - Silver,ae_creation,ae_creation_package,ae_creation,Multiple,,,,"Quest ""When the Cat's Away"" starts by reading M'Sharra's Diary at The Bannered Mare in Whiterun.",Official AE Creation Club bundle installed,Package-level AE Creation parent row; detailed quest item system location and reward rows deferred,,,,unknown,,,,AE Creation,,unknown,unknown,AE Survival Mode interaction deferred,unclassified,main_route,SN-000035-ae-bundle-membership-and-parent-inventory.md,needs_review,not_started,UESP category: Apparel; package-level parent row
OBJ-000535,Bittercup,ae_creation,ae_creation_package,ae_creation,Multiple,,,,A Dying Wish starts by reading Mysterious Altar in Dead Man's Drink; later choice branches deferred,Official AE Creation Club bundle installed,Package-level AE Creation parent row; detailed quest item system location and reward rows deferred,,,,unknown,,,,AE Creation,,unknown,unknown,AE Survival Mode interaction deferred,unclassified,main_route,SN-000035-ae-bundle-membership-and-parent-inventory.md,needs_review,not_started,UESP category: World; package-level parent row
OBJ-000536,Bloodchill Manor,ae_creation,ae_creation_package,ae_creation,Multiple,,,,"Quest ""Guests for Dinner"" starts by reading the Dinner Invitation delivered by courier upon reaching level 12.",Official AE Creation Club bundle installed,Package-level AE Creation parent row; detailed quest item system location and reward rows deferred,,,,unknown,,,,AE Creation,,unknown,unknown,AE Survival Mode interaction deferred,unclassified,main_route,SN-000035-ae-bundle-membership-and-parent-inventory.md,needs_review,not_started,UESP category: World; package-level parent row
OBJ-000537,Bow of Shadows,ae_creation,ae_creation_package,ae_creation,Multiple,,,,"Quest ""In the Shadows"" starts by speaking to the Jarl's Steward in Dragonsreach.",Official AE Creation Club bundle installed,Package-level AE Creation parent row; detailed quest item system location and reward rows deferred,,,,unknown,,,,AE Creation,,unknown,unknown,AE Survival Mode interaction deferred,unclassified,main_route,SN-000035-ae-bundle-membership-and-parent-inventory.md,needs_review,not_started,UESP category: Weapons; package-level parent row
OBJ-000538,Farming,ae_creation,ae_creation_package,ae_creation,Multiple,,,,"Quest ""The Unquiet Dead"" starts by investigating Goldenhills Plantation east of Rorikstead.",Official AE Creation Club bundle installed,Package-level AE Creation parent row; detailed quest item system location and reward rows deferred,,,,unknown,,,,AE Creation,,unknown,unknown,AE Survival Mode interaction deferred,unclassified,main_route,SN-000035-ae-bundle-membership-and-parent-inventory.md,needs_review,not_started,UESP category: Gameplay; World; package-level parent row
OBJ-000539,Fearsome Fists,ae_creation,ae_creation_package,ae_creation,Multiple,,,,"Items appear at vendors, in chests, and can be crafted at any forge.",Official AE Creation Club bundle installed,Package-level AE Creation parent row; detailed quest item system location and reward rows deferred,,,,unknown,,,,AE Creation,,unknown,unknown,AE Survival Mode interaction deferred,unclassified,main_route,SN-000035-ae-bundle-membership-and-parent-inventory.md,needs_review,not_started,UESP category: Apparel; package-level parent row
OBJ-000540,Fishing,ae_creation,ae_creation_package,ae_creation,Multiple,,,,"Initial quest, ""Angler Acquaintances,"" starts by using any Fishing Supplies scattered across Skyrim.",Official AE Creation Club bundle installed,Package-level AE Creation parent row; detailed quest item system location and reward rows deferred,,,,unknown,,,,AE Creation,,unknown,unknown,AE Survival Mode interaction deferred,unclassified,main_route,SN-000035-ae-bundle-membership-and-parent-inventory.md,needs_review,not_started,UESP category: Gameplay; package-level parent row
OBJ-000541,Gallows Hall,ae_creation,ae_creation_package,ae_creation,Multiple,,,,"Quest ""Dreams of the Dead"" starts by reading Naara's Journal within the abandoned fort on the northern edge of Mara's Eye Pond.",Official AE Creation Club bundle installed,Package-level AE Creation parent row; detailed quest item system location and reward rows deferred,,,,unknown,,,,AE Creation,,unknown,unknown,AE Survival Mode interaction deferred,unclassified,main_route,SN-000035-ae-bundle-membership-and-parent-inventory.md,needs_review,not_started,UESP category: World; package-level parent row
OBJ-000542,Ghosts of the Tribunal,ae_creation,ae_creation_package,ae_creation,Multiple,,,,"Quest ""Ghosts of the Tribunal"" starts by reading Heretic Dossier: Blacksmith's Confessional at the Temple in Raven Rock.",Official AE Creation Club bundle installed,Package-level AE Creation parent row; detailed quest item system location and reward rows deferred,,,,unknown,,,,AE Creation,,unknown,unknown,AE Survival Mode interaction deferred,unclassified,main_route,SN-000035-ae-bundle-membership-and-parent-inventory.md,needs_review,not_started,UESP category: Apparel; Weapons; package-level parent row
OBJ-000543,Goldbrand,ae_creation,ae_creation_package,ae_creation,Multiple,,,,"Quest ""A Matter of Pride"" starts by finding Eranya in the Sacellum of Boethiah east of Windhelm.",Official AE Creation Club bundle installed,Package-level AE Creation parent row; detailed quest item system location and reward rows deferred,,,,unknown,,,,AE Creation,,unknown,unknown,AE Survival Mode interaction deferred,unclassified,main_route,SN-000035-ae-bundle-membership-and-parent-inventory.md,needs_review,not_started,UESP category: Weapons; package-level parent row
OBJ-000544,Headman's Cleaver,ae_creation,ae_creation_package,ae_creation,Multiple,,,,"Quest ""Blood in the Water"" can be provided when asking an innkeeper if they've heard any rumors lately.",Official AE Creation Club bundle installed,Package-level AE Creation parent row; detailed quest item system location and reward rows deferred,,,,unknown,,,,AE Creation,,unknown,unknown,AE Survival Mode interaction deferred,unclassified,main_route,SN-000035-ae-bundle-membership-and-parent-inventory.md,needs_review,not_started,UESP category: Weapons; package-level parent row
OBJ-000545,Horse Armor - Elven,ae_creation,ae_creation_package,ae_creation,Multiple,,,,Obtained via hostler at any stable.,Official AE Creation Club bundle installed,Package-level AE Creation parent row; detailed quest item system location and reward rows deferred,,,,unknown,,,,AE Creation,,unknown,unknown,AE Survival Mode interaction deferred,unclassified,main_route,SN-000035-ae-bundle-membership-and-parent-inventory.md,needs_review,not_started,UESP category: Apparel; package-level parent row
OBJ-000546,Horse Armor - Steel,ae_creation,ae_creation_package,ae_creation,Multiple,,,,Obtained via hostler at any stable.,Official AE Creation Club bundle installed,Package-level AE Creation parent row; detailed quest item system location and reward rows deferred,,,,unknown,,,,AE Creation,,unknown,unknown,AE Survival Mode interaction deferred,unclassified,main_route,SN-000035-ae-bundle-membership-and-parent-inventory.md,needs_review,not_started,UESP category: Apparel; package-level parent row
OBJ-000547,Nchuanthumz: Dwarven Home,ae_creation,ae_creation_package,ae_creation,Multiple,,,,"Quest starts by reading ""Seeks-Ancient-Artifacts' Journal, v1"" in the Frozen Hearth in Winterhold.",Official AE Creation Club bundle installed,Package-level AE Creation parent row; detailed quest item system location and reward rows deferred,,,,unknown,,,,AE Creation,,unknown,unknown,AE Survival Mode interaction deferred,unclassified,main_route,SN-000035-ae-bundle-membership-and-parent-inventory.md,needs_review,not_started,UESP category: World; package-level parent row
OBJ-000548,Necromantic Grimoire,ae_creation,ae_creation_package,ae_creation,Multiple,,,,Items can be purchased at vendors and appear in containers.,Official AE Creation Club bundle installed,Package-level AE Creation parent row; detailed quest item system location and reward rows deferred,,,,unknown,,,,AE Creation,,unknown,unknown,AE Survival Mode interaction deferred,unclassified,main_route,SN-000035-ae-bundle-membership-and-parent-inventory.md,needs_review,not_started,UESP category: Gameplay; package-level parent row
OBJ-000549,Redguard Elite Armaments,ae_creation,ae_creation_package,ae_creation,Multiple,,,,"Quest ""Interception"" starts by talking to Azadi in Shor's Stone far north of Riften.",Official AE Creation Club bundle installed,Package-level AE Creation parent row; detailed quest item system location and reward rows deferred,,,,unknown,,,,AE Creation,,unknown,unknown,AE Survival Mode interaction deferred,unclassified,main_route,SN-000035-ae-bundle-membership-and-parent-inventory.md,needs_review,not_started,UESP category: Apparel; Weapons; package-level parent row
OBJ-000550,Staves,ae_creation,ae_creation_package,ae_creation,Multiple,,,,Items appear at vendors and in chests.,Official AE Creation Club bundle installed,Package-level AE Creation parent row; detailed quest item system location and reward rows deferred,,,,unknown,,,,AE Creation,,unknown,unknown,AE Survival Mode interaction deferred,unclassified,main_route,SN-000035-ae-bundle-membership-and-parent-inventory.md,needs_review,not_started,UESP category: Weapons; package-level parent row
OBJ-000551,The Cause,ae_creation,ae_creation_package,ae_creation,Multiple,,,,"Quest ""The Cause"" starts by reading the Stranger's Plea delivered by courier upon reaching level 46.",Official AE Creation Club bundle installed,Package-level AE Creation parent row; detailed quest item system location and reward rows deferred,,,,unknown,,,,AE Creation,,unknown,unknown,AE Survival Mode interaction deferred,unclassified,main_route,SN-000035-ae-bundle-membership-and-parent-inventory.md,needs_review,not_started,UESP category: Characters; Weapons; World; package-level parent row
OBJ-000552,The Contest,ae_creation,ae_creation_package,ae_creation,Multiple,,,,"Quest ""Caught in a Web"" starts by reading Adonato Leotelli's Journal in Candlehearth Hall.",Official AE Creation Club bundle installed,Package-level AE Creation parent row; detailed quest item system location and reward rows deferred,,,,unknown,,,,AE Creation,,unknown,unknown,AE Survival Mode interaction deferred,unclassified,main_route,SN-000035-ae-bundle-membership-and-parent-inventory.md,needs_review,not_started,UESP category: Weapons; package-level parent row
OBJ-000553,Missing Merchant,quest,ae_creation_quest,ae_creation,,,,,,Official AE Creation Club bundle installed | Parent package row OBJ-000517 (Alternative Armors - Daedric Mail),Complete source-listed AE Creation Club quest; exact stage boundary deferred,,,,unknown,,,,Quest | AE Creation,,unknown,unknown,AE Survival Mode travel and resource implications deferred,unclassified,unclassified,SN-000036-ae-creation-quest-inventory.md,needs_review,not_started,"Parent package: Alternative Armors - Daedric Mail; source-list child quest row. Start trigger, rewards, branches, bugs, and checklist synchronization deferred."
OBJ-000554,Beyond the Grave,quest,ae_creation_quest,ae_creation,,,,,,Official AE Creation Club bundle installed | Parent package row OBJ-000527 (Alternative Armors - Daedric Plate),Complete source-listed AE Creation Club quest; exact stage boundary deferred,,,,unknown,,,,Quest | AE Creation,,unknown,unknown,AE Survival Mode travel and resource implications deferred,unclassified,unclassified,SN-000036-ae-creation-quest-inventory.md,needs_review,not_started,"Parent package: Alternative Armors - Daedric Plate; source-list child quest row. Start trigger, rewards, branches, bugs, and checklist synchronization deferred."
OBJ-000555,Tilted Scales,quest,ae_creation_quest,ae_creation,,,,,,Official AE Creation Club bundle installed | Parent package row OBJ-000518 (Alternative Armors - Dragonscale),Complete source-listed AE Creation Club quest; exact stage boundary deferred,,,,unknown,,,,Quest | AE Creation,,unknown,unknown,AE Survival Mode travel and resource implications deferred,unclassified,unclassified,SN-000036-ae-creation-quest-inventory.md,needs_review,not_started,"Parent package: Alternative Armors - Dragonscale; source-list child quest row. Start trigger, rewards, branches, bugs, and checklist synchronization deferred."
OBJ-000556,Bones for a Crow,quest,ae_creation_quest,ae_creation,,,,,,Official AE Creation Club bundle installed | Parent package row OBJ-000528 (Alternative Armors - Dragon Plate),Complete source-listed AE Creation Club quest; exact stage boundary deferred,,,,unknown,,,,Quest | AE Creation,,unknown,unknown,AE Survival Mode travel and resource implications deferred,unclassified,unclassified,SN-000036-ae-creation-quest-inventory.md,needs_review,not_started,"Parent package: Alternative Armors - Dragon Plate; source-list child quest row. Start trigger, rewards, branches, bugs, and checklist synchronization deferred."
OBJ-000557,Fan Favorite,quest,ae_creation_quest,ae_creation,,,,,,Official AE Creation Club bundle installed | Parent package row OBJ-000512 (Alternative Armors - Dwarven Mail),Complete source-listed AE Creation Club quest; exact stage boundary deferred,,,,unknown,,,,Quest | AE Creation,,unknown,unknown,AE Survival Mode travel and resource implications deferred,unclassified,unclassified,SN-000036-ae-creation-quest-inventory.md,needs_review,not_started,"Parent package: Alternative Armors - Dwarven Mail; source-list child quest row. Start trigger, rewards, branches, bugs, and checklist synchronization deferred."
OBJ-000558,Mightier than the Sword,quest,ae_creation_quest,ae_creation,,,,,,Official AE Creation Club bundle installed | Parent package row OBJ-000529 (Alternative Armors - Dwarven Plate),Complete source-listed AE Creation Club quest; exact stage boundary deferred,,,,unknown,,,,Quest | AE Creation,,unknown,unknown,AE Survival Mode travel and resource implications deferred,unclassified,unclassified,SN-000036-ae-creation-quest-inventory.md,needs_review,not_started,"Parent package: Alternative Armors - Dwarven Plate; source-list child quest row. Start trigger, rewards, branches, bugs, and checklist synchronization deferred."
OBJ-000559,Heart of Crimson,quest,ae_creation_quest,ae_creation,,,,,,Official AE Creation Club bundle installed | Parent package row OBJ-000520 (Alternative Armors - Ebony Plate),Complete source-listed AE Creation Club quest; exact stage boundary deferred,,,,unknown,,,,Quest | AE Creation,,unknown,unknown,AE Survival Mode travel and resource implications deferred,unclassified,unclassified,SN-000036-ae-creation-quest-inventory.md,needs_review,not_started,"Parent package: Alternative Armors - Ebony Plate; source-list child quest row. Start trigger, rewards, branches, bugs, and checklist synchronization deferred."
OBJ-000560,Once A Hunter,quest,ae_creation_quest,ae_creation,,,,,,Official AE Creation Club bundle installed | Parent package row OBJ-000519 (Alternative Armors - Elven Hunter),Complete source-listed AE Creation Club quest; exact stage boundary deferred,,,,unknown,,,,Quest | AE Creation,,unknown,unknown,AE Survival Mode travel and resource implications deferred,unclassified,unclassified,SN-000036-ae-creation-quest-inventory.md,needs_review,not_started,"Parent package: Alternative Armors - Elven Hunter; source-list child quest row. Start trigger, rewards, branches, bugs, and checklist synchronization deferred."
OBJ-000561,Brothers in Irons,quest,ae_creation_quest,ae_creation,,,,,,Official AE Creation Club bundle installed | Parent package row OBJ-000530 (Alternative Armors - Iron),Complete source-listed AE Creation Club quest; exact stage boundary deferred,,,,unknown,,,,Quest | AE Creation,,unknown,unknown,AE Survival Mode travel and resource implications deferred,unclassified,unclassified,SN-000036-ae-creation-quest-inventory.md,needs_review,not_started,"Parent package: Alternative Armors - Iron; source-list child quest row. Start trigger, rewards, branches, bugs, and checklist synchronization deferred."
OBJ-000562,Double-Edged,quest,ae_creation_quest,ae_creation,,,,,,Official AE Creation Club bundle installed | Parent package row OBJ-000531 (Alternative Armors - Leather),Complete source-listed AE Creation Club quest; exact stage boundary deferred,,,,unknown,,,,Quest | AE Creation,,unknown,unknown,AE Survival Mode travel and resource implications deferred,unclassified,unclassified,SN-000036-ae-creation-quest-inventory.md,needs_review,not_started,"Parent package: Alternative Armors - Leather; source-list child quest row. Start trigger, rewards, branches, bugs, and checklist synchronization deferred."
OBJ-000563,Smith 'N Slash,quest,ae_creation_quest,ae_creation,,,,,,Official AE Creation Club bundle installed | Parent package row OBJ-000532 (Alternative Armors - Orcish Plate),Complete source-listed AE Creation Club quest; exact stage boundary deferred,,,,unknown,,,,Quest | AE Creation,,unknown,unknown,AE Survival Mode travel and resource implications deferred,unclassified,unclassified,SN-000036-ae-creation-quest-inventory.md,needs_review,not_started,"Parent package: Alternative Armors - Orcish Plate; source-list child quest row. Start trigger, rewards, branches, bugs, and checklist synchronization deferred."
OBJ-000564,Gambler's Edge,quest,ae_creation_quest,ae_creation,,,,,,Official AE Creation Club bundle installed | Parent package row OBJ-000533 (Alternative Armors - Orcish Scaled),Complete source-listed AE Creation Club quest; exact stage boundary deferred,,,,unknown,,,,Quest | AE Creation,,unknown,unknown,AE Survival Mode travel and resource implications deferred,unclassified,unclassified,SN-000036-ae-creation-quest-inventory.md,needs_review,not_started,"Parent package: Alternative Armors - Orcish Scaled; source-list child quest row. Start trigger, rewards, branches, bugs, and checklist synchronization deferred."
OBJ-000565,When the Cat's Away,quest,ae_creation_quest,ae_creation,,,,,,Official AE Creation Club bundle installed | Parent package row OBJ-000534 (Alternative Armors - Silver),Complete source-listed AE Creation Club quest; exact stage boundary deferred,,,,unknown,,,,Quest | AE Creation,,unknown,unknown,AE Survival Mode travel and resource implications deferred,unclassified,unclassified,SN-000036-ae-creation-quest-inventory.md,needs_review,not_started,"Parent package: Alternative Armors - Silver; source-list child quest row. Start trigger, rewards, branches, bugs, and checklist synchronization deferred."
OBJ-000566,Ancient Ice,quest,ae_creation_quest,ae_creation,,,,,,Official AE Creation Club bundle installed | Parent package row OBJ-000513 (Alternative Armors - Stalhrim Fur),Complete source-listed AE Creation Club quest; exact stage boundary deferred,,,,unknown,,,,Quest | AE Creation,,unknown,unknown,AE Survival Mode travel and resource implications deferred,unclassified,unclassified,SN-000036-ae-creation-quest-inventory.md,needs_review,not_started,"Parent package: Alternative Armors - Stalhrim Fur; source-list child quest row. Start trigger, rewards, branches, bugs, and checklist synchronization deferred."
OBJ-000567,Over the Edge,quest,ae_creation_quest,ae_creation,,,,,,Official AE Creation Club bundle installed | Parent package row OBJ-000521 (Alternative Armors - Steel Soldier),Complete source-listed AE Creation Club quest; exact stage boundary deferred,,,,unknown,,,,Quest | AE Creation,,unknown,unknown,AE Survival Mode travel and resource implications deferred,unclassified,unclassified,SN-000036-ae-creation-quest-inventory.md,needs_review,not_started,"Parent package: Alternative Armors - Steel Soldier; source-list child quest row. Start trigger, rewards, branches, bugs, and checklist synchronization deferred."
OBJ-000568,The Lost Library,quest,ae_creation_quest,ae_creation,,,,,,Official AE Creation Club bundle installed | Parent package row OBJ-000480 (Arcane Accessories),Complete source-listed AE Creation Club quest; exact stage boundary deferred,,,,unknown,,,,Quest | AE Creation,,unknown,unknown,AE Survival Mode travel and resource implications deferred,unclassified,unclassified,SN-000036-ae-creation-quest-inventory.md,needs_review,not_started,"Parent package: Arcane Accessories; source-list child quest row. Start trigger, rewards, branches, bugs, and checklist synchronization deferred."
OBJ-000569,Stealer of Souls,quest,ae_creation_quest,ae_creation,,,,,,Official AE Creation Club bundle installed | Parent package row OBJ-000481 (Arcane Archer Pack),Complete source-listed AE Creation Club quest; exact stage boundary deferred,,,,unknown,,,,Quest | AE Creation,,unknown,unknown,AE Survival Mode travel and resource implications deferred,unclassified,unclassified,SN-000036-ae-creation-quest-inventory.md,needs_review,not_started,"Parent package: Arcane Archer Pack; source-list child quest row. Start trigger, rewards, branches, bugs, and checklist synchronization deferred."
OBJ-000570,Swift as an Arrow,quest,ae_creation_quest,ae_creation,,,,,,Official AE Creation Club bundle installed | Parent package row OBJ-000481 (Arcane Archer Pack),Complete source-listed AE Creation Club quest; exact stage boundary deferred,,,,unknown,,,,Quest | AE Creation,,unknown,unknown,AE Survival Mode travel and resource implications deferred,unclassified,unclassified,SN-000036-ae-creation-quest-inventory.md,needs_review,not_started,"Parent package: Arcane Archer Pack; source-list child quest row. Start trigger, rewards, branches, bugs, and checklist synchronization deferred."
OBJ-000571,The Arms of Chaos,quest,ae_creation_quest,ae_creation,,,,,,Official AE Creation Club bundle installed | Parent package row OBJ-000508 (Arms of Chaos),Complete source-listed AE Creation Club quest; exact stage boundary deferred,,,,unknown,,,,Quest | AE Creation,,unknown,unknown,AE Survival Mode travel and resource implications deferred,unclassified,unclassified,SN-000036-ae-creation-quest-inventory.md,needs_review,not_started,"Parent package: Arms of Chaos; source-list child quest row. Start trigger, rewards, branches, bugs, and checklist synchronization deferred."
OBJ-000572,A Dying Wish,quest,ae_creation_quest,ae_creation,,,,,,Official AE Creation Club bundle installed | Parent package row OBJ-000535 (Bittercup),Complete source-listed AE Creation Club quest; exact stage boundary deferred,,,,unknown,,,,Quest | AE Creation,,unknown,unknown,AE Survival Mode travel and resource implications deferred,unclassified,unclassified,SN-000036-ae-creation-quest-inventory.md,needs_review,not_started,"Parent package: Bittercup; source-list child quest row. Start trigger, rewards, branches, bugs, and checklist synchronization deferred."
OBJ-000573,Fortunate Son,quest,ae_creation_quest,ae_creation,,,,,,Official AE Creation Club bundle installed | Parent package row OBJ-000535 (Bittercup),Complete source-listed AE Creation Club quest; exact stage boundary deferred,,,,unknown,,,,Quest | AE Creation,,unknown,unknown,AE Survival Mode travel and resource implications deferred,unclassified,unclassified,SN-000036-ae-creation-quest-inventory.md,needs_review,not_started,"Parent package: Bittercup; source-list child quest row. Start trigger, rewards, branches, bugs, and checklist synchronization deferred."
OBJ-000574,The Pit,quest,ae_creation_quest,ae_creation,,,,,,Official AE Creation Club bundle installed | Parent package row OBJ-000535 (Bittercup),Complete source-listed AE Creation Club quest; exact stage boundary deferred,,,,unknown,,,,Quest | AE Creation,,unknown,unknown,AE Survival Mode travel and resource implications deferred,unclassified,unclassified,SN-000036-ae-creation-quest-inventory.md,needs_review,not_started,"Parent package: Bittercup; UESP page title: The Pit (quest); source-list child quest row. Start trigger, rewards, branches, bugs, and checklist synchronization deferred."
OBJ-000575,Guests for Dinner,quest,ae_creation_quest,ae_creation,,,,,,Official AE Creation Club bundle installed | Parent package row OBJ-000536 (Bloodchill Manor),Complete source-listed AE Creation Club quest; exact stage boundary deferred,,,,unknown,,,,Quest | AE Creation,,unknown,unknown,AE Survival Mode travel and resource implications deferred,unclassified,unclassified,SN-000036-ae-creation-quest-inventory.md,needs_review,not_started,"Parent package: Bloodchill Manor; source-list child quest row. Start trigger, rewards, branches, bugs, and checklist synchronization deferred."
OBJ-000576,Let Sleeping Wolves Lie,quest,ae_creation_quest,ae_creation,,,,,,Official AE Creation Club bundle installed | Parent package row OBJ-000499 (Bone Wolf),Complete source-listed AE Creation Club quest; exact stage boundary deferred,,,,unknown,,,,Quest | AE Creation,,unknown,unknown,AE Survival Mode travel and resource implications deferred,unclassified,unclassified,SN-000036-ae-creation-quest-inventory.md,needs_review,not_started,"Parent package: Bone Wolf; source-list child quest row. Start trigger, rewards, branches, bugs, and checklist synchronization deferred."
OBJ-000577,In the Shadows,quest,ae_creation_quest,ae_creation,,,,,,Official AE Creation Club bundle installed | Parent package row OBJ-000537 (Bow of Shadows),Complete source-listed AE Creation Club quest; exact stage boundary deferred,,,,unknown,,,,Quest | AE Creation,,unknown,unknown,AE Survival Mode travel and resource implications deferred,unclassified,unclassified,SN-000036-ae-creation-quest-inventory.md,needs_review,not_started,"Parent package: Bow of Shadows; source-list child quest row. Start trigger, rewards, branches, bugs, and checklist synchronization deferred."
OBJ-000578,The Lost Paladin,quest,ae_creation_quest,ae_creation,,,,,,Official AE Creation Club bundle installed | Parent package row OBJ-000482 (Chrysamere),Complete source-listed AE Creation Club quest; exact stage boundary deferred,,,,unknown,,,,Quest | AE Creation,,unknown,unknown,AE Survival Mode travel and resource implications deferred,unclassified,unclassified,SN-000036-ae-creation-quest-inventory.md,needs_review,not_started,"Parent package: Chrysamere; source-list child quest row. Start trigger, rewards, branches, bugs, and checklist synchronization deferred."
OBJ-000579,Battle of the Champions,quest,ae_creation_quest,ae_creation,,,,,,Official AE Creation Club bundle installed | Parent package row OBJ-000502 (Civil War Champions),Complete source-listed AE Creation Club quest; exact stage boundary deferred,,,,unknown,,,,Quest | AE Creation,,unknown,unknown,AE Survival Mode travel and resource implications deferred,unclassified,unclassified,SN-000036-ae-creation-quest-inventory.md,needs_review,not_started,"Parent package: Civil War Champions; source-list child quest row. Start trigger, rewards, branches, bugs, and checklist synchronization deferred."
OBJ-000580,A Soul Divided,quest,ae_creation_quest,ae_creation,,,,,,Official AE Creation Club bundle installed | Parent package row OBJ-000514 (Dawnfang & Duskfang),Complete source-listed AE Creation Club quest; exact stage boundary deferred,,,,unknown,,,,Quest | AE Creation,,unknown,unknown,AE Survival Mode travel and resource implications deferred,unclassified,unclassified,SN-000036-ae-creation-quest-inventory.md,needs_review,not_started,"Parent package: Dawnfang & Duskfang; source-list child quest row. Start trigger, rewards, branches, bugs, and checklist synchronization deferred."
OBJ-000581,Bloodthirst,quest,ae_creation_quest,ae_creation,,,,,,Official AE Creation Club bundle installed | Parent package row OBJ-000514 (Dawnfang & Duskfang),Complete source-listed AE Creation Club quest; exact stage boundary deferred,,,,unknown,,,,Quest | AE Creation,,unknown,unknown,AE Survival Mode travel and resource implications deferred,unclassified,unclassified,SN-000036-ae-creation-quest-inventory.md,needs_review,not_started,"Parent package: Dawnfang & Duskfang; UESP page title: Bloodthirst (quest); source-list child quest row. Start trigger, rewards, branches, bugs, and checklist synchronization deferred."
OBJ-000582,The Restless,quest,ae_creation_quest,ae_creation,,,,,,Official AE Creation Club bundle installed | Parent package row OBJ-000522 (Dead Man's Dread),Complete source-listed AE Creation Club quest; exact stage boundary deferred,,,,unknown,,,,Quest | AE Creation,,unknown,unknown,AE Survival Mode travel and resource implications deferred,unclassified,unclassified,SN-000036-ae-creation-quest-inventory.md,needs_review,not_started,"Parent package: Dead Man's Dread; source-list child quest row. Start trigger, rewards, branches, bugs, and checklist synchronization deferred."
OBJ-000583,The Pilgrim's Path,quest,ae_creation_quest,ae_creation,,,,,,Official AE Creation Club bundle installed | Parent package row OBJ-000483 (Divine Crusader),Complete source-listed AE Creation Club quest; exact stage boundary deferred,,,,unknown,,,,Quest | AE Creation,,unknown,unknown,AE Survival Mode travel and resource implications deferred,unclassified,unclassified,SN-000036-ae-creation-quest-inventory.md,needs_review,not_started,"Parent package: Divine Crusader; source-list child quest row. Start trigger, rewards, branches, bugs, and checklist synchronization deferred."
OBJ-000584,Relics of the Crusader,quest,ae_creation_quest,ae_creation,,,,,,Official AE Creation Club bundle installed | Parent package row OBJ-000483 (Divine Crusader),Complete source-listed AE Creation Club quest; exact stage boundary deferred,,,,unknown,,,,Quest | AE Creation,,unknown,unknown,AE Survival Mode travel and resource implications deferred,unclassified,unclassified,SN-000036-ae-creation-quest-inventory.md,needs_review,not_started,"Parent package: Divine Crusader; source-list child quest row. Start trigger, rewards, branches, bugs, and checklist synchronization deferred."
OBJ-000585,My Pet Mudcrab,quest,ae_creation_quest,ae_creation,,,,,,Official AE Creation Club bundle installed | Parent package row OBJ-000488 (Dwarven Armored Mudcrab),Complete source-listed AE Creation Club quest; exact stage boundary deferred,,,,unknown,,,,Quest | AE Creation,,unknown,unknown,AE Survival Mode travel and resource implications deferred,unclassified,unclassified,SN-000036-ae-creation-quest-inventory.md,needs_review,not_started,"Parent package: Dwarven Armored Mudcrab; source-list child quest row. Start trigger, rewards, branches, bugs, and checklist synchronization deferred."
OBJ-000586,Night Hunter,quest,ae_creation_quest,ae_creation,,,,,,Official AE Creation Club bundle installed | Parent package row OBJ-000503 (Elite Crossbows),Complete source-listed AE Creation Club quest; exact stage boundary deferred,,,,unknown,,,,Quest | AE Creation,,unknown,unknown,AE Survival Mode travel and resource implications deferred,unclassified,unclassified,SN-000036-ae-creation-quest-inventory.md,needs_review,not_started,"Parent package: Elite Crossbows; source-list child quest row. Start trigger, rewards, branches, bugs, and checklist synchronization deferred."
OBJ-000587,A Farmer's Life For Me,quest,ae_creation_quest,ae_creation,,,,,,Official AE Creation Club bundle installed | Parent package row OBJ-000538 (Farming),Complete source-listed AE Creation Club quest; exact stage boundary deferred,,,,unknown,,,,Quest | AE Creation,,unknown,unknown,AE Survival Mode travel and resource implications deferred,unclassified,unclassified,SN-000036-ae-creation-quest-inventory.md,needs_review,not_started,"Parent package: Farming; source-list child quest row. Start trigger, rewards, branches, bugs, and checklist synchronization deferred."
OBJ-000588,The Unquiet Dead,quest,ae_creation_quest,ae_creation,,,,,,Official AE Creation Club bundle installed | Parent package row OBJ-000538 (Farming),Complete source-listed AE Creation Club quest; exact stage boundary deferred,,,,unknown,,,,Quest | AE Creation,,unknown,unknown,AE Survival Mode travel and resource implications deferred,unclassified,unclassified,SN-000036-ae-creation-quest-inventory.md,needs_review,not_started,"Parent package: Farming; source-list child quest row. Start trigger, rewards, branches, bugs, and checklist synchronization deferred."
OBJ-000589,Angler Acquaintances,quest,ae_creation_quest,ae_creation,,,,,,Official AE Creation Club bundle installed | Parent package row OBJ-000540 (Fishing),Complete source-listed AE Creation Club quest; exact stage boundary deferred,,,,unknown,,,,Quest | AE Creation,,unknown,unknown,AE Survival Mode travel and resource implications deferred,unclassified,unclassified,SN-000036-ae-creation-quest-inventory.md,needs_review,not_started,"Parent package: Fishing; source-list child quest row. Start trigger, rewards, branches, bugs, and checklist synchronization deferred."
OBJ-000590,Beneath Bronze Waters,quest,ae_creation_quest,ae_creation,,,,,,Official AE Creation Club bundle installed | Parent package row OBJ-000540 (Fishing),Complete source-listed AE Creation Club quest; exact stage boundary deferred,,,,unknown,,,,Quest | AE Creation,,unknown,unknown,AE Survival Mode travel and resource implications deferred,unclassified,unclassified,SN-000036-ae-creation-quest-inventory.md,needs_review,not_started,"Parent package: Fishing; source-list child quest row. Start trigger, rewards, branches, bugs, and checklist synchronization deferred."
OBJ-000591,Clear-Headed,quest,ae_creation_quest,ae_creation,,,,,,Official AE Creation Club bundle installed | Parent package row OBJ-000540 (Fishing),Complete source-listed AE Creation Club quest; exact stage boundary deferred,,,,unknown,,,,Quest | AE Creation,,unknown,unknown,AE Survival Mode travel and resource implications deferred,unclassified,unclassified,SN-000036-ae-creation-quest-inventory.md,needs_review,not_started,"Parent package: Fishing; source-list child quest row. Start trigger, rewards, branches, bugs, and checklist synchronization deferred."
OBJ-000592,Catch of the Day,quest,ae_creation_quest,ae_creation,,,,,,Official AE Creation Club bundle installed | Parent package row OBJ-000540 (Fishing),Complete source-listed AE Creation Club quest; exact stage boundary deferred,,,,unknown,,,,Quest | AE Creation,,unknown,unknown,AE Survival Mode travel and resource implications deferred,unclassified,unclassified,SN-000036-ae-creation-quest-inventory.md,needs_review,not_started,"Parent package: Fishing; source-list child quest row. Start trigger, rewards, branches, bugs, and checklist synchronization deferred."
OBJ-000593,Caught in the Rain,quest,ae_creation_quest,ae_creation,,,,,,Official AE Creation Club bundle installed | Parent package row OBJ-000540 (Fishing),Complete source-listed AE Creation Club quest; exact stage boundary deferred,,,,unknown,,,,Quest | AE Creation,,unknown,unknown,AE Survival Mode travel and resource implications deferred,unclassified,unclassified,SN-000036-ae-creation-quest-inventory.md,needs_review,not_started,"Parent package: Fishing; source-list child quest row. Start trigger, rewards, branches, bugs, and checklist synchronization deferred."
OBJ-000594,Crustacean Extermination,quest,ae_creation_quest,ae_creation,,,,,,Official AE Creation Club bundle installed | Parent package row OBJ-000540 (Fishing),Complete source-listed AE Creation Club quest; exact stage boundary deferred,,,,unknown,,,,Quest | AE Creation,,unknown,unknown,AE Survival Mode travel and resource implications deferred,unclassified,unclassified,SN-000036-ae-creation-quest-inventory.md,needs_review,not_started,"Parent package: Fishing; source-list child quest row. Start trigger, rewards, branches, bugs, and checklist synchronization deferred."
OBJ-000595,Darkest Depths,quest,ae_creation_quest,ae_creation,,,,,,Official AE Creation Club bundle installed | Parent package row OBJ-000540 (Fishing),Complete source-listed AE Creation Club quest; exact stage boundary deferred,,,,unknown,,,,Quest | AE Creation,,unknown,unknown,AE Survival Mode travel and resource implications deferred,unclassified,unclassified,SN-000036-ae-creation-quest-inventory.md,needs_review,not_started,"Parent package: Fishing; source-list child quest row. Start trigger, rewards, branches, bugs, and checklist synchronization deferred."
OBJ-000596,End of the Line,quest,ae_creation_quest,ae_creation,,,,,,Official AE Creation Club bundle installed | Parent package row OBJ-000540 (Fishing),Complete source-listed AE Creation Club quest; exact stage boundary deferred,,,,unknown,,,,Quest | AE Creation,,unknown,unknown,AE Survival Mode travel and resource implications deferred,unclassified,unclassified,SN-000036-ae-creation-quest-inventory.md,needs_review,not_started,"Parent package: Fishing; source-list child quest row. Start trigger, rewards, branches, bugs, and checklist synchronization deferred."
OBJ-000597,Fishing Legend,quest,ae_creation_quest,ae_creation,,,,,,Official AE Creation Club bundle installed | Parent package row OBJ-000540 (Fishing),Complete source-listed AE Creation Club quest; exact stage boundary deferred,,,,unknown,,,,Quest | AE Creation,,unknown,unknown,AE Survival Mode travel and resource implications deferred,unclassified,unclassified,SN-000036-ae-creation-quest-inventory.md,needs_review,not_started,"Parent package: Fishing; source-list child quest row. Start trigger, rewards, branches, bugs, and checklist synchronization deferred."
OBJ-000598,Frozen Fish,quest,ae_creation_quest,ae_creation,,,,,,Official AE Creation Club bundle installed | Parent package row OBJ-000540 (Fishing),Complete source-listed AE Creation Club quest; exact stage boundary deferred,,,,unknown,,,,Quest | AE Creation,,unknown,unknown,AE Survival Mode travel and resource implications deferred,unclassified,unclassified,SN-000036-ae-creation-quest-inventory.md,needs_review,not_started,"Parent package: Fishing; source-list child quest row. Start trigger, rewards, branches, bugs, and checklist synchronization deferred."
OBJ-000599,Further Study,quest,ae_creation_quest,ae_creation,,,,,,Official AE Creation Club bundle installed | Parent package row OBJ-000540 (Fishing),Complete source-listed AE Creation Club quest; exact stage boundary deferred,,,,unknown,,,,Quest | AE Creation,,unknown,unknown,AE Survival Mode travel and resource implications deferred,unclassified,unclassified,SN-000036-ae-creation-quest-inventory.md,needs_review,not_started,"Parent package: Fishing; source-list child quest row. Start trigger, rewards, branches, bugs, and checklist synchronization deferred."
OBJ-000600,Heart of Gold,quest,ae_creation_quest,ae_creation,,,,,,Official AE Creation Club bundle installed | Parent package row OBJ-000540 (Fishing),Complete source-listed AE Creation Club quest; exact stage boundary deferred,,,,unknown,,,,Quest | AE Creation,,unknown,unknown,AE Survival Mode travel and resource implications deferred,unclassified,unclassified,SN-000036-ae-creation-quest-inventory.md,needs_review,not_started,"Parent package: Fishing; source-list child quest row. Start trigger, rewards, branches, bugs, and checklist synchronization deferred."
OBJ-000601,In A Pinch,quest,ae_creation_quest,ae_creation,,,,,,Official AE Creation Club bundle installed | Parent package row OBJ-000540 (Fishing),Complete source-listed AE Creation Club quest; exact stage boundary deferred,,,,unknown,,,,Quest | AE Creation,,unknown,unknown,AE Survival Mode travel and resource implications deferred,unclassified,unclassified,SN-000036-ae-creation-quest-inventory.md,needs_review,not_started,"Parent package: Fishing; source-list child quest row. Start trigger, rewards, branches, bugs, and checklist synchronization deferred."
OBJ-000602,No Contest,quest,ae_creation_quest,ae_creation,,,,,,Official AE Creation Club bundle installed | Parent package row OBJ-000540 (Fishing),Complete source-listed AE Creation Club quest; exact stage boundary deferred,,,,unknown,,,,Quest | AE Creation,,unknown,unknown,AE Survival Mode travel and resource implications deferred,unclassified,unclassified,SN-000036-ae-creation-quest-inventory.md,needs_review,not_started,"Parent package: Fishing; source-list child quest row. Start trigger, rewards, branches, bugs, and checklist synchronization deferred."
OBJ-000603,Private Lessons,quest,ae_creation_quest,ae_creation,,,,,,Official AE Creation Club bundle installed | Parent package row OBJ-000540 (Fishing),Complete source-listed AE Creation Club quest; exact stage boundary deferred,,,,unknown,,,,Quest | AE Creation,,unknown,unknown,AE Survival Mode travel and resource implications deferred,unclassified,unclassified,SN-000036-ae-creation-quest-inventory.md,needs_review,not_started,"Parent package: Fishing; source-list child quest row. Start trigger, rewards, branches, bugs, and checklist synchronization deferred."
OBJ-000604,Rubbish Retrieval,quest,ae_creation_quest,ae_creation,,,,,,Official AE Creation Club bundle installed | Parent package row OBJ-000540 (Fishing),Complete source-listed AE Creation Club quest; exact stage boundary deferred,,,,unknown,,,,Quest | AE Creation,,unknown,unknown,AE Survival Mode travel and resource implications deferred,unclassified,unclassified,SN-000036-ae-creation-quest-inventory.md,needs_review,not_started,"Parent package: Fishing; source-list child quest row. Start trigger, rewards, branches, bugs, and checklist synchronization deferred."
OBJ-000605,Spirits Away,quest,ae_creation_quest,ae_creation,,,,,,Official AE Creation Club bundle installed | Parent package row OBJ-000540 (Fishing),Complete source-listed AE Creation Club quest; exact stage boundary deferred,,,,unknown,,,,Quest | AE Creation,,unknown,unknown,AE Survival Mode travel and resource implications deferred,unclassified,unclassified,SN-000036-ae-creation-quest-inventory.md,needs_review,not_started,"Parent package: Fishing; source-list child quest row. Start trigger, rewards, branches, bugs, and checklist synchronization deferred."
OBJ-000606,Stocking Up,quest,ae_creation_quest,ae_creation,,,,,,Official AE Creation Club bundle installed | Parent package row OBJ-000540 (Fishing),Complete source-listed AE Creation Club quest; exact stage boundary deferred,,,,unknown,,,,Quest | AE Creation,,unknown,unknown,AE Survival Mode travel and resource implications deferred,unclassified,unclassified,SN-000036-ae-creation-quest-inventory.md,needs_review,not_started,"Parent package: Fishing; source-list child quest row. Start trigger, rewards, branches, bugs, and checklist synchronization deferred."
OBJ-000607,The Ultimate Feast,quest,ae_creation_quest,ae_creation,,,,,,Official AE Creation Club bundle installed | Parent package row OBJ-000540 (Fishing),Complete source-listed AE Creation Club quest; exact stage boundary deferred,,,,unknown,,,,Quest | AE Creation,,unknown,unknown,AE Survival Mode travel and resource implications deferred,unclassified,unclassified,SN-000036-ae-creation-quest-inventory.md,needs_review,not_started,"Parent package: Fishing; source-list child quest row. Start trigger, rewards, branches, bugs, and checklist synchronization deferred."
OBJ-000608,Tusked Terror,quest,ae_creation_quest,ae_creation,,,,,,Official AE Creation Club bundle installed | Parent package row OBJ-000540 (Fishing),Complete source-listed AE Creation Club quest; exact stage boundary deferred,,,,unknown,,,,Quest | AE Creation,,unknown,unknown,AE Survival Mode travel and resource implications deferred,unclassified,unclassified,SN-000036-ae-creation-quest-inventory.md,needs_review,not_started,"Parent package: Fishing; source-list child quest row. Start trigger, rewards, branches, bugs, and checklist synchronization deferred."
OBJ-000609,Two of a Kind,quest,ae_creation_quest,ae_creation,,,,,,Official AE Creation Club bundle installed | Parent package row OBJ-000540 (Fishing),Complete source-listed AE Creation Club quest; exact stage boundary deferred,,,,unknown,,,,Quest | AE Creation,,unknown,unknown,AE Survival Mode travel and resource implications deferred,unclassified,unclassified,SN-000036-ae-creation-quest-inventory.md,needs_review,not_started,"Parent package: Fishing; source-list child quest row. Start trigger, rewards, branches, bugs, and checklist synchronization deferred."
OBJ-000610,Wave Breaker,quest,ae_creation_quest,ae_creation,,,,,,Official AE Creation Club bundle installed | Parent package row OBJ-000540 (Fishing),Complete source-listed AE Creation Club quest; exact stage boundary deferred,,,,unknown,,,,Quest | AE Creation,,unknown,unknown,AE Survival Mode travel and resource implications deferred,unclassified,unclassified,SN-000036-ae-creation-quest-inventory.md,needs_review,not_started,"Parent package: Fishing; source-list child quest row. Start trigger, rewards, branches, bugs, and checklist synchronization deferred."
OBJ-000611,The Dwarven Crown,quest,ae_creation_quest,ae_creation,,,,,,Official AE Creation Club bundle installed | Parent package row OBJ-000504 (Forgotten Seasons),Complete source-listed AE Creation Club quest; exact stage boundary deferred,,,,unknown,,,,Quest | AE Creation,,unknown,unknown,AE Survival Mode travel and resource implications deferred,unclassified,unclassified,SN-000036-ae-creation-quest-inventory.md,needs_review,not_started,"Parent package: Forgotten Seasons; source-list child quest row. Start trigger, rewards, branches, bugs, and checklist synchronization deferred."
OBJ-000612,The Dwarven Horse,quest,ae_creation_quest,ae_creation,,,,,,Official AE Creation Club bundle installed | Parent package row OBJ-000504 (Forgotten Seasons),Complete source-listed AE Creation Club quest; exact stage boundary deferred,,,,unknown,,,,Quest | AE Creation,,unknown,unknown,AE Survival Mode travel and resource implications deferred,unclassified,unclassified,SN-000036-ae-creation-quest-inventory.md,needs_review,not_started,"Parent package: Forgotten Seasons; source-list child quest row. Start trigger, rewards, branches, bugs, and checklist synchronization deferred."
OBJ-000613,Forgotten Seasons,quest,ae_creation_quest,ae_creation,,,,,,Official AE Creation Club bundle installed | Parent package row OBJ-000504 (Forgotten Seasons),Complete source-listed AE Creation Club quest; exact stage boundary deferred,,,,unknown,,,,Quest | AE Creation,,unknown,unknown,AE Survival Mode travel and resource implications deferred,unclassified,unclassified,SN-000036-ae-creation-quest-inventory.md,needs_review,not_started,"Parent package: Forgotten Seasons; UESP page title: Forgotten Seasons (quest); source-list child quest row. Start trigger, rewards, branches, bugs, and checklist synchronization deferred."
OBJ-000614,Dreams of the Dead,quest,ae_creation_quest,ae_creation,,,,,,Official AE Creation Club bundle installed | Parent package row OBJ-000541 (Gallows Hall),Complete source-listed AE Creation Club quest; exact stage boundary deferred,,,,unknown,,,,Quest | AE Creation,,unknown,unknown,AE Survival Mode travel and resource implications deferred,unclassified,unclassified,SN-000036-ae-creation-quest-inventory.md,needs_review,not_started,"Parent package: Gallows Hall; source-list child quest row. Start trigger, rewards, branches, bugs, and checklist synchronization deferred."
OBJ-000615,Ashen Heart,quest,ae_creation_quest,ae_creation,,,,,,Official AE Creation Club bundle installed | Parent package row OBJ-000542 (Ghosts of the Tribunal),Complete source-listed AE Creation Club quest; exact stage boundary deferred,,,,unknown,,,,Quest | AE Creation,,unknown,unknown,AE Survival Mode travel and resource implications deferred,unclassified,unclassified,SN-000036-ae-creation-quest-inventory.md,needs_review,not_started,"Parent package: Ghosts of the Tribunal; source-list child quest row. Start trigger, rewards, branches, bugs, and checklist synchronization deferred."
OBJ-000616,Buyer Beware,quest,ae_creation_quest,ae_creation,,,,,,Official AE Creation Club bundle installed | Parent package row OBJ-000542 (Ghosts of the Tribunal),Complete source-listed AE Creation Club quest; exact stage boundary deferred,,,,unknown,,,,Quest | AE Creation,,unknown,unknown,AE Survival Mode travel and resource implications deferred,unclassified,unclassified,SN-000036-ae-creation-quest-inventory.md,needs_review,not_started,"Parent package: Ghosts of the Tribunal; source-list child quest row. Start trigger, rewards, branches, bugs, and checklist synchronization deferred."
OBJ-000617,Careless Curation,quest,ae_creation_quest,ae_creation,,,,,,Official AE Creation Club bundle installed | Parent package row OBJ-000542 (Ghosts of the Tribunal),Complete source-listed AE Creation Club quest; exact stage boundary deferred,,,,unknown,,,,Quest | AE Creation,,unknown,unknown,AE Survival Mode travel and resource implications deferred,unclassified,unclassified,SN-000036-ae-creation-quest-inventory.md,needs_review,not_started,"Parent package: Ghosts of the Tribunal; source-list child quest row. Start trigger, rewards, branches, bugs, and checklist synchronization deferred."
OBJ-000618,Ghosts of the Tribunal,quest,ae_creation_quest,ae_creation,,,,,,Official AE Creation Club bundle installed | Parent package row OBJ-000542 (Ghosts of the Tribunal),Complete source-listed AE Creation Club quest; exact stage boundary deferred,,,,unknown,,,,Quest | AE Creation,,unknown,unknown,AE Survival Mode travel and resource implications deferred,unclassified,unclassified,SN-000036-ae-creation-quest-inventory.md,needs_review,not_started,"Parent package: Ghosts of the Tribunal; UESP page title: Ghosts of the Tribunal (quest); source-list child quest row. Start trigger, rewards, branches, bugs, and checklist synchronization deferred."
OBJ-000619,Her Word Against Theirs,quest,ae_creation_quest,ae_creation,,,,,,Official AE Creation Club bundle installed | Parent package row OBJ-000542 (Ghosts of the Tribunal),Complete source-listed AE Creation Club quest; exact stage boundary deferred,,,,unknown,,,,Quest | AE Creation,,unknown,unknown,AE Survival Mode travel and resource implications deferred,unclassified,unclassified,SN-000036-ae-creation-quest-inventory.md,needs_review,not_started,"Parent package: Ghosts of the Tribunal; source-list child quest row. Start trigger, rewards, branches, bugs, and checklist synchronization deferred."
OBJ-000620,Trueflame,quest,ae_creation_quest,ae_creation,,,,,,Official AE Creation Club bundle installed | Parent package row OBJ-000542 (Ghosts of the Tribunal),Complete source-listed AE Creation Club quest; exact stage boundary deferred,,,,unknown,,,,Quest | AE Creation,,unknown,unknown,AE Survival Mode travel and resource implications deferred,unclassified,unclassified,SN-000036-ae-creation-quest-inventory.md,needs_review,not_started,"Parent package: Ghosts of the Tribunal; UESP page title: Trueflame (quest); source-list child quest row. Start trigger, rewards, branches, bugs, and checklist synchronization deferred."
OBJ-000621,Blue in the Face,quest,ae_creation_quest,ae_creation,,,,,,Official AE Creation Club bundle installed | Parent package row OBJ-000523 (Goblins),Complete source-listed AE Creation Club quest; exact stage boundary deferred,,,,unknown,,,,Quest | AE Creation,,unknown,unknown,AE Survival Mode travel and resource implications deferred,unclassified,unclassified,SN-000036-ae-creation-quest-inventory.md,needs_review,not_started,"Parent package: Goblins; source-list child quest row. Start trigger, rewards, branches, bugs, and checklist synchronization deferred."
OBJ-000622,A Matter of Pride,quest,ae_creation_quest,ae_creation,,,,,,Official AE Creation Club bundle installed | Parent package row OBJ-000543 (Goldbrand),Complete source-listed AE Creation Club quest; exact stage boundary deferred,,,,unknown,,,,Quest | AE Creation,,unknown,unknown,AE Survival Mode travel and resource implications deferred,unclassified,unclassified,SN-000036-ae-creation-quest-inventory.md,needs_review,not_started,"Parent package: Goldbrand; source-list child quest row. Start trigger, rewards, branches, bugs, and checklist synchronization deferred."
OBJ-000623,Blood in the Water,quest,ae_creation_quest,ae_creation,,,,,,Official AE Creation Club bundle installed | Parent package row OBJ-000544 (Headman's Cleaver),Complete source-listed AE Creation Club quest; exact stage boundary deferred,,,,unknown,,,,Quest | AE Creation,,unknown,unknown,AE Survival Mode travel and resource implications deferred,unclassified,unclassified,SN-000036-ae-creation-quest-inventory.md,needs_review,not_started,"Parent package: Headman's Cleaver; source-list child quest row. Start trigger, rewards, branches, bugs, and checklist synchronization deferred."
OBJ-000624,Hendraheim,quest,ae_creation_quest,ae_creation,,,,,,Official AE Creation Club bundle installed | Parent package row OBJ-000525 (Hendraheim),Complete source-listed AE Creation Club quest; exact stage boundary deferred,,,,unknown,,,,Quest | AE Creation,,unknown,unknown,AE Survival Mode travel and resource implications deferred,unclassified,unclassified,SN-000036-ae-creation-quest-inventory.md,needs_review,not_started,"Parent package: Hendraheim; UESP page title: Hendraheim (quest); source-list child quest row. Start trigger, rewards, branches, bugs, and checklist synchronization deferred."
OBJ-000625,Gift of Kynareth,quest,ae_creation_quest,ae_creation,,,,,,Official AE Creation Club bundle installed | Parent package row OBJ-000489 (Lord's Mail),Complete source-listed AE Creation Club quest; exact stage boundary deferred,,,,unknown,,,,Quest | AE Creation,,unknown,unknown,AE Survival Mode travel and resource implications deferred,unclassified,unclassified,SN-000036-ae-creation-quest-inventory.md,needs_review,not_started,"Parent package: Lord's Mail; source-list child quest row. Start trigger, rewards, branches, bugs, and checklist synchronization deferred."
OBJ-000626,Myrwatch,quest,ae_creation_quest,ae_creation,,,,,,Official AE Creation Club bundle installed | Parent package row OBJ-000495 (Myrwatch),Complete source-listed AE Creation Club quest; exact stage boundary deferred,,,,unknown,,,,Quest | AE Creation,,unknown,unknown,AE Survival Mode travel and resource implications deferred,unclassified,unclassified,SN-000036-ae-creation-quest-inventory.md,needs_review,not_started,"Parent package: Myrwatch; UESP page title: Myrwatch (quest); source-list child quest row. Start trigger, rewards, branches, bugs, and checklist synchronization deferred."
OBJ-000627,The Sanctuary and the Manufactory,quest,ae_creation_quest,ae_creation,,,,,,Official AE Creation Club bundle installed | Parent package row OBJ-000547 (Nchuanthumz: Dwarven Home),Complete source-listed AE Creation Club quest; exact stage boundary deferred,,,,unknown,,,,Quest | AE Creation,,unknown,unknown,AE Survival Mode travel and resource implications deferred,unclassified,unclassified,SN-000036-ae-creation-quest-inventory.md,needs_review,not_started,"Parent package: Nchuanthumz: Dwarven Home; source-list child quest row. Start trigger, rewards, branches, bugs, and checklist synchronization deferred."
OBJ-000628,More Than You Can Chew,quest,ae_creation_quest,ae_creation,,,,,,Official AE Creation Club bundle installed | Parent package row OBJ-000516 (Netch Leather Armor),Complete source-listed AE Creation Club quest; exact stage boundary deferred,,,,unknown,,,,Quest | AE Creation,,unknown,unknown,AE Survival Mode travel and resource implications deferred,unclassified,unclassified,SN-000036-ae-creation-quest-inventory.md,needs_review,not_started,"Parent package: Netch Leather Armor; source-list child quest row. Start trigger, rewards, branches, bugs, and checklist synchronization deferred."
OBJ-000629,My Pet Nix-Hound,quest,ae_creation_quest,ae_creation,,,,,,Official AE Creation Club bundle installed | Parent package row OBJ-000492 (Nix-Hound),Complete source-listed AE Creation Club quest; exact stage boundary deferred,,,,unknown,,,,Quest | AE Creation,,unknown,unknown,AE Survival Mode travel and resource implications deferred,unclassified,unclassified,SN-000036-ae-creation-quest-inventory.md,needs_review,not_started,"Parent package: Nix-Hound; source-list child quest row. Start trigger, rewards, branches, bugs, and checklist synchronization deferred."
OBJ-000630,Nordic Jewelry,quest,ae_creation_quest,ae_creation,,,,,,Official AE Creation Club bundle installed | Parent package row OBJ-000496 (Nordic Jewelry),Complete source-listed AE Creation Club quest; exact stage boundary deferred,,,,unknown,,,,Quest | AE Creation,,unknown,unknown,AE Survival Mode travel and resource implications deferred,unclassified,unclassified,SN-000036-ae-creation-quest-inventory.md,needs_review,not_started,"Parent package: Nordic Jewelry; UESP page title: Nordic Jewelry (quest); source-list child quest row. Start trigger, rewards, branches, bugs, and checklist synchronization deferred."
OBJ-000631,Pets of Skyrim,quest,ae_creation_quest,ae_creation,,,,,,Official AE Creation Club bundle installed | Parent package row OBJ-000497 (Pets of Skyrim),Complete source-listed AE Creation Club quest; exact stage boundary deferred,,,,unknown,,,,Quest | AE Creation,,unknown,unknown,AE Survival Mode travel and resource implications deferred,unclassified,unclassified,SN-000036-ae-creation-quest-inventory.md,needs_review,not_started,"Parent package: Pets of Skyrim; UESP page title: Pets of Skyrim (quest); source-list child quest row. Start trigger, rewards, branches, bugs, and checklist synchronization deferred."
OBJ-000632,The Rising Dead,quest,ae_creation_quest,ae_creation,,,,,,Official AE Creation Club bundle installed | Parent package row OBJ-000484 (Plague of the Dead),Complete source-listed AE Creation Club quest; exact stage boundary deferred,,,,unknown,,,,Quest | AE Creation,,unknown,unknown,AE Survival Mode travel and resource implications deferred,unclassified,unclassified,SN-000036-ae-creation-quest-inventory.md,needs_review,not_started,"Parent package: Plague of the Dead; source-list child quest row. Start trigger, rewards, branches, bugs, and checklist synchronization deferred."
OBJ-000633,Interception,quest,ae_creation_quest,ae_creation,,,,,,Official AE Creation Club bundle installed | Parent package row OBJ-000549 (Redguard Elite Armaments),Complete source-listed AE Creation Club quest; exact stage boundary deferred,,,,unknown,,,,Quest | AE Creation,,unknown,unknown,AE Survival Mode travel and resource implications deferred,unclassified,unclassified,SN-000036-ae-creation-quest-inventory.md,needs_review,not_started,"Parent package: Redguard Elite Armaments; source-list child quest row. Start trigger, rewards, branches, bugs, and checklist synchronization deferred."
OBJ-000634,The Edge of Ruin,quest,ae_creation_quest,ae_creation,,,,,,Official AE Creation Club bundle installed | Parent package row OBJ-000485 (Ruin's Edge),Complete source-listed AE Creation Club quest; exact stage boundary deferred,,,,unknown,,,,Quest | AE Creation,,unknown,unknown,AE Survival Mode travel and resource implications deferred,unclassified,unclassified,SN-000036-ae-creation-quest-inventory.md,needs_review,not_started,"Parent package: Ruin's Edge; source-list child quest row. Start trigger, rewards, branches, bugs, and checklist synchronization deferred."
OBJ-000635,Amber and Madness Smithing,quest,ae_creation_quest,ae_creation,,,,,,Official AE Creation Club bundle installed | Parent package row OBJ-000524 (Saints & Seducers),Complete source-listed AE Creation Club quest; exact stage boundary deferred,,,,unknown,,,,Quest | AE Creation,,unknown,unknown,AE Survival Mode travel and resource implications deferred,unclassified,unclassified,SN-000036-ae-creation-quest-inventory.md,needs_review,not_started,"Parent package: Saints & Seducers; source-list child quest row. Start trigger, rewards, branches, bugs, and checklist synchronization deferred."
OBJ-000636,Balance of Power,quest,ae_creation_quest,ae_creation,,,,,,Official AE Creation Club bundle installed | Parent package row OBJ-000524 (Saints & Seducers),Complete source-listed AE Creation Club quest; exact stage boundary deferred,,,,unknown,,,,Quest | AE Creation,,unknown,unknown,AE Survival Mode travel and resource implications deferred,unclassified,unclassified,SN-000036-ae-creation-quest-inventory.md,needs_review,not_started,"Parent package: Saints & Seducers; source-list child quest row. Start trigger, rewards, branches, bugs, and checklist synchronization deferred."
OBJ-000637,Golden and Dark Smithing,quest,ae_creation_quest,ae_creation,,,,,,Official AE Creation Club bundle installed | Parent package row OBJ-000524 (Saints & Seducers),Complete source-listed AE Creation Club quest; exact stage boundary deferred,,,,unknown,,,,Quest | AE Creation,,unknown,unknown,AE Survival Mode travel and resource implications deferred,unclassified,unclassified,SN-000036-ae-creation-quest-inventory.md,needs_review,not_started,"Parent package: Saints & Seducers; source-list child quest row. Start trigger, rewards, branches, bugs, and checklist synchronization deferred."
OBJ-000638,My Pet Elytra (Dementia),quest,ae_creation_quest,ae_creation,,,,,,Official AE Creation Club bundle installed | Parent package row OBJ-000524 (Saints & Seducers),Complete source-listed AE Creation Club quest; exact stage boundary deferred,,,,unknown,,,,Quest | AE Creation,,unknown,unknown,AE Survival Mode travel and resource implications deferred,unclassified,unclassified,SN-000036-ae-creation-quest-inventory.md,needs_review,not_started,"Parent package: Saints & Seducers; source-list child quest row. Start trigger, rewards, branches, bugs, and checklist synchronization deferred."
OBJ-000639,My Pet Elytra (Mania),quest,ae_creation_quest,ae_creation,,,,,,Official AE Creation Club bundle installed | Parent package row OBJ-000524 (Saints & Seducers),Complete source-listed AE Creation Club quest; exact stage boundary deferred,,,,unknown,,,,Quest | AE Creation,,unknown,unknown,AE Survival Mode travel and resource implications deferred,unclassified,unclassified,SN-000036-ae-creation-quest-inventory.md,needs_review,not_started,"Parent package: Saints & Seducers; source-list child quest row. Start trigger, rewards, branches, bugs, and checklist synchronization deferred."
OBJ-000640,Nerveshatter,quest,ae_creation_quest,ae_creation,,,,,,Official AE Creation Club bundle installed | Parent package row OBJ-000524 (Saints & Seducers),Complete source-listed AE Creation Club quest; exact stage boundary deferred,,,,unknown,,,,Quest | AE Creation,,unknown,unknown,AE Survival Mode travel and resource implications deferred,unclassified,unclassified,SN-000036-ae-creation-quest-inventory.md,needs_review,not_started,"Parent package: Saints & Seducers; UESP page title: Nerveshatter (quest); source-list child quest row. Start trigger, rewards, branches, bugs, and checklist synchronization deferred."
OBJ-000641,Restoring Order,quest,ae_creation_quest,ae_creation,,,,,,Official AE Creation Club bundle installed | Parent package row OBJ-000524 (Saints & Seducers),Complete source-listed AE Creation Club quest; exact stage boundary deferred,,,,unknown,,,,Quest | AE Creation,,unknown,unknown,AE Survival Mode travel and resource implications deferred,unclassified,unclassified,SN-000036-ae-creation-quest-inventory.md,needs_review,not_started,"Parent package: Saints & Seducers; source-list child quest row. Start trigger, rewards, branches, bugs, and checklist synchronization deferred."
OBJ-000642,Staada Quest,quest,ae_creation_quest,ae_creation,,,,,,Official AE Creation Club bundle installed | Parent package row OBJ-000524 (Saints & Seducers),Complete source-listed AE Creation Club quest; exact stage boundary deferred,,,,unknown,,,,Quest | AE Creation,,unknown,unknown,AE Survival Mode travel and resource implications deferred,unclassified,unclassified,SN-000036-ae-creation-quest-inventory.md,needs_review,not_started,"Parent package: Saints & Seducers; source-list child quest row. Start trigger, rewards, branches, bugs, and checklist synchronization deferred."
OBJ-000643,Saturalia Preparation,quest,ae_creation_quest,ae_creation,,,,,,Official AE Creation Club bundle installed | Parent package row OBJ-000505 (Saturalia Holiday Pack),Complete source-listed AE Creation Club quest; exact stage boundary deferred,,,,unknown,,,,Quest | AE Creation,,unknown,unknown,AE Survival Mode travel and resource implications deferred,unclassified,unclassified,SN-000036-ae-creation-quest-inventory.md,needs_review,not_started,"Parent package: Saturalia Holiday Pack; source-list child quest row. Start trigger, rewards, branches, bugs, and checklist synchronization deferred."
OBJ-000644,Shadowfoot Sanctum,quest,ae_creation_quest,ae_creation,,,,,,Official AE Creation Club bundle installed | Parent package row OBJ-000509 (Shadowfoot Sanctum),Complete source-listed AE Creation Club quest; exact stage boundary deferred,,,,unknown,,,,Quest | AE Creation,,unknown,unknown,AE Survival Mode travel and resource implications deferred,unclassified,unclassified,SN-000036-ae-creation-quest-inventory.md,needs_review,not_started,"Parent package: Shadowfoot Sanctum; UESP page title: Shadowfoot Sanctum (quest); source-list child quest row. Start trigger, rewards, branches, bugs, and checklist synchronization deferred."
OBJ-000645,"Through a Glass, Darkly",quest,ae_creation_quest,ae_creation,,,,,,Official AE Creation Club bundle installed | Parent package row OBJ-000493 (Shadowrend),Complete source-listed AE Creation Club quest; exact stage boundary deferred,,,,unknown,,,,Quest | AE Creation,,unknown,unknown,AE Survival Mode travel and resource implications deferred,unclassified,unclassified,SN-000036-ae-creation-quest-inventory.md,needs_review,not_started,"Parent package: Shadowrend; source-list child quest row. Start trigger, rewards, branches, bugs, and checklist synchronization deferred."
OBJ-000646,Crypt of the Heart,quest,ae_creation_quest,ae_creation,,,,,,Official AE Creation Club bundle installed | Parent package row OBJ-000510 (Spell Knight Armor),Complete source-listed AE Creation Club quest; exact stage boundary deferred,,,,unknown,,,,Quest | AE Creation,,unknown,unknown,AE Survival Mode travel and resource implications deferred,unclassified,unclassified,SN-000036-ae-creation-quest-inventory.md,needs_review,not_started,"Parent package: Spell Knight Armor; source-list child quest row. Start trigger, rewards, branches, bugs, and checklist synchronization deferred."
OBJ-000647,The Staff of Hasedoki,quest,ae_creation_quest,ae_creation,,,,,,Official AE Creation Club bundle installed | Parent package row OBJ-000500 (Staff of Hasedoki),Complete source-listed AE Creation Club quest; exact stage boundary deferred,,,,unknown,,,,Quest | AE Creation,,unknown,unknown,AE Survival Mode travel and resource implications deferred,unclassified,unclassified,SN-000036-ae-creation-quest-inventory.md,needs_review,not_started,"Parent package: Staff of Hasedoki; source-list child quest row. Start trigger, rewards, branches, bugs, and checklist synchronization deferred."
OBJ-000648,Put A Fork In It,quest,ae_creation_quest,ae_creation,,,,,,Official AE Creation Club bundle installed | Parent package row OBJ-000486 (Staff of Sheogorath),Complete source-listed AE Creation Club quest; exact stage boundary deferred,,,,unknown,,,,Quest | AE Creation,,unknown,unknown,AE Survival Mode travel and resource implications deferred,unclassified,unclassified,SN-000036-ae-creation-quest-inventory.md,needs_review,not_started,"Parent package: Staff of Sheogorath; source-list child quest row. Start trigger, rewards, branches, bugs, and checklist synchronization deferred."
OBJ-000649,If I had a Hammer,quest,ae_creation_quest,ae_creation,,,,,,Official AE Creation Club bundle installed | Parent package row OBJ-000487 (Stendarr's Hammer),Complete source-listed AE Creation Club quest; exact stage boundary deferred,,,,unknown,,,,Quest | AE Creation,,unknown,unknown,AE Survival Mode travel and resource implications deferred,unclassified,unclassified,SN-000036-ae-creation-quest-inventory.md,needs_review,not_started,"Parent package: Stendarr's Hammer; source-list child quest row. Start trigger, rewards, branches, bugs, and checklist synchronization deferred."
OBJ-000650,Legends Lost,quest,ae_creation_quest,ae_creation,,,,,,Official AE Creation Club bundle installed | Parent package row OBJ-000506 (Sunder & Wraithguard),Complete source-listed AE Creation Club quest; exact stage boundary deferred,,,,unknown,,,,Quest | AE Creation,,unknown,unknown,AE Survival Mode travel and resource implications deferred,unclassified,unclassified,SN-000036-ae-creation-quest-inventory.md,needs_review,not_started,"Parent package: Sunder & Wraithguard; source-list child quest row. Start trigger, rewards, branches, bugs, and checklist synchronization deferred."
OBJ-000651,The Cause,quest,ae_creation_quest,ae_creation,,,,,,Official AE Creation Club bundle installed | Parent package row OBJ-000551 (The Cause),Complete source-listed AE Creation Club quest; exact stage boundary deferred,,,,unknown,,,,Quest | AE Creation,,unknown,unknown,AE Survival Mode travel and resource implications deferred,unclassified,unclassified,SN-000036-ae-creation-quest-inventory.md,needs_review,not_started,"Parent package: The Cause; UESP page title: The Cause (quest); source-list child quest row. Start trigger, rewards, branches, bugs, and checklist synchronization deferred."
OBJ-000652,The Consequences,quest,ae_creation_quest,ae_creation,,,,,,Official AE Creation Club bundle installed | Parent package row OBJ-000551 (The Cause),Complete source-listed AE Creation Club quest; exact stage boundary deferred,,,,unknown,,,,Quest | AE Creation,,unknown,unknown,AE Survival Mode travel and resource implications deferred,unclassified,unclassified,SN-000036-ae-creation-quest-inventory.md,needs_review,not_started,"Parent package: The Cause; source-list child quest row. Start trigger, rewards, branches, bugs, and checklist synchronization deferred."
OBJ-000653,Caught in a Web,quest,ae_creation_quest,ae_creation,,,,,,Official AE Creation Club bundle installed | Parent package row OBJ-000552 (The Contest),Complete source-listed AE Creation Club quest; exact stage boundary deferred,,,,unknown,,,,Quest | AE Creation,,unknown,unknown,AE Survival Mode travel and resource implications deferred,unclassified,unclassified,SN-000036-ae-creation-quest-inventory.md,needs_review,not_started,"Parent package: The Contest; source-list child quest row. Start trigger, rewards, branches, bugs, and checklist synchronization deferred."
OBJ-000654,The Gray Cowl of Nocturnal,quest,ae_creation_quest,ae_creation,,,,,,Official AE Creation Club bundle installed | Parent package row OBJ-000526 (The Gray Cowl Returns!),Complete source-listed AE Creation Club quest; exact stage boundary deferred,,,,unknown,,,,Quest | AE Creation,,unknown,unknown,AE Survival Mode travel and resource implications deferred,unclassified,unclassified,SN-000036-ae-creation-quest-inventory.md,needs_review,not_started,"Parent package: The Gray Cowl Returns!; source-list child quest row. Start trigger, rewards, branches, bugs, and checklist synchronization deferred."
OBJ-000655,Vile Whispers,quest,ae_creation_quest,ae_creation,,,,,,Official AE Creation Club bundle installed | Parent package row OBJ-000511 (Umbra),Complete source-listed AE Creation Club quest; exact stage boundary deferred,,,,unknown,,,,Quest | AE Creation,,unknown,unknown,AE Survival Mode travel and resource implications deferred,unclassified,unclassified,SN-000036-ae-creation-quest-inventory.md,needs_review,not_started,"Parent package: Umbra; source-list child quest row. Start trigger, rewards, branches, bugs, and checklist synchronization deferred."
OBJ-000656,Unholy Vigil,quest,ae_creation_quest,ae_creation,,,,,,Official AE Creation Club bundle installed | Parent package row OBJ-000507 (Vigil Enforcer Armor Set),Complete source-listed AE Creation Club quest; exact stage boundary deferred,,,,unknown,,,,Quest | AE Creation,,unknown,unknown,AE Survival Mode travel and resource implications deferred,unclassified,unclassified,SN-000036-ae-creation-quest-inventory.md,needs_review,not_started,"Parent package: Vigil Enforcer Armor Set; source-list child quest row. Start trigger, rewards, branches, bugs, and checklist synchronization deferred."
OBJ-000657,Creature of Legend,quest,ae_creation_quest,ae_creation,,,,,,Official AE Creation Club bundle installed | Parent package row OBJ-000501 (Wild Horses),Complete source-listed AE Creation Club quest; exact stage boundary deferred,,,,unknown,,,,Quest | AE Creation,,unknown,unknown,AE Survival Mode travel and resource implications deferred,unclassified,unclassified,SN-000036-ae-creation-quest-inventory.md,needs_review,not_started,"Parent package: Wild Horses; source-list child quest row. Start trigger, rewards, branches, bugs, and checklist synchronization deferred."
OBJ-000658,Horse Whisperer,quest,ae_creation_quest,ae_creation,,,,,,Official AE Creation Club bundle installed | Parent package row OBJ-000501 (Wild Horses),Complete source-listed AE Creation Club quest; exact stage boundary deferred,,,,unknown,,,,Quest | AE Creation,,unknown,unknown,AE Survival Mode travel and resource implications deferred,unclassified,unclassified,SN-000036-ae-creation-quest-inventory.md,needs_review,not_started,"Parent package: Wild Horses; source-list child quest row. Start trigger, rewards, branches, bugs, and checklist synchronization deferred."
OBJ-000659,Bloodchill Manor Ownership,property,ae_home,ae_creation,Skyrim,Winterhold region,,Bloodchill Cavern,Complete Guests for Dinner to earn Bloodchill Manor,Official AE Creation Club bundle installed | Parent package row OBJ-000536 (Bloodchill Manor) | Quest row OBJ-000575 (Guests for Dinner),Own Bloodchill Manor as a fully furnished AE player home; detailed storage display and furnishing audit deferred,,,,unknown,,,,Property | AE Creation,,unknown,unknown,Northern mountain home with bed safe storage and crafting value; cold-route implications deferred,dependency_flexible,main_route,SN-000037-ae-homes-farm-property-systems.md,needs_review,not_started,UESP Houses and Bloodchill Cavern pages identify Bloodchill Manor as a Creation Club house earned through the related quest; exact route timing deferred.
OBJ-000660,Dead Man's Dread Player Home,property,ae_home,ae_creation,Skyrim,Haafingar,Haafingar,Dead Man's Dread | Blackbone Isle Grotto,Complete The Restless to convert the ship into a player home,Official AE Creation Club bundle installed | Parent package row OBJ-000522 (Dead Man's Dread) | Quest row OBJ-000582 (The Restless),Convert Dead Man's Dread into a fully furnished player home; detailed storage display and travel audit deferred,,,,unknown,,,,Property | AE Creation,,unknown,unknown,Remote Sea of Ghosts-adjacent home; cold travel and storage value deferred,dependency_flexible,main_route,SN-000037-ae-homes-farm-property-systems.md,needs_review,not_started,UESP Houses and Dead Man's Dread pages identify the ship as a Creation Club player home after The Restless; exact route timing deferred.
OBJ-000661,Gallows Hall Ownership,property,ae_home,ae_creation,Skyrim,Eastmarch,Eastmarch,Gallows Hall | north of Mara's Eye Pond,Complete Dreams of the Dead to earn Gallows Hall,Official AE Creation Club bundle installed | Parent package row OBJ-000541 (Gallows Hall) | Quest row OBJ-000614 (Dreams of the Dead),Own Gallows Hall as a necromancer-themed AE player home; detailed unique systems storage and reward audit deferred,,,,unknown,,,,Property | AE Creation,Altar of the Revenant | Bone Forge system; detailed reward rows deferred,unknown,unknown,Eastmarch home and crafting/storage point; cold-route implications deferred,dependency_flexible,main_route,SN-000037-ae-homes-farm-property-systems.md,needs_review,not_started,Property row only. Bone Forge and soul-gem altar are noted for later system/reward rows rather than fully specified here.
OBJ-000662,Goldenhills Plantation Ownership,property,ae_farm,ae_creation,Skyrim,Whiterun Hold,Whiterun Hold,Goldenhills Plantation | east of Rorikstead,Complete The Unquiet Dead to claim Goldenhills Plantation,Official AE Creation Club bundle installed | Parent package row OBJ-000538 (Farming) | Quest row OBJ-000588 (The Unquiet Dead),Claim Goldenhills Plantation and obtain the property key; farm-operation setup tracked separately,,,,unknown,,Rin | Urval | Jonquil during The Unquiet Dead; detailed NPC risk deferred,,Property | AE Creation,Key to Goldenhills Plantation,unknown,possible,Central farm home with bed storage crafting and food production value; route implications deferred,dependency_flexible,main_route,SN-000037-ae-homes-farm-property-systems.md,needs_review,not_started,UESP identifies quest-start bugs for The Unquiet Dead; exact mitigation belongs in the later bug and start-trigger constraint passes.
OBJ-000663,Goldenhills Plantation Farm Operations,property,ae_farm_system,ae_creation,Skyrim,Whiterun Hold,Whiterun Hold,Goldenhills Plantation,A Farmer's Life For Me starts after The Unquiet Dead,Goldenhills Plantation claimed | Quest rows OBJ-000587 (A Farmer's Life For Me) and OBJ-000588 (The Unquiet Dead),Complete the source-listed farm setup loop: plant crops recruit steward and farmhands build animal pen purchase livestock collect income and pantry output; full-upgrade defaults deferred,,,,unknown,,Personal Steward | Farmhands,,Property | AE Creation | Crafting/System,Farm income | Pantry Cupboard output | farm construction upgrades,unknown,unknown,Food production restock income bed storage and crafting value; exact Survival Mode use deferred,dependency_flexible,main_route,SN-000037-ae-homes-farm-property-systems.md,needs_review,not_started,Source-list farm-system row; construction material plan steward choice farmhand choice and final upgrade policy deferred.
OBJ-000664,Hendraheim Ownership,property,ae_home,ae_creation,Skyrim,The Reach,The Reach,Hendraheim | north of Bilegulch Mine,Complete Hendraheim to earn the home,Official AE Creation Club bundle installed | Parent package row OBJ-000525 (Hendraheim) | Quest row OBJ-000624 (Hendraheim),Own Hendraheim as a fully furnished AE player home; detailed storage display and family-move audit deferred,,,,unknown,,,,Property | AE Creation,,unknown,unknown,Reach mountain home with bed storage and crafting value; cold/travel implications deferred,dependency_flexible,main_route,SN-000037-ae-homes-farm-property-systems.md,needs_review,not_started,UESP Houses and Hendraheim pages identify the home and related quest; exact route timing deferred.
OBJ-000665,Myrwatch Ownership,property,ae_home,ae_creation,Skyrim,Hjaalmarch,Hjaalmarch,Myrwatch | east of Morthal,Complete Myrwatch to unseal the tower,Official AE Creation Club bundle installed | Parent package row OBJ-000495 (Myrwatch) | Quest row OBJ-000626 (Myrwatch),Own/unseal Myrwatch as a fully furnished AE player home; detailed storage display and crafting audit deferred,,,,unknown,,,,Property | AE Creation,All Forge | Staff Enchanter access; detailed crafting-system rows deferred,unknown,unknown,Hjaalmarch tower with bed storage and broad crafting value; marsh/cold travel implications deferred,dependency_flexible,main_route,SN-000037-ae-homes-farm-property-systems.md,needs_review,not_started,Property row only. Unique crafting stations are noted for later system and crafting rows.
OBJ-000666,Nchuanthumz Ownership,property,ae_home,ae_creation,Skyrim,Eastmarch,Eastmarch,Nchuanthumz | Frostroot Cave | north of Kagrenzel,Complete The Sanctuary and the Manufactory to earn Nchuanthumz,Official AE Creation Club bundle installed | Parent package row OBJ-000547 (Nchuanthumz: Dwarven Home) | Quest row OBJ-000627 (The Sanctuary and the Manufactory),Own Nchuanthumz as a Dwarven AE player home; detailed manufactory storage and crafting audit deferred,,,,unknown,,,,Property | AE Creation,,unknown,unknown,Remote Eastmarch home with bed storage and crafting value; cold-route implications deferred,dependency_flexible,main_route,SN-000037-ae-homes-farm-property-systems.md,needs_review,not_started,UESP identifies Nchuanthumz as a Dwarven player home earned via the related quest; exact route timing deferred.
OBJ-000667,Shadowfoot Sanctum Ownership,property,ae_home,ae_creation,Skyrim,The Rift,The Rift,Shadowfoot Sanctum | Ratway beneath Riften,Purchase Shadowfoot Sanctum from Vekel the Man for 7500 gold,Official AE Creation Club bundle installed | Parent package row OBJ-000509 (Shadowfoot Sanctum) | Quest row OBJ-000644 (Shadowfoot Sanctum),Own Shadowfoot Sanctum as a fully furnished AE player home; detailed storage display and family-move audit deferred,,,,unknown,,Vekel the Man,,Property | AE Creation,,unknown,unknown,Riften-area home with bed storage crafting and sewer access; route value deferred,dependency_flexible,main_route,SN-000037-ae-homes-farm-property-systems.md,needs_review,not_started,UESP Houses page gives purchase source and price; exact economy timing deferred.
OBJ-000668,Tundra Homestead Ownership,property,ae_home,ae_creation,Skyrim,Whiterun Hold,Whiterun Hold,Tundra Homestead | east of Whiterun,Purchase Tundra Homestead from the Whiterun city steward for 7500 gold,Official AE Creation Club bundle installed | Parent package row OBJ-000494 (Tundra Homestead),Own Tundra Homestead as a fully furnished AE player home; detailed storage display and family-move audit deferred,,,,unknown,,Whiterun city steward,,Property | AE Creation,,unknown,unknown,Early central Whiterun-area home with bed storage and crafting value; economy and Survival Mode timing deferred,dependency_flexible,main_route,SN-000037-ae-homes-farm-property-systems.md,needs_review,not_started,UESP Houses page gives purchase source and price; exact economy timing deferred.
OBJ-000669,Dwarven Armored Mudcrab Pet,pet_mount,ae_pet,ae_creation,Skyrim,The Reach,The Reach,Understone Keep | Markarth,Purchase the Dwarven Armored Mudcrab ownership deed from Calcelmo,Official AE Creation Club bundle installed | Parent package row OBJ-000488 (Dwarven Armored Mudcrab) | Quest row OBJ-000585 (My Pet Mudcrab),Acquire the Dwarven Armored Mudcrab pet and associated teleport/ownership materials; exact inventory audit deferred,,,,unknown,,Calcelmo,,Pet/Mount | AE Creation,Dwarven Armored Mudcrab | Teleport Pet Mudcrab spell,unknown,unknown,Pet can carry items; Survival Mode logistics deferred,dependency_flexible,main_route,SN-000038-ae-pets-and-creature-followers.md,needs_review,not_started,UESP notes the AE update changed journal behavior for My Pet Mudcrab; exact start-trigger handling deferred.
OBJ-000670,Nix-Hound Pet,pet_mount,ae_pet,ae_creation,Solstheim,Solstheim,,Tel Mithryn area | The Retching Netch fallback,Purchase the Nix-Hound pet from Revus Sarvani or Geldis Sadri,Official AE Creation Club bundle installed | Parent package row OBJ-000492 (Nix-Hound) | Quest row OBJ-000629 (My Pet Nix-Hound),Acquire the Nix-Hound pet and associated teleport/ownership materials; exact inventory audit deferred,,,,unknown,,Revus Sarvani | Geldis Sadri,,Pet/Mount | AE Creation,Nix-Hound | Teleport Pet Nix-Hound spell,unknown,unknown,Solstheim pet and carry value; Survival Mode logistics deferred,dependency_flexible,main_route,SN-000038-ae-pets-and-creature-followers.md,needs_review,not_started,Purchase fallback depends on Revus Sarvani availability; NPC dependency validation deferred.
OBJ-000671,Bone Wolf Pet,pet_mount,ae_pet,ae_creation,Skyrim,Haafingar,Haafingar,Quest target location deferred,Read Letter from Bolgeir Bearclaw delivered by courier after The Wolf Queen Awakened,Official AE Creation Club bundle installed | Parent package row OBJ-000499 (Bone Wolf) | Quest row OBJ-000576 (Let Sleeping Wolves Lie),Complete Let Sleeping Wolves Lie and acquire the Bone Wolf pet; exact reward audit deferred,,,,unknown,,Bolgeir Bearclaw,,Pet/Mount | AE Creation,Bone Wolf | Bone Wolf's Revenge ability context deferred,unknown,unknown,Undead-damage buff and carry value may affect route planning; deferred,dependency_flexible,main_route,SN-000038-ae-pets-and-creature-followers.md,needs_review,not_started,Prerequisite ties this pet to The Wolf Queen Awakened; exact route timing belongs in later dependency and difficulty passes.
OBJ-000672,Hilda Pet,pet_mount,ae_pet,ae_creation,Skyrim,Whiterun Hold,Whiterun Hold,Rorikstead,Purchase Hilda from Halvar during Pets of Skyrim,Official AE Creation Club bundle installed | Parent package row OBJ-000497 (Pets of Skyrim) | Quest row OBJ-000631 (Pets of Skyrim),Acquire Hilda as one of the five Pets of Skyrim pets; exact pet-equipment audit deferred,,,,unknown,,Halvar,,Pet/Mount | AE Creation,Hilda pet,unknown,unknown,Pack/carry use and home assignment deferred,region_flexible,main_route,SN-000038-ae-pets-and-creature-followers.md,needs_review,not_started,One finite Pets of Skyrim pet row; route timing and pet assignment deferred.
OBJ-000673,Sweet Roll Pet,pet_mount,ae_pet,ae_creation,Skyrim,Falkreath Hold,Falkreath Hold,south of Half-Moon Mill,Feed Sweet Roll the fox a sweet roll during Pets of Skyrim,Sweet roll item | Official AE Creation Club bundle installed | Parent package row OBJ-000497 (Pets of Skyrim) | Quest row OBJ-000631 (Pets of Skyrim),Acquire Sweet Roll as one of the five Pets of Skyrim pets; exact pet-equipment audit deferred,,,,unknown,,,,Pet/Mount | AE Creation,Sweet Roll pet,unknown,unknown,Pack/carry use and home assignment deferred,region_flexible,main_route,SN-000038-ae-pets-and-creature-followers.md,needs_review,not_started,One finite Pets of Skyrim pet row; route timing and pet assignment deferred.
OBJ-000674,Thistle Pet,pet_mount,ae_pet,ae_creation,Skyrim,,,Alchemist's Shack,Feed Thistle the rabbit a carrot during Pets of Skyrim,Carrot item | Official AE Creation Club bundle installed | Parent package row OBJ-000497 (Pets of Skyrim) | Quest row OBJ-000631 (Pets of Skyrim),Acquire Thistle as one of the five Pets of Skyrim pets; exact pet-equipment audit deferred,,,,unknown,,,,Pet/Mount | AE Creation,Thistle pet,unknown,unknown,Pack/carry use and home assignment deferred,region_flexible,main_route,SN-000038-ae-pets-and-creature-followers.md,needs_review,not_started,Hold field intentionally deferred until route geography pass confirms checklist location grouping.
OBJ-000675,Arachnia Pet,pet_mount,ae_pet,ae_creation,Skyrim,Eastmarch,Eastmarch,Cronvangr Cave,Rescue Arachnia during Pets of Skyrim after the Vampire Naturalist objective,Official AE Creation Club bundle installed | Parent package row OBJ-000497 (Pets of Skyrim) | Quest row OBJ-000631 (Pets of Skyrim),Acquire Arachnia as one of the five Pets of Skyrim pets; exact pet-equipment audit deferred,,,,unknown,,,,Pet/Mount | AE Creation,Arachnia pet,unknown,unknown,Pack/carry use and home assignment deferred,dependency_flexible,main_route,SN-000038-ae-pets-and-creature-followers.md,needs_review,not_started,Potential dungeon/cell and enemy difficulty implications deferred to later constraint passes.
OBJ-000676,Skritch Pet,pet_mount,ae_pet,ae_creation,Skyrim,The Rift,The Rift,Ratway | Riften,Unlock Skritch's cage during Pets of Skyrim,Official AE Creation Club bundle installed | Parent package row OBJ-000497 (Pets of Skyrim) | Quest row OBJ-000631 (Pets of Skyrim),Acquire Skritch as one of the five Pets of Skyrim pets; exact pet-equipment audit deferred,,,,unknown,,,,Pet/Mount | AE Creation,Skritch pet,unknown,unknown,Pack/carry use and home assignment deferred,dependency_flexible,main_route,SN-000038-ae-pets-and-creature-followers.md,needs_review,not_started,Ratway access and nearby Thieves Guild route synchronization deferred.
OBJ-000677,Demented Elytra Nymph Pet,pet_mount,ae_pet,ae_creation,Skyrim,Eastmarch,Eastmarch,Seducers bandit camp northwest of Windhelm,Free the Demented Elytra Nymph during My Pet Elytra (Dementia),Official AE Creation Club bundle installed | Parent package row OBJ-000524 (Saints & Seducers) | Quest row OBJ-000638 (My Pet Elytra (Dementia)),Acquire the Demented Elytra Nymph pet; exact pet-equipment audit deferred,,,,unknown,,,,Pet/Mount | AE Creation,Demented Elytra Nymph pet,unknown,possible,Pet carry and Saints & Seducers travel/difficulty implications deferred,dependency_flexible,main_route,SN-000038-ae-pets-and-creature-followers.md,needs_review,not_started,UESP page includes a bug note; mitigation deferred to bug-prone quest pass.
OBJ-000678,Manic Elytra Nymph Pet,pet_mount,ae_pet,ae_creation,Skyrim,Whiterun Hold,Whiterun Hold,Saints bandit camp near North Brittleshin Pass,Free the Manic Elytra Nymph during My Pet Elytra (Mania),Official AE Creation Club bundle installed | Parent package row OBJ-000524 (Saints & Seducers) | Quest row OBJ-000639 (My Pet Elytra (Mania)),Acquire the Manic Elytra Nymph pet; exact pet-equipment audit deferred,,,,unknown,,,,Pet/Mount | AE Creation,Manic Elytra Nymph pet,unknown,possible,Pet carry and Saints & Seducers travel/difficulty implications deferred,dependency_flexible,main_route,SN-000038-ae-pets-and-creature-followers.md,needs_review,not_started,UESP page includes a bug note; mitigation deferred to bug-prone quest pass.
OBJ-000679,Gogh Creature Follower,npc_relationship,ae_creature_follower,ae_creation,Skyrim,The Rift,The Rift,Gromm's Pass,Complete Blue in the Face and recruit Gogh,Official AE Creation Club bundle installed | Parent package row OBJ-000523 (Goblins) | Quest row OBJ-000621 (Blue in the Face),Unlock Gogh as a recruitable Goblin follower; exact follower-use policy deferred,,,,unknown,,Gogh,,Follower | AE Creation,Gogh follower | carried Spear of Bitter Mercy policy deferred,unknown,unknown,Follower combat value and dismissal location may affect route logistics; deferred,dependency_flexible,main_route,SN-000038-ae-pets-and-creature-followers.md,needs_review,not_started,Creature follower row rather than pet row; unique carried gear handling deferred to item/reward pass.
OBJ-000680,Black Wild Horse,pet_mount,ae_mount,ae_creation,Skyrim,,,south of Evergreen Grove,Locate and tame the Black Wild Horse,Official AE Creation Club bundle installed | Parent package row OBJ-000501 (Wild Horses) | Quest row OBJ-000658 (Horse Whisperer),Tame and register the Black Wild Horse as a mount; saddle/active-mount policy deferred,,,,unknown,,,,Pet/Mount | AE Creation,Black Wild Horse mount,unknown,unknown,Mount travel value and stable/return behavior deferred,region_flexible,main_route,SN-000039-ae-mounts-and-mount-equipment.md,needs_review,not_started,One of seven finite wild horse rows; exact regional insertion deferred.
OBJ-000681,Chestnut Wild Horse,pet_mount,ae_mount,ae_creation,Skyrim,,,southeast of South Skybound Watch,Locate and tame the Chestnut Wild Horse,Official AE Creation Club bundle installed | Parent package row OBJ-000501 (Wild Horses) | Quest row OBJ-000658 (Horse Whisperer),Tame and register the Chestnut Wild Horse as a mount; saddle/active-mount policy deferred,,,,unknown,,,,Pet/Mount | AE Creation,Chestnut Wild Horse mount,unknown,unknown,Mount travel value and stable/return behavior deferred,region_flexible,main_route,SN-000039-ae-mounts-and-mount-equipment.md,needs_review,not_started,One of seven finite wild horse rows; exact regional insertion deferred.
OBJ-000682,Dapple Brown Wild Horse,pet_mount,ae_mount,ae_creation,Skyrim,Haafingar,Haafingar,south of Solitude Sawmill,Locate and tame the Dapple Brown Wild Horse,Official AE Creation Club bundle installed | Parent package row OBJ-000501 (Wild Horses) | Quest row OBJ-000658 (Horse Whisperer),Tame and register the Dapple Brown Wild Horse as a mount; saddle/active-mount policy deferred,,,,unknown,,,,Pet/Mount | AE Creation,Dapple Brown Wild Horse mount,unknown,unknown,Mount travel value and stable/return behavior deferred,region_flexible,main_route,SN-000039-ae-mounts-and-mount-equipment.md,needs_review,not_started,One of seven finite wild horse rows; exact regional insertion deferred.
OBJ-000683,Grey Spotted Wild Horse,pet_mount,ae_mount,ae_creation,Skyrim,The Reach,The Reach,north of Salvius Farm,Locate and tame the Grey Spotted Wild Horse,Official AE Creation Club bundle installed | Parent package row OBJ-000501 (Wild Horses) | Quest row OBJ-000658 (Horse Whisperer),Tame and register the Grey Spotted Wild Horse as a mount; saddle/active-mount policy deferred,,,,unknown,,,,Pet/Mount | AE Creation,Grey Spotted Wild Horse mount,unknown,unknown,Mount travel value and stable/return behavior deferred,region_flexible,main_route,SN-000039-ae-mounts-and-mount-equipment.md,needs_review,not_started,One of seven finite wild horse rows; exact regional insertion deferred.
OBJ-000684,Pale Mare Wild Horse,pet_mount,ae_mount,ae_creation,Skyrim,Eastmarch,Eastmarch,trees south of Yngol Barrow,Locate and tame the Pale Mare,Official AE Creation Club bundle installed | Parent package row OBJ-000501 (Wild Horses) | Quest row OBJ-000658 (Horse Whisperer),Tame and register the Pale Mare as a mount; saddle/active-mount policy deferred,,,,unknown,,,,Pet/Mount | AE Creation,Pale Mare mount,unknown,unknown,Mount travel value and stable/return behavior deferred,region_flexible,main_route,SN-000039-ae-mounts-and-mount-equipment.md,needs_review,not_started,One of seven finite wild horse rows; exact regional insertion deferred.
OBJ-000685,Red Wild Horse,pet_mount,ae_mount,ae_creation,Skyrim,Whiterun Hold,Whiterun Hold,west of Whiterun,Locate and tame the Red Wild Horse,Official AE Creation Club bundle installed | Parent package row OBJ-000501 (Wild Horses) | Quest row OBJ-000658 (Horse Whisperer),Tame and register the Red Wild Horse as a mount; saddle/active-mount policy deferred,,,,unknown,,,,Pet/Mount | AE Creation,Red Wild Horse mount,unknown,unknown,Mount travel value and stable/return behavior deferred,region_flexible,main_route,SN-000039-ae-mounts-and-mount-equipment.md,needs_review,not_started,One of seven finite wild horse rows; exact regional insertion deferred.
OBJ-000686,White Spotted Wild Horse,pet_mount,ae_mount,ae_creation,Skyrim,Eastmarch,Eastmarch,west of Stony Creek Cave,Locate and tame the White Spotted Wild Horse,Official AE Creation Club bundle installed | Parent package row OBJ-000501 (Wild Horses) | Quest row OBJ-000658 (Horse Whisperer),Tame and register the White Spotted Wild Horse as a mount; saddle/active-mount policy deferred,,,,unknown,,,,Pet/Mount | AE Creation,White Spotted Wild Horse mount,unknown,unknown,Mount travel value and stable/return behavior deferred,region_flexible,main_route,SN-000039-ae-mounts-and-mount-equipment.md,needs_review,not_started,One of seven finite wild horse rows; exact regional insertion deferred.
OBJ-000687,Unicorn Mount,pet_mount,ae_mount,ae_creation,Skyrim,The Rift,The Rift,west of Lost Prospect Mine,Read Soran's Journal in The Arcanaeum to start Creature of Legend then tame the Unicorn,Official AE Creation Club bundle installed | Parent package row OBJ-000501 (Wild Horses) | Quest row OBJ-000657 (Creature of Legend),Tame and register the Unicorn mount; active-mount and College return policy deferred,,,,unknown,,,,Pet/Mount | AE Creation,Unicorn mount,unknown,unknown,Unique mount and travel value deferred,dependency_flexible,main_route,SN-000039-ae-mounts-and-mount-equipment.md,needs_review,not_started,Unicorn is separate from the seven wild horses and returns to College context after switching; exact handling deferred.
OBJ-000688,Dwarven Horse Mount,pet_mount,ae_mount,ae_creation,Skyrim,The Reach,The Reach,Runoff Caverns,Start The Dwarven Horse at the broken horse outside Runoff Caverns and reassemble it,Official AE Creation Club bundle installed | Parent package row OBJ-000504 (Forgotten Seasons) | Quest row OBJ-000612 (The Dwarven Horse),Collect required parts and acquire the Dwarven Horse mount; exact dungeon and reward audit deferred,,,,unknown,,,,Pet/Mount | AE Creation,Dwarven Horse mount,unknown,unknown,Invulnerable mount value and saddle/horse-armor incompatibility deferred,dependency_flexible,main_route,SN-000039-ae-mounts-and-mount-equipment.md,needs_review,not_started,Forgotten Seasons location and difficulty implications deferred to later AE and route passes.
OBJ-000689,Reindeer Mount,pet_mount,ae_mount,ae_creation,Skyrim,The Pale,The Pale,Saturalia camp north of Windward Ruins,Purchase the Reindeer bill of sale from Agrane Peryval,Official AE Creation Club bundle installed | Parent package row OBJ-000505 (Saturalia Holiday Pack) | Quest row OBJ-000643 (Saturalia Preparation),Acquire the Reindeer mount; active-mount and return-location policy deferred,,,,unknown,,Agrane Peryval,,Pet/Mount | AE Creation,Reindeer mount,unknown,unknown,Northern travel value and horse-armor incompatibility deferred,region_flexible,main_route,SN-000039-ae-mounts-and-mount-equipment.md,needs_review,not_started,Saturalia outfit/equipment handling belongs in later equipment pass.
OBJ-000690,Elven Horse Armor,pet_mount,ae_mount_equipment,ae_creation,Skyrim,Multiple,,Any stable hostler,Purchase or apply Elven Horse Armor through a hostler,Official AE Creation Club bundle installed | Parent package row OBJ-000545 (Horse Armor - Elven) | Compatible active horse,Acquire and account for Elven Horse Armor; preservation and storage policy deferred,,,,unknown,,Stable hostlers,,Pet/Mount | Equipment | AE Creation,Elven Horse Armor,unknown,unknown,Mount durability/travel value and removed-armor storage policy deferred,dependency_flexible,main_route,SN-000039-ae-mounts-and-mount-equipment.md,needs_review,not_started,Not compatible with every AE mount; active-mount and armor-switching rules deferred.
OBJ-000691,Steel Horse Armor,pet_mount,ae_mount_equipment,ae_creation,Skyrim,Multiple,,Any stable hostler,Purchase or apply Steel Horse Armor through a hostler,Official AE Creation Club bundle installed | Parent package row OBJ-000546 (Horse Armor - Steel) | Compatible active horse,Acquire and account for Steel Horse Armor; preservation and storage policy deferred,,,,unknown,,Stable hostlers,,Pet/Mount | Equipment | AE Creation,Steel Horse Armor,unknown,unknown,Mount durability/travel value and removed-armor storage policy deferred,dependency_flexible,main_route,SN-000039-ae-mounts-and-mount-equipment.md,needs_review,not_started,Not compatible with every AE mount; active-mount and armor-switching rules deferred.
OBJ-000692,Plague of the Dead Zombie System,ae_creation,ae_creature_system,ae_creation,Skyrim,Multiple,,Night/world interactions | The Rising Dead quest locations,Zombies appear through Plague of the Dead quest and night/world-interaction system,Official AE Creation Club bundle installed | Parent package row OBJ-000484 (Plague of the Dead) | Quest row OBJ-000632 (The Rising Dead),Account for zombie creature system in later start-trigger difficulty Survival Mode and spell/ingredient passes; do not route arbitrary infinite encounters,,Level 5 courier quest context,,unknown,,,,AE Creation | System | Spell/Ingredient linkage,Zombie creature variants | Mort Flesh | zombie conjuration spell-tome linkage deferred,unknown,unknown,Night encounters can affect Survival Mode and Legendary travel; warning policy deferred,unclassified,unclassified,SN-000040-ae-creature-system-leftovers.md,needs_review,not_started,System row only. Individual zombie variants and random/world interactions are not finite completion objectives.
OBJ-000693,Arcane Accessories Spell Tome and Robe Set,spell_power,ae_spell_item_set,ae_creation,Multiple,,,,Source-listed AE Creation item or system acquisition; exact trigger deferred,Official AE Creation Club bundle installed | Parent package row OBJ-000480 (Arcane Accessories),Account for the source-listed AE set at parent level; individual member acquisition and checklist mapping deferred,,,,unknown,,,,AE Creation | Item/Reward Set,Arcane Accessories robes and spell tomes; member list deferred,unknown,unknown,AE Survival Mode equipment or resource implications deferred,unclassified,main_route,SN-000041-ae-magic-spell-and-staff-sets.md,needs_review,not_started,Parent row for later individual spell tome and robe coverage.
OBJ-000694,Necromantic Grimoire Spell Tome and Apparel Set,spell_power,ae_spell_item_set,ae_creation,Multiple,,,,Source-listed AE Creation item or system acquisition; exact trigger deferred,Official AE Creation Club bundle installed | Parent package row OBJ-000548 (Necromantic Grimoire),Account for the source-listed AE set at parent level; individual member acquisition and checklist mapping deferred,,,,unknown,,,,AE Creation | Item/Reward Set,Necromantic Grimoire spell tomes and necromancer apparel; member list deferred,unknown,unknown,AE Survival Mode equipment or resource implications deferred,unclassified,main_route,SN-000041-ae-magic-spell-and-staff-sets.md,needs_review,not_started,Parent row for later individual necromancy spell and apparel coverage.
OBJ-000695,Plague of the Dead Zombie Spell Tome Set,spell_power,ae_spell_item_set,ae_creation,Multiple,,,,Source-listed AE Creation item or system acquisition; exact trigger deferred,Official AE Creation Club bundle installed | Parent package row OBJ-000484 (Plague of the Dead),Account for the source-listed AE set at parent level; individual member acquisition and checklist mapping deferred,,,,unknown,,,,AE Creation | Item/Reward Set,Zombie spell tomes; Mort Flesh linkage deferred,unknown,unknown,AE Survival Mode equipment or resource implications deferred,unclassified,main_route,SN-000041-ae-magic-spell-and-staff-sets.md,needs_review,not_started,Coordinates with OBJ-000692 zombie system and ingredient/material rows.
OBJ-000696,Staves Creation Staff Set,crafting_unlock,ae_staff_set,ae_creation,Multiple,,,,Source-listed AE Creation item or system acquisition; exact trigger deferred,Official AE Creation Club bundle installed | Parent package row OBJ-000550 (Staves),Account for the source-listed AE set at parent level; individual member acquisition and checklist mapping deferred,,,,unknown,,,,AE Creation | Item/Reward Set,Unenchanted and enchanted staff set; exact member list deferred,unknown,unknown,AE Survival Mode equipment or resource implications deferred,unclassified,main_route,SN-000041-ae-magic-spell-and-staff-sets.md,needs_review,not_started,Staff item and crafting coverage only; exact Staff Enchanter timing deferred.
OBJ-000697,Rare Curios Ingredient and Curio Set,crafting_unlock,ae_ingredient_material_set,ae_creation,Multiple,,,,Source-listed AE Creation item or system acquisition; exact trigger deferred,Official AE Creation Club bundle installed | Parent package row OBJ-000498 (Rare Curios),Account for the source-listed AE set at parent level; individual member acquisition and checklist mapping deferred,,,,unknown,,,,AE Creation | Item/Reward Set,"Rare Curios ingredients, food, ammunition, and miscellaneous curios; member list deferred",unknown,unknown,AE Survival Mode equipment or resource implications deferred,unclassified,main_route,SN-000042-ae-ingredient-consumable-and-material-sets.md,needs_review,not_started,Khajiit caravan/vendor availability and alchemy-effect discovery deferred.
OBJ-000698,Saints and Seducers Ingredient Material and Curio Set,crafting_unlock,ae_ingredient_material_set,ae_creation,Multiple,,,,Source-listed AE Creation item or system acquisition; exact trigger deferred,Official AE Creation Club bundle installed | Parent package row OBJ-000524 (Saints & Seducers),Account for the source-listed AE set at parent level; individual member acquisition and checklist mapping deferred,,,,unknown,,,,AE Creation | Item/Reward Set,"Saints and Seducers ingredients, scrolls, poisons, soul gems, apparel, and weapon materials; member list deferred",unknown,unknown,AE Survival Mode equipment or resource implications deferred,unclassified,main_route,SN-000042-ae-ingredient-consumable-and-material-sets.md,needs_review,not_started,"Coordinates with Saints and Seducers quest, pet, and equipment rows."
OBJ-000699,Plague of the Dead Mort Flesh Ingredient Set,crafting_unlock,ae_ingredient_material_set,ae_creation,Multiple,,,,Source-listed AE Creation item or system acquisition; exact trigger deferred,Official AE Creation Club bundle installed | Parent package row OBJ-000484 (Plague of the Dead),Account for the source-listed AE set at parent level; individual member acquisition and checklist mapping deferred,,,,unknown,,,,AE Creation | Item/Reward Set,Mort Flesh and Plague of the Dead material links; member list deferred,unknown,unknown,AE Survival Mode equipment or resource implications deferred,unclassified,main_route,SN-000042-ae-ingredient-consumable-and-material-sets.md,needs_review,not_started,Coordinates with zombie system and zombie spell-tome rows.
OBJ-000700,Fishing Food Ingredient and Reward Item Set,ae_creation,ae_item_consumable_set,ae_creation,Multiple,,,,Source-listed AE Creation item or system acquisition; exact trigger deferred,Official AE Creation Club bundle installed | Parent package row OBJ-000540 (Fishing),Account for the source-listed AE set at parent level; individual member acquisition and checklist mapping deferred,,,,unknown,,,,AE Creation | Item/Reward Set,"Fishing food, ingredients, rods, rings, apparel, and weapons; member list deferred",unknown,unknown,AE Survival Mode equipment or resource implications deferred,unclassified,main_route,SN-000042-ae-ingredient-consumable-and-material-sets.md,needs_review,not_started,Fishing quest rows already exist; item-by-item fishing reward coverage deferred.
OBJ-000701,Forgotten Seasons Food Ingredient and Utility Item Set,ae_creation,ae_item_consumable_set,ae_creation,Multiple,,,,Source-listed AE Creation item or system acquisition; exact trigger deferred,Official AE Creation Club bundle installed | Parent package row OBJ-000504 (Forgotten Seasons),Account for the source-listed AE set at parent level; individual member acquisition and checklist mapping deferred,,,,unknown,,,,AE Creation | Item/Reward Set,"Forgotten Seasons food, ingredients, apparel, books, miscellaneous items, and weapons; member list deferred",unknown,unknown,AE Survival Mode equipment or resource implications deferred,unclassified,main_route,SN-000042-ae-ingredient-consumable-and-material-sets.md,needs_review,not_started,Quest and mount rows already exist; item/reward audit deferred.
OBJ-000702,Survival Mode Food and Warmth Consumable Set,ae_creation,ae_survival_consumable_set,ae_creation,Multiple,,,,Source-listed AE Creation item or system acquisition; exact trigger deferred,Official AE Creation Club bundle installed | Parent package row OBJ-000479 (Survival Mode),Account for the source-listed AE set at parent level; individual member acquisition and checklist mapping deferred,,,,unknown,,,,AE Creation | Item/Reward Set,Survival Mode food and warmth-related consumables; member list deferred,unknown,unknown,AE Survival Mode equipment or resource implications deferred,fixed_early,main_route,SN-000042-ae-ingredient-consumable-and-material-sets.md,needs_review,not_started,Exact Survival Mode food policy belongs in constraint and route passes.
OBJ-000703,Nix-Hound Food and Spell Tome Item Set,ae_creation,ae_item_consumable_set,ae_creation,Multiple,,,,Source-listed AE Creation item or system acquisition; exact trigger deferred,Official AE Creation Club bundle installed | Parent package row OBJ-000492 (Nix-Hound),Account for the source-listed AE set at parent level; individual member acquisition and checklist mapping deferred,,,,unknown,,,,AE Creation | Item/Reward Set,Nix-Hound food and spell tome item set; member list deferred,unknown,unknown,AE Survival Mode equipment or resource implications deferred,unclassified,main_route,SN-000042-ae-ingredient-consumable-and-material-sets.md,needs_review,not_started,Pet acquisition row already exists; consumable/spell item audit deferred.
OBJ-000704,Adventurer's Backpack Equipment Set,crafting_unlock,ae_equipment_crafting_set,ae_creation,Multiple,,,,Source-listed AE Creation item or system acquisition; exact trigger deferred,Official AE Creation Club bundle installed | Parent package row OBJ-000490 (Adventurer's Backpack),Account for the source-listed AE set at parent level; individual member acquisition and checklist mapping deferred,,,,unknown,,,,AE Creation | Item/Reward Set,Adventurer backpack set; exact variants and recipes deferred,unknown,unknown,AE Survival Mode equipment or resource implications deferred,dependency_flexible,main_route,SN-000043-ae-crafting-and-practical-equipment-sets.md,needs_review,not_started,Carry-weight and Survival Mode value deferred to route planning.
OBJ-000705,Camping Supplies Crafting System,crafting_unlock,ae_survival_crafting_system,ae_creation,Multiple,,,,Source-listed AE Creation item or system acquisition; exact trigger deferred,Official AE Creation Club bundle installed | Parent package row OBJ-000491 (Camping),Account for the source-listed AE set at parent level; individual member acquisition and checklist mapping deferred,,,,unknown,,,,AE Creation | Item/Reward Set,Camping Supplies crafting system; recipe/material details deferred,unknown,unknown,AE Survival Mode equipment or resource implications deferred,fixed_early,main_route,SN-000043-ae-crafting-and-practical-equipment-sets.md,needs_review,not_started,"Likely early Survival Mode utility, but exact timing deferred."
OBJ-000706,Arcane Archer Ammunition and Spell Tome Set,crafting_unlock,ae_ammunition_set,ae_creation,Multiple,,,,Source-listed AE Creation item or system acquisition; exact trigger deferred,Official AE Creation Club bundle installed | Parent package row OBJ-000481 (Arcane Archer Pack),Account for the source-listed AE set at parent level; individual member acquisition and checklist mapping deferred,,,,unknown,,,,AE Creation | Item/Reward Set,"Arcane Archer arrows, spell tomes, and materials; member list deferred",unknown,unknown,AE Survival Mode equipment or resource implications deferred,unclassified,main_route,SN-000043-ae-crafting-and-practical-equipment-sets.md,needs_review,not_started,Exact crafting recipes and College/Kagrumez timing deferred.
OBJ-000707,Expanded Crossbow Pack Weapon and Crafting Set,crafting_unlock,ae_weapon_crafting_set,ae_creation,Multiple,,,,Source-listed AE Creation item or system acquisition; exact trigger deferred,Official AE Creation Club bundle installed | Parent package row OBJ-000515 (Expanded Crossbow Pack),Account for the source-listed AE set at parent level; individual member acquisition and checklist mapping deferred,,,,unknown,,,,AE Creation | Item/Reward Set,Expanded Crossbow Pack crossbows and enhanced variants; member list deferred,unknown,unknown,AE Survival Mode equipment or resource implications deferred,unclassified,main_route,SN-000043-ae-crafting-and-practical-equipment-sets.md,needs_review,not_started,Crafting unlock and smithing requirements deferred.
OBJ-000708,Elite Crossbows Weapon and Crafting Set,crafting_unlock,ae_weapon_crafting_set,ae_creation,Multiple,,,,Source-listed AE Creation item or system acquisition; exact trigger deferred,Official AE Creation Club bundle installed | Parent package row OBJ-000503 (Elite Crossbows),Account for the source-listed AE set at parent level; individual member acquisition and checklist mapping deferred,,,,unknown,,,,AE Creation | Item/Reward Set,Elite Crossbows weapon set and enhanced variants; member list deferred,unknown,unknown,AE Survival Mode equipment or resource implications deferred,unclassified,main_route,SN-000043-ae-crafting-and-practical-equipment-sets.md,needs_review,not_started,Quest acquisition and crafting unlock details deferred.
OBJ-000709,Nordic Jewelry Equipment and Crafting Set,crafting_unlock,ae_equipment_crafting_set,ae_creation,Multiple,,,,Source-listed AE Creation item or system acquisition; exact trigger deferred,Official AE Creation Club bundle installed | Parent package row OBJ-000496 (Nordic Jewelry),Account for the source-listed AE set at parent level; individual member acquisition and checklist mapping deferred,,,,unknown,,,,AE Creation | Item/Reward Set,Nordic jewelry apparel and crafting set; member list deferred,unknown,unknown,AE Survival Mode equipment or resource implications deferred,unclassified,main_route,SN-000043-ae-crafting-and-practical-equipment-sets.md,needs_review,not_started,"Exact vendor purchase, certificate handling, and recipe details deferred."
OBJ-000710,Fearsome Fists Brawler Gauntlet Set,crafting_unlock,ae_equipment_crafting_set,ae_creation,Multiple,,,,Source-listed AE Creation item or system acquisition; exact trigger deferred,Official AE Creation Club bundle installed | Parent package row OBJ-000539 (Fearsome Fists),Account for the source-listed AE set at parent level; individual member acquisition and checklist mapping deferred,,,,unknown,,,,AE Creation | Item/Reward Set,Brawler gauntlet set; exact variants and crafting requirements deferred,unknown,unknown,AE Survival Mode equipment or resource implications deferred,unclassified,main_route,SN-000043-ae-crafting-and-practical-equipment-sets.md,needs_review,not_started,Power-curve and crafting timing deferred.
OBJ-000711,Gallows Hall Necromancy Crafting Systems,crafting_unlock,ae_home_crafting_system,ae_creation,Multiple,,,,Source-listed AE Creation item or system acquisition; exact trigger deferred,Official AE Creation Club bundle installed | Parent package row OBJ-000541 (Gallows Hall),Account for the source-listed AE set at parent level; individual member acquisition and checklist mapping deferred,,,,unknown,,,,AE Creation | Item/Reward Set,Altar of the Revenant and Bone Forge systems; exact recipe/output audit deferred,unknown,unknown,AE Survival Mode equipment or resource implications deferred,unclassified,main_route,SN-000043-ae-crafting-and-practical-equipment-sets.md,needs_review,not_started,Property ownership row exists; this row preserves crafting-system follow-up.
OBJ-000712,Myrwatch Crafting Station Access,crafting_unlock,ae_home_crafting_system,ae_creation,Multiple,,,,Source-listed AE Creation item or system acquisition; exact trigger deferred,Official AE Creation Club bundle installed | Parent package row OBJ-000495 (Myrwatch),Account for the source-listed AE set at parent level; individual member acquisition and checklist mapping deferred,,,,unknown,,,,AE Creation | Item/Reward Set,Myrwatch crafting stations including Staff Enchanter context; exact station audit deferred,unknown,unknown,AE Survival Mode equipment or resource implications deferred,unclassified,main_route,SN-000043-ae-crafting-and-practical-equipment-sets.md,needs_review,not_started,Property ownership row exists; station/member audit deferred.
OBJ-000713,Alternative Armors - Daedric Mail Parent Set,unique_item,ae_armor_parent_set,ae_creation,Multiple,,,,Source-listed AE Creation item or system acquisition; exact trigger deferred,Official AE Creation Club bundle installed | Parent package row OBJ-000517 (Alternative Armors - Daedric Mail),Account for the source-listed AE armor set at parent level; individual armor-piece acquisition and checklist mapping deferred,,,,unknown,,,,AE Creation | Item/Reward Set,Alternative Armor equipment set; exact armor-piece list deferred,unknown,unknown,AE Survival Mode equipment or resource implications deferred,unclassified,main_route,SN-000044-ae-alternative-armor-parent-sets.md,needs_review,not_started,"Parent set row only; member-level acquisition, crafting, and power-curve timing deferred."
OBJ-000714,Alternative Armors - Daedric Plate Parent Set,unique_item,ae_armor_parent_set,ae_creation,Multiple,,,,Source-listed AE Creation item or system acquisition; exact trigger deferred,Official AE Creation Club bundle installed | Parent package row OBJ-000527 (Alternative Armors - Daedric Plate),Account for the source-listed AE armor set at parent level; individual armor-piece acquisition and checklist mapping deferred,,,,unknown,,,,AE Creation | Item/Reward Set,Alternative Armor equipment set; exact armor-piece list deferred,unknown,unknown,AE Survival Mode equipment or resource implications deferred,unclassified,main_route,SN-000044-ae-alternative-armor-parent-sets.md,needs_review,not_started,"Parent set row only; member-level acquisition, crafting, and power-curve timing deferred."
OBJ-000715,Alternative Armors - Dragon Plate Parent Set,unique_item,ae_armor_parent_set,ae_creation,Multiple,,,,Source-listed AE Creation item or system acquisition; exact trigger deferred,Official AE Creation Club bundle installed | Parent package row OBJ-000528 (Alternative Armors - Dragon Plate),Account for the source-listed AE armor set at parent level; individual armor-piece acquisition and checklist mapping deferred,,,,unknown,,,,AE Creation | Item/Reward Set,Alternative Armor equipment set; exact armor-piece list deferred,unknown,unknown,AE Survival Mode equipment or resource implications deferred,unclassified,main_route,SN-000044-ae-alternative-armor-parent-sets.md,needs_review,not_started,"Parent set row only; member-level acquisition, crafting, and power-curve timing deferred."
OBJ-000716,Alternative Armors - Dragonscale Parent Set,unique_item,ae_armor_parent_set,ae_creation,Multiple,,,,Source-listed AE Creation item or system acquisition; exact trigger deferred,Official AE Creation Club bundle installed | Parent package row OBJ-000518 (Alternative Armors - Dragonscale),Account for the source-listed AE armor set at parent level; individual armor-piece acquisition and checklist mapping deferred,,,,unknown,,,,AE Creation | Item/Reward Set,Alternative Armor equipment set; exact armor-piece list deferred,unknown,unknown,AE Survival Mode equipment or resource implications deferred,unclassified,main_route,SN-000044-ae-alternative-armor-parent-sets.md,needs_review,not_started,"Parent set row only; member-level acquisition, crafting, and power-curve timing deferred."
OBJ-000717,Alternative Armors - Dwarven Mail Parent Set,unique_item,ae_armor_parent_set,ae_creation,Multiple,,,,Source-listed AE Creation item or system acquisition; exact trigger deferred,Official AE Creation Club bundle installed | Parent package row OBJ-000512 (Alternative Armors - Dwarven Mail),Account for the source-listed AE armor set at parent level; individual armor-piece acquisition and checklist mapping deferred,,,,unknown,,,,AE Creation | Item/Reward Set,Alternative Armor equipment set; exact armor-piece list deferred,unknown,unknown,AE Survival Mode equipment or resource implications deferred,unclassified,main_route,SN-000044-ae-alternative-armor-parent-sets.md,needs_review,not_started,"Parent set row only; member-level acquisition, crafting, and power-curve timing deferred."
OBJ-000718,Alternative Armors - Dwarven Plate Parent Set,unique_item,ae_armor_parent_set,ae_creation,Multiple,,,,Source-listed AE Creation item or system acquisition; exact trigger deferred,Official AE Creation Club bundle installed | Parent package row OBJ-000529 (Alternative Armors - Dwarven Plate),Account for the source-listed AE armor set at parent level; individual armor-piece acquisition and checklist mapping deferred,,,,unknown,,,,AE Creation | Item/Reward Set,Alternative Armor equipment set; exact armor-piece list deferred,unknown,unknown,AE Survival Mode equipment or resource implications deferred,unclassified,main_route,SN-000044-ae-alternative-armor-parent-sets.md,needs_review,not_started,"Parent set row only; member-level acquisition, crafting, and power-curve timing deferred."
OBJ-000719,Alternative Armors - Ebony Plate Parent Set,unique_item,ae_armor_parent_set,ae_creation,Multiple,,,,Source-listed AE Creation item or system acquisition; exact trigger deferred,Official AE Creation Club bundle installed | Parent package row OBJ-000520 (Alternative Armors - Ebony Plate),Account for the source-listed AE armor set at parent level; individual armor-piece acquisition and checklist mapping deferred,,,,unknown,,,,AE Creation | Item/Reward Set,Alternative Armor equipment set; exact armor-piece list deferred,unknown,unknown,AE Survival Mode equipment or resource implications deferred,unclassified,main_route,SN-000044-ae-alternative-armor-parent-sets.md,needs_review,not_started,"Parent set row only; member-level acquisition, crafting, and power-curve timing deferred."
OBJ-000720,Alternative Armors - Elven Hunter Parent Set,unique_item,ae_armor_parent_set,ae_creation,Multiple,,,,Source-listed AE Creation item or system acquisition; exact trigger deferred,Official AE Creation Club bundle installed | Parent package row OBJ-000519 (Alternative Armors - Elven Hunter),Account for the source-listed AE armor set at parent level; individual armor-piece acquisition and checklist mapping deferred,,,,unknown,,,,AE Creation | Item/Reward Set,Alternative Armor equipment set; exact armor-piece list deferred,unknown,unknown,AE Survival Mode equipment or resource implications deferred,unclassified,main_route,SN-000044-ae-alternative-armor-parent-sets.md,needs_review,not_started,"Parent set row only; member-level acquisition, crafting, and power-curve timing deferred."
OBJ-000721,Alternative Armors - Iron Parent Set,unique_item,ae_armor_parent_set,ae_creation,Multiple,,,,Source-listed AE Creation item or system acquisition; exact trigger deferred,Official AE Creation Club bundle installed | Parent package row OBJ-000530 (Alternative Armors - Iron),Account for the source-listed AE armor set at parent level; individual armor-piece acquisition and checklist mapping deferred,,,,unknown,,,,AE Creation | Item/Reward Set,Alternative Armor equipment set; exact armor-piece list deferred,unknown,unknown,AE Survival Mode equipment or resource implications deferred,unclassified,main_route,SN-000044-ae-alternative-armor-parent-sets.md,needs_review,not_started,"Parent set row only; member-level acquisition, crafting, and power-curve timing deferred."
OBJ-000722,Alternative Armors - Leather Parent Set,unique_item,ae_armor_parent_set,ae_creation,Multiple,,,,Source-listed AE Creation item or system acquisition; exact trigger deferred,Official AE Creation Club bundle installed | Parent package row OBJ-000531 (Alternative Armors - Leather),Account for the source-listed AE armor set at parent level; individual armor-piece acquisition and checklist mapping deferred,,,,unknown,,,,AE Creation | Item/Reward Set,Alternative Armor equipment set; exact armor-piece list deferred,unknown,unknown,AE Survival Mode equipment or resource implications deferred,unclassified,main_route,SN-000044-ae-alternative-armor-parent-sets.md,needs_review,not_started,"Parent set row only; member-level acquisition, crafting, and power-curve timing deferred."
OBJ-000723,Alternative Armors - Orcish Plate Parent Set,unique_item,ae_armor_parent_set,ae_creation,Multiple,,,,Source-listed AE Creation item or system acquisition; exact trigger deferred,Official AE Creation Club bundle installed | Parent package row OBJ-000532 (Alternative Armors - Orcish Plate),Account for the source-listed AE armor set at parent level; individual armor-piece acquisition and checklist mapping deferred,,,,unknown,,,,AE Creation | Item/Reward Set,Alternative Armor equipment set; exact armor-piece list deferred,unknown,unknown,AE Survival Mode equipment or resource implications deferred,unclassified,main_route,SN-000044-ae-alternative-armor-parent-sets.md,needs_review,not_started,"Parent set row only; member-level acquisition, crafting, and power-curve timing deferred."
OBJ-000724,Alternative Armors - Orcish Scaled Parent Set,unique_item,ae_armor_parent_set,ae_creation,Multiple,,,,Source-listed AE Creation item or system acquisition; exact trigger deferred,Official AE Creation Club bundle installed | Parent package row OBJ-000533 (Alternative Armors - Orcish Scaled),Account for the source-listed AE armor set at parent level; individual armor-piece acquisition and checklist mapping deferred,,,,unknown,,,,AE Creation | Item/Reward Set,Alternative Armor equipment set; exact armor-piece list deferred,unknown,unknown,AE Survival Mode equipment or resource implications deferred,unclassified,main_route,SN-000044-ae-alternative-armor-parent-sets.md,needs_review,not_started,"Parent set row only; member-level acquisition, crafting, and power-curve timing deferred."
OBJ-000725,Alternative Armors - Silver Parent Set,unique_item,ae_armor_parent_set,ae_creation,Multiple,,,,Source-listed AE Creation item or system acquisition; exact trigger deferred,Official AE Creation Club bundle installed | Parent package row OBJ-000534 (Alternative Armors - Silver),Account for the source-listed AE armor set at parent level; individual armor-piece acquisition and checklist mapping deferred,,,,unknown,,,,AE Creation | Item/Reward Set,Alternative Armor equipment set; exact armor-piece list deferred,unknown,unknown,AE Survival Mode equipment or resource implications deferred,unclassified,main_route,SN-000044-ae-alternative-armor-parent-sets.md,needs_review,not_started,"Parent set row only; member-level acquisition, crafting, and power-curve timing deferred."
OBJ-000726,Alternative Armors - Stalhrim Fur Parent Set,unique_item,ae_armor_parent_set,ae_creation,Multiple,,,,Source-listed AE Creation item or system acquisition; exact trigger deferred,Official AE Creation Club bundle installed | Parent package row OBJ-000513 (Alternative Armors - Stalhrim Fur),Account for the source-listed AE armor set at parent level; individual armor-piece acquisition and checklist mapping deferred,,,,unknown,,,,AE Creation | Item/Reward Set,Alternative Armor equipment set; exact armor-piece list deferred,unknown,unknown,AE Survival Mode equipment or resource implications deferred,unclassified,main_route,SN-000044-ae-alternative-armor-parent-sets.md,needs_review,not_started,"Parent set row only; member-level acquisition, crafting, and power-curve timing deferred."
OBJ-000727,Alternative Armors - Steel Soldier Parent Set,unique_item,ae_armor_parent_set,ae_creation,Multiple,,,,Source-listed AE Creation item or system acquisition; exact trigger deferred,Official AE Creation Club bundle installed | Parent package row OBJ-000521 (Alternative Armors - Steel Soldier),Account for the source-listed AE armor set at parent level; individual armor-piece acquisition and checklist mapping deferred,,,,unknown,,,,AE Creation | Item/Reward Set,Alternative Armor equipment set; exact armor-piece list deferred,unknown,unknown,AE Survival Mode equipment or resource implications deferred,unclassified,main_route,SN-000044-ae-alternative-armor-parent-sets.md,needs_review,not_started,"Parent set row only; member-level acquisition, crafting, and power-curve timing deferred."
OBJ-000728,Divine Crusader Relics Parent Set,unique_item,ae_unique_equipment_parent_set,ae_creation,Multiple,,,,Source-listed AE Creation item or system acquisition; exact trigger deferred,Official AE Creation Club bundle installed | Parent package row OBJ-000483 (Divine Crusader),Account for the source-listed AE equipment or reward set at parent level; individual member acquisition and checklist mapping deferred,,,,unknown,,,,AE Creation | Item/Reward Set,Divine Crusader armor and weapon relics; member list deferred,possible,unknown,AE Survival Mode equipment or resource implications deferred,unclassified,main_route,SN-000045-ae-unique-equipment-parent-sets.md,needs_review,not_started,Quest and crime/pilgrim implications deferred.
OBJ-000729,Netch Leather Armor Parent Set,unique_item,ae_unique_equipment_parent_set,ae_creation,Multiple,,,,Source-listed AE Creation item or system acquisition; exact trigger deferred,Official AE Creation Club bundle installed | Parent package row OBJ-000516 (Netch Leather Armor),Account for the source-listed AE equipment or reward set at parent level; individual member acquisition and checklist mapping deferred,,,,unknown,,,,AE Creation | Item/Reward Set,Netch Leather armor set and related materials; member list deferred,unknown,unknown,AE Survival Mode equipment or resource implications deferred,unclassified,main_route,SN-000045-ae-unique-equipment-parent-sets.md,needs_review,not_started,Solstheim acquisition and crafting details deferred.
OBJ-000730,Spell Knight Armor Parent Set,unique_item,ae_unique_equipment_parent_set,ae_creation,Multiple,,,,Source-listed AE Creation item or system acquisition; exact trigger deferred,Official AE Creation Club bundle installed | Parent package row OBJ-000510 (Spell Knight Armor),Account for the source-listed AE equipment or reward set at parent level; individual member acquisition and checklist mapping deferred,,,,unknown,,,,AE Creation | Item/Reward Set,Spell Knight armor set; member list deferred,unknown,unknown,AE Survival Mode equipment or resource implications deferred,unclassified,main_route,SN-000045-ae-unique-equipment-parent-sets.md,needs_review,not_started,Quest outcome and crafting details deferred.
OBJ-000731,Vigil Enforcer Armor Set Parent Set,unique_item,ae_unique_equipment_parent_set,ae_creation,Multiple,,,,Source-listed AE Creation item or system acquisition; exact trigger deferred,Official AE Creation Club bundle installed | Parent package row OBJ-000507 (Vigil Enforcer Armor Set),Account for the source-listed AE equipment or reward set at parent level; individual member acquisition and checklist mapping deferred,,,,unknown,,,,AE Creation | Item/Reward Set,Vigil Enforcer armor set; member list deferred,unknown,unknown,AE Survival Mode equipment or resource implications deferred,unclassified,main_route,SN-000045-ae-unique-equipment-parent-sets.md,needs_review,not_started,Hall of the Vigilant timing and item audit deferred.
OBJ-000732,Civil War Champions Equipment Parent Set,unique_item,ae_unique_equipment_parent_set,ae_creation,Multiple,,,,Source-listed AE Creation item or system acquisition; exact trigger deferred,Official AE Creation Club bundle installed | Parent package row OBJ-000502 (Civil War Champions),Account for the source-listed AE equipment or reward set at parent level; individual member acquisition and checklist mapping deferred,,,,unknown,Civil War branch/outcome implications deferred,,,AE Creation | Item/Reward Set,Civil War Champions armor and weapon rewards; member list deferred,unknown,unknown,AE Survival Mode equipment or resource implications deferred,unclassified,main_route,SN-000045-ae-unique-equipment-parent-sets.md,needs_review,not_started,Faction and branch implications deferred to conflict pass.
OBJ-000733,Redguard Elite Armaments Parent Set,unique_item,ae_unique_equipment_parent_set,ae_creation,Multiple,,,,Source-listed AE Creation item or system acquisition; exact trigger deferred,Official AE Creation Club bundle installed | Parent package row OBJ-000549 (Redguard Elite Armaments),Account for the source-listed AE equipment or reward set at parent level; individual member acquisition and checklist mapping deferred,,,,unknown,,,,AE Creation | Item/Reward Set,Redguard Elite Armaments equipment set; member list deferred,unknown,unknown,AE Survival Mode equipment or resource implications deferred,unclassified,main_route,SN-000045-ae-unique-equipment-parent-sets.md,needs_review,not_started,Quest and equipment audit deferred.
OBJ-000734,Saturalia Outfit Parent Set,unique_item,ae_unique_equipment_parent_set,ae_creation,Multiple,,,,Source-listed AE Creation item or system acquisition; exact trigger deferred,Official AE Creation Club bundle installed | Parent package row OBJ-000505 (Saturalia Holiday Pack),Account for the source-listed AE equipment or reward set at parent level; individual member acquisition and checklist mapping deferred,,,,unknown,,,,AE Creation | Item/Reward Set,Saturalia outfit set; member list deferred,unknown,unknown,AE Survival Mode equipment or resource implications deferred,unclassified,main_route,SN-000045-ae-unique-equipment-parent-sets.md,needs_review,not_started,Reindeer mount row exists separately.
OBJ-000735,Arms of Chaos Equipment Parent Set,unique_item,ae_unique_equipment_parent_set,ae_creation,Multiple,,,,Source-listed AE Creation item or system acquisition; exact trigger deferred,Official AE Creation Club bundle installed | Parent package row OBJ-000508 (Arms of Chaos),Account for the source-listed AE equipment or reward set at parent level; individual member acquisition and checklist mapping deferred,,,,unknown,,,,AE Creation | Item/Reward Set,"Arms of Chaos apparel, weapons, and related items; member list deferred",unknown,unknown,AE Survival Mode equipment or resource implications deferred,unclassified,main_route,SN-000045-ae-unique-equipment-parent-sets.md,needs_review,not_started,Quest and reward audit deferred.
OBJ-000736,Chrysamere Unique Weapon,unique_item,ae_unique_equipment_parent_set,ae_creation,Multiple,,,,Source-listed AE Creation item or system acquisition; exact trigger deferred,Official AE Creation Club bundle installed | Parent package row OBJ-000482 (Chrysamere),Account for the source-listed AE equipment or reward set at parent level; individual member acquisition and checklist mapping deferred,,,,unknown,,,,AE Creation | Item/Reward Set,Chrysamere unique weapon; exact pickup conditions deferred,unknown,unknown,AE Survival Mode equipment or resource implications deferred,unclassified,main_route,SN-000045-ae-unique-equipment-parent-sets.md,needs_review,not_started,Weapon row only; location and difficulty validation deferred.
OBJ-000737,Dawnfang and Duskfang Unique Weapon Set,unique_item,ae_unique_equipment_parent_set,ae_creation,Multiple,,,,Source-listed AE Creation item or system acquisition; exact trigger deferred,Official AE Creation Club bundle installed | Parent package row OBJ-000514 (Dawnfang & Duskfang),Account for the source-listed AE equipment or reward set at parent level; individual member acquisition and checklist mapping deferred,,,,unknown,,,,AE Creation | Item/Reward Set,Dawnfang and Duskfang unique weapon set; exact member/state handling deferred,unknown,unknown,AE Survival Mode equipment or resource implications deferred,unclassified,main_route,SN-000045-ae-unique-equipment-parent-sets.md,needs_review,not_started,Weapon state/reward mechanics deferred.
OBJ-000738,Dead Man's Dread Equipment Parent Set,unique_item,ae_unique_equipment_parent_set,ae_creation,Multiple,,,,Source-listed AE Creation item or system acquisition; exact trigger deferred,Official AE Creation Club bundle installed | Parent package row OBJ-000522 (Dead Man's Dread),Account for the source-listed AE equipment or reward set at parent level; individual member acquisition and checklist mapping deferred,,,,unknown,,,,AE Creation | Item/Reward Set,"Dead Man's Dread apparel, weapon, and ship items; member list deferred",unknown,unknown,AE Survival Mode equipment or resource implications deferred,unclassified,main_route,SN-000045-ae-unique-equipment-parent-sets.md,needs_review,not_started,Player-home row exists separately; item audit deferred.
OBJ-000739,Forgotten Seasons Equipment Reward Parent Set,unique_item,ae_unique_equipment_parent_set,ae_creation,Multiple,,,,Source-listed AE Creation item or system acquisition; exact trigger deferred,Official AE Creation Club bundle installed | Parent package row OBJ-000504 (Forgotten Seasons),Account for the source-listed AE equipment or reward set at parent level; individual member acquisition and checklist mapping deferred,,,,unknown,,,,AE Creation | Item/Reward Set,"Forgotten Seasons apparel, weapons, and reward items; member list deferred",unknown,unknown,AE Survival Mode equipment or resource implications deferred,unclassified,main_route,SN-000045-ae-unique-equipment-parent-sets.md,needs_review,not_started,Dwarven Horse and consumable rows exist separately.
OBJ-000740,Ghosts of the Tribunal Equipment Parent Set,unique_item,ae_unique_equipment_parent_set,ae_creation,Multiple,,,,Source-listed AE Creation item or system acquisition; exact trigger deferred,Official AE Creation Club bundle installed | Parent package row OBJ-000542 (Ghosts of the Tribunal),Account for the source-listed AE equipment or reward set at parent level; individual member acquisition and checklist mapping deferred,,,,unknown,,,,AE Creation | Item/Reward Set,"Ghosts of the Tribunal armor, weapon, and reward items; member list deferred",unknown,unknown,AE Survival Mode equipment or resource implications deferred,unclassified,main_route,SN-000045-ae-unique-equipment-parent-sets.md,needs_review,not_started,Solstheim quest and item audit deferred.
OBJ-000741,Lord's Mail Unique Armor,unique_item,ae_unique_equipment_parent_set,ae_creation,Multiple,,,,Source-listed AE Creation item or system acquisition; exact trigger deferred,Official AE Creation Club bundle installed | Parent package row OBJ-000489 (Lord's Mail),Account for the source-listed AE equipment or reward set at parent level; individual member acquisition and checklist mapping deferred,,,,unknown,,,,AE Creation | Item/Reward Set,Lord's Mail unique armor; exact cursed/uncursed handling deferred,unknown,unknown,AE Survival Mode equipment or resource implications deferred,unclassified,main_route,SN-000045-ae-unique-equipment-parent-sets.md,needs_review,not_started,Quest and item-state validation deferred.
OBJ-000742,Ruin's Edge Unique Weapon,unique_item,ae_unique_equipment_parent_set,ae_creation,Multiple,,,,Source-listed AE Creation item or system acquisition; exact trigger deferred,Official AE Creation Club bundle installed | Parent package row OBJ-000485 (Ruin's Edge),Account for the source-listed AE equipment or reward set at parent level; individual member acquisition and checklist mapping deferred,,,,unknown,,,,AE Creation | Item/Reward Set,Ruin's Edge unique weapon; exact pickup conditions deferred,unknown,unknown,AE Survival Mode equipment or resource implications deferred,unclassified,main_route,SN-000045-ae-unique-equipment-parent-sets.md,needs_review,not_started,Weapon row only; dungeon timing deferred.
OBJ-000743,Shadowrend Unique Weapon,unique_item,ae_unique_equipment_parent_set,ae_creation,Multiple,,,,Source-listed AE Creation item or system acquisition; exact trigger deferred,Official AE Creation Club bundle installed | Parent package row OBJ-000493 (Shadowrend),Account for the source-listed AE equipment or reward set at parent level; individual member acquisition and checklist mapping deferred,,,,unknown,,,,AE Creation | Item/Reward Set,Shadowrend unique weapon; exact form/choice handling deferred,unknown,unknown,AE Survival Mode equipment or resource implications deferred,unclassified,main_route,SN-000045-ae-unique-equipment-parent-sets.md,needs_review,not_started,Potential form handling deferred to item pass.
OBJ-000744,Staff of Hasedoki Unique Staff,unique_item,ae_unique_equipment_parent_set,ae_creation,Multiple,,,,Source-listed AE Creation item or system acquisition; exact trigger deferred,Official AE Creation Club bundle installed | Parent package row OBJ-000500 (Staff of Hasedoki),Account for the source-listed AE equipment or reward set at parent level; individual member acquisition and checklist mapping deferred,,,,unknown,,,,AE Creation | Item/Reward Set,Staff of Hasedoki unique staff; exact acquisition deferred,unknown,unknown,AE Survival Mode equipment or resource implications deferred,unclassified,main_route,SN-000045-ae-unique-equipment-parent-sets.md,needs_review,not_started,Staff row only; route timing deferred.
OBJ-000745,Staff of Sheogorath Unique Staff,unique_item,ae_unique_equipment_parent_set,ae_creation,Multiple,,,,Source-listed AE Creation item or system acquisition; exact trigger deferred,Official AE Creation Club bundle installed | Parent package row OBJ-000486 (Staff of Sheogorath),Account for the source-listed AE equipment or reward set at parent level; individual member acquisition and checklist mapping deferred,,,,unknown,,,,AE Creation | Item/Reward Set,Staff of Sheogorath unique staff; exact acquisition deferred,unknown,unknown,AE Survival Mode equipment or resource implications deferred,unclassified,main_route,SN-000045-ae-unique-equipment-parent-sets.md,needs_review,not_started,Staff row only; route timing deferred.
OBJ-000746,Stendarr's Hammer Unique Weapon,unique_item,ae_unique_equipment_parent_set,ae_creation,Multiple,,,,Source-listed AE Creation item or system acquisition; exact trigger deferred,Official AE Creation Club bundle installed | Parent package row OBJ-000487 (Stendarr's Hammer),Account for the source-listed AE equipment or reward set at parent level; individual member acquisition and checklist mapping deferred,,,,unknown,,,,AE Creation | Item/Reward Set,Stendarr's Hammer unique weapon; exact acquisition deferred,unknown,unknown,AE Survival Mode equipment or resource implications deferred,unclassified,main_route,SN-000045-ae-unique-equipment-parent-sets.md,needs_review,not_started,Museum theft/acquisition handling deferred.
OBJ-000747,Sunder and Wraithguard Artifact Parent Set,unique_item,ae_unique_equipment_parent_set,ae_creation,Multiple,,,,Source-listed AE Creation item or system acquisition; exact trigger deferred,Official AE Creation Club bundle installed | Parent package row OBJ-000506 (Sunder & Wraithguard),Account for the source-listed AE equipment or reward set at parent level; individual member acquisition and checklist mapping deferred,,,,unknown,,,,AE Creation | Item/Reward Set,Sunder and Wraithguard artifact set; member list deferred,unknown,unknown,AE Survival Mode equipment or resource implications deferred,unclassified,main_route,SN-000045-ae-unique-equipment-parent-sets.md,needs_review,not_started,Artifact preservation and route timing deferred.
OBJ-000748,The Gray Cowl Returns Equipment Parent Set,unique_item,ae_unique_equipment_parent_set,ae_creation,Multiple,,,,Source-listed AE Creation item or system acquisition; exact trigger deferred,Official AE Creation Club bundle installed | Parent package row OBJ-000526 (The Gray Cowl Returns!),Account for the source-listed AE equipment or reward set at parent level; individual member acquisition and checklist mapping deferred,,,,unknown,,,,AE Creation | Item/Reward Set,Gray Cowl Returns equipment and reward items; member list deferred,unknown,unknown,AE Survival Mode equipment or resource implications deferred,unclassified,main_route,SN-000045-ae-unique-equipment-parent-sets.md,needs_review,not_started,Quest and item audit deferred.
OBJ-000749,Umbra Unique Weapon,unique_item,ae_unique_equipment_parent_set,ae_creation,Multiple,,,,Source-listed AE Creation item or system acquisition; exact trigger deferred,Official AE Creation Club bundle installed | Parent package row OBJ-000511 (Umbra),Account for the source-listed AE equipment or reward set at parent level; individual member acquisition and checklist mapping deferred,,,,unknown,,,,AE Creation | Item/Reward Set,Umbra unique weapon; exact acquisition deferred,unknown,unknown,AE Survival Mode equipment or resource implications deferred,unclassified,main_route,SN-000045-ae-unique-equipment-parent-sets.md,needs_review,not_started,Dungeon and difficulty timing deferred.
OBJ-000750,The Cause Equipment Reward Parent Set,unique_item,ae_unique_equipment_parent_set,ae_creation,Multiple,,,,Source-listed AE Creation item or system acquisition; exact trigger deferred,Official AE Creation Club bundle installed | Parent package row OBJ-000551 (The Cause),Account for the source-listed AE equipment or reward set at parent level; individual member acquisition and checklist mapping deferred,,,,unknown,,,,AE Creation | Item/Reward Set,The Cause weapons and reward items; member list deferred,unknown,unknown,AE Survival Mode equipment or resource implications deferred,unclassified,main_route,SN-000045-ae-unique-equipment-parent-sets.md,needs_review,not_started,High-level quest and reward audit deferred.
OBJ-000751,The Contest Weapon Parent Set,unique_item,ae_unique_equipment_parent_set,ae_creation,Multiple,,,,Source-listed AE Creation item or system acquisition; exact trigger deferred,Official AE Creation Club bundle installed | Parent package row OBJ-000552 (The Contest),Account for the source-listed AE equipment or reward set at parent level; individual member acquisition and checklist mapping deferred,,,,unknown,,,,AE Creation | Item/Reward Set,The Contest weapon rewards; member list deferred,unknown,unknown,AE Survival Mode equipment or resource implications deferred,unclassified,main_route,SN-000045-ae-unique-equipment-parent-sets.md,needs_review,not_started,Quest reward audit deferred.
OBJ-000752,Bow of Shadows Unique Weapon,unique_item,ae_unique_equipment_parent_set,ae_creation,Multiple,,,,Source-listed AE Creation item or system acquisition; exact trigger deferred,Official AE Creation Club bundle installed | Parent package row OBJ-000537 (Bow of Shadows),Account for the source-listed AE equipment or reward set at parent level; individual member acquisition and checklist mapping deferred,,,,unknown,,,,AE Creation | Item/Reward Set,Bow of Shadows unique weapon; exact acquisition deferred,unknown,unknown,AE Survival Mode equipment or resource implications deferred,unclassified,main_route,SN-000045-ae-unique-equipment-parent-sets.md,needs_review,not_started,Quest/NPC dependency details deferred.
OBJ-000753,Goldbrand Unique Weapon,unique_item,ae_unique_equipment_parent_set,ae_creation,Multiple,,,,Source-listed AE Creation item or system acquisition; exact trigger deferred,Official AE Creation Club bundle installed | Parent package row OBJ-000543 (Goldbrand),Account for the source-listed AE equipment or reward set at parent level; individual member acquisition and checklist mapping deferred,,,,unknown,,,,AE Creation | Item/Reward Set,Goldbrand unique weapon; exact acquisition deferred,unknown,unknown,AE Survival Mode equipment or resource implications deferred,unclassified,main_route,SN-000045-ae-unique-equipment-parent-sets.md,needs_review,not_started,Quest and difficulty timing deferred.
OBJ-000754,Headman's Cleaver Unique Weapon,unique_item,ae_unique_equipment_parent_set,ae_creation,Multiple,,,,Source-listed AE Creation item or system acquisition; exact trigger deferred,Official AE Creation Club bundle installed | Parent package row OBJ-000544 (Headman's Cleaver),Account for the source-listed AE equipment or reward set at parent level; individual member acquisition and checklist mapping deferred,,,,unknown,,,,AE Creation | Item/Reward Set,Headman's Cleaver unique weapon; exact acquisition deferred,unknown,unknown,AE Survival Mode equipment or resource implications deferred,unclassified,main_route,SN-000045-ae-unique-equipment-parent-sets.md,needs_review,not_started,Rumor/quest acquisition details deferred.
OBJ-000755,Bittercup Reward Parent Set,unique_item,ae_unique_equipment_parent_set,ae_creation,Multiple,,,,Source-listed AE Creation item or system acquisition; exact trigger deferred,Official AE Creation Club bundle installed | Parent package row OBJ-000535 (Bittercup),Account for the source-listed AE equipment or reward set at parent level; individual member acquisition and checklist mapping deferred,,,,unknown,Bittercup outcome choice deferred,,,AE Creation | Item/Reward Set,Bittercup reward set and outcome items; member list deferred,possible,unknown,AE Survival Mode equipment or resource implications deferred,unclassified,main_route,SN-000045-ae-unique-equipment-parent-sets.md,needs_review,not_started,Meaningful outcome handling likely needs branch/choice validation.
OBJ-000756,Goblins Equipment Parent Set,unique_item,ae_unique_equipment_parent_set,ae_creation,Multiple,,,,Source-listed AE Creation item or system acquisition; exact trigger deferred,Official AE Creation Club bundle installed | Parent package row OBJ-000523 (Goblins),Account for the source-listed AE equipment or reward set at parent level; individual member acquisition and checklist mapping deferred,,,,unknown,,,,AE Creation | Item/Reward Set,Goblins equipment and carried reward items; member list deferred,unknown,unknown,AE Survival Mode equipment or resource implications deferred,unclassified,main_route,SN-000045-ae-unique-equipment-parent-sets.md,needs_review,not_started,Coordinates with Gogh follower row; carried gear policy deferred.
OBJ-000757,Pets of Skyrim Pet Equipment Parent Set,unique_item,ae_unique_equipment_parent_set,ae_creation,Multiple,,,,Source-listed AE Creation item or system acquisition; exact trigger deferred,Official AE Creation Club bundle installed | Parent package row OBJ-000497 (Pets of Skyrim),Account for the source-listed AE equipment or reward set at parent level; individual member acquisition and checklist mapping deferred,,,,unknown,,,,AE Creation | Item/Reward Set,Pets of Skyrim pet equipment and related items; member list deferred,unknown,unknown,AE Survival Mode equipment or resource implications deferred,unclassified,main_route,SN-000045-ae-unique-equipment-parent-sets.md,needs_review,not_started,Coordinates with pet rows; pet equipment policy deferred.
OBJ-000758,Wild Horses Map and Saddle Parent Set,unique_item,ae_unique_equipment_parent_set,ae_creation,Multiple,,,,Source-listed AE Creation item or system acquisition; exact trigger deferred,Official AE Creation Club bundle installed | Parent package row OBJ-000501 (Wild Horses),Account for the source-listed AE equipment or reward set at parent level; individual member acquisition and checklist mapping deferred,,,,unknown,,,,AE Creation | Item/Reward Set,"Wild Horses map, saddle, and related items; member list deferred",unknown,unknown,AE Survival Mode equipment or resource implications deferred,unclassified,main_route,SN-000045-ae-unique-equipment-parent-sets.md,needs_review,not_started,Coordinates with mount rows; stable/saddle policy deferred.
OBJ-000759,Dwarven Armored Mudcrab Pet Item Parent Set,unique_item,ae_unique_equipment_parent_set,ae_creation,Multiple,,,,Source-listed AE Creation item or system acquisition; exact trigger deferred,Official AE Creation Club bundle installed | Parent package row OBJ-000488 (Dwarven Armored Mudcrab),Account for the source-listed AE equipment or reward set at parent level; individual member acquisition and checklist mapping deferred,,,,unknown,,,,AE Creation | Item/Reward Set,Dwarven Armored Mudcrab spell tome and related pet items; member list deferred,unknown,unknown,AE Survival Mode equipment or resource implications deferred,unclassified,main_route,SN-000045-ae-unique-equipment-parent-sets.md,needs_review,not_started,Coordinates with pet row; exact AE journal handling deferred.
