book_location_id,objective_id,book_title,book_category,source_content,skill_or_school,worldspace,region,hold,location,location_detail,ownership_or_crime_notes,quest_or_state_dependency,cell_entry_lock_risk,missability,bug_risk,survival_mode_relevance,route_candidate_status,citations,notes
BOOKLOC-001191,OBJ-001064,Black Book: Waking Dreams,black_book,dragonborn,,Solstheim,,,Temple of Miraak,The Temple of Miraak.,Quest-item or unique-book handling; final sell/store/read policy deferred,The Temple of Miraak quest access; At the Summit of Apocrypha reuse later,unknown,unknown,unknown,"Travel, cold, carry weight, quest-state timing, and safe-storage implications deferred",provisional_objective_representative,SN-000053-black-books-and-unique-quest-books.md,Source-listed book/document acquisition candidate; final route selection pending.
BOOKLOC-001192,OBJ-001065,Black Book: Epistolary Acumen,black_book,dragonborn,,Solstheim,,,Nchardak,"Nchardak, recovered during The Path of Knowledge.",Quest-item or unique-book handling; final sell/store/read policy deferred,The Path of Knowledge,unknown,unknown,unknown,"Travel, cold, carry weight, quest-state timing, and safe-storage implications deferred",provisional_objective_representative,SN-000053-black-books-and-unique-quest-books.md,Source-listed book/document acquisition candidate; final route selection pending.
BOOKLOC-001193,OBJ-001066,Black Book: Untold Legends,black_book,dragonborn,,Solstheim,,,Benkongerike Great Hall,Benkongerike Great Hall.,Quest-item or unique-book handling; final sell/store/read policy deferred,Benkongerike access; Black Book: Untold Legends quest,unknown,unknown,unknown,"Travel, cold, carry weight, quest-state timing, and safe-storage implications deferred",provisional_objective_representative,SN-000053-black-books-and-unique-quest-books.md,Source-listed book/document acquisition candidate; final route selection pending.
BOOKLOC-001194,OBJ-001067,Black Book: The Winds of Change,black_book,dragonborn,,Solstheim,Raven Rock,,Raven Rock Mine,Raven Rock Mine.,Quest-item or unique-book handling; final sell/store/read policy deferred,The Final Descent access; Black Book: The Winds of Change quest,unknown,unknown,unknown,"Travel, cold, carry weight, quest-state timing, and safe-storage implications deferred",provisional_objective_representative,SN-000053-black-books-and-unique-quest-books.md,Source-listed book/document acquisition candidate; final route selection pending.
BOOKLOC-001195,OBJ-001068,Black Book: The Sallow Regent,black_book,dragonborn,,Solstheim,,,White Ridge Barrow,White Ridge Barrow.,Quest-item or unique-book handling; final sell/store/read policy deferred,White Ridge Barrow access; Black Book: The Sallow Regent quest,unknown,unknown,unknown,"Travel, cold, carry weight, quest-state timing, and safe-storage implications deferred",provisional_objective_representative,SN-000053-black-books-and-unique-quest-books.md,Source-listed book/document acquisition candidate; final route selection pending.
BOOKLOC-001196,OBJ-001069,Black Book: Filament and Filigree,black_book,dragonborn,,Solstheim,,,Kolbjorn Barrow,Kolbjorn Barrow.,Quest-item or unique-book handling; final sell/store/read policy deferred,Unearthed excavation progression; Black Book: Filament and Filigree quest,unknown,unknown,unknown,"Travel, cold, carry weight, quest-state timing, and safe-storage implications deferred",provisional_objective_representative,SN-000053-black-books-and-unique-quest-books.md,Source-listed book/document acquisition candidate; final route selection pending.
BOOKLOC-001197,OBJ-001070,Black Book: The Hidden Twilight,black_book,dragonborn,,Solstheim,Tel Mithryn,,Tel Mithryn Staff Enchanter Room,Tel Mithryn Staff Enchanter Room.,Quest-item or unique-book handling; final sell/store/read policy deferred,Tel Mithryn staff enchanter room access; Black Book: The Hidden Twilight quest,unknown,unknown,unknown,"Travel, cold, carry weight, quest-state timing, and safe-storage implications deferred",provisional_objective_representative,SN-000053-black-books-and-unique-quest-books.md,Source-listed book/document acquisition candidate; final route selection pending.
BOOKLOC-001198,OBJ-001071,"Unknown Book, Vol. I",quest_book,dawnguard,,Forgotten Vale,,,Forgotten Vale,"Forgotten Vale, among ruins between the Wayshrine of Learning and Wayshrine of Sight, next to a chest held by a skeleton.",Quest-item or unique-book handling; final sell/store/read policy deferred,Touching the Sky Forgotten Vale access,unknown,unknown,unknown,"Travel, cold, carry weight, quest-state timing, and safe-storage implications deferred",provisional_objective_representative,SN-000053-black-books-and-unique-quest-books.md,Source-listed book/document acquisition candidate; final route selection pending.
BOOKLOC-001199,OBJ-001072,"Unknown Book, Vol. II",quest_book,dawnguard,,Forgotten Vale,,,Forgotten Vale Overlook,"Forgotten Vale Overlook, reached by using the Emerald Paragon at the Paragon Platform; near a chest by the waterfall.",Quest-item or unique-book handling; final sell/store/read policy deferred,Touching the Sky Forgotten Vale access | Emerald Paragon access recommended by source,unknown,unknown,unknown,"Travel, cold, carry weight, quest-state timing, and safe-storage implications deferred",provisional_objective_representative,SN-000053-black-books-and-unique-quest-books.md,Source-listed book/document acquisition candidate; final route selection pending.
BOOKLOC-001200,OBJ-001073,"Unknown Book, Vol. III",quest_book,dawnguard,,Forgotten Vale,,,Forgotten Vale near Glacial Crevice,"Forgotten Vale south near Glacial Crevice, inside an eastern lone Falmer tent on a table.",Quest-item or unique-book handling; final sell/store/read policy deferred,Touching the Sky Forgotten Vale access,unknown,unknown,unknown,"Travel, cold, carry weight, quest-state timing, and safe-storage implications deferred",provisional_objective_representative,SN-000053-black-books-and-unique-quest-books.md,Source-listed book/document acquisition candidate; final route selection pending.
BOOKLOC-001201,OBJ-001074,"Unknown Book, Vol. IV",quest_book,dawnguard,,Forgotten Vale,,,Forgotten Vale Falmer village,"Forgotten Vale, inside the Falmer chieftain's hut before the tunnel to the Shrine of Radiance.",Quest-item or unique-book handling; final sell/store/read policy deferred,Touching the Sky Forgotten Vale access,unknown,unknown,unknown,"Travel, cold, carry weight, quest-state timing, and safe-storage implications deferred",provisional_objective_representative,SN-000053-black-books-and-unique-quest-books.md,Source-listed book/document acquisition candidate; final route selection pending.
BOOKLOC-001202,OBJ-001075,The Betrayed,quest_book,dawnguard,,Skyrim,,Winterhold,The Arcanaeum,"Urag gro-Shub gives this translated copy when buying Unknown Book, Vol. I.",Quest-item or unique-book handling; final sell/store/read policy deferred,"Forgotten Vale Books Quest | Unknown Book, Vol. I turn-in",unknown,unknown,unknown,"Travel, cold, carry weight, quest-state timing, and safe-storage implications deferred",provisional_objective_representative,SN-000053-black-books-and-unique-quest-books.md,Source-listed book/document acquisition candidate; final route selection pending.
BOOKLOC-001203,OBJ-001076,Journal of Mirtil Angoth,quest_book,dawnguard,,Skyrim,,Winterhold,The Arcanaeum,"Urag gro-Shub gives this translated copy when buying Unknown Book, Vol. II.",Quest-item or unique-book handling; final sell/store/read policy deferred,"Forgotten Vale Books Quest | Unknown Book, Vol. II turn-in",unknown,unknown,unknown,"Travel, cold, carry weight, quest-state timing, and safe-storage implications deferred",provisional_objective_representative,SN-000053-black-books-and-unique-quest-books.md,Source-listed book/document acquisition candidate; final route selection pending.
BOOKLOC-001204,OBJ-001077,Diary of Faire Agarwen,quest_book,dawnguard,,Skyrim,,Winterhold,The Arcanaeum,"Urag gro-Shub gives this translated copy when buying Unknown Book, Vol. III.",Quest-item or unique-book handling; final sell/store/read policy deferred,"Forgotten Vale Books Quest | Unknown Book, Vol. III turn-in",unknown,unknown,unknown,"Travel, cold, carry weight, quest-state timing, and safe-storage implications deferred",provisional_objective_representative,SN-000053-black-books-and-unique-quest-books.md,Source-listed book/document acquisition candidate; final route selection pending.
BOOKLOC-001205,OBJ-001078,Touching the Sky (book),quest_book,dawnguard,,Skyrim,,Winterhold,The Arcanaeum,"Urag gro-Shub gives this translated copy when buying Unknown Book, Vol. IV.",Quest-item or unique-book handling; final sell/store/read policy deferred,"Forgotten Vale Books Quest | Unknown Book, Vol. IV turn-in",unknown,unknown,unknown,"Travel, cold, carry weight, quest-state timing, and safe-storage implications deferred",provisional_objective_representative,SN-000053-black-books-and-unique-quest-books.md,Source-listed book/document acquisition candidate; final route selection pending.
BOOKLOC-001206,OBJ-001079,Oghma Infinium,unique_book,base_game,,Skyrim,,Winterhold,Septimus Signus's Outpost,Septimus Signus's Outpost; reward from Discerning the Transmundane.,Quest-item or unique-book handling; final sell/store/read policy deferred,Discerning the Transmundane completion,unknown,possible,possible,"Travel, cold, carry weight, quest-state timing, and safe-storage implications deferred",provisional_objective_representative,SN-000053-black-books-and-unique-quest-books.md,Source-listed book/document acquisition candidate; final route selection pending.
BOOKLOC-001207,OBJ-001080,Elder Scroll (Dragon),unique_book,base_game,,Skyrim,Blackreach,,Tower of Mzark,Retrieve from the Tower of Mzark in Blackreach with Septimus Signus helping during Discerning the Transmundane.,Quest-item or unique-book handling; final sell/store/read policy deferred,Discerning the Transmundane or Elder Knowledge route to Tower of Mzark,unknown,possible,unknown,"Travel, cold, carry weight, quest-state timing, and safe-storage implications deferred",provisional_objective_representative,SN-000053-black-books-and-unique-quest-books.md,Source-listed book/document acquisition candidate; final route selection pending.
BOOKLOC-001208,OBJ-001080,Elder Scroll (Dragon),unique_book,base_game,,Skyrim,,Winterhold,The Arcanaeum,"If sold to Urag gro-Shub after Alduin's Bane, buy it back before Dawnguard Seeking Disclosure if needed.",Quest-item or unique-book handling; final sell/store/read policy deferred,Only relevant if the scroll was previously sold to Urag gro-Shub,unknown,possible,unknown,"Travel, cold, carry weight, quest-state timing, and safe-storage implications deferred",source_listed_candidate,SN-000053-black-books-and-unique-quest-books.md,Source-listed book/document acquisition candidate; final route selection pending.
BOOKLOC-001209,OBJ-001081,Elder Scroll (Sun),unique_book,dawnguard,,Skyrim,,,Dimhollow Crypt,Originally carried by Serana when she is freed from Dimhollow Crypt during Awakening.,Quest-item or unique-book handling; final sell/store/read policy deferred,Awakening,unknown,possible,unknown,"Travel, cold, carry weight, quest-state timing, and safe-storage implications deferred",provisional_objective_representative,SN-000053-black-books-and-unique-quest-books.md,Source-listed book/document acquisition candidate; final route selection pending.
BOOKLOC-001210,OBJ-001082,Elder Scroll (Blood),unique_book,dawnguard,,Soul Cairn,,,Soul Cairn,Recover from Valerica in the Soul Cairn during Beyond Death.,Quest-item or unique-book handling; final sell/store/read policy deferred,Beyond Death,unknown,possible,unknown,"Travel, cold, carry weight, quest-state timing, and safe-storage implications deferred",provisional_objective_representative,SN-000053-black-books-and-unique-quest-books.md,Source-listed book/document acquisition candidate; final route selection pending.
BOOKLOC-001211,OBJ-001083,Wind and Sand,quest_book,dragonborn,,Radiant,Tel Mithryn | Solstheim or Skyrim radiant target,,Neloth-assigned Wind and Sand radiant target,"Assigned during Wind and Sand; target pool is dragon lair, dragon priest lair, draugr crypt, Falmer hive, Forsworn camp, hagraven nest, vampire lair, or warlock lair.",Quest book; read/take during the active quest and return to Neloth.,Wind and Sand quest | Destruction 40 | Old Friends complete | Experimental Subject (B) complete,unknown,unknown,possible,Radiant target may require long travel; route follows the active marker and avoids a false fixed-location pickup.,route_selected_later,SN-000053-black-books-and-unique-quest-books.md | SN-000217-tel-mithryn-research-radiants.md,"TB-044 closes through quest retrieval; the book page has no fixed location field, so no independent fixed source is asserted."
BOOKLOC-001212,OBJ-001084,Admonition Against Ebony,quest_book,base_game,,Skyrim,,Whiterun,Dragonsreach,"Sealed basement room behind the Old Wooden Door, on the table beside the Ebony Blade",Take after unlocking the room during The Whispering Door; no duplicate copy required,The Whispering Door; level 20; Dragon Rising; Whispering Door Key,none_known,none_known,possible,Whiterun interior; no Survival hazard,source_listed_candidate,SN-000054-base-dlc-quest-book-category-inventory.md | SN-000211-whispering-door-ebony-blade-route.md,TB-044 selected route source; read and take during Whiterun Mephala interlude.
BOOKLOC-001213,OBJ-001085,Adonato's Book,quest_book,base_game,,Skyrim,,,,Given by Adonato Leotelli at Candlehearth Hall,"Ownership, theft, quest-item, and safe-storage handling not yet reviewed",Deliver Adonato's Book to Giraud,unknown,unknown,unknown,"Travel, cold, carry weight, quest-state timing, and safe-storage implications deferred",source_listed_candidate,SN-000054-base-dlc-quest-book-category-inventory.md,Source-listed quest-document acquisition candidate; final route selection pending.
BOOKLOC-001214,OBJ-001086,Aeri's Note,quest_book,base_game,,Skyrim,,,,Given by Aeri at Anga's Mill,"Ownership, theft, quest-item, and safe-storage handling not yet reviewed",Deliver Aeri's Note to Skald,unknown,unknown,unknown,"Travel, cold, carry weight, quest-state timing, and safe-storage implications deferred",source_listed_candidate,SN-000054-base-dlc-quest-book-category-inventory.md,Source-listed quest-document acquisition candidate; final route selection pending.
BOOKLOC-001215,OBJ-001087,The Aetherium Wars,quest_book,dawnguard,,Skyrim,,,,"Arcanaeum, in the southeastern part of the room, resting on a table","Ownership, theft, quest-item, and safe-storage handling not yet reviewed",Lost to the Ages,unknown,unknown,unknown,"Travel, cold, carry weight, quest-state timing, and safe-storage implications deferred",source_listed_candidate,SN-000054-base-dlc-quest-book-category-inventory.md,Source-listed quest-document acquisition candidate; final route selection pending.
BOOKLOC-001216,OBJ-001087,The Aetherium Wars,quest_book,dawnguard,,Skyrim,,,,"Bards College, after the right turn from the entrance, on a small bookcase","Ownership, theft, quest-item, and safe-storage handling not yet reviewed",Lost to the Ages,unknown,unknown,unknown,"Travel, cold, carry weight, quest-state timing, and safe-storage implications deferred",source_listed_candidate,SN-000054-base-dlc-quest-book-category-inventory.md,Source-listed quest-document acquisition candidate; final route selection pending.
BOOKLOC-001217,OBJ-001087,The Aetherium Wars,quest_book,dawnguard,,Skyrim,,,,"Calcelmo's Tower, on a dwarven shelf in the uppermost room with rubbings","Ownership, theft, quest-item, and safe-storage handling not yet reviewed",Lost to the Ages,unknown,unknown,unknown,"Travel, cold, carry weight, quest-state timing, and safe-storage implications deferred",source_listed_candidate,SN-000054-base-dlc-quest-book-category-inventory.md,Source-listed quest-document acquisition candidate; final route selection pending.
BOOKLOC-001218,OBJ-001087,The Aetherium Wars,quest_book,dawnguard,,Skyrim,,,,"Darklight Tower, before the hagraven, in the room with the lever, on a cupboard's shelf","Ownership, theft, quest-item, and safe-storage handling not yet reviewed",Lost to the Ages,unknown,unknown,unknown,"Travel, cold, carry weight, quest-state timing, and safe-storage implications deferred",source_listed_candidate,SN-000054-base-dlc-quest-book-category-inventory.md,Source-listed quest-document acquisition candidate; final route selection pending.
BOOKLOC-001219,OBJ-001087,The Aetherium Wars,quest_book,dawnguard,,Skyrim,,,,"Dayspring Canyon, on top of a barrel in a tent of the camp outside Fort Dawnguard (only if the camp exists)","Ownership, theft, quest-item, and safe-storage handling not yet reviewed",Lost to the Ages,unknown,unknown,unknown,"Travel, cold, carry weight, quest-state timing, and safe-storage implications deferred",source_listed_candidate,SN-000054-base-dlc-quest-book-category-inventory.md,Source-listed quest-document acquisition candidate; final route selection pending.
BOOKLOC-001220,OBJ-001087,The Aetherium Wars,quest_book,dawnguard,,Skyrim,,,,"Dead Drop Mine, on a shelf under a wooden platform","Ownership, theft, quest-item, and safe-storage handling not yet reviewed",Lost to the Ages,unknown,unknown,unknown,"Travel, cold, carry weight, quest-state timing, and safe-storage implications deferred",source_listed_candidate,SN-000054-base-dlc-quest-book-category-inventory.md,Source-listed quest-document acquisition candidate; final route selection pending.
BOOKLOC-001221,OBJ-001087,The Aetherium Wars,quest_book,dawnguard,,Skyrim,,,,Random: clutter More Locations,"Ownership, theft, quest-item, and safe-storage handling not yet reviewed",Lost to the Ages,unknown,unknown,unknown,"Travel, cold, carry weight, quest-state timing, and safe-storage implications deferred",source_listed_candidate,SN-000054-base-dlc-quest-book-category-inventory.md,Source-listed quest-document acquisition candidate; final route selection pending.
BOOKLOC-001222,OBJ-001087,The Aetherium Wars,quest_book,dawnguard,,Skyrim,,,,"Dragonsreach, in Farengar's study, resting on the lowest shelf of the left bookcase","Ownership, theft, quest-item, and safe-storage handling not yet reviewed",Lost to the Ages,unknown,unknown,unknown,"Travel, cold, carry weight, quest-state timing, and safe-storage implications deferred",source_listed_candidate,SN-000054-base-dlc-quest-book-category-inventory.md,Source-listed quest-document acquisition candidate; final route selection pending.
BOOKLOC-001223,OBJ-001087,The Aetherium Wars,quest_book,dawnguard,,Skyrim,,,,"Dwemer Museum, on a table in the southwestern corner, near a Dwemer ballista","Ownership, theft, quest-item, and safe-storage handling not yet reviewed",Lost to the Ages,unknown,unknown,unknown,"Travel, cold, carry weight, quest-state timing, and safe-storage implications deferred",source_listed_candidate,SN-000054-base-dlc-quest-book-category-inventory.md,Source-listed quest-document acquisition candidate; final route selection pending.
BOOKLOC-001224,OBJ-001087,The Aetherium Wars,quest_book,dawnguard,,Skyrim,,,,"Fellglow Keep, on one of the bookshelves surrounding the library","Ownership, theft, quest-item, and safe-storage handling not yet reviewed",Lost to the Ages,unknown,unknown,unknown,"Travel, cold, carry weight, quest-state timing, and safe-storage implications deferred",source_listed_candidate,SN-000054-base-dlc-quest-book-category-inventory.md,Source-listed quest-document acquisition candidate; final route selection pending.
BOOKLOC-001225,OBJ-001087,The Aetherium Wars,quest_book,dawnguard,,Skyrim,,,,"Fort Dawnguard, on the ground floor","Ownership, theft, quest-item, and safe-storage handling not yet reviewed",Lost to the Ages,unknown,unknown,unknown,"Travel, cold, carry weight, quest-state timing, and safe-storage implications deferred",source_listed_candidate,SN-000054-base-dlc-quest-book-category-inventory.md,Source-listed quest-document acquisition candidate; final route selection pending.
BOOKLOC-001226,OBJ-001087,The Aetherium Wars,quest_book,dawnguard,,Skyrim,,,,* On a shelf in the farthest room to your left as you enter (where an alchemy lab and arcane enchanter will be later added),"Ownership, theft, quest-item, and safe-storage handling not yet reviewed",Lost to the Ages,unknown,unknown,unknown,"Travel, cold, carry weight, quest-state timing, and safe-storage implications deferred",source_listed_candidate,SN-000054-base-dlc-quest-book-category-inventory.md,Source-listed quest-document acquisition candidate; final route selection pending.
BOOKLOC-001227,OBJ-001087,The Aetherium Wars,quest_book,dawnguard,,Skyrim,,,,* On the bottommost shelf of a case in the farthest room in front of the main entrance,"Ownership, theft, quest-item, and safe-storage handling not yet reviewed",Lost to the Ages,unknown,unknown,unknown,"Travel, cold, carry weight, quest-state timing, and safe-storage implications deferred",source_listed_candidate,SN-000054-base-dlc-quest-book-category-inventory.md,Source-listed quest-document acquisition candidate; final route selection pending.
BOOKLOC-001228,OBJ-001087,The Aetherium Wars,quest_book,dawnguard,,Skyrim,,,,"Fort Neugrad, on a bookshelf in the circular room accessed by heading south through the wooden door in front of the main entrance","Ownership, theft, quest-item, and safe-storage handling not yet reviewed",Lost to the Ages,unknown,unknown,unknown,"Travel, cold, carry weight, quest-state timing, and safe-storage implications deferred",source_listed_candidate,SN-000054-base-dlc-quest-book-category-inventory.md,Source-listed quest-document acquisition candidate; final route selection pending.
BOOKLOC-001229,OBJ-001087,The Aetherium Wars,quest_book,dawnguard,,Skyrim,,,,"Fort Snowhawk, on a bookshelf in the room west of the back entrance","Ownership, theft, quest-item, and safe-storage handling not yet reviewed",Lost to the Ages,unknown,unknown,unknown,"Travel, cold, carry weight, quest-state timing, and safe-storage implications deferred",source_listed_candidate,SN-000054-base-dlc-quest-book-category-inventory.md,Source-listed quest-document acquisition candidate; final route selection pending.
BOOKLOC-001230,OBJ-001087,The Aetherium Wars,quest_book,dawnguard,,Skyrim,,,,"Hall of the Vigilant, on the floor of the ruined hall x=20228.5195|y=66324.3281|zoom=17","Ownership, theft, quest-item, and safe-storage handling not yet reviewed",Lost to the Ages,unknown,unknown,unknown,"Travel, cold, carry weight, quest-state timing, and safe-storage implications deferred",source_listed_candidate,SN-000054-base-dlc-quest-book-category-inventory.md,Source-listed quest-document acquisition candidate; final route selection pending.
BOOKLOC-001231,OBJ-001087,The Aetherium Wars,quest_book,dawnguard,,Skyrim,,,,"Hob's Fall Cave, on a bookshelf in the ritual room","Ownership, theft, quest-item, and safe-storage handling not yet reviewed",Lost to the Ages,unknown,unknown,unknown,"Travel, cold, carry weight, quest-state timing, and safe-storage implications deferred",source_listed_candidate,SN-000054-base-dlc-quest-book-category-inventory.md,Source-listed quest-document acquisition candidate; final route selection pending.
BOOKLOC-001232,OBJ-001087,The Aetherium Wars,quest_book,dawnguard,,Skyrim,,,,"Ilinalta's Deep, on the bottom-most shelf in a corner of the room with the only arcane enchanter","Ownership, theft, quest-item, and safe-storage handling not yet reviewed",Lost to the Ages,unknown,unknown,unknown,"Travel, cold, carry weight, quest-state timing, and safe-storage implications deferred",source_listed_candidate,SN-000054-base-dlc-quest-book-category-inventory.md,Source-listed quest-document acquisition candidate; final route selection pending.
BOOKLOC-001233,OBJ-001087,The Aetherium Wars,quest_book,dawnguard,,Skyrim,,,,"Palace of the Kings Upstairs, on a shelf in Wuunferth's laboratory","Ownership, theft, quest-item, and safe-storage handling not yet reviewed",Lost to the Ages,unknown,unknown,unknown,"Travel, cold, carry weight, quest-state timing, and safe-storage implications deferred",source_listed_candidate,SN-000054-base-dlc-quest-book-category-inventory.md,Source-listed quest-document acquisition candidate; final route selection pending.
BOOKLOC-001234,OBJ-001087,The Aetherium Wars,quest_book,dawnguard,,Skyrim,,,,"Raldbthar, on a stone table in the room accessed by turning left (where the path divides in two) from the entrance","Ownership, theft, quest-item, and safe-storage handling not yet reviewed",Lost to the Ages,unknown,unknown,unknown,"Travel, cold, carry weight, quest-state timing, and safe-storage implications deferred",source_listed_candidate,SN-000054-base-dlc-quest-book-category-inventory.md,Source-listed quest-document acquisition candidate; final route selection pending.
BOOKLOC-001235,OBJ-001087,The Aetherium Wars,quest_book,dawnguard,,Skyrim,,,,"Rannveig's Fast, in the room with Sild the Warlock, on the middle shelf of a bookcase","Ownership, theft, quest-item, and safe-storage handling not yet reviewed",Lost to the Ages,unknown,unknown,unknown,"Travel, cold, carry weight, quest-state timing, and safe-storage implications deferred",source_listed_candidate,SN-000054-base-dlc-quest-book-category-inventory.md,Source-listed quest-document acquisition candidate; final route selection pending.
BOOKLOC-001236,OBJ-001087,The Aetherium Wars,quest_book,dawnguard,,Skyrim,,,,"Redwater Den, in the cave area past the corridor with booths, on a wooden crate near the forge","Ownership, theft, quest-item, and safe-storage handling not yet reviewed",Lost to the Ages,unknown,unknown,unknown,"Travel, cold, carry weight, quest-state timing, and safe-storage implications deferred",source_listed_candidate,SN-000054-base-dlc-quest-book-category-inventory.md,Source-listed quest-document acquisition candidate; final route selection pending.
BOOKLOC-001237,OBJ-001087,The Aetherium Wars,quest_book,dawnguard,,Skyrim,,,,"Ruunvald Temple, at the end of the dungeon, on a table in the room with the boss chest, next to an alchemy lab","Ownership, theft, quest-item, and safe-storage handling not yet reviewed",Lost to the Ages,unknown,unknown,unknown,"Travel, cold, carry weight, quest-state timing, and safe-storage implications deferred",source_listed_candidate,SN-000054-base-dlc-quest-book-category-inventory.md,Source-listed quest-document acquisition candidate; final route selection pending.
BOOKLOC-001238,OBJ-001087,The Aetherium Wars,quest_book,dawnguard,,Skyrim,,,,Volkihar Keep,"Ownership, theft, quest-item, and safe-storage handling not yet reviewed",Lost to the Ages,unknown,unknown,unknown,"Travel, cold, carry weight, quest-state timing, and safe-storage implications deferred",source_listed_candidate,SN-000054-base-dlc-quest-book-category-inventory.md,Source-listed quest-document acquisition candidate; final route selection pending.
BOOKLOC-001239,OBJ-001087,The Aetherium Wars,quest_book,dawnguard,,Skyrim,,,,"* On a table in the blacksmith's workroom (labeled as ""2"" on this map)","Ownership, theft, quest-item, and safe-storage handling not yet reviewed",Lost to the Ages,unknown,unknown,unknown,"Travel, cold, carry weight, quest-state timing, and safe-storage implications deferred",source_listed_candidate,SN-000054-base-dlc-quest-book-category-inventory.md,Source-listed quest-document acquisition candidate; final route selection pending.
BOOKLOC-001240,OBJ-001087,The Aetherium Wars,quest_book,dawnguard,,Skyrim,,,,* On a small round table on the balcony extending from the upper level of the library to the dining hall,"Ownership, theft, quest-item, and safe-storage handling not yet reviewed",Lost to the Ages,unknown,unknown,unknown,"Travel, cold, carry weight, quest-state timing, and safe-storage implications deferred",source_listed_candidate,SN-000054-base-dlc-quest-book-category-inventory.md,Source-listed quest-document acquisition candidate; final route selection pending.
BOOKLOC-001241,OBJ-001087,The Aetherium Wars,quest_book,dawnguard,,Skyrim,,,,"Volkihar Undercroft, on a table in the room with the lever that lowers the first bridge, next to a coffin {{Showhide/End}}","Ownership, theft, quest-item, and safe-storage handling not yet reviewed",Lost to the Ages,unknown,unknown,unknown,"Travel, cold, carry weight, quest-state timing, and safe-storage implications deferred",source_listed_candidate,SN-000054-base-dlc-quest-book-category-inventory.md,Source-listed quest-document acquisition candidate; final route selection pending.
BOOKLOC-001242,OBJ-001088,Afflicted's Note,quest_book,base_game,,Skyrim,,,,Bthardamz,"Ownership, theft, quest-item, and safe-storage handling not yet reviewed",The Only Cure,unknown,unknown,unknown,"Travel, cold, carry weight, quest-state timing, and safe-storage implications deferred",source_listed_candidate,SN-000054-base-dlc-quest-book-category-inventory.md,Source-listed quest-document acquisition candidate; final route selection pending.
BOOKLOC-001243,OBJ-001089,Aicantar's Lab Journal,quest_book,base_game,,Skyrim,,,,Calcelmo's Laboratory,"Ownership, theft, quest-item, and safe-storage handling not yet reviewed",Hard Answers,unknown,unknown,unknown,"Travel, cold, carry weight, quest-state timing, and safe-storage implications deferred",source_listed_candidate,SN-000054-base-dlc-quest-book-category-inventory.md,Source-listed quest-document acquisition candidate; final route selection pending.
BOOKLOC-001244,OBJ-001090,Alchemist's Note,quest_book,base_game,,Skyrim,,,,Forelhost Refectory,"Ownership, theft, quest-item, and safe-storage handling not yet reviewed",Siege on the Dragon Cult,unknown,unknown,unknown,"Travel, cold, carry weight, quest-state timing, and safe-storage implications deferred",source_listed_candidate,SN-000054-base-dlc-quest-book-category-inventory.md,Source-listed quest-document acquisition candidate; final route selection pending.
BOOKLOC-001245,OBJ-001091,Alethius's Notes,quest_book,base_game,,Skyrim,,,,"Nchuand-Zel Excavation Site, on Alethius' corpse","Ownership, theft, quest-item, and safe-storage handling not yet reviewed",The Lost Expedition,unknown,unknown,unknown,"Travel, cold, carry weight, quest-state timing, and safe-storage implications deferred",source_listed_candidate,SN-000054-base-dlc-quest-book-category-inventory.md,Source-listed quest-document acquisition candidate; final route selection pending.
BOOKLOC-001246,OBJ-001092,Alva's Journal,quest_book,base_game,,Skyrim,,,,Alva's House,"Ownership, theft, quest-item, and safe-storage handling not yet reviewed",Laid to Rest,unknown,unknown,unknown,"Travel, cold, carry weight, quest-state timing, and safe-storage implications deferred",source_listed_candidate,SN-000054-base-dlc-quest-book-category-inventory.md,Source-listed quest-document acquisition candidate; final route selection pending.
BOOKLOC-001247,OBJ-001093,Amaund Motierre's Sealed Letter,quest_book,base_game,,Skyrim,,,,UESP member page lists this as a quest-related book/document but does not list a fixed acquisition location; exact acquisition context deferred.,"Ownership, theft, quest-item, and safe-storage handling not yet reviewed",The Silence Has Been Broken,unknown,unknown,unknown,"Travel, cold, carry weight, quest-state timing, and safe-storage implications deferred",provisional_objective_representative,SN-000054-base-dlc-quest-book-category-inventory.md,No fixed location field on source page; reconcile during quest-specific validation.
BOOKLOC-001248,OBJ-001094,Ancient Edict,quest_book,base_game,,Skyrim,,,,Reachwater Rock,"Ownership, theft, quest-item, and safe-storage handling not yet reviewed",Forbidden Legend,unknown,unknown,unknown,"Travel, cold, carry weight, quest-state timing, and safe-storage implications deferred",source_listed_candidate,SN-000054-base-dlc-quest-book-category-inventory.md,Source-listed quest-document acquisition candidate; final route selection pending.
BOOKLOC-001249,OBJ-001095,Anders's Message,quest_book,base_game,,Skyrim,,,,On Anders' skeleton in Twilight Sepulcher Inner Sanctum,"Ownership, theft, quest-item, and safe-storage handling not yet reviewed",Darkness Returns,unknown,unknown,unknown,"Travel, cold, carry weight, quest-state timing, and safe-storage implications deferred",source_listed_candidate,SN-000054-base-dlc-quest-book-category-inventory.md,Source-listed quest-document acquisition candidate; final route selection pending.
BOOKLOC-001250,OBJ-001096,Annals of the Dragonguard,quest_book,base_game,,Skyrim,,,,"Sleeping Giant Inn, after escorting Esbern there during Alduin's Wall","Ownership, theft, quest-item, and safe-storage handling not yet reviewed",Alduin's Wall,unknown,unknown,unknown,"Travel, cold, carry weight, quest-state timing, and safe-storage implications deferred",source_listed_candidate,SN-000054-base-dlc-quest-book-category-inventory.md,Source-listed quest-document acquisition candidate; final route selection pending.
BOOKLOC-001251,OBJ-001097,Arcana Restored,quest_book,base_game,,Skyrim,,,,"Vittoria Vici's House, on a shelf to your left upon entering from the door opposite Proudspire Manor",No independent theft or fixed-copy route; active quest boss-chest assignment governs if selected.,Fetch me that Book! active assignment from Urag; unassigned title not required.,possible,possible,possible,Late isolated Urag dungeon only if the active assignment selects this title.,route_selected_later,SN-000054-base-dlc-quest-book-category-inventory.md | SN-000250-college-urag-repeatable-closeout.md,"TB-044 conditional Urag random-target coverage: if assigned, retrieve from the active boss chest; unassigned random-list titles are not fixed pickups."
BOOKLOC-001252,OBJ-001098,Argonian Ceremony,quest_book,base_game,,Skyrim,,,,Temple of Mara,"Ownership, theft, quest-item, and safe-storage handling not yet reviewed",Sealing the Deal,unknown,unknown,unknown,"Travel, cold, carry weight, quest-state timing, and safe-storage implications deferred",source_listed_candidate,SN-000054-base-dlc-quest-book-category-inventory.md,Source-listed quest-document acquisition candidate; final route selection pending.
BOOKLOC-001253,OBJ-001099,"Arondil's Journal, Part 1",quest_book,base_game,,Skyrim,,,,Yngvild,"Ownership, theft, quest-item, and safe-storage handling not yet reviewed",Toying With The Dead,unknown,unknown,unknown,"Travel, cold, carry weight, quest-state timing, and safe-storage implications deferred",source_listed_candidate,SN-000054-base-dlc-quest-book-category-inventory.md,Source-listed quest-document acquisition candidate; final route selection pending.
BOOKLOC-001254,OBJ-001100,"Arondil's Journal, Part 2",quest_book,base_game,,Skyrim,,,,Yngvild,"Ownership, theft, quest-item, and safe-storage handling not yet reviewed",Toying With The Dead,unknown,unknown,unknown,"Travel, cold, carry weight, quest-state timing, and safe-storage implications deferred",source_listed_candidate,SN-000054-base-dlc-quest-book-category-inventory.md,Source-listed quest-document acquisition candidate; final route selection pending.
BOOKLOC-001255,OBJ-001101,"Arondil's Journal, Part 3",quest_book,base_game,,Skyrim,,,,Yngvild,"Ownership, theft, quest-item, and safe-storage handling not yet reviewed",Toying With The Dead,unknown,unknown,unknown,"Travel, cold, carry weight, quest-state timing, and safe-storage implications deferred",source_listed_candidate,SN-000054-base-dlc-quest-book-category-inventory.md,Source-listed quest-document acquisition candidate; final route selection pending.
BOOKLOC-001256,OBJ-001102,"Arondil's Journal, Part 4",quest_book,base_game,,Skyrim,,,,Yngvild,"Ownership, theft, quest-item, and safe-storage handling not yet reviewed",Toying With The Dead,unknown,unknown,unknown,"Travel, cold, carry weight, quest-state timing, and safe-storage implications deferred",source_listed_candidate,SN-000054-base-dlc-quest-book-category-inventory.md,Source-listed quest-document acquisition candidate; final route selection pending.
BOOKLOC-001257,OBJ-001103,Arvel's Journal,quest_book,base_game,,Skyrim,,,,Bleak Falls Barrow on Arvel,"Ownership, theft, quest-item, and safe-storage handling not yet reviewed","Bleak Falls Barrow, The Golden Claw",unknown,unknown,unknown,"Travel, cold, carry weight, quest-state timing, and safe-storage implications deferred",source_listed_candidate,SN-000054-base-dlc-quest-book-category-inventory.md,Source-listed quest-document acquisition candidate; final route selection pending.
BOOKLOC-001258,OBJ-001104,Attention Employees!,quest_book,base_game,,Skyrim,,,,Black-Briar Meadery,"Ownership, theft, quest-item, and safe-storage handling not yet reviewed",Under the Table,unknown,unknown,unknown,"Travel, cold, carry weight, quest-state timing, and safe-storage implications deferred",source_listed_candidate,SN-000054-base-dlc-quest-book-category-inventory.md,Source-listed quest-document acquisition candidate; final route selection pending.
BOOKLOC-001259,OBJ-001105,Balmora Blue Note,quest_book,base_game,,Skyrim,,,,In a safe in the hold of the Red Wave,"Ownership, theft, quest-item, and safe-storage handling not yet reviewed",The Dainty Sload,unknown,unknown,unknown,"Travel, cold, carry weight, quest-state timing, and safe-storage implications deferred",source_listed_candidate,SN-000054-base-dlc-quest-book-category-inventory.md,Source-listed quest-document acquisition candidate; final route selection pending.
BOOKLOC-001260,OBJ-001106,Beware the Butcher!,quest_book,base_game,,Skyrim,,,,Hjerim,"Ownership, theft, quest-item, and safe-storage handling not yet reviewed",Blood on the Ice,unknown,unknown,unknown,"Travel, cold, carry weight, quest-state timing, and safe-storage implications deferred",source_listed_candidate,SN-000054-base-dlc-quest-book-category-inventory.md,Source-listed quest-document acquisition candidate; final route selection pending.
BOOKLOC-001261,OBJ-001106,Beware the Butcher!,quest_book,base_game,,Skyrim,,,,Viola Giordano's House,"Ownership, theft, quest-item, and safe-storage handling not yet reviewed",Blood on the Ice,unknown,unknown,unknown,"Travel, cold, carry weight, quest-state timing, and safe-storage implications deferred",source_listed_candidate,SN-000054-base-dlc-quest-book-category-inventory.md,Source-listed quest-document acquisition candidate; final route selection pending.
BOOKLOC-001262,OBJ-001107,Blood Horker Orders,quest_book,base_game,,Skyrim,,The Pale,Dawnstar,Windpeak Inn; carried by Stig Salt-Plank during Rise in the East,TB-044 routes no-bounty Stig kill after quest lead is secured; loot/read the note from Stig,Rise in the East Dawnstar/Stig stage,not_applicable,possible,none_known,Dawnstar inn stop on cold Windhelm-Dawnstar quest route,route_selected_later,SN-000054-base-dlc-quest-book-category-inventory.md | SN-000215-rise-in-the-east-route.md,TB-044 selects Stig Salt-Plank as the routed source for Blood Horker Orders.
BOOKLOC-001263,OBJ-001108,Bloodstained note,quest_book,base_game,,Skyrim,,,,Frostflow Abyss,"Ownership, theft, quest-item, and safe-storage handling not yet reviewed",Frostflow Abyss Investigation,unknown,unknown,unknown,"Travel, cold, carry weight, quest-state timing, and safe-storage implications deferred",source_listed_candidate,SN-000054-base-dlc-quest-book-category-inventory.md,Source-listed quest-document acquisition candidate; final route selection pending.
BOOKLOC-001264,OBJ-001109,Boethiah's Proving,quest_book,base_game,,Skyrim,,,,"After reaching level 30, the book can be found here:","Ownership, theft, quest-item, and safe-storage handling not yet reviewed",Boethiah's Calling,unknown,unknown,unknown,"Travel, cold, carry weight, quest-state timing, and safe-storage implications deferred",source_listed_candidate,SN-000054-base-dlc-quest-book-category-inventory.md,Source-listed quest-document acquisition candidate; final route selection pending.
BOOKLOC-001265,OBJ-001109,Boethiah's Proving,quest_book,base_game,,Skyrim,,,,"Abandoned House, room before stairs going down","Ownership, theft, quest-item, and safe-storage handling not yet reviewed",Boethiah's Calling,unknown,unknown,unknown,"Travel, cold, carry weight, quest-state timing, and safe-storage implications deferred",source_listed_candidate,SN-000054-base-dlc-quest-book-category-inventory.md,Source-listed quest-document acquisition candidate; final route selection pending.
BOOKLOC-001266,OBJ-001109,Boethiah's Proving,quest_book,base_game,,Skyrim,,,,"Fellglow Keep, in the room downstairs with a circle of shelves","Ownership, theft, quest-item, and safe-storage handling not yet reviewed",Boethiah's Calling,unknown,unknown,unknown,"Travel, cold, carry weight, quest-state timing, and safe-storage implications deferred",source_listed_candidate,SN-000054-base-dlc-quest-book-category-inventory.md,Source-listed quest-document acquisition candidate; final route selection pending.
BOOKLOC-001267,OBJ-001109,Boethiah's Proving,quest_book,base_game,,Skyrim,,,,"Hob's Fall Cave, on a shelf in the room with the arcane enchanter","Ownership, theft, quest-item, and safe-storage handling not yet reviewed",Boethiah's Calling,unknown,unknown,unknown,"Travel, cold, carry weight, quest-state timing, and safe-storage implications deferred",source_listed_candidate,SN-000054-base-dlc-quest-book-category-inventory.md,Source-listed quest-document acquisition candidate; final route selection pending.
BOOKLOC-001268,OBJ-001109,Boethiah's Proving,quest_book,base_game,,Skyrim,,,,"Septimus Signus's Outpost, on the bookshelf","Ownership, theft, quest-item, and safe-storage handling not yet reviewed",Boethiah's Calling,unknown,unknown,unknown,"Travel, cold, carry weight, quest-state timing, and safe-storage implications deferred",source_listed_candidate,SN-000054-base-dlc-quest-book-category-inventory.md,Source-listed quest-document acquisition candidate; final route selection pending.
BOOKLOC-001269,OBJ-001109,Boethiah's Proving,quest_book,base_game,,Skyrim,,,,On any Boethiah cultist who attacks you,"Ownership, theft, quest-item, and safe-storage handling not yet reviewed",Boethiah's Calling,unknown,unknown,unknown,"Travel, cold, carry weight, quest-state timing, and safe-storage implications deferred",source_listed_candidate,SN-000054-base-dlc-quest-book-category-inventory.md,Source-listed quest-document acquisition candidate; final route selection pending.
BOOKLOC-001270,OBJ-001109,Boethiah's Proving,quest_book,base_game,,Skyrim,,,,"Once you reach level 24, randomly-generated books may be Boethiah's Proving. The book is added to two leveled lists: List 2 and List 4","Ownership, theft, quest-item, and safe-storage handling not yet reviewed",Boethiah's Calling,unknown,unknown,unknown,"Travel, cold, carry weight, quest-state timing, and safe-storage implications deferred",source_listed_candidate,SN-000054-base-dlc-quest-book-category-inventory.md,Source-listed quest-document acquisition candidate; final route selection pending.
BOOKLOC-001271,OBJ-001110,Bounty (bandits),quest_book,base_game,,Skyrim,Whiterun Hold,Whiterun,Late Hold Bounty Representatives,Generated bandit bounty letter received from the selected Whiterun bounty giver; read immediately when accepted.,Quest note; read immediately after the bounty giver provides it. Duplicate bounty letters are not required.,Bounty: Bandit Boss representative bounty active.,none_known,none_known,possible,Read at safe hold-giver stop; target travel handled by representative bounty route.,route_selected_later,SN-000054-base-dlc-quest-book-category-inventory.md | SN-000251-hold-bounty-representative-closeout.md,TB-044 reads this generated letter during the late representative bandit-boss bounty; alias text follows the active assignment.
BOOKLOC-001272,OBJ-001111,Bounty (dragon),quest_book,base_game,,Skyrim,The Rift,The Rift,Late Hold Bounty Representatives,Generated dragon bounty letter received from the selected Rift bounty giver; read immediately when accepted.,Quest note; read immediately after the bounty giver provides it. Duplicate bounty letters are not required.,Bounty: Dragon representative bounty active.,none_known,none_known,possible,Read at safe hold-giver stop; target travel handled by representative bounty route.,route_selected_later,SN-000054-base-dlc-quest-book-category-inventory.md | SN-000251-hold-bounty-representative-closeout.md,TB-044 reads this generated letter during the late representative dragon bounty; alias text follows the active assignment.
BOOKLOC-001273,OBJ-001112,Bounty (forsworn),quest_book,base_game,,Skyrim,The Reach,The Reach,Late Hold Bounty Representatives,Generated Forsworn bounty letter received from the selected Markarth bounty giver; read immediately when accepted.,Quest note; read immediately after the bounty giver provides it. Duplicate bounty letters are not required.,Bounty: Forsworn representative bounty active.,none_known,none_known,possible,Read at safe hold-giver stop; target travel handled by representative bounty route.,route_selected_later,SN-000054-base-dlc-quest-book-category-inventory.md | SN-000251-hold-bounty-representative-closeout.md,TB-044 reads this generated letter during the late representative Forsworn bounty; alias text follows the active assignment.
BOOKLOC-001274,OBJ-001113,Bounty (giant),quest_book,base_game,,Skyrim,The Pale,The Pale,"Dawnstar, Pale Blade, and Heljarchen",Generated giant bounty letter received from Skald during the Pale bounty route; read immediately when accepted.,Quest note; read immediately after Skald provides it if present. Duplicate bounty letters are not required.,Bounty: Giant/Skald Pale bounty active.,none_known,none_known,possible,Read at Dawnstar support stop; target travel handled by Pale giant-camp route.,route_selected_later,SN-000054-base-dlc-quest-book-category-inventory.md | SN-000163-dawnstar-pale-blade-heljarchen-route.md | SN-000251-hold-bounty-representative-closeout.md,TB-044 ties this generated letter to Skald's representative giant bounty; alias text follows the active Pale target.
BOOKLOC-001275,OBJ-001114,Brothers of Darkness,quest_book,base_game,,Skyrim,,,,"The Katariah, on a table in Emperor Titus Mede II's quarters","Ownership, theft, quest-item, and safe-storage handling not yet reviewed",Fetch me that Book!,unknown,unknown,unknown,"Travel, cold, carry weight, quest-state timing, and safe-storage implications deferred",source_listed_candidate,SN-000054-base-dlc-quest-book-category-inventory.md,Source-listed quest-document acquisition candidate; final route selection pending.
BOOKLOC-001276,OBJ-001115,Butcher Journal,quest_book,base_game,,Skyrim,,,,Calixto's House of Curiosities in a key-locked container,"Ownership, theft, quest-item, and safe-storage handling not yet reviewed",Blood on the Ice,unknown,unknown,unknown,"Travel, cold, carry weight, quest-state timing, and safe-storage implications deferred",source_listed_candidate,SN-000054-base-dlc-quest-book-category-inventory.md,Source-listed quest-document acquisition candidate; final route selection pending.
BOOKLOC-001277,OBJ-001116,Butcher Journal 1,quest_book,base_game,,Skyrim,,,,Hjerim,"Ownership, theft, quest-item, and safe-storage handling not yet reviewed",Blood on the Ice,unknown,unknown,unknown,"Travel, cold, carry weight, quest-state timing, and safe-storage implications deferred",source_listed_candidate,SN-000054-base-dlc-quest-book-category-inventory.md,Source-listed quest-document acquisition candidate; final route selection pending.
BOOKLOC-001278,OBJ-001117,Butcher Journal 2,quest_book,base_game,,Skyrim,,,,Hjerim,"Ownership, theft, quest-item, and safe-storage handling not yet reviewed",Blood on the Ice,unknown,unknown,unknown,"Travel, cold, carry weight, quest-state timing, and safe-storage implications deferred",source_listed_candidate,SN-000054-base-dlc-quest-book-category-inventory.md,Source-listed quest-document acquisition candidate; final route selection pending.
BOOKLOC-001279,OBJ-001118,Children of the Sky,quest_book,base_game,,Skyrim,,,,"Brinewater Grotto, on top of several books near the boss chest at the end of the dungeon","Ownership, theft, quest-item, and safe-storage handling not yet reviewed",Fetch me that Book!,unknown,unknown,unknown,"Travel, cold, carry weight, quest-state timing, and safe-storage implications deferred",source_listed_candidate,SN-000054-base-dlc-quest-book-category-inventory.md,Source-listed quest-document acquisition candidate; final route selection pending.
BOOKLOC-001280,OBJ-001118,Children of the Sky,quest_book,base_game,,Skyrim,,,,"The Ratway Warrens, in Esbern's room on the shelf by his desk","Ownership, theft, quest-item, and safe-storage handling not yet reviewed",Fetch me that Book!,unknown,unknown,unknown,"Travel, cold, carry weight, quest-state timing, and safe-storage implications deferred",source_listed_candidate,SN-000054-base-dlc-quest-book-category-inventory.md,Source-listed quest-document acquisition candidate; final route selection pending.
BOOKLOC-001281,OBJ-001119,Chronicles of Nchuleft,quest_book,base_game,,Skyrim,,,,"Dwemer Museum, in an adept-locked display case",No independent theft or fixed-copy route; active quest boss-chest assignment governs if selected.,Fetch me that Book! active assignment from Urag; unassigned title not required.,possible,possible,possible,Late isolated Urag dungeon only if the active assignment selects this title.,route_selected_later,SN-000054-base-dlc-quest-book-category-inventory.md | SN-000250-college-urag-repeatable-closeout.md,"TB-044 conditional Urag random-target coverage: if assigned, retrieve from the active boss chest; unassigned random-list titles are not fixed pickups."
BOOKLOC-001282,OBJ-001120,Cleansing of the Fane,quest_book,base_game,,Skyrim,,,,UESP member page lists this as a quest-related book/document but does not list a fixed acquisition location; exact acquisition context deferred.,No independent theft or fixed-copy route; active quest boss-chest assignment governs if selected.,Fetch me that Book! active assignment from Urag; unassigned title not required.,possible,possible,possible,Late isolated Urag dungeon only if the active assignment selects this title.,route_selected_later,SN-000054-base-dlc-quest-book-category-inventory.md | SN-000250-college-urag-repeatable-closeout.md,"TB-044 conditional Urag random-target coverage: if assigned, retrieve from the active boss chest; unassigned random-list titles are not fixed pickups."
BOOKLOC-001283,OBJ-001121,Contract (Murder),quest_book,base_game,,Skyrim,,,,Carried by hired thugs,"Ownership, theft, quest-item, and safe-storage handling not yet reviewed","Revenge, Hired Thugs",unknown,unknown,unknown,"Travel, cold, carry weight, quest-state timing, and safe-storage implications deferred",source_listed_candidate,SN-000054-base-dlc-quest-book-category-inventory.md,Source-listed quest-document acquisition candidate; final route selection pending.
BOOKLOC-001284,OBJ-001122,Contract (Theft),quest_book,base_game,,Skyrim,,,,Carried by hired thugs,"Ownership, theft, quest-item, and safe-storage handling not yet reviewed","Steal, Thugs hunt player",unknown,unknown,unknown,"Travel, cold, carry weight, quest-state timing, and safe-storage implications deferred",source_listed_candidate,SN-000054-base-dlc-quest-book-category-inventory.md,Source-listed quest-document acquisition candidate; final route selection pending.
BOOKLOC-001285,OBJ-001123,Daynas Valen's Journal,quest_book,base_game,,Skyrim,,,,"Folgunthur, outside at the camp","Ownership, theft, quest-item, and safe-storage handling not yet reviewed",Forbidden Legend,unknown,unknown,unknown,"Travel, cold, carry weight, quest-state timing, and safe-storage implications deferred",source_listed_candidate,SN-000054-base-dlc-quest-book-category-inventory.md,Source-listed quest-document acquisition candidate; final route selection pending.
BOOKLOC-001286,OBJ-001124,Daynas Valen's Notes,quest_book,base_game,,Skyrim,,,,Folgunthur on Daynas Valen,"Ownership, theft, quest-item, and safe-storage handling not yet reviewed",Forbidden Legend,unknown,unknown,unknown,"Travel, cold, carry weight, quest-state timing, and safe-storage implications deferred",source_listed_candidate,SN-000054-base-dlc-quest-book-category-inventory.md,Source-listed quest-document acquisition candidate; final route selection pending.
BOOKLOC-001287,OBJ-001125,"Discovering Ruunvald, Vol. I",quest_book,dawnguard,,Skyrim,,,,Ruunvald Excavation,"Ownership, theft, quest-item, and safe-storage handling not yet reviewed",Bolstering the Ranks,unknown,unknown,unknown,"Travel, cold, carry weight, quest-state timing, and safe-storage implications deferred",source_listed_candidate,SN-000054-base-dlc-quest-book-category-inventory.md,Source-listed quest-document acquisition candidate; final route selection pending.
BOOKLOC-001288,OBJ-001126,"Discovering Ruunvald, Vol. II",quest_book,dawnguard,,Skyrim,,,,Ruunvald Excavation,"Ownership, theft, quest-item, and safe-storage handling not yet reviewed",Bolstering the Ranks,unknown,unknown,unknown,"Travel, cold, carry weight, quest-state timing, and safe-storage implications deferred",source_listed_candidate,SN-000054-base-dlc-quest-book-category-inventory.md,Source-listed quest-document acquisition candidate; final route selection pending.
BOOKLOC-001289,OBJ-001127,"Discovering Ruunvald, Vol. III",quest_book,dawnguard,,Skyrim,,,,Ruunvald Excavation,"Ownership, theft, quest-item, and safe-storage handling not yet reviewed",Bolstering the Ranks,unknown,unknown,unknown,"Travel, cold, carry weight, quest-state timing, and safe-storage implications deferred",source_listed_candidate,SN-000054-base-dlc-quest-book-category-inventory.md,Source-listed quest-document acquisition candidate; final route selection pending.
BOOKLOC-001290,OBJ-001128,"Discovering Ruunvald, Vol. IV",quest_book,dawnguard,,Skyrim,,,,"Ruunvald Excavation, on a barrel to the right before entering Ruunvald Temple (bugged)","Ownership, theft, quest-item, and safe-storage handling not yet reviewed",Bolstering the Ranks,unknown,unknown,unknown,"Travel, cold, carry weight, quest-state timing, and safe-storage implications deferred",source_listed_candidate,SN-000054-base-dlc-quest-book-category-inventory.md,Source-listed quest-document acquisition candidate; final route selection pending.
BOOKLOC-001291,OBJ-001129,Dragon Investigation: Current Status,quest_book,base_game,,Skyrim,,,,"Thalmor Embassy, Elenwen's Solar","Ownership, theft, quest-item, and safe-storage handling not yet reviewed",Diplomatic Immunity,unknown,unknown,unknown,"Travel, cold, carry weight, quest-state timing, and safe-storage implications deferred",source_listed_candidate,SN-000054-base-dlc-quest-book-category-inventory.md,Source-listed quest-document acquisition candidate; final route selection pending.
BOOKLOC-001292,OBJ-001130,The Dreamstride,quest_book,base_game,,Skyrim,,,,"Nightcaller Temple library, balcony level, on a podium","Ownership, theft, quest-item, and safe-storage handling not yet reviewed",Waking Nightmare,unknown,unknown,unknown,"Travel, cold, carry weight, quest-state timing, and safe-storage implications deferred",source_listed_candidate,SN-000054-base-dlc-quest-book-category-inventory.md,Source-listed quest-document acquisition candidate; final route selection pending.
BOOKLOC-001293,OBJ-001131,Dryston's Note,quest_book,base_game,,Skyrim,,,,Carried by Dryston,"Ownership, theft, quest-item, and safe-storage handling not yet reviewed",The Forsworn Conspiracy,unknown,unknown,unknown,"Travel, cold, carry weight, quest-state timing, and safe-storage implications deferred",source_listed_candidate,SN-000054-base-dlc-quest-book-category-inventory.md,Source-listed quest-document acquisition candidate; final route selection pending.
BOOKLOC-001294,OBJ-001132,Dwarven Haul,quest_book,dawnguard,,Skyrim,,,,Bandit areas during the quest Ancient Technology,"Ownership, theft, quest-item, and safe-storage handling not yet reviewed",Ancient Technology,unknown,unknown,unknown,"Travel, cold, carry weight, quest-state timing, and safe-storage implications deferred",source_listed_candidate,SN-000054-base-dlc-quest-book-category-inventory.md,Source-listed quest-document acquisition candidate; final route selection pending.
BOOKLOC-001295,OBJ-001133,East Empire Connection,quest_book,base_game,,Skyrim,,,,"The Ragged Flagon - Cistern, on Mercer's desk","Ownership, theft, quest-item, and safe-storage handling not yet reviewed",Scoundrel's Folly,unknown,unknown,unknown,"Travel, cold, carry weight, quest-state timing, and safe-storage implications deferred",source_listed_candidate,SN-000054-base-dlc-quest-book-category-inventory.md,Source-listed quest-document acquisition candidate; final route selection pending.
BOOKLOC-001296,OBJ-001134,Eisa's Journal,quest_book,base_game,,Skyrim,,,,On a table in Frostmere Crypt,"Ownership, theft, quest-item, and safe-storage handling not yet reviewed",The Pale Lady,unknown,unknown,unknown,"Travel, cold, carry weight, quest-state timing, and safe-storage implications deferred",source_listed_candidate,SN-000054-base-dlc-quest-book-category-inventory.md,Source-listed quest-document acquisition candidate; final route selection pending.
BOOKLOC-001297,OBJ-001135,Eltrys' Note,quest_book,base_game,,Skyrim,,,,Given to you by Eltrys after Weylin is killed,"Ownership, theft, quest-item, and safe-storage handling not yet reviewed",The Forsworn Conspiracy,unknown,unknown,unknown,"Travel, cold, carry weight, quest-state timing, and safe-storage implications deferred",source_listed_candidate,SN-000054-base-dlc-quest-book-category-inventory.md,Source-listed quest-document acquisition candidate; final route selection pending.
BOOKLOC-001298,OBJ-001136,Erj's Notes,quest_book,base_game,,Skyrim,,,,"Nchuand-Zel Armory, on Erj's corpse","Ownership, theft, quest-item, and safe-storage handling not yet reviewed",The Lost Expedition,unknown,unknown,unknown,"Travel, cold, carry weight, quest-state timing, and safe-storage implications deferred",source_listed_candidate,SN-000054-base-dlc-quest-book-category-inventory.md,Source-listed quest-document acquisition candidate; final route selection pending.
BOOKLOC-001299,OBJ-001137,Faendal's Fake Letter from Sven,quest_book,base_game,,Skyrim,,,,Carried by Camilla Valerius,"Ownership, theft, quest-item, and safe-storage handling not yet reviewed",A Lovely Letter,unknown,unknown,unknown,"Travel, cold, carry weight, quest-state timing, and safe-storage implications deferred",source_listed_candidate,SN-000054-base-dlc-quest-book-category-inventory.md,Source-listed quest-document acquisition candidate; final route selection pending.
BOOKLOC-001300,OBJ-001138,Faleen's Letter to Calcelmo,quest_book,base_game,,Skyrim,,,,Given by Faleen,"Ownership, theft, quest-item, and safe-storage handling not yet reviewed",The Book of Love,unknown,unknown,unknown,"Travel, cold, carry weight, quest-state timing, and safe-storage implications deferred",source_listed_candidate,SN-000054-base-dlc-quest-book-category-inventory.md,Source-listed quest-document acquisition candidate; final route selection pending.
BOOKLOC-001301,OBJ-001139,Faralda's Notes,quest_book,base_game,,Skyrim,,,,Not found in the game,"Ownership, theft, quest-item, and safe-storage handling not yet reviewed",Research Thief,unknown,unknown,unknown,"Travel, cold, carry weight, quest-state timing, and safe-storage implications deferred",source_listed_candidate,SN-000054-base-dlc-quest-book-category-inventory.md,Source-listed quest-document acquisition candidate; final route selection pending.
BOOKLOC-001302,OBJ-001140,Father's Missive,quest_book,base_game,,Skyrim,,,,Pinewatch Bandit's Sanctuary,"Ownership, theft, quest-item, and safe-storage handling not yet reviewed",Silver Lining,unknown,unknown,unknown,"Travel, cold, carry weight, quest-state timing, and safe-storage implications deferred",source_listed_candidate,SN-000054-base-dlc-quest-book-category-inventory.md,Source-listed quest-document acquisition candidate; final route selection pending.
BOOKLOC-001303,OBJ-001141,First Letter from Linwe,quest_book,base_game,,Skyrim,,,,Niranye's house (Windhelm),"Ownership, theft, quest-item, and safe-storage handling not yet reviewed",Summerset Shadows,unknown,unknown,unknown,"Travel, cold, carry weight, quest-state timing, and safe-storage implications deferred",source_listed_candidate,SN-000054-base-dlc-quest-book-category-inventory.md,Source-listed quest-document acquisition candidate; final route selection pending.
BOOKLOC-001304,OBJ-001142,Fragment: On Artaeum,quest_book,base_game,,Skyrim,,,,"Apocrypha (Waking Dreams), Chapter IV{{DB}}","Ownership, theft, quest-item, and safe-storage handling not yet reviewed",Hitting the Books; Fetch me that Book!,unknown,unknown,unknown,"Travel, cold, carry weight, quest-state timing, and safe-storage implications deferred",source_listed_candidate,SN-000054-base-dlc-quest-book-category-inventory.md,Source-listed quest-document acquisition candidate; final route selection pending.
BOOKLOC-001305,OBJ-001142,Fragment: On Artaeum,quest_book,base_game,,Skyrim,,,,Fellglow Keep Ritual Chamber,"Ownership, theft, quest-item, and safe-storage handling not yet reviewed",Hitting the Books; Fetch me that Book!,unknown,unknown,unknown,"Travel, cold, carry weight, quest-state timing, and safe-storage implications deferred",source_listed_candidate,SN-000054-base-dlc-quest-book-category-inventory.md,Source-listed quest-document acquisition candidate; final route selection pending.
BOOKLOC-001306,OBJ-001143,Frost's Identity Papers,quest_book,base_game,,Skyrim,,,,Black-Briar Lodge,"Ownership, theft, quest-item, and safe-storage handling not yet reviewed",Promises to Keep,unknown,unknown,unknown,"Travel, cold, carry weight, quest-state timing, and safe-storage implications deferred",source_listed_candidate,SN-000054-base-dlc-quest-book-category-inventory.md,Source-listed quest-document acquisition candidate; final route selection pending.
BOOKLOC-001307,OBJ-001144,Gaius Maro's Schedule,quest_book,base_game,,Skyrim,,,,Inside the Penitus Oculatus Outpost,"Ownership, theft, quest-item, and safe-storage handling not yet reviewed",Breaching Security,unknown,unknown,unknown,"Travel, cold, carry weight, quest-state timing, and safe-storage implications deferred",source_listed_candidate,SN-000054-base-dlc-quest-book-category-inventory.md,Source-listed quest-document acquisition candidate; final route selection pending.
BOOKLOC-001308,OBJ-001145,Gallus's Encoded Journal,quest_book,base_game,,Skyrim,,,,Carried by Karliah,"Ownership, theft, quest-item, and safe-storage handling not yet reviewed",Speaking With Silence; Hard Answers,unknown,unknown,unknown,"Travel, cold, carry weight, quest-state timing, and safe-storage implications deferred",source_listed_candidate,SN-000054-base-dlc-quest-book-category-inventory.md,Source-listed quest-document acquisition candidate; final route selection pending.
BOOKLOC-001309,OBJ-001146,Geirmund's Epitaph,quest_book,base_game,,Skyrim,,,,Geirmund's Hall,"Ownership, theft, quest-item, and safe-storage handling not yet reviewed",Forbidden Legend,unknown,unknown,unknown,"Travel, cold, carry weight, quest-state timing, and safe-storage implications deferred",source_listed_candidate,SN-000054-base-dlc-quest-book-category-inventory.md,Source-listed quest-document acquisition candidate; final route selection pending.
BOOKLOC-001310,OBJ-001147,Gissur's Note,quest_book,base_game,,Skyrim,,,,Carried by Gissur,"Ownership, theft, quest-item, and safe-storage handling not yet reviewed",A Cornered Rat,unknown,unknown,unknown,"Travel, cold, carry weight, quest-state timing, and safe-storage implications deferred",source_listed_candidate,SN-000054-base-dlc-quest-book-category-inventory.md,Source-listed quest-document acquisition candidate; final route selection pending.
BOOKLOC-001311,OBJ-001148,Glories and Laments,quest_book,base_game,,Skyrim,,,,"The Katariah, in Emperor Titus Mede II's bedroom, next to an apothecary's satchel on a desk","Ownership, theft, quest-item, and safe-storage handling not yet reviewed",Fetch me that Book!,unknown,unknown,unknown,"Travel, cold, carry weight, quest-state timing, and safe-storage implications deferred",source_listed_candidate,SN-000054-base-dlc-quest-book-category-inventory.md,Source-listed quest-document acquisition candidate; final route selection pending.
BOOKLOC-001312,OBJ-001149,Goldenglow Bill of Sale (Gulum-Ei),quest_book,base_game,,Skyrim,,,,Given to you by Gulum-Ei during Scoundrel's Folly,"Ownership, theft, quest-item, and safe-storage handling not yet reviewed",Scoundrel's Folly,unknown,unknown,unknown,"Travel, cold, carry weight, quest-state timing, and safe-storage implications deferred",source_listed_candidate,SN-000054-base-dlc-quest-book-category-inventory.md,Source-listed quest-document acquisition candidate; final route selection pending.
BOOKLOC-001313,OBJ-001150,Goldenglow Bill of Sale (safe),quest_book,base_game,,Skyrim,,,,Goldenglow Estate retrieved from Aringoth's safe during Loud and Clear,"Ownership, theft, quest-item, and safe-storage handling not yet reviewed",Loud and Clear,unknown,unknown,unknown,"Travel, cold, carry weight, quest-state timing, and safe-storage implications deferred",source_listed_candidate,SN-000054-base-dlc-quest-book-category-inventory.md,Source-listed quest-document acquisition candidate; final route selection pending.
BOOKLOC-001314,OBJ-001151,Gorm's Letter,quest_book,base_game,,Skyrim,,,,Given by Gorm,"Ownership, theft, quest-item, and safe-storage handling not yet reviewed",For the Good of Morthal,unknown,unknown,unknown,"Travel, cold, carry weight, quest-state timing, and safe-storage implications deferred",source_listed_candidate,SN-000054-base-dlc-quest-book-category-inventory.md,Source-listed quest-document acquisition candidate; final route selection pending.
BOOKLOC-001315,OBJ-001152,Gourmet's Writ of Passage,quest_book,base_game,,Skyrim,,,,Carried by Balagog gro-Nolob,"Ownership, theft, quest-item, and safe-storage handling not yet reviewed","Recipe for Disaster, To Kill an Empire | Finding the Gourmet",unknown,unknown,unknown,"Travel, cold, carry weight, quest-state timing, and safe-storage implications deferred",source_listed_candidate,SN-000054-base-dlc-quest-book-category-inventory.md,Source-listed quest-document acquisition candidate; final route selection pending.
BOOKLOC-001316,OBJ-001153,Gulum-Ei's Confession,quest_book,base_game,,Skyrim,,,,In a chest in Brinewater Grotto,"Ownership, theft, quest-item, and safe-storage handling not yet reviewed",Scoundrel's Folly,unknown,unknown,unknown,"Travel, cold, carry weight, quest-state timing, and safe-storage implications deferred",source_listed_candidate,SN-000054-base-dlc-quest-book-category-inventory.md,Source-listed quest-document acquisition candidate; final route selection pending.
BOOKLOC-001317,OBJ-001154,Habd's Death Letter,quest_book,base_game,,Skyrim,,,,Cannot be obtained,"Ownership, theft, quest-item, and safe-storage handling not yet reviewed",Frostflow Abyss Investigation,unknown,unknown,unknown,"Travel, cold, carry weight, quest-state timing, and safe-storage implications deferred",source_listed_candidate,SN-000054-base-dlc-quest-book-category-inventory.md,Source-listed quest-document acquisition candidate; final route selection pending.
BOOKLOC-001318,OBJ-001155,Habd's Journal,quest_book,base_game,,Skyrim,,,,Frostflow Lighthouse,"Ownership, theft, quest-item, and safe-storage handling not yet reviewed",Frostflow Abyss Investigation,unknown,unknown,unknown,"Travel, cold, carry weight, quest-state timing, and safe-storage implications deferred",source_listed_candidate,SN-000054-base-dlc-quest-book-category-inventory.md,Source-listed quest-document acquisition candidate; final route selection pending.
BOOKLOC-001319,OBJ-001156,Hamelyn's Journal,quest_book,base_game,,Skyrim,,,,Held by Hamelyn,"Ownership, theft, quest-item, and safe-storage handling not yet reviewed",Dampened Spirits,unknown,unknown,unknown,"Travel, cold, carry weight, quest-state timing, and safe-storage implications deferred",source_listed_candidate,SN-000054-base-dlc-quest-book-category-inventory.md,Source-listed quest-document acquisition candidate; final route selection pending.
BOOKLOC-001320,OBJ-001157,Hanging Gardens,quest_book,base_game,,Skyrim,,,,"Brinewater Grotto, next to a locked chest on a shelf, in the room with the cages","Ownership, theft, quest-item, and safe-storage handling not yet reviewed",Fetch me that Book!,unknown,unknown,unknown,"Travel, cold, carry weight, quest-state timing, and safe-storage implications deferred",source_listed_candidate,SN-000054-base-dlc-quest-book-category-inventory.md,Source-listed quest-document acquisition candidate; final route selection pending.
BOOKLOC-001321,OBJ-001157,Hanging Gardens,quest_book,base_game,,Skyrim,,,,"Largashbur, westernmost hut on a shelf","Ownership, theft, quest-item, and safe-storage handling not yet reviewed",Fetch me that Book!,unknown,unknown,unknown,"Travel, cold, carry weight, quest-state timing, and safe-storage implications deferred",source_listed_candidate,SN-000054-base-dlc-quest-book-category-inventory.md,Source-listed quest-document acquisition candidate; final route selection pending.
BOOKLOC-001322,OBJ-001158,Hargar's Journal,quest_book,base_game,,Skyrim,,,,Broken Oar Grotto,"Ownership, theft, quest-item, and safe-storage handling not yet reviewed",Lights Out!,unknown,unknown,unknown,"Travel, cold, carry weight, quest-state timing, and safe-storage implications deferred",source_listed_candidate,SN-000054-base-dlc-quest-book-category-inventory.md,Source-listed quest-document acquisition candidate; final route selection pending.
BOOKLOC-001323,OBJ-001159,Have Need of Cynric (Sabjorn),quest_book,base_game,,Skyrim,,,,"Honningbrew Meadery, upstairs on a table inside Sabjorn's room","Ownership, theft, quest-item, and safe-storage handling not yet reviewed",Dampened Spirits,unknown,unknown,unknown,"Travel, cold, carry weight, quest-state timing, and safe-storage implications deferred",source_listed_candidate,SN-000054-base-dlc-quest-book-category-inventory.md,Source-listed quest-document acquisition candidate; final route selection pending.
BOOKLOC-001324,OBJ-001160,Heddic's Volunruud Notes,quest_book,base_game,,Skyrim,,,,On the floor just inside Volunruud,"Ownership, theft, quest-item, and safe-storage handling not yet reviewed",Silenced Tongues,unknown,unknown,unknown,"Travel, cold, carry weight, quest-state timing, and safe-storage implications deferred",source_listed_candidate,SN-000054-base-dlc-quest-book-category-inventory.md,Source-listed quest-document acquisition candidate; final route selection pending.
BOOKLOC-001325,OBJ-001161,Idgrod's Note,quest_book,base_game,,Skyrim,,,,Given by Idgrod the Younger at Highmoon Hall,"Ownership, theft, quest-item, and safe-storage handling not yet reviewed",Deliver Idgrod's Note to Danica,unknown,unknown,unknown,"Travel, cold, carry weight, quest-state timing, and safe-storage implications deferred",source_listed_candidate,SN-000054-base-dlc-quest-book-category-inventory.md,Source-listed quest-document acquisition candidate; final route selection pending.
BOOKLOC-001326,OBJ-001162,Imperial Condolences,quest_book,base_game,,Skyrim,,,,"Ansilvund Excavation, on a table","Ownership, theft, quest-item, and safe-storage handling not yet reviewed",Ansilvund (quest),unknown,unknown,unknown,"Travel, cold, carry weight, quest-state timing, and safe-storage implications deferred",source_listed_candidate,SN-000054-base-dlc-quest-book-category-inventory.md,Source-listed quest-document acquisition candidate; final route selection pending.
BOOKLOC-001327,OBJ-001163,Imperial Missive (Battle-Born),quest_book,base_game,,Skyrim,,,,"House of Clan Battle-Born, Whiterun","Ownership, theft, quest-item, and safe-storage handling not yet reviewed",Missing In Action,unknown,unknown,unknown,"Travel, cold, carry weight, quest-state timing, and safe-storage implications deferred",source_listed_candidate,SN-000054-base-dlc-quest-book-category-inventory.md,Source-listed quest-document acquisition candidate; final route selection pending.
BOOKLOC-001328,OBJ-001164,Incriminating Letter (Anuriel),quest_book,base_game,,Skyrim,,,,Mistveil Keep - Anuriel's Room,"Ownership, theft, quest-item, and safe-storage handling not yet reviewed",Compelling Tribute (Imperial),unknown,unknown,unknown,"Travel, cold, carry weight, quest-state timing, and safe-storage implications deferred",source_listed_candidate,SN-000054-base-dlc-quest-book-category-inventory.md,Source-listed quest-document acquisition candidate; final route selection pending.
BOOKLOC-001329,OBJ-001165,Incriminating Letter (DB),quest_book,base_game,,Skyrim,,,,Given to you during the quest Breaching Security by Gabriella,"Ownership, theft, quest-item, and safe-storage handling not yet reviewed",Breaching Security,unknown,unknown,unknown,"Travel, cold, carry weight, quest-state timing, and safe-storage implications deferred",source_listed_candidate,SN-000054-base-dlc-quest-book-category-inventory.md,Source-listed quest-document acquisition candidate; final route selection pending.
BOOKLOC-001330,OBJ-001166,Incriminating Letter (DG),quest_book,dawnguard,,Skyrim,,,,UESP member page lists this as a quest-related book/document but does not list a fixed acquisition location; exact acquisition context deferred.,"Ownership, theft, quest-item, and safe-storage handling not yet reviewed",Deceiving the Herd,unknown,unknown,unknown,"Travel, cold, carry weight, quest-state timing, and safe-storage implications deferred",provisional_objective_representative,SN-000054-base-dlc-quest-book-category-inventory.md,No fixed location field on source page; reconcile during quest-specific validation.
BOOKLOC-001331,OBJ-001167,Invitation to Elenwen's Reception,quest_book,base_game,,Skyrim,,,,Handed to you during Diplomatic Immunity,"Ownership, theft, quest-item, and safe-storage handling not yet reviewed",Diplomatic Immunity,unknown,unknown,unknown,"Travel, cold, carry weight, quest-state timing, and safe-storage implications deferred",source_listed_candidate,SN-000054-base-dlc-quest-book-category-inventory.md,Source-listed quest-document acquisition candidate; final route selection pending.
BOOKLOC-001332,OBJ-001168,Invocation of Azura,quest_book,base_game,,Skyrim,,,,"Bards College, on a bookshelf in Inge Six Fingers' room","Ownership, theft, quest-item, and safe-storage handling not yet reviewed",Fetch me that Book!,unknown,unknown,unknown,"Travel, cold, carry weight, quest-state timing, and safe-storage implications deferred",source_listed_candidate,SN-000054-base-dlc-quest-book-category-inventory.md,Source-listed quest-document acquisition candidate; final route selection pending.
BOOKLOC-001333,OBJ-001169,Isabelle's Letter,quest_book,base_game,,Skyrim,,,,Hob's Fall Cave,"Ownership, theft, quest-item, and safe-storage handling not yet reviewed",Drowned Sorrows,unknown,unknown,unknown,"Travel, cold, carry weight, quest-state timing, and safe-storage implications deferred",source_listed_candidate,SN-000054-base-dlc-quest-book-category-inventory.md,Source-listed quest-document acquisition candidate; final route selection pending.
BOOKLOC-001334,OBJ-001170,J'datharr's Note,quest_book,base_game,,Skyrim,,,,Carried by J'datharr,"Ownership, theft, quest-item, and safe-storage handling not yet reviewed",Find the Thalmor Assassin,unknown,unknown,unknown,"Travel, cold, carry weight, quest-state timing, and safe-storage implications deferred",source_listed_candidate,SN-000054-base-dlc-quest-book-category-inventory.md,Source-listed quest-document acquisition candidate; final route selection pending.
BOOKLOC-001335,OBJ-001171,Jiub's Opus (Page 1),quest_book,dawnguard,,Skyrim,,,,Soul Cairn,"Ownership, theft, quest-item, and safe-storage handling not yet reviewed",Impatience of a Saint,unknown,unknown,unknown,"Travel, cold, carry weight, quest-state timing, and safe-storage implications deferred",source_listed_candidate,SN-000054-base-dlc-quest-book-category-inventory.md,Source-listed quest-document acquisition candidate; final route selection pending.
BOOKLOC-001336,OBJ-001172,Jiub's Opus (Page 10),quest_book,dawnguard,,Skyrim,,,,Soul Cairn,"Ownership, theft, quest-item, and safe-storage handling not yet reviewed",Impatience of a Saint,unknown,unknown,unknown,"Travel, cold, carry weight, quest-state timing, and safe-storage implications deferred",source_listed_candidate,SN-000054-base-dlc-quest-book-category-inventory.md,Source-listed quest-document acquisition candidate; final route selection pending.
BOOKLOC-001337,OBJ-001173,Jiub's Opus (Page 2),quest_book,dawnguard,,Skyrim,,,,Soul Cairn,"Ownership, theft, quest-item, and safe-storage handling not yet reviewed",Impatience of a Saint,unknown,unknown,unknown,"Travel, cold, carry weight, quest-state timing, and safe-storage implications deferred",source_listed_candidate,SN-000054-base-dlc-quest-book-category-inventory.md,Source-listed quest-document acquisition candidate; final route selection pending.
BOOKLOC-001338,OBJ-001174,Jiub's Opus (Page 3),quest_book,dawnguard,,Skyrim,,,,Soul Cairn,"Ownership, theft, quest-item, and safe-storage handling not yet reviewed",Impatience of a Saint,unknown,unknown,unknown,"Travel, cold, carry weight, quest-state timing, and safe-storage implications deferred",source_listed_candidate,SN-000054-base-dlc-quest-book-category-inventory.md,Source-listed quest-document acquisition candidate; final route selection pending.
BOOKLOC-001339,OBJ-001175,Jiub's Opus (Page 4),quest_book,dawnguard,,Skyrim,,,,Soul Cairn,"Ownership, theft, quest-item, and safe-storage handling not yet reviewed",Impatience of a Saint,unknown,unknown,unknown,"Travel, cold, carry weight, quest-state timing, and safe-storage implications deferred",source_listed_candidate,SN-000054-base-dlc-quest-book-category-inventory.md,Source-listed quest-document acquisition candidate; final route selection pending.
BOOKLOC-001340,OBJ-001176,Jiub's Opus (Page 5),quest_book,dawnguard,,Skyrim,,,,Soul Cairn,"Ownership, theft, quest-item, and safe-storage handling not yet reviewed",Impatience of a Saint,unknown,unknown,unknown,"Travel, cold, carry weight, quest-state timing, and safe-storage implications deferred",source_listed_candidate,SN-000054-base-dlc-quest-book-category-inventory.md,Source-listed quest-document acquisition candidate; final route selection pending.
BOOKLOC-001341,OBJ-001177,Jiub's Opus (Page 6),quest_book,dawnguard,,Skyrim,,,,Soul Cairn,"Ownership, theft, quest-item, and safe-storage handling not yet reviewed",Impatience of a Saint,unknown,unknown,unknown,"Travel, cold, carry weight, quest-state timing, and safe-storage implications deferred",source_listed_candidate,SN-000054-base-dlc-quest-book-category-inventory.md,Source-listed quest-document acquisition candidate; final route selection pending.
BOOKLOC-001342,OBJ-001178,Jiub's Opus (Page 7),quest_book,dawnguard,,Skyrim,,,,Soul Cairn,"Ownership, theft, quest-item, and safe-storage handling not yet reviewed",Impatience of a Saint,unknown,unknown,unknown,"Travel, cold, carry weight, quest-state timing, and safe-storage implications deferred",source_listed_candidate,SN-000054-base-dlc-quest-book-category-inventory.md,Source-listed quest-document acquisition candidate; final route selection pending.
BOOKLOC-001343,OBJ-001179,Jiub's Opus (Page 8),quest_book,dawnguard,,Skyrim,,,,Soul Cairn,"Ownership, theft, quest-item, and safe-storage handling not yet reviewed",Impatience of a Saint,unknown,unknown,unknown,"Travel, cold, carry weight, quest-state timing, and safe-storage implications deferred",source_listed_candidate,SN-000054-base-dlc-quest-book-category-inventory.md,Source-listed quest-document acquisition candidate; final route selection pending.
BOOKLOC-001344,OBJ-001180,Jiub's Opus (Page 9),quest_book,dawnguard,,Skyrim,,,,Soul Cairn,"Ownership, theft, quest-item, and safe-storage handling not yet reviewed",Impatience of a Saint,unknown,unknown,unknown,"Travel, cold, carry weight, quest-state timing, and safe-storage implications deferred",source_listed_candidate,SN-000054-base-dlc-quest-book-category-inventory.md,Source-listed quest-document acquisition candidate; final route selection pending.
BOOKLOC-001345,OBJ-001181,The Keepers of the Razor,quest_book,base_game,,Skyrim,,,,UESP member page lists this as a quest-related book/document but does not list a fixed acquisition location; exact acquisition context deferred.,"Ownership, theft, quest-item, and safe-storage handling not yet reviewed",Pieces of the Past,unknown,unknown,unknown,"Travel, cold, carry weight, quest-state timing, and safe-storage implications deferred",provisional_objective_representative,SN-000054-base-dlc-quest-book-category-inventory.md,No fixed location field on source page; reconcile during quest-specific validation.
BOOKLOC-001346,OBJ-001182,King Olaf's Verse,quest_book,base_game,,Skyrim,,,,Dead Men's Respite,"Ownership, theft, quest-item, and safe-storage handling not yet reviewed",Tending the Flames,unknown,unknown,unknown,"Travel, cold, carry weight, quest-state timing, and safe-storage implications deferred",source_listed_candidate,SN-000054-base-dlc-quest-book-category-inventory.md,Source-listed quest-document acquisition candidate; final route selection pending.
BOOKLOC-001347,OBJ-001183,Krag's Journal,quest_book,base_game,,Skyrim,,,,"Nchuand-Zel, on Krag's corpse","Ownership, theft, quest-item, and safe-storage handling not yet reviewed",The Lost Expedition,unknown,unknown,unknown,"Travel, cold, carry weight, quest-state timing, and safe-storage implications deferred",source_listed_candidate,SN-000054-base-dlc-quest-book-category-inventory.md,Source-listed quest-document acquisition candidate; final route selection pending.
BOOKLOC-001348,OBJ-001184,Kyr's Bounty,quest_book,base_game,,Skyrim,,,,Frostmere Crypt,"Ownership, theft, quest-item, and safe-storage handling not yet reviewed",The Pale Lady,unknown,unknown,unknown,"Travel, cold, carry weight, quest-state timing, and safe-storage implications deferred",source_listed_candidate,SN-000054-base-dlc-quest-book-category-inventory.md,Source-listed quest-document acquisition candidate; final route selection pending.
BOOKLOC-001349,OBJ-001185,Kyr's Log,quest_book,base_game,,Skyrim,,,,On a dresser in Frostmere Crypt,"Ownership, theft, quest-item, and safe-storage handling not yet reviewed",The Pale Lady,unknown,unknown,unknown,"Travel, cold, carry weight, quest-state timing, and safe-storage implications deferred",source_listed_candidate,SN-000054-base-dlc-quest-book-category-inventory.md,Source-listed quest-document acquisition candidate; final route selection pending.
BOOKLOC-001350,OBJ-001186,Last King of the Ayleids,quest_book,base_game,,Skyrim,,,,"Greathall{{DB}}, on a desk downstairs","Ownership, theft, quest-item, and safe-storage handling not yet reviewed",Fetch me that Book!,unknown,unknown,unknown,"Travel, cold, carry weight, quest-state timing, and safe-storage implications deferred",source_listed_candidate,SN-000054-base-dlc-quest-book-category-inventory.md,Source-listed quest-document acquisition candidate; final route selection pending.
BOOKLOC-001351,OBJ-001187,The Last King of the Ayleids,quest_book,base_game,,Skyrim,,,,Fellglow Keep Ritual Chamber,"Ownership, theft, quest-item, and safe-storage handling not yet reviewed",Hitting the Books,unknown,unknown,unknown,"Travel, cold, carry weight, quest-state timing, and safe-storage implications deferred",source_listed_candidate,SN-000054-base-dlc-quest-book-category-inventory.md,Source-listed quest-document acquisition candidate; final route selection pending.
BOOKLOC-001352,OBJ-001188,The Legend of Red Eagle,quest_book,base_game,,Skyrim,,,,"Abandoned Prison, (Eastmarch); on a bookshelf in the small room near the pile of rubble upstairs from the cell area","Ownership, theft, quest-item, and safe-storage handling not yet reviewed",Find Red Eagle's sword,unknown,unknown,unknown,"Travel, cold, carry weight, quest-state timing, and safe-storage implications deferred",source_listed_candidate,SN-000054-base-dlc-quest-book-category-inventory.md,Source-listed quest-document acquisition candidate; final route selection pending.
BOOKLOC-001353,OBJ-001188,The Legend of Red Eagle,quest_book,base_game,,Skyrim,,,,"Anga's Mill Common House, (The Pale); on a shelf","Ownership, theft, quest-item, and safe-storage handling not yet reviewed",Find Red Eagle's sword,unknown,unknown,unknown,"Travel, cold, carry weight, quest-state timing, and safe-storage implications deferred",source_listed_candidate,SN-000054-base-dlc-quest-book-category-inventory.md,Source-listed quest-document acquisition candidate; final route selection pending.
BOOKLOC-001354,OBJ-001188,The Legend of Red Eagle,quest_book,base_game,,Skyrim,,,,"Angeline's Aromatics, (Solitude); on a shelf in the room behind the counter","Ownership, theft, quest-item, and safe-storage handling not yet reviewed",Find Red Eagle's sword,unknown,unknown,unknown,"Travel, cold, carry weight, quest-state timing, and safe-storage implications deferred",source_listed_candidate,SN-000054-base-dlc-quest-book-category-inventory.md,Source-listed quest-document acquisition candidate; final route selection pending.
BOOKLOC-001355,OBJ-001188,The Legend of Red Eagle,quest_book,base_game,,Skyrim,,,,"Bards College, (Solitude); on a bookshelf in the library","Ownership, theft, quest-item, and safe-storage handling not yet reviewed",Find Red Eagle's sword,unknown,unknown,unknown,"Travel, cold, carry weight, quest-state timing, and safe-storage implications deferred",source_listed_candidate,SN-000054-base-dlc-quest-book-category-inventory.md,Source-listed quest-document acquisition candidate; final route selection pending.
BOOKLOC-001356,OBJ-001188,The Legend of Red Eagle,quest_book,base_game,,Skyrim,,,,"Candlehearth Hall, (Windhelm); in the room with a business ledger","Ownership, theft, quest-item, and safe-storage handling not yet reviewed",Find Red Eagle's sword,unknown,unknown,unknown,"Travel, cold, carry weight, quest-state timing, and safe-storage implications deferred",source_listed_candidate,SN-000054-base-dlc-quest-book-category-inventory.md,Source-listed quest-document acquisition candidate; final route selection pending.
BOOKLOC-001357,OBJ-001188,The Legend of Red Eagle,quest_book,base_game,,Skyrim,,,,"Castle Dour, (Solitude); on a table immediately to your right upon entering","Ownership, theft, quest-item, and safe-storage handling not yet reviewed",Find Red Eagle's sword,unknown,unknown,unknown,"Travel, cold, carry weight, quest-state timing, and safe-storage implications deferred",source_listed_candidate,SN-000054-base-dlc-quest-book-category-inventory.md,Source-listed quest-document acquisition candidate; final route selection pending.
BOOKLOC-001358,OBJ-001188,The Legend of Red Eagle,quest_book,base_game,,Skyrim,,,,"College of Winterhold, Arcanaeum, (Winterhold); one copy on a table, the other one on the ground","Ownership, theft, quest-item, and safe-storage handling not yet reviewed",Find Red Eagle's sword,unknown,unknown,unknown,"Travel, cold, carry weight, quest-state timing, and safe-storage implications deferred",source_listed_candidate,SN-000054-base-dlc-quest-book-category-inventory.md,Source-listed quest-document acquisition candidate; final route selection pending.
BOOKLOC-001359,OBJ-001188,The Legend of Red Eagle,quest_book,base_game,,Skyrim,,,,"Cracked Tusk Keep, (Falkreath Hold); upstairs on a shelf as you enter","Ownership, theft, quest-item, and safe-storage handling not yet reviewed",Find Red Eagle's sword,unknown,unknown,unknown,"Travel, cold, carry weight, quest-state timing, and safe-storage implications deferred",source_listed_candidate,SN-000054-base-dlc-quest-book-category-inventory.md,Source-listed quest-document acquisition candidate; final route selection pending.
BOOKLOC-001360,OBJ-001188,The Legend of Red Eagle,quest_book,base_game,,Skyrim,,,,"Dawnstar Sanctuary, (The Pale); on a shelf near the first gate leading downstairs","Ownership, theft, quest-item, and safe-storage handling not yet reviewed",Find Red Eagle's sword,unknown,unknown,unknown,"Travel, cold, carry weight, quest-state timing, and safe-storage implications deferred",source_listed_candidate,SN-000054-base-dlc-quest-book-category-inventory.md,Source-listed quest-document acquisition candidate; final route selection pending.
BOOKLOC-001361,OBJ-001188,The Legend of Red Eagle,quest_book,base_game,,Skyrim,,,,"Deepwood Redoubt, (The Reach)","Ownership, theft, quest-item, and safe-storage handling not yet reviewed",Find Red Eagle's sword,unknown,unknown,unknown,"Travel, cold, carry weight, quest-state timing, and safe-storage implications deferred",source_listed_candidate,SN-000054-base-dlc-quest-book-category-inventory.md,Source-listed quest-document acquisition candidate; final route selection pending.
BOOKLOC-001362,OBJ-001188,The Legend of Red Eagle,quest_book,base_game,,Skyrim,,,,"* interior, on a table near the only arcane enchanter in the dungeon, along with Forsworn Missive","Ownership, theft, quest-item, and safe-storage handling not yet reviewed",Find Red Eagle's sword,unknown,unknown,unknown,"Travel, cold, carry weight, quest-state timing, and safe-storage implications deferred",source_listed_candidate,SN-000054-base-dlc-quest-book-category-inventory.md,Source-listed quest-document acquisition candidate; final route selection pending.
BOOKLOC-001363,OBJ-001188,The Legend of Red Eagle,quest_book,base_game,,Skyrim,,,,"* interior, on a bookshelf near the only bed in the dungeon","Ownership, theft, quest-item, and safe-storage handling not yet reviewed",Find Red Eagle's sword,unknown,unknown,unknown,"Travel, cold, carry weight, quest-state timing, and safe-storage implications deferred",source_listed_candidate,SN-000054-base-dlc-quest-book-category-inventory.md,Source-listed quest-document acquisition candidate; final route selection pending.
BOOKLOC-001364,OBJ-001188,The Legend of Red Eagle,quest_book,base_game,,Skyrim,,,,"* in the exterior zone Deepwood Vale, on a table in the Forsworn hut containing a boss chest and a double bed","Ownership, theft, quest-item, and safe-storage handling not yet reviewed",Find Red Eagle's sword,unknown,unknown,unknown,"Travel, cold, carry weight, quest-state timing, and safe-storage implications deferred",source_listed_candidate,SN-000054-base-dlc-quest-book-category-inventory.md,Source-listed quest-document acquisition candidate; final route selection pending.
BOOKLOC-001365,OBJ-001188,The Legend of Red Eagle,quest_book,base_game,,Skyrim,,,,"Dragonsreach, (Whiterun)","Ownership, theft, quest-item, and safe-storage handling not yet reviewed",Find Red Eagle's sword,unknown,unknown,unknown,"Travel, cold, carry weight, quest-state timing, and safe-storage implications deferred",source_listed_candidate,SN-000054-base-dlc-quest-book-category-inventory.md,Source-listed quest-document acquisition candidate; final route selection pending.
BOOKLOC-001366,OBJ-001188,The Legend of Red Eagle,quest_book,base_game,,Skyrim,,,,* in Farengar's study on a bookshelf,"Ownership, theft, quest-item, and safe-storage handling not yet reviewed",Find Red Eagle's sword,unknown,unknown,unknown,"Travel, cold, carry weight, quest-state timing, and safe-storage implications deferred",source_listed_candidate,SN-000054-base-dlc-quest-book-category-inventory.md,Source-listed quest-document acquisition candidate; final route selection pending.
BOOKLOC-001367,OBJ-001188,The Legend of Red Eagle,quest_book,base_game,,Skyrim,,,,* Dragonsreach Jarl's Quarters,"Ownership, theft, quest-item, and safe-storage handling not yet reviewed",Find Red Eagle's sword,unknown,unknown,unknown,"Travel, cold, carry weight, quest-state timing, and safe-storage implications deferred",source_listed_candidate,SN-000054-base-dlc-quest-book-category-inventory.md,Source-listed quest-document acquisition candidate; final route selection pending.
BOOKLOC-001368,OBJ-001188,The Legend of Red Eagle,quest_book,base_game,,Skyrim,,,,"Dushnikh Yal, (The Reach); on a shelf in the hut with an alchemy lab and a tanning rack","Ownership, theft, quest-item, and safe-storage handling not yet reviewed",Find Red Eagle's sword,unknown,unknown,unknown,"Travel, cold, carry weight, quest-state timing, and safe-storage implications deferred",source_listed_candidate,SN-000054-base-dlc-quest-book-category-inventory.md,Source-listed quest-document acquisition candidate; final route selection pending.
BOOKLOC-001369,OBJ-001188,The Legend of Red Eagle,quest_book,base_game,,Skyrim,,,,"Faldar's Tooth exterior, (The Rift); on a cupboard on top of the highest tower","Ownership, theft, quest-item, and safe-storage handling not yet reviewed",Find Red Eagle's sword,unknown,unknown,unknown,"Travel, cold, carry weight, quest-state timing, and safe-storage implications deferred",source_listed_candidate,SN-000054-base-dlc-quest-book-category-inventory.md,Source-listed quest-document acquisition candidate; final route selection pending.
BOOKLOC-001370,OBJ-001188,The Legend of Red Eagle,quest_book,base_game,,Skyrim,,,,"Fellglow Keep Dungeons, (Whiterun Hold); on a table in the practice room","Ownership, theft, quest-item, and safe-storage handling not yet reviewed",Find Red Eagle's sword,unknown,unknown,unknown,"Travel, cold, carry weight, quest-state timing, and safe-storage implications deferred",source_listed_candidate,SN-000054-base-dlc-quest-book-category-inventory.md,Source-listed quest-document acquisition candidate; final route selection pending.
BOOKLOC-001371,OBJ-001188,The Legend of Red Eagle,quest_book,base_game,,Skyrim,,,,"Fort Dunstad Commander's Quarters, (The Pale); on a bookshelf in the bedroom to your right upon entering","Ownership, theft, quest-item, and safe-storage handling not yet reviewed",Find Red Eagle's sword,unknown,unknown,unknown,"Travel, cold, carry weight, quest-state timing, and safe-storage implications deferred",source_listed_candidate,SN-000054-base-dlc-quest-book-category-inventory.md,Source-listed quest-document acquisition candidate; final route selection pending.
BOOKLOC-001372,OBJ-001188,The Legend of Red Eagle,quest_book,base_game,,Skyrim,,,,"Fort Snowhawk, (Hjaalmarch)","Ownership, theft, quest-item, and safe-storage handling not yet reviewed",Find Red Eagle's sword,unknown,unknown,unknown,"Travel, cold, carry weight, quest-state timing, and safe-storage implications deferred",source_listed_candidate,SN-000054-base-dlc-quest-book-category-inventory.md,Source-listed quest-document acquisition candidate; final route selection pending.
BOOKLOC-001373,OBJ-001188,The Legend of Red Eagle,quest_book,base_game,,Skyrim,,,,"Frostflow Lighthouse, (Winterhold); on a shelf in the bloody room to the right of the fireplace","Ownership, theft, quest-item, and safe-storage handling not yet reviewed",Find Red Eagle's sword,unknown,unknown,unknown,"Travel, cold, carry weight, quest-state timing, and safe-storage implications deferred",source_listed_candidate,SN-000054-base-dlc-quest-book-category-inventory.md,Source-listed quest-document acquisition candidate; final route selection pending.
BOOKLOC-001374,OBJ-001188,The Legend of Red Eagle,quest_book,base_game,,Skyrim,,,,"Hag's End, (The Reach); on a table in the room with hay mounds and hagraven feathers within","Ownership, theft, quest-item, and safe-storage handling not yet reviewed",Find Red Eagle's sword,unknown,unknown,unknown,"Travel, cold, carry weight, quest-state timing, and safe-storage implications deferred",source_listed_candidate,SN-000054-base-dlc-quest-book-category-inventory.md,Source-listed quest-document acquisition candidate; final route selection pending.
BOOKLOC-001375,OBJ-001188,The Legend of Red Eagle,quest_book,base_game,,Skyrim,,,,"House of Clan Cruel-Sea, (Windhelm); on a shelf in the bedroom upstairs above the dining area with a cooking spit","Ownership, theft, quest-item, and safe-storage handling not yet reviewed",Find Red Eagle's sword,unknown,unknown,unknown,"Travel, cold, carry weight, quest-state timing, and safe-storage implications deferred",source_listed_candidate,SN-000054-base-dlc-quest-book-category-inventory.md,Source-listed quest-document acquisition candidate; final route selection pending.
BOOKLOC-001376,OBJ-001188,The Legend of Red Eagle,quest_book,base_game,,Skyrim,,,,"Jarl's Longhouse, (Falkreath Hold); on a wallshelf in the room upstairs to the left as you enter","Ownership, theft, quest-item, and safe-storage handling not yet reviewed",Find Red Eagle's sword,unknown,unknown,unknown,"Travel, cold, carry weight, quest-state timing, and safe-storage implications deferred",source_listed_candidate,SN-000054-base-dlc-quest-book-category-inventory.md,Source-listed quest-document acquisition candidate; final route selection pending.
BOOKLOC-001377,OBJ-001188,The Legend of Red Eagle,quest_book,base_game,,Skyrim,,,,"Jorrvaskr Living Quarters, (Whiterun); on a shelf in Skjor's room","Ownership, theft, quest-item, and safe-storage handling not yet reviewed",Find Red Eagle's sword,unknown,unknown,unknown,"Travel, cold, carry weight, quest-state timing, and safe-storage implications deferred",source_listed_candidate,SN-000054-base-dlc-quest-book-category-inventory.md,Source-listed quest-document acquisition candidate; final route selection pending.
BOOKLOC-001378,OBJ-001188,The Legend of Red Eagle,quest_book,base_game,,Skyrim,,,,The Katariah (Haafingar),"Ownership, theft, quest-item, and safe-storage handling not yet reviewed",Find Red Eagle's sword,unknown,unknown,unknown,"Travel, cold, carry weight, quest-state timing, and safe-storage implications deferred",source_listed_candidate,SN-000054-base-dlc-quest-book-category-inventory.md,Source-listed quest-document acquisition candidate; final route selection pending.
BOOKLOC-001379,OBJ-001188,The Legend of Red Eagle,quest_book,base_game,,Skyrim,,,,"Mistveil Keep Jarl's Chambers, (Riften); on a sideboard in the first room to the right as you enter and go upstairs","Ownership, theft, quest-item, and safe-storage handling not yet reviewed",Find Red Eagle's sword,unknown,unknown,unknown,"Travel, cold, carry weight, quest-state timing, and safe-storage implications deferred",source_listed_candidate,SN-000054-base-dlc-quest-book-category-inventory.md,Source-listed quest-document acquisition candidate; final route selection pending.
BOOKLOC-001380,OBJ-001188,The Legend of Red Eagle,quest_book,base_game,,Skyrim,,,,"Palace of the Kings Upstairs, (Windhelm); on a shelf in the uppermost master bedroom","Ownership, theft, quest-item, and safe-storage handling not yet reviewed",Find Red Eagle's sword,unknown,unknown,unknown,"Travel, cold, carry weight, quest-state timing, and safe-storage implications deferred",source_listed_candidate,SN-000054-base-dlc-quest-book-category-inventory.md,Source-listed quest-document acquisition candidate; final route selection pending.
BOOKLOC-001381,OBJ-001188,The Legend of Red Eagle,quest_book,base_game,,Skyrim,,,,"Pinewatch Bandit's Sanctuary, (Falkreath Hold)","Ownership, theft, quest-item, and safe-storage handling not yet reviewed",Find Red Eagle's sword,unknown,unknown,unknown,"Travel, cold, carry weight, quest-state timing, and safe-storage implications deferred",source_listed_candidate,SN-000054-base-dlc-quest-book-category-inventory.md,Source-listed quest-document acquisition candidate; final route selection pending.
BOOKLOC-001382,OBJ-001188,The Legend of Red Eagle,quest_book,base_game,,Skyrim,,,,"Rebel's Cairn, (The Reach); held by a dead adventurer in the first room","Ownership, theft, quest-item, and safe-storage handling not yet reviewed",Find Red Eagle's sword,unknown,unknown,unknown,"Travel, cold, carry weight, quest-state timing, and safe-storage implications deferred",source_listed_candidate,SN-000054-base-dlc-quest-book-category-inventory.md,Source-listed quest-document acquisition candidate; final route selection pending.
BOOKLOC-001383,OBJ-001188,The Legend of Red Eagle,quest_book,base_game,,Skyrim,,,,"Red Eagle Redoubt exterior, (The Reach); in a Forsworn hut x=-119772|y=25095|zoom=17, and inside of a tower x=-118676|y=27502|zoom=17","Ownership, theft, quest-item, and safe-storage handling not yet reviewed",Find Red Eagle's sword,unknown,unknown,unknown,"Travel, cold, carry weight, quest-state timing, and safe-storage implications deferred",source_listed_candidate,SN-000054-base-dlc-quest-book-category-inventory.md,Source-listed quest-document acquisition candidate; final route selection pending.
BOOKLOC-001384,OBJ-001188,The Legend of Red Eagle,quest_book,base_game,,Skyrim,,,,"Riften Jail, on a shelf on the stairway to the bottom cells area","Ownership, theft, quest-item, and safe-storage handling not yet reviewed",Find Red Eagle's sword,unknown,unknown,unknown,"Travel, cold, carry weight, quest-state timing, and safe-storage implications deferred",source_listed_candidate,SN-000054-base-dlc-quest-book-category-inventory.md,Source-listed quest-document acquisition candidate; final route selection pending.
BOOKLOC-001385,OBJ-001188,The Legend of Red Eagle,quest_book,base_game,,Skyrim,,,,"Serpent's Bluff Redoubt exterior, (Whiterun Hold); on a shelf in the Forsworn hut next to a forge","Ownership, theft, quest-item, and safe-storage handling not yet reviewed",Find Red Eagle's sword,unknown,unknown,unknown,"Travel, cold, carry weight, quest-state timing, and safe-storage implications deferred",source_listed_candidate,SN-000054-base-dlc-quest-book-category-inventory.md,Source-listed quest-document acquisition candidate; final route selection pending.
BOOKLOC-001386,OBJ-001188,The Legend of Red Eagle,quest_book,base_game,,Skyrim,,,,"Serpent's Bluff Ruins, (Whiterun Hold); in a locked room at the end of the dungeon","Ownership, theft, quest-item, and safe-storage handling not yet reviewed",Find Red Eagle's sword,unknown,unknown,unknown,"Travel, cold, carry weight, quest-state timing, and safe-storage implications deferred",source_listed_candidate,SN-000054-base-dlc-quest-book-category-inventory.md,Source-listed quest-document acquisition candidate; final route selection pending.
BOOKLOC-001387,OBJ-001188,The Legend of Red Eagle,quest_book,base_game,,Skyrim,,,,"Silver-Blood Inn, (Markarth); near Hroki's bed","Ownership, theft, quest-item, and safe-storage handling not yet reviewed",Find Red Eagle's sword,unknown,unknown,unknown,"Travel, cold, carry weight, quest-state timing, and safe-storage implications deferred",source_listed_candidate,SN-000054-base-dlc-quest-book-category-inventory.md,Source-listed quest-document acquisition candidate; final route selection pending.
BOOKLOC-001388,OBJ-001188,The Legend of Red Eagle,quest_book,base_game,,Skyrim,,,,"Understone Keep, (Markarth); on a dresser in the steward's room","Ownership, theft, quest-item, and safe-storage handling not yet reviewed",Find Red Eagle's sword,unknown,unknown,unknown,"Travel, cold, carry weight, quest-state timing, and safe-storage implications deferred",source_listed_candidate,SN-000054-base-dlc-quest-book-category-inventory.md,Source-listed quest-document acquisition candidate; final route selection pending.
BOOKLOC-001389,OBJ-001188,The Legend of Red Eagle,quest_book,base_game,,Skyrim,,,,"Viola Giordano's House, (Windhelm); on a bookshelf upstairs","Ownership, theft, quest-item, and safe-storage handling not yet reviewed",Find Red Eagle's sword,unknown,unknown,unknown,"Travel, cold, carry weight, quest-state timing, and safe-storage implications deferred",source_listed_candidate,SN-000054-base-dlc-quest-book-category-inventory.md,Source-listed quest-document acquisition candidate; final route selection pending.
BOOKLOC-001390,OBJ-001188,The Legend of Red Eagle,quest_book,base_game,,Skyrim,,,,"Volkihar Keep{{DG}}, (Haafingar); on a bookshelf in the laboratory/library to the left of the dining hall {{Showhide/End}}","Ownership, theft, quest-item, and safe-storage handling not yet reviewed",Find Red Eagle's sword,unknown,unknown,unknown,"Travel, cold, carry weight, quest-state timing, and safe-storage implications deferred",source_listed_candidate,SN-000054-base-dlc-quest-book-category-inventory.md,Source-listed quest-document acquisition candidate; final route selection pending.
BOOKLOC-001391,OBJ-001189,The Legendary Scourge,quest_book,base_game,,Skyrim,,,,UESP member page lists this as a quest-related book/document but does not list a fixed acquisition location; exact acquisition context deferred.,No independent theft or fixed-copy route; active quest boss-chest assignment governs if selected.,Fetch me that Book! active assignment from Urag; unassigned title not required.,possible,possible,possible,Late isolated Urag dungeon only if the active assignment selects this title.,route_selected_later,SN-000054-base-dlc-quest-book-category-inventory.md | SN-000250-college-urag-repeatable-closeout.md,"TB-044 conditional Urag random-target coverage: if assigned, retrieve from the active boss chest; unassigned random-list titles are not fixed pickups."
BOOKLOC-001392,OBJ-001190,Letter from a Friend,quest_book,base_game,,Skyrim,,,,Courier delivery,"Ownership, theft, quest-item, and safe-storage handling not yet reviewed",Shout - learn about word wall,unknown,unknown,unknown,"Travel, cold, carry weight, quest-state timing, and safe-storage implications deferred",source_listed_candidate,SN-000054-base-dlc-quest-book-category-inventory.md,Source-listed quest-document acquisition candidate; final route selection pending.
BOOKLOC-001393,OBJ-001191,Letter from Calcemo,quest_book,base_game,,Skyrim,,,,Given by the courier,"Ownership, theft, quest-item, and safe-storage handling not yet reviewed",Buy Dwarven artifact,unknown,unknown,unknown,"Travel, cold, carry weight, quest-state timing, and safe-storage implications deferred",source_listed_candidate,SN-000054-base-dlc-quest-book-category-inventory.md,Source-listed quest-document acquisition candidate; final route selection pending.
BOOKLOC-001394,OBJ-001192,Letter from Falk Firebeard,quest_book,base_game,,Skyrim,,,,Delivered by Courier,"Ownership, theft, quest-item, and safe-storage handling not yet reviewed",The Wolf Queen Awakened,unknown,unknown,unknown,"Travel, cold, carry weight, quest-state timing, and safe-storage implications deferred",source_listed_candidate,SN-000054-base-dlc-quest-book-category-inventory.md,Source-listed quest-document acquisition candidate; final route selection pending.
BOOKLOC-001395,OBJ-001193,Letter from Father,quest_book,base_game,,Skyrim,,,,Carried by Gaius Maro,"Ownership, theft, quest-item, and safe-storage handling not yet reviewed",Breaching Security,unknown,unknown,unknown,"Travel, cold, carry weight, quest-state timing, and safe-storage implications deferred",source_listed_candidate,SN-000054-base-dlc-quest-book-category-inventory.md,Source-listed quest-document acquisition candidate; final route selection pending.
BOOKLOC-001396,OBJ-001194,Letter from Jarl (Jarl's Name),quest_book,hearthfire,,Skyrim,,,,Delivered to you by a courier once the Hearthfire add-on has been installed,"Ownership, theft, quest-item, and safe-storage handling not yet reviewed",Build Your Own Home,unknown,unknown,unknown,"Travel, cold, carry weight, quest-state timing, and safe-storage implications deferred",source_listed_candidate,SN-000054-base-dlc-quest-book-category-inventory.md,Source-listed quest-document acquisition candidate; final route selection pending.
BOOKLOC-001397,OBJ-001195,Letter from Jarl (Jarl's Name) of (Jarl's City),quest_book,hearthfire,,Skyrim,,,,Delivered to you by a courier once the Hearthfire add-on has been installed,"Ownership, theft, quest-item, and safe-storage handling not yet reviewed",Build Your Own Home,unknown,unknown,unknown,"Travel, cold, carry weight, quest-state timing, and safe-storage implications deferred",source_listed_candidate,SN-000054-base-dlc-quest-book-category-inventory.md,Source-listed quest-document acquisition candidate; final route selection pending.
BOOKLOC-001398,OBJ-001196,Letter from Olfina,quest_book,base_game,,Skyrim,,,,Carried by Jon Battle-Born,"Ownership, theft, quest-item, and safe-storage handling not yet reviewed",Missing In Action,unknown,unknown,unknown,"Travel, cold, carry weight, quest-state timing, and safe-storage implications deferred",source_listed_candidate,SN-000054-base-dlc-quest-book-category-inventory.md,Source-listed quest-document acquisition candidate; final route selection pending.
BOOKLOC-001399,OBJ-001197,Letter from Quintus Navale,quest_book,base_game,,Skyrim,,Eastmarch,Windhelm support route,Delivered by courier after The White Phial and The Throat of the World,No theft or ownership issue; read and preserve the courier letter,Repairing the Phial start cue,none_known,possible,confirmed,Courier timing may require inn rest or Sarethi Farm fallback check,source_listed_candidate,SN-000054-base-dlc-quest-book-category-inventory.md | SN-000214-repairing-white-phial-route.md,TB-044 selects this courier delivery as the routed copy for Repairing the Phial.
BOOKLOC-001400,OBJ-001198,Letter from Septimus Signus,quest_book,base_game,,Skyrim,,,,Delivered by a courier if under level 15 when giving Septimus the Lexicon during Discerning the Transmundane,"Ownership, theft, quest-item, and safe-storage handling not yet reviewed",Discerning the Transmundane,unknown,unknown,unknown,"Travel, cold, carry weight, quest-state timing, and safe-storage implications deferred",source_listed_candidate,SN-000054-base-dlc-quest-book-category-inventory.md,Source-listed quest-document acquisition candidate; final route selection pending.
BOOKLOC-001401,OBJ-001199,Letter from Solitude,quest_book,base_game,,Skyrim,,,,Dragonsreach Jarl's Quarters,"Ownership, theft, quest-item, and safe-storage handling not yet reviewed",Imitation Amnesty,unknown,unknown,unknown,"Travel, cold, carry weight, quest-state timing, and safe-storage implications deferred",source_listed_candidate,SN-000054-base-dlc-quest-book-category-inventory.md,Source-listed quest-document acquisition candidate; final route selection pending.
BOOKLOC-001402,OBJ-001200,Letter from the Vampire,quest_book,dawnguard,,Skyrim,,,,On the quest target,"Ownership, theft, quest-item, and safe-storage handling not yet reviewed",Hunting the Monster,unknown,unknown,unknown,"Travel, cold, carry weight, quest-state timing, and safe-storage implications deferred",source_listed_candidate,SN-000054-base-dlc-quest-book-category-inventory.md,Source-listed quest-document acquisition candidate; final route selection pending.
BOOKLOC-001403,OBJ-001201,Letter of Credit,quest_book,base_game,,Skyrim,,,,Given to you by Delvin Mallory during the quest The Silence Has Been Broken,"Ownership, theft, quest-item, and safe-storage handling not yet reviewed",The Silence Has Been Broken,unknown,unknown,unknown,"Travel, cold, carry weight, quest-state timing, and safe-storage implications deferred",source_listed_candidate,SN-000054-base-dlc-quest-book-category-inventory.md,Source-listed quest-document acquisition candidate; final route selection pending.
BOOKLOC-001404,OBJ-001202,Letter of Inheritance,quest_book,base_game,,Skyrim,,,,Delivered to you by a courier when an NPC that you've befriended dies,"Ownership, theft, quest-item, and safe-storage handling not yet reviewed",Inheritance,unknown,unknown,unknown,"Travel, cold, carry weight, quest-state timing, and safe-storage implications deferred",source_listed_candidate,SN-000054-base-dlc-quest-book-category-inventory.md,Source-listed quest-document acquisition candidate; final route selection pending.
BOOKLOC-001405,OBJ-001203,Letter to Beem-Ja,quest_book,base_game,,Skyrim,,,Beem-Ja,Carried by Beem-Ja; loot and read after he turns hostile and is killed during Coming of Age.,Looted from hostile/dead Beem-Ja in the normal quest outcome; no theft route selected.,Coming of Age progressed through Beem-Ja betrayal in Ironbind Barrow,none_known,none_known,possible,No separate travel beyond routed Ironbind Barrow clear.,source_listed_candidate,SN-000054-base-dlc-quest-book-category-inventory.md | SN-000256-become-ethereal-closeout.md,TB-044 route-selected through the normal Beem-Ja hostile outcome; final guide tells the player to loot and read the letter.
BOOKLOC-001406,OBJ-001204,Letter to Golldir,quest_book,base_game,,Skyrim,,,,Carried by Golldir,"Ownership, theft, quest-item, and safe-storage handling not yet reviewed",Ancestral Worship,unknown,unknown,unknown,"Travel, cold, carry weight, quest-state timing, and safe-storage implications deferred",source_listed_candidate,SN-000054-base-dlc-quest-book-category-inventory.md,Source-listed quest-document acquisition candidate; final route selection pending.
BOOKLOC-001407,OBJ-001205,Letter to Salma,quest_book,base_game,,Skyrim,,,Salma,Carried by Salma; safe acquisition method not selected in TB-044.,"Would require a later pickpocket, branch, or exclusion decision; do not assume normal quest completion covers it.",Coming of Age; Salma may leave or disappear after Beem-Ja is defeated.,unknown,possible,possible,"Travel, cold, carry weight, quest-state timing, and safe-storage implications deferred",source_listed_candidate,SN-000054-base-dlc-quest-book-category-inventory.md | SN-000256-become-ethereal-closeout.md,TB-044 source-checks the carrier but keeps this as an explicit route-resolution row pending safe acquisition policy.
BOOKLOC-001408,OBJ-001206,Lorcalin's Orders,quest_book,base_game,,Skyrim,,,,Carried by Agent Lorcalin,"Ownership, theft, quest-item, and safe-storage handling not yet reviewed",Elisif's Tribute,unknown,unknown,unknown,"Travel, cold, carry weight, quest-state timing, and safe-storage implications deferred",source_listed_candidate,SN-000054-base-dlc-quest-book-category-inventory.md,Source-listed quest-document acquisition candidate; final route selection pending.
BOOKLOC-001409,OBJ-001207,Lost Legends,quest_book,base_game,,Skyrim,,,,"College of Winterhold, Arcanaeum, on a table","Ownership, theft, quest-item, and safe-storage handling not yet reviewed",Forbidden Legend; Find Red Eagle's sword; The Pale Lady,unknown,unknown,unknown,"Travel, cold, carry weight, quest-state timing, and safe-storage implications deferred",source_listed_candidate,SN-000054-base-dlc-quest-book-category-inventory.md,Source-listed quest-document acquisition candidate; final route selection pending.
BOOKLOC-001410,OBJ-001207,Lost Legends,quest_book,base_game,,Skyrim,,,,"Nightcaller Temple, in the podium","Ownership, theft, quest-item, and safe-storage handling not yet reviewed",Forbidden Legend; Find Red Eagle's sword; The Pale Lady,unknown,unknown,unknown,"Travel, cold, carry weight, quest-state timing, and safe-storage implications deferred",source_listed_candidate,SN-000054-base-dlc-quest-book-category-inventory.md,Source-listed quest-document acquisition candidate; final route selection pending.
BOOKLOC-001411,OBJ-001207,Lost Legends,quest_book,base_game,,Skyrim,,,,"Geirmund's Hall, on a dead adventurer","Ownership, theft, quest-item, and safe-storage handling not yet reviewed",Forbidden Legend; Find Red Eagle's sword; The Pale Lady,unknown,unknown,unknown,"Travel, cold, carry weight, quest-state timing, and safe-storage implications deferred",source_listed_candidate,SN-000054-base-dlc-quest-book-category-inventory.md,Source-listed quest-document acquisition candidate; final route selection pending.
BOOKLOC-001412,OBJ-001207,Lost Legends,quest_book,base_game,,Skyrim,,,,"Fellglow Keep, on a shelf in the room with the altars and workbench","Ownership, theft, quest-item, and safe-storage handling not yet reviewed",Forbidden Legend; Find Red Eagle's sword; The Pale Lady,unknown,unknown,unknown,"Travel, cold, carry weight, quest-state timing, and safe-storage implications deferred",source_listed_candidate,SN-000054-base-dlc-quest-book-category-inventory.md,Source-listed quest-document acquisition candidate; final route selection pending.
BOOKLOC-001413,OBJ-001207,Lost Legends,quest_book,base_game,,Skyrim,,,,"Dragonsreach, on a bookshelf in Farengar's study","Ownership, theft, quest-item, and safe-storage handling not yet reviewed",Forbidden Legend; Find Red Eagle's sword; The Pale Lady,unknown,unknown,unknown,"Travel, cold, carry weight, quest-state timing, and safe-storage implications deferred",source_listed_candidate,SN-000054-base-dlc-quest-book-category-inventory.md,Source-listed quest-document acquisition candidate; final route selection pending.
BOOKLOC-001414,OBJ-001207,Lost Legends,quest_book,base_game,,Skyrim,,,,"Thalmor Embassy, on a bookshelf in Elenwen's Solar","Ownership, theft, quest-item, and safe-storage handling not yet reviewed",Forbidden Legend; Find Red Eagle's sword; The Pale Lady,unknown,unknown,unknown,"Travel, cold, carry weight, quest-state timing, and safe-storage implications deferred",source_listed_candidate,SN-000054-base-dlc-quest-book-category-inventory.md,Source-listed quest-document acquisition candidate; final route selection pending.
BOOKLOC-001415,OBJ-001207,Lost Legends,quest_book,base_game,,Skyrim,,,,"Understone Keep, on a shelf in the Jarl's room","Ownership, theft, quest-item, and safe-storage handling not yet reviewed",Forbidden Legend; Find Red Eagle's sword; The Pale Lady,unknown,unknown,unknown,"Travel, cold, carry weight, quest-state timing, and safe-storage implications deferred",source_listed_candidate,SN-000054-base-dlc-quest-book-category-inventory.md,Source-listed quest-document acquisition candidate; final route selection pending.
BOOKLOC-001416,OBJ-001207,Lost Legends,quest_book,base_game,,Skyrim,,,,"Dark Brotherhood Sanctuary, on a bookshelf near the main entrance","Ownership, theft, quest-item, and safe-storage handling not yet reviewed",Forbidden Legend; Find Red Eagle's sword; The Pale Lady,unknown,unknown,unknown,"Travel, cold, carry weight, quest-state timing, and safe-storage implications deferred",source_listed_candidate,SN-000054-base-dlc-quest-book-category-inventory.md,Source-listed quest-document acquisition candidate; final route selection pending.
BOOKLOC-001417,OBJ-001208,Love Poem,quest_book,base_game,,Skyrim,,,,Given by Yngvar the Singer,"Ownership, theft, quest-item, and safe-storage handling not yet reviewed",The Book of Love,unknown,unknown,unknown,"Travel, cold, carry weight, quest-state timing, and safe-storage implications deferred",source_listed_candidate,SN-000054-base-dlc-quest-book-category-inventory.md,Source-listed quest-document acquisition candidate; final route selection pending.
BOOKLOC-001418,OBJ-001209,Lymdrenn Tenvanni's Journal,quest_book,base_game,,Skyrim,,,,In a waterlogged chest at the Wreck of The Pride of Tel Vos east of Winterhold,"Ownership, theft, quest-item, and safe-storage handling not yet reviewed",Distant Memories,unknown,unknown,unknown,"Travel, cold, carry weight, quest-state timing, and safe-storage implications deferred",source_listed_candidate,SN-000054-base-dlc-quest-book-category-inventory.md,Source-listed quest-document acquisition candidate; final route selection pending.
BOOKLOC-001419,OBJ-001210,Madanach's Note,quest_book,base_game,,Skyrim,,,,On Madanach's body,"Ownership, theft, quest-item, and safe-storage handling not yet reviewed",No One Escapes Cidhna Mine,unknown,unknown,unknown,"Travel, cold, carry weight, quest-state timing, and safe-storage implications deferred",source_listed_candidate,SN-000054-base-dlc-quest-book-category-inventory.md,Source-listed quest-document acquisition candidate; final route selection pending.
BOOKLOC-001420,OBJ-001211,Maluril's Journal,quest_book,base_game,,Skyrim,,,,Mzinchaleft,"Ownership, theft, quest-item, and safe-storage handling not yet reviewed",Kill Maluril,unknown,unknown,unknown,"Travel, cold, carry weight, quest-state timing, and safe-storage implications deferred",source_listed_candidate,SN-000054-base-dlc-quest-book-category-inventory.md,Source-listed quest-document acquisition candidate; final route selection pending.
BOOKLOC-001421,OBJ-001212,Malyn Varen's Grimoire,quest_book,base_game,,Skyrim,,Falkreath Hold,Ilinalta's Deluge,Final Deluge room by the ladder exit beside Malyn Varen's skeleton,No crime issue expected in the quest final room,The Black Star active and Ilinalta's Deluge accessible,confirmed,unknown,confirmed,Lake Ilinalta return plus cold support before and after route,source_listed_candidate,SN-000054-base-dlc-quest-book-category-inventory.md | SN-000212-black-star-ilinalta-route.md,TB-044 reads and takes the grimoire during the quest-active Ilinalta final room.
BOOKLOC-001422,OBJ-001213,Mani's Letter,quest_book,base_game,,Skyrim,,,,"Frostflow Lighthouse, knapsack under the bed","Ownership, theft, quest-item, and safe-storage handling not yet reviewed",Frostflow Abyss Investigation,unknown,unknown,unknown,"Travel, cold, carry weight, quest-state timing, and safe-storage implications deferred",source_listed_candidate,SN-000054-base-dlc-quest-book-category-inventory.md,Source-listed quest-document acquisition candidate; final route selection pending.
BOOKLOC-001423,OBJ-001214,Many Thanks,quest_book,base_game,,Skyrim,,,,Riftweald Manor,"Ownership, theft, quest-item, and safe-storage handling not yet reviewed",The Pursuit,unknown,unknown,unknown,"Travel, cold, carry weight, quest-state timing, and safe-storage implications deferred",source_listed_candidate,SN-000054-base-dlc-quest-book-category-inventory.md,Source-listed quest-document acquisition candidate; final route selection pending.
BOOKLOC-001424,OBJ-001215,Margret's Journal,quest_book,base_game,,Skyrim,,,,"Markarth, Silver-Blood Inn, eastern suite in an end table","Ownership, theft, quest-item, and safe-storage handling not yet reviewed",The Forsworn Conspiracy,unknown,unknown,unknown,"Travel, cold, carry weight, quest-state timing, and safe-storage implications deferred",source_listed_candidate,SN-000054-base-dlc-quest-book-category-inventory.md,Source-listed quest-document acquisition candidate; final route selection pending.
BOOKLOC-001425,OBJ-001216,Master Illusion Text (1),quest_book,base_game,,Skyrim,,,,UESP member page lists this as a quest-related book/document but does not list a fixed acquisition location; exact acquisition context deferred.,"Ownership, theft, quest-item, and safe-storage handling not yet reviewed",Illusion Ritual Spell,unknown,unknown,unknown,"Travel, cold, carry weight, quest-state timing, and safe-storage implications deferred",provisional_objective_representative,SN-000054-base-dlc-quest-book-category-inventory.md,No fixed location field on source page; reconcile during quest-specific validation.
BOOKLOC-001426,OBJ-001217,Master Illusion Text (2),quest_book,base_game,,Skyrim,,,,UESP member page lists this as a quest-related book/document but does not list a fixed acquisition location; exact acquisition context deferred.,"Ownership, theft, quest-item, and safe-storage handling not yet reviewed",Illusion Ritual Spell,unknown,unknown,unknown,"Travel, cold, carry weight, quest-state timing, and safe-storage implications deferred",provisional_objective_representative,SN-000054-base-dlc-quest-book-category-inventory.md,No fixed location field on source page; reconcile during quest-specific validation.
BOOKLOC-001427,OBJ-001218,Master Illusion Text (3),quest_book,base_game,,Skyrim,,,,UESP member page lists this as a quest-related book/document but does not list a fixed acquisition location; exact acquisition context deferred.,"Ownership, theft, quest-item, and safe-storage handling not yet reviewed",Illusion Ritual Spell,unknown,unknown,unknown,"Travel, cold, carry weight, quest-state timing, and safe-storage implications deferred",provisional_objective_representative,SN-000054-base-dlc-quest-book-category-inventory.md,No fixed location field on source page; reconcile during quest-specific validation.
BOOKLOC-001428,OBJ-001219,Master Illusion Text (4),quest_book,base_game,,Skyrim,,,,UESP member page lists this as a quest-related book/document but does not list a fixed acquisition location; exact acquisition context deferred.,"Ownership, theft, quest-item, and safe-storage handling not yet reviewed",Illusion Ritual Spell,unknown,unknown,unknown,"Travel, cold, carry weight, quest-state timing, and safe-storage implications deferred",provisional_objective_representative,SN-000054-base-dlc-quest-book-category-inventory.md,No fixed location field on source page; reconcile during quest-specific validation.
BOOKLOC-001429,OBJ-001220,Museum Pamphlet,quest_book,base_game,,Skyrim,,,,UESP member page lists this as a quest-related book/document but does not list a fixed acquisition location; exact acquisition context deferred.,"Ownership, theft, quest-item, and safe-storage handling not yet reviewed",Pieces of the Past,unknown,unknown,unknown,"Travel, cold, carry weight, quest-state timing, and safe-storage implications deferred",provisional_objective_representative,SN-000054-base-dlc-quest-book-category-inventory.md,No fixed location field on source page; reconcile during quest-specific validation.
BOOKLOC-001430,OBJ-001221,Mysterious Note (DB),quest_book,base_game,,Skyrim,,,,Handed over by a courier,"Ownership, theft, quest-item, and safe-storage handling not yet reviewed",With Friends Like These...,unknown,unknown,unknown,"Travel, cold, carry weight, quest-state timing, and safe-storage implications deferred",source_listed_candidate,SN-000054-base-dlc-quest-book-category-inventory.md,Source-listed quest-document acquisition candidate; final route selection pending.
BOOKLOC-001431,OBJ-001222,Mysterious Note (Delphine),quest_book,dragonborn,,Solstheim,Solstheim,,,Ustengrav,"Ownership, theft, quest-item, and safe-storage handling not yet reviewed",The Horn of Jurgen Windcaller; A Blade in the Dark,unknown,unknown,unknown,"Travel, cold, carry weight, quest-state timing, and safe-storage implications deferred",source_listed_candidate,SN-000054-base-dlc-quest-book-category-inventory.md,Source-listed quest-document acquisition candidate; final route selection pending.
BOOKLOC-001432,OBJ-001223,Mzinchaleft Work Order,quest_book,base_game,,Skyrim,,,,Outside of Mzinchaleft,"Ownership, theft, quest-item, and safe-storage handling not yet reviewed",Kill Maluril,unknown,unknown,unknown,"Travel, cold, carry weight, quest-state timing, and safe-storage implications deferred",source_listed_candidate,SN-000054-base-dlc-quest-book-category-inventory.md,Source-listed quest-document acquisition candidate; final route selection pending.
BOOKLOC-001433,OBJ-001224,N'Gasta! Kvata! Kvakis!,quest_book,base_game,,Skyrim,,,,"Bards College, on a bookshelf in the library","Ownership, theft, quest-item, and safe-storage handling not yet reviewed",Fetch me that Book!,unknown,unknown,unknown,"Travel, cold, carry weight, quest-state timing, and safe-storage implications deferred",source_listed_candidate,SN-000054-base-dlc-quest-book-category-inventory.md,Source-listed quest-document acquisition candidate; final route selection pending.
BOOKLOC-001434,OBJ-001225,Nepos's Journal,quest_book,base_game,,Skyrim,,,,Carried by Nepos the Nose,"Ownership, theft, quest-item, and safe-storage handling not yet reviewed",The Forsworn Conspiracy,unknown,unknown,unknown,"Travel, cold, carry weight, quest-state timing, and safe-storage implications deferred",source_listed_candidate,SN-000054-base-dlc-quest-book-category-inventory.md,Source-listed quest-document acquisition candidate; final route selection pending.
BOOKLOC-001435,OBJ-001226,Night of Tears,quest_book,base_game,,Skyrim,,,,Fellglow Keep Ritual Chamber (during Hitting the Books),"Ownership, theft, quest-item, and safe-storage handling not yet reviewed",Hitting the Books,unknown,unknown,unknown,"Travel, cold, carry weight, quest-state timing, and safe-storage implications deferred",source_listed_candidate,SN-000054-base-dlc-quest-book-category-inventory.md,Source-listed quest-document acquisition candidate; final route selection pending.
BOOKLOC-001436,OBJ-001227,The Nirnroot Missive,quest_book,base_game,,Skyrim,,,,UESP member page lists this as a quest-related book/document but does not list a fixed acquisition location; exact acquisition context deferred.,"Ownership, theft, quest-item, and safe-storage handling not yet reviewed",A Return To Your Roots,unknown,unknown,unknown,"Travel, cold, carry weight, quest-state timing, and safe-storage implications deferred",provisional_objective_representative,SN-000054-base-dlc-quest-book-category-inventory.md,No fixed location field on source page; reconcile during quest-specific validation.
BOOKLOC-001437,OBJ-001228,Note (Forelhost Crypt),quest_book,base_game,,Skyrim,,,,"Forelhost Crypt, on a table","Ownership, theft, quest-item, and safe-storage handling not yet reviewed",Siege on the Dragon Cult,unknown,unknown,unknown,"Travel, cold, carry weight, quest-state timing, and safe-storage implications deferred",source_listed_candidate,SN-000054-base-dlc-quest-book-category-inventory.md,Source-listed quest-document acquisition candidate; final route selection pending.
BOOKLOC-001438,OBJ-001229,Note (Forelhost Refectory),quest_book,base_game,,Skyrim,,,,"Forelhost Refectory, on a table","Ownership, theft, quest-item, and safe-storage handling not yet reviewed",Siege on the Dragon Cult,unknown,unknown,unknown,"Travel, cold, carry weight, quest-state timing, and safe-storage implications deferred",source_listed_candidate,SN-000054-base-dlc-quest-book-category-inventory.md,Source-listed quest-document acquisition candidate; final route selection pending.
BOOKLOC-001439,OBJ-001230,Note (Mistwatch),quest_book,base_game,,Skyrim,,,,"Mistwatch West Tower, on a table","Ownership, theft, quest-item, and safe-storage handling not yet reviewed",Mistwatch (quest),unknown,unknown,unknown,"Travel, cold, carry weight, quest-state timing, and safe-storage implications deferred",source_listed_candidate,SN-000054-base-dlc-quest-book-category-inventory.md,Source-listed quest-document acquisition candidate; final route selection pending.
BOOKLOC-001440,OBJ-001231,Note from Agna,quest_book,base_game,,Skyrim,,,,Carried by Golldir,"Ownership, theft, quest-item, and safe-storage handling not yet reviewed",Ancestral Worship,unknown,unknown,unknown,"Travel, cold, carry weight, quest-state timing, and safe-storage implications deferred",source_listed_candidate,SN-000054-base-dlc-quest-book-category-inventory.md,Source-listed quest-document acquisition candidate; final route selection pending.
BOOKLOC-001441,OBJ-001232,Note From Jaree-Ra,quest_book,base_game,,Skyrim,,,,Carried by Deeja,"Ownership, theft, quest-item, and safe-storage handling not yet reviewed",Lights Out!,unknown,unknown,unknown,"Travel, cold, carry weight, quest-state timing, and safe-storage implications deferred",source_listed_candidate,SN-000054-base-dlc-quest-book-category-inventory.md,Source-listed quest-document acquisition candidate; final route selection pending.
BOOKLOC-001442,OBJ-001233,Note to Rhorlak,quest_book,base_game,,Skyrim,,,,Pinewatch Bandit's Sanctuary,"Ownership, theft, quest-item, and safe-storage handling not yet reviewed",Silver Lining,unknown,unknown,unknown,"Travel, cold, carry weight, quest-state timing, and safe-storage implications deferred",source_listed_candidate,SN-000054-base-dlc-quest-book-category-inventory.md,Source-listed quest-document acquisition candidate; final route selection pending.
BOOKLOC-001443,OBJ-001234,Note to Thomas,quest_book,base_game,,Skyrim,,,,"Bleak Falls Barrow, on Thomas' corpse resting on a ledge, reachable by shooting it down","Ownership, theft, quest-item, and safe-storage handling not yet reviewed",Bleak Falls Barrow (quest),unknown,unknown,unknown,"Travel, cold, carry weight, quest-state timing, and safe-storage implications deferred",source_listed_candidate,SN-000054-base-dlc-quest-book-category-inventory.md,Source-listed quest-document acquisition candidate; final route selection pending.
BOOKLOC-001444,OBJ-001235,"Notes on Dimhollow Crypt, Vol. 3",quest_book,dawnguard,,Skyrim,,,,Dimhollow Crypt,"Ownership, theft, quest-item, and safe-storage handling not yet reviewed",Awakening,unknown,unknown,unknown,"Travel, cold, carry weight, quest-state timing, and safe-storage implications deferred",source_listed_candidate,SN-000054-base-dlc-quest-book-category-inventory.md,Source-listed quest-document acquisition candidate; final route selection pending.
BOOKLOC-001445,OBJ-001236,Nystrom's Journal,quest_book,base_game,,Skyrim,,,,On Nystrom's corpse in Twilight Sepulcher,"Ownership, theft, quest-item, and safe-storage handling not yet reviewed",Darkness Returns,unknown,unknown,unknown,"Travel, cold, carry weight, quest-state timing, and safe-storage implications deferred",source_listed_candidate,SN-000054-base-dlc-quest-book-category-inventory.md,Source-listed quest-document acquisition candidate; final route selection pending.
BOOKLOC-001446,OBJ-001237,The Old Ways,quest_book,base_game,,Skyrim,,,,"Fort Kastav Captain's Quarters, on the bookshelf with a bucket atop",No independent theft or fixed-copy route; active quest boss-chest assignment governs if selected.,Fetch me that Book! active assignment from Urag; unassigned title not required.,possible,possible,possible,Late isolated Urag dungeon only if the active assignment selects this title.,route_selected_later,SN-000054-base-dlc-quest-book-category-inventory.md | SN-000250-college-urag-repeatable-closeout.md,"TB-044 conditional Urag random-target coverage: if assigned, retrieve from the active boss chest; unassigned random-list titles are not fixed pickups."
BOOKLOC-001447,OBJ-001238,Orders,quest_book,base_game,,Skyrim,,,,"Forelhost Refectory, on a pedestal in front of a table","Ownership, theft, quest-item, and safe-storage handling not yet reviewed",Siege on the Dragon Cult,unknown,unknown,unknown,"Travel, cold, carry weight, quest-state timing, and safe-storage implications deferred",source_listed_candidate,SN-000054-base-dlc-quest-book-category-inventory.md,Source-listed quest-document acquisition candidate; final route selection pending.
BOOKLOC-001448,OBJ-001239,Orders (DG),quest_book,dawnguard,,Skyrim,,,,Carried by Visiting Advisor during A Jarl's Justice,"Ownership, theft, quest-item, and safe-storage handling not yet reviewed",A Jarl's Justice,unknown,unknown,unknown,"Travel, cold, carry weight, quest-state timing, and safe-storage implications deferred",source_listed_candidate,SN-000054-base-dlc-quest-book-category-inventory.md,Source-listed quest-document acquisition candidate; final route selection pending.
BOOKLOC-001449,OBJ-001240,Possible Rivals,quest_book,base_game,,Skyrim,,,,"The Ragged Flagon - Cistern, on an end table","Ownership, theft, quest-item, and safe-storage handling not yet reviewed",Summerset Shadows,unknown,unknown,unknown,"Travel, cold, carry weight, quest-state timing, and safe-storage implications deferred",source_listed_candidate,SN-000054-base-dlc-quest-book-category-inventory.md,Source-listed quest-document acquisition candidate; final route selection pending.
BOOKLOC-001450,OBJ-001241,Power of the Elements,quest_book,base_game,,Skyrim,,,,UESP member page lists this as a quest-related book/document but does not list a fixed acquisition location; exact acquisition context deferred.,"Ownership, theft, quest-item, and safe-storage handling not yet reviewed",Destruction Ritual Spell,unknown,unknown,unknown,"Travel, cold, carry weight, quest-state timing, and safe-storage implications deferred",provisional_objective_representative,SN-000054-base-dlc-quest-book-category-inventory.md,No fixed location field on source page; reconcile during quest-specific validation.
BOOKLOC-001451,OBJ-001242,Private Letter,quest_book,base_game,,Skyrim,,,,Lod's House,"Ownership, theft, quest-item, and safe-storage handling not yet reviewed",Some Light Theft,unknown,unknown,unknown,"Travel, cold, carry weight, quest-state timing, and safe-storage implications deferred",source_listed_candidate,SN-000054-base-dlc-quest-book-category-inventory.md,Source-listed quest-document acquisition candidate; final route selection pending.
BOOKLOC-001452,OBJ-001243,Promissory Note,quest_book,base_game,,Skyrim,,,,In Sabjorn's dresser within Honningbrew Meadery,"Ownership, theft, quest-item, and safe-storage handling not yet reviewed",Dampened Spirits,unknown,unknown,unknown,"Travel, cold, carry weight, quest-state timing, and safe-storage implications deferred",source_listed_candidate,SN-000054-base-dlc-quest-book-category-inventory.md,Source-listed quest-document acquisition candidate; final route selection pending.
BOOKLOC-001453,OBJ-001244,Purchase Agreement (Bolli),quest_book,base_game,,Skyrim,,,,Given to you by Bolli,"Ownership, theft, quest-item, and safe-storage handling not yet reviewed",Special Delivery (Bolli),unknown,unknown,unknown,"Travel, cold, carry weight, quest-state timing, and safe-storage implications deferred",source_listed_candidate,SN-000054-base-dlc-quest-book-category-inventory.md,Source-listed quest-document acquisition candidate; final route selection pending.
BOOKLOC-001454,OBJ-001245,Purchase Agreement (Sarthis Idren),quest_book,base_game,,Skyrim,,,,Carried by Wujeeta,"Ownership, theft, quest-item, and safe-storage handling not yet reviewed",The Raid,unknown,unknown,unknown,"Travel, cold, carry weight, quest-state timing, and safe-storage implications deferred",source_listed_candidate,SN-000054-base-dlc-quest-book-category-inventory.md,Source-listed quest-document acquisition candidate; final route selection pending.
BOOKLOC-001455,OBJ-001246,Ra'jirr's Note,quest_book,base_game,,Skyrim,,,,On a table in Frostmere Crypt,"Ownership, theft, quest-item, and safe-storage handling not yet reviewed",The Pale Lady,unknown,unknown,unknown,"Travel, cold, carry weight, quest-state timing, and safe-storage implications deferred",source_listed_candidate,SN-000054-base-dlc-quest-book-category-inventory.md,Source-listed quest-document acquisition candidate; final route selection pending.
BOOKLOC-001456,OBJ-001247,Rahgot's Reply,quest_book,base_game,,Skyrim,,,,"Forelhost Refectory, on a throne","Ownership, theft, quest-item, and safe-storage handling not yet reviewed",Siege on the Dragon Cult,unknown,unknown,unknown,"Travel, cold, carry weight, quest-state timing, and safe-storage implications deferred",source_listed_candidate,SN-000054-base-dlc-quest-book-category-inventory.md,Source-listed quest-document acquisition candidate; final route selection pending.
BOOKLOC-001457,OBJ-001248,Ramati's Journal,quest_book,base_game,,Skyrim,,,,Frostflow Lighthouse,"Ownership, theft, quest-item, and safe-storage handling not yet reviewed",Frostflow Abyss Investigation,unknown,unknown,unknown,"Travel, cold, carry weight, quest-state timing, and safe-storage implications deferred",source_listed_candidate,SN-000054-base-dlc-quest-book-category-inventory.md,Source-listed quest-document acquisition candidate; final route selection pending.
BOOKLOC-001458,OBJ-001249,Red Eagle's Rite,quest_book,base_game,,Skyrim,,,,Sundered Towers,"Ownership, theft, quest-item, and safe-storage handling not yet reviewed",Rebel's Cairn (quest),unknown,unknown,unknown,"Travel, cold, carry weight, quest-state timing, and safe-storage implications deferred",source_listed_candidate,SN-000054-base-dlc-quest-book-category-inventory.md,Source-listed quest-document acquisition candidate; final route selection pending.
BOOKLOC-001459,OBJ-001250,Remanada,quest_book,hearthfire,,Skyrim,,,,"High Hrothgar, in the living area","Ownership, theft, quest-item, and safe-storage handling not yet reviewed",Fetch me that Book!,unknown,unknown,unknown,"Travel, cold, carry weight, quest-state timing, and safe-storage implications deferred",source_listed_candidate,SN-000054-base-dlc-quest-book-category-inventory.md,Source-listed quest-document acquisition candidate; final route selection pending.
BOOKLOC-001460,OBJ-001250,Remanada,quest_book,hearthfire,,Skyrim,,,,"Riften Fishery, underwater","Ownership, theft, quest-item, and safe-storage handling not yet reviewed",Fetch me that Book!,unknown,unknown,unknown,"Travel, cold, carry weight, quest-state timing, and safe-storage implications deferred",source_listed_candidate,SN-000054-base-dlc-quest-book-category-inventory.md,Source-listed quest-document acquisition candidate; final route selection pending.
BOOKLOC-001461,OBJ-001250,Remanada,quest_book,hearthfire,,Skyrim,,,,"Sky Haven Temple, on a bookshelf to the right of Alduin's Wall","Ownership, theft, quest-item, and safe-storage handling not yet reviewed",Fetch me that Book!,unknown,unknown,unknown,"Travel, cold, carry weight, quest-state timing, and safe-storage implications deferred",source_listed_candidate,SN-000054-base-dlc-quest-book-category-inventory.md,Source-listed quest-document acquisition candidate; final route selection pending.
BOOKLOC-001462,OBJ-001250,Remanada,quest_book,hearthfire,,Skyrim,,,,Sitting on a cupboard in the southwest corner of the optional trophy room{{HF}} in any of the three player-built houses,"Ownership, theft, quest-item, and safe-storage handling not yet reviewed",Fetch me that Book!,unknown,unknown,unknown,"Travel, cold, carry weight, quest-state timing, and safe-storage implications deferred",source_listed_candidate,SN-000054-base-dlc-quest-book-category-inventory.md,Source-listed quest-document acquisition candidate; final route selection pending.
BOOKLOC-001463,OBJ-001251,Repair Supplies,quest_book,base_game,,Skyrim,,,,The Temple of Dibella in Markarth,"Ownership, theft, quest-item, and safe-storage handling not yet reviewed",A Night To Remember,unknown,unknown,unknown,"Travel, cold, carry weight, quest-state timing, and safe-storage implications deferred",source_listed_candidate,SN-000054-base-dlc-quest-book-category-inventory.md,Source-listed quest-document acquisition candidate; final route selection pending.
BOOKLOC-001464,OBJ-001252,Request for Help!,quest_book,base_game,,Skyrim,,,,Aerin's House in Riften,"Ownership, theft, quest-item, and safe-storage handling not yet reviewed",Waking Nightmare,unknown,unknown,unknown,"Travel, cold, carry weight, quest-state timing, and safe-storage implications deferred",source_listed_candidate,SN-000054-base-dlc-quest-book-category-inventory.md,Source-listed quest-document acquisition candidate; final route selection pending.
BOOKLOC-001465,OBJ-001253,Request from,quest_book,base_game,,Skyrim,,,,Delivered to you by courier,"Ownership, theft, quest-item, and safe-storage handling not yet reviewed",Scare my Enemy,unknown,unknown,unknown,"Travel, cold, carry weight, quest-state timing, and safe-storage implications deferred",source_listed_candidate,SN-000054-base-dlc-quest-book-category-inventory.md,Source-listed quest-document acquisition candidate; final route selection pending.
BOOKLOC-001466,OBJ-001254,Research Log,quest_book,base_game,,Skyrim,,,,On the corpse of Gavros Plinius,"Ownership, theft, quest-item, and safe-storage handling not yet reviewed",Revealing the Unseen,unknown,unknown,unknown,"Travel, cold, carry weight, quest-state timing, and safe-storage implications deferred",source_listed_candidate,SN-000054-base-dlc-quest-book-category-inventory.md,Source-listed quest-document acquisition candidate; final route selection pending.
BOOKLOC-001467,OBJ-001255,Rogatus's Letter (item),quest_book,base_game,,Skyrim,,,,Given by Rogatus Salvius,"Ownership, theft, quest-item, and safe-storage handling not yet reviewed",Rogatus's Letter,unknown,unknown,unknown,"Travel, cold, carry weight, quest-state timing, and safe-storage implications deferred",source_listed_candidate,SN-000054-base-dlc-quest-book-category-inventory.md,Source-listed quest-document acquisition candidate; final route selection pending.
BOOKLOC-001468,OBJ-001256,Runil's Journal,quest_book,base_game,,Skyrim,,,,Radiantly Assigned to either:,"Ownership, theft, quest-item, and safe-storage handling not yet reviewed",Dungeon Delving (Caves),unknown,unknown,unknown,"Travel, cold, carry weight, quest-state timing, and safe-storage implications deferred",source_listed_candidate,SN-000054-base-dlc-quest-book-category-inventory.md,Source-listed quest-document acquisition candidate; final route selection pending.
BOOKLOC-001469,OBJ-001256,Runil's Journal,quest_book,base_game,,Skyrim,,,,Bloated Man's Grotto,"Ownership, theft, quest-item, and safe-storage handling not yet reviewed",Dungeon Delving (Caves),unknown,unknown,unknown,"Travel, cold, carry weight, quest-state timing, and safe-storage implications deferred",source_listed_candidate,SN-000054-base-dlc-quest-book-category-inventory.md,Source-listed quest-document acquisition candidate; final route selection pending.
BOOKLOC-001470,OBJ-001256,Runil's Journal,quest_book,base_game,,Skyrim,,,,Brittleshin Pass,"Ownership, theft, quest-item, and safe-storage handling not yet reviewed",Dungeon Delving (Caves),unknown,unknown,unknown,"Travel, cold, carry weight, quest-state timing, and safe-storage implications deferred",source_listed_candidate,SN-000054-base-dlc-quest-book-category-inventory.md,Source-listed quest-document acquisition candidate; final route selection pending.
BOOKLOC-001471,OBJ-001256,Runil's Journal,quest_book,base_game,,Skyrim,,,,Darkshade Copse,"Ownership, theft, quest-item, and safe-storage handling not yet reviewed",Dungeon Delving (Caves),unknown,unknown,unknown,"Travel, cold, carry weight, quest-state timing, and safe-storage implications deferred",source_listed_candidate,SN-000054-base-dlc-quest-book-category-inventory.md,Source-listed quest-document acquisition candidate; final route selection pending.
BOOKLOC-001472,OBJ-001256,Runil's Journal,quest_book,base_game,,Skyrim,,,,Embershard Mine,"Ownership, theft, quest-item, and safe-storage handling not yet reviewed",Dungeon Delving (Caves),unknown,unknown,unknown,"Travel, cold, carry weight, quest-state timing, and safe-storage implications deferred",source_listed_candidate,SN-000054-base-dlc-quest-book-category-inventory.md,Source-listed quest-document acquisition candidate; final route selection pending.
BOOKLOC-001473,OBJ-001256,Runil's Journal,quest_book,base_game,,Skyrim,,,,Greywater Gorge,"Ownership, theft, quest-item, and safe-storage handling not yet reviewed",Dungeon Delving (Caves),unknown,unknown,unknown,"Travel, cold, carry weight, quest-state timing, and safe-storage implications deferred",source_listed_candidate,SN-000054-base-dlc-quest-book-category-inventory.md,Source-listed quest-document acquisition candidate; final route selection pending.
BOOKLOC-001474,OBJ-001256,Runil's Journal,quest_book,base_game,,Skyrim,,,,Halldir's Cairn,"Ownership, theft, quest-item, and safe-storage handling not yet reviewed",Dungeon Delving (Caves),unknown,unknown,unknown,"Travel, cold, carry weight, quest-state timing, and safe-storage implications deferred",source_listed_candidate,SN-000054-base-dlc-quest-book-category-inventory.md,Source-listed quest-document acquisition candidate; final route selection pending.
BOOKLOC-001475,OBJ-001256,Runil's Journal,quest_book,base_game,,Skyrim,,,,Moss Mother Cavern,"Ownership, theft, quest-item, and safe-storage handling not yet reviewed",Dungeon Delving (Caves),unknown,unknown,unknown,"Travel, cold, carry weight, quest-state timing, and safe-storage implications deferred",source_listed_candidate,SN-000054-base-dlc-quest-book-category-inventory.md,Source-listed quest-document acquisition candidate; final route selection pending.
BOOKLOC-001476,OBJ-001256,Runil's Journal,quest_book,base_game,,Skyrim,,,,Southfringe Sanctum,"Ownership, theft, quest-item, and safe-storage handling not yet reviewed",Dungeon Delving (Caves),unknown,unknown,unknown,"Travel, cold, carry weight, quest-state timing, and safe-storage implications deferred",source_listed_candidate,SN-000054-base-dlc-quest-book-category-inventory.md,Source-listed quest-document acquisition candidate; final route selection pending.
BOOKLOC-001477,OBJ-001256,Runil's Journal,quest_book,base_game,,Skyrim,,,,Sunderstone Gorge,"Ownership, theft, quest-item, and safe-storage handling not yet reviewed",Dungeon Delving (Caves),unknown,unknown,unknown,"Travel, cold, carry weight, quest-state timing, and safe-storage implications deferred",source_listed_candidate,SN-000054-base-dlc-quest-book-category-inventory.md,Source-listed quest-document acquisition candidate; final route selection pending.
BOOKLOC-001478,OBJ-001257,Saint Jiub's Opus,quest_book,dawnguard,,Skyrim,,,,UESP member page lists this as a quest-related book/document but does not list a fixed acquisition location; exact acquisition context deferred.,"Ownership, theft, quest-item, and safe-storage handling not yet reviewed",Impatience of a Saint,unknown,unknown,unknown,"Travel, cold, carry weight, quest-state timing, and safe-storage implications deferred",provisional_objective_representative,SN-000054-base-dlc-quest-book-category-inventory.md,No fixed location field on source page; reconcile during quest-specific validation.
BOOKLOC-001479,OBJ-001258,A Scrawled Note,quest_book,base_game,,Skyrim,,,Postquest random necromancer encounter,Carried by one of the necromancers that may attack after The Black Star,No crime issue expected if attackers are hostile,The Black Star complete; no deterministic trigger selected,not_applicable,possible,unknown,Random encounter timing remains unresolved by route policy,source_listed_candidate,SN-000054-base-dlc-quest-book-category-inventory.md | SN-000212-black-star-ilinalta-route.md,TB-044 source-checks the note but keeps it unresolved because the encounter is not safely deterministic.
BOOKLOC-001480,OBJ-001259,Scrawled page,quest_book,base_game,,Skyrim,,,,Frostflow Abyss,"Ownership, theft, quest-item, and safe-storage handling not yet reviewed",Frostflow Abyss Investigation,unknown,unknown,unknown,"Travel, cold, carry weight, quest-state timing, and safe-storage implications deferred",source_listed_candidate,SN-000054-base-dlc-quest-book-category-inventory.md,Source-listed quest-document acquisition candidate; final route selection pending.
BOOKLOC-001481,OBJ-001260,Second Letter from Linwe,quest_book,base_game,,Skyrim,,,,Niranye's house (Windhelm),"Ownership, theft, quest-item, and safe-storage handling not yet reviewed",Summerset Shadows,unknown,unknown,unknown,"Travel, cold, carry weight, quest-state timing, and safe-storage implications deferred",source_listed_candidate,SN-000054-base-dlc-quest-book-category-inventory.md,Source-listed quest-document acquisition candidate; final route selection pending.
BOOKLOC-001482,OBJ-001261,Shalidor's Insights (book),quest_book,base_game,,Skyrim,,,,Assigned Shalidor's Insights boss chest selected by Urag's active quest marker.,Quest object retrieved from the active boss chest; no independent theft or fixed-copy route.,Shalidor's Insights active assignment from Urag.,possible,possible,possible,Late isolated Shalidor's Insights dungeon.,route_selected_later,SN-000054-base-dlc-quest-book-category-inventory.md | SN-000250-college-urag-repeatable-closeout.md,"TB-044 routes this as the active Shalidor's Insights quest object from the assigned boss chest, not as a fixed-world collectible."
BOOKLOC-001483,OBJ-001262,Shavari's Note,quest_book,base_game,,Skyrim,,,,Carried by Shavari,"Ownership, theft, quest-item, and safe-storage handling not yet reviewed",A Cornered Rat,unknown,unknown,unknown,"Travel, cold, carry weight, quest-state timing, and safe-storage implications deferred",source_listed_candidate,SN-000054-base-dlc-quest-book-category-inventory.md,Source-listed quest-document acquisition candidate; final route selection pending.
BOOKLOC-001484,OBJ-001263,Shipment's Ready,quest_book,base_game,,Skyrim,,,,"Riften Warehouse, downstairs in a locked room","Ownership, theft, quest-item, and safe-storage handling not yet reviewed",The Raid,unknown,unknown,unknown,"Travel, cold, carry weight, quest-state timing, and safe-storage implications deferred",source_listed_candidate,SN-000054-base-dlc-quest-book-category-inventory.md,Source-listed quest-document acquisition candidate; final route selection pending.
BOOKLOC-001485,OBJ-001264,Sinderion's Field Journal,quest_book,base_game,,Skyrim,,,,"Sinderion's Field Laboratory, on the remains of Sinderion","Ownership, theft, quest-item, and safe-storage handling not yet reviewed",A Return To Your Roots,unknown,unknown,unknown,"Travel, cold, carry weight, quest-state timing, and safe-storage implications deferred",source_listed_candidate,SN-000054-base-dlc-quest-book-category-inventory.md,Source-listed quest-document acquisition candidate; final route selection pending.
BOOKLOC-001486,OBJ-001265,Skorm Snow-Strider's Journal,quest_book,base_game,,Skyrim,,,,"Forelhost Stronghold, on a table","Ownership, theft, quest-item, and safe-storage handling not yet reviewed",Siege on the Dragon Cult,unknown,unknown,unknown,"Travel, cold, carry weight, quest-state timing, and safe-storage implications deferred",source_listed_candidate,SN-000054-base-dlc-quest-book-category-inventory.md,Source-listed quest-document acquisition candidate; final route selection pending.
BOOKLOC-001487,OBJ-001266,Sondas's Note,quest_book,base_game,,Skyrim,,,,Given by Sondas Drenim at Darkwater Crossing,"Ownership, theft, quest-item, and safe-storage handling not yet reviewed",Deliver Sondas's Note to Quintus,unknown,unknown,unknown,"Travel, cold, carry weight, quest-state timing, and safe-storage implications deferred",source_listed_candidate,SN-000054-base-dlc-quest-book-category-inventory.md,Source-listed quest-document acquisition candidate; final route selection pending.
BOOKLOC-001488,OBJ-001267,"Souls, Black and White",quest_book,base_game,,Skyrim,,,,"Hall of Attainment, on a shelf in Enthir's room, upstairs","Ownership, theft, quest-item, and safe-storage handling not yet reviewed",Fetch me that Book!,unknown,unknown,unknown,"Travel, cold, carry weight, quest-state timing, and safe-storage implications deferred",source_listed_candidate,SN-000054-base-dlc-quest-book-category-inventory.md,Source-listed quest-document acquisition candidate; final route selection pending.
BOOKLOC-001489,OBJ-001267,"Souls, Black and White",quest_book,base_game,,Skyrim,,,,"Highpoint Tower{{DB}}, in a small crate near a wood chopping block","Ownership, theft, quest-item, and safe-storage handling not yet reviewed",Fetch me that Book!,unknown,unknown,unknown,"Travel, cold, carry weight, quest-state timing, and safe-storage implications deferred",source_listed_candidate,SN-000054-base-dlc-quest-book-category-inventory.md,Source-listed quest-document acquisition candidate; final route selection pending.
BOOKLOC-001490,OBJ-001267,"Souls, Black and White",quest_book,base_game,,Skyrim,,,,Carried by Ivara of OlenveldStaff of Hasedoki,"Ownership, theft, quest-item, and safe-storage handling not yet reviewed",Fetch me that Book!,unknown,unknown,unknown,"Travel, cold, carry weight, quest-state timing, and safe-storage implications deferred",source_listed_candidate,SN-000054-base-dlc-quest-book-category-inventory.md,Source-listed quest-document acquisition candidate; final route selection pending.
BOOKLOC-001491,OBJ-001268,Staubin's Diary,quest_book,base_game,,Skyrim,,,,"Nchuand-Zel Control, on Staubin's corpse","Ownership, theft, quest-item, and safe-storage handling not yet reviewed",The Lost Expedition,unknown,unknown,unknown,"Travel, cold, carry weight, quest-state timing, and safe-storage implications deferred",source_listed_candidate,SN-000054-base-dlc-quest-book-category-inventory.md,Source-listed quest-document acquisition candidate; final route selection pending.
BOOKLOC-001492,OBJ-001269,Stromm's Diary,quest_book,base_game,,Skyrim,,,,"Nchuand-Zel Quarters, on Stromm's corpse","Ownership, theft, quest-item, and safe-storage handling not yet reviewed",The Lost Expedition,unknown,unknown,unknown,"Travel, cold, carry weight, quest-state timing, and safe-storage implications deferred",source_listed_candidate,SN-000054-base-dlc-quest-book-category-inventory.md,Source-listed quest-document acquisition candidate; final route selection pending.
BOOKLOC-001493,OBJ-001270,Sudi's Journal,quest_book,base_game,,Skyrim,,,,Frostflow Lighthouse,"Ownership, theft, quest-item, and safe-storage handling not yet reviewed",Frostflow Abyss,unknown,unknown,unknown,"Travel, cold, carry weight, quest-state timing, and safe-storage implications deferred",source_listed_candidate,SN-000054-base-dlc-quest-book-category-inventory.md,Source-listed quest-document acquisition candidate; final route selection pending.
BOOKLOC-001494,OBJ-001271,Suvaris Atheron's Logbook,quest_book,base_game,,Skyrim,,Eastmarch,Windhelm,"Clan Shatter-Shield Office, northwestern alcove next to the business ledger","Quest evidence theft; TB-044 routes daytime unlocked-office pickup, read, and immediate turn-in to Orthus",Rise in the East after speaking to Orthus Endario,not_applicable,possible,none_known,Windhelm dock office stop during the routed quest bundle,route_selected_later,SN-000054-base-dlc-quest-book-category-inventory.md | SN-000215-rise-in-the-east-route.md,TB-044 selects the required quest logbook copy and closes the checklist book row before turn-in.
BOOKLOC-001495,OBJ-001272,Sven's Fake Letter from Faendal,quest_book,base_game,,Skyrim,,,,Carried by Camilla Valerius,"Ownership, theft, quest-item, and safe-storage handling not yet reviewed",A Lovely Letter,unknown,unknown,unknown,"Travel, cold, carry weight, quest-state timing, and safe-storage implications deferred",source_listed_candidate,SN-000054-base-dlc-quest-book-category-inventory.md,Source-listed quest-document acquisition candidate; final route selection pending.
BOOKLOC-001496,OBJ-001273,Thalmor Dossier: Delphine,quest_book,base_game,,Skyrim,,,,"Thalmor Embassy, Elenwen's Solar","Ownership, theft, quest-item, and safe-storage handling not yet reviewed",Diplomatic Immunity,unknown,unknown,unknown,"Travel, cold, carry weight, quest-state timing, and safe-storage implications deferred",source_listed_candidate,SN-000054-base-dlc-quest-book-category-inventory.md,Source-listed quest-document acquisition candidate; final route selection pending.
BOOKLOC-001497,OBJ-001274,Thalmor Dossier: Esbern,quest_book,base_game,,Skyrim,,,,"Thalmor Embassy, Dungeon","Ownership, theft, quest-item, and safe-storage handling not yet reviewed",Diplomatic Immunity,unknown,unknown,unknown,"Travel, cold, carry weight, quest-state timing, and safe-storage implications deferred",source_listed_candidate,SN-000054-base-dlc-quest-book-category-inventory.md,Source-listed quest-document acquisition candidate; final route selection pending.
BOOKLOC-001498,OBJ-001275,Thalmor Dossier: Ulfric Stormcloak,quest_book,base_game,,Skyrim,,,,"Thalmor Embassy, Elenwen's Solar","Ownership, theft, quest-item, and safe-storage handling not yet reviewed",Diplomatic Immunity,unknown,unknown,unknown,"Travel, cold, carry weight, quest-state timing, and safe-storage implications deferred",source_listed_candidate,SN-000054-base-dlc-quest-book-category-inventory.md,Source-listed quest-document acquisition candidate; final route selection pending.
BOOKLOC-001499,OBJ-001276,Thief's Last Words,quest_book,base_game,,Skyrim,,,,On a dead thief in Irkngthand Slave Pens,"Ownership, theft, quest-item, and safe-storage handling not yet reviewed",Blindsighted,unknown,unknown,unknown,"Travel, cold, carry weight, quest-state timing, and safe-storage implications deferred",source_listed_candidate,SN-000054-base-dlc-quest-book-category-inventory.md,Source-listed quest-document acquisition candidate; final route selection pending.
BOOKLOC-001500,OBJ-001277,Thonar's Journal,quest_book,base_game,,Skyrim,,,,Carried by Thonar Silver-Blood,"Ownership, theft, quest-item, and safe-storage handling not yet reviewed",The Forsworn Conspiracy,unknown,unknown,unknown,"Travel, cold, carry weight, quest-state timing, and safe-storage implications deferred",source_listed_candidate,SN-000054-base-dlc-quest-book-category-inventory.md,Source-listed quest-document acquisition candidate; final route selection pending.
BOOKLOC-001501,OBJ-001278,To The Owner,quest_book,base_game,,Skyrim,,,,Riftweald Manor,"Ownership, theft, quest-item, and safe-storage handling not yet reviewed",The Pursuit,unknown,unknown,unknown,"Travel, cold, carry weight, quest-state timing, and safe-storage implications deferred",source_listed_candidate,SN-000054-base-dlc-quest-book-category-inventory.md,Source-listed quest-document acquisition candidate; final route selection pending.
BOOKLOC-001502,OBJ-001279,Uncommon Taste - Signed,quest_book,base_game,,Skyrim,,,,Given to you by Festus Krex during the related quest,"Ownership, theft, quest-item, and safe-storage handling not yet reviewed",Recipe for Disaster,unknown,unknown,unknown,"Travel, cold, carry weight, quest-state timing, and safe-storage implications deferred",source_listed_candidate,SN-000054-base-dlc-quest-book-category-inventory.md,Source-listed quest-document acquisition candidate; final route selection pending.
BOOKLOC-001503,OBJ-001280,Urag's Note,quest_book,base_game,,Skyrim,,,,No fixed pickup required; source behavior can omit the note while the journal still updates.,No independent note acquisition route; journal marker is sufficient.,Fetch me that Book! accepted from Urag; no note preservation requirement.,not_applicable,not_applicable,possible,No independent travel or storage action.,excluded_duplicate,SN-000054-base-dlc-quest-book-category-inventory.md | SN-000250-college-urag-repeatable-closeout.md,TB-044 accounts for Urag's Note as not required because the note may not be given while the quest proceeds normally.
BOOKLOC-001504,OBJ-001281,Vald's Debt (note),quest_book,base_game,,Skyrim,,,,UESP member page lists this as a quest-related book/document but does not list a fixed acquisition location; exact acquisition context deferred.,"Ownership, theft, quest-item, and safe-storage handling not yet reviewed",Vald's Debt,unknown,unknown,unknown,"Travel, cold, carry weight, quest-state timing, and safe-storage implications deferred",provisional_objective_representative,SN-000054-base-dlc-quest-book-category-inventory.md,No fixed location field on source page; reconcile during quest-specific validation.
BOOKLOC-001505,OBJ-001282,Valerica's Journal,quest_book,dawnguard,,Skyrim,,,,Valerica's Study,"Ownership, theft, quest-item, and safe-storage handling not yet reviewed",Chasing Echoes,unknown,unknown,unknown,"Travel, cold, carry weight, quest-state timing, and safe-storage implications deferred",source_listed_candidate,SN-000054-base-dlc-quest-book-category-inventory.md,Source-listed quest-document acquisition candidate; final route selection pending.
BOOKLOC-001506,OBJ-001283,Valmir's Orders,quest_book,base_game,,Skyrim,,,,Carried by Captain Valmir,"Ownership, theft, quest-item, and safe-storage handling not yet reviewed",Siege on the Dragon Cult,unknown,unknown,unknown,"Travel, cold, carry weight, quest-state timing, and safe-storage implications deferred",source_listed_candidate,SN-000054-base-dlc-quest-book-category-inventory.md,Source-listed quest-document acquisition candidate; final route selection pending.
BOOKLOC-001507,OBJ-001284,Vampire's Note,quest_book,dawnguard,,Skyrim,,,,On a dead vampire,"Ownership, theft, quest-item, and safe-storage handling not yet reviewed","Prophet (Dawnguard),; Prophet (Vampire)",unknown,unknown,unknown,"Travel, cold, carry weight, quest-state timing, and safe-storage implications deferred",source_listed_candidate,SN-000054-base-dlc-quest-book-category-inventory.md,Source-listed quest-document acquisition candidate; final route selection pending.
BOOKLOC-001508,OBJ-001285,Venarus Vulpin's Journal,quest_book,dawnguard,,Skyrim,,,,"Near the end of Redwater Den, on an altar","Ownership, theft, quest-item, and safe-storage handling not yet reviewed",The Bloodstone Chalice,unknown,unknown,unknown,"Travel, cold, carry weight, quest-state timing, and safe-storage implications deferred",source_listed_candidate,SN-000054-base-dlc-quest-book-category-inventory.md,Source-listed quest-document acquisition candidate; final route selection pending.
BOOKLOC-001509,OBJ-001286,Venarus Vulpin's Research,quest_book,dawnguard,,Skyrim,,,,"Redwater Den, at the beginning of Redwater Spring zone","Ownership, theft, quest-item, and safe-storage handling not yet reviewed",The Bloodstone Chalice,unknown,unknown,unknown,"Travel, cold, carry weight, quest-state timing, and safe-storage implications deferred",source_listed_candidate,SN-000054-base-dlc-quest-book-category-inventory.md,Source-listed quest-document acquisition candidate; final route selection pending.
BOOKLOC-001510,OBJ-001287,War of the First Council,quest_book,base_game,,Skyrim,,,,"Dwemer Museum, in an adept-locked display case",No independent theft or fixed-copy route; active quest boss-chest assignment governs if selected.,Fetch me that Book! active assignment from Urag; unassigned title not required.,possible,possible,possible,Late isolated Urag dungeon only if the active assignment selects this title.,route_selected_later,SN-000054-base-dlc-quest-book-category-inventory.md | SN-000250-college-urag-repeatable-closeout.md,"TB-044 conditional Urag random-target coverage: if assigned, retrieve from the active boss chest; unassigned random-list titles are not fixed pickups."
BOOKLOC-001511,OBJ-001288,The Warmth of Mara,quest_book,base_game,,Skyrim,,,,Given to you by Dinya Balu during the related quest,"Ownership, theft, quest-item, and safe-storage handling not yet reviewed",Spread the Love,unknown,unknown,unknown,"Travel, cold, carry weight, quest-state timing, and safe-storage implications deferred",source_listed_candidate,SN-000054-base-dlc-quest-book-category-inventory.md,Source-listed quest-document acquisition candidate; final route selection pending.
BOOKLOC-001512,OBJ-001289,The Waters of Oblivion,quest_book,base_game,,Skyrim,,,,UESP member page lists this as a quest-related book/document but does not list a fixed acquisition location; exact acquisition context deferred.,No independent theft or fixed-copy route; active quest boss-chest assignment governs if selected.,Fetch me that Book! active assignment from Urag; unassigned title not required.,possible,possible,possible,Late isolated Urag dungeon only if the active assignment selects this title.,route_selected_later,SN-000054-base-dlc-quest-book-category-inventory.md | SN-000250-college-urag-repeatable-closeout.md,"TB-044 conditional Urag random-target coverage: if assigned, retrieve from the active boss chest; unassigned random-list titles are not fixed pickups."
BOOKLOC-001513,OBJ-001290,Weylin's Note,quest_book,base_game,,Skyrim,,,,"The Warrens, chest in Weylin's room","Ownership, theft, quest-item, and safe-storage handling not yet reviewed",The Forsworn Conspiracy,unknown,unknown,unknown,"Travel, cold, carry weight, quest-state timing, and safe-storage implications deferred",source_listed_candidate,SN-000054-base-dlc-quest-book-category-inventory.md,Source-listed quest-document acquisition candidate; final route selection pending.
BOOKLOC-001514,OBJ-001291,WIKill04RewardLetter,quest_book,base_game,,Skyrim,,,,UESP member page lists this as a quest-related book/document but does not list a fixed acquisition location; exact acquisition context deferred.,"Ownership, theft, quest-item, and safe-storage handling not yet reviewed",An enemy's gratitude,unknown,unknown,unknown,"Travel, cold, carry weight, quest-state timing, and safe-storage implications deferred",provisional_objective_representative,SN-000054-base-dlc-quest-book-category-inventory.md,No fixed location field on source page; reconcile during quest-specific validation.
BOOKLOC-001515,OBJ-001292,WIKill04ThanksLetter,quest_book,base_game,,Skyrim,,,,UESP member page lists this as a quest-related book/document but does not list a fixed acquisition location; exact acquisition context deferred.,"Ownership, theft, quest-item, and safe-storage handling not yet reviewed",An enemy's gratitude,unknown,unknown,unknown,"Travel, cold, carry weight, quest-state timing, and safe-storage implications deferred",provisional_objective_representative,SN-000054-base-dlc-quest-book-category-inventory.md,No fixed location field on source page; reconcile during quest-specific validation.
BOOKLOC-001516,OBJ-001293,The Wild Elves,quest_book,base_game,,Skyrim,,,,"Bards College, on a bookshelf in the library","Ownership, theft, quest-item, and safe-storage handling not yet reviewed",Fetch me that Book!,unknown,unknown,unknown,"Travel, cold, carry weight, quest-state timing, and safe-storage implications deferred",source_listed_candidate,SN-000054-base-dlc-quest-book-category-inventory.md,Source-listed quest-document acquisition candidate; final route selection pending.
BOOKLOC-001517,OBJ-001293,The Wild Elves,quest_book,base_game,,Skyrim,,,,"Volkihar Keep{{DG}}, on a bookshelf in Harkon's quarters","Ownership, theft, quest-item, and safe-storage handling not yet reviewed",Fetch me that Book!,unknown,unknown,unknown,"Travel, cold, carry weight, quest-state timing, and safe-storage implications deferred",source_listed_candidate,SN-000054-base-dlc-quest-book-category-inventory.md,Source-listed quest-document acquisition candidate; final route selection pending.
BOOKLOC-001518,OBJ-001294,"The Wolf Queen, v6",quest_book,base_game,,Skyrim,,,,"Dragonsreach, on a bookshelf upstairs","Ownership, theft, quest-item, and safe-storage handling not yet reviewed",Fetch me that Book!,unknown,unknown,unknown,"Travel, cold, carry weight, quest-state timing, and safe-storage implications deferred",source_listed_candidate,SN-000054-base-dlc-quest-book-category-inventory.md,Source-listed quest-document acquisition candidate; final route selection pending.
BOOKLOC-001519,OBJ-001294,"The Wolf Queen, v6",quest_book,base_game,,Skyrim,,,,"The Ratway Warrens, in Esbern's room on the shelf by his desk","Ownership, theft, quest-item, and safe-storage handling not yet reviewed",Fetch me that Book!,unknown,unknown,unknown,"Travel, cold, carry weight, quest-state timing, and safe-storage implications deferred",source_listed_candidate,SN-000054-base-dlc-quest-book-category-inventory.md,Source-listed quest-document acquisition candidate; final route selection pending.
BOOKLOC-001520,OBJ-001295,Writ of Sealing (Jyrik),quest_book,base_game,,Skyrim,,,,Saarthal,"Ownership, theft, quest-item, and safe-storage handling not yet reviewed",Forbidden Legend,unknown,unknown,unknown,"Travel, cold, carry weight, quest-state timing, and safe-storage implications deferred",source_listed_candidate,SN-000054-base-dlc-quest-book-category-inventory.md,Source-listed quest-document acquisition candidate; final route selection pending.
BOOKLOC-001521,OBJ-001296,Writ of Sealing (Mikrul),quest_book,base_game,,Skyrim,,,,Folgunthur,"Ownership, theft, quest-item, and safe-storage handling not yet reviewed",Forbidden Legend,unknown,unknown,unknown,"Travel, cold, carry weight, quest-state timing, and safe-storage implications deferred",source_listed_candidate,SN-000054-base-dlc-quest-book-category-inventory.md,Source-listed quest-document acquisition candidate; final route selection pending.
BOOKLOC-001522,OBJ-001297,Writ of Sealing (Sigdis),quest_book,base_game,,Skyrim,,,,Geirmund's Hall,"Ownership, theft, quest-item, and safe-storage handling not yet reviewed",Forbidden Legend,unknown,unknown,unknown,"Travel, cold, carry weight, quest-state timing, and safe-storage implications deferred",source_listed_candidate,SN-000054-base-dlc-quest-book-category-inventory.md,Source-listed quest-document acquisition candidate; final route selection pending.
BOOKLOC-001523,OBJ-001298,Wyndelius's Journal,quest_book,base_game,,Skyrim,,,,Carried by Wyndelius Gatharian,"Ownership, theft, quest-item, and safe-storage handling not yet reviewed",Lifting the Shroud,unknown,unknown,unknown,"Travel, cold, carry weight, quest-state timing, and safe-storage implications deferred",source_listed_candidate,SN-000054-base-dlc-quest-book-category-inventory.md,Source-listed quest-document acquisition candidate; final route selection pending.
BOOKLOC-001524,OBJ-001299,Ysolda's Message,quest_book,base_game,,Skyrim,,,,Sleeping Tree Cave on Ulag's corpse,"Ownership, theft, quest-item, and safe-storage handling not yet reviewed",Sleeping Tree Cave (quest),unknown,unknown,unknown,"Travel, cold, carry weight, quest-state timing, and safe-storage implications deferred",source_listed_candidate,SN-000054-base-dlc-quest-book-category-inventory.md,Source-listed quest-document acquisition candidate; final route selection pending.
BOOKLOC-001525,OBJ-001300,Ahzidal's Descent,quest_book,dragonborn,,Solstheim,Solstheim,,,"Ashfallow Citadel, on a cupboard shelf near some barrels","Ownership, theft, quest-item, and safe-storage handling not yet reviewed",Unearthed,unknown,unknown,unknown,"Travel, cold, carry weight, quest-state timing, and safe-storage implications deferred",source_listed_candidate,SN-000054-base-dlc-quest-book-category-inventory.md,Source-listed quest-document acquisition candidate; final route selection pending.
BOOKLOC-001526,OBJ-001300,Ahzidal's Descent,quest_book,dragonborn,,Solstheim,Solstheim,,,"Bristleback Cave, in a small crate near an open clutter-filled chest","Ownership, theft, quest-item, and safe-storage handling not yet reviewed",Unearthed,unknown,unknown,unknown,"Travel, cold, carry weight, quest-state timing, and safe-storage implications deferred",source_listed_candidate,SN-000054-base-dlc-quest-book-category-inventory.md,Source-listed quest-document acquisition candidate; final route selection pending.
BOOKLOC-001527,OBJ-001300,Ahzidal's Descent,quest_book,dragonborn,,Solstheim,Solstheim,,,"Damphall Mine, on a table with a Dibella statue and some gold ingots","Ownership, theft, quest-item, and safe-storage handling not yet reviewed",Unearthed,unknown,unknown,unknown,"Travel, cold, carry weight, quest-state timing, and safe-storage implications deferred",source_listed_candidate,SN-000054-base-dlc-quest-book-category-inventory.md,Source-listed quest-document acquisition candidate; final route selection pending.
BOOKLOC-001528,OBJ-001300,Ahzidal's Descent,quest_book,dragonborn,,Solstheim,Solstheim,,,"Edla's House, upstairs on a shelf in the corner","Ownership, theft, quest-item, and safe-storage handling not yet reviewed",Unearthed,unknown,unknown,unknown,"Travel, cold, carry weight, quest-state timing, and safe-storage implications deferred",source_listed_candidate,SN-000054-base-dlc-quest-book-category-inventory.md,Source-listed quest-document acquisition candidate; final route selection pending.
BOOKLOC-001529,OBJ-001300,Ahzidal's Descent,quest_book,dragonborn,,Solstheim,Solstheim,,,"Glover Mallory's House, on a shelf near the bed","Ownership, theft, quest-item, and safe-storage handling not yet reviewed",Unearthed,unknown,unknown,unknown,"Travel, cold, carry weight, quest-state timing, and safe-storage implications deferred",source_listed_candidate,SN-000054-base-dlc-quest-book-category-inventory.md,Source-listed quest-document acquisition candidate; final route selection pending.
BOOKLOC-001530,OBJ-001300,Ahzidal's Descent,quest_book,dragonborn,,Solstheim,Solstheim,,,"Greathall, on a desk downstairs","Ownership, theft, quest-item, and safe-storage handling not yet reviewed",Unearthed,unknown,unknown,unknown,"Travel, cold, carry weight, quest-state timing, and safe-storage implications deferred",source_listed_candidate,SN-000054-base-dlc-quest-book-category-inventory.md,Source-listed quest-document acquisition candidate; final route selection pending.
BOOKLOC-001531,OBJ-001300,Ahzidal's Descent,quest_book,dragonborn,,Solstheim,Solstheim,,,"Highpoint Tower, on the bottom of a bookshelf in the room with the alchemy lab","Ownership, theft, quest-item, and safe-storage handling not yet reviewed",Unearthed,unknown,unknown,unknown,"Travel, cold, carry weight, quest-state timing, and safe-storage implications deferred",source_listed_candidate,SN-000054-base-dlc-quest-book-category-inventory.md,Source-listed quest-document acquisition candidate; final route selection pending.
BOOKLOC-001532,OBJ-001300,Ahzidal's Descent,quest_book,dragonborn,,Solstheim,Solstheim,,,"Kolbjorn Barrow, on Bradyn's corpse","Ownership, theft, quest-item, and safe-storage handling not yet reviewed",Unearthed,unknown,unknown,unknown,"Travel, cold, carry weight, quest-state timing, and safe-storage implications deferred",source_listed_candidate,SN-000054-base-dlc-quest-book-category-inventory.md,Source-listed quest-document acquisition candidate; final route selection pending.
BOOKLOC-001533,OBJ-001300,Ahzidal's Descent,quest_book,dragonborn,,Solstheim,Solstheim,,,"Tel Mithryn, on a table southeast of the levitation platform","Ownership, theft, quest-item, and safe-storage handling not yet reviewed",Unearthed,unknown,unknown,unknown,"Travel, cold, carry weight, quest-state timing, and safe-storage implications deferred",source_listed_candidate,SN-000054-base-dlc-quest-book-category-inventory.md,Source-listed quest-document acquisition candidate; final route selection pending.
BOOKLOC-001534,OBJ-001301,Bonemold Formula,quest_book,dragonborn,,Solstheim,Solstheim,,,"Castle Karstaag Caverns, on the corpse of Esmond Tyne","Ownership, theft, quest-item, and safe-storage handling not yet reviewed",Paid in Full,unknown,unknown,unknown,"Travel, cold, carry weight, quest-state timing, and safe-storage implications deferred",source_listed_candidate,SN-000054-base-dlc-quest-book-category-inventory.md,Source-listed quest-document acquisition candidate; final route selection pending.
BOOKLOC-001535,OBJ-001302,Cultists' Orders,quest_book,dragonborn,,Solstheim,Solstheim,,,Carried by cultists,"Ownership, theft, quest-item, and safe-storage handling not yet reviewed",Dragonborn (quest),unknown,unknown,unknown,"Travel, cold, carry weight, quest-state timing, and safe-storage implications deferred",source_listed_candidate,SN-000054-base-dlc-quest-book-category-inventory.md,Source-listed quest-document acquisition candidate; final route selection pending.
BOOKLOC-001536,OBJ-001303,Deathbrand (book),quest_book,dragonborn,,Solstheim,Solstheim,,,"Bloodskal Barrow, one on a dresser near a double bed, and another on a set of shelves near an unusable cooking spit","Ownership, theft, quest-item, and safe-storage handling not yet reviewed",Deathbrand (quest),unknown,unknown,unknown,"Travel, cold, carry weight, quest-state timing, and safe-storage implications deferred",source_listed_candidate,SN-000054-base-dlc-quest-book-category-inventory.md,Source-listed quest-document acquisition candidate; final route selection pending.
BOOKLOC-001537,OBJ-001303,Deathbrand (book),quest_book,dragonborn,,Solstheim,Solstheim,,,"Deor Woodcutter's House, on a set of shelves next to some barrels in the corner","Ownership, theft, quest-item, and safe-storage handling not yet reviewed",Deathbrand (quest),unknown,unknown,unknown,"Travel, cold, carry weight, quest-state timing, and safe-storage implications deferred",source_listed_candidate,SN-000054-base-dlc-quest-book-category-inventory.md,Source-listed quest-document acquisition candidate; final route selection pending.
BOOKLOC-001538,OBJ-001303,Deathbrand (book),quest_book,dragonborn,,Solstheim,Solstheim,,,"Fort Frostmoth, on a cupboard shelf near the boss chest","Ownership, theft, quest-item, and safe-storage handling not yet reviewed",Deathbrand (quest),unknown,unknown,unknown,"Travel, cold, carry weight, quest-state timing, and safe-storage implications deferred",source_listed_candidate,SN-000054-base-dlc-quest-book-category-inventory.md,Source-listed quest-document acquisition candidate; final route selection pending.
BOOKLOC-001539,OBJ-001303,Deathbrand (book),quest_book,dragonborn,,Solstheim,Solstheim,,,"Greathall, on a desk in the northeast corner","Ownership, theft, quest-item, and safe-storage handling not yet reviewed",Deathbrand (quest),unknown,unknown,unknown,"Travel, cold, carry weight, quest-state timing, and safe-storage implications deferred",source_listed_candidate,SN-000054-base-dlc-quest-book-category-inventory.md,Source-listed quest-document acquisition candidate; final route selection pending.
BOOKLOC-001540,OBJ-001303,Deathbrand (book),quest_book,dragonborn,,Solstheim,Solstheim,,,"Gyldenhul Barrow, on the body of a dead Adventurer in the first room","Ownership, theft, quest-item, and safe-storage handling not yet reviewed",Deathbrand (quest),unknown,unknown,unknown,"Travel, cold, carry weight, quest-state timing, and safe-storage implications deferred",source_listed_candidate,SN-000054-base-dlc-quest-book-category-inventory.md,Source-listed quest-document acquisition candidate; final route selection pending.
BOOKLOC-001541,OBJ-001303,Deathbrand (book),quest_book,dragonborn,,Solstheim,Solstheim,,,"Haknir's Shoal, on a pirate boss","Ownership, theft, quest-item, and safe-storage handling not yet reviewed",Deathbrand (quest),unknown,unknown,unknown,"Travel, cold, carry weight, quest-state timing, and safe-storage implications deferred",source_listed_candidate,SN-000054-base-dlc-quest-book-category-inventory.md,Source-listed quest-document acquisition candidate; final route selection pending.
BOOKLOC-001542,OBJ-001303,Deathbrand (book),quest_book,dragonborn,,Solstheim,Solstheim,,,"Morvayn Manor Chambers, on a set of shelves along the wall","Ownership, theft, quest-item, and safe-storage handling not yet reviewed",Deathbrand (quest),unknown,unknown,unknown,"Travel, cold, carry weight, quest-state timing, and safe-storage implications deferred",source_listed_candidate,SN-000054-base-dlc-quest-book-category-inventory.md,Source-listed quest-document acquisition candidate; final route selection pending.
BOOKLOC-001543,OBJ-001303,Deathbrand (book),quest_book,dragonborn,,Solstheim,Solstheim,,,"The Retching Netch, on a bookshelf in a room on the lower floor","Ownership, theft, quest-item, and safe-storage handling not yet reviewed",Deathbrand (quest),unknown,unknown,unknown,"Travel, cold, carry weight, quest-state timing, and safe-storage implications deferred",source_listed_candidate,SN-000054-base-dlc-quest-book-category-inventory.md,Source-listed quest-document acquisition candidate; final route selection pending.
BOOKLOC-001544,OBJ-001303,Deathbrand (book),quest_book,dragonborn,,Solstheim,Solstheim,,,"Tel Mithryn, one on a set of shelves near a table displaying a large map, and another on a separate table nearby","Ownership, theft, quest-item, and safe-storage handling not yet reviewed",Deathbrand (quest),unknown,unknown,unknown,"Travel, cold, carry weight, quest-state timing, and safe-storage implications deferred",source_listed_candidate,SN-000054-base-dlc-quest-book-category-inventory.md,Source-listed quest-document acquisition candidate; final route selection pending.
BOOKLOC-001545,OBJ-001303,Deathbrand (book),quest_book,dragonborn,,Solstheim,Solstheim,,,"Tel Mithryn Steward's House, on a small shelf next to the bed","Ownership, theft, quest-item, and safe-storage handling not yet reviewed",Deathbrand (quest),unknown,unknown,unknown,"Travel, cold, carry weight, quest-state timing, and safe-storage implications deferred",source_listed_candidate,SN-000054-base-dlc-quest-book-category-inventory.md,Source-listed quest-document acquisition candidate; final route selection pending.
BOOKLOC-001546,OBJ-001303,Deathbrand (book),quest_book,dragonborn,,Solstheim,Solstheim,,,"Temple, atop a small round table in Galdrus Hlervu's room","Ownership, theft, quest-item, and safe-storage handling not yet reviewed",Deathbrand (quest),unknown,unknown,unknown,"Travel, cold, carry weight, quest-state timing, and safe-storage implications deferred",source_listed_candidate,SN-000054-base-dlc-quest-book-category-inventory.md,Source-listed quest-document acquisition candidate; final route selection pending.
BOOKLOC-001547,OBJ-001304,Declaration of War,quest_book,dragonborn,,Solstheim,Solstheim,,,Found on an ash spawn during March of the Dead,"Ownership, theft, quest-item, and safe-storage handling not yet reviewed",March of the Dead,unknown,unknown,unknown,"Travel, cold, carry weight, quest-state timing, and safe-storage implications deferred",source_listed_candidate,SN-000054-base-dlc-quest-book-category-inventory.md,Source-listed quest-document acquisition candidate; final route selection pending.
BOOKLOC-001548,OBJ-001305,Glover's Letter,quest_book,dragonborn,,Solstheim,Solstheim,,,In the basement room of Glover Mallory's House,"Ownership, theft, quest-item, and safe-storage handling not yet reviewed",Paid in Full,unknown,unknown,unknown,"Travel, cold, carry weight, quest-state timing, and safe-storage implications deferred",source_listed_candidate,SN-000054-base-dlc-quest-book-category-inventory.md,Source-listed quest-document acquisition candidate; final route selection pending.
BOOKLOC-001549,OBJ-001306,Gratian's Journal,quest_book,dragonborn,,Solstheim,Solstheim,,,Found next to the skeleton of Gratian Caerellius in Raven Rock Mine,"Ownership, theft, quest-item, and safe-storage handling not yet reviewed",The Final Descent,unknown,unknown,unknown,"Travel, cold, carry weight, quest-state timing, and safe-storage implications deferred",source_listed_candidate,SN-000054-base-dlc-quest-book-category-inventory.md,Source-listed quest-document acquisition candidate; final route selection pending.
BOOKLOC-001550,OBJ-001307,Gratian's Letter,quest_book,dragonborn,,Solstheim,Solstheim,,,Given by Crescius Caerellius at the start of the quest,"Ownership, theft, quest-item, and safe-storage handling not yet reviewed",The Final Descent,unknown,unknown,unknown,"Travel, cold, carry weight, quest-state timing, and safe-storage implications deferred",source_listed_candidate,SN-000054-base-dlc-quest-book-category-inventory.md,Source-listed quest-document acquisition candidate; final route selection pending.
BOOKLOC-001551,OBJ-001308,Hand-written Note,quest_book,dragonborn,,Solstheim,Solstheim,,,On a Thalmor soldier outside of an abandoned lodge,"Ownership, theft, quest-item, and safe-storage handling not yet reviewed",A New Source of Stalhrim,unknown,unknown,unknown,"Travel, cold, carry weight, quest-state timing, and safe-storage implications deferred",source_listed_candidate,SN-000054-base-dlc-quest-book-category-inventory.md,Source-listed quest-document acquisition candidate; final route selection pending.
BOOKLOC-001552,OBJ-001309,"Ildari's Journal, vol. I",quest_book,dragonborn,,Solstheim,Solstheim,,,Highpoint Tower,"Ownership, theft, quest-item, and safe-storage handling not yet reviewed",Old Friends,unknown,unknown,unknown,"Travel, cold, carry weight, quest-state timing, and safe-storage implications deferred",source_listed_candidate,SN-000054-base-dlc-quest-book-category-inventory.md,Source-listed quest-document acquisition candidate; final route selection pending.
BOOKLOC-001553,OBJ-001310,"Ildari's Journal, vol. II",quest_book,dragonborn,,Solstheim,Solstheim,,,Highpoint Tower,"Ownership, theft, quest-item, and safe-storage handling not yet reviewed",Old Friends,unknown,unknown,unknown,"Travel, cold, carry weight, quest-state timing, and safe-storage implications deferred",source_listed_candidate,SN-000054-base-dlc-quest-book-category-inventory.md,Source-listed quest-document acquisition candidate; final route selection pending.
BOOKLOC-001554,OBJ-001311,"Ildari's Journal, vol. III",quest_book,dragonborn,,Solstheim,Solstheim,,,Highpoint Tower,"Ownership, theft, quest-item, and safe-storage handling not yet reviewed",Old Friends,unknown,unknown,unknown,"Travel, cold, carry weight, quest-state timing, and safe-storage implications deferred",source_listed_candidate,SN-000054-base-dlc-quest-book-category-inventory.md,Source-listed quest-document acquisition candidate; final route selection pending.
BOOKLOC-001555,OBJ-001312,The Journal of Ralis Sedarys - Volume 19,quest_book,dragonborn,,Solstheim,Solstheim,,,"Kolbjorn Barrow, on his hay pile at the beginning of the quest Unearthed","Ownership, theft, quest-item, and safe-storage handling not yet reviewed",Unearthed,unknown,unknown,unknown,"Travel, cold, carry weight, quest-state timing, and safe-storage implications deferred",source_listed_candidate,SN-000054-base-dlc-quest-book-category-inventory.md,Source-listed quest-document acquisition candidate; final route selection pending.
BOOKLOC-001556,OBJ-001313,The Journal of Ralis Sedarys - Volume 20,quest_book,dragonborn,,Solstheim,Solstheim,,,"Kolbjorn Barrow, on a bench outside the miner camp (only appears after a certain point in the Unearthed quest)","Ownership, theft, quest-item, and safe-storage handling not yet reviewed",Unearthed,unknown,unknown,unknown,"Travel, cold, carry weight, quest-state timing, and safe-storage implications deferred",source_listed_candidate,SN-000054-base-dlc-quest-book-category-inventory.md,Source-listed quest-document acquisition candidate; final route selection pending.
BOOKLOC-001557,OBJ-001314,The Journal of Ralis Sedarys - Volume 21,quest_book,dragonborn,,Solstheim,Solstheim,,,"Kolbjorn Barrow, on a bench outside the miner camp (only appears after a certain point in the Unearthed quest)","Ownership, theft, quest-item, and safe-storage handling not yet reviewed",Unearthed,unknown,unknown,unknown,"Travel, cold, carry weight, quest-state timing, and safe-storage implications deferred",source_listed_candidate,SN-000054-base-dlc-quest-book-category-inventory.md,Source-listed quest-document acquisition candidate; final route selection pending.
BOOKLOC-001558,OBJ-001315,The Journal of Ralis Sedarys - Volume 22,quest_book,dragonborn,,Solstheim,Solstheim,,,"Kolbjorn Barrow, on a table inside a tent at the miner camp (only appears after a certain point in the Unearthed quest)","Ownership, theft, quest-item, and safe-storage handling not yet reviewed",Unearthed,unknown,unknown,unknown,"Travel, cold, carry weight, quest-state timing, and safe-storage implications deferred",source_listed_candidate,SN-000054-base-dlc-quest-book-category-inventory.md,Source-listed quest-document acquisition candidate; final route selection pending.
BOOKLOC-001559,OBJ-001316,The Journal of Ralis Sedarys - Volume 23,quest_book,dragonborn,,Solstheim,Solstheim,,,Kolbjorn Barrow,"Ownership, theft, quest-item, and safe-storage handling not yet reviewed",Unearthed,unknown,unknown,unknown,"Travel, cold, carry weight, quest-state timing, and safe-storage implications deferred",source_listed_candidate,SN-000054-base-dlc-quest-book-category-inventory.md,Source-listed quest-document acquisition candidate; final route selection pending.
BOOKLOC-001560,OBJ-001317,Letter from Ralis Sedarys,quest_book,dragonborn,,Solstheim,Solstheim,,,Given by a Courier,"Ownership, theft, quest-item, and safe-storage handling not yet reviewed",Unearthed,unknown,unknown,unknown,"Travel, cold, carry weight, quest-state timing, and safe-storage implications deferred",source_listed_candidate,SN-000054-base-dlc-quest-book-category-inventory.md,Source-listed quest-document acquisition candidate; final route selection pending.
BOOKLOC-001561,OBJ-001318,Letter from Ralis Sedarys 2,quest_book,dragonborn,,Solstheim,Solstheim,,,Given by a Courier,"Ownership, theft, quest-item, and safe-storage handling not yet reviewed",Unearthed,unknown,unknown,unknown,"Travel, cold, carry weight, quest-state timing, and safe-storage implications deferred",source_listed_candidate,SN-000054-base-dlc-quest-book-category-inventory.md,Source-listed quest-document acquisition candidate; final route selection pending.
BOOKLOC-001562,OBJ-001319,Letter from Ralis Sedarys 3,quest_book,dragonborn,,Solstheim,Solstheim,,,Given by a Courier,"Ownership, theft, quest-item, and safe-storage handling not yet reviewed",Unearthed,unknown,unknown,unknown,"Travel, cold, carry weight, quest-state timing, and safe-storage implications deferred",source_listed_candidate,SN-000054-base-dlc-quest-book-category-inventory.md,Source-listed quest-document acquisition candidate; final route selection pending.
BOOKLOC-001563,OBJ-001320,Letter from Ralis Sedarys 4,quest_book,dragonborn,,Solstheim,Solstheim,,,Given by a Courier,"Ownership, theft, quest-item, and safe-storage handling not yet reviewed",Unearthed,unknown,unknown,unknown,"Travel, cold, carry weight, quest-state timing, and safe-storage implications deferred",source_listed_candidate,SN-000054-base-dlc-quest-book-category-inventory.md,Source-listed quest-document acquisition candidate; final route selection pending.
BOOKLOC-001564,OBJ-001321,Letter to Imperial City,quest_book,dragonborn,,Solstheim,Solstheim,,,Carried by General Falx Carius if certain conditions are met,"Ownership, theft, quest-item, and safe-storage handling not yet reviewed",March of the Dead,unknown,unknown,unknown,"Travel, cold, carry weight, quest-state timing, and safe-storage implications deferred",source_listed_candidate,SN-000054-base-dlc-quest-book-category-inventory.md,Source-listed quest-document acquisition candidate; final route selection pending.
BOOKLOC-001565,OBJ-001322,Lusty Argonian Maid Folio,quest_book,dragonborn,,Solstheim,Solstheim,,,"Wreck of the Strident Squall, in the boss chest on the lower deck of the ship","Ownership, theft, quest-item, and safe-storage handling not yet reviewed",First Edition,unknown,unknown,unknown,"Travel, cold, carry weight, quest-state timing, and safe-storage implications deferred",source_listed_candidate,SN-000054-base-dlc-quest-book-category-inventory.md,Source-listed quest-document acquisition candidate; final route selection pending.
BOOKLOC-001566,OBJ-001323,Mireli's Letter to Mother,quest_book,dragonborn,,Solstheim,Solstheim,,,On the corpse of Mireli in Kolbjorn Barrow,"Ownership, theft, quest-item, and safe-storage handling not yet reviewed",Unearthed,unknown,unknown,unknown,"Travel, cold, carry weight, quest-state timing, and safe-storage implications deferred",source_listed_candidate,SN-000054-base-dlc-quest-book-category-inventory.md,Source-listed quest-document acquisition candidate; final route selection pending.
BOOKLOC-001567,OBJ-001324,Mogrul's Orders,quest_book,dragonborn,,Solstheim,Raven Rock,,Raven Rock exterior debt-collector encounter,Carried by Mogrul's thugs after A New Debt nonpayment dialogue enables debt collectors,Hostile debt collectors; loot after combat and read before paying Mogrul,A New Debt active and unpaid after Mogrul confrontation,not_applicable,possible,possible,Raven Rock exterior hostile encounter during Solstheim route; local hard save before debt state,route_selected_later,SN-000054-base-dlc-quest-book-category-inventory.md | SN-000216-a-new-debt-route.md,TB-044 selects Mogrul's thugs as the routed source for Mogrul's Orders before paying the debt.
BOOKLOC-001568,OBJ-001325,Note from Mogrul,quest_book,dragonborn,,Solstheim,Solstheim,,No fixed source-listed location identified,UESP location field remains blank; exact carrier/container/pickup path not identified,Unknown until deterministic acquisition path is identified,A New Debt; exact note pickup state unresolved,unknown,unknown,unknown,"Travel, cold, carry weight, quest-state timing, and safe-storage implications deferred",provisional_objective_representative,SN-000054-base-dlc-quest-book-category-inventory.md | SN-000216-a-new-debt-route.md,TB-044 source check confirms this is not solved by the Mogrul's Orders thug route; keep as explicit route-resolution row.
BOOKLOC-001569,OBJ-001326,On Apocrypha: Boneless Limbs,quest_book,dragonborn,,Solstheim,Solstheim,,,"Apocrypha, Waking Dreams, Chapter II","Ownership, theft, quest-item, and safe-storage handling not yet reviewed",At the Summit of Apocrypha,unknown,unknown,unknown,"Travel, cold, carry weight, quest-state timing, and safe-storage implications deferred",source_listed_candidate,SN-000054-base-dlc-quest-book-category-inventory.md,Source-listed quest-document acquisition candidate; final route selection pending.
BOOKLOC-001570,OBJ-001327,On Apocrypha: Delving Pincers,quest_book,dragonborn,,Solstheim,Solstheim,,,"Apocrypha, Waking Dreams, Chapter III","Ownership, theft, quest-item, and safe-storage handling not yet reviewed",At the Summit of Apocrypha,unknown,unknown,unknown,"Travel, cold, carry weight, quest-state timing, and safe-storage implications deferred",source_listed_candidate,SN-000054-base-dlc-quest-book-category-inventory.md,Source-listed quest-document acquisition candidate; final route selection pending.
BOOKLOC-001571,OBJ-001328,On Apocrypha: Gnashing Blades,quest_book,dragonborn,,Solstheim,Solstheim,,,"Apocrypha, Waking Dreams, Chapter IV","Ownership, theft, quest-item, and safe-storage handling not yet reviewed",At the Summit of Apocrypha,unknown,unknown,unknown,"Travel, cold, carry weight, quest-state timing, and safe-storage implications deferred",source_listed_candidate,SN-000054-base-dlc-quest-book-category-inventory.md,Source-listed quest-document acquisition candidate; final route selection pending.
BOOKLOC-001572,OBJ-001329,On Apocrypha: Prying Orbs,quest_book,dragonborn,,Solstheim,Solstheim,,,"Apocrypha, Waking Dreams, Chapter III","Ownership, theft, quest-item, and safe-storage handling not yet reviewed",At the Summit of Apocrypha,unknown,unknown,unknown,"Travel, cold, carry weight, quest-state timing, and safe-storage implications deferred",source_listed_candidate,SN-000054-base-dlc-quest-book-category-inventory.md,Source-listed quest-document acquisition candidate; final route selection pending.
BOOKLOC-001573,OBJ-001330,Raleth Eldri's Notes on Kagrumez,quest_book,dragonborn,,Solstheim,Solstheim,,,"Kagrumez, carried by a Reaver","Ownership, theft, quest-item, and safe-storage handling not yet reviewed",The Kagrumez Gauntlet,unknown,unknown,unknown,"Travel, cold, carry weight, quest-state timing, and safe-storage implications deferred",source_listed_candidate,SN-000054-base-dlc-quest-book-category-inventory.md,Source-listed quest-document acquisition candidate; final route selection pending.
BOOKLOC-001574,OBJ-001331,Scribbles of a Madman,quest_book,dragonborn,,Solstheim,Solstheim,,,Carried by a madman,"Ownership, theft, quest-item, and safe-storage handling not yet reviewed",Black Book (quest),unknown,unknown,unknown,"Travel, cold, carry weight, quest-state timing, and safe-storage implications deferred",source_listed_candidate,SN-000054-base-dlc-quest-book-category-inventory.md,Source-listed quest-document acquisition candidate; final route selection pending.
BOOKLOC-001575,OBJ-001332,Stalhrim Source Map,quest_book,dragonborn,,Solstheim,Solstheim,,,UESP member page lists this as a quest-related book/document but does not list a fixed acquisition location; exact acquisition context deferred.,"Ownership, theft, quest-item, and safe-storage handling not yet reviewed",A New Source of Stalhrim,unknown,unknown,unknown,"Travel, cold, carry weight, quest-state timing, and safe-storage implications deferred",provisional_objective_representative,SN-000054-base-dlc-quest-book-category-inventory.md,No fixed location field on source page; reconcile during quest-specific validation.
BOOKLOC-001576,OBJ-001333,Torkild's Letter to Wulf,quest_book,dragonborn,,Solstheim,Solstheim,,,Carried by Torkild,"Ownership, theft, quest-item, and safe-storage handling not yet reviewed",Filial Bonds,unknown,unknown,unknown,"Travel, cold, carry weight, quest-state timing, and safe-storage implications deferred",source_listed_candidate,SN-000054-base-dlc-quest-book-category-inventory.md,Source-listed quest-document acquisition candidate; final route selection pending.
BOOKLOC-001577,OBJ-001334,Torn Note (Dragonborn),quest_book,dragonborn,,Solstheim,Solstheim,,,On the body of a dead Adventurer in Gyldenhul Barrow,"Ownership, theft, quest-item, and safe-storage handling not yet reviewed",Deathbrand (quest),unknown,unknown,unknown,"Travel, cold, carry weight, quest-state timing, and safe-storage implications deferred",source_listed_candidate,SN-000054-base-dlc-quest-book-category-inventory.md,Source-listed quest-document acquisition candidate; final route selection pending.
BOOKLOC-001578,OBJ-001335,The Ulen Matter,quest_book,dragonborn,,Solstheim,Solstheim,,,In the Severin family safe in the basement of Severin Manor,"Ownership, theft, quest-item, and safe-storage handling not yet reviewed",Served Cold,unknown,unknown,unknown,"Travel, cold, carry weight, quest-state timing, and safe-storage implications deferred",source_listed_candidate,SN-000054-base-dlc-quest-book-category-inventory.md,Source-listed quest-document acquisition candidate; final route selection pending.
BOOKLOC-001579,OBJ-001336,A Request to Meet,ae_book,ae_creation,,Skyrim,,,,Given to you by a courier after completing Restoring Order,"Ownership, theft, quest-item, courier, and safe-storage handling not yet reviewed",Saints & Seducers; Staada Quest,unknown,unknown,unknown,"Travel, cold, carry weight, quest-state timing, courier delivery, and safe-storage implications deferred",source_listed_candidate,SN-000056-ae-quest-action-book-inventory.md,Source-listed AE quest/action document acquisition candidate; final route selection pending.
BOOKLOC-001580,OBJ-001337,Adonato Leotelli's Journal,ae_book,ae_creation,,Skyrim,,,,"Windhelm, Candlehearth Hall","Ownership, theft, quest-item, courier, and safe-storage handling not yet reviewed",The Contest; Caught in a Web,unknown,unknown,unknown,"Travel, cold, carry weight, quest-state timing, courier delivery, and safe-storage implications deferred",source_listed_candidate,SN-000056-ae-quest-action-book-inventory.md,Source-listed AE quest/action document acquisition candidate; final route selection pending.
BOOKLOC-001581,OBJ-001338,Aesrael's Journal,ae_book,ae_creation,,Skyrim,Falkreath Hold,Falkreath Hold,Aesrael's camp west of Sunderstone Gorge,"Found on Aesrael; loot, read, and preserve after defeating him during Once A Hunter.",Enemy corpse loot after hostile quest fight; no theft handling noted by current source pass.,Alternative Armors - Elven Hunter; Once A Hunter active after Falkreath Barracks papers.,none_known,none_known,none_known,Exterior Sunderstone-area camp before the Interception caravan route; unload after the AE pass.,provisional_objective_representative,SN-000056-ae-quest-action-book-inventory.md | SN-000223-once-a-hunter-elven-hunter-route.md,TB-044 selects this as the routed Aesrael's Journal pickup during Once A Hunter.
BOOKLOC-001582,OBJ-001339,Aldepius' Confession,ae_book,ae_creation,,Skyrim,,,,Found on a table in Four Shields Tavern,"Ownership, theft, quest-item, courier, and safe-storage handling not yet reviewed",Alternative Armors - Steel Soldier; Over the Edge,unknown,unknown,unknown,"Travel, cold, carry weight, quest-state timing, courier delivery, and safe-storage implications deferred",source_listed_candidate,SN-000056-ae-quest-action-book-inventory.md,Source-listed AE quest/action document acquisition candidate; final route selection pending.
BOOKLOC-001583,OBJ-001340,Anonymous Letter (Plague of the Dead),ae_book,ae_creation,,Skyrim,,,,Delivered to you by courier upon reaching level 5,"Ownership, theft, quest-item, courier, and safe-storage handling not yet reviewed",Plague of the Dead; The Rising Dead,unknown,unknown,unknown,"Travel, cold, carry weight, quest-state timing, courier delivery, and safe-storage implications deferred",source_listed_candidate,SN-000056-ae-quest-action-book-inventory.md,Source-listed AE quest/action document acquisition candidate; final route selection pending.
BOOKLOC-001584,OBJ-001341,Antonius' Note,ae_book,ae_creation,,Skyrim,Eastmarch,Eastmarch,Cragslane Cavern,On Antonius' body in Cragslane Cavern; read and take during the Gambler's Edge pit-fight route.,Quest document on Antonius; no theft handling required after clearing the hostile cave route.,Alternative Armors - Orcish Scaled; Gambler's Edge active.,none_known,none_known,none_known,Handled during the Cragslane clear already routed for Supply and Demand.,source_listed_candidate,SN-000056-ae-quest-action-book-inventory.md | SN-000225-gamblers-edge-orcish-scaled-route.md,TB-044 selects this as the routed Antonius' Note pickup for Gambler's Edge.
BOOKLOC-001585,OBJ-001342,Arch Necromancer's Final Instructions,ae_book,ae_creation,,Skyrim,,,,Gallows Hall,"Ownership, theft, quest-item, courier, and safe-storage handling not yet reviewed",Gallows Hall; Dreams of the Dead,unknown,unknown,unknown,"Travel, cold, carry weight, quest-state timing, courier delivery, and safe-storage implications deferred",source_listed_candidate,SN-000056-ae-quest-action-book-inventory.md,Source-listed AE quest/action document acquisition candidate; final route selection pending.
BOOKLOC-001586,OBJ-001343,Arch Necromancer's First Clue,ae_book,ae_creation,,Skyrim,,,,Gallows Hall,"Ownership, theft, quest-item, courier, and safe-storage handling not yet reviewed",Gallows Hall; Dreams of the Dead,unknown,unknown,unknown,"Travel, cold, carry weight, quest-state timing, courier delivery, and safe-storage implications deferred",source_listed_candidate,SN-000056-ae-quest-action-book-inventory.md,Source-listed AE quest/action document acquisition candidate; final route selection pending.
BOOKLOC-001587,OBJ-001344,Arch Necromancer's Second Clue,ae_book,ae_creation,,Skyrim,,,,Gallows Hall,"Ownership, theft, quest-item, courier, and safe-storage handling not yet reviewed",Gallows Hall; Dreams of the Dead,unknown,unknown,unknown,"Travel, cold, carry weight, quest-state timing, courier delivery, and safe-storage implications deferred",source_listed_candidate,SN-000056-ae-quest-action-book-inventory.md,Source-listed AE quest/action document acquisition candidate; final route selection pending.
BOOKLOC-001588,OBJ-001345,Assassin's Journal,ae_book,ae_creation,,Skyrim,central_skyrim,Whiterun Hold,Silent Moons Camp,Near the Lunar Forge during the In the Shadows Silent Moons investigation.,Quest document; read/take during active In the Shadows route.,Bow of Shadows; In the Shadows active; Silent Moons Camp held until level 8+.,possible,possible,possible,Northwestern Whiterun camp travel; carry note with camp loot.,route_selected_later,SN-000056-ae-quest-action-book-inventory.md | SN-000228-in-the-shadows-bow-route.md,TB-044 route-selected: read/take near Lunar Forge during the level-8 Silent Moons clear.
BOOKLOC-001589,OBJ-001346,Assembly Line Constructs,ae_book,ae_creation,,Skyrim,,,,Nchuanthumz Manufactory,"Ownership, theft, quest-item, courier, and safe-storage handling not yet reviewed",Nchuanthumz: Dwarven Home; The Sanctuary and the Manufactory,unknown,unknown,unknown,"Travel, cold, carry weight, quest-state timing, courier delivery, and safe-storage implications deferred",source_listed_candidate,SN-000056-ae-quest-action-book-inventory.md,Source-listed AE quest/action document acquisition candidate; final route selection pending.
BOOKLOC-001590,OBJ-001347,Azadi's Note,ae_book,ae_creation,,Skyrim,,,,Received after defeating Azadi in an unarmed duel,"Ownership, theft, quest-item, courier, and safe-storage handling not yet reviewed",Redguard Elite Armaments; Interception,unknown,unknown,unknown,"Travel, cold, carry weight, quest-state timing, courier delivery, and safe-storage implications deferred",source_listed_candidate,SN-000056-ae-quest-action-book-inventory.md,Source-listed AE quest/action document acquisition candidate; final route selection pending.
BOOKLOC-001591,OBJ-001348,Azarain's Journal,ae_book,ae_creation,,Skyrim,,,,On Azarain's body at the Windward Ruins,"Ownership, theft, quest-item, courier, and safe-storage handling not yet reviewed",Vigil Enforcer Armor Set; Unholy Vigil,unknown,unknown,unknown,"Travel, cold, carry weight, quest-state timing, courier delivery, and safe-storage implications deferred",source_listed_candidate,SN-000056-ae-quest-action-book-inventory.md,Source-listed AE quest/action document acquisition candidate; final route selection pending.
BOOKLOC-001592,OBJ-001349,Bandit's Note on Hidden Treasure,ae_book,ae_creation,,Skyrim,,,,In a knapsack at the first Seducers camp near Fort Kastav,"Ownership, theft, quest-item, courier, and safe-storage handling not yet reviewed",Saints & Seducers; Nerveshatter (quest),unknown,unknown,unknown,"Travel, cold, carry weight, quest-state timing, courier delivery, and safe-storage implications deferred",source_listed_candidate,SN-000056-ae-quest-action-book-inventory.md,Source-listed AE quest/action document acquisition candidate; final route selection pending.
BOOKLOC-001593,OBJ-001350,Battle of Champions,ae_book,ae_creation,,Skyrim,,,,The Drunken Huntsman in Whiterun (only if you installed Civil War Champions prior to joining the Legion or Stormcloaks),"Ownership, theft, quest-item, courier, and safe-storage handling not yet reviewed",Civil War Champions; Battle of the Champions,unknown,unknown,unknown,"Travel, cold, carry weight, quest-state timing, courier delivery, and safe-storage implications deferred",source_listed_candidate,SN-000056-ae-quest-action-book-inventory.md,Source-listed AE quest/action document acquisition candidate; final route selection pending.
BOOKLOC-001594,OBJ-001351,Beldama Witch's Note,ae_book,ae_creation,,Skyrim,The Reach,The Reach,Karthspire Camp,Found on a Beldama Witch east of Karthspire Camp during Crypt of the Heart.,Enemy loot after clearing hostile Beldama Witch; read/take during quest route.,Spell Knight Armor; Crypt of the Heart active; Karthspire Camp heart step,none_known,possible,none_known,Handled during the Karthspire Camp clear in the level-46 Reach route.,route_selected_later,SN-000056-ae-quest-action-book-inventory.md | SN-000244-crypt-of-heart-spell-knight-route.md,TB-044 route-selected pickup: read/take Beldama Witch's Note during the Karthspire Camp heart step. SN-000244.
BOOKLOC-001595,OBJ-001352,Bjormund's Diary,ae_book,ae_creation,,Skyrim,,,,Arcwind Point,"Ownership, theft, quest-item, courier, and safe-storage handling not yet reviewed",Alternative Armors - Dragon Plate; Bones for a Crow,unknown,unknown,unknown,"Travel, cold, carry weight, quest-state timing, courier delivery, and safe-storage implications deferred",source_listed_candidate,SN-000056-ae-quest-action-book-inventory.md,Source-listed AE quest/action document acquisition candidate; final route selection pending.
BOOKLOC-001596,OBJ-001353,Blue God's Journal,ae_book,ae_creation,,Skyrim,,,,Carried by the Blue God,"Ownership, theft, quest-item, courier, and safe-storage handling not yet reviewed",Goblins; Blue in the Face,unknown,unknown,unknown,"Travel, cold, carry weight, quest-state timing, courier delivery, and safe-storage implications deferred",source_listed_candidate,SN-000056-ae-quest-action-book-inventory.md,Source-listed AE quest/action document acquisition candidate; final route selection pending.
BOOKLOC-001597,OBJ-001354,Bounty - Restless Spirits,ae_book,ae_creation,,Skyrim,,,,UESP Creation Club Books member page lists this as AE quest/action-related but does not list a fixed acquisition location; exact acquisition context deferred.,"Ownership, theft, quest-item, courier, and safe-storage handling not yet reviewed",Farming; The Unquiet Dead,unknown,unknown,unknown,"Travel, cold, carry weight, quest-state timing, courier delivery, and safe-storage implications deferred",provisional_objective_representative,SN-000056-ae-quest-action-book-inventory.md,No fixed location field on source page; reconcile during Creation-specific validation.
BOOKLOC-001598,OBJ-001355,Bounty Hunter's Note,ae_book,ae_creation,,Skyrim,,Falkreath Hold,Knifepoint Ridge,On the body of the Daedric Plate bounty hunter at Knifepoint Ridge during Beyond the Grave.,Quest-related hostile target inventory; loot/read/take after killing the bounty hunter.,Alternative Armors - Daedric Plate; Beyond the Grave active; Knifepoint entered only after Boethiah's Calling sends the player there.,possible,none_known,possible,Falkreath Hold camp and mine route delayed until the level-30 Boethiah bundle; recover at warm support before and after.,source_listed_candidate,SN-000056-ae-quest-action-book-inventory.md | SN-000219-beyond-the-grave-daedric-plate-route.md,TB-044 resolves the route from the Bounty Hunter's Note page; guide reads/takes it from the bounty hunter during Beyond the Grave. SN-000219.
BOOKLOC-001599,OBJ-001356,Bounty for Crowstooth,ae_book,ae_creation,,Skyrim,,,,Received from an innkeeper when asking about work,"Ownership, theft, quest-item, courier, and safe-storage handling not yet reviewed",Alternative Armors - Dragon Plate; Bones for a Crow,unknown,unknown,unknown,"Travel, cold, carry weight, quest-state timing, courier delivery, and safe-storage implications deferred",source_listed_candidate,SN-000056-ae-quest-action-book-inventory.md,Source-listed AE quest/action document acquisition candidate; final route selection pending.
BOOKLOC-001600,OBJ-001357,Bounty: Angler Larvae Specimen,ae_book,ae_creation,,Skyrim,Riften Fishery,The Rift,Riften Fishery,"Given by Swims-In-Deep-Water when asking for Further Study work; only one random bounty note is assigned per quest acceptance, and this note requests Angler Larvae.",Quest note; value and weight 0; read immediately from inventory after Swims-In-Deep-Water gives it.,Further Study accepted after Fishing Legend in the routed Fishing block,none_known,possible,possible,Read at Riften Fishery; requested fish and alchemist target are handled by the Further Study route.,route_selected_later,SN-000056-ae-quest-action-book-inventory.md | SN-000237-further-study-route.md,TB-044 accounts for this as one of the four possible Further Study bounty notes; the guide reads whichever note the radiant assigns and does not require duplicate-note collection.
BOOKLOC-001601,OBJ-001358,Bounty: Cleaning Our Waterways,ae_book,ae_creation,,Skyrim,Riften Fishery,The Rift,Riften Fishery,Given by Swims-In-Deep-Water when asking for work and receiving Rubbish Retrieval; read immediately from inventory.,Quest note; value and weight 0; read immediately after Swims-In-Deep-Water gives it.,Rubbish Retrieval assigned in the post-Fishing-Legend Swims work loop.,none_known,none_known,possible,Read at Riften Fishery; assigned city travel is handled by the Rubbish Retrieval route.,route_selected_later,SN-000056-ae-quest-action-book-inventory.md | SN-000238-swims-radiant-work-route.md,TB-044 reads this note when Rubbish Retrieval is assigned; duplicate-note collection is not required.
BOOKLOC-001602,OBJ-001359,Bounty: Dwarven Investigation,ae_book,ae_creation,,Skyrim,,,,Given by Viriya when asking for work,"Routed as a quest handoff, corpse pickup, courier delivery, or exterior quest document; no theft route required.",Fishing; Beneath Bronze Waters,none_known,none_known,none_known,Handled by the Viriya Fishing route block.,route_selected_later,SN-000056-ae-quest-action-book-inventory.md | SN-000233-beneath-bronze-wave-route.md,TB-044 reads Bounty: Dwarven Investigation when Viriya starts Beneath Bronze Waters.
BOOKLOC-001603,OBJ-001360,Bounty: Fangtusk,ae_book,ae_creation,,Skyrim,,,,Given by Viriya when asking for work,"Routed as a quest handoff, corpse pickup, courier delivery, or exterior quest document; no theft route required.",Fishing; Tusked Terror,none_known,none_known,none_known,Handled by the Viriya Fishing route block.,route_selected_later,SN-000056-ae-quest-action-book-inventory.md | SN-000232-viriya-fishing-chain-route.md,TB-044 reads Bounty: Fangtusk when Viriya starts Tusked Terror.
BOOKLOC-001604,OBJ-001361,Bounty: Glassfish,ae_book,ae_creation,,Skyrim,,,,Given by Viriya when asking for work,"Routed as a quest handoff, corpse pickup, courier delivery, or exterior quest document; no theft route required.",Fishing; Clear-Headed,none_known,none_known,none_known,Handled by the Viriya Fishing route block.,route_selected_later,SN-000056-ae-quest-action-book-inventory.md | SN-000232-viriya-fishing-chain-route.md,TB-044 reads Bounty: Glassfish when Viriya starts Clear-Headed.
BOOKLOC-001605,OBJ-001362,Bounty: Goldfish!,ae_book,ae_creation,,Skyrim,,,,Given by Viriya when asking for work,"Routed as a quest handoff, corpse pickup, courier delivery, or exterior quest document; no theft route required.",Fishing; Heart of Gold,none_known,none_known,none_known,Handled by the Viriya Fishing route block.,route_selected_later,SN-000056-ae-quest-action-book-inventory.md | SN-000232-viriya-fishing-chain-route.md,TB-044 reads Bounty: Goldfish! when Viriya starts Heart of Gold.
BOOKLOC-001606,OBJ-001363,Bounty: Juvenile Mudcrab,ae_book,ae_creation,,Skyrim,,,,Given by Viriya when first talking to her,"Routed as a quest handoff, corpse pickup, courier delivery, or exterior quest document; no theft route required.",Fishing; In A Pinch,none_known,none_known,none_known,Handled by the Viriya Fishing route block.,route_selected_later,SN-000056-ae-quest-action-book-inventory.md | SN-000232-viriya-fishing-chain-route.md,TB-044 reads the bounty at the already-started In A Pinch handoff and completes the juvenile mudcrab route.
BOOKLOC-001607,OBJ-001364,Bounty: Lost Wares,ae_book,ae_creation,,Skyrim,,,,Given by Viriya when asking for work,"Routed as a quest handoff, corpse pickup, courier delivery, or exterior quest document; no theft route required.",Fishing; Spirits Away,none_known,none_known,none_known,Handled by the Viriya Fishing route block.,route_selected_later,SN-000056-ae-quest-action-book-inventory.md | SN-000232-viriya-fishing-chain-route.md,TB-044 reads Bounty: Lost Wares when Viriya starts Spirits Away.
BOOKLOC-001608,OBJ-001365,Bounty: Pearlfish Specimen,ae_book,ae_creation,,Skyrim,Riften Fishery,The Rift,Riften Fishery,"Given by Swims-In-Deep-Water when asking for Further Study work; only one random bounty note is assigned per quest acceptance, and this note requests Pearlfish.",Quest note; value and weight 0; read immediately from inventory after Swims-In-Deep-Water gives it.,Further Study accepted after Fishing Legend in the routed Fishing block,none_known,possible,possible,Read at Riften Fishery; requested fish and alchemist target are handled by the Further Study route.,route_selected_later,SN-000056-ae-quest-action-book-inventory.md | SN-000237-further-study-route.md,TB-044 accounts for this as one of the four possible Further Study bounty notes; the guide reads whichever note the radiant assigns and does not require duplicate-note collection.
BOOKLOC-001609,OBJ-001366,Bounty: Pygmy Sunfish Specimen,ae_book,ae_creation,,Skyrim,Riften Fishery,The Rift,Riften Fishery,"Given by Swims-In-Deep-Water when asking for Further Study work; only one random bounty note is assigned per quest acceptance, and this note requests Pygmy Sunfish.",Quest note; value and weight 0; read immediately from inventory after Swims-In-Deep-Water gives it.,Further Study accepted after Fishing Legend in the routed Fishing block,none_known,possible,possible,Read at Riften Fishery; requested fish and alchemist target are handled by the Further Study route.,route_selected_later,SN-000056-ae-quest-action-book-inventory.md | SN-000237-further-study-route.md,TB-044 accounts for this as one of the four possible Further Study bounty notes; the guide reads whichever note the radiant assigns and does not require duplicate-note collection.
BOOKLOC-001610,OBJ-001367,Bounty: Spadefish Specimen,ae_book,ae_creation,,Skyrim,Riften Fishery,The Rift,Riften Fishery,"Given by Swims-In-Deep-Water when asking for Further Study work; only one random bounty note is assigned per quest acceptance, and this note requests Spadefish.",Quest note; value and weight 0; read immediately from inventory after Swims-In-Deep-Water gives it.,Further Study accepted after Fishing Legend in the routed Fishing block,none_known,possible,possible,Read at Riften Fishery; requested fish and alchemist target are handled by the Further Study route.,route_selected_later,SN-000056-ae-quest-action-book-inventory.md | SN-000237-further-study-route.md,TB-044 accounts for this as one of the four possible Further Study bounty notes; the guide reads whichever note the radiant assigns and does not require duplicate-note collection.
BOOKLOC-001611,OBJ-001368,Bounty: Supply of Arctic Grayling,ae_book,ae_creation,,Skyrim,Riften Fishery,The Rift,Riften Fishery,Given by Swims-In-Deep-Water when asking for work and receiving Stocking Up; this note requests Arctic Grayling.,Quest note; value and weight 0; read immediately after Swims-In-Deep-Water gives it.,Stocking Up assigned in the post-Fishing-Legend Swims work loop.,none_known,possible,possible,Read at Riften Fishery; requested fish and innkeeper target are handled by the Stocking Up route.,route_selected_later,SN-000056-ae-quest-action-book-inventory.md | SN-000238-swims-radiant-work-route.md,TB-044 accounts for this as one of four possible Stocking Up supply notes; the guide reads whichever note the radiant assigns and does not require duplicate-note collection.
BOOKLOC-001612,OBJ-001369,Bounty: Supply of Brook Bass,ae_book,ae_creation,,Skyrim,Riften Fishery,The Rift,Riften Fishery,Given by Swims-In-Deep-Water when asking for work and receiving Stocking Up; this note requests Brook Bass.,Quest note; value and weight 0; read immediately after Swims-In-Deep-Water gives it.,Stocking Up assigned in the post-Fishing-Legend Swims work loop.,none_known,possible,possible,Read at Riften Fishery; requested fish and innkeeper target are handled by the Stocking Up route.,route_selected_later,SN-000056-ae-quest-action-book-inventory.md | SN-000238-swims-radiant-work-route.md,TB-044 accounts for this as one of four possible Stocking Up supply notes; the guide reads whichever note the radiant assigns and does not require duplicate-note collection.
BOOKLOC-001613,OBJ-001370,Bounty: Supply of Catfish,ae_book,ae_creation,,Skyrim,Riften Fishery,The Rift,Riften Fishery,Given by Swims-In-Deep-Water when asking for work and receiving Stocking Up; this note requests Catfish.,Quest note; value and weight 0; read immediately after Swims-In-Deep-Water gives it.,Stocking Up assigned in the post-Fishing-Legend Swims work loop.,none_known,possible,possible,Read at Riften Fishery; requested fish and innkeeper target are handled by the Stocking Up route.,route_selected_later,SN-000056-ae-quest-action-book-inventory.md | SN-000238-swims-radiant-work-route.md,TB-044 accounts for this as one of four possible Stocking Up supply notes; the guide reads whichever note the radiant assigns and does not require duplicate-note collection.
BOOKLOC-001614,OBJ-001371,Bounty: Supply of Salmon,ae_book,ae_creation,,Skyrim,Riften Fishery,The Rift,Riften Fishery,Given by Swims-In-Deep-Water when asking for work and receiving Stocking Up; this note requests Salmon.,Quest note; value and weight 0; read immediately after Swims-In-Deep-Water gives it.,Stocking Up assigned in the post-Fishing-Legend Swims work loop.,none_known,possible,possible,Read at Riften Fishery; requested fish and innkeeper target are handled by the Stocking Up route.,route_selected_later,SN-000056-ae-quest-action-book-inventory.md | SN-000238-swims-radiant-work-route.md,TB-044 accounts for this as one of four possible Stocking Up supply notes; the guide reads whichever note the radiant assigns and does not require duplicate-note collection.
BOOKLOC-001615,OBJ-001372,Brutius's Journal,ae_book,ae_creation,,Skyrim,,,,Carried by Brutius,"Routed as a quest handoff, corpse pickup, courier delivery, or exterior quest document; no theft route required.",Fishing; No Contest,none_known,possible,confirmed,Handled by the Viriya Fishing route block.,route_selected_later,SN-000056-ae-quest-action-book-inventory.md | SN-000232-viriya-fishing-chain-route.md,TB-044 takes and reads exactly one Brutius's Journal from Brutius during No Contest.
BOOKLOC-001616,OBJ-001373,Business Ledger Copy,ae_book,ae_creation,,Skyrim,central_skyrim,Whiterun Hold,"Arcadia's Cauldron, Whiterun",On Arcadia's counter after the steward starts In the Shadows.,Quest copy can be picked up after steward start; not treated as ordinary ledger theft.,Bow of Shadows; In the Shadows active; Steward's Note read.,not_applicable,none_known,possible,Whiterun business-hours stop.,route_selected_later,SN-000056-ae-quest-action-book-inventory.md | SN-000228-in-the-shadows-bow-route.md,TB-044 route-selected: read/take from Arcadia counter during the Bow of Shadows investigation.
BOOKLOC-001617,OBJ-001374,Captain's Journal,ae_book,ae_creation,,Skyrim,,,,Dead Man's Dread,"Ownership, theft, quest-item, courier, and safe-storage handling not yet reviewed",Dead Man's Dread; The Restless,unknown,unknown,unknown,"Travel, cold, carry weight, quest-state timing, courier delivery, and safe-storage implications deferred",source_listed_candidate,SN-000056-ae-quest-action-book-inventory.md,Source-listed AE quest/action document acquisition candidate; final route selection pending.
BOOKLOC-001618,OBJ-001375,Caravan Captain's Note,ae_book,ae_creation,,Skyrim,Whiterun Hold,Whiterun Hold,Whiterun Hall of the Dead; Whiterun Catacombs,On a low table down the first set of stairs in Whiterun Catacombs; take and read during Legends Lost.,Quest-site catacombs pickup; no theft handling noted by current source pass.,Sunder & Wraithguard; Legends Lost active after Seedy Guard's Note,none_known,none_known,none_known,Warm city/catacomb stop; low carry impact.,provisional_objective_representative,SN-000056-ae-quest-action-book-inventory.md | SN-000247-legends-lost-sunder-wraithguard-route.md,TB-044 routes this as the Whiterun Hall of the Dead note in the ordered chain.
BOOKLOC-001619,OBJ-001376,Carriage Driver's Note,ae_book,ae_creation,,Skyrim,The Pale,The Pale,Lost caravan north of Bronze Water Cave,In the Old Caravan Chest at the lost caravan north of Bronze Water Cave; take it before reading from inventory.,Caravan chest appears after Legends Lost has begun; no theft handling noted by current source pass.,Sunder & Wraithguard; Legends Lost active after Lost Caravan Guard's Note,none_known,possible,possible,Cold Pale road stop after Svarig camp is already cleared.,provisional_objective_representative,SN-000056-ae-quest-action-book-inventory.md | SN-000247-legends-lost-sunder-wraithguard-route.md,TB-044 selects this as the first caravan-note pickup and uses take-before-read handling for the UESP-noted quest-advance bug.
BOOKLOC-001620,OBJ-001377,Casival's Note,ae_book,ae_creation,,Skyrim,The Reach,The Reach,Reachwind Eyrie,On the table/ground near Casival's body at the top of Reachwind Eyrie.,Quest-note pickup in a hostile/abandoned Dwarven tower; no theft handling noted by current source pass.,Mightier than the Sword; route only after reading Looter's Note at the Silver-Blood Inn.,possible,possible,possible,Collected during the Markarth-supported Reachwind Eyrie detour; keep carry and warmth margins for the armor pickup.,provisional_objective_representative,SN-000056-ae-quest-action-book-inventory.md | SN-000221-mightier-than-the-sword-dwarven-plate-route.md,TB-044 selects this as the routed Casival's Note copy during Mightier than the Sword.
BOOKLOC-001621,OBJ-001378,Certificate of Authenticity,ae_book,ae_creation,,Solstheim,Solstheim,,Raven Rock,Automatically added to inventory when buying the first Nordic jewelry item from Fethis Alor during the routed Raven Rock purchase; read immediately.,Inventory quest note from a merchant purchase; no theft handling needed.,Nordic Jewelry active through first Nordic jewelry purchase,none_known,none_known,none_known,Handled inside Raven Rock services before ash-waste travel.,route_selected_later,SN-000056-ae-quest-action-book-inventory.md | SN-000241-nordic-jewelry-route.md,TB-044 route-selected: automatic note from the first Nordic jewelry purchase in Raven Rock. SN-000241.
BOOKLOC-001622,OBJ-001379,Crafting with Netch Leather,ae_book,ae_creation,,Skyrim,,,,UESP Creation Club Books member page lists this as AE quest/action-related but does not list a fixed acquisition location; exact acquisition context deferred.,"Ownership, theft, quest-item, courier, and safe-storage handling not yet reviewed",Netch Leather Armor; More Than You Can Chew,unknown,unknown,unknown,"Travel, cold, carry weight, quest-state timing, courier delivery, and safe-storage implications deferred",provisional_objective_representative,SN-000056-ae-quest-action-book-inventory.md,No fixed location field on source page; reconcile during Creation-specific validation.
BOOKLOC-001623,OBJ-001380,Cuinanthil's Journal,ae_book,ae_creation,,Skyrim,,,,UESP Creation Club Books member page lists this as AE quest/action-related but does not list a fixed acquisition location; exact acquisition context deferred.,"Ownership, theft, quest-item, courier, and safe-storage handling not yet reviewed",Bittercup; Fortunate Son,unknown,unknown,unknown,"Travel, cold, carry weight, quest-state timing, courier delivery, and safe-storage implications deferred",provisional_objective_representative,SN-000056-ae-quest-action-book-inventory.md,No fixed location field on source page; reconcile during Creation-specific validation.
BOOKLOC-001624,OBJ-001381,Cultist's Note,ae_book,ae_creation,,Skyrim,northern_eastmarch,Eastmarch,Sivdur's Respite,On a Boethiah Cultist at the Sivdur's Respite tomb entrance during A Matter of Pride.,Looted from hostile quest cultist; no theft route.,A Matter of Pride active.,possible,none_known,possible,Cold cave route north of Windhelm; handled from Windhelm or Gallows Hall support.,route_selected_later,SN-000056-ae-quest-action-book-inventory.md | SN-000239-a-matter-of-pride-goldbrand-route.md,TB-044 route-selected: read/take from a Boethiah Cultist during the active Goldbrand route. SN-000239.
BOOKLOC-001625,OBJ-001382,Curate Melita's Plea,ae_book,ae_creation,,Skyrim,,,,Given by Aphia Velothi when asking about the missing curate,"Ownership, theft, quest-item, courier, and safe-storage handling not yet reviewed",Ghosts of the Tribunal; Careless Curation,unknown,unknown,unknown,"Travel, cold, carry weight, quest-state timing, courier delivery, and safe-storage implications deferred",source_listed_candidate,SN-000056-ae-quest-action-book-inventory.md,Source-listed AE quest/action document acquisition candidate; final route selection pending.
BOOKLOC-001626,OBJ-001383,Death of a Crimson Dirk,ae_book,ae_creation,,Skyrim,,Whiterun Hold,Whiterun - Dragonsreach Dungeon,On a table near the jail in Dragonsreach Dungeon.,Quest-start journal on table; read/take during controlled Daedric Plate route.,Alternative Armors - Daedric Plate; starts Beyond the Grave.,none_known,none_known,none_known,Whiterun warm-city stop before Falkreath and Knifepoint travel.,source_listed_candidate,SN-000056-ae-quest-action-book-inventory.md | SN-000219-beyond-the-grave-daedric-plate-route.md,TB-044 resolves the route from the Death of a Crimson Dirk page; guide reads/takes it during the level-30 Daedric Plate setup. SN-000219.
BOOKLOC-001627,OBJ-001384,Dinner Invitation,ae_book,ae_creation,,Skyrim,,,,Delivered by a Courier upon reaching level 12,"Ownership, theft, quest-item, courier, and safe-storage handling not yet reviewed",Bloodchill Manor; Guests for Dinner,unknown,unknown,unknown,"Travel, cold, carry weight, quest-state timing, courier delivery, and safe-storage implications deferred",source_listed_candidate,SN-000056-ae-quest-action-book-inventory.md,Source-listed AE quest/action document acquisition candidate; final route selection pending.
BOOKLOC-001628,OBJ-001385,Dinner Menu,ae_book,ae_creation,,Skyrim,,,,Given by the Waiter upon request,"Ownership, theft, quest-item, courier, and safe-storage handling not yet reviewed",Bloodchill Manor; Guests for Dinner,unknown,unknown,unknown,"Travel, cold, carry weight, quest-state timing, courier delivery, and safe-storage implications deferred",source_listed_candidate,SN-000056-ae-quest-action-book-inventory.md,Source-listed AE quest/action document acquisition candidate; final route selection pending.
BOOKLOC-001629,OBJ-001386,Ehlhiel's Journal,ae_book,ae_creation,,Skyrim,,,,"Checked Double-Edged, Alternative Armors - Leather, Ehlhiel's Journal, Ehlhiel, and Zaharia pages during TB-044; no deterministic pickup location or carried-source record validated.",Deferred; do not kill Ehlhiel or search speculative loot on the current save without a validated source.,Alternative Armors - Leather; Double-Edged; unresolved because main route saves Ehlhiel.,unknown,unknown,unknown,Deferred pending deterministic source; no extra route burden added by current pass.,provisional_objective_representative,SN-000056-ae-quest-action-book-inventory.md | SN-000224-double-edged-leather-route.md,TB-044 leaves Ehlhiel's Journal unresolved after source check; current guide does not acquire it.
BOOKLOC-001630,OBJ-001387,Elberon's Journal,ae_book,ae_creation,,Skyrim,,,,"Runoff Caverns, Vardnknd Gallery","Ownership, theft, quest-item, courier, and safe-storage handling not yet reviewed",Forgotten Seasons; Forgotten Seasons (quest),unknown,unknown,unknown,"Travel, cold, carry weight, quest-state timing, courier delivery, and safe-storage implications deferred",source_listed_candidate,SN-000056-ae-quest-action-book-inventory.md,Source-listed AE quest/action document acquisition candidate; final route selection pending.
BOOKLOC-001631,OBJ-001388,Eranya's Journal,ae_book,ae_creation,,Skyrim,eastern_skyrim,Eastmarch,Sacellum of Boethiah,On Eranya's body in the Sacellum fighting area.,Taken from a dead quest NPC; no theft route.,A Matter of Pride start source during the level-30 Sacellum route.,none_known,none_known,none_known,Handled during the Sacellum of Boethiah route visit.,route_selected_later,SN-000056-ae-quest-action-book-inventory.md | SN-000239-a-matter-of-pride-goldbrand-route.md,TB-044 route-selected: read/take from Eranya at the Sacellum to start A Matter of Pride. SN-000239.
BOOKLOC-001632,OBJ-001389,Eranya's Notes on Sivdur's Tomb,ae_book,ae_creation,,Skyrim,northern_eastmarch,Eastmarch,Sivdur's Respite,On the table to the right of the tomb pedestals.,Quest note; read/take during the active Goldbrand route.,A Matter of Pride active; route avoids entering Sivdur before quest start.,possible,none_known,possible,Cold cave route north of Windhelm; handled from Windhelm or Gallows Hall support.,route_selected_later,SN-000056-ae-quest-action-book-inventory.md | SN-000239-a-matter-of-pride-goldbrand-route.md,TB-044 route-selected: read/take at Sivdur's Respite after the Goldbrand quest is active. SN-000239.
BOOKLOC-001633,OBJ-001390,Eranya's Research Notes,ae_book,ae_creation,,Skyrim,Winterhold,Winterhold,The Arcanaeum,On or near Urag gro-Shub's desk in the College of Winterhold Arcanaeum.,Quest note; read/take during the active Goldbrand route.,A Matter of Pride active after Eranya's trail points to the Arcanaeum.,none_known,none_known,possible,Handled from the College/Winterhold support hub.,route_selected_later,SN-000056-ae-quest-action-book-inventory.md | SN-000239-a-matter-of-pride-goldbrand-route.md,TB-044 route-selected: read/take in the Arcanaeum and immediately handle the invisible cultist ambush. SN-000239.
BOOKLOC-001634,OBJ-001391,Erden Relvel's Note,ae_book,ae_creation,,Solstheim,Solstheim,,,"Ashfall's Tear, within the chest behind the sealed portcullis in the armory","Ownership, theft, quest-item, courier, and safe-storage handling not yet reviewed",Ghosts of the Tribunal; Ashen Heart,unknown,unknown,unknown,"Travel, cold, carry weight, quest-state timing, courier delivery, and safe-storage implications deferred",source_listed_candidate,SN-000056-ae-quest-action-book-inventory.md,Source-listed AE quest/action document acquisition candidate; final route selection pending.
BOOKLOC-001635,OBJ-001392,Evethra's Journal,ae_book,ae_creation,,Skyrim,,,,Carried by Evethra at a camp north of Mistwatch,"Ownership, theft, quest-item, courier, and safe-storage handling not yet reviewed",Saints & Seducers; Amber and Madness Smithing,unknown,unknown,unknown,"Travel, cold, carry weight, quest-state timing, courier delivery, and safe-storage implications deferred",source_listed_candidate,SN-000056-ae-quest-action-book-inventory.md,Source-listed AE quest/action document acquisition candidate; final route selection pending.
BOOKLOC-001636,OBJ-001393,Eydvina's Note,ae_book,ae_creation,,Skyrim,,,,Carried by Eydvina Shield-Hearth,"Ownership, theft, quest-item, courier, and safe-storage handling not yet reviewed",Hendraheim; Hendraheim (quest),unknown,unknown,unknown,"Travel, cold, carry weight, quest-state timing, courier delivery, and safe-storage implications deferred",source_listed_candidate,SN-000056-ae-quest-action-book-inventory.md,Source-listed AE quest/action document acquisition candidate; final route selection pending.
BOOKLOC-001637,OBJ-001394,Fenrik's Journal,ae_book,ae_creation,,Skyrim,,,,Carried by Fenrik in Quicksilver Mine,"Ownership, theft, quest-item, courier, and safe-storage handling not yet reviewed",Vigil Enforcer Armor Set; Unholy Vigil,unknown,unknown,unknown,"Travel, cold, carry weight, quest-state timing, courier delivery, and safe-storage implications deferred",source_listed_candidate,SN-000056-ae-quest-action-book-inventory.md,Source-listed AE quest/action document acquisition candidate; final route selection pending.
BOOKLOC-001638,OBJ-001395,Fijeh's Instructions,ae_book,ae_creation,,Skyrim,,,,"Given to you by Fijeh, Purewater Run","Ownership, theft, quest-item, courier, and safe-storage handling not yet reviewed",Redguard Elite Armaments; Interception,unknown,unknown,unknown,"Travel, cold, carry weight, quest-state timing, courier delivery, and safe-storage implications deferred",source_listed_candidate,SN-000056-ae-quest-action-book-inventory.md,Source-listed AE quest/action document acquisition candidate; final route selection pending.
BOOKLOC-001639,OBJ-001396,Fijeh's Letter to (Player),ae_book,ae_creation,,Skyrim,,,,Given to you by a Courier some time after reading Azadi's Note,"Ownership, theft, quest-item, courier, and safe-storage handling not yet reviewed",Redguard Elite Armaments; Interception,unknown,unknown,unknown,"Travel, cold, carry weight, quest-state timing, courier delivery, and safe-storage implications deferred",source_listed_candidate,SN-000056-ae-quest-action-book-inventory.md,Source-listed AE quest/action document acquisition candidate; final route selection pending.
BOOKLOC-001640,OBJ-001397,Fisherman's Journal (Fishing),ae_book,ae_creation,,Skyrim,,,,Outside of Bronze Water Cave,"Routed as a quest handoff, corpse pickup, courier delivery, or exterior quest document; no theft route required.",Fishing; Beneath Bronze Waters,none_known,possible,possible,Handled by the Viriya Fishing route block.,route_selected_later,SN-000056-ae-quest-action-book-inventory.md | SN-000233-beneath-bronze-wave-route.md,TB-044 reads and takes the AE Fisherman's Journal outside Bronze Water Cave during Beneath Bronze Waters.
BOOKLOC-001641,OBJ-001398,"Fishing Mastery, v1",ae_book,ae_creation,,Skyrim,,The Rift,Riften Fishery,On a shelf in the back room of the Riften Fishery after beginning Catch of the Day,No theft route needed; guide reads/takes the quest-related back-room copy during the Fishery visit.,Fishing; Catch of the Day,none_known,none_known,none_known,Handled during the Riften Fishery support stop with no extra travel.,route_selected_later,SN-000056-ae-quest-action-book-inventory.md | SN-000234-catch-of-the-day-route.md,TB-044 validates the first Riften route pickup/read against Catch of the Day source pages.
BOOKLOC-001642,OBJ-001399,"Fishing Mastery, v2",ae_book,ae_creation,,Skyrim,,The Rift,Riften Fishery,On a shelf in the back room of the Riften Fishery after beginning Caught in the Rain,Quest handoff or Riften Fishery support pickup; no theft route needed.,Fishing; Caught in the Rain,none_known,none_known,none_known,Handled during the Riften Fishery support stop with no extra travel.,route_selected_later,SN-000056-ae-quest-action-book-inventory.md | SN-000235-swims-fishing-challenges-route.md,TB-044 reads/takes the Riften Fishery back-room copy after starting Caught in the Rain.
BOOKLOC-001643,OBJ-001400,"Fishing Mastery, v3",ae_book,ae_creation,,Skyrim,,The Rift,Riften Fishery,On a shelf in the back room of the Riften Fishery after beginning Frozen Fish,Quest handoff or Riften Fishery support pickup; no theft route needed.,Fishing; Frozen Fish,none_known,none_known,none_known,Handled during the Riften Fishery support stop with no extra travel.,route_selected_later,SN-000056-ae-quest-action-book-inventory.md | SN-000235-swims-fishing-challenges-route.md,TB-044 reads/takes the Riften Fishery back-room copy after starting Frozen Fish.
BOOKLOC-001644,OBJ-001401,"Fishing Mastery, v4",ae_book,ae_creation,,Skyrim,,The Rift,Riften Fishery,On a shelf in the back room of the Riften Fishery after beginning Darkest Depths,Quest handoff or Riften Fishery support pickup; no theft route needed.,Fishing; Darkest Depths,none_known,none_known,none_known,Handled during the Riften Fishery support stop with no extra travel.,route_selected_later,SN-000056-ae-quest-action-book-inventory.md | SN-000235-swims-fishing-challenges-route.md,TB-044 reads/takes the Riften Fishery back-room copy after starting Darkest Depths.
BOOKLOC-001645,OBJ-001402,"Fishing Mastery, v5",ae_book,ae_creation,,Skyrim,,The Rift,Riften Fishery,On a shelf in the back room of the Riften Fishery after beginning Fishing Legend,Quest handoff or Riften Fishery support pickup; no theft route needed.,Fishing; Fishing Legend,none_known,none_known,none_known,Handled during the Riften Fishery support stop with no extra travel.,route_selected_later,SN-000056-ae-quest-action-book-inventory.md | SN-000236-fishing-legend-route.md,TB-044 reads/takes the Riften Fishery back-room copy after starting Fishing Legend.
BOOKLOC-001646,OBJ-001403,For Sale,ae_book,ae_creation,,Skyrim,,,,The Bannered Mare,"Ownership, theft, quest-item, courier, and safe-storage handling not yet reviewed",Pets of Skyrim; Pets of Skyrim (quest),unknown,unknown,unknown,"Travel, cold, carry weight, quest-state timing, courier delivery, and safe-storage implications deferred",source_listed_candidate,SN-000056-ae-quest-action-book-inventory.md,Source-listed AE quest/action document acquisition candidate; final route selection pending.
BOOKLOC-001647,OBJ-001404,Forsworn Shaman's Note,ae_book,ae_creation,,Skyrim,The Reach,The Reach,Simon Rodayne's grave west of Dushnikh Yal,Found on the Forsworn Shaman near the Shrine of Mara at Simon Rodayne's grave.,Enemy loot after clearing hostile Forsworn at the grave; read/take during quest route.,Spell Knight Armor; Crypt of the Heart active; grave fight reached,none_known,possible,none_known,Handled during the Simon Rodayne grave route in the level-46 Reach pass.,route_selected_later,SN-000056-ae-quest-action-book-inventory.md | SN-000244-crypt-of-heart-spell-knight-route.md,TB-044 route-selected pickup: read/take Forsworn Shaman's Note during the Simon Rodayne grave step. SN-000244.
BOOKLOC-001648,OBJ-001405,Gadnor's Last Wishes,ae_book,ae_creation,,Skyrim,,,,Near a Shrine of Kynareth in Crystaldrift Cave,"Ownership, theft, quest-item, courier, and safe-storage handling not yet reviewed",Saints & Seducers; Nerveshatter (quest),unknown,unknown,unknown,"Travel, cold, carry weight, quest-state timing, courier delivery, and safe-storage implications deferred",source_listed_candidate,SN-000056-ae-quest-action-book-inventory.md,Source-listed AE quest/action document acquisition candidate; final route selection pending.
BOOKLOC-001649,OBJ-001406,Galur Rithari's Papers,ae_book,ae_creation,,Skyrim,,,,Hidden chamber within Quicksilver Mine,"Ownership, theft, quest-item, courier, and safe-storage handling not yet reviewed",Vigil Enforcer Armor Set; Unholy Vigil,unknown,unknown,unknown,"Travel, cold, carry weight, quest-state timing, courier delivery, and safe-storage implications deferred",source_listed_candidate,SN-000056-ae-quest-action-book-inventory.md,Source-listed AE quest/action document acquisition candidate; final route selection pending.
BOOKLOC-001650,OBJ-001407,Gisli's Note,ae_book,ae_creation,,Skyrim,,,,Left behind by Gisli at the end of the quest,"Routed as a quest handoff, corpse pickup, courier delivery, or exterior quest document; no theft route required.",Fishing; The Ultimate Feast,none_known,none_known,none_known,Handled by the Viriya Fishing route block.,route_selected_later,SN-000056-ae-quest-action-book-inventory.md | SN-000232-viriya-fishing-chain-route.md,TB-044 reads and takes Gisli's Note after setting the Winking Skeever table.
BOOKLOC-001651,OBJ-001408,Grenwulf's Note,ae_book,ae_creation,,Skyrim,,,,UESP Creation Club Books member page lists this as AE quest/action-related but does not list a fixed acquisition location; exact acquisition context deferred.,"Ownership, theft, quest-item, courier, and safe-storage handling not yet reviewed",The Contest; Caught in a Web,unknown,unknown,unknown,"Travel, cold, carry weight, quest-state timing, courier delivery, and safe-storage implications deferred",provisional_objective_representative,SN-000056-ae-quest-action-book-inventory.md,No fixed location field on source page; reconcile during Creation-specific validation.
BOOKLOC-001652,OBJ-001409,Guard Dossier: Aesrael,ae_book,ae_creation,,Skyrim,Falkreath Hold,Falkreath Hold,Falkreath Barracks,On a table on the lower floor of the Falkreath Barracks; read and take during the late Sunderstone AE pass.,Barracks table quest-document pickup; no theft caveat noted by current source pass.,Alternative Armors - Elven Hunter; reading this starts Once A Hunter.,none_known,none_known,none_known,Warm Falkreath interior pickup before exterior Sunderstone camp route.,provisional_objective_representative,SN-000056-ae-quest-action-book-inventory.md | SN-000223-once-a-hunter-elven-hunter-route.md,TB-044 selects this as the controlled Once A Hunter start document and checklist book pickup.
BOOKLOC-001653,OBJ-001410,Guard's Bounty Letter Draft,ae_book,ae_creation,,Skyrim,Falkreath Hold,Falkreath Hold,Falkreath Barracks,On a table on the lower floor of the Falkreath Barracks; read and take with Guard Dossier: Aesrael.,Barracks table quest-document pickup; no theft caveat noted by current source pass.,Alternative Armors - Elven Hunter; alternate Once A Hunter start document.,none_known,none_known,none_known,Warm Falkreath interior pickup before exterior Sunderstone camp route.,provisional_objective_representative,SN-000056-ae-quest-action-book-inventory.md | SN-000223-once-a-hunter-elven-hunter-route.md,TB-044 routes Guard's Bounty Letter Draft with the Falkreath Barracks Elven Hunter papers.
BOOKLOC-001654,OBJ-001411,Guard's Dossier: Antonius,ae_book,ae_creation,,Skyrim,The Rift,The Rift,Mistveil Keep Barracks,On a second-floor dresser in Mistveil Keep Barracks; read and take to start Gambler's Edge.,Quest-start document pickup in a Riften guard barracks; route takes only the dossier.,Alternative Armors - Orcish Scaled; starts Gambler's Edge.,none_known,none_known,none_known,Warm Riften interior pickup before the Cragslane road/cave route.,source_listed_candidate,SN-000056-ae-quest-action-book-inventory.md | SN-000225-gamblers-edge-orcish-scaled-route.md,TB-044 selects this as the routed Gambler's Edge start document.
BOOKLOC-001655,OBJ-001412,Guard's Dossier: Bjormund Wind-Strider,ae_book,ae_creation,,Skyrim,,,,"Solitude, Castle Dour","Ownership, theft, quest-item, courier, and safe-storage handling not yet reviewed",Alternative Armors - Dragon Plate; Bones for a Crow,unknown,unknown,unknown,"Travel, cold, carry weight, quest-state timing, courier delivery, and safe-storage implications deferred",source_listed_candidate,SN-000056-ae-quest-action-book-inventory.md,Source-listed AE quest/action document acquisition candidate; final route selection pending.
BOOKLOC-001656,OBJ-001413,Guard's Dossier: Yakhtu gra-Orkulg,ae_book,ae_creation,,Skyrim,,,,"Gate Guard Barracks, Whiterun","Ownership, theft, quest-item, courier, and safe-storage handling not yet reviewed",Alternative Armors - Orcish Plate; Smith 'N Slash,unknown,unknown,unknown,"Travel, cold, carry weight, quest-state timing, courier delivery, and safe-storage implications deferred",source_listed_candidate,SN-000056-ae-quest-action-book-inventory.md,Source-listed AE quest/action document acquisition candidate; final route selection pending.
BOOKLOC-001657,OBJ-001414,Guard's Note,ae_book,ae_creation,,Skyrim,Falkreath Hold,Falkreath Hold,Falkreath Barracks,On a table in the Falkreath Barracks; read and take with the other Elven Hunter papers.,Barracks table quest-document pickup; no theft caveat noted by current source pass.,Alternative Armors - Elven Hunter; related Once A Hunter document.,none_known,none_known,none_known,Warm Falkreath interior pickup before exterior Sunderstone camp route.,provisional_objective_representative,SN-000056-ae-quest-action-book-inventory.md | SN-000223-once-a-hunter-elven-hunter-route.md,TB-044 routes Guard's Note with the Falkreath Barracks Elven Hunter papers.
BOOKLOC-001658,OBJ-001415,Guard's Note on Aldepius,ae_book,ae_creation,,Skyrim,,,,Found on the body of a dead guard,"Ownership, theft, quest-item, courier, and safe-storage handling not yet reviewed",Alternative Armors - Steel Soldier; Over the Edge,unknown,unknown,unknown,"Travel, cold, carry weight, quest-state timing, courier delivery, and safe-storage implications deferred",source_listed_candidate,SN-000056-ae-quest-action-book-inventory.md,Source-listed AE quest/action document acquisition candidate; final route selection pending.
BOOKLOC-001659,OBJ-001416,Hand Kenro's Note,ae_book,ae_creation,,Skyrim,,,,On the body of Hand Kenro Hlan,"Ownership, theft, quest-item, courier, and safe-storage handling not yet reviewed",Ghosts of the Tribunal; Ghosts of the Tribunal (quest),unknown,unknown,unknown,"Travel, cold, carry weight, quest-state timing, courier delivery, and safe-storage implications deferred",source_listed_candidate,SN-000056-ae-quest-action-book-inventory.md,Source-listed AE quest/action document acquisition candidate; final route selection pending.
BOOKLOC-001660,OBJ-001417,Helm of Oreyn Bearclaw (book),ae_book,ae_creation,,Skyrim,,,,Gallows Hall,"Ownership, theft, quest-item, courier, and safe-storage handling not yet reviewed",Gallows Hall; Dreams of the Dead,unknown,unknown,unknown,"Travel, cold, carry weight, quest-state timing, courier delivery, and safe-storage implications deferred",source_listed_candidate,SN-000056-ae-quest-action-book-inventory.md,Source-listed AE quest/action document acquisition candidate; final route selection pending.
BOOKLOC-001661,OBJ-001418,Heretic Dossier: Blacksmith's Confessional,ae_book,ae_creation,,Skyrim,,,,"The Temple, downstairs bedroom","Ownership, theft, quest-item, courier, and safe-storage handling not yet reviewed",Ghosts of the Tribunal; Ghosts of the Tribunal (quest),unknown,unknown,unknown,"Travel, cold, carry weight, quest-state timing, courier delivery, and safe-storage implications deferred",source_listed_candidate,SN-000056-ae-quest-action-book-inventory.md,Source-listed AE quest/action document acquisition candidate; final route selection pending.
BOOKLOC-001662,OBJ-001419,Holrik's Note,ae_book,ae_creation,,Skyrim,,,,UESP Creation Club Books member page lists this as AE quest/action-related but does not list a fixed acquisition location; exact acquisition context deferred.,"Ownership, theft, quest-item, courier, and safe-storage handling not yet reviewed",The Contest; Caught in a Web,unknown,unknown,unknown,"Travel, cold, carry weight, quest-state timing, courier delivery, and safe-storage implications deferred",provisional_objective_representative,SN-000056-ae-quest-action-book-inventory.md,No fixed location field on source page; reconcile during Creation-specific validation.
BOOKLOC-001663,OBJ-001420,Hooded Skeleton,ae_book,ae_creation,,Skyrim,,,,UESP Creation Club Books member page lists this as AE quest/action-related but does not list a fixed acquisition location; exact acquisition context deferred.,"Ownership, theft, quest-item, courier, and safe-storage handling not yet reviewed",Gallows Hall; Dreams of the Dead,unknown,unknown,unknown,"Travel, cold, carry weight, quest-state timing, courier delivery, and safe-storage implications deferred",provisional_objective_representative,SN-000056-ae-quest-action-book-inventory.md,No fixed location field on source page; reconcile during Creation-specific validation.
BOOKLOC-001664,OBJ-001421,Hugin Ice-Shaper's Notebook,ae_book,ae_creation,,Solstheim,Solstheim,,Hugin Ice-Shaper's body,"Next to Hugin Ice-Shaper west of Raven Rock, in the ash wastes just north of the Earth Stone; read/take after defeating the two reavers.",Quest-site notebook beside a dead NPC after hostile reaver encounter; no theft handling needed.,Nordic Jewelry active or Hugin corpse approached,none_known,none_known,none_known,Short Raven Rock ash-waste detour before the Frostmoon trip.,route_selected_later,SN-000056-ae-quest-action-book-inventory.md | SN-000241-nordic-jewelry-route.md,TB-044 route-selected: read/take beside Hugin to unlock Nordic jewelry crafting. SN-000241.
BOOKLOC-001665,OBJ-001422,Hyenril's Journal,ae_book,ae_creation,,Skyrim,Winterhold,Winterhold,Skytemple Ruins,On a table near Hyenril's body at Skytemple Ruins,Quest-start document; no theft issue identified by checked sources,Arms of Chaos; The Arms of Chaos; starts quest when read,none_known,none_known,none_known,Cold Winterhold coast route; paired with Skytemple clear,route_selected_later,SN-000056-ae-quest-action-book-inventory.md | SN-000227-arms-of-chaos-route.md,TB-044 selects this Skytemple table copy and routes it with The Arms of Chaos start.
BOOKLOC-001666,OBJ-001423,Joften's Notes,ae_book,ae_creation,,Skyrim,,,,In a chest under a bridge at Half-Moon Mill,"Ownership, theft, quest-item, courier, and safe-storage handling not yet reviewed",Saints & Seducers; Golden and Dark Smithing,unknown,unknown,unknown,"Travel, cold, carry weight, quest-state timing, courier delivery, and safe-storage implications deferred",source_listed_candidate,SN-000056-ae-quest-action-book-inventory.md,Source-listed AE quest/action document acquisition candidate; final route selection pending.
BOOKLOC-001667,OBJ-001424,Jonquil's Journal,ae_book,ae_creation,,Skyrim,,,,Goldenhills Plantation,"Ownership, theft, quest-item, courier, and safe-storage handling not yet reviewed",Farming; The Unquiet Dead,unknown,unknown,unknown,"Travel, cold, carry weight, quest-state timing, courier delivery, and safe-storage implications deferred",source_listed_candidate,SN-000056-ae-quest-action-book-inventory.md,Source-listed AE quest/action document acquisition candidate; final route selection pending.
BOOKLOC-001668,OBJ-001425,Josla's Note,ae_book,ae_creation,,Skyrim,,,,Given to you by Josla in Karthwasten,"Ownership, theft, quest-item, courier, and safe-storage handling not yet reviewed",Redguard Elite Armaments; Interception,unknown,unknown,unknown,"Travel, cold, carry weight, quest-state timing, courier delivery, and safe-storage implications deferred",source_listed_candidate,SN-000056-ae-quest-action-book-inventory.md,Source-listed AE quest/action document acquisition candidate; final route selection pending.
BOOKLOC-001669,OBJ-001426,Kevon's Note,ae_book,ae_creation,,Skyrim,,,,"On a table in Kevon's cell, Castle Dour Dungeon","Ownership, theft, quest-item, courier, and safe-storage handling not yet reviewed",Dead Man's Dread; The Restless,unknown,unknown,unknown,"Travel, cold, carry weight, quest-state timing, courier delivery, and safe-storage implications deferred",source_listed_candidate,SN-000056-ae-quest-action-book-inventory.md,Source-listed AE quest/action document acquisition candidate; final route selection pending.
BOOKLOC-001670,OBJ-001427,Khajiit's Note,ae_book,ae_creation,,Skyrim,,Falkreath Hold,Falkreath Graveyard,Near a dead Khajiit beside Edward's dug-up grave in Falkreath Graveyard.,Quest-related corpse note; read/take after following the Dragonsreach clue.,Alternative Armors - Daedric Plate; Beyond the Grave active after Death of a Crimson Dirk.,none_known,none_known,none_known,Falkreath support leg before the Knifepoint/Boethiah bundle.,source_listed_candidate,SN-000056-ae-quest-action-book-inventory.md | SN-000219-beyond-the-grave-daedric-plate-route.md,TB-044 resolves the route from the Khajiit's Note page; guide reads/takes it at Falkreath Graveyard. SN-000219.
BOOKLOC-001671,OBJ-001428,Kinthal's Journal,ae_book,ae_creation,,Skyrim,,,,Carried by Kinthal,"Ownership, theft, quest-item, courier, and safe-storage handling not yet reviewed",Saints & Seducers; Balance of Power; Restoring Order,unknown,unknown,unknown,"Travel, cold, carry weight, quest-state timing, courier delivery, and safe-storage implications deferred",source_listed_candidate,SN-000056-ae-quest-action-book-inventory.md,Source-listed AE quest/action document acquisition candidate; final route selection pending.
BOOKLOC-001672,OBJ-001429,Knight Captain's Orders,ae_book,ae_creation,,Skyrim,The Reach,The Reach,Simon Rodayne's grave west of Dushnikh Yal,Found on the dead Knights of the Crypt at Simon Rodayne's grave.,Corpse loot from Knights of the Crypt; read/take during quest route.,Spell Knight Armor; Crypt of the Heart active; Knights of the Crypt spawned at grave,none_known,possible,confirmed,Handled during the Simon Rodayne grave route; reload HS-SPELL-KNIGHT-GRAVE if Knights fail to spawn.,route_selected_later,SN-000056-ae-quest-action-book-inventory.md | SN-000244-crypt-of-heart-spell-knight-route.md,TB-044 route-selected pickup: read/take Knight Captain's Orders while looting the grave armor sets; source-listed Knight spawn bug protected by HS-SPELL-KNIGHT-GRAVE. SN-000244.
BOOKLOC-001673,OBJ-001430,Letter from Bolgeir Bearclaw,ae_book,ae_creation,,Skyrim,,,,Delivered by courier after completion of The Wolf Queen Awakened,"Ownership, theft, quest-item, courier, and safe-storage handling not yet reviewed",Bone Wolf; Let Sleeping Wolves Lie,unknown,unknown,unknown,"Travel, cold, carry weight, quest-state timing, courier delivery, and safe-storage implications deferred",source_listed_candidate,SN-000056-ae-quest-action-book-inventory.md,Source-listed AE quest/action document acquisition candidate; final route selection pending.
BOOKLOC-001674,OBJ-001431,Letter from Cuinanthil's Steward,ae_book,ae_creation,,Skyrim,,,,UESP Creation Club Books member page lists this as AE quest/action-related but does not list a fixed acquisition location; exact acquisition context deferred.,"Ownership, theft, quest-item, courier, and safe-storage handling not yet reviewed",Bittercup; Fortunate Son,unknown,unknown,unknown,"Travel, cold, carry weight, quest-state timing, courier delivery, and safe-storage implications deferred",provisional_objective_representative,SN-000056-ae-quest-action-book-inventory.md,No fixed location field on source page; reconcile during Creation-specific validation.
BOOKLOC-001675,OBJ-001432,Letter from Edward,ae_book,ae_creation,,Skyrim,,Eastmarch,Traitor's Post,Carried by Erwan at Traitor's Post during Missing Merchant.,Quest-related hostile NPC inventory; loot/read/take after killing Erwan.,Alternative Armors - Daedric Mail; Missing Merchant active.,none_known,none_known,none_known,Eastmarch road combat stop; use Windhelm support before and after.,source_listed_candidate,SN-000056-ae-quest-action-book-inventory.md | SN-000218-missing-merchant-daedric-mail-route.md,TB-044 resolved from Erwan NPC page; guide reads/takes it during Missing Merchant. SN-000218.
BOOKLOC-001676,OBJ-001433,Letter from Matriarch Drevlan,ae_book,ae_creation,,Skyrim,,,,Given by Matriarch Drevlan during the quest,"Ownership, theft, quest-item, courier, and safe-storage handling not yet reviewed",Ghosts of the Tribunal; Her Word Against Theirs,unknown,unknown,unknown,"Travel, cold, carry weight, quest-state timing, courier delivery, and safe-storage implications deferred",source_listed_candidate,SN-000056-ae-quest-action-book-inventory.md,Source-listed AE quest/action document acquisition candidate; final route selection pending.
BOOKLOC-001677,OBJ-001434,Letter from Mila Valentia,ae_book,ae_creation,,Skyrim,,,,Delivered by Courier 24 hours after completing Heart of Gold,"Routed as a quest handoff, corpse pickup, courier delivery, or exterior quest document; no theft route required.",Fishing; Two of a Kind,none_known,none_known,none_known,Handled by the Viriya Fishing route block.,route_selected_later,SN-000056-ae-quest-action-book-inventory.md | SN-000232-viriya-fishing-chain-route.md,TB-044 reads Letter from Mila Valentia after the Heart of Gold courier delivery.
BOOKLOC-001678,OBJ-001435,Letter from Tyra Blood-Fire,ae_book,ae_creation,,Skyrim,Eastmarch,Eastmarch,Windhelm support stop / courier delivery,Delivered by courier after level 32; read and preserve before the Windhelm Docks beggar step in the Heart of Crimson route.,Courier-delivered quest letter; no theft or crime handling needed; preserve with AE quest documents after reading.,Alternative Armors - Ebony Plate; Heart of Crimson; level 32 courier delivery,none_known,none_known,none_known,Handled at Windhelm support stop before cold Eastmarch shrine travel.,provisional_objective_representative,SN-000056-ae-quest-action-book-inventory.md | SN-000222-heart-of-crimson-ebony-plate-route.md,TB-044 routes the courier letter as the source-checked Heart of Crimson start document and preservation item.
BOOKLOC-001679,OBJ-001436,Letter from Viriya,ae_book,ae_creation,,Skyrim,,,,Delivered by Courier some time after completing Wave Breaker,"Routed as a quest handoff, corpse pickup, courier delivery, or exterior quest document; no theft route required.",Fishing; End of the Line,none_known,none_known,none_known,Handled by the Viriya Fishing route block.,route_selected_later,SN-000056-ae-quest-action-book-inventory.md | SN-000233-beneath-bronze-wave-route.md,TB-044 reads Letter from Viriya when End of the Line starts by courier.
BOOKLOC-001680,OBJ-001437,Letter on Mudcrab Attacks,ae_book,ae_creation,,Skyrim,,,,Given by Viriya upon starting the quest,"Routed as a quest handoff, corpse pickup, courier delivery, or exterior quest document; no theft route required.",Fishing; Crustacean Extermination,none_known,none_known,none_known,Handled by the Viriya Fishing route block.,route_selected_later,SN-000056-ae-quest-action-book-inventory.md | SN-000232-viriya-fishing-chain-route.md,TB-044 reads Letter on Mudcrab Attacks when Viriya starts Crustacean Extermination.
BOOKLOC-001681,OBJ-001438,Letter to Clexius,ae_book,ae_creation,,Skyrim,,,,"The Bee and Barb, on a dresser upstairs","Ownership, theft, quest-item, courier, and safe-storage handling not yet reviewed",Goblins; Blue in the Face,unknown,unknown,unknown,"Travel, cold, carry weight, quest-state timing, courier delivery, and safe-storage implications deferred",source_listed_candidate,SN-000056-ae-quest-action-book-inventory.md,Source-listed AE quest/action document acquisition candidate; final route selection pending.
BOOKLOC-001682,OBJ-001439,Letter to General Tullius,ae_book,ae_creation,,Skyrim,,,,On a table in the room north of General Tullius in Castle Dour,"Ownership, theft, quest-item, courier, and safe-storage handling not yet reviewed",Lord's Mail; Gift of Kynareth,unknown,unknown,unknown,"Travel, cold, carry weight, quest-state timing, courier delivery, and safe-storage implications deferred",source_listed_candidate,SN-000056-ae-quest-action-book-inventory.md,Source-listed AE quest/action document acquisition candidate; final route selection pending.
BOOKLOC-001683,OBJ-001440,Letter to Gisli,ae_book,ae_creation,,Skyrim,The Rift; Haafingar; The Pale,Haafingar,Solitude,Erikur's House,Read/take during main forged-deed path; theft/trespass handled by late thief-skill route.,The Gray Cowl of Nocturnal active at Solitude deed stage.,none_known,none_known,none_known,"Handled during late Gray Cowl route with food, carry space, and owned-storage unload afterward.",route_selected_later,SN-000056-ae-quest-action-book-inventory.md | SN-000248-gray-cowl-nocturnal-route.md,TB-044 selected this source-listed Gray Cowl document copy for the player-facing route.
BOOKLOC-001684,OBJ-001441,Letter to Keeper Carcette,ae_book,ae_creation,,Skyrim,,,,Hall of the Vigilant,"Ownership, theft, quest-item, courier, and safe-storage handling not yet reviewed",Vigil Enforcer Armor Set; Unholy Vigil,unknown,unknown,unknown,"Travel, cold, carry weight, quest-state timing, courier delivery, and safe-storage implications deferred",source_listed_candidate,SN-000056-ae-quest-action-book-inventory.md,Source-listed AE quest/action document acquisition candidate; final route selection pending.
BOOKLOC-001685,OBJ-001442,Letter to Naara,ae_book,ae_creation,,Skyrim,,,,UESP Creation Club Books member page lists this as AE quest/action-related but does not list a fixed acquisition location; exact acquisition context deferred.,"Ownership, theft, quest-item, courier, and safe-storage handling not yet reviewed",Gallows Hall; Dreams of the Dead,unknown,unknown,unknown,"Travel, cold, carry weight, quest-state timing, courier delivery, and safe-storage implications deferred",provisional_objective_representative,SN-000056-ae-quest-action-book-inventory.md,No fixed location field on source page; reconcile during Creation-specific validation.
BOOKLOC-001686,OBJ-001443,Linelle's Note,ae_book,ae_creation,,Skyrim,,,,Darklight Tower,"Ownership, theft, quest-item, courier, and safe-storage handling not yet reviewed",Alternative Armors - Dragon Plate; Bones for a Crow,unknown,unknown,unknown,"Travel, cold, carry weight, quest-state timing, courier delivery, and safe-storage implications deferred",source_listed_candidate,SN-000056-ae-quest-action-book-inventory.md,Source-listed AE quest/action document acquisition candidate; final route selection pending.
BOOKLOC-001687,OBJ-001444,List of Arctic Fish,ae_book,ae_creation,,Skyrim,,The Rift,Riften Fishery,Given by Swims-In-Deep-Water upon starting Frozen Fish,Quest handoff or Riften Fishery support pickup; no theft route needed.,Fishing; Frozen Fish,none_known,none_known,none_known,Handled during the Riften Fishery support stop with no extra travel.,route_selected_later,SN-000056-ae-quest-action-book-inventory.md | SN-000235-swims-fishing-challenges-route.md,TB-044 receives and reads the list when Frozen Fish starts.
BOOKLOC-001688,OBJ-001445,List of Fair Weather Fish,ae_book,ae_creation,,Skyrim,,The Rift,Riften Fishery,Given by Swims-In-Deep-Water upon starting Catch of the Day,Quest handoff; no theft route needed.,Fishing; Catch of the Day,none_known,none_known,none_known,Handled during the Riften Fishery support stop with no extra travel.,route_selected_later,SN-000056-ae-quest-action-book-inventory.md | SN-000234-catch-of-the-day-route.md,TB-044 validates the first Riften receive/read step against Catch of the Day source pages.
BOOKLOC-001689,OBJ-001446,List of Rainy Weather Fish,ae_book,ae_creation,,Skyrim,,The Rift,Riften Fishery,Given by Swims-In-Deep-Water upon starting Caught in the Rain,Quest handoff or Riften Fishery support pickup; no theft route needed.,Fishing; Caught in the Rain,none_known,none_known,none_known,Handled during the Riften Fishery support stop with no extra travel.,route_selected_later,SN-000056-ae-quest-action-book-inventory.md | SN-000235-swims-fishing-challenges-route.md,TB-044 receives and reads the list before fishing up the Lucky Fishing Hat.
BOOKLOC-001690,OBJ-001447,List of Rare Fish,ae_book,ae_creation,,Skyrim,,The Rift,Riften Fishery,Given by Swims-In-Deep-Water upon starting Fishing Legend,Quest handoff; no theft route needed.,Fishing; Fishing Legend,none_known,none_known,none_known,Handled during the Riften Fishery support stop with no extra travel.,route_selected_later,SN-000056-ae-quest-action-book-inventory.md | SN-000236-fishing-legend-route.md,TB-044 receives and reads the list at the Fishing Legend handoff.
BOOKLOC-001691,OBJ-001448,List of Underground Fish,ae_book,ae_creation,,Skyrim,,The Rift,Riften Fishery,Given by Swims-In-Deep-Water upon starting Darkest Depths,Quest handoff or Riften Fishery support pickup; no theft route needed.,Fishing; Darkest Depths,none_known,none_known,none_known,Handled during the Riften Fishery support stop with no extra travel.,route_selected_later,SN-000056-ae-quest-action-book-inventory.md | SN-000235-swims-fishing-challenges-route.md,TB-044 receives and reads the list when Darkest Depths starts.
BOOKLOC-001692,OBJ-001449,Looter's Note,ae_book,ae_creation,,Skyrim,The Reach,The Reach,Silver-Blood Inn,On the bar counter at the Silver-Blood Inn in Markarth.,"Inn-bar quest-note pickup; if clipped into the bar, use save/retry positioning and avoid hostile or bounty-causing methods.",Starts Mightier than the Sword and should be read before any Reachwind Eyrie Dwarven Plate pickup.,none_known,possible,possible,Warm Markarth support-stop pickup before the Reachwind Eyrie road detour.,provisional_objective_representative,SN-000056-ae-quest-action-book-inventory.md | SN-000221-mightier-than-the-sword-dwarven-plate-route.md,TB-044 selects this as the routed Looter's Note pickup and quest start for Mightier than the Sword.
BOOKLOC-001693,OBJ-001450,Loss of the Sea Stallion,ae_book,ae_creation,,Skyrim,Eastmarch,Eastmarch,Windhelm East Empire Company office,On a round table in the East Empire Company office at Windhelm Docks,Checked source records fixed office-table note; ownership/theft risk not identified by checked sources,Arms of Chaos; The Arms of Chaos; read during Rise in the East office visit before Winterhold closeout,none_known,none_known,none_known,No special Survival issue at office pickup; note stages later waterbreathing support for Pilgrim's Trench,route_selected_later,SN-000056-ae-quest-action-book-inventory.md | SN-000227-arms-of-chaos-route.md,TB-044 selects this Windhelm office note and routes it during the existing East Empire Company visit.
BOOKLOC-001694,OBJ-001451,Lost Caravan Guard's Note,ae_book,ae_creation,,Skyrim,Eastmarch,Eastmarch,New Gnisis Cornerclub,On or just below the New Gnisis Cornerclub bar; take and read to start Legends Lost.,"Freely taken quest-start note; if it has slipped through the bar, check the shelf directly below.",Sunder & Wraithguard; Legends Lost start,none_known,none_known,possible,Warm Windhelm interior start before the cold caravan route.,provisional_objective_representative,SN-000056-ae-quest-action-book-inventory.md | SN-000247-legends-lost-sunder-wraithguard-route.md,"TB-044 selects this as the routed Legends Lost start note; UESP notes the loose note can slip below the bar, so the guide explicitly searches the bar area if needed."
BOOKLOC-001695,OBJ-001452,M'Sharra's Confession,ae_book,ae_creation,,Skyrim,,Whiterun Hold,Whiterun - Dragonsreach Dungeon,Hidden behind or beside the Prisoner's Evidence Chest in Dragonsreach Dungeon; route reads/takes it with M'Sharra's Key after a pre-entry manual save.,Quest-related note; route reads/takes during controlled quest progression.,Alternative Armors - Silver; When the Cat's Away after reading M'Sharra's Diary,none_known,none_known,confirmed,Warm city pickup before western Whiterun road travel.,route_selected_later,SN-000056-ae-quest-action-book-inventory.md | SN-000226-when-the-cats-away-silver-route.md,TB-044 routes M'Sharra's Confession and the key before leaving Whiterun for Rorikstead.
BOOKLOC-001696,OBJ-001453,M'Sharra's Diary,ae_book,ae_creation,,Skyrim,,Whiterun Hold,Whiterun - The Bannered Mare,On a table in the backroom behind the kitchen of The Bannered Mare; route reads/takes it during the Goldenhills/Rorikstead setup.,Quest-start note; route reads/takes during controlled Creation start.,Alternative Armors - Silver; starts When the Cat's Away,none_known,none_known,none_known,Warm inn pickup before Rorikstead travel.,route_selected_later,SN-000056-ae-quest-action-book-inventory.md | SN-000226-when-the-cats-away-silver-route.md,TB-044 keeps the first Whiterun hold and routes M'Sharra's Diary in the later Goldenhills/Rorikstead section.
BOOKLOC-001697,OBJ-001454,Majid - Please Read,ae_book,ae_creation,,Skyrim,,,,Chest at a camp southeast of Fort Greymoor,"Ownership, theft, quest-item, courier, and safe-storage handling not yet reviewed",Lord's Mail; Gift of Kynareth,unknown,unknown,unknown,"Travel, cold, carry weight, quest-state timing, courier delivery, and safe-storage implications deferred",source_listed_candidate,SN-000056-ae-quest-action-book-inventory.md,Source-listed AE quest/action document acquisition candidate; final route selection pending.
BOOKLOC-001698,OBJ-001455,Manufactory Repair Parts,ae_book,ae_creation,,Skyrim,,,,UESP Creation Club Books member page lists this as AE quest/action-related but does not list a fixed acquisition location; exact acquisition context deferred.,"Ownership, theft, quest-item, courier, and safe-storage handling not yet reviewed",Nchuanthumz: Dwarven Home; The Sanctuary and the Manufactory,unknown,unknown,unknown,"Travel, cold, carry weight, quest-state timing, courier delivery, and safe-storage implications deferred",provisional_objective_representative,SN-000056-ae-quest-action-book-inventory.md,No fixed location field on source page; reconcile during Creation-specific validation.
BOOKLOC-001699,OBJ-001456,Masks of the Tribunal,ae_book,ae_creation,,Skyrim,,,,Given by Matriarch Drevlan during Ghosts of the Tribunal,"Ownership, theft, quest-item, courier, and safe-storage handling not yet reviewed",Ghosts of the Tribunal; Ghosts of the Tribunal (quest),unknown,unknown,unknown,"Travel, cold, carry weight, quest-state timing, courier delivery, and safe-storage implications deferred",source_listed_candidate,SN-000056-ae-quest-action-book-inventory.md,Source-listed AE quest/action document acquisition candidate; final route selection pending.
BOOKLOC-001700,OBJ-001457,Master Ellane's Last Words,ae_book,ae_creation,,Skyrim,Winterhold,Winterhold,Pilgrim's Trench,In Ellane's coffin at the bottom of Pilgrim's Trench,Quest-related coffin pickup; no theft issue identified by checked sources,Arms of Chaos; The Arms of Chaos; paired with Sovereign Band recovery,none_known,none_known,none_known,Deep underwater dive; use waterbreathing support and surface if the effect expires,route_selected_later,SN-000056-ae-quest-action-book-inventory.md | SN-000227-arms-of-chaos-route.md,TB-044 selects this Pilgrim's Trench coffin note and routes it with Sovereign Band recovery.
BOOKLOC-001701,OBJ-001458,Matriarch Drevlan's Note,ae_book,ae_creation,,Skyrim,,,,UESP Creation Club Books member page lists this as AE quest/action-related but does not list a fixed acquisition location; exact acquisition context deferred.,"Ownership, theft, quest-item, courier, and safe-storage handling not yet reviewed",Ghosts of the Tribunal; Ghosts of the Tribunal (quest),unknown,unknown,unknown,"Travel, cold, carry weight, quest-state timing, courier delivery, and safe-storage implications deferred",provisional_objective_representative,SN-000056-ae-quest-action-book-inventory.md,No fixed location field on source page; reconcile during Creation-specific validation.
BOOKLOC-001702,OBJ-001459,Mercenary's Note,ae_book,ae_creation,,Skyrim,,,,Runoff Caverns,"Ownership, theft, quest-item, courier, and safe-storage handling not yet reviewed",Forgotten Seasons; Forgotten Seasons (quest),unknown,unknown,unknown,"Travel, cold, carry weight, quest-state timing, courier delivery, and safe-storage implications deferred",source_listed_candidate,SN-000056-ae-quest-action-book-inventory.md,Source-listed AE quest/action document acquisition candidate; final route selection pending.
BOOKLOC-001703,OBJ-001460,Mila's Note on Very Secret Treasure,ae_book,ae_creation,,Skyrim,,,,Given by Mila Valentia during the related quest,"Routed as a quest handoff, corpse pickup, courier delivery, or exterior quest document; no theft route required.",Fishing; Two of a Kind,none_known,none_known,none_known,Handled by the Viriya Fishing route block.,route_selected_later,SN-000056-ae-quest-action-book-inventory.md | SN-000232-viriya-fishing-chain-route.md,TB-044 reads Mila's Note on Very Secret Treasure during Two of a Kind before looting the strongbox.
BOOKLOC-001704,OBJ-001461,Miner's Note,ae_book,ae_creation,,Skyrim,,,,Found on Harald's body if he dies before leading you to the secret door in Quicksilver Mine,"Ownership, theft, quest-item, courier, and safe-storage handling not yet reviewed",Vigil Enforcer Armor Set; Unholy Vigil,unknown,unknown,unknown,"Travel, cold, carry weight, quest-state timing, courier delivery, and safe-storage implications deferred",source_listed_candidate,SN-000056-ae-quest-action-book-inventory.md,Source-listed AE quest/action document acquisition candidate; final route selection pending.
BOOKLOC-001705,OBJ-001462,Missing Merchant (note),ae_book,ae_creation,,Skyrim,,Eastmarch,Windhelm - Candlehearth Hall,Given by Elda Early-Dawn or Nils when asking the Candlehearth Hall innkeeper for work; courier start also exists but route uses the innkeeper.,Quest-start note; read/take when received.,Alternative Armors - Daedric Mail; Missing Merchant start.,none_known,none_known,none_known,Windhelm inn support stop before Eastmarch road travel.,source_listed_candidate,SN-000056-ae-quest-action-book-inventory.md | SN-000218-missing-merchant-daedric-mail-route.md,TB-044 routes the Candlehearth innkeeper note start instead of waiting for a courier. SN-000218.
BOOKLOC-001706,OBJ-001463,Mysterious Note (Staff of Sheogorath),ae_book,ae_creation,,Solstheim,Solstheim,,The Retching Netch,Green-glowing Mysterious Note pinned to a keg inside The Retching Netch near the Fork of Horripilation.,Quest-start note in The Retching Netch; read/take during the Staff of Sheogorath route. No theft handling noted by checked sources.,Staff of Sheogorath; Put A Fork In It; route starts after Reluctant Steward unlocks the Tel Mithryn Staff Enchanter,none_known,none_known,none_known,Warm Raven Rock interior pickup before ash-road and northern Solstheim netch travel.,route_selected_later,SN-000056-ae-quest-action-book-inventory.md | SN-000245-put-a-fork-staff-sheogorath-route.md,TB-044 route-selected pickup: read/take Mysterious Note at The Retching Netch with the Fork of Horripilation after Staff Enchanter access is available. SN-000245.
BOOKLOC-001707,OBJ-001464,Mysterious Note (Vigil Enforcer Armor Set),ae_book,ae_creation,,Skyrim,,,,Windpeak Inn,"Ownership, theft, quest-item, courier, and safe-storage handling not yet reviewed",Vigil Enforcer Armor Set; Unholy Vigil,unknown,unknown,unknown,"Travel, cold, carry weight, quest-state timing, courier delivery, and safe-storage implications deferred",source_listed_candidate,SN-000056-ae-quest-action-book-inventory.md,Source-listed AE quest/action document acquisition candidate; final route selection pending.
BOOKLOC-001708,OBJ-001465,Naara's Journal,ae_book,ae_creation,,Skyrim,,,,Gallows Hall,"Ownership, theft, quest-item, courier, and safe-storage handling not yet reviewed",Gallows Hall; Dreams of the Dead,unknown,unknown,unknown,"Travel, cold, carry weight, quest-state timing, courier delivery, and safe-storage implications deferred",source_listed_candidate,SN-000056-ae-quest-action-book-inventory.md,Source-listed AE quest/action document acquisition candidate; final route selection pending.
BOOKLOC-001709,OBJ-001466,Naara's Plea,ae_book,ae_creation,,Skyrim,,,,Gallows Hall,"Ownership, theft, quest-item, courier, and safe-storage handling not yet reviewed",Gallows Hall; Dreams of the Dead,unknown,unknown,unknown,"Travel, cold, carry weight, quest-state timing, courier delivery, and safe-storage implications deferred",source_listed_candidate,SN-000056-ae-quest-action-book-inventory.md,Source-listed AE quest/action document acquisition candidate; final route selection pending.
BOOKLOC-001710,OBJ-001467,Necromancer's Journal (Bone Wolf),ae_book,ae_creation,,Skyrim,,,,Carried by the Necromancer during the related quest,"Ownership, theft, quest-item, courier, and safe-storage handling not yet reviewed",Bone Wolf; Let Sleeping Wolves Lie,unknown,unknown,unknown,"Travel, cold, carry weight, quest-state timing, courier delivery, and safe-storage implications deferred",source_listed_candidate,SN-000056-ae-quest-action-book-inventory.md,Source-listed AE quest/action document acquisition candidate; final route selection pending.
BOOKLOC-001711,OBJ-001468,Necromancer's Journal (Plague of the Dead),ae_book,ae_creation,,Skyrim,,,,On the body of a Necromage at a ritual site north of Southfringe Sanctum,"Ownership, theft, quest-item, courier, and safe-storage handling not yet reviewed",Plague of the Dead; The Rising Dead,unknown,unknown,unknown,"Travel, cold, carry weight, quest-state timing, courier delivery, and safe-storage implications deferred",source_listed_candidate,SN-000056-ae-quest-action-book-inventory.md,Source-listed AE quest/action document acquisition candidate; final route selection pending.
BOOKLOC-001712,OBJ-001469,Nightgate Inn Patron's Note,ae_book,ae_creation,,Skyrim,,,,Nightgate Inn,"Ownership, theft, quest-item, courier, and safe-storage handling not yet reviewed",Alternative Armors - Iron; Brothers in Irons,unknown,unknown,unknown,"Travel, cold, carry weight, quest-state timing, courier delivery, and safe-storage implications deferred",source_listed_candidate,SN-000056-ae-quest-action-book-inventory.md,Source-listed AE quest/action document acquisition candidate; final route selection pending.
BOOKLOC-001713,OBJ-001470,Nivenor's Journal,ae_book,ae_creation,,Skyrim,The Rift; Haafingar; The Pale,The Rift,Riften,Strong Box in Bolli's House,Strongbox opened after obtaining Nivenor's Strongbox Key through dialogue; do not kill Nivenor.,The Gray Cowl of Nocturnal active after Stranger's Note.,none_known,none_known,none_known,"Handled during late Gray Cowl route with food, carry space, and owned-storage unload afterward.",route_selected_later,SN-000056-ae-quest-action-book-inventory.md | SN-000248-gray-cowl-nocturnal-route.md,TB-044 selected this source-listed Gray Cowl document copy for the player-facing route.
BOOKLOC-001714,OBJ-001471,Note on Amber and Madness Ore,ae_book,ae_creation,,Skyrim,,,,On a table near Thoron,"Ownership, theft, quest-item, courier, and safe-storage handling not yet reviewed",Saints & Seducers; Amber and Madness Smithing,unknown,unknown,unknown,"Travel, cold, carry weight, quest-state timing, courier delivery, and safe-storage implications deferred",source_listed_candidate,SN-000056-ae-quest-action-book-inventory.md,Source-listed AE quest/action document acquisition candidate; final route selection pending.
BOOKLOC-001715,OBJ-001472,Note on Autumn,ae_book,ae_creation,,Skyrim,,,,"Runoff Caverns, Autumn's Bells","Ownership, theft, quest-item, courier, and safe-storage handling not yet reviewed",Forgotten Seasons; Forgotten Seasons (quest),unknown,unknown,unknown,"Travel, cold, carry weight, quest-state timing, courier delivery, and safe-storage implications deferred",source_listed_candidate,SN-000056-ae-quest-action-book-inventory.md,Source-listed AE quest/action document acquisition candidate; final route selection pending.
BOOKLOC-001716,OBJ-001473,Note on Demented Elytra Nymph,ae_book,ae_creation,,Skyrim,Eastmarch,Eastmarch,First Seducers bandit camp near Fort Kastav,Read and take before opening the Demented Elytra cage during the Saints and Seducers route.,No theft issue recorded for routed pickup in hostile camp.,Saints & Seducers; Balance of Power; My Pet Elytra (Dementia),none_known,none_known,none_known,Handled during prepared late Saints and Seducers camp route.,route_selected_later,SN-000056-ae-quest-action-book-inventory.md | SN-000242-elytra-pets-route.md,TB-044 validates note route at the first Seducers camp near Fort Kastav. SN-000242.
BOOKLOC-001717,OBJ-001474,Note on Manic Elytra Nymph,ae_book,ae_creation,,Skyrim,Whiterun Hold,Whiterun Hold,First Saints bandit camp near North Brittleshin Pass,Read and take before opening the Manic Elytra cage during the Saints and Seducers route.,No theft issue recorded for routed pickup in hostile camp.,Saints & Seducers; Balance of Power; My Pet Elytra (Mania),none_known,none_known,none_known,Handled during prepared late Saints and Seducers camp route.,route_selected_later,SN-000056-ae-quest-action-book-inventory.md | SN-000242-elytra-pets-route.md,TB-044 validates note route at the first Saints camp near North Brittleshin Pass. SN-000242.
BOOKLOC-001718,OBJ-001475,Note on New Wares,ae_book,ae_creation,,Skyrim,,,,Given to you by a courier after completing Balance of Power (up to the point when you have to return to Ri'saad) and Restoring Order,"Ownership, theft, quest-item, courier, and safe-storage handling not yet reviewed",Saints & Seducers; Balance of Power; Restoring Order,unknown,unknown,unknown,"Travel, cold, carry weight, quest-state timing, courier delivery, and safe-storage implications deferred",source_listed_candidate,SN-000056-ae-quest-action-book-inventory.md,Source-listed AE quest/action document acquisition candidate; final route selection pending.
BOOKLOC-001719,OBJ-001476,Note on Revenge for Kinthal,ae_book,ae_creation,,Skyrim,,,,Carried by a Saints Bandit who attacks sometime after you kill Kinthal,"Ownership, theft, quest-item, courier, and safe-storage handling not yet reviewed",Saints & Seducers; Balance of Power,unknown,unknown,unknown,"Travel, cold, carry weight, quest-state timing, courier delivery, and safe-storage implications deferred",source_listed_candidate,SN-000056-ae-quest-action-book-inventory.md,Source-listed AE quest/action document acquisition candidate; final route selection pending.
BOOKLOC-001720,OBJ-001477,Note on Revenge for Svarig,ae_book,ae_creation,,Skyrim,,,,Carried by a Seducers Bandit who attacks sometime after you kill Svarig,"Ownership, theft, quest-item, courier, and safe-storage handling not yet reviewed",Saints & Seducers; Balance of Power,unknown,unknown,unknown,"Travel, cold, carry weight, quest-state timing, courier delivery, and safe-storage implications deferred",source_listed_candidate,SN-000056-ae-quest-action-book-inventory.md,Source-listed AE quest/action document acquisition candidate; final route selection pending.
BOOKLOC-001721,OBJ-001478,Note on Spring,ae_book,ae_creation,,Skyrim,,,,"Runoff Caverns, Spring's Symphony","Ownership, theft, quest-item, courier, and safe-storage handling not yet reviewed",Forgotten Seasons; Forgotten Seasons (quest),unknown,unknown,unknown,"Travel, cold, carry weight, quest-state timing, courier delivery, and safe-storage implications deferred",source_listed_candidate,SN-000056-ae-quest-action-book-inventory.md,Source-listed AE quest/action document acquisition candidate; final route selection pending.
BOOKLOC-001722,OBJ-001479,Note on Strange Arms and Armor,ae_book,ae_creation,,Skyrim,,,,On a barrel in the root tunnels in the Solitude Sewers,"Ownership, theft, quest-item, courier, and safe-storage handling not yet reviewed",Saints & Seducers; Restoring Order,unknown,unknown,unknown,"Travel, cold, carry weight, quest-state timing, courier delivery, and safe-storage implications deferred",source_listed_candidate,SN-000056-ae-quest-action-book-inventory.md,Source-listed AE quest/action document acquisition candidate; final route selection pending.
BOOKLOC-001723,OBJ-001480,Note on Summer,ae_book,ae_creation,,Skyrim,,,,"Runoff Caverns, Summer's Chords","Ownership, theft, quest-item, courier, and safe-storage handling not yet reviewed",Forgotten Seasons; Forgotten Seasons (quest),unknown,unknown,unknown,"Travel, cold, carry weight, quest-state timing, courier delivery, and safe-storage implications deferred",source_listed_candidate,SN-000056-ae-quest-action-book-inventory.md,Source-listed AE quest/action document acquisition candidate; final route selection pending.
BOOKLOC-001724,OBJ-001481,Note on Winter,ae_book,ae_creation,,Skyrim,,,,"Runoff Caverns, Winter's Chimes","Ownership, theft, quest-item, courier, and safe-storage handling not yet reviewed",Forgotten Seasons; Forgotten Seasons (quest),unknown,unknown,unknown,"Travel, cold, carry weight, quest-state timing, courier delivery, and safe-storage implications deferred",source_listed_candidate,SN-000056-ae-quest-action-book-inventory.md,Source-listed AE quest/action document acquisition candidate; final route selection pending.
BOOKLOC-001725,OBJ-001482,Note on the Target,ae_book,ae_creation,,Skyrim,,,,Carried by a bird near the Bulwark,"Ownership, theft, quest-item, courier, and safe-storage handling not yet reviewed",Ghosts of the Tribunal; Buyer Beware,unknown,unknown,unknown,"Travel, cold, carry weight, quest-state timing, courier delivery, and safe-storage implications deferred",source_listed_candidate,SN-000056-ae-quest-action-book-inventory.md,Source-listed AE quest/action document acquisition candidate; final route selection pending.
BOOKLOC-001726,OBJ-001483,Note to Ehlhiel,ae_book,ae_creation,,Skyrim,Haafingar,Haafingar,Temple of the Divines,"In the Temple of the Divines in Solitude, upstairs on the right; read and take before going to Lost Echo Cave to save Ehlhiel.",Temple interior is generally owned; this is a quest document pickup. UESP notes it may remain a quest item after Double-Edged.,Alternative Armors - Leather; Double-Edged active after reading Zaharia's Note.,none_known,none_known,possible,Solitude interior pickup during Haafingar loop; stuck quest-item weight is zero.,provisional_objective_representative,SN-000056-ae-quest-action-book-inventory.md | SN-000224-double-edged-leather-route.md,TB-044 selects this as the routed Note to Ehlhiel pickup for the save-Ehlhiel outcome.
BOOKLOC-001727,OBJ-001484,Notes on Dissection,ae_book,ae_creation,,Skyrim,,,,"Quicksilver Mine, in the cavern with the shrine to Molag Bal, on a table in between multiple pieces of human bones and embalming tools","Ownership, theft, quest-item, courier, and safe-storage handling not yet reviewed",Vigil Enforcer Armor Set; Unholy Vigil,unknown,unknown,unknown,"Travel, cold, carry weight, quest-state timing, courier delivery, and safe-storage implications deferred",source_listed_candidate,SN-000056-ae-quest-action-book-inventory.md,Source-listed AE quest/action document acquisition candidate; final route selection pending.
BOOKLOC-001728,OBJ-001485,Notes on the Blacksmith,ae_book,ae_creation,,Skyrim,,,,Carried by Saints Bandit Leader,"Ownership, theft, quest-item, courier, and safe-storage handling not yet reviewed",Saints & Seducers; Golden and Dark Smithing,unknown,unknown,unknown,"Travel, cold, carry weight, quest-state timing, courier delivery, and safe-storage implications deferred",source_listed_candidate,SN-000056-ae-quest-action-book-inventory.md,Source-listed AE quest/action document acquisition candidate; final route selection pending.
BOOKLOC-001729,OBJ-001486,Notes on the Bone Forge,ae_book,ae_creation,,Skyrim,,,,Gallows Hall,"Ownership, theft, quest-item, courier, and safe-storage handling not yet reviewed",Gallows Hall; Dreams of the Dead,unknown,unknown,unknown,"Travel, cold, carry weight, quest-state timing, courier delivery, and safe-storage implications deferred",source_listed_candidate,SN-000056-ae-quest-action-book-inventory.md,Source-listed AE quest/action document acquisition candidate; final route selection pending.
BOOKLOC-001730,OBJ-001487,Notice: Fishing Contest,ae_book,ae_creation,,Skyrim,,,,Given by Viriya upon starting the related quest,"Routed as a quest handoff, corpse pickup, courier delivery, or exterior quest document; no theft route required.",Fishing; No Contest,none_known,none_known,none_known,Handled by the Viriya Fishing route block.,route_selected_later,SN-000056-ae-quest-action-book-inventory.md | SN-000232-viriya-fishing-chain-route.md,TB-044 reads Notice: Fishing Contest when Viriya starts No Contest.
BOOKLOC-001731,OBJ-001488,Pale-Eyes' Journal,ae_book,ae_creation,,Skyrim,,,,"On the body of Pale-Eyes, at a camp west of Northwatch Keep","Ownership, theft, quest-item, courier, and safe-storage handling not yet reviewed",Alternative Armors - Iron; Brothers in Irons,unknown,unknown,unknown,"Travel, cold, carry weight, quest-state timing, courier delivery, and safe-storage implications deferred",source_listed_candidate,SN-000056-ae-quest-action-book-inventory.md,Source-listed AE quest/action document acquisition candidate; final route selection pending.
BOOKLOC-001732,OBJ-001489,Peddler's Journal,ae_book,ae_creation,,Skyrim,,,,UESP Creation Club Books member page lists this as AE quest/action-related but does not list a fixed acquisition location; exact acquisition context deferred.,"Ownership, theft, quest-item, courier, and safe-storage handling not yet reviewed",Netch Leather Armor; More Than You Can Chew,unknown,unknown,unknown,"Travel, cold, carry weight, quest-state timing, courier delivery, and safe-storage implications deferred",provisional_objective_representative,SN-000056-ae-quest-action-book-inventory.md,No fixed location field on source page; reconcile during Creation-specific validation.
BOOKLOC-001733,OBJ-001490,Please Read Aloud,ae_book,ae_creation,,Skyrim,,,,"On your plate at the banquet table, Bloodchill Cavern","Ownership, theft, quest-item, courier, and safe-storage handling not yet reviewed",Bloodchill Manor; Guests for Dinner,unknown,unknown,unknown,"Travel, cold, carry weight, quest-state timing, courier delivery, and safe-storage implications deferred",source_listed_candidate,SN-000056-ae-quest-action-book-inventory.md,Source-listed AE quest/action document acquisition candidate; final route selection pending.
BOOKLOC-001734,OBJ-001491,Poem for Zaharia,ae_book,ae_creation,,Skyrim,,,,Carried by Fathrys,"Ownership, theft, quest-item, courier, and safe-storage handling not yet reviewed",Alternative Armors - Dragonscale; Tilted Scales,unknown,unknown,unknown,"Travel, cold, carry weight, quest-state timing, courier delivery, and safe-storage implications deferred",source_listed_candidate,SN-000056-ae-quest-action-book-inventory.md,Source-listed AE quest/action document acquisition candidate; final route selection pending.
BOOKLOC-001735,OBJ-001492,Possible Vampire Cave,ae_book,ae_creation,,Skyrim,,,,Carried by Durian in Bloodchill Cavern,"Ownership, theft, quest-item, courier, and safe-storage handling not yet reviewed",Bloodchill Manor; Guests for Dinner,unknown,unknown,unknown,"Travel, cold, carry weight, quest-state timing, courier delivery, and safe-storage implications deferred",source_listed_candidate,SN-000056-ae-quest-action-book-inventory.md,Source-listed AE quest/action document acquisition candidate; final route selection pending.
BOOKLOC-001736,OBJ-001493,Prisoner's Note,ae_book,ae_creation,,Skyrim,,,,The Pit,"Ownership, theft, quest-item, courier, and safe-storage handling not yet reviewed",Bittercup; The Pit (quest),unknown,unknown,unknown,"Travel, cold, carry weight, quest-state timing, courier delivery, and safe-storage implications deferred",source_listed_candidate,SN-000056-ae-quest-action-book-inventory.md,Source-listed AE quest/action document acquisition candidate; final route selection pending.
BOOKLOC-001737,OBJ-001494,Propaganda Letter,ae_book,ae_creation,,Skyrim,,,,Given to you by Priest Drureth,"Ownership, theft, quest-item, courier, and safe-storage handling not yet reviewed",Ghosts of the Tribunal; Her Word Against Theirs,unknown,unknown,unknown,"Travel, cold, carry weight, quest-state timing, courier delivery, and safe-storage implications deferred",source_listed_candidate,SN-000056-ae-quest-action-book-inventory.md,Source-listed AE quest/action document acquisition candidate; final route selection pending.
BOOKLOC-001738,OBJ-001495,Redoran Guard's Note,ae_book,ae_creation,,Skyrim,,,,On the body of the Redoran Guard,"Ownership, theft, quest-item, courier, and safe-storage handling not yet reviewed",Ghosts of the Tribunal; Buyer Beware,unknown,unknown,unknown,"Travel, cold, carry weight, quest-state timing, courier delivery, and safe-storage implications deferred",source_listed_candidate,SN-000056-ae-quest-action-book-inventory.md,Source-listed AE quest/action document acquisition candidate; final route selection pending.
BOOKLOC-001739,OBJ-001496,Ri'saad's Note on Bandit Attacks,ae_book,ae_creation,,Skyrim,,,,Given to you by Ri'saad,"Ownership, theft, quest-item, courier, and safe-storage handling not yet reviewed",Saints & Seducers; Balance of Power,unknown,unknown,unknown,"Travel, cold, carry weight, quest-state timing, courier delivery, and safe-storage implications deferred",source_listed_candidate,SN-000056-ae-quest-action-book-inventory.md,Source-listed AE quest/action document acquisition candidate; final route selection pending.
BOOKLOC-001740,OBJ-001497,Rin's Journal,ae_book,ae_creation,,Skyrim,,,,Goldenhills Plantation,"Ownership, theft, quest-item, courier, and safe-storage handling not yet reviewed",Farming; The Unquiet Dead,unknown,unknown,unknown,"Travel, cold, carry weight, quest-state timing, courier delivery, and safe-storage implications deferred",source_listed_candidate,SN-000056-ae-quest-action-book-inventory.md,Source-listed AE quest/action document acquisition candidate; final route selection pending.
BOOKLOC-001741,OBJ-001498,Saints Bandit Leader's Journal,ae_book,ae_creation,,Skyrim,,,,Carried by Saints Bandit Leader,"Ownership, theft, quest-item, courier, and safe-storage handling not yet reviewed",Saints & Seducers; Balance of Power,unknown,unknown,unknown,"Travel, cold, carry weight, quest-state timing, courier delivery, and safe-storage implications deferred",source_listed_candidate,SN-000056-ae-quest-action-book-inventory.md,Source-listed AE quest/action document acquisition candidate; final route selection pending.
BOOKLOC-001742,OBJ-001499,Seducers Bandit Leader's Journal,ae_book,ae_creation,,Skyrim,,,,Carried by Seducers Bandit Leader,"Ownership, theft, quest-item, courier, and safe-storage handling not yet reviewed",Saints & Seducers; Balance of Power,unknown,unknown,unknown,"Travel, cold, carry weight, quest-state timing, courier delivery, and safe-storage implications deferred",source_listed_candidate,SN-000056-ae-quest-action-book-inventory.md,Source-listed AE quest/action document acquisition candidate; final route selection pending.
BOOKLOC-001743,OBJ-001500,Seedy Guard's Note,ae_book,ae_creation,,Skyrim,Whiterun Hold,Whiterun Hold,Lost caravan east of Loreius Farm,On a skeleton at the lost caravan east of Loreius Farm; take and read during Legends Lost.,Skeleton/quest-site pickup; no theft handling noted by current source pass.,Sunder & Wraithguard; Legends Lost active after Carriage Driver's Note,none_known,none_known,none_known,Central road stop; held until full Sunder/Wraithguard chain is routed.,provisional_objective_representative,SN-000056-ae-quest-action-book-inventory.md | SN-000247-legends-lost-sunder-wraithguard-route.md,TB-044 routes this note during the continuous Legends Lost chain.
BOOKLOC-001744,OBJ-001501,"Seeks-Ancient-Artifacts' Journal, v1",ae_book,ae_creation,,Skyrim,,,,"The Frozen Hearth, Winterhold","Ownership, theft, quest-item, courier, and safe-storage handling not yet reviewed",Nchuanthumz: Dwarven Home; The Sanctuary and the Manufactory,unknown,unknown,unknown,"Travel, cold, carry weight, quest-state timing, courier delivery, and safe-storage implications deferred",source_listed_candidate,SN-000056-ae-quest-action-book-inventory.md,Source-listed AE quest/action document acquisition candidate; final route selection pending.
BOOKLOC-001745,OBJ-001502,"Seeks-Ancient-Artifacts' Journal, v2",ae_book,ae_creation,,Skyrim,,,,"On the body of Seeks-Ancient-Artifacts, Nchuanthumz Manufactory","Ownership, theft, quest-item, courier, and safe-storage handling not yet reviewed",Nchuanthumz: Dwarven Home; The Sanctuary and the Manufactory,unknown,unknown,unknown,"Travel, cold, carry weight, quest-state timing, courier delivery, and safe-storage implications deferred",source_listed_candidate,SN-000056-ae-quest-action-book-inventory.md,Source-listed AE quest/action document acquisition candidate; final route selection pending.
BOOKLOC-001746,OBJ-001503,Seviur's Journal,ae_book,ae_creation,,Skyrim,,,,Found on Seviur's body near the Fishing Shack,"Routed as a quest handoff, corpse pickup, courier delivery, or exterior quest document; no theft route required.",Fishing; Crustacean Extermination,none_known,none_known,none_known,Handled by the Viriya Fishing route block.,route_selected_later,SN-000056-ae-quest-action-book-inventory.md | SN-000232-viriya-fishing-chain-route.md,TB-044 takes and reads Seviur's Journal from Seviur during Crustacean Extermination.
BOOKLOC-001747,OBJ-001504,Shogarz's Journal,ae_book,ae_creation,,Skyrim,,Eastmarch,Lost Knife Hideout,Found on Shogarz gro-Batul's corpse in the arena/cage area during Blood in the Water.,Loot from corpse during quest route; no theft handling needed.,Blood in the Water active,none_known,none_known,none_known,Handled during the Windhelm/Eastmarch Lost Knife route.,route_selected_later,SN-000056-ae-quest-action-book-inventory.md | SN-000240-blood-in-the-water-headmans-cleaver-route.md,TB-044 routes Shogarz's Journal during Blood in the Water. SN-000240.
BOOKLOC-001748,OBJ-001505,Sirayar's Note,ae_book,ae_creation,,Skyrim,,,,Given to you by Sirayar in Ivarstead,"Ownership, theft, quest-item, courier, and safe-storage handling not yet reviewed",Redguard Elite Armaments; Interception,unknown,unknown,unknown,"Travel, cold, carry weight, quest-state timing, courier delivery, and safe-storage implications deferred",source_listed_candidate,SN-000056-ae-quest-action-book-inventory.md,Source-listed AE quest/action document acquisition candidate; final route selection pending.
BOOKLOC-001749,OBJ-001506,Skjol's Journal,ae_book,ae_creation,,Solstheim,Solstheim,,,Camp south of Skaal Village,"Ownership, theft, quest-item, courier, and safe-storage handling not yet reviewed",Alternative Armors - Stalhrim Fur; Ancient Ice,unknown,unknown,unknown,"Travel, cold, carry weight, quest-state timing, courier delivery, and safe-storage implications deferred",source_listed_candidate,SN-000056-ae-quest-action-book-inventory.md,Source-listed AE quest/action document acquisition candidate; final route selection pending.
BOOKLOC-001750,OBJ-001507,Smuggler's Trade Notes,ae_book,ae_creation,,Skyrim,,,,An unmarked bandit camp southwest of Whitewatch Tower x=21980|y=3882,"Ownership, theft, quest-item, courier, and safe-storage handling not yet reviewed",Staff of Hasedoki; The Staff of Hasedoki,unknown,unknown,unknown,"Travel, cold, carry weight, quest-state timing, courier delivery, and safe-storage implications deferred",source_listed_candidate,SN-000056-ae-quest-action-book-inventory.md,Source-listed AE quest/action document acquisition candidate; final route selection pending.
BOOKLOC-001751,OBJ-001508,Soran's Journal,ae_book,ae_creation,,Skyrim,,,,The Arcanaeum,"Ownership, theft, quest-item, courier, and safe-storage handling not yet reviewed",Wild Horses; Creature of Legend,unknown,unknown,unknown,"Travel, cold, carry weight, quest-state timing, courier delivery, and safe-storage implications deferred",source_listed_candidate,SN-000056-ae-quest-action-book-inventory.md,Source-listed AE quest/action document acquisition candidate; final route selection pending.
BOOKLOC-001752,OBJ-001509,Stable Hand's Note,ae_book,ae_creation,,Skyrim,central_skyrim,Whiterun Hold,Whiterun Stables,On the dead stable hand behind the leftmost stall/haystack.,Looted from quest corpse; no theft handling flagged.,Bow of Shadows; In the Shadows active; Business Ledger Copy read.,not_applicable,none_known,possible,Whiterun Stables outdoor stop before Silent Moons travel.,route_selected_later,SN-000056-ae-quest-action-book-inventory.md | SN-000228-in-the-shadows-bow-route.md,TB-044 route-selected: loot/read from the dead stable hand; Detect Life tome remains unread for selected spell-source handling.
BOOKLOC-001753,OBJ-001510,Steward's Note,ae_book,ae_creation,,Skyrim,central_skyrim,Whiterun Hold,"Dragonsreach, Whiterun",Given by Proventus Avenicci or Brill when asking the current Whiterun steward for work.,Given directly by steward; no theft handling.,Bow of Shadows; start only after HS-BOW-OF-SHADOWS and while Jarl is not in blocked occupied scene.,not_applicable,possible,possible,Inside Whiterun/Dragonsreach.,route_selected_later,SN-000056-ae-quest-action-book-inventory.md | SN-000228-in-the-shadows-bow-route.md,TB-044 route-selected: receive/read/take as the In the Shadows start note.
BOOKLOC-001754,OBJ-001511,Stranger's Final Instructions (alternate),ae_book,ae_creation,,Skyrim,The Rift; Haafingar; The Pale,Haafingar,Solitude,Barrel behind The Winking Skeever in Solitude,Main forged-deed path variant; read/take after placing the Forged Deed.,The Gray Cowl of Nocturnal active after Erikur's House deed handling.,none_known,possible,none_known,"Handled during late Gray Cowl route with food, carry space, and owned-storage unload afterward.",route_selected_later,SN-000056-ae-quest-action-book-inventory.md | SN-000248-gray-cowl-nocturnal-route.md,TB-044 selected this source-listed Gray Cowl document copy for the player-facing route.
BOOKLOC-001755,OBJ-001512,Stranger's Final Instructions (pickpocket),ae_book,ae_creation,,Skyrim,The Rift; Haafingar; The Pale,Haafingar,Solitude,Barrel behind The Winking Skeever in Solitude,"Branch-only pickpocket variant; read/take from HS-GRAY-COWL-GISLI, then reload main continuity.",Branch after pickpocketing Gisli for the Land Title and Deed.,none_known,possible,none_known,"Handled during late Gray Cowl route with food, carry space, and owned-storage unload afterward.",route_selected_later,SN-000056-ae-quest-action-book-inventory.md | SN-000248-gray-cowl-nocturnal-route.md,TB-044 selected this source-listed Gray Cowl document copy for the player-facing route.
BOOKLOC-001756,OBJ-001513,Stranger's Instructions,ae_book,ae_creation,,Skyrim,The Rift; Haafingar; The Pale,The Rift,Riften,Strong Box in Bolli's House,"Read/take with Nivenor's Journal, Forged Deed, and Antique Nordic Doll.",The Gray Cowl of Nocturnal active after Stranger's Note.,none_known,none_known,none_known,"Handled during late Gray Cowl route with food, carry space, and owned-storage unload afterward.",route_selected_later,SN-000056-ae-quest-action-book-inventory.md | SN-000248-gray-cowl-nocturnal-route.md,TB-044 selected this source-listed Gray Cowl document copy for the player-facing route.
BOOKLOC-001757,OBJ-001514,Stranger's Journal,ae_book,ae_creation,,Skyrim,The Rift; Haafingar; The Pale,The Rift,Riften,Riften graveyard,Read/take at the Gray Fox grave after returning from Silverdrift with deed and sword.,The Gray Cowl of Nocturnal active after Silverdrift sword recovery.,none_known,none_known,none_known,"Handled during late Gray Cowl route with food, carry space, and owned-storage unload afterward.",route_selected_later,SN-000056-ae-quest-action-book-inventory.md | SN-000248-gray-cowl-nocturnal-route.md,TB-044 selected this source-listed Gray Cowl document copy for the player-facing route.
BOOKLOC-001758,OBJ-001515,Stranger's Note,ae_book,ae_creation,,Skyrim,The Rift; Haafingar; The Pale,The Rift,Riften,Given by Edda or Snilf after speaking the code phrase,Quest handoff note; read immediately after the beggar gives it.,Thief's Note read and code phrase available.,none_known,none_known,none_known,"Handled during late Gray Cowl route with food, carry space, and owned-storage unload afterward.",route_selected_later,SN-000056-ae-quest-action-book-inventory.md | SN-000248-gray-cowl-nocturnal-route.md,TB-044 selected this source-listed Gray Cowl document copy for the player-facing route.
BOOKLOC-001759,OBJ-001516,Suicide at Dragon Bridge,ae_book,ae_creation,,Skyrim,,,,Found on the bar in Four Shields Tavern,"Ownership, theft, quest-item, courier, and safe-storage handling not yet reviewed",Alternative Armors - Steel Soldier; Over the Edge,unknown,unknown,unknown,"Travel, cold, carry weight, quest-state timing, courier delivery, and safe-storage implications deferred",source_listed_candidate,SN-000056-ae-quest-action-book-inventory.md,Source-listed AE quest/action document acquisition candidate; final route selection pending.
BOOKLOC-001760,OBJ-001517,Svarig's Journal,ae_book,ae_creation,,Skyrim,,,,Carried by Svarig,"Ownership, theft, quest-item, courier, and safe-storage handling not yet reviewed",Saints & Seducers; Balance of Power; Restoring Order,unknown,unknown,unknown,"Travel, cold, carry weight, quest-state timing, courier delivery, and safe-storage implications deferred",source_listed_candidate,SN-000056-ae-quest-action-book-inventory.md,Source-listed AE quest/action document acquisition candidate; final route selection pending.
BOOKLOC-001761,OBJ-001518,Telekinesis Arrows Research Notes,ae_book,ae_creation,,Skyrim,,,,On Urag gro-Shub's desk in the Arcanaeum,"Ownership, theft, quest-item, courier, and safe-storage handling not yet reviewed",Arcane Archer Pack; Swift as an Arrow,unknown,unknown,unknown,"Travel, cold, carry weight, quest-state timing, courier delivery, and safe-storage implications deferred",source_listed_candidate,SN-000056-ae-quest-action-book-inventory.md,Source-listed AE quest/action document acquisition candidate; final route selection pending.
BOOKLOC-001762,OBJ-001519,The Alik'r,ae_book,ae_creation,,Skyrim,,,,"South of Sunderstone Gorge, on the back of a wagon","Ownership, theft, quest-item, courier, and safe-storage handling not yet reviewed",Redguard Elite Armaments; Interception,unknown,unknown,unknown,"Travel, cold, carry weight, quest-state timing, courier delivery, and safe-storage implications deferred",source_listed_candidate,SN-000056-ae-quest-action-book-inventory.md,Source-listed AE quest/action document acquisition candidate; final route selection pending.
BOOKLOC-001763,OBJ-001520,"The Crimson Dirks, v2",ae_book,ae_creation,,Skyrim,,Whiterun Hold,Lund's Hut,Inside the Lund's Hut chest opened with M'Sharra's Key during When the Cat's Away.,Quest chest opened with key; route reads/takes the book with the Silver armor set.,Alternative Armors - Silver; When the Cat's Away chest stage,none_known,none_known,none_known,Collected during the Goldenhills/Rorikstead western-road support loop.,route_selected_later,SN-000056-ae-quest-action-book-inventory.md | SN-000226-when-the-cats-away-silver-route.md,TB-044 routes The Crimson Dirks v2 from the Silver armor chest at Lund's Hut.
BOOKLOC-001764,OBJ-001521,"The Crimson Dirks, v3",ae_book,ae_creation,,Skyrim,,Whiterun Hold,Whiterun - Dragonsreach Dungeon,On the hallway dining table left of the first cell door in Dragonsreach Dungeon.,Quest-related Creation book on table; read/take with Death of a Crimson Dirk.,Alternative Armors - Daedric Plate; Beyond the Grave setup.,none_known,none_known,none_known,Whiterun warm-city stop before Falkreath and Knifepoint travel.,source_listed_candidate,SN-000056-ae-quest-action-book-inventory.md | SN-000219-beyond-the-grave-daedric-plate-route.md,"TB-044 resolves the route from The Crimson Dirks, v3 page; guide reads/takes it in Dragonsreach Dungeon. SN-000219."
BOOKLOC-001765,OBJ-001522,"The Crimson Dirks, v4",ae_book,ae_creation,,Skyrim,,,,"Candlehearth Hall, on a table in the lower hallway","Ownership, theft, quest-item, courier, and safe-storage handling not yet reviewed",Alternative Armors - Dragonscale; Tilted Scales,unknown,unknown,unknown,"Travel, cold, carry weight, quest-state timing, courier delivery, and safe-storage implications deferred",source_listed_candidate,SN-000056-ae-quest-action-book-inventory.md,Source-listed AE quest/action document acquisition candidate; final route selection pending.
BOOKLOC-001766,OBJ-001523,"The Crimson Dirks, v5",ae_book,ae_creation,,Skyrim,,Eastmarch,Traitor's Post,Found on Gunther Frost-Foot during Missing Merchant.,Quest-related corpse inventory; loot/read/take during Traitor's Post clear.,Alternative Armors - Daedric Mail; Missing Merchant active.,none_known,none_known,none_known,Eastmarch road combat stop; use Windhelm support before and after.,source_listed_candidate,SN-000056-ae-quest-action-book-inventory.md | SN-000218-missing-merchant-daedric-mail-route.md,"TB-044 confirms Gunther carries The Crimson Dirks, v5 and routes the read/take. SN-000218."
BOOKLOC-001767,OBJ-001524,"The Crimson Dirks, v6",ae_book,ae_creation,,Skyrim,Eastmarch,Eastmarch,Cragslane Cavern,Secondary-supported route source: on Antonius in Cragslane Cavern during Gambler's Edge; UESP confirms the quest relation but leaves the individual book location field blank.,Loot from Antonius during the hostile Cragslane route; preserve with AE Crimson Dirks volumes.,Alternative Armors - Orcish Scaled; Gambler's Edge active.,none_known,unknown,unknown,Handled during the Cragslane clear already routed for Supply and Demand.,provisional_objective_representative,SN-000056-ae-quest-action-book-inventory.md | SN-000225-gamblers-edge-orcish-scaled-route.md,TB-044 routes The Crimson Dirks v6 from Antonius with medium confidence; source note records the UESP blank-location caveat and secondary support.
BOOKLOC-001768,OBJ-001525,"The Crimson Dirks, v7",ae_book,ae_creation,,Skyrim,Falkreath Hold,Falkreath Hold,Aesrael's camp west of Sunderstone Gorge,In Aesrael's chest; open it with Aesrael's Key during Once A Hunter.,Quest chest reward after hostile camp fight; preserve the book with AE quest documents.,Alternative Armors - Elven Hunter; Once A Hunter active; Aesrael's Key obtained.,none_known,none_known,none_known,Exterior Sunderstone-area camp before the Interception caravan route; unload after the AE pass.,provisional_objective_representative,SN-000056-ae-quest-action-book-inventory.md | SN-000223-once-a-hunter-elven-hunter-route.md,TB-044 selects this as the routed The Crimson Dirks v7 pickup during Once A Hunter.
BOOKLOC-001769,OBJ-001526,The Ebon Arm,ae_book,ae_creation,,Skyrim,,,,"In the Remnant Supply Chest, Purewater Run","Ownership, theft, quest-item, courier, and safe-storage handling not yet reviewed",Redguard Elite Armaments; Interception,unknown,unknown,unknown,"Travel, cold, carry weight, quest-state timing, courier delivery, and safe-storage implications deferred",source_listed_candidate,SN-000056-ae-quest-action-book-inventory.md,Source-listed AE quest/action document acquisition candidate; final route selection pending.
BOOKLOC-001770,OBJ-001527,The Fisher King,ae_book,ae_creation,,Skyrim,,,,Given by a courier if male after completing The Ultimate Feast,"Routed as a quest handoff, corpse pickup, courier delivery, or exterior quest document; no theft route required.",Fishing; The Ultimate Feast,none_known,none_known,none_known,Handled by the Viriya Fishing route block.,route_selected_later,SN-000056-ae-quest-action-book-inventory.md | SN-000232-viriya-fishing-chain-route.md,TB-044 accounts for The Fisher King as the male-character courier book after The Ultimate Feast; read/store it if it arrives.
BOOKLOC-001771,OBJ-001528,The Fisher Queen,ae_book,ae_creation,,Skyrim,,,,Given by a courier if female after completing The Ultimate Feast,"Routed as a quest handoff, corpse pickup, courier delivery, or exterior quest document; no theft route required.",Fishing; The Ultimate Feast,none_known,none_known,none_known,Handled by the Viriya Fishing route block.,route_selected_later,SN-000056-ae-quest-action-book-inventory.md | SN-000232-viriya-fishing-chain-route.md,TB-044 accounts for The Fisher Queen as the female-character courier book after The Ultimate Feast; read/store it if it arrives.
BOOKLOC-001772,OBJ-001529,The Restless (book),ae_book,ae_creation,,Skyrim,,,,The Winking Skeever,"Ownership, theft, quest-item, courier, and safe-storage handling not yet reviewed",Dead Man's Dread; The Restless,unknown,unknown,unknown,"Travel, cold, carry weight, quest-state timing, courier delivery, and safe-storage implications deferred",source_listed_candidate,SN-000056-ae-quest-action-book-inventory.md,Source-listed AE quest/action document acquisition candidate; final route selection pending.
BOOKLOC-001773,OBJ-001530,The Sword of Clan Ice-Blade,ae_book,ae_creation,,Skyrim,The Rift; Haafingar; The Pale,The Pale,Silverdrift Lair,Chest in Silverdrift Lair,Read/take from the quest chest after taking Silverdrift Chest Key from the lantern corpse; route confirms word wall before leaving.,The Gray Cowl of Nocturnal active at Silverdrift Lair.,possible,possible,possible,"Handled during late Gray Cowl route with food, carry space, and owned-storage unload afterward.",route_selected_later,SN-000056-ae-quest-action-book-inventory.md | SN-000248-gray-cowl-nocturnal-route.md,TB-044 selected this source-listed Gray Cowl document copy for the player-facing route.
BOOKLOC-001774,OBJ-001531,Thief's Note,ae_book,ae_creation,,Skyrim,The Rift; Haafingar; The Pale,The Rift,Riften,Carried by the Riften graveyard thief,"Quest-start note; read from thief corpse, including guard-killed offscreen case.",The Gray Cowl Returns installed; confront the graveyard thief.,none_known,possible,possible,"Handled during late Gray Cowl route with food, carry space, and owned-storage unload afterward.",route_selected_later,SN-000056-ae-quest-action-book-inventory.md | SN-000248-gray-cowl-nocturnal-route.md,TB-044 selected this source-listed Gray Cowl document copy for the player-facing route.
BOOKLOC-001775,OBJ-001532,Thoron's Journal - Volume 1,ae_book,ae_creation,,Skyrim,,,,Carried by Thoron,"Ownership, theft, quest-item, courier, and safe-storage handling not yet reviewed",Saints & Seducers; Restoring Order,unknown,unknown,unknown,"Travel, cold, carry weight, quest-state timing, courier delivery, and safe-storage implications deferred",source_listed_candidate,SN-000056-ae-quest-action-book-inventory.md,Source-listed AE quest/action document acquisition candidate; final route selection pending.
BOOKLOC-001776,OBJ-001533,Thoron's Journal - Volume 2,ae_book,ae_creation,,Skyrim,,,,Carried by Thoron,"Ownership, theft, quest-item, courier, and safe-storage handling not yet reviewed",Saints & Seducers; Restoring Order,unknown,unknown,unknown,"Travel, cold, carry weight, quest-state timing, courier delivery, and safe-storage implications deferred",source_listed_candidate,SN-000056-ae-quest-action-book-inventory.md,Source-listed AE quest/action document acquisition candidate; final route selection pending.
BOOKLOC-001777,OBJ-001534,Thoron's Journal - Volume 3,ae_book,ae_creation,,Skyrim,,,,On a table near Thoron,"Ownership, theft, quest-item, courier, and safe-storage handling not yet reviewed",Saints & Seducers; Restoring Order,unknown,unknown,unknown,"Travel, cold, carry weight, quest-state timing, courier delivery, and safe-storage implications deferred",source_listed_candidate,SN-000056-ae-quest-action-book-inventory.md,Source-listed AE quest/action document acquisition candidate; final route selection pending.
BOOKLOC-001778,OBJ-001535,To (Player),ae_book,ae_creation,,Skyrim,Eastmarch,Eastmarch,Watcher of Windhelm Shrine of Talos,"Carried by Tyra Blood-Fire; loot, read, and preserve after defeating her during Heart of Crimson.",Enemy corpse loot after hostile quest fight; keep combat away from civilians and preserve the note with AE quest documents.,Alternative Armors - Ebony Plate; Heart of Crimson; Windhelm Docks beggar step completed,none_known,none_known,none_known,Cold exterior shrine fight southwest of Windhelm; recover at Windhelm after looting.,provisional_objective_representative,SN-000056-ae-quest-action-book-inventory.md | SN-000222-heart-of-crimson-ebony-plate-route.md,TB-044 routes Tyra's To (Player) note with the Heart of Crimson completion pickup.
BOOKLOC-001779,OBJ-001536,Tolif's Journal,ae_book,ae_creation,,Skyrim,,,,Found inside the Fishing Shack near Dawnstar,"Routed as a quest handoff, corpse pickup, courier delivery, or exterior quest document; no theft route required.",Fishing; Crustacean Extermination,none_known,none_known,none_known,Handled by the Viriya Fishing route block.,route_selected_later,SN-000056-ae-quest-action-book-inventory.md | SN-000232-viriya-fishing-chain-route.md,TB-044 reads and takes Tolif's Journal inside the Dawnstar Fishing Shack during Crustacean Extermination.
BOOKLOC-001780,OBJ-001537,Torn Page,ae_book,ae_creation,,Skyrim,,,,Goldenhills Plantation,"Ownership, theft, quest-item, courier, and safe-storage handling not yet reviewed",Farming; The Unquiet Dead,unknown,unknown,unknown,"Travel, cold, carry weight, quest-state timing, courier delivery, and safe-storage implications deferred",source_listed_candidate,SN-000056-ae-quest-action-book-inventory.md,Source-listed AE quest/action document acquisition candidate; final route selection pending.
BOOKLOC-001781,OBJ-001538,Treasure Hunter's Journal,ae_book,ae_creation,,Skyrim,,,,"Champion's Rest Amphitheater, within Umbra's private quarters","Ownership, theft, quest-item, courier, and safe-storage handling not yet reviewed",Umbra; Vile Whispers,unknown,unknown,unknown,"Travel, cold, carry weight, quest-state timing, courier delivery, and safe-storage implications deferred",source_listed_candidate,SN-000056-ae-quest-action-book-inventory.md,Source-listed AE quest/action document acquisition candidate; final route selection pending.
BOOKLOC-001782,OBJ-001539,Undercover Guard's Journal,ae_book,ae_creation,,Skyrim,,,,In a barrel behind the Nightgate Inn,"Ownership, theft, quest-item, courier, and safe-storage handling not yet reviewed",Alternative Armors - Iron; Brothers in Irons,unknown,unknown,unknown,"Travel, cold, carry weight, quest-state timing, courier delivery, and safe-storage implications deferred",source_listed_candidate,SN-000056-ae-quest-action-book-inventory.md,Source-listed AE quest/action document acquisition candidate; final route selection pending.
BOOKLOC-001783,OBJ-001540,Urval's Journal,ae_book,ae_creation,,Skyrim,,,,Goldenhills Plantation,"Ownership, theft, quest-item, courier, and safe-storage handling not yet reviewed",Farming; The Unquiet Dead,unknown,unknown,unknown,"Travel, cold, carry weight, quest-state timing, courier delivery, and safe-storage implications deferred",source_listed_candidate,SN-000056-ae-quest-action-book-inventory.md,Source-listed AE quest/action document acquisition candidate; final route selection pending.
BOOKLOC-001784,OBJ-001541,Urzog's Journal,ae_book,ae_creation,,Skyrim,,Eastmarch,Lost Knife Hideout,"Carried by the Darkwater Snake per individual page; quest page places it on a nearby table in the arena/cage area, so route checks both before leaving.",Loot/read during hostile quest clear; no theft handling needed.,Blood in the Water active,none_known,none_known,none_known,Handled during the Windhelm/Eastmarch Lost Knife route.,route_selected_later,SN-000056-ae-quest-action-book-inventory.md | SN-000240-blood-in-the-water-headmans-cleaver-route.md,TB-044 routes Urzog's Journal during the Darkwater Snake arena/cage sequence and accounts for source placement variance. SN-000240.
BOOKLOC-001785,OBJ-001542,Velyne's Letter,ae_book,ae_creation,,Skyrim,Falkreath Hold,Falkreath Hold,Wrecked caravan northwest of Peak's Shade Tower,On Velyne's skeleton at the wrecked caravan northwest of Peak's Shade Tower; take the letter and Attunement Crystal before reading the letter from inventory.,Skeleton/quest-site pickup; no theft handling noted by current source pass.,Sunder & Wraithguard; Legends Lost active after Caravan Captain's Note,none_known,possible,possible,Falkreath road stop before the cold Sightless Pit route.,provisional_objective_representative,SN-000056-ae-quest-action-book-inventory.md | SN-000247-legends-lost-sunder-wraithguard-route.md,TB-044 routes this final clue and Attunement Crystal pickup with take-before-read handling for the UESP-noted quest-advance bug.
BOOKLOC-001786,OBJ-001543,Vigilant's Report,ae_book,ae_creation,,Skyrim,,,,On a table in the first room of Champion's Rest,"Ownership, theft, quest-item, courier, and safe-storage handling not yet reviewed",Umbra; Vile Whispers,unknown,unknown,unknown,"Travel, cold, carry weight, quest-state timing, courier delivery, and safe-storage implications deferred",source_listed_candidate,SN-000056-ae-quest-action-book-inventory.md,Source-listed AE quest/action document acquisition candidate; final route selection pending.
BOOKLOC-001787,OBJ-001544,Viriya's Hastily Written Letter,ae_book,ae_creation,,Skyrim,,,,Given by a Courier some time after completing Beneath Bronze Waters,"Routed as a quest handoff, corpse pickup, courier delivery, or exterior quest document; no theft route required.",Fishing; Wave Breaker,none_known,none_known,none_known,Handled by the Viriya Fishing route block.,route_selected_later,SN-000056-ae-quest-action-book-inventory.md | SN-000233-beneath-bronze-wave-route.md,TB-044 reads Viriya's Hastily Written Letter when Wave Breaker starts by courier.
BOOKLOC-001788,OBJ-001545,Wanted: A Seafood Feast,ae_book,ae_creation,,Skyrim,,,,Given by Viriya upon starting the related quest,"Routed as a quest handoff, corpse pickup, courier delivery, or exterior quest document; no theft route required.",Fishing; The Ultimate Feast,none_known,none_known,none_known,Handled by the Viriya Fishing route block.,route_selected_later,SN-000056-ae-quest-action-book-inventory.md | SN-000232-viriya-fishing-chain-route.md,TB-044 reads Wanted: A Seafood Feast when Viriya starts The Ultimate Feast.
BOOKLOC-001789,OBJ-001546,Wanted: Fishing Tutor,ae_book,ae_creation,,Skyrim,,,,Given by Viriya upon starting the related quest,"Routed as a quest handoff, corpse pickup, courier delivery, or exterior quest document; no theft route required.",Fishing; Private Lessons,none_known,none_known,none_known,Handled by the Viriya Fishing route block.,route_selected_later,SN-000056-ae-quest-action-book-inventory.md | SN-000232-viriya-fishing-chain-route.md,TB-044 reads Wanted: Fishing Tutor when Viriya starts Private Lessons.
BOOKLOC-001790,OBJ-001547,Warrior's Challenge,ae_book,ae_creation,,Skyrim,,,,Delivered by Courier upon reaching level 10,"Ownership, theft, quest-item, courier, and safe-storage handling not yet reviewed",Hendraheim; Hendraheim (quest),unknown,unknown,unknown,"Travel, cold, carry weight, quest-state timing, courier delivery, and safe-storage implications deferred",source_listed_candidate,SN-000056-ae-quest-action-book-inventory.md,Source-listed AE quest/action document acquisition candidate; final route selection pending.
BOOKLOC-001791,OBJ-001548,Wild Horse Notes,ae_book,ae_creation,,Skyrim,,,,Available from stables for 250 gold,"Ownership, theft, quest-item, courier, and safe-storage handling not yet reviewed",Wild Horses; Horse Whisperer,unknown,unknown,unknown,"Travel, cold, carry weight, quest-state timing, courier delivery, and safe-storage implications deferred",source_listed_candidate,SN-000056-ae-quest-action-book-inventory.md,Source-listed AE quest/action document acquisition candidate; final route selection pending.
BOOKLOC-001792,OBJ-001549,Yakhtu's Journal,ae_book,ae_creation,,Skyrim,,,,"On the body of Yakhtu gra-Orkulg, Embershard Mine","Ownership, theft, quest-item, courier, and safe-storage handling not yet reviewed",Alternative Armors - Orcish Plate; Smith 'N Slash,unknown,unknown,unknown,"Travel, cold, carry weight, quest-state timing, courier delivery, and safe-storage implications deferred",source_listed_candidate,SN-000056-ae-quest-action-book-inventory.md,Source-listed AE quest/action document acquisition candidate; final route selection pending.
BOOKLOC-001793,OBJ-001550,Zaharia's Note,ae_book,ae_creation,,Skyrim,The Reach,The Reach,Cliffside Retreat,On a barrel at Cliffside Retreat with Guard's Dossier: Ehlhiel; read and take to start Double-Edged.,Cliffside ordinary supplies are owned; guide takes only the quest papers and avoids stealing hunter supplies.,Alternative Armors - Leather; starts Double-Edged.,none_known,none_known,none_known,Roadside shack south of Dragon Bridge during the Haafingar western loop.,provisional_objective_representative,SN-000056-ae-quest-action-book-inventory.md | SN-000224-double-edged-leather-route.md,TB-044 selects this as the routed Double-Edged start document.
BOOKLOC-001794,OBJ-001551,Zaria's Note from Jarl,ae_book,ae_creation,,Skyrim,,,,Given by Zaria after delivering a glassfish,"Routed as a quest handoff, corpse pickup, courier delivery, or exterior quest document; no theft route required.",Fishing; Clear-Headed,none_known,none_known,none_known,Handled by the Viriya Fishing route block.,route_selected_later,SN-000056-ae-quest-action-book-inventory.md | SN-000232-viriya-fishing-chain-route.md,TB-044 reads Zaria's Note from Jarl during Clear-Headed.
BOOKLOC-001795,OBJ-001552,Letter from Shogarz gro-Batul,ae_book,ae_creation,,Skyrim,,Eastmarch,Windhelm; any innkeeper,Innkeeper hands the letter when the player asks for work to start Blood in the Water; route uses Candlehearth Hall.,Quest-start handoff; read and keep the note.,Blood in the Water start,none_known,none_known,possible,Handled at Candlehearth Hall before Eastmarch road travel.,route_selected_later,SN-000057-book-document-reconciliation.md | SN-000240-blood-in-the-water-headmans-cleaver-route.md,Individual letter page has no fixed location field; quest page supplies the deterministic innkeeper handoff. SN-000240.
BOOKLOC-001796,OBJ-001553,Orders (Orcish Scaled),ae_book,ae_creation,,Skyrim,The Rift,The Rift,The Bee and Barb,Carried by the Armor Collector at the Bee and Barb; route pickpockets it with a rotating manual save before buying the armor set.,Pickpocket-only document handling; reload the rotating save if the attempt creates a bounty or hostile inn state.,Alternative Armors - Orcish Scaled; Gambler's Edge active after Antonius' Note points back to Riften.,none_known,none_known,none_known,Bee and Barb interior pickup during the Riften selling and Frost setup window.,source_listed_candidate,SN-000057-book-document-reconciliation.md | SN-000225-gamblers-edge-orcish-scaled-route.md,TB-044 selects this as the routed Orders pickup from the Armor Collector.
BOOKLOC-001797,OBJ-001554,Skorvild's Journal,ae_book,ae_creation,,Skyrim,,,The Two Pillars,On the body of Skorvild at the Two Pillars.,"Ownership, theft, quest-item, courier, and safe-storage handling not yet reviewed",The Cause; The Cause (quest),unknown,unknown,unknown,"Travel, cold, carry weight, quest-state timing, courier delivery, and safe-storage implications deferred",source_listed_candidate,SN-000057-book-document-reconciliation.md,Source-listed AE quest/action document acquisition candidate; final route selection pending.
