book_location_id,objective_id,book_title,book_category,source_content,skill_or_school,worldspace,region,hold,location,location_detail,ownership_or_crime_notes,quest_or_state_dependency,cell_entry_lock_risk,missability,bug_risk,survival_mode_relevance,route_candidate_status,citations,notes
BOOKLOC-000001,OBJ-000819,A Game at Dinner,skill_book,base_game,Alchemy,Skyrim,,The Reach,Dead Crone Rock,"Dead Crone Rock (The Reach), by a lever opening the way to the rooftop",,,unknown,unknown,unknown,"Travel, cold, carry, theft, and dungeon endurance implications deferred",provisional_objective_representative,SN-000051-skill-books-and-reader.md,Source-listed skill book copy; final route copy selection pending.
BOOKLOC-000002,OBJ-000819,A Game at Dinner,skill_book,base_game,Alchemy,Skyrim,,The Pale,Forsaken Crypt,"Forsaken Crypt (The Pale), in the room where The White Phial is found",,,unknown,unknown,unknown,"Travel, cold, carry, theft, and dungeon endurance implications deferred",source_listed_candidate,SN-000051-skill-books-and-reader.md,Source-listed skill book copy; final route copy selection pending.
BOOKLOC-000003,OBJ-000819,A Game at Dinner,skill_book,base_game,Alchemy,Skyrim,,The Reach,Harmugstahl,"Harmugstahl (The Reach), behind the locked door in the room with an alchemy lab, on a bookshelf",Locked access noted; key/lockpicking route needs validation,,unknown,unknown,unknown,"Travel, cold, carry, theft, and dungeon endurance implications deferred",source_listed_candidate,SN-000051-skill-books-and-reader.md,Source-listed skill book copy; final route copy selection pending.
BOOKLOC-000004,OBJ-000819,A Game at Dinner,skill_book,base_game,Alchemy,Skyrim,,Whiterun Hold,Honningbrew Meadery,"Honningbrew Meadery (Whiterun), in the upstairs bedroom",Interior ownership/theft status needs validation,,unknown,unknown,unknown,"Travel, cold, carry, theft, and dungeon endurance implications deferred",source_listed_candidate,SN-000051-skill-books-and-reader.md,Source-listed skill book copy; final route copy selection pending.
BOOKLOC-000005,OBJ-000819,A Game at Dinner,skill_book,base_game,Alchemy,Skyrim,,Eastmarch,New Gnisis Cornerclub,"New Gnisis Cornerclub (Windhelm), middle floor, on top of a dresser",,,unknown,unknown,unknown,"Travel, cold, carry, theft, and dungeon endurance implications deferred",source_listed_candidate,SN-000051-skill-books-and-reader.md,Source-listed skill book copy; final route copy selection pending.
BOOKLOC-000006,OBJ-000819,A Game at Dinner,skill_book,ae_creation,Alchemy,Skyrim,,Whiterun Hold,Tundra Homestead,"Tundra Homestead (CC: Tundra Homestead) (Whiterun Hold), next to the alchemy lab",,Add-on or AE content access required for this copy,unknown,unknown,unknown,"Travel, cold, carry, theft, and dungeon endurance implications deferred",source_listed_candidate,SN-000051-skill-books-and-reader.md,Source-listed skill book copy; final route copy selection pending.
BOOKLOC-000007,OBJ-000820,De Rerum Dirennis,skill_book,base_game,Alchemy,Skyrim,,Falkreath Hold,240 ft N of Evergreen Grove,240 ft N of Evergreen Grove (Falkreath Hold),,,unknown,unknown,unknown,"Travel, cold, carry, theft, and dungeon endurance implications deferred",provisional_objective_representative,SN-000051-skill-books-and-reader.md,Source-listed skill book copy; final route copy selection pending.
BOOKLOC-000008,OBJ-000820,De Rerum Dirennis,skill_book,base_game,Alchemy,Skyrim,,Falkreath Hold,Grave Concoctions,Grave Concoctions (Falkreath),,,unknown,unknown,unknown,"Travel, cold, carry, theft, and dungeon endurance implications deferred",source_listed_candidate,SN-000051-skill-books-and-reader.md,Source-listed skill book copy; final route copy selection pending.
BOOKLOC-000009,OBJ-000820,De Rerum Dirennis,skill_book,base_game,Alchemy,Skyrim,Blackreach,,Sinderion's Field Laboratory,Sinderion's Field Laboratory (Blackreach),,,unknown,unknown,unknown,"Travel, cold, carry, theft, and dungeon endurance implications deferred",source_listed_candidate,SN-000051-skill-books-and-reader.md,Source-listed skill book copy; final route copy selection pending.
BOOKLOC-000010,OBJ-000820,De Rerum Dirennis,skill_book,base_game,Alchemy,Skyrim,,,The Midden Dark,"The Midden Dark (College of Winterhold), at an alchemy lab",,,unknown,unknown,unknown,"Travel, cold, carry, theft, and dungeon endurance implications deferred",source_listed_candidate,SN-000051-skill-books-and-reader.md,Source-listed skill book copy; final route copy selection pending.
BOOKLOC-000011,OBJ-000820,De Rerum Dirennis,skill_book,dawnguard,Alchemy,Skyrim,,,Valerica's Study,"Valerica's Study (Dawnguard) (Castle Volkihar), on a bookshelf north of the portal with alchemy ingredients",,Add-on or AE content access required for this copy,unknown,unknown,unknown,"Travel, cold, carry, theft, and dungeon endurance implications deferred",source_listed_candidate,SN-000051-skill-books-and-reader.md,Source-listed skill book copy; final route copy selection pending.
BOOKLOC-000012,OBJ-000820,De Rerum Dirennis,skill_book,base_game,Alchemy,Skyrim,,,On the body of a dead alchemist at Clearpine Pond (respawn infinitely),On the body of a dead alchemist at Clearpine Pond (respawn infinitely),Carried/body source; loot access needs route validation,,unknown,unknown,unknown,"Travel, cold, carry, theft, and dungeon endurance implications deferred",source_listed_candidate,SN-000051-skill-books-and-reader.md,Source-listed skill book copy; final route copy selection pending.
BOOKLOC-000013,OBJ-000821,Herbalist's Guide to Skyrim,skill_book,base_game,Alchemy,Skyrim,,Whiterun Hold,Arcadia's Cauldron,Arcadia's Cauldron (Whiterun),,,unknown,unknown,unknown,"Travel, cold, carry, theft, and dungeon endurance implications deferred",provisional_objective_representative,SN-000051-skill-books-and-reader.md,Source-listed skill book copy; final route copy selection pending.
BOOKLOC-000014,OBJ-000821,Herbalist's Guide to Skyrim,skill_book,base_game,Alchemy,Skyrim,,The Rift,Boulderfall Cave,Boulderfall Cave (The Rift),,,unknown,unknown,unknown,"Travel, cold, carry, theft, and dungeon endurance implications deferred",source_listed_candidate,SN-000051-skill-books-and-reader.md,Source-listed skill book copy; final route copy selection pending.
BOOKLOC-000015,OBJ-000821,Herbalist's Guide to Skyrim,skill_book,base_game,Alchemy,Skyrim,,Winterhold,Journeyman's Nook,Journeyman's Nook (Winterhold),,,unknown,unknown,unknown,"Travel, cold, carry, theft, and dungeon endurance implications deferred",source_listed_candidate,SN-000051-skill-books-and-reader.md,Source-listed skill book copy; final route copy selection pending.
BOOKLOC-000016,OBJ-000821,Herbalist's Guide to Skyrim,skill_book,base_game,Alchemy,Skyrim,,The Reach,The Hag's Cure,"The Hag's Cure (Markarth), on the shelf under the counter",,,unknown,unknown,unknown,"Travel, cold, carry, theft, and dungeon endurance implications deferred",source_listed_candidate,SN-000051-skill-books-and-reader.md,Source-listed skill book copy; final route copy selection pending.
BOOKLOC-000017,OBJ-000822,"Mannimarco, King of Worms",skill_book,base_game,Alchemy,Skyrim,,Falkreath Hold,Evergreen Grove,"Evergreen Grove (Falkreath Hold), on an altar",,,unknown,unknown,unknown,"Travel, cold, carry, theft, and dungeon endurance implications deferred",provisional_objective_representative,SN-000051-skill-books-and-reader.md,Source-listed skill book copy; final route copy selection pending.
BOOKLOC-000018,OBJ-000822,"Mannimarco, King of Worms",skill_book,base_game,Alchemy,Skyrim,,,470 ft S of Haafingar Stormcloak Camp,470 ft S of Haafingar Stormcloak Camp,,,unknown,unknown,unknown,"Travel, cold, carry, theft, and dungeon endurance implications deferred",source_listed_candidate,SN-000051-skill-books-and-reader.md,Source-listed skill book copy; final route copy selection pending.
BOOKLOC-000019,OBJ-000822,"Mannimarco, King of Worms",skill_book,base_game,Alchemy,Skyrim,,The Pale,Nightcaller Temple,"Nightcaller Temple (The Pale), in the Alchemy Lab room",,,unknown,unknown,unknown,"Travel, cold, carry, theft, and dungeon endurance implications deferred",source_listed_candidate,SN-000051-skill-books-and-reader.md,Source-listed skill book copy; final route copy selection pending.
BOOKLOC-000020,OBJ-000822,"Mannimarco, King of Worms",skill_book,base_game,Alchemy,Skyrim,,,750 ft ESE of Winterhold,"750 ft ESE of Winterhold, next to the corpse of Rundi",Carried/body source; loot access needs route validation,,unknown,unknown,unknown,"Travel, cold, carry, theft, and dungeon endurance implications deferred",source_listed_candidate,SN-000051-skill-books-and-reader.md,Source-listed skill book copy; final route copy selection pending.
BOOKLOC-000021,OBJ-000822,"Mannimarco, King of Worms",skill_book,base_game,Alchemy,Skyrim,,,ESE of Winterhold,"ESE of Winterhold, in an Apothecary's Satchel next to two skeletons (respawn infinitely)",,,unknown,unknown,unknown,"Travel, cold, carry, theft, and dungeon endurance implications deferred",source_listed_candidate,SN-000051-skill-books-and-reader.md,Source-listed skill book copy; final route copy selection pending.
BOOKLOC-000022,OBJ-000823,Song of the Alchemists,skill_book,base_game,Alchemy,Skyrim,,Falkreath Hold,Anise's Cabin,"Anise's Cabin (Falkreath Hold), on a table at the foot of the bed",,,unknown,unknown,unknown,"Travel, cold, carry, theft, and dungeon endurance implications deferred",provisional_objective_representative,SN-000051-skill-books-and-reader.md,Source-listed skill book copy; final route copy selection pending.
BOOKLOC-000023,OBJ-000823,Song of the Alchemists,skill_book,base_game,Alchemy,Skyrim,,,Bards College on the library counter,Bards College on the library counter (after accepting Lami's request in Rare Gifts),,Quest/state dependency possible; validate before route placement,unknown,possible,unknown,"Travel, cold, carry, theft, and dungeon endurance implications deferred",source_listed_candidate,SN-000051-skill-books-and-reader.md,Source-listed skill book copy; final route copy selection pending.
BOOKLOC-000024,OBJ-000823,Song of the Alchemists,skill_book,dragonborn,Alchemy,Skyrim,,,Apocrypha,"Apocrypha (Dragonborn), Waking Dreams, Chapter III",,Add-on or AE content access required for this copy,unknown,unknown,unknown,"Travel, cold, carry, theft, and dungeon endurance implications deferred",source_listed_candidate,SN-000051-skill-books-and-reader.md,Source-listed skill book copy; final route copy selection pending.
BOOKLOC-000025,OBJ-000823,Song of the Alchemists,skill_book,base_game,Alchemy,Skyrim,,,Goldenhills Plantation,"Goldenhills Plantation, on the bookshelf in Jonquil's secret lab",,,unknown,unknown,unknown,"Travel, cold, carry, theft, and dungeon endurance implications deferred",source_listed_candidate,SN-000051-skill-books-and-reader.md,Source-listed skill book copy; final route copy selection pending.
BOOKLOC-000026,OBJ-000824,Breathing Water,skill_book,base_game,Alteration,Skyrim,,Falkreath Hold,Ilinalta's Deep,"Ilinalta's Deep (Falkreath Hold), underwater room, next to a submerged chest",,,unknown,unknown,unknown,"Travel, cold, carry, theft, and dungeon endurance implications deferred",provisional_objective_representative,SN-000051-skill-books-and-reader.md,Source-listed skill book copy; final route copy selection pending.
BOOKLOC-000027,OBJ-000824,Breathing Water,skill_book,base_game,Alteration,Skyrim,,Winterhold,Kraldar's House,"Kraldar's House (Winterhold), in a basket on the bookshelf next to the fireplace",Interior ownership/theft status needs validation,,unknown,unknown,unknown,"Travel, cold, carry, theft, and dungeon endurance implications deferred",source_listed_candidate,SN-000051-skill-books-and-reader.md,Source-listed skill book copy; final route copy selection pending.
BOOKLOC-000028,OBJ-000824,Breathing Water,skill_book,base_game,Alteration,Skyrim,,Eastmarch,Snapleg Cave,"Snapleg Cave (Eastmarch), in one of the tents, sitting on a barrel",,,unknown,unknown,unknown,"Travel, cold, carry, theft, and dungeon endurance implications deferred",source_listed_candidate,SN-000051-skill-books-and-reader.md,Source-listed skill book copy; final route copy selection pending.
BOOKLOC-000029,OBJ-000824,Breathing Water,skill_book,base_game,Alteration,Skyrim,,Eastmarch,600 ft SSE of Steamcrag Camp,"600 ft SSE of Steamcrag Camp (Eastmarch), at the unmarked Shrine of Akatosh",,,unknown,unknown,unknown,"Travel, cold, carry, theft, and dungeon endurance implications deferred",source_listed_candidate,SN-000051-skill-books-and-reader.md,Source-listed skill book copy; final route copy selection pending.
BOOKLOC-000030,OBJ-000824,Breathing Water,skill_book,base_game,Alteration,Skyrim,,Winterhold,460 ft NNE of Ysgramor's Tomb,"460 ft NNE of Ysgramor's Tomb (Winterhold), on a barrel near Ilas-Tei's corpse",Carried/body source; loot access needs route validation,,unknown,unknown,unknown,"Travel, cold, carry, theft, and dungeon endurance implications deferred",source_listed_candidate,SN-000051-skill-books-and-reader.md,Source-listed skill book copy; final route copy selection pending.
BOOKLOC-000031,OBJ-000824,Breathing Water,skill_book,dragonborn,Alteration,Skyrim,,,Apocrypha,"Apocrypha (Dragonborn), The Hidden Twilight, Chapter V",,Add-on or AE content access required for this copy,unknown,unknown,unknown,"Travel, cold, carry, theft, and dungeon endurance implications deferred",source_listed_candidate,SN-000051-skill-books-and-reader.md,Source-listed skill book copy; final route copy selection pending.
BOOKLOC-000032,OBJ-000825,Daughter of the Niben,skill_book,base_game,Alteration,Skyrim,,Eastmarch,Brandy-Mug Farm,"Brandy-Mug Farm (Eastmarch), on top of the fireplace",,,unknown,unknown,unknown,"Travel, cold, carry, theft, and dungeon endurance implications deferred",provisional_objective_representative,SN-000051-skill-books-and-reader.md,Source-listed skill book copy; final route copy selection pending.
BOOKLOC-000033,OBJ-000825,Daughter of the Niben,skill_book,base_game,Alteration,Skyrim,,Falkreath Hold,390 ft E of Haemar's Shame by a Quicksilver vein,390 ft E of Haemar's Shame (Falkreath Hold) by a Quicksilver vein,,,unknown,unknown,unknown,"Travel, cold, carry, theft, and dungeon endurance implications deferred",source_listed_candidate,SN-000051-skill-books-and-reader.md,Source-listed skill book copy; final route copy selection pending.
BOOKLOC-000034,OBJ-000825,Daughter of the Niben,skill_book,base_game,Alteration,Skyrim,,,530 ft NE of Pale Imperial Camp,"530 ft NE of Pale Imperial Camp, under an overturned skiff",,,unknown,unknown,unknown,"Travel, cold, carry, theft, and dungeon endurance implications deferred",source_listed_candidate,SN-000051-skill-books-and-reader.md,Source-listed skill book copy; final route copy selection pending.
BOOKLOC-000035,OBJ-000825,Daughter of the Niben,skill_book,base_game,Alteration,Skyrim,,The Reach,Understone Keep,"Understone Keep (Markarth), on a table near the throne",,,unknown,unknown,unknown,"Travel, cold, carry, theft, and dungeon endurance implications deferred",source_listed_candidate,SN-000051-skill-books-and-reader.md,Source-listed skill book copy; final route copy selection pending.
BOOKLOC-000036,OBJ-000825,Daughter of the Niben,skill_book,base_game,Alteration,Skyrim,,,Urag gro-Shub,"Urag gro-Shub (College of Winterhold), Hitting the Books quest reward",,Quest/state dependency possible; validate before route placement,unknown,possible,unknown,"Travel, cold, carry, theft, and dungeon endurance implications deferred",source_listed_candidate,SN-000051-skill-books-and-reader.md,Source-listed skill book copy; final route copy selection pending.
BOOKLOC-000037,OBJ-000826,Reality & Other Falsehoods,skill_book,base_game,Alteration,Skyrim,,The Reach,Bthardamz Arcanex,Bthardamz Arcanex (The Reach) carried by Orchendor (only as part of quest The Only Cure),Carried/body source; loot access needs route validation,Only as part of quest The Only Cure,unknown,possible,unknown,"Travel, cold, carry, theft, and dungeon endurance implications deferred",provisional_objective_representative,SN-000051-skill-books-and-reader.md,Source-listed skill book copy; final route copy selection pending.
BOOKLOC-000038,OBJ-000826,Reality & Other Falsehoods,skill_book,base_game,Alteration,Skyrim,,The Rift,Marise Aravel's House,"Marise Aravel's House (Riften), in a basket on the top shelf of a bookcase",Interior ownership/theft status needs validation,,unknown,unknown,unknown,"Travel, cold, carry, theft, and dungeon endurance implications deferred",source_listed_candidate,SN-000051-skill-books-and-reader.md,Source-listed skill book copy; final route copy selection pending.
BOOKLOC-000039,OBJ-000826,Reality & Other Falsehoods,skill_book,base_game,Alteration,Skyrim,,The Rift,Snow-Shod Farm,"Snow-Shod Farm (The Rift), basement",,,unknown,unknown,unknown,"Travel, cold, carry, theft, and dungeon endurance implications deferred",source_listed_candidate,SN-000051-skill-books-and-reader.md,Source-listed skill book copy; final route copy selection pending.
BOOKLOC-000040,OBJ-000826,Reality & Other Falsehoods,skill_book,base_game,Alteration,Skyrim,,,Solitude Sewers,"Solitude Sewers, next to Thoron's cot (accessable after starting Restoring Order)",,,unknown,unknown,unknown,"Travel, cold, carry, theft, and dungeon endurance implications deferred",source_listed_candidate,SN-000051-skill-books-and-reader.md,Source-listed skill book copy; final route copy selection pending.
BOOKLOC-000041,OBJ-000826,Reality & Other Falsehoods,skill_book,base_game,Alteration,Skyrim,,,320 ft WSW of Sundered Towers,320 ft WSW of Sundered Towers,,,unknown,unknown,unknown,"Travel, cold, carry, theft, and dungeon endurance implications deferred",source_listed_candidate,SN-000051-skill-books-and-reader.md,Source-listed skill book copy; final route copy selection pending.
BOOKLOC-000042,OBJ-000826,Reality & Other Falsehoods,skill_book,base_game,Alteration,Skyrim,,Winterhold,Yngvild Throne Room,"Yngvild Throne Room (Winterhold), next to the throne",,,unknown,unknown,unknown,"Travel, cold, carry, theft, and dungeon endurance implications deferred",source_listed_candidate,SN-000051-skill-books-and-reader.md,Source-listed skill book copy; final route copy selection pending.
BOOKLOC-000043,OBJ-000827,Sithis,skill_book,base_game,Alteration,Skyrim,,,Cradle Stone Tower,Cradle Stone Tower,,,unknown,unknown,unknown,"Travel, cold, carry, theft, and dungeon endurance implications deferred",provisional_objective_representative,SN-000051-skill-books-and-reader.md,Source-listed skill book copy; final route copy selection pending.
BOOKLOC-000044,OBJ-000827,Sithis,skill_book,base_game,Alteration,Skyrim,,Falkreath Hold,Dark Brotherhood Sanctuary,"Dark Brotherhood Sanctuary, (Falkreath Hold)",,,unknown,unknown,unknown,"Travel, cold, carry, theft, and dungeon endurance implications deferred",source_listed_candidate,SN-000051-skill-books-and-reader.md,Source-listed skill book copy; final route copy selection pending.
BOOKLOC-000045,OBJ-000827,Sithis,skill_book,base_game,Alteration,Skyrim,,The Pale,Dawnstar Sanctuary,"Dawnstar Sanctuary, (The Pale)",,,unknown,unknown,unknown,"Travel, cold, carry, theft, and dungeon endurance implications deferred",source_listed_candidate,SN-000051-skill-books-and-reader.md,Source-listed skill book copy; final route copy selection pending.
BOOKLOC-000046,OBJ-000827,Sithis,skill_book,base_game,Alteration,Skyrim,,The Reach,Nchuand-Zel,"Nchuand-Zel, (The Reach); central cavern, on a bench next to Krag's Corpse",Carried/body source; loot access needs route validation,,unknown,unknown,unknown,"Travel, cold, carry, theft, and dungeon endurance implications deferred",source_listed_candidate,SN-000051-skill-books-and-reader.md,Source-listed skill book copy; final route copy selection pending.
BOOKLOC-000047,OBJ-000827,Sithis,skill_book,base_game,Alteration,Skyrim,,,NNW of the Wreck Of The Brinehammer,"NNW of the Wreck Of The Brinehammer, in a locked chest underwater (respawn infinitely)",Locked access noted; key/lockpicking route needs validation,,unknown,unknown,unknown,"Travel, cold, carry, theft, and dungeon endurance implications deferred",source_listed_candidate,SN-000051-skill-books-and-reader.md,Source-listed skill book copy; final route copy selection pending.
BOOKLOC-000048,OBJ-000828,The Lunar Lorkhan,skill_book,base_game,Alteration,Skyrim,,Eastmarch,Cragwallow Slope,"Cragwallow Slope (Eastmarch), central chamber",,,unknown,unknown,unknown,"Travel, cold, carry, theft, and dungeon endurance implications deferred",provisional_objective_representative,SN-000051-skill-books-and-reader.md,Source-listed skill book copy; final route copy selection pending.
BOOKLOC-000049,OBJ-000828,The Lunar Lorkhan,skill_book,base_game,Alteration,Skyrim,,The Rift,Faldar's Tooth,"Faldar's Tooth (The Rift), on a shelf at the top of one of the outer towers",,,unknown,unknown,unknown,"Travel, cold, carry, theft, and dungeon endurance implications deferred",source_listed_candidate,SN-000051-skill-books-and-reader.md,Source-listed skill book copy; final route copy selection pending.
BOOKLOC-000050,OBJ-000828,The Lunar Lorkhan,skill_book,base_game,Alteration,Skyrim,,Eastmarch,Mzulft Boilery,"Mzulft Boilery (Eastmarch), on a table next to a skeleton behind a locked door",Locked access noted; key/lockpicking route needs validation,,unknown,unknown,unknown,"Travel, cold, carry, theft, and dungeon endurance implications deferred",source_listed_candidate,SN-000051-skill-books-and-reader.md,Source-listed skill book copy; final route copy selection pending.
BOOKLOC-000051,OBJ-000828,The Lunar Lorkhan,skill_book,base_game,Alteration,Skyrim,,Falkreath Hold,440 ft SSE of Pinewatch,"440 ft SSE of Pinewatch (Falkreath Hold), inside a tent",,,unknown,unknown,unknown,"Travel, cold, carry, theft, and dungeon endurance implications deferred",source_listed_candidate,SN-000051-skill-books-and-reader.md,Source-listed skill book copy; final route copy selection pending.
BOOKLOC-000052,OBJ-000828,The Lunar Lorkhan,skill_book,base_game,Alteration,Skyrim,,Haafingar,Solitude Lighthouse,"Solitude Lighthouse (Solitude), Mazoka's quarters",Interior ownership/theft status needs validation,,unknown,unknown,unknown,"Travel, cold, carry, theft, and dungeon endurance implications deferred",source_listed_candidate,SN-000051-skill-books-and-reader.md,Source-listed skill book copy; final route copy selection pending.
BOOKLOC-000053,OBJ-000829,Father Of The Niben,skill_book,base_game,Archery,Skyrim,,Falkreath Hold,Hunter's Rest,"Hunter's Rest (Falkreath Hold), between two bedrolls",,,unknown,unknown,unknown,"Travel, cold, carry, theft, and dungeon endurance implications deferred",provisional_objective_representative,SN-000051-skill-books-and-reader.md,Source-listed skill book copy; final route copy selection pending.
BOOKLOC-000054,OBJ-000829,Father Of The Niben,skill_book,base_game,Archery,Skyrim,,Eastmarch,460 ft SW of Kagrenzel,460 ft SW of Kagrenzel (Eastmarch),,,unknown,unknown,unknown,"Travel, cold, carry, theft, and dungeon endurance implications deferred",source_listed_candidate,SN-000051-skill-books-and-reader.md,Source-listed skill book copy; final route copy selection pending.
BOOKLOC-000055,OBJ-000829,Father Of The Niben,skill_book,base_game,Archery,Skyrim,,Falkreath Hold,190 ft NNE of Twilight Sepulcher,190 ft NNE of Twilight Sepulcher (Falkreath Hold),,,unknown,unknown,unknown,"Travel, cold, carry, theft, and dungeon endurance implications deferred",source_listed_candidate,SN-000051-skill-books-and-reader.md,Source-listed skill book copy; final route copy selection pending.
BOOKLOC-000056,OBJ-000829,Father Of The Niben,skill_book,base_game,Archery,Skyrim,,The Pale,Wreck Of The Brinehammer,"Wreck Of The Brinehammer (The Pale), lower cargo hold",,,unknown,unknown,unknown,"Travel, cold, carry, theft, and dungeon endurance implications deferred",source_listed_candidate,SN-000051-skill-books-and-reader.md,Source-listed skill book copy; final route copy selection pending.
BOOKLOC-000057,OBJ-000829,Father Of The Niben,skill_book,base_game,Archery,Skyrim,,,Autumnshade Clearing,"Autumnshade Clearing, on the corpse of a hunter (respawn infinitely)",Carried/body source; loot access needs route validation,,unknown,unknown,unknown,"Travel, cold, carry, theft, and dungeon endurance implications deferred",source_listed_candidate,SN-000051-skill-books-and-reader.md,Source-listed skill book copy; final route copy selection pending.
BOOKLOC-000058,OBJ-000830,"The Black Arrow, v2",skill_book,base_game,Archery,Skyrim,,Hjaalmarch,Brood Cavern,"Brood Cavern (Hjaalmarch), on the body of a dead hunter",Carried/body source; loot access needs route validation,,unknown,unknown,unknown,"Travel, cold, carry, theft, and dungeon endurance implications deferred",provisional_objective_representative,SN-000051-skill-books-and-reader.md,Source-listed skill book copy; final route copy selection pending.
BOOKLOC-000059,OBJ-000830,"The Black Arrow, v2",skill_book,base_game,Archery,Skyrim,,Whiterun Hold,The Drunken Huntsman,"The Drunken Huntsman (Whiterun), under the counter",,,unknown,unknown,unknown,"Travel, cold, carry, theft, and dungeon endurance implications deferred",source_listed_candidate,SN-000051-skill-books-and-reader.md,Source-listed skill book copy; final route copy selection pending.
BOOKLOC-000060,OBJ-000830,"The Black Arrow, v2",skill_book,base_game,Archery,Skyrim,,Falkreath Hold,Helgen Keep,"Helgen Keep (Falkreath Hold), on the counter in the torture chamber, where the torturer is encountered during Unbound",,,unknown,unknown,unknown,"Travel, cold, carry, theft, and dungeon endurance implications deferred",source_listed_candidate,SN-000051-skill-books-and-reader.md,Source-listed skill book copy; final route copy selection pending.
BOOKLOC-000061,OBJ-000830,"The Black Arrow, v2",skill_book,base_game,Archery,Skyrim,,Hjaalmarch,Robber's Gorge,"Robber's Gorge (Hjaalmarch), on the table in the cabin at the top of the hill",,,unknown,unknown,unknown,"Travel, cold, carry, theft, and dungeon endurance implications deferred",source_listed_candidate,SN-000051-skill-books-and-reader.md,Source-listed skill book copy; final route copy selection pending.
BOOKLOC-000062,OBJ-000830,"The Black Arrow, v2",skill_book,base_game,Archery,Skyrim,,Whiterun Hold,Valtheim Towers,"Valtheim Towers (Whiterun Hold), top of the north tower",,,unknown,unknown,unknown,"Travel, cold, carry, theft, and dungeon endurance implications deferred",source_listed_candidate,SN-000051-skill-books-and-reader.md,Source-listed skill book copy; final route copy selection pending.
BOOKLOC-000063,OBJ-000831,The Gold Ribbon of Merit,skill_book,base_game,Archery,Skyrim,,Falkreath Hold,Angi's Camp,"Angi's Camp (Falkreath Hold), inside the shack, on the end table by the bed",,,unknown,unknown,unknown,"Travel, cold, carry, theft, and dungeon endurance implications deferred",provisional_objective_representative,SN-000051-skill-books-and-reader.md,Source-listed skill book copy; final route copy selection pending.
BOOKLOC-000064,OBJ-000831,The Gold Ribbon of Merit,skill_book,base_game,Archery,Skyrim,,,300 ft SE of Autumnshade Clearing,"300 ft SE of Autumnshade Clearing, in an unmarked hunter encampment, under a tent",,,unknown,unknown,unknown,"Travel, cold, carry, theft, and dungeon endurance implications deferred",source_listed_candidate,SN-000051-skill-books-and-reader.md,Source-listed skill book copy; final route copy selection pending.
BOOKLOC-000065,OBJ-000831,The Gold Ribbon of Merit,skill_book,base_game,Archery,Skyrim,,Haafingar,Fletcher,"Fletcher (Solitude), on the low table immediately to your left upon entering",,,unknown,unknown,unknown,"Travel, cold, carry, theft, and dungeon endurance implications deferred",source_listed_candidate,SN-000051-skill-books-and-reader.md,Source-listed skill book copy; final route copy selection pending.
BOOKLOC-000066,OBJ-000831,The Gold Ribbon of Merit,skill_book,base_game,Archery,Skyrim,,Haafingar,Fort Hraggstad,"Fort Hraggstad (Haafingar), over the table in the west room",,,unknown,unknown,unknown,"Travel, cold, carry, theft, and dungeon endurance implications deferred",source_listed_candidate,SN-000051-skill-books-and-reader.md,Source-listed skill book copy; final route copy selection pending.
BOOKLOC-000067,OBJ-000831,The Gold Ribbon of Merit,skill_book,base_game,Archery,Skyrim,,,290 ft N of North Cold Rock Pass,"290 ft N of North Cold Rock Pass, in an unmarked hunter encampment, under the tent",,,unknown,unknown,unknown,"Travel, cold, carry, theft, and dungeon endurance implications deferred",source_listed_candidate,SN-000051-skill-books-and-reader.md,Source-listed skill book copy; final route copy selection pending.
BOOKLOC-000068,OBJ-000831,The Gold Ribbon of Merit,skill_book,dragonborn,Archery,Skyrim,,,Apocrypha,"Apocrypha (Dragonborn), Untold Legends, Chapter IV",,Add-on or AE content access required for this copy,unknown,unknown,unknown,"Travel, cold, carry, theft, and dungeon endurance implications deferred",source_listed_candidate,SN-000051-skill-books-and-reader.md,Source-listed skill book copy; final route copy selection pending.
BOOKLOC-000069,OBJ-000832,The Marksmanship Lesson,skill_book,base_game,Archery,Skyrim,,The Reach,Cliffside Retreat,"Cliffside Retreat (The Reach), on a table",,,unknown,unknown,unknown,"Travel, cold, carry, theft, and dungeon endurance implications deferred",provisional_objective_representative,SN-000051-skill-books-and-reader.md,Source-listed skill book copy; final route copy selection pending.
BOOKLOC-000070,OBJ-000832,The Marksmanship Lesson,skill_book,base_game,Archery,Skyrim,,The Pale,Dawnstar Sanctuary,"Dawnstar Sanctuary (Dawnstar), on the table with the map",,,unknown,unknown,unknown,"Travel, cold, carry, theft, and dungeon endurance implications deferred",source_listed_candidate,SN-000051-skill-books-and-reader.md,Source-listed skill book copy; final route copy selection pending.
BOOKLOC-000071,OBJ-000832,The Marksmanship Lesson,skill_book,base_game,Archery,Skyrim,,The Rift,Faldar's Tooth,"Faldar's Tooth (The Rift), kitchen area",,,unknown,unknown,unknown,"Travel, cold, carry, theft, and dungeon endurance implications deferred",source_listed_candidate,SN-000051-skill-books-and-reader.md,Source-listed skill book copy; final route copy selection pending.
BOOKLOC-000072,OBJ-000832,The Marksmanship Lesson,skill_book,base_game,Archery,Skyrim,,Eastmarch,Gilfre's House,"Gilfre's House (Eastmarch), on the table on the right after entering",Interior ownership/theft status needs validation,,unknown,unknown,unknown,"Travel, cold, carry, theft, and dungeon endurance implications deferred",source_listed_candidate,SN-000051-skill-books-and-reader.md,Source-listed skill book copy; final route copy selection pending.
BOOKLOC-000073,OBJ-000832,The Marksmanship Lesson,skill_book,base_game,Archery,Skyrim,,Whiterun Hold,Jorrvaskr Living Quarters,"Jorrvaskr Living Quarters (Whiterun), inside a display case in Aela's room",,,unknown,unknown,unknown,"Travel, cold, carry, theft, and dungeon endurance implications deferred",source_listed_candidate,SN-000051-skill-books-and-reader.md,Source-listed skill book copy; final route copy selection pending.
BOOKLOC-000074,OBJ-000833,Vernaccus and Bourlor,skill_book,base_game,Archery,Skyrim,,The Rift,Clearspring Cave,Clearspring Cave (The Rift),,,unknown,unknown,unknown,"Travel, cold, carry, theft, and dungeon endurance implications deferred",provisional_objective_representative,SN-000051-skill-books-and-reader.md,Source-listed skill book copy; final route copy selection pending.
BOOKLOC-000075,OBJ-000833,Vernaccus and Bourlor,skill_book,base_game,Archery,Skyrim,,The Rift,Froki's Shack,Froki's Shack (The Rift),,,unknown,unknown,unknown,"Travel, cold, carry, theft, and dungeon endurance implications deferred",source_listed_candidate,SN-000051-skill-books-and-reader.md,Source-listed skill book copy; final route copy selection pending.
BOOKLOC-000076,OBJ-000833,Vernaccus and Bourlor,skill_book,base_game,Archery,Skyrim,,Whiterun Hold,Graywinter Watch,"Graywinter Watch (Whiterun Hold), on a barrel",,,unknown,unknown,unknown,"Travel, cold, carry, theft, and dungeon endurance implications deferred",source_listed_candidate,SN-000051-skill-books-and-reader.md,Source-listed skill book copy; final route copy selection pending.
BOOKLOC-000077,OBJ-000833,Vernaccus and Bourlor,skill_book,base_game,Archery,Skyrim,,,Knifepoint Ridge,"Knifepoint Ridge, near the forge",,,unknown,unknown,unknown,"Travel, cold, carry, theft, and dungeon endurance implications deferred",source_listed_candidate,SN-000051-skill-books-and-reader.md,Source-listed skill book copy; final route copy selection pending.
BOOKLOC-000078,OBJ-000833,Vernaccus and Bourlor,skill_book,base_game,Archery,Skyrim,,The Reach,The Treasury House,"The Treasury House (Markarth), on a circular ledge with a pot on the west side of the main room (Only locations for the skill book are provided)",Interior ownership/theft status needs validation,,unknown,unknown,unknown,"Travel, cold, carry, theft, and dungeon endurance implications deferred",source_listed_candidate,SN-000051-skill-books-and-reader.md,Source-listed skill book copy; final route copy selection pending.
BOOKLOC-000079,OBJ-000834,"A Dance in Fire, v2",skill_book,base_game,Block,Skyrim,,Hjaalmarch,Fort Snowhawk,"Fort Snowhawk (Hjaalmarch), on a table in the room west of the back entrance in the main keep",,,unknown,unknown,unknown,"Travel, cold, carry, theft, and dungeon endurance implications deferred",provisional_objective_representative,SN-000051-skill-books-and-reader.md,Source-listed skill book copy; final route copy selection pending.
BOOKLOC-000080,OBJ-000834,"A Dance in Fire, v2",skill_book,base_game,Block,Skyrim,,,Karthspire Camp,"Karthspire Camp, over a crate inside one of the lower tents",,,unknown,unknown,unknown,"Travel, cold, carry, theft, and dungeon endurance implications deferred",source_listed_candidate,SN-000051-skill-books-and-reader.md,Source-listed skill book copy; final route copy selection pending.
BOOKLOC-000081,OBJ-000834,"A Dance in Fire, v2",skill_book,base_game,Block,Skyrim,,The Rift,380 ft SE of Stendarr's Beacon,380 ft SE of Stendarr's Beacon (The Rift),,,unknown,unknown,unknown,"Travel, cold, carry, theft, and dungeon endurance implications deferred",source_listed_candidate,SN-000051-skill-books-and-reader.md,Source-listed skill book copy; final route copy selection pending.
BOOKLOC-000082,OBJ-000834,"A Dance in Fire, v2",skill_book,base_game,Block,Skyrim,,,Traitor's Post,"Traitor's Post, on a cupboard",,,unknown,unknown,unknown,"Travel, cold, carry, theft, and dungeon endurance implications deferred",source_listed_candidate,SN-000051-skill-books-and-reader.md,Source-listed skill book copy; final route copy selection pending.
BOOKLOC-000083,OBJ-000834,"A Dance in Fire, v2",skill_book,base_game,Block,Skyrim,,,Carried by a bandit during the freeform event triggered at Kjenstag Ruins (respawn infinitely),Carried by a bandit during the freeform event triggered at Kjenstag Ruins (respawn infinitely),Carried/body source; loot access needs route validation,,unknown,unknown,unknown,"Travel, cold, carry, theft, and dungeon endurance implications deferred",source_listed_candidate,SN-000051-skill-books-and-reader.md,Source-listed skill book copy; final route copy selection pending.
BOOKLOC-000084,OBJ-000835,Battle of Red Mountain,skill_book,base_game,Block,Skyrim,,The Rift,Largashbur Cellar,Largashbur Cellar (The Rift),,,unknown,unknown,unknown,"Travel, cold, carry, theft, and dungeon endurance implications deferred",provisional_objective_representative,SN-000051-skill-books-and-reader.md,Source-listed skill book copy; final route copy selection pending.
BOOKLOC-000085,OBJ-000835,Battle of Red Mountain,skill_book,base_game,Block,Skyrim,,Falkreath Hold,Skybound Watch Pass,"Skybound Watch Pass (Falkreath Hold), on a shelf near a chest",,,unknown,unknown,unknown,"Travel, cold, carry, theft, and dungeon endurance implications deferred",source_listed_candidate,SN-000051-skill-books-and-reader.md,Source-listed skill book copy; final route copy selection pending.
BOOKLOC-000086,OBJ-000835,Battle of Red Mountain,skill_book,base_game,Block,Skyrim,,Haafingar,Kilkreath Ruins,"Kilkreath Ruins (Haafingar), in a corner bookcase before activating the last beacon there",,,unknown,unknown,unknown,"Travel, cold, carry, theft, and dungeon endurance implications deferred",source_listed_candidate,SN-000051-skill-books-and-reader.md,Source-listed skill book copy; final route copy selection pending.
BOOKLOC-000087,OBJ-000835,Battle of Red Mountain,skill_book,base_game,Block,Skyrim,,The Rift,Tolvald's Crossing,Tolvald's Crossing (The Rift),,,unknown,unknown,unknown,"Travel, cold, carry, theft, and dungeon endurance implications deferred",source_listed_candidate,SN-000051-skill-books-and-reader.md,Source-listed skill book copy; final route copy selection pending.
BOOKLOC-000088,OBJ-000835,Battle of Red Mountain,skill_book,base_game,Block,Skyrim,,,In an unmarked,"In an unmarked, destroyed shack WSW of Shor's Stone and SE of Rift Watchtower , on a table in the back near the fireplace (this unmarked location is known as Redwater Den in the Dawnguard add-on)",,,unknown,unknown,unknown,"Travel, cold, carry, theft, and dungeon endurance implications deferred",source_listed_candidate,SN-000051-skill-books-and-reader.md,Source-listed skill book copy; final route copy selection pending.
BOOKLOC-000089,OBJ-000836,Death Blow of Abernanit,skill_book,base_game,Block,Skyrim,,,430 ft W of Dawnstar,430 ft W of Dawnstar,,,unknown,unknown,unknown,"Travel, cold, carry, theft, and dungeon endurance implications deferred",provisional_objective_representative,SN-000051-skill-books-and-reader.md,Source-listed skill book copy; final route copy selection pending.
BOOKLOC-000090,OBJ-000836,Death Blow of Abernanit,skill_book,base_game,Block,Skyrim,,Falkreath Hold,Jarl's Longhouse,"Jarl's Longhouse (Falkreath), left room of the bottom floor on a table",Interior ownership/theft status needs validation,,unknown,unknown,unknown,"Travel, cold, carry, theft, and dungeon endurance implications deferred",source_listed_candidate,SN-000051-skill-books-and-reader.md,Source-listed skill book copy; final route copy selection pending.
BOOKLOC-000091,OBJ-000836,Death Blow of Abernanit,skill_book,base_game,Block,Skyrim,,The Rift,Northwind Mine,Northwind Mine (The Rift),,,unknown,unknown,unknown,"Travel, cold, carry, theft, and dungeon endurance implications deferred",source_listed_candidate,SN-000051-skill-books-and-reader.md,Source-listed skill book copy; final route copy selection pending.
BOOKLOC-000092,OBJ-000836,Death Blow of Abernanit,skill_book,base_game,Block,Skyrim,,The Reach,180 ft WSW of Reachwater Rock,"180 ft WSW of Reachwater Rock, (The Reach), in an unmarked Forsworn camp",,,unknown,unknown,unknown,"Travel, cold, carry, theft, and dungeon endurance implications deferred",source_listed_candidate,SN-000051-skill-books-and-reader.md,Source-listed skill book copy; final route copy selection pending.
BOOKLOC-000093,OBJ-000836,Death Blow of Abernanit,skill_book,base_game,Block,Skyrim,,Whiterun Hold,Hall of the Dead,"Hall of the Dead (Whiterun), found inside the Catacombs on a table in the first room to the left",,,unknown,unknown,unknown,"Travel, cold, carry, theft, and dungeon endurance implications deferred",source_listed_candidate,SN-000051-skill-books-and-reader.md,Source-listed skill book copy; final route copy selection pending.
BOOKLOC-000094,OBJ-000836,Death Blow of Abernanit,skill_book,dragonborn,Block,Skyrim,,,Apocrypha,"Apocrypha (Dragonborn), Epistolary Acumen, Chapter III",,Add-on or AE content access required for this copy,unknown,unknown,unknown,"Travel, cold, carry, theft, and dungeon endurance implications deferred",source_listed_candidate,SN-000051-skill-books-and-reader.md,Source-listed skill book copy; final route copy selection pending.
BOOKLOC-000095,OBJ-000837,The Mirror,skill_book,base_game,Block,Skyrim,,The Reach,Broken Tower Redoubt,"Broken Tower Redoubt (The Reach), on bookshelf in the sleeping area",,,unknown,unknown,unknown,"Travel, cold, carry, theft, and dungeon endurance implications deferred",provisional_objective_representative,SN-000051-skill-books-and-reader.md,Source-listed skill book copy; final route copy selection pending.
BOOKLOC-000096,OBJ-000837,The Mirror,skill_book,base_game,Block,Skyrim,,The Pale,Forsaken Cave,"Forsaken Cave (The Pale), over a table in the first tomb's zone",,,unknown,unknown,unknown,"Travel, cold, carry, theft, and dungeon endurance implications deferred",source_listed_candidate,SN-000051-skill-books-and-reader.md,Source-listed skill book copy; final route copy selection pending.
BOOKLOC-000097,OBJ-000837,The Mirror,skill_book,base_game,Block,Skyrim,,,After accepting Captain Aldis' request during Rare Gifts: Palace of the Kings Upstairs,"After accepting Captain Aldis' request during Rare Gifts: Palace of the Kings Upstairs, in the northernmost sleeping room",Interior ownership/theft status needs validation,Quest/state dependency possible; validate before route placement,unknown,possible,unknown,"Travel, cold, carry, theft, and dungeon endurance implications deferred",source_listed_candidate,SN-000051-skill-books-and-reader.md,Source-listed skill book copy; final route copy selection pending.
BOOKLOC-000098,OBJ-000837,The Mirror,skill_book,base_game,Block,Skyrim,,,In Hendraheim's back room,"In Hendraheim's back room, on a table",,,unknown,unknown,unknown,"Travel, cold, carry, theft, and dungeon endurance implications deferred",source_listed_candidate,SN-000051-skill-books-and-reader.md,Source-listed skill book copy; final route copy selection pending.
BOOKLOC-000099,OBJ-000838,Warrior,skill_book,base_game,Block,Skyrim,,Winterhold,Driftshade Refuge,"Driftshade Refuge (Winterhold), near the fireplace in the boss's chamber",,,unknown,unknown,unknown,"Travel, cold, carry, theft, and dungeon endurance implications deferred",provisional_objective_representative,SN-000051-skill-books-and-reader.md,Source-listed skill book copy; final route copy selection pending.
BOOKLOC-000100,OBJ-000838,Warrior,skill_book,base_game,Block,Skyrim,,Winterhold,Fort Kastav Captain's Quarters,Fort Kastav Captain's Quarters (Winterhold),,,unknown,unknown,unknown,"Travel, cold, carry, theft, and dungeon endurance implications deferred",source_listed_candidate,SN-000051-skill-books-and-reader.md,Source-listed skill book copy; final route copy selection pending.
BOOKLOC-000101,OBJ-000838,Warrior,skill_book,base_game,Block,Skyrim,,,380 ft SSE of Haafingar Stormcloak Camp,380 ft SSE of Haafingar Stormcloak Camp,,,unknown,unknown,unknown,"Travel, cold, carry, theft, and dungeon endurance implications deferred",source_listed_candidate,SN-000051-skill-books-and-reader.md,Source-listed skill book copy; final route copy selection pending.
BOOKLOC-000102,OBJ-000838,Warrior,skill_book,base_game,Block,Skyrim,,,280 ft WNW of North Skybound Watch,"280 ft WNW of North Skybound Watch, by a bedroll in an unmarked bandit camp",,,unknown,unknown,unknown,"Travel, cold, carry, theft, and dungeon endurance implications deferred",source_listed_candidate,SN-000051-skill-books-and-reader.md,Source-listed skill book copy; final route copy selection pending.
BOOKLOC-000103,OBJ-000838,Warrior,skill_book,base_game,Block,Skyrim,Blackreach,,Silent Ruin,Silent Ruin (Blackreach),,,unknown,unknown,unknown,"Travel, cold, carry, theft, and dungeon endurance implications deferred",source_listed_candidate,SN-000051-skill-books-and-reader.md,Source-listed skill book copy; final route copy selection pending.
BOOKLOC-000104,OBJ-000839,"2920, Frostfall, v10",skill_book,base_game,Conjuration,Skyrim,,Eastmarch,Belyn Hlaalu's House,"Belyn Hlaalu's House (Windhelm), upstairs behind the dresser",Interior ownership/theft status needs validation,,unknown,unknown,unknown,"Travel, cold, carry, theft, and dungeon endurance implications deferred",provisional_objective_representative,SN-000051-skill-books-and-reader.md,Source-listed skill book copy; final route copy selection pending.
BOOKLOC-000105,OBJ-000839,"2920, Frostfall, v10",skill_book,base_game,Conjuration,Skyrim,,Falkreath Hold,450 ft SSW of Evergreen Grove,"450 ft SSW of Evergreen Grove (Falkreath Hold), on an unmarked necromancer's altar",,,unknown,unknown,unknown,"Travel, cold, carry, theft, and dungeon endurance implications deferred",source_listed_candidate,SN-000051-skill-books-and-reader.md,Source-listed skill book copy; final route copy selection pending.
BOOKLOC-000106,OBJ-000839,"2920, Frostfall, v10",skill_book,base_game,Conjuration,Skyrim,,Winterhold,Ironbind Barrow,"Ironbind Barrow (Winterhold), carried by Beem-Ja",Carried/body source; loot access needs route validation,,unknown,unknown,unknown,"Travel, cold, carry, theft, and dungeon endurance implications deferred",source_listed_candidate,SN-000051-skill-books-and-reader.md,Source-listed skill book copy; final route copy selection pending.
BOOKLOC-000107,OBJ-000839,"2920, Frostfall, v10",skill_book,base_game,Conjuration,Skyrim,,Falkreath Hold,Sunderstone Gorge,"Sunderstone Gorge (Falkreath Hold), on a pedestal in the room with the word wall",,,unknown,unknown,unknown,"Travel, cold, carry, theft, and dungeon endurance implications deferred",source_listed_candidate,SN-000051-skill-books-and-reader.md,Source-listed skill book copy; final route copy selection pending.
BOOKLOC-000108,OBJ-000839,"2920, Frostfall, v10",skill_book,base_game,Conjuration,Skyrim,,,On a summit south of Geirmund's Hall,"On a summit south of Geirmund's Hall, carried by a necromancer",Carried/body source; loot access needs route validation,,unknown,unknown,unknown,"Travel, cold, carry, theft, and dungeon endurance implications deferred",source_listed_candidate,SN-000051-skill-books-and-reader.md,Source-listed skill book copy; final route copy selection pending.
BOOKLOC-000109,OBJ-000840,"2920, Hearth Fire, v9",skill_book,base_game,Conjuration,Skyrim,,Falkreath Hold,640 ft SE of Angi's Camp,640 ft SE of Angi's Camp (Falkreath Hold),,,unknown,unknown,unknown,"Travel, cold, carry, theft, and dungeon endurance implications deferred",provisional_objective_representative,SN-000051-skill-books-and-reader.md,Source-listed skill book copy; final route copy selection pending.
BOOKLOC-000110,OBJ-000840,"2920, Hearth Fire, v9",skill_book,base_game,Conjuration,Skyrim,,Falkreath Hold,520 ft N of Pinewatch,520 ft N of Pinewatch (Falkreath Hold),,,unknown,unknown,unknown,"Travel, cold, carry, theft, and dungeon endurance implications deferred",source_listed_candidate,SN-000051-skill-books-and-reader.md,Source-listed skill book copy; final route copy selection pending.
BOOKLOC-000111,OBJ-000840,"2920, Hearth Fire, v9",skill_book,base_game,Conjuration,Skyrim,,The Pale,The Mortar and Pestle,"The Mortar and Pestle (Dawnstar), under the counter",,,unknown,unknown,unknown,"Travel, cold, carry, theft, and dungeon endurance implications deferred",source_listed_candidate,SN-000051-skill-books-and-reader.md,Source-listed skill book copy; final route copy selection pending.
BOOKLOC-000112,OBJ-000840,"2920, Hearth Fire, v9",skill_book,base_game,Conjuration,Skyrim,,Haafingar,Rimerock Burrow,"Rimerock Burrow (Haafingar), on an end table in the final cavern",,,unknown,unknown,unknown,"Travel, cold, carry, theft, and dungeon endurance implications deferred",source_listed_candidate,SN-000051-skill-books-and-reader.md,Source-listed skill book copy; final route copy selection pending.
BOOKLOC-000113,OBJ-000840,"2920, Hearth Fire, v9",skill_book,base_game,Conjuration,Skyrim,,,Urag gro-Shub,"Urag gro-Shub (College of Winterhold), Hitting the Books quest reward",,Quest/state dependency possible; validate before route placement,unknown,possible,unknown,"Travel, cold, carry, theft, and dungeon endurance implications deferred",source_listed_candidate,SN-000051-skill-books-and-reader.md,Source-listed skill book copy; final route copy selection pending.
BOOKLOC-000114,OBJ-000840,"2920, Hearth Fire, v9",skill_book,dragonborn,Conjuration,Skyrim,,,Apocrypha,"Apocrypha (Dragonborn), The Hidden Twilight, Chapter V",,Add-on or AE content access required for this copy,unknown,unknown,unknown,"Travel, cold, carry, theft, and dungeon endurance implications deferred",source_listed_candidate,SN-000051-skill-books-and-reader.md,Source-listed skill book copy; final route copy selection pending.
BOOKLOC-000115,OBJ-000841,Liminal Bridges,skill_book,base_game,Conjuration,Skyrim,,The Reach,Broken Tower Redoubt,"Broken Tower Redoubt (The Reach), the topmost tower (the Briarheart's room)",,,unknown,unknown,unknown,"Travel, cold, carry, theft, and dungeon endurance implications deferred",provisional_objective_representative,SN-000051-skill-books-and-reader.md,Source-listed skill book copy; final route copy selection pending.
BOOKLOC-000116,OBJ-000841,Liminal Bridges,skill_book,base_game,Conjuration,Skyrim,,,Falkreath Watchtower,"Falkreath Watchtower, at the top of the stairs at the entrance to the tent",,,unknown,unknown,unknown,"Travel, cold, carry, theft, and dungeon endurance implications deferred",source_listed_candidate,SN-000051-skill-books-and-reader.md,Source-listed skill book copy; final route copy selection pending.
BOOKLOC-000117,OBJ-000841,Liminal Bridges,skill_book,base_game,Conjuration,Skyrim,,Hjaalmarch,2 copies in Shalidor's Maze in Labyrinthian,2 copies in Shalidor's Maze in Labyrinthian (Hjaalmarch),,,unknown,unknown,unknown,"Travel, cold, carry, theft, and dungeon endurance implications deferred",source_listed_candidate,SN-000051-skill-books-and-reader.md,Source-listed skill book copy; final route copy selection pending.
BOOKLOC-000118,OBJ-000841,Liminal Bridges,skill_book,base_game,Conjuration,Skyrim,,,East of Sleeping Tree Camp,"East of Sleeping Tree Camp, on the body of a dead conjurer upon an altar (respawn infinitely)",Carried/body source; loot access needs route validation,,unknown,unknown,unknown,"Travel, cold, carry, theft, and dungeon endurance implications deferred",source_listed_candidate,SN-000051-skill-books-and-reader.md,Source-listed skill book copy; final route copy selection pending.
BOOKLOC-000119,OBJ-000842,The Doors of Oblivion,skill_book,base_game,Conjuration,Skyrim,,Whiterun Hold,Fellglow Keep,"Fellglow Keep (Whiterun Hold), podium in far west room",,,unknown,unknown,unknown,"Travel, cold, carry, theft, and dungeon endurance implications deferred",provisional_objective_representative,SN-000051-skill-books-and-reader.md,Source-listed skill book copy; final route copy selection pending.
BOOKLOC-000120,OBJ-000842,The Doors of Oblivion,skill_book,base_game,Conjuration,Skyrim,,Falkreath Hold,Hall of the Dead,"Hall of the Dead (Falkreath), under the bed next to the left-hand wall",,,unknown,unknown,unknown,"Travel, cold, carry, theft, and dungeon endurance implications deferred",source_listed_candidate,SN-000051-skill-books-and-reader.md,Source-listed skill book copy; final route copy selection pending.
BOOKLOC-000121,OBJ-000842,The Doors of Oblivion,skill_book,base_game,Conjuration,Skyrim,,Falkreath Hold,Ilinalta's Deluge,"Ilinalta's Deluge (Falkreath Hold), in the first room, on northwest table",,,unknown,unknown,unknown,"Travel, cold, carry, theft, and dungeon endurance implications deferred",source_listed_candidate,SN-000051-skill-books-and-reader.md,Source-listed skill book copy; final route copy selection pending.
BOOKLOC-000122,OBJ-000842,The Doors of Oblivion,skill_book,base_game,Conjuration,Skyrim,,The Reach,Reachcliff Cave,Reachcliff Cave (The Reach),,,unknown,unknown,unknown,"Travel, cold, carry, theft, and dungeon endurance implications deferred",source_listed_candidate,SN-000051-skill-books-and-reader.md,Source-listed skill book copy; final route copy selection pending.
BOOKLOC-000123,OBJ-000842,The Doors of Oblivion,skill_book,base_game,Conjuration,Skyrim,,Winterhold,on a skeleton 120 ft SSW of Sightless Pit,on a skeleton 120 ft SSW of Sightless Pit (Winterhold) (respawn infinitely),,,unknown,unknown,unknown,"Travel, cold, carry, theft, and dungeon endurance implications deferred",source_listed_candidate,SN-000051-skill-books-and-reader.md,Source-listed skill book copy; final route copy selection pending.
BOOKLOC-000124,OBJ-000843,The Warrior's Charge,skill_book,base_game,Conjuration,Skyrim,,Falkreath Hold,Brittleshin Pass,"Brittleshin Pass (Falkreath Hold), near the Arcane Enchanter",,,unknown,unknown,unknown,"Travel, cold, carry, theft, and dungeon endurance implications deferred",provisional_objective_representative,SN-000051-skill-books-and-reader.md,Source-listed skill book copy; final route copy selection pending.
BOOKLOC-000125,OBJ-000843,The Warrior's Charge,skill_book,base_game,Conjuration,Skyrim,,The Rift,620 ft NE of Pinepeak Cavern,620 ft NE of Pinepeak Cavern (The Rift),,,unknown,unknown,unknown,"Travel, cold, carry, theft, and dungeon endurance implications deferred",source_listed_candidate,SN-000051-skill-books-and-reader.md,Source-listed skill book copy; final route copy selection pending.
BOOKLOC-000126,OBJ-000843,The Warrior's Charge,skill_book,base_game,Conjuration,Skyrim,,Falkreath Hold,310 ft N of Southfringe Sanctum,310 ft N of Southfringe Sanctum (Falkreath Hold),,,unknown,unknown,unknown,"Travel, cold, carry, theft, and dungeon endurance implications deferred",source_listed_candidate,SN-000051-skill-books-and-reader.md,Source-listed skill book copy; final route copy selection pending.
BOOKLOC-000127,OBJ-000843,The Warrior's Charge,skill_book,base_game,Conjuration,Skyrim,,Winterhold,Stillborn Cave,"Stillborn Cave (Winterhold), in a small alcove after a spike trap on the right.",,,unknown,unknown,unknown,"Travel, cold, carry, theft, and dungeon endurance implications deferred",source_listed_candidate,SN-000051-skill-books-and-reader.md,Source-listed skill book copy; final route copy selection pending.
BOOKLOC-000128,OBJ-000843,The Warrior's Charge,skill_book,base_game,Conjuration,Skyrim,,The Reach,Understone Keep,"Understone Keep (Markarth), Jarl's quarters, on the end table nearest the bed",Interior ownership/theft status needs validation,,unknown,unknown,unknown,"Travel, cold, carry, theft, and dungeon endurance implications deferred",source_listed_candidate,SN-000051-skill-books-and-reader.md,Source-listed skill book copy; final route copy selection pending.
BOOKLOC-000129,OBJ-000843,The Warrior's Charge,skill_book,base_game,Conjuration,Skyrim,,,Bloodchill Cavern,"Bloodchill Cavern, in the upper floor of bedroom",Interior ownership/theft status needs validation,,unknown,unknown,unknown,"Travel, cold, carry, theft, and dungeon endurance implications deferred",source_listed_candidate,SN-000051-skill-books-and-reader.md,Source-listed skill book copy; final route copy selection pending.
BOOKLOC-000130,OBJ-000844,A Hypothetical Treachery,skill_book,base_game,Destruction,Skyrim,,Eastmarch,Aretino Residence,"Aretino Residence (Windhelm), behind the bookshelf",,,unknown,unknown,unknown,"Travel, cold, carry, theft, and dungeon endurance implications deferred",provisional_objective_representative,SN-000051-skill-books-and-reader.md,Source-listed skill book copy; final route copy selection pending.
BOOKLOC-000131,OBJ-000844,A Hypothetical Treachery,skill_book,base_game,Destruction,Skyrim,,Whiterun Hold,Fellglow Keep,"Fellglow Keep (Whiterun Hold), on a table in the storeroom",,,unknown,unknown,unknown,"Travel, cold, carry, theft, and dungeon endurance implications deferred",source_listed_candidate,SN-000051-skill-books-and-reader.md,Source-listed skill book copy; final route copy selection pending.
BOOKLOC-000132,OBJ-000844,A Hypothetical Treachery,skill_book,base_game,Destruction,Skyrim,,The Pale,High Gate Ruins,"High Gate Ruins (The Pale), central chamber",,,unknown,unknown,unknown,"Travel, cold, carry, theft, and dungeon endurance implications deferred",source_listed_candidate,SN-000051-skill-books-and-reader.md,Source-listed skill book copy; final route copy selection pending.
BOOKLOC-000133,OBJ-000844,A Hypothetical Treachery,skill_book,base_game,Destruction,Skyrim,,The Pale,580 ft NW of Windward Ruins,580 ft NW of Windward Ruins (The Pale),,,unknown,unknown,unknown,"Travel, cold, carry, theft, and dungeon endurance implications deferred",source_listed_candidate,SN-000051-skill-books-and-reader.md,Source-listed skill book copy; final route copy selection pending.
BOOKLOC-000134,OBJ-000844,A Hypothetical Treachery,skill_book,base_game,Destruction,Skyrim,,,between Sleeping Tree Camp and North Brittleshin Pass,"between Sleeping Tree Camp and North Brittleshin Pass, in a chest down a grate opened by solving a puzzle (respawn infinitely)",,,unknown,unknown,unknown,"Travel, cold, carry, theft, and dungeon endurance implications deferred",source_listed_candidate,SN-000051-skill-books-and-reader.md,Source-listed skill book copy; final route copy selection pending.
BOOKLOC-000135,OBJ-000844,A Hypothetical Treachery,skill_book,dawnguard,Destruction,Skyrim,,,Volkihar Undercroft,"Volkihar Undercroft (Dawnguard), on a table in the room with the lever for the first bridge",,Add-on or AE content access required for this copy,unknown,unknown,unknown,"Travel, cold, carry, theft, and dungeon endurance implications deferred",source_listed_candidate,SN-000051-skill-books-and-reader.md,Source-listed skill book copy; final route copy selection pending.
BOOKLOC-000136,OBJ-000844,A Hypothetical Treachery,skill_book,dragonborn,Destruction,Skyrim,,,Apocrypha,"Apocrypha (Dragonborn), The Hidden Twilight, Chapter V",,Add-on or AE content access required for this copy,unknown,unknown,unknown,"Travel, cold, carry, theft, and dungeon endurance implications deferred",source_listed_candidate,SN-000051-skill-books-and-reader.md,Source-listed skill book copy; final route copy selection pending.
BOOKLOC-000137,OBJ-000845,Horror of Castle Xyr,skill_book,base_game,Destruction,Skyrim,,The Rift,210 ft WSW of Darklight Tower,210 ft WSW of Darklight Tower (The Rift),,,unknown,unknown,unknown,"Travel, cold, carry, theft, and dungeon endurance implications deferred",provisional_objective_representative,SN-000051-skill-books-and-reader.md,Source-listed skill book copy; final route copy selection pending.
BOOKLOC-000138,OBJ-000845,Horror of Castle Xyr,skill_book,base_game,Destruction,Skyrim,,Falkreath Hold,Glenmoril Coven,"Glenmoril Coven (Falkreath Hold), northwestern chamber, in a box under a tent",,,unknown,unknown,unknown,"Travel, cold, carry, theft, and dungeon endurance implications deferred",source_listed_candidate,SN-000051-skill-books-and-reader.md,Source-listed skill book copy; final route copy selection pending.
BOOKLOC-000139,OBJ-000845,Horror of Castle Xyr,skill_book,base_game,Destruction,Skyrim,,The Reach,350 ft SE of Harmugstahl,350 ft SE of Harmugstahl (The Reach),,,unknown,unknown,unknown,"Travel, cold, carry, theft, and dungeon endurance implications deferred",source_listed_candidate,SN-000051-skill-books-and-reader.md,Source-listed skill book copy; final route copy selection pending.
BOOKLOC-000140,OBJ-000845,Horror of Castle Xyr,skill_book,base_game,Destruction,Skyrim,,Whiterun Hold,Rannveig's Fast,"Rannveig's Fast (Whiterun Hold), in Sild the Warlock's room on a table",,,unknown,unknown,unknown,"Travel, cold, carry, theft, and dungeon endurance implications deferred",source_listed_candidate,SN-000051-skill-books-and-reader.md,Source-listed skill book copy; final route copy selection pending.
BOOKLOC-000141,OBJ-000845,Horror of Castle Xyr,skill_book,base_game,Destruction,Skyrim,,The Rift,480 ft SW of Stendarr's Beacon,"480 ft SW of Stendarr's Beacon (The Rift) , outside burning house under fallen tree",Interior ownership/theft status needs validation,,unknown,unknown,unknown,"Travel, cold, carry, theft, and dungeon endurance implications deferred",source_listed_candidate,SN-000051-skill-books-and-reader.md,Source-listed skill book copy; final route copy selection pending.
BOOKLOC-000142,OBJ-000846,"Mystery of Talara, v3",skill_book,base_game,Destruction,Skyrim,,Winterhold,Birna's Oddments,"Birna's Oddments (Winterhold), upstairs on a dresser",,,unknown,unknown,unknown,"Travel, cold, carry, theft, and dungeon endurance implications deferred",provisional_objective_representative,SN-000051-skill-books-and-reader.md,Source-listed skill book copy; final route copy selection pending.
BOOKLOC-000143,OBJ-000846,"Mystery of Talara, v3",skill_book,base_game,Destruction,Skyrim,,The Rift,Darklight Chambers,Darklight Chambers (The Rift),,,unknown,unknown,unknown,"Travel, cold, carry, theft, and dungeon endurance implications deferred",source_listed_candidate,SN-000051-skill-books-and-reader.md,Source-listed skill book copy; final route copy selection pending.
BOOKLOC-000144,OBJ-000846,"Mystery of Talara, v3",skill_book,base_game,Destruction,Skyrim,,Eastmarch,Morvunskar,"Morvunskar (Eastmarch), on a bookshelf in the northeast corridor",,,unknown,unknown,unknown,"Travel, cold, carry, theft, and dungeon endurance implications deferred",source_listed_candidate,SN-000051-skill-books-and-reader.md,Source-listed skill book copy; final route copy selection pending.
BOOKLOC-000145,OBJ-000846,"Mystery of Talara, v3",skill_book,base_game,Destruction,Skyrim,,Haafingar,Steepfall Burrow,"Steepfall Burrow (Haafingar), in the room with the large chest",,,unknown,unknown,unknown,"Travel, cold, carry, theft, and dungeon endurance implications deferred",source_listed_candidate,SN-000051-skill-books-and-reader.md,Source-listed skill book copy; final route copy selection pending.
BOOKLOC-000146,OBJ-000846,"Mystery of Talara, v3",skill_book,base_game,Destruction,Skyrim,,The Rift,Tolvald's Crossing,Tolvald's Crossing (The Rift),,,unknown,unknown,unknown,"Travel, cold, carry, theft, and dungeon endurance implications deferred",source_listed_candidate,SN-000051-skill-books-and-reader.md,Source-listed skill book copy; final route copy selection pending.
BOOKLOC-000147,OBJ-000847,Response to Bero's Speech,skill_book,base_game,Destruction,Skyrim,,Falkreath Hold,Haemar's Cavern,"Haemar's Cavern (Falkreath Hold), on a desk near two dead bandits",,,unknown,unknown,unknown,"Travel, cold, carry, theft, and dungeon endurance implications deferred",provisional_objective_representative,SN-000051-skill-books-and-reader.md,Source-listed skill book copy; final route copy selection pending.
BOOKLOC-000148,OBJ-000847,Response to Bero's Speech,skill_book,base_game,Destruction,Skyrim,,The Pale,Iron-Breaker Mine,Iron-Breaker Mine (Dawnstar),,,unknown,unknown,unknown,"Travel, cold, carry, theft, and dungeon endurance implications deferred",source_listed_candidate,SN-000051-skill-books-and-reader.md,Source-listed skill book copy; final route copy selection pending.
BOOKLOC-000149,OBJ-000847,Response to Bero's Speech,skill_book,base_game,Destruction,Skyrim,,Hjaalmarch,Thaumaturgist's Hut,"Thaumaturgist's Hut (Morthal), downstairs, on top of a potion cabinet next to a troll skull",,,unknown,unknown,unknown,"Travel, cold, carry, theft, and dungeon endurance implications deferred",source_listed_candidate,SN-000051-skill-books-and-reader.md,Source-listed skill book copy; final route copy selection pending.
BOOKLOC-000150,OBJ-000847,Response to Bero's Speech,skill_book,base_game,Destruction,Skyrim,,,Witchmist Grove,"Witchmist Grove, under the bed in the cabin",,,unknown,unknown,unknown,"Travel, cold, carry, theft, and dungeon endurance implications deferred",source_listed_candidate,SN-000051-skill-books-and-reader.md,Source-listed skill book copy; final route copy selection pending.
BOOKLOC-000151,OBJ-000847,Response to Bero's Speech,skill_book,base_game,Destruction,Skyrim,,,Urag gro-Shub,"Urag gro-Shub (College of Winterhold), Hitting the Books quest reward",,Quest/state dependency possible; validate before route placement,unknown,possible,unknown,"Travel, cold, carry, theft, and dungeon endurance implications deferred",source_listed_candidate,SN-000051-skill-books-and-reader.md,Source-listed skill book copy; final route copy selection pending.
BOOKLOC-000152,OBJ-000848,The Art of War Magic,skill_book,base_game,Destruction,Skyrim,,Falkreath Hold,Southfringe Sanctum,"Southfringe Sanctum (Falkreath Hold) carried by Bashnag, only during the quest The Savior of Selveni Nethri, or Bashnag is only a generic leveled necromancer",Carried/body source; loot access needs route validation,Quest/state dependency possible; validate before route placement,unknown,possible,unknown,"Travel, cold, carry, theft, and dungeon endurance implications deferred",provisional_objective_representative,SN-000051-skill-books-and-reader.md,Source-listed skill book copy; final route copy selection pending.
BOOKLOC-000153,OBJ-000848,The Art of War Magic,skill_book,base_game,Destruction,Skyrim,,The Reach,540 ft SW of Bthardamz,540 ft SW of Bthardamz (The Reach),,,unknown,unknown,unknown,"Travel, cold, carry, theft, and dungeon endurance implications deferred",source_listed_candidate,SN-000051-skill-books-and-reader.md,Source-listed skill book copy; final route copy selection pending.
BOOKLOC-000154,OBJ-000848,The Art of War Magic,skill_book,base_game,Destruction,Skyrim,,The Rift,470 ft N of Fallowstone Cave,470 ft N of Fallowstone Cave (The Rift),,,unknown,unknown,unknown,"Travel, cold, carry, theft, and dungeon endurance implications deferred",source_listed_candidate,SN-000051-skill-books-and-reader.md,Source-listed skill book copy; final route copy selection pending.
BOOKLOC-000155,OBJ-000848,The Art of War Magic,skill_book,base_game,Destruction,Skyrim,,Haafingar,Ravenscar Hollow,"Ravenscar Hollow (Haafingar), on a table",,,unknown,unknown,unknown,"Travel, cold, carry, theft, and dungeon endurance implications deferred",source_listed_candidate,SN-000051-skill-books-and-reader.md,Source-listed skill book copy; final route copy selection pending.
BOOKLOC-000156,OBJ-000848,The Art of War Magic,skill_book,base_game,Destruction,Skyrim,,The Pale,The White Hall in Dawnstar,"The White Hall in Dawnstar (The Pale), up the stairs on the left on a small table",,,unknown,unknown,unknown,"Travel, cold, carry, theft, and dungeon endurance implications deferred",source_listed_candidate,SN-000051-skill-books-and-reader.md,Source-listed skill book copy; final route copy selection pending.
BOOKLOC-000157,OBJ-000848,The Art of War Magic,skill_book,dragonborn,Destruction,Skyrim,,,Apocrypha,"Apocrypha (Dragonborn), Waking Dreams, Chapter VI",,Add-on or AE content access required for this copy,unknown,unknown,unknown,"Travel, cold, carry, theft, and dungeon endurance implications deferred",source_listed_candidate,SN-000051-skill-books-and-reader.md,Source-listed skill book copy; final route copy selection pending.
BOOKLOC-000158,OBJ-000849,A Tragedy in Black,skill_book,base_game,Enchanting,Skyrim,,The Reach,Bruca's Leap Redoubt,"Bruca's Leap Redoubt (The Reach), on the bookshelf",,,unknown,unknown,unknown,"Travel, cold, carry, theft, and dungeon endurance implications deferred",provisional_objective_representative,SN-000051-skill-books-and-reader.md,Source-listed skill book copy; final route copy selection pending.
BOOKLOC-000159,OBJ-000849,A Tragedy in Black,skill_book,base_game,Enchanting,Skyrim,,,East of Eldergleam Sanctuary,"East of Eldergleam Sanctuary, on a crate surrounded by soul gems",,,unknown,unknown,unknown,"Travel, cold, carry, theft, and dungeon endurance implications deferred",source_listed_candidate,SN-000051-skill-books-and-reader.md,Source-listed skill book copy; final route copy selection pending.
BOOKLOC-000160,OBJ-000849,A Tragedy in Black,skill_book,base_game,Enchanting,Skyrim,,Falkreath Hold,Glenmoril Coven,"Glenmoril Coven (Falkreath Hold), on a table next to an Arcane Enchanter",,,unknown,unknown,unknown,"Travel, cold, carry, theft, and dungeon endurance implications deferred",source_listed_candidate,SN-000051-skill-books-and-reader.md,Source-listed skill book copy; final route copy selection pending.
BOOKLOC-000161,OBJ-000849,A Tragedy in Black,skill_book,base_game,Enchanting,Skyrim,,Falkreath Hold,Ilinalta's Deep,"Ilinalta's Deep (Falkreath Hold), in the room with the Arcane Enchanter and Alchemy Table",,,unknown,unknown,unknown,"Travel, cold, carry, theft, and dungeon endurance implications deferred",source_listed_candidate,SN-000051-skill-books-and-reader.md,Source-listed skill book copy; final route copy selection pending.
BOOKLOC-000162,OBJ-000849,A Tragedy in Black,skill_book,base_game,Enchanting,Skyrim,,Falkreath Hold,240 ft ENE of Twilight Sepulcher at a Shrine of Akatosh,240 ft ENE of Twilight Sepulcher (Falkreath Hold) at a Shrine of Akatosh,,,unknown,unknown,unknown,"Travel, cold, carry, theft, and dungeon endurance implications deferred",source_listed_candidate,SN-000051-skill-books-and-reader.md,Source-listed skill book copy; final route copy selection pending.
BOOKLOC-000163,OBJ-000849,A Tragedy in Black,skill_book,base_game,Enchanting,Skyrim,,,Gallows Hall,"Gallows Hall, on the basement's bookshelf",,,unknown,unknown,unknown,"Travel, cold, carry, theft, and dungeon endurance implications deferred",source_listed_candidate,SN-000051-skill-books-and-reader.md,Source-listed skill book copy; final route copy selection pending.
BOOKLOC-000164,OBJ-000850,Catalogue of Armor Enchantments,skill_book,base_game,Enchanting,Skyrim,,The Pale,The Brinehammer Below Deck,The Brinehammer Below Deck (The Pale),,,unknown,unknown,unknown,"Travel, cold, carry, theft, and dungeon endurance implications deferred",provisional_objective_representative,SN-000051-skill-books-and-reader.md,Source-listed skill book copy; final route copy selection pending.
BOOKLOC-000165,OBJ-000850,Catalogue of Armor Enchantments,skill_book,base_game,Enchanting,Skyrim,,Hjaalmarch,Falion's House,"Falion's House (Morthal), on a shelf",Interior ownership/theft status needs validation,,unknown,unknown,unknown,"Travel, cold, carry, theft, and dungeon endurance implications deferred",source_listed_candidate,SN-000051-skill-books-and-reader.md,Source-listed skill book copy; final route copy selection pending.
BOOKLOC-000166,OBJ-000850,Catalogue of Armor Enchantments,skill_book,base_game,Enchanting,Skyrim,,Eastmarch,Fort Amol,"Fort Amol (Eastmarch), on the cupboard next to the Arcane Enchanter",,,unknown,unknown,unknown,"Travel, cold, carry, theft, and dungeon endurance implications deferred",source_listed_candidate,SN-000051-skill-books-and-reader.md,Source-listed skill book copy; final route copy selection pending.
BOOKLOC-000167,OBJ-000850,Catalogue of Armor Enchantments,skill_book,base_game,Enchanting,Skyrim,,Eastmarch,Steamscorch Mine,"Steamscorch Mine (Eastmarch), on a table just after entrance",,,unknown,unknown,unknown,"Travel, cold, carry, theft, and dungeon endurance implications deferred",source_listed_candidate,SN-000051-skill-books-and-reader.md,Source-listed skill book copy; final route copy selection pending.
BOOKLOC-000168,OBJ-000850,Catalogue of Armor Enchantments,skill_book,base_game,Enchanting,Skyrim,,,Shrine of Mehrunes Dagon,Shrine of Mehrunes Dagon,,,unknown,unknown,unknown,"Travel, cold, carry, theft, and dungeon endurance implications deferred",source_listed_candidate,SN-000051-skill-books-and-reader.md,Source-listed skill book copy; final route copy selection pending.
BOOKLOC-000169,OBJ-000851,Catalogue of Weapon Enchantments,skill_book,base_game,Enchanting,Skyrim,,Haafingar,Castle Dour,"Castle Dour, Emperor's Tower (Solitude)",,,unknown,unknown,unknown,"Travel, cold, carry, theft, and dungeon endurance implications deferred",provisional_objective_representative,SN-000051-skill-books-and-reader.md,Source-listed skill book copy; final route copy selection pending.
BOOKLOC-000170,OBJ-000851,Catalogue of Weapon Enchantments,skill_book,base_game,Enchanting,Skyrim,,,Darkwater Pass,"Darkwater Pass, near the middle of the dungeon, found on top of the Arcane Enchanter",,,unknown,unknown,unknown,"Travel, cold, carry, theft, and dungeon endurance implications deferred",source_listed_candidate,SN-000051-skill-books-and-reader.md,Source-listed skill book copy; final route copy selection pending.
BOOKLOC-000171,OBJ-000851,Catalogue of Weapon Enchantments,skill_book,base_game,Enchanting,Skyrim,,Falkreath Hold,Roadside Ruins,"Roadside Ruins (Falkreath Hold), near a chest in the center",,,unknown,unknown,unknown,"Travel, cold, carry, theft, and dungeon endurance implications deferred",source_listed_candidate,SN-000051-skill-books-and-reader.md,Source-listed skill book copy; final route copy selection pending.
BOOKLOC-000172,OBJ-000851,Catalogue of Weapon Enchantments,skill_book,base_game,Enchanting,Skyrim,,The Pale,The White Hall,"The White Hall (Dawnstar), in a room with the enchanter between two barrels",,,unknown,unknown,unknown,"Travel, cold, carry, theft, and dungeon endurance implications deferred",source_listed_candidate,SN-000051-skill-books-and-reader.md,Source-listed skill book copy; final route copy selection pending.
BOOKLOC-000173,OBJ-000851,Catalogue of Weapon Enchantments,skill_book,base_game,Enchanting,Skyrim,,,Urag gro-Shub,"Urag gro-Shub (College of Winterhold), Hitting the Books quest reward",,Quest/state dependency possible; validate before route placement,unknown,possible,unknown,"Travel, cold, carry, theft, and dungeon endurance implications deferred",source_listed_candidate,SN-000051-skill-books-and-reader.md,Source-listed skill book copy; final route copy selection pending.
BOOKLOC-000174,OBJ-000851,Catalogue of Weapon Enchantments,skill_book,dragonborn,Enchanting,Skyrim,,,Apocrypha,"Apocrypha (Dragonborn), Waking Dreams, Chapter III",,Add-on or AE content access required for this copy,unknown,unknown,unknown,"Travel, cold, carry, theft, and dungeon endurance implications deferred",source_listed_candidate,SN-000051-skill-books-and-reader.md,Source-listed skill book copy; final route copy selection pending.
BOOKLOC-000175,OBJ-000851,Catalogue of Weapon Enchantments,skill_book,ae_creation,Enchanting,Skyrim,,,Myrwatch,"Myrwatch (CC: Myrwatch), on the Arcane Enchanter table",,Add-on or AE content access required for this copy,unknown,unknown,unknown,"Travel, cold, carry, theft, and dungeon endurance implications deferred",source_listed_candidate,SN-000051-skill-books-and-reader.md,Source-listed skill book copy; final route copy selection pending.
BOOKLOC-000176,OBJ-000852,Enchanter's Primer,skill_book,base_game,Enchanting,Skyrim,,Whiterun Hold,Carlotta Valentia's House,"Carlotta Valentia's House (Whiterun), on the bedroom floor",Interior ownership/theft status needs validation,,unknown,unknown,unknown,"Travel, cold, carry, theft, and dungeon endurance implications deferred",provisional_objective_representative,SN-000051-skill-books-and-reader.md,Source-listed skill book copy; final route copy selection pending.
BOOKLOC-000177,OBJ-000852,Enchanter's Primer,skill_book,base_game,Enchanting,Skyrim,,Winterhold,410 ft NNW of Fort Kastav,410 ft NNW of Fort Kastav (Winterhold),,,unknown,unknown,unknown,"Travel, cold, carry, theft, and dungeon endurance implications deferred",source_listed_candidate,SN-000051-skill-books-and-reader.md,Source-listed skill book copy; final route copy selection pending.
BOOKLOC-000178,OBJ-000852,Enchanter's Primer,skill_book,base_game,Enchanting,Skyrim,,Winterhold,Hob's Fall Cave,"Hob's Fall Cave (Winterhold), on the arcane enchanter",,,unknown,unknown,unknown,"Travel, cold, carry, theft, and dungeon endurance implications deferred",source_listed_candidate,SN-000051-skill-books-and-reader.md,Source-listed skill book copy; final route copy selection pending.
BOOKLOC-000179,OBJ-000852,Enchanter's Primer,skill_book,base_game,Enchanting,Skyrim,,The Rift,Honeyside,Honeyside (Riften),,,unknown,unknown,unknown,"Travel, cold, carry, theft, and dungeon endurance implications deferred",source_listed_candidate,SN-000051-skill-books-and-reader.md,Source-listed skill book copy; final route copy selection pending.
BOOKLOC-000180,OBJ-000852,Enchanter's Primer,skill_book,ae_creation,Enchanting,Skyrim,,Whiterun Hold,Tundra Homestead,"Tundra Homestead (CC: Tundra Homestead) (Whiterun Hold), next to the arcane enchanter",,Add-on or AE content access required for this copy,unknown,unknown,unknown,"Travel, cold, carry, theft, and dungeon endurance implications deferred",source_listed_candidate,SN-000051-skill-books-and-reader.md,Source-listed skill book copy; final route copy selection pending.
BOOKLOC-000181,OBJ-000852,Enchanter's Primer,skill_book,base_game,Enchanting,Skyrim,,,530 ft NNE of Valthume,530 ft NNE of Valthume,,,unknown,unknown,unknown,"Travel, cold, carry, theft, and dungeon endurance implications deferred",source_listed_candidate,SN-000051-skill-books-and-reader.md,Source-listed skill book copy; final route copy selection pending.
BOOKLOC-000182,OBJ-000853,Twin Secrets,skill_book,base_game,Enchanting,Skyrim,,The Reach,Calcelmo's Laboratory,Calcelmo's Laboratory (Markarth),,,unknown,unknown,unknown,"Travel, cold, carry, theft, and dungeon endurance implications deferred",provisional_objective_representative,SN-000051-skill-books-and-reader.md,Source-listed skill book copy; final route copy selection pending.
BOOKLOC-000183,OBJ-000853,Twin Secrets,skill_book,base_game,Enchanting,Skyrim,,Winterhold,Jarl's Longhouse,"Jarl's Longhouse (Winterhold), inside a basket in the southwest corner of the Jarl's bedroom",Interior ownership/theft status needs validation,,unknown,unknown,unknown,"Travel, cold, carry, theft, and dungeon endurance implications deferred",source_listed_candidate,SN-000051-skill-books-and-reader.md,Source-listed skill book copy; final route copy selection pending.
BOOKLOC-000184,OBJ-000853,Twin Secrets,skill_book,base_game,Enchanting,Skyrim,,Whiterun Hold,Serpent's Bluff Ruins,"Serpent's Bluff Ruins (Whiterun Hold), on the Arcane Enchanter at the end of the dungeon",,,unknown,unknown,unknown,"Travel, cold, carry, theft, and dungeon endurance implications deferred",source_listed_candidate,SN-000051-skill-books-and-reader.md,Source-listed skill book copy; final route copy selection pending.
BOOKLOC-000185,OBJ-000853,Twin Secrets,skill_book,base_game,Enchanting,Skyrim,,,Shrine of Stendarr,"Shrine of Stendarr, south of Swindler's Den",,,unknown,unknown,unknown,"Travel, cold, carry, theft, and dungeon endurance implications deferred",source_listed_candidate,SN-000051-skill-books-and-reader.md,Source-listed skill book copy; final route copy selection pending.
BOOKLOC-000186,OBJ-000853,Twin Secrets,skill_book,base_game,Enchanting,Skyrim,,The Rift,Treva's Watch,"Treva's Watch (The Rift), bandit chief's room",,,unknown,unknown,unknown,"Travel, cold, carry, theft, and dungeon endurance implications deferred",source_listed_candidate,SN-000051-skill-books-and-reader.md,Source-listed skill book copy; final route copy selection pending.
BOOKLOC-000187,OBJ-000854,"2920, MidYear, v6",skill_book,base_game,Heavy Armor,Skyrim,,,Blackreach,"Blackreach, over a stone table in the south zone",,,unknown,unknown,unknown,"Travel, cold, carry, theft, and dungeon endurance implications deferred",provisional_objective_representative,SN-000051-skill-books-and-reader.md,Source-listed skill book copy; final route copy selection pending.
BOOKLOC-000188,OBJ-000854,"2920, MidYear, v6",skill_book,base_game,Heavy Armor,Skyrim,,Falkreath Hold,Bonechill Passage,"Bonechill Passage (Falkreath Hold), on the ground in the first room when entered",,,unknown,unknown,unknown,"Travel, cold, carry, theft, and dungeon endurance implications deferred",source_listed_candidate,SN-000051-skill-books-and-reader.md,Source-listed skill book copy; final route copy selection pending.
BOOKLOC-000189,OBJ-000854,"2920, MidYear, v6",skill_book,base_game,Heavy Armor,Skyrim,,Eastmarch,320 ft ENE of Cradlecrush Rock at a Shrine of Talos,320 ft ENE of Cradlecrush Rock (Eastmarch) at a Shrine of Talos,,,unknown,unknown,unknown,"Travel, cold, carry, theft, and dungeon endurance implications deferred",source_listed_candidate,SN-000051-skill-books-and-reader.md,Source-listed skill book copy; final route copy selection pending.
BOOKLOC-000190,OBJ-000854,"2920, MidYear, v6",skill_book,base_game,Heavy Armor,Skyrim,,The Pale,Fort Dunstad Prison,Fort Dunstad Prison (The Pale),,,unknown,unknown,unknown,"Travel, cold, carry, theft, and dungeon endurance implications deferred",source_listed_candidate,SN-000051-skill-books-and-reader.md,Source-listed skill book copy; final route copy selection pending.
BOOKLOC-000191,OBJ-000854,"2920, MidYear, v6",skill_book,base_game,Heavy Armor,Skyrim,,Hjaalmarch,Guardhouse,"Guardhouse (Morthal), behind the barrel to the right of the fireplace",Interior ownership/theft status needs validation,,unknown,unknown,unknown,"Travel, cold, carry, theft, and dungeon endurance implications deferred",source_listed_candidate,SN-000051-skill-books-and-reader.md,Source-listed skill book copy; final route copy selection pending.
BOOKLOC-000192,OBJ-000855,Chimarvamidium,skill_book,base_game,Heavy Armor,Skyrim,,The Reach,Calcelmo's Tower,Calcelmo's Tower (Markarth),,,unknown,unknown,unknown,"Travel, cold, carry, theft, and dungeon endurance implications deferred",provisional_objective_representative,SN-000051-skill-books-and-reader.md,Source-listed skill book copy; final route copy selection pending.
BOOKLOC-000193,OBJ-000855,Chimarvamidium,skill_book,base_game,Heavy Armor,Skyrim,,Eastmarch,Goldenrock Mine,"Goldenrock Mine (Eastmarch), near a bedroll in a dead end tunnel",,,unknown,unknown,unknown,"Travel, cold, carry, theft, and dungeon endurance implications deferred",source_listed_candidate,SN-000051-skill-books-and-reader.md,Source-listed skill book copy; final route copy selection pending.
BOOKLOC-000194,OBJ-000855,Chimarvamidium,skill_book,base_game,Heavy Armor,Skyrim,,The Reach,Reachwind Eyrie,"Reachwind Eyrie (The Reach), on a desk as you enter",,,unknown,unknown,unknown,"Travel, cold, carry, theft, and dungeon endurance implications deferred",source_listed_candidate,SN-000051-skill-books-and-reader.md,Source-listed skill book copy; final route copy selection pending.
BOOKLOC-000195,OBJ-000855,Chimarvamidium,skill_book,base_game,Heavy Armor,Skyrim,,,Between the Wreck of The Pride of Tel Vos and Bleakcoast Cave,"Between the Wreck of The Pride of Tel Vos and Bleakcoast Cave, under a fallen tree",,,unknown,unknown,unknown,"Travel, cold, carry, theft, and dungeon endurance implications deferred",source_listed_candidate,SN-000051-skill-books-and-reader.md,Source-listed skill book copy; final route copy selection pending.
BOOKLOC-000196,OBJ-000855,Chimarvamidium,skill_book,base_game,Heavy Armor,Skyrim,,,On the corpse of a Stormcloak soldier in a troll den northeast of Ivarstead by the river Ordinary books:,On the corpse of a Stormcloak soldier in a troll den northeast of Ivarstead by the river (respawn infinitely) Ordinary books:,Carried/body source; loot access needs route validation,,unknown,unknown,unknown,"Travel, cold, carry, theft, and dungeon endurance implications deferred",source_listed_candidate,SN-000051-skill-books-and-reader.md,Source-listed skill book copy; final route copy selection pending.
BOOKLOC-000197,OBJ-000855,Chimarvamidium,skill_book,base_game,Heavy Armor,Skyrim,,Winterhold,Alftand Glacial Ruins,"Alftand Glacial Ruins (Winterhold), under a pot on a barrel in the bloody part of the cave with a fireplace and several bedrolls",,,unknown,unknown,unknown,"Travel, cold, carry, theft, and dungeon endurance implications deferred",source_listed_candidate,SN-000051-skill-books-and-reader.md,Source-listed skill book copy; final route copy selection pending.
BOOKLOC-000198,OBJ-000855,Chimarvamidium,skill_book,base_game,Heavy Armor,Skyrim,,The Reach,Calcelmo's Laboratory,Calcelmo's Laboratory (Markarth),,,unknown,unknown,unknown,"Travel, cold, carry, theft, and dungeon endurance implications deferred",source_listed_candidate,SN-000051-skill-books-and-reader.md,Source-listed skill book copy; final route copy selection pending.
BOOKLOC-000199,OBJ-000855,Chimarvamidium,skill_book,base_game,Heavy Armor,Skyrim,,The Reach,Dwemer Museum,"Dwemer Museum (Markarth), in an adept-locked display case",Locked access noted; key/lockpicking route needs validation,,unknown,unknown,unknown,"Travel, cold, carry, theft, and dungeon endurance implications deferred",source_listed_candidate,SN-000051-skill-books-and-reader.md,Source-listed skill book copy; final route copy selection pending.
BOOKLOC-000200,OBJ-000855,Chimarvamidium,skill_book,base_game,Heavy Armor,Skyrim,,Winterhold,Septimus Signus's Outpost,"Septimus Signus's Outpost (Winterhold), on the bookshelf",,,unknown,unknown,unknown,"Travel, cold, carry, theft, and dungeon endurance implications deferred",source_listed_candidate,SN-000051-skill-books-and-reader.md,Source-listed skill book copy; final route copy selection pending.
BOOKLOC-000201,OBJ-000855,Chimarvamidium,skill_book,ae_creation,Heavy Armor,Skyrim,,,Myrwatch,Myrwatch (CC: Myrwatch),,Add-on or AE content access required for this copy,unknown,unknown,unknown,"Travel, cold, carry, theft, and dungeon endurance implications deferred",source_listed_candidate,SN-000051-skill-books-and-reader.md,Source-listed skill book copy; final route copy selection pending.
BOOKLOC-000202,OBJ-000856,Hallgerd's Tale,skill_book,base_game,Heavy Armor,Skyrim,,The Rift,530 ft NNW of Fallowstone Cave,530 ft NNW of Fallowstone Cave (The Rift),,,unknown,unknown,unknown,"Travel, cold, carry, theft, and dungeon endurance implications deferred",provisional_objective_representative,SN-000051-skill-books-and-reader.md,Source-listed skill book copy; final route copy selection pending.
BOOKLOC-000203,OBJ-000856,Hallgerd's Tale,skill_book,base_game,Heavy Armor,Skyrim,,Whiterun Hold,Jorrvaskr,"Jorrvaskr (Whiterun), on an end table in the main hall, opposite the fragments of Wuuthrad",,,unknown,unknown,unknown,"Travel, cold, carry, theft, and dungeon endurance implications deferred",source_listed_candidate,SN-000051-skill-books-and-reader.md,Source-listed skill book copy; final route copy selection pending.
BOOKLOC-000204,OBJ-000856,Hallgerd's Tale,skill_book,base_game,Heavy Armor,Skyrim,,Eastmarch,Mistwatch East Tower,"Mistwatch East Tower (Eastmarch), on a dresser in the bandit leader's room",,,unknown,unknown,unknown,"Travel, cold, carry, theft, and dungeon endurance implications deferred",source_listed_candidate,SN-000051-skill-books-and-reader.md,Source-listed skill book copy; final route copy selection pending.
BOOKLOC-000205,OBJ-000856,Hallgerd's Tale,skill_book,base_game,Heavy Armor,Skyrim,,,Rift Watchtower,"Rift Watchtower, top of the tower",,,unknown,unknown,unknown,"Travel, cold, carry, theft, and dungeon endurance implications deferred",source_listed_candidate,SN-000051-skill-books-and-reader.md,Source-listed skill book copy; final route copy selection pending.
BOOKLOC-000206,OBJ-000856,Hallgerd's Tale,skill_book,base_game,Heavy Armor,Skyrim,,,As long as the Falkreath Stormcloak Camp is disabled: Between Orphan Rock and Haemar's Shame,As long as the Falkreath Stormcloak Camp is disabled: Between Orphan Rock and Haemar's Shame on the body of a dead Nord (respawn infinitely),Carried/body source; loot access needs route validation,,unknown,unknown,unknown,"Travel, cold, carry, theft, and dungeon endurance implications deferred",source_listed_candidate,SN-000051-skill-books-and-reader.md,Source-listed skill book copy; final route copy selection pending.
BOOKLOC-000207,OBJ-000856,Hallgerd's Tale,skill_book,dragonborn,Heavy Armor,Skyrim,,,Alor House,"Alor House (Dragonborn) (Raven Rock), downstairs in the southern bedroom",Interior ownership/theft status needs validation,Add-on or AE content access required for this copy,unknown,unknown,unknown,"Travel, cold, carry, theft, and dungeon endurance implications deferred",source_listed_candidate,SN-000051-skill-books-and-reader.md,Source-listed skill book copy; final route copy selection pending.
BOOKLOC-000208,OBJ-000857,Orsinium and the Orcs,skill_book,base_game,Heavy Armor,Skyrim,,Whiterun Hold,Darkshade,"Darkshade (Whiterun Hold), second room, lying near the water",,,unknown,unknown,unknown,"Travel, cold, carry, theft, and dungeon endurance implications deferred",provisional_objective_representative,SN-000051-skill-books-and-reader.md,Source-listed skill book copy; final route copy selection pending.
BOOKLOC-000209,OBJ-000857,Orsinium and the Orcs,skill_book,base_game,Heavy Armor,Skyrim,,The Reach,Dushnikh Yal Cellar,Dushnikh Yal Cellar (The Reach),,,unknown,unknown,unknown,"Travel, cold, carry, theft, and dungeon endurance implications deferred",source_listed_candidate,SN-000051-skill-books-and-reader.md,Source-listed skill book copy; final route copy selection pending.
BOOKLOC-000210,OBJ-000857,Orsinium and the Orcs,skill_book,base_game,Heavy Armor,Skyrim,,Winterhold,Fort Fellhammer Mines,"Fort Fellhammer Mines (Winterhold), on a table near the bottom of the mine",,,unknown,unknown,unknown,"Travel, cold, carry, theft, and dungeon endurance implications deferred",source_listed_candidate,SN-000051-skill-books-and-reader.md,Source-listed skill book copy; final route copy selection pending.
BOOKLOC-000211,OBJ-000857,Orsinium and the Orcs,skill_book,base_game,Heavy Armor,Skyrim,,Eastmarch,Lost Knife Hideout,"Lost Knife Hideout (Eastmarch), on a table near a sleeping guard, in the collapsed fort section",,,unknown,unknown,unknown,"Travel, cold, carry, theft, and dungeon endurance implications deferred",source_listed_candidate,SN-000051-skill-books-and-reader.md,Source-listed skill book copy; final route copy selection pending.
BOOKLOC-000212,OBJ-000857,Orsinium and the Orcs,skill_book,base_game,Heavy Armor,Skyrim,,Hjaalmarch,Rockwallow Mine,"Rockwallow Mine (Hjaalmarch), atop the mine scaffolding",,,unknown,unknown,unknown,"Travel, cold, carry, theft, and dungeon endurance implications deferred",source_listed_candidate,SN-000051-skill-books-and-reader.md,Source-listed skill book copy; final route copy selection pending.
BOOKLOC-000213,OBJ-000857,Orsinium and the Orcs,skill_book,dragonborn,Heavy Armor,Skyrim,,,Apocrypha,"Apocrypha (Dragonborn), Epistolary Acumen, Chapter III",,Add-on or AE content access required for this copy,unknown,unknown,unknown,"Travel, cold, carry, theft, and dungeon endurance implications deferred",source_listed_candidate,SN-000051-skill-books-and-reader.md,Source-listed skill book copy; final route copy selection pending.
BOOKLOC-000214,OBJ-000858,The Knights of the Nine,skill_book,base_game,Heavy Armor,Skyrim,,Whiterun Hold,Guldun Rock Cave,Guldun Rock Cave (Whiterun Hold),,,unknown,unknown,unknown,"Travel, cold, carry, theft, and dungeon endurance implications deferred",provisional_objective_representative,SN-000051-skill-books-and-reader.md,Source-listed skill book copy; final route copy selection pending.
BOOKLOC-000215,OBJ-000858,The Knights of the Nine,skill_book,base_game,Heavy Armor,Skyrim,,The Pale,Hall of the Vigilant,"Hall of the Vigilant (The Pale), downstairs area",,,unknown,unknown,unknown,"Travel, cold, carry, theft, and dungeon endurance implications deferred",source_listed_candidate,SN-000051-skill-books-and-reader.md,Source-listed skill book copy; final route copy selection pending.
BOOKLOC-000216,OBJ-000858,The Knights of the Nine,skill_book,base_game,Heavy Armor,Skyrim,,Eastmarch,Mauhulakh's Longhouse,Mauhulakh's Longhouse (Eastmarch),Interior ownership/theft status needs validation,,unknown,unknown,unknown,"Travel, cold, carry, theft, and dungeon endurance implications deferred",source_listed_candidate,SN-000051-skill-books-and-reader.md,Source-listed skill book copy; final route copy selection pending.
BOOKLOC-000217,OBJ-000858,The Knights of the Nine,skill_book,base_game,Heavy Armor,Skyrim,,Eastmarch,Palace of the Kings Upstairs,"Palace of the Kings Upstairs (Windhelm), first room on the left upstairs, top shelf of cupboard",Interior ownership/theft status needs validation,,unknown,unknown,unknown,"Travel, cold, carry, theft, and dungeon endurance implications deferred",source_listed_candidate,SN-000051-skill-books-and-reader.md,Source-listed skill book copy; final route copy selection pending.
BOOKLOC-000218,OBJ-000858,The Knights of the Nine,skill_book,base_game,Heavy Armor,Skyrim,,,220 ft N of The Tower Stone,"220 ft N of The Tower Stone, next to a skeleton and a flag",,,unknown,unknown,unknown,"Travel, cold, carry, theft, and dungeon endurance implications deferred",source_listed_candidate,SN-000051-skill-books-and-reader.md,Source-listed skill book copy; final route copy selection pending.
BOOKLOC-000219,OBJ-000859,"2920, Sun's Dawn, v2",skill_book,base_game,Illusion,Skyrim,,,Ansilvund Burial Chambers,"Ansilvund Burial Chambers, in the second section, large room with the hanging cages, on a pressurized pedestal",,,unknown,unknown,unknown,"Travel, cold, carry, theft, and dungeon endurance implications deferred",provisional_objective_representative,SN-000051-skill-books-and-reader.md,Source-listed skill book copy; final route copy selection pending.
BOOKLOC-000220,OBJ-000859,"2920, Sun's Dawn, v2",skill_book,base_game,Illusion,Skyrim,,,Darklight Tower,"Darklight Tower, near the entrance to Darklight Chambers, on a table",,,unknown,unknown,unknown,"Travel, cold, carry, theft, and dungeon endurance implications deferred",source_listed_candidate,SN-000051-skill-books-and-reader.md,Source-listed skill book copy; final route copy selection pending.
BOOKLOC-000221,OBJ-000859,"2920, Sun's Dawn, v2",skill_book,base_game,Illusion,Skyrim,,,Movarth's Lair,"Movarth's Lair, in the part of the cave accessed via the passage to the left of Movarth's throne, on an end table",,,unknown,unknown,unknown,"Travel, cold, carry, theft, and dungeon endurance implications deferred",source_listed_candidate,SN-000051-skill-books-and-reader.md,Source-listed skill book copy; final route copy selection pending.
BOOKLOC-000222,OBJ-000859,"2920, Sun's Dawn, v2",skill_book,base_game,Illusion,Skyrim,,,Markarth,"Markarth, Temple of Dibella, Inner Sanctum, bookshelf to the left, in a long row of books",,,unknown,unknown,unknown,"Travel, cold, carry, theft, and dungeon endurance implications deferred",source_listed_candidate,SN-000051-skill-books-and-reader.md,Source-listed skill book copy; final route copy selection pending.
BOOKLOC-000223,OBJ-000859,"2920, Sun's Dawn, v2",skill_book,base_game,Illusion,Skyrim,,,On an island between Reachcliff Cave and Old Hroldan Inn,"On an island between Reachcliff Cave and Old Hroldan Inn, at the top of a waterfall cliff, in an apprentice-locked chest (respawn infinitely)",Locked access noted; key/lockpicking route needs validation,,unknown,unknown,unknown,"Travel, cold, carry, theft, and dungeon endurance implications deferred",source_listed_candidate,SN-000051-skill-books-and-reader.md,Source-listed skill book copy; final route copy selection pending.
BOOKLOC-000224,OBJ-000860,Before the Ages of Man,skill_book,base_game,Illusion,Skyrim,,The Rift,Angarvunde Ruins,"Angarvunde Ruins (The Rift), on a table with embalming tools",,,unknown,unknown,unknown,"Travel, cold, carry, theft, and dungeon endurance implications deferred",provisional_objective_representative,SN-000051-skill-books-and-reader.md,Source-listed skill book copy; final route copy selection pending.
BOOKLOC-000225,OBJ-000860,Before the Ages of Man,skill_book,base_game,Illusion,Skyrim,,Whiterun Hold,Dragonsreach Jarl's Quarters,Dragonsreach Jarl's Quarters (Whiterun),Interior ownership/theft status needs validation,,unknown,unknown,unknown,"Travel, cold, carry, theft, and dungeon endurance implications deferred",source_listed_candidate,SN-000051-skill-books-and-reader.md,Source-listed skill book copy; final route copy selection pending.
BOOKLOC-000226,OBJ-000860,Before the Ages of Man,skill_book,base_game,Illusion,Skyrim,,Haafingar,Reeking Cave,"Reeking Cave (Haafingar), in the frost troll hideout",,,unknown,unknown,unknown,"Travel, cold, carry, theft, and dungeon endurance implications deferred",source_listed_candidate,SN-000051-skill-books-and-reader.md,Source-listed skill book copy; final route copy selection pending.
BOOKLOC-000227,OBJ-000860,Before the Ages of Man,skill_book,base_game,Illusion,Skyrim,,,Shroud Hearth Barrow,"Shroud Hearth Barrow (Ivarstead), on a stone altar near the entrance",,,unknown,unknown,unknown,"Travel, cold, carry, theft, and dungeon endurance implications deferred",source_listed_candidate,SN-000051-skill-books-and-reader.md,Source-listed skill book copy; final route copy selection pending.
BOOKLOC-000228,OBJ-000860,Before the Ages of Man,skill_book,base_game,Illusion,Skyrim,,,Skytemple Ruins,Skytemple Ruins,,,unknown,unknown,unknown,"Travel, cold, carry, theft, and dungeon endurance implications deferred",source_listed_candidate,SN-000051-skill-books-and-reader.md,Source-listed skill book copy; final route copy selection pending.
BOOKLOC-000229,OBJ-000860,Before the Ages of Man,skill_book,dragonborn,Illusion,Skyrim,,,Apocrypha,"Apocrypha (Dragonborn), The Hidden Twilight, Chapter V",,Add-on or AE content access required for this copy,unknown,unknown,unknown,"Travel, cold, carry, theft, and dungeon endurance implications deferred",source_listed_candidate,SN-000051-skill-books-and-reader.md,Source-listed skill book copy; final route copy selection pending.
BOOKLOC-000230,OBJ-000861,Incident at Necrom,skill_book,base_game,Illusion,Skyrim,,Falkreath Hold,Bloodlet Throne,"Bloodlet Throne (Falkreath Hold), in the jail cell",,,unknown,unknown,unknown,"Travel, cold, carry, theft, and dungeon endurance implications deferred",provisional_objective_representative,SN-000051-skill-books-and-reader.md,Source-listed skill book copy; final route copy selection pending.
BOOKLOC-000231,OBJ-000861,Incident at Necrom,skill_book,base_game,Illusion,Skyrim,,The Rift,270 ft NW of Fallowstone Cave,"270 ft NW of Fallowstone Cave (The Rift), under a tree north of the road",,,unknown,unknown,unknown,"Travel, cold, carry, theft, and dungeon endurance implications deferred",source_listed_candidate,SN-000051-skill-books-and-reader.md,Source-listed skill book copy; final route copy selection pending.
BOOKLOC-000232,OBJ-000861,Incident at Necrom,skill_book,base_game,Illusion,Skyrim,,Haafingar,Pinemoon Cave,"Pinemoon Cave (Haafingar), at the cave's far end",,,unknown,unknown,unknown,"Travel, cold, carry, theft, and dungeon endurance implications deferred",source_listed_candidate,SN-000051-skill-books-and-reader.md,Source-listed skill book copy; final route copy selection pending.
BOOKLOC-000233,OBJ-000861,Incident at Necrom,skill_book,base_game,Illusion,Skyrim,,,At the unmarked Shrine of Dibella south of Dawnstar,At the unmarked Shrine of Dibella south of Dawnstar,,,unknown,unknown,unknown,"Travel, cold, carry, theft, and dungeon endurance implications deferred",source_listed_candidate,SN-000051-skill-books-and-reader.md,Source-listed skill book copy; final route copy selection pending.
BOOKLOC-000234,OBJ-000861,Incident at Necrom,skill_book,base_game,Illusion,Skyrim,,,Southeast of the Shrine to Peryite,"Southeast of the Shrine to Peryite, in a chest next to a dead Wood Elf (respawn infinitely)",,,unknown,unknown,unknown,"Travel, cold, carry, theft, and dungeon endurance implications deferred",source_listed_candidate,SN-000051-skill-books-and-reader.md,Source-listed skill book copy; final route copy selection pending.
BOOKLOC-000235,OBJ-000862,"Mystery of Talara, Part 4",skill_book,base_game,Illusion,Skyrim,,The Reach,Blind Cliff Bastion,"Blind Cliff Bastion (The Reach), on the platform near the large chest",,,unknown,unknown,unknown,"Travel, cold, carry, theft, and dungeon endurance implications deferred",provisional_objective_representative,SN-000051-skill-books-and-reader.md,Source-listed skill book copy; final route copy selection pending.
BOOKLOC-000236,OBJ-000862,"Mystery of Talara, Part 4",skill_book,base_game,Illusion,Skyrim,,Whiterun Hold,Broken Fang Cave,"Broken Fang Cave (Whiterun Hold), near Arcane Enchanter",,,unknown,unknown,unknown,"Travel, cold, carry, theft, and dungeon endurance implications deferred",source_listed_candidate,SN-000051-skill-books-and-reader.md,Source-listed skill book copy; final route copy selection pending.
BOOKLOC-000237,OBJ-000862,"Mystery of Talara, Part 4",skill_book,base_game,Illusion,Skyrim,,The Reach,Hag's End,"Hag's End (The Reach), in the room where the bridge is activated",,,unknown,unknown,unknown,"Travel, cold, carry, theft, and dungeon endurance implications deferred",source_listed_candidate,SN-000051-skill-books-and-reader.md,Source-listed skill book copy; final route copy selection pending.
BOOKLOC-000238,OBJ-000862,"Mystery of Talara, Part 4",skill_book,base_game,Illusion,Skyrim,,The Reach,Nepos's House,"Nepos's House (Markarth), in northeast bedroom by candelabra",Interior ownership/theft status needs validation,,unknown,unknown,unknown,"Travel, cold, carry, theft, and dungeon endurance implications deferred",source_listed_candidate,SN-000051-skill-books-and-reader.md,Source-listed skill book copy; final route copy selection pending.
BOOKLOC-000239,OBJ-000862,"Mystery of Talara, Part 4",skill_book,base_game,Illusion,Skyrim,,Eastmarch,Stony Creek Cave,Stony Creek Cave (Eastmarch),,,unknown,unknown,unknown,"Travel, cold, carry, theft, and dungeon endurance implications deferred",source_listed_candidate,SN-000051-skill-books-and-reader.md,Source-listed skill book copy; final route copy selection pending.
BOOKLOC-000240,OBJ-000863,The Black Arts On Trial,skill_book,base_game,Illusion,Skyrim,,Falkreath Hold,Falkreath Jail,Falkreath Jail (Falkreath),,,unknown,unknown,unknown,"Travel, cold, carry, theft, and dungeon endurance implications deferred",provisional_objective_representative,SN-000051-skill-books-and-reader.md,Source-listed skill book copy; final route copy selection pending.
BOOKLOC-000241,OBJ-000863,The Black Arts On Trial,skill_book,base_game,Illusion,Skyrim,,Eastmarch,370 ft SSE of Hillgrund's Tomb,370 ft SSE of Hillgrund's Tomb (Eastmarch),,,unknown,unknown,unknown,"Travel, cold, carry, theft, and dungeon endurance implications deferred",source_listed_candidate,SN-000051-skill-books-and-reader.md,Source-listed skill book copy; final route copy selection pending.
BOOKLOC-000242,OBJ-000863,The Black Arts On Trial,skill_book,base_game,Illusion,Skyrim,,,500 ft SE of Morthal,500 ft SE of Morthal,,,unknown,unknown,unknown,"Travel, cold, carry, theft, and dungeon endurance implications deferred",source_listed_candidate,SN-000051-skill-books-and-reader.md,Source-listed skill book copy; final route copy selection pending.
BOOKLOC-000243,OBJ-000863,The Black Arts On Trial,skill_book,base_game,Illusion,Skyrim,,Eastmarch,The White Phial,The White Phial (Windhelm),,,unknown,unknown,unknown,"Travel, cold, carry, theft, and dungeon endurance implications deferred",source_listed_candidate,SN-000051-skill-books-and-reader.md,Source-listed skill book copy; final route copy selection pending.
BOOKLOC-000244,OBJ-000863,The Black Arts On Trial,skill_book,base_game,Illusion,Skyrim,,,Urag gro-Shub,"Urag gro-Shub (College of Winterhold), Hitting the Books quest reward",,Quest/state dependency possible; validate before route placement,unknown,possible,unknown,"Travel, cold, carry, theft, and dungeon endurance implications deferred",source_listed_candidate,SN-000051-skill-books-and-reader.md,Source-listed skill book copy; final route copy selection pending.
BOOKLOC-000245,OBJ-000863,The Black Arts On Trial,skill_book,ae_creation,Illusion,Skyrim,,,Carried by Lushak gra-Ragdam (CC: Staff of Hasedoki),Carried by Lushak gra-Ragdam (CC: Staff of Hasedoki),Carried/body source; loot access needs route validation,Add-on or AE content access required for this copy,unknown,unknown,unknown,"Travel, cold, carry, theft, and dungeon endurance implications deferred",source_listed_candidate,SN-000051-skill-books-and-reader.md,Source-listed skill book copy; final route copy selection pending.
BOOKLOC-000246,OBJ-000864,Ice and Chitin,skill_book,base_game,Light Armor,Skyrim,,The Reach,Guard Tower,"Guard Tower (Markarth), in the northeast corner on a wooden table",,,unknown,unknown,unknown,"Travel, cold, carry, theft, and dungeon endurance implications deferred",provisional_objective_representative,SN-000051-skill-books-and-reader.md,Source-listed skill book copy; final route copy selection pending.
BOOKLOC-000247,OBJ-000864,Ice and Chitin,skill_book,base_game,Light Armor,Skyrim,,,410 ft NNW of Narzulbur,410 ft NNW of Narzulbur,,,unknown,unknown,unknown,"Travel, cold, carry, theft, and dungeon endurance implications deferred",source_listed_candidate,SN-000051-skill-books-and-reader.md,Source-listed skill book copy; final route copy selection pending.
BOOKLOC-000248,OBJ-000864,Ice and Chitin,skill_book,base_game,Light Armor,Skyrim,,The Pale,Shrouded Grove Cave,Shrouded Grove Cave (The Pale),,,unknown,unknown,unknown,"Travel, cold, carry, theft, and dungeon endurance implications deferred",source_listed_candidate,SN-000051-skill-books-and-reader.md,Source-listed skill book copy; final route copy selection pending.
BOOKLOC-000249,OBJ-000864,Ice and Chitin,skill_book,base_game,Light Armor,Skyrim,,Winterhold,Snow Veil Sanctum,"Snow Veil Sanctum (Winterhold), final room",,,unknown,unknown,unknown,"Travel, cold, carry, theft, and dungeon endurance implications deferred",source_listed_candidate,SN-000051-skill-books-and-reader.md,Source-listed skill book copy; final route copy selection pending.
BOOKLOC-000250,OBJ-000864,Ice and Chitin,skill_book,base_game,Light Armor,Skyrim,,,Windhelm,"Windhelm, guard's room under the bridge outside the city, between the gate and the stables",,,unknown,unknown,unknown,"Travel, cold, carry, theft, and dungeon endurance implications deferred",source_listed_candidate,SN-000051-skill-books-and-reader.md,Source-listed skill book copy; final route copy selection pending.
BOOKLOC-000251,OBJ-000865,Jornibret's Last Dance,skill_book,base_game,Light Armor,Skyrim,,The Rift,Autumnwatch Tower,"Autumnwatch Tower (The Rift), top floor of the small tower",,,unknown,unknown,unknown,"Travel, cold, carry, theft, and dungeon endurance implications deferred",provisional_objective_representative,SN-000051-skill-books-and-reader.md,Source-listed skill book copy; final route copy selection pending.
BOOKLOC-000252,OBJ-000865,Jornibret's Last Dance,skill_book,base_game,Light Armor,Skyrim,,Falkreath Hold,Fort Neugrad,"Fort Neugrad (Falkreath Hold), in the library",,,unknown,unknown,unknown,"Travel, cold, carry, theft, and dungeon endurance implications deferred",source_listed_candidate,SN-000051-skill-books-and-reader.md,Source-listed skill book copy; final route copy selection pending.
BOOKLOC-000253,OBJ-000865,Jornibret's Last Dance,skill_book,base_game,Light Armor,Skyrim,,The Rift,190 ft SE of Honeystrand Cave,190 ft SE of Honeystrand Cave (The Rift),,,unknown,unknown,unknown,"Travel, cold, carry, theft, and dungeon endurance implications deferred",source_listed_candidate,SN-000051-skill-books-and-reader.md,Source-listed skill book copy; final route copy selection pending.
BOOKLOC-000254,OBJ-000865,Jornibret's Last Dance,skill_book,base_game,Light Armor,Skyrim,,The Pale,Korvanjund Temple,Korvanjund Temple (The Pale),,,unknown,unknown,unknown,"Travel, cold, carry, theft, and dungeon endurance implications deferred",source_listed_candidate,SN-000051-skill-books-and-reader.md,Source-listed skill book copy; final route copy selection pending.
BOOKLOC-000255,OBJ-000865,Jornibret's Last Dance,skill_book,base_game,Light Armor,Skyrim,,The Reach,Soljund's Sinkhole,Soljund's Sinkhole (The Reach),,,unknown,unknown,unknown,"Travel, cold, carry, theft, and dungeon endurance implications deferred",source_listed_candidate,SN-000051-skill-books-and-reader.md,Source-listed skill book copy; final route copy selection pending.
BOOKLOC-000256,OBJ-000866,Rislav The Righteous,skill_book,base_game,Light Armor,Skyrim,,Eastmarch,160 ft W of Abandoned Prison,"160 ft W of Abandoned Prison (Eastmarch), in the debris surrounding a cabin crushed by a fallen tree",,,unknown,unknown,unknown,"Travel, cold, carry, theft, and dungeon endurance implications deferred",provisional_objective_representative,SN-000051-skill-books-and-reader.md,Source-listed skill book copy; final route copy selection pending.
BOOKLOC-000257,OBJ-000866,Rislav The Righteous,skill_book,base_game,Light Armor,Skyrim,,Winterhold,420 ft S of Bleakcoast Cave,420 ft S of Bleakcoast Cave (Winterhold),,,unknown,unknown,unknown,"Travel, cold, carry, theft, and dungeon endurance implications deferred",source_listed_candidate,SN-000051-skill-books-and-reader.md,Source-listed skill book copy; final route copy selection pending.
BOOKLOC-000258,OBJ-000866,Rislav The Righteous,skill_book,base_game,Light Armor,Skyrim,,Falkreath Hold,Cracked Tusk Vaults,Cracked Tusk Vaults (Falkreath Hold),,,unknown,unknown,unknown,"Travel, cold, carry, theft, and dungeon endurance implications deferred",source_listed_candidate,SN-000051-skill-books-and-reader.md,Source-listed skill book copy; final route copy selection pending.
BOOKLOC-000259,OBJ-000866,Rislav The Righteous,skill_book,base_game,Light Armor,Skyrim,,Whiterun Hold,Fort Greymoor,"Fort Greymoor (Whiterun Hold), second-floor training room",,,unknown,unknown,unknown,"Travel, cold, carry, theft, and dungeon endurance implications deferred",source_listed_candidate,SN-000051-skill-books-and-reader.md,Source-listed skill book copy; final route copy selection pending.
BOOKLOC-000260,OBJ-000866,Rislav The Righteous,skill_book,base_game,Light Armor,Skyrim,,,Riverside Shack,Riverside Shack,,,unknown,unknown,unknown,"Travel, cold, carry, theft, and dungeon endurance implications deferred",source_listed_candidate,SN-000051-skill-books-and-reader.md,Source-listed skill book copy; final route copy selection pending.
BOOKLOC-000261,OBJ-000867,The Rear Guard,skill_book,base_game,Light Armor,Skyrim,,Haafingar,Castle Dour,"Castle Dour (Solitude), downstairs",,,unknown,unknown,unknown,"Travel, cold, carry, theft, and dungeon endurance implications deferred",provisional_objective_representative,SN-000051-skill-books-and-reader.md,Source-listed skill book copy; final route copy selection pending.
BOOKLOC-000262,OBJ-000867,The Rear Guard,skill_book,base_game,Light Armor,Skyrim,,Winterhold,Driftshade Cellar,"Driftshade Cellar (Winterhold), in the room before the ice tunnel",,,unknown,unknown,unknown,"Travel, cold, carry, theft, and dungeon endurance implications deferred",source_listed_candidate,SN-000051-skill-books-and-reader.md,Source-listed skill book copy; final route copy selection pending.
BOOKLOC-000263,OBJ-000867,The Rear Guard,skill_book,base_game,Light Armor,Skyrim,,The Reach,Druadach Redoubt Cave,"Druadach Redoubt Cave (The Reach), near the fire pit",,,unknown,unknown,unknown,"Travel, cold, carry, theft, and dungeon endurance implications deferred",source_listed_candidate,SN-000051-skill-books-and-reader.md,Source-listed skill book copy; final route copy selection pending.
BOOKLOC-000264,OBJ-000867,The Rear Guard,skill_book,base_game,Light Armor,Skyrim,,The Rift,240 ft WSW of Largashbur,240 ft WSW of Largashbur (The Rift),,,unknown,unknown,unknown,"Travel, cold, carry, theft, and dungeon endurance implications deferred",source_listed_candidate,SN-000051-skill-books-and-reader.md,Source-listed skill book copy; final route copy selection pending.
BOOKLOC-000265,OBJ-000867,The Rear Guard,skill_book,base_game,Light Armor,Skyrim,,,480 ft SE of Shadowgreen Cavern,480 ft SE of Shadowgreen Cavern,,,unknown,unknown,unknown,"Travel, cold, carry, theft, and dungeon endurance implications deferred",source_listed_candidate,SN-000051-skill-books-and-reader.md,Source-listed skill book copy; final route copy selection pending.
BOOKLOC-000266,OBJ-000867,The Rear Guard,skill_book,dragonborn,Light Armor,Skyrim,,,Apocrypha,"Apocrypha (Dragonborn), Untold Legends, Chapter IV",,Add-on or AE content access required for this copy,unknown,unknown,unknown,"Travel, cold, carry, theft, and dungeon endurance implications deferred",source_listed_candidate,SN-000051-skill-books-and-reader.md,Source-listed skill book copy; final route copy selection pending.
BOOKLOC-000267,OBJ-000868,The Refugees,skill_book,base_game,Light Armor,Skyrim,,,Blind Cliff Cave,"Blind Cliff Cave, in the collapsed tower",,,unknown,unknown,unknown,"Travel, cold, carry, theft, and dungeon endurance implications deferred",provisional_objective_representative,SN-000051-skill-books-and-reader.md,Source-listed skill book copy; final route copy selection pending.
BOOKLOC-000268,OBJ-000868,The Refugees,skill_book,base_game,Light Armor,Skyrim,,,West of Helgen and south of The Guardian Stones,"West of Helgen and south of The Guardian Stones, at an unmarked bandit camp",,,unknown,unknown,unknown,"Travel, cold, carry, theft, and dungeon endurance implications deferred",source_listed_candidate,SN-000051-skill-books-and-reader.md,Source-listed skill book copy; final route copy selection pending.
BOOKLOC-000269,OBJ-000868,The Refugees,skill_book,base_game,Light Armor,Skyrim,,Haafingar,Solitude Blacksmith,"Solitude Blacksmith (Solitude), in the upstairs bedroom on a wall shelf above some candles",Interior ownership/theft status needs validation,,unknown,unknown,unknown,"Travel, cold, carry, theft, and dungeon endurance implications deferred",source_listed_candidate,SN-000051-skill-books-and-reader.md,Source-listed skill book copy; final route copy selection pending.
BOOKLOC-000270,OBJ-000868,The Refugees,skill_book,base_game,Light Armor,Skyrim,,Haafingar,Wolfskull Ruins,"Wolfskull Ruins (Haafingar), on the ritual altar atop the highest tower",,,unknown,unknown,unknown,"Travel, cold, carry, theft, and dungeon endurance implications deferred",source_listed_candidate,SN-000051-skill-books-and-reader.md,Source-listed skill book copy; final route copy selection pending.
BOOKLOC-000271,OBJ-000868,The Refugees,skill_book,base_game,Light Armor,Skyrim,,,Between South Cold Rock Pass and Drelas' Cottage,"Between South Cold Rock Pass and Drelas' Cottage, on the body of a dead hunter (respawn infinitely)",Carried/body source; loot access needs route validation,,unknown,unknown,unknown,"Travel, cold, carry, theft, and dungeon endurance implications deferred",source_listed_candidate,SN-000051-skill-books-and-reader.md,Source-listed skill book copy; final route copy selection pending.
BOOKLOC-000272,OBJ-000869,Advances in Lockpicking,skill_book,base_game,Lockpicking,Skyrim,,The Rift,390 ft ENE of Angarvunde,"390 ft ENE of Angarvunde (The Rift), next to a dead Redguard",,,unknown,unknown,unknown,"Travel, cold, carry, theft, and dungeon endurance implications deferred",provisional_objective_representative,SN-000051-skill-books-and-reader.md,Source-listed skill book copy; final route copy selection pending.
BOOKLOC-000273,OBJ-000869,Advances in Lockpicking,skill_book,base_game,Lockpicking,Skyrim,,,Bannermist Tower,"Bannermist Tower, on a table just below the top",,,unknown,unknown,unknown,"Travel, cold, carry, theft, and dungeon endurance implications deferred",source_listed_candidate,SN-000051-skill-books-and-reader.md,Source-listed skill book copy; final route copy selection pending.
BOOKLOC-000274,OBJ-000869,Advances in Lockpicking,skill_book,base_game,Lockpicking,Skyrim,,Hjaalmarch,Chillwind Depths,"Chillwind Depths (Hjaalmarch), over a table in the innermost room",,,unknown,unknown,unknown,"Travel, cold, carry, theft, and dungeon endurance implications deferred",source_listed_candidate,SN-000051-skill-books-and-reader.md,Source-listed skill book copy; final route copy selection pending.
BOOKLOC-000275,OBJ-000869,Advances in Lockpicking,skill_book,base_game,Lockpicking,Skyrim,,The Rift,The Ragged Flagon - Cistern,"The Ragged Flagon - Cistern (Riften), on a barrel in the training room",,,unknown,unknown,unknown,"Travel, cold, carry, theft, and dungeon endurance implications deferred",source_listed_candidate,SN-000051-skill-books-and-reader.md,Source-listed skill book copy; final route copy selection pending.
BOOKLOC-000276,OBJ-000869,Advances in Lockpicking,skill_book,base_game,Lockpicking,Skyrim,,The Rift,Sewer,"Sewer (Riften), on a barrel behind a grille",,,unknown,unknown,unknown,"Travel, cold, carry, theft, and dungeon endurance implications deferred",source_listed_candidate,SN-000051-skill-books-and-reader.md,Source-listed skill book copy; final route copy selection pending.
BOOKLOC-000277,OBJ-000869,Advances in Lockpicking,skill_book,dragonborn,Lockpicking,Skyrim,,,Apocrypha,"Apocrypha (Dragonborn), Untold Legends, Chapter IV",,Add-on or AE content access required for this copy,unknown,unknown,unknown,"Travel, cold, carry, theft, and dungeon endurance implications deferred",source_listed_candidate,SN-000051-skill-books-and-reader.md,Source-listed skill book copy; final route copy selection pending.
BOOKLOC-000278,OBJ-000870,Proper Lock Design,skill_book,base_game,Lockpicking,Skyrim,,The Reach,Cidhna Mine,"Cidhna Mine (Markarth), next to the Evidence Chest",,,unknown,unknown,unknown,"Travel, cold, carry, theft, and dungeon endurance implications deferred",provisional_objective_representative,SN-000051-skill-books-and-reader.md,Source-listed skill book copy; final route copy selection pending.
BOOKLOC-000279,OBJ-000870,Proper Lock Design,skill_book,base_game,Lockpicking,Skyrim,,,Faldar's Tooth on a table at the top of one of the outer towers,Faldar's Tooth on a table at the top of one of the outer towers,,,unknown,unknown,unknown,"Travel, cold, carry, theft, and dungeon endurance implications deferred",source_listed_candidate,SN-000051-skill-books-and-reader.md,Source-listed skill book copy; final route copy selection pending.
BOOKLOC-000280,OBJ-000870,Proper Lock Design,skill_book,base_game,Lockpicking,Skyrim,,The Rift,West of the gate at the top of Darklight Tower,West of the gate at the top of Darklight Tower (The Rift),,,unknown,unknown,unknown,"Travel, cold, carry, theft, and dungeon endurance implications deferred",source_listed_candidate,SN-000051-skill-books-and-reader.md,Source-listed skill book copy; final route copy selection pending.
BOOKLOC-000281,OBJ-000870,Proper Lock Design,skill_book,base_game,Lockpicking,Skyrim,,Falkreath Hold,Twilight Sepulcher,Twilight Sepulcher (Falkreath Hold),,,unknown,unknown,unknown,"Travel, cold, carry, theft, and dungeon endurance implications deferred",source_listed_candidate,SN-000051-skill-books-and-reader.md,Source-listed skill book copy; final route copy selection pending.
BOOKLOC-000282,OBJ-000870,Proper Lock Design,skill_book,base_game,Lockpicking,Skyrim,,,In a destroyed tower,"In a destroyed tower, southeast of Steepfall Burrow, carried by a dead Stormcloak Soldier next to two dead deers (respawn infinitely)",Carried/body source; loot access needs route validation,,unknown,unknown,unknown,"Travel, cold, carry, theft, and dungeon endurance implications deferred",source_listed_candidate,SN-000051-skill-books-and-reader.md,Source-listed skill book copy; final route copy selection pending.
BOOKLOC-000283,OBJ-000871,Surfeit of Thieves,skill_book,base_game,Lockpicking,Skyrim,,The Rift,Mistveil Keep Jarl's Chambers,Mistveil Keep Jarl's Chambers (Riften),Interior ownership/theft status needs validation,,unknown,unknown,unknown,"Travel, cold, carry, theft, and dungeon endurance implications deferred",provisional_objective_representative,SN-000051-skill-books-and-reader.md,Source-listed skill book copy; final route copy selection pending.
BOOKLOC-000284,OBJ-000871,Surfeit of Thieves,skill_book,base_game,Lockpicking,Skyrim,,,Pelagius Wing (Blue Palace,"Pelagius Wing (Blue Palace, Haafingar), in the cellar room",Interior ownership/theft status needs validation,,unknown,unknown,unknown,"Travel, cold, carry, theft, and dungeon endurance implications deferred",source_listed_candidate,SN-000051-skill-books-and-reader.md,Source-listed skill book copy; final route copy selection pending.
BOOKLOC-000285,OBJ-000871,Surfeit of Thieves,skill_book,base_game,Lockpicking,Skyrim,,Haafingar,Potema's Catacombs,"Potema's Catacombs (Haafingar), only while on the quest The Wolf Queen Awakened",,Quest/state dependency possible; validate before route placement,unknown,possible,unknown,"Travel, cold, carry, theft, and dungeon endurance implications deferred",source_listed_candidate,SN-000051-skill-books-and-reader.md,Source-listed skill book copy; final route copy selection pending.
BOOKLOC-000286,OBJ-000871,Surfeit of Thieves,skill_book,base_game,Lockpicking,Skyrim,,Haafingar,Volskygge,"Volskygge (Haafingar), just right of the stone door",,,unknown,unknown,unknown,"Travel, cold, carry, theft, and dungeon endurance implications deferred",source_listed_candidate,SN-000051-skill-books-and-reader.md,Source-listed skill book copy; final route copy selection pending.
BOOKLOC-000287,OBJ-000871,Surfeit of Thieves,skill_book,base_game,Lockpicking,Skyrim,,,Wreck of the Winter War,"Wreck of the Winter War, second level",,,unknown,unknown,unknown,"Travel, cold, carry, theft, and dungeon endurance implications deferred",source_listed_candidate,SN-000051-skill-books-and-reader.md,Source-listed skill book copy; final route copy selection pending.
BOOKLOC-000288,OBJ-000872,The Locked Room,skill_book,base_game,Lockpicking,Skyrim,,Winterhold,Alftand Animonculory,"Alftand Animonculory (Winterhold), in the treasure room",,,unknown,unknown,unknown,"Travel, cold, carry, theft, and dungeon endurance implications deferred",provisional_objective_representative,SN-000051-skill-books-and-reader.md,Source-listed skill book copy; final route copy selection pending.
BOOKLOC-000289,OBJ-000872,The Locked Room,skill_book,base_game,Lockpicking,Skyrim,,,Southeast of The Apprentice Stone,"Southeast of The Apprentice Stone, near a chest in half-flooded building",,,unknown,unknown,unknown,"Travel, cold, carry, theft, and dungeon endurance implications deferred",source_listed_candidate,SN-000051-skill-books-and-reader.md,Source-listed skill book copy; final route copy selection pending.
BOOKLOC-000290,OBJ-000872,The Locked Room,skill_book,base_game,Lockpicking,Skyrim,,Eastmarch,Cronvangr Cave,Cronvangr Cave (Eastmarch),,,unknown,unknown,unknown,"Travel, cold, carry, theft, and dungeon endurance implications deferred",source_listed_candidate,SN-000051-skill-books-and-reader.md,Source-listed skill book copy; final route copy selection pending.
BOOKLOC-000291,OBJ-000872,The Locked Room,skill_book,base_game,Lockpicking,Skyrim,,Hjaalmarch,Highmoon Hall,"Highmoon Hall (Morthal), on a bookshelf in the room upstairs (right-hand side)",,,unknown,unknown,unknown,"Travel, cold, carry, theft, and dungeon endurance implications deferred",source_listed_candidate,SN-000051-skill-books-and-reader.md,Source-listed skill book copy; final route copy selection pending.
BOOKLOC-000292,OBJ-000872,The Locked Room,skill_book,base_game,Lockpicking,Skyrim,,,Honeystrand Cave,"Honeystrand Cave, carried by a bandit corpse guarded by bears (respawn infinitely)",Carried/body source; loot access needs route validation,,unknown,unknown,unknown,"Travel, cold, carry, theft, and dungeon endurance implications deferred",source_listed_candidate,SN-000051-skill-books-and-reader.md,Source-listed skill book copy; final route copy selection pending.
BOOKLOC-000293,OBJ-000873,"The Wolf Queen, v1",skill_book,base_game,Lockpicking,Skyrim,,Whiterun Hold,Broken Fang Cave,Broken Fang Cave (Whiterun Hold),,,unknown,unknown,unknown,"Travel, cold, carry, theft, and dungeon endurance implications deferred",provisional_objective_representative,SN-000051-skill-books-and-reader.md,Source-listed skill book copy; final route copy selection pending.
BOOKLOC-000294,OBJ-000873,"The Wolf Queen, v1",skill_book,base_game,Lockpicking,Skyrim,,Eastmarch,Cragslane Cavern,"Cragslane Cavern (Eastmarch), behind the bar",,,unknown,unknown,unknown,"Travel, cold, carry, theft, and dungeon endurance implications deferred",source_listed_candidate,SN-000051-skill-books-and-reader.md,Source-listed skill book copy; final route copy selection pending.
BOOKLOC-000295,OBJ-000873,"The Wolf Queen, v1",skill_book,base_game,Lockpicking,Skyrim,,The Pale,Dawnstar Jail,"Dawnstar Jail (Dawnstar), inside the jail cell",,,unknown,unknown,unknown,"Travel, cold, carry, theft, and dungeon endurance implications deferred",source_listed_candidate,SN-000051-skill-books-and-reader.md,Source-listed skill book copy; final route copy selection pending.
BOOKLOC-000296,OBJ-000873,"The Wolf Queen, v1",skill_book,base_game,Lockpicking,Skyrim,,The Pale,Duskglow Crevice,Duskglow Crevice (The Pale),,,unknown,unknown,unknown,"Travel, cold, carry, theft, and dungeon endurance implications deferred",source_listed_candidate,SN-000051-skill-books-and-reader.md,Source-listed skill book copy; final route copy selection pending.
BOOKLOC-000297,OBJ-000873,"The Wolf Queen, v1",skill_book,base_game,Lockpicking,Skyrim,,,South of Snow Veil Sanctum,"South of Snow Veil Sanctum, west of Yngol Barrow",,,unknown,unknown,unknown,"Travel, cold, carry, theft, and dungeon endurance implications deferred",source_listed_candidate,SN-000051-skill-books-and-reader.md,Source-listed skill book copy; final route copy selection pending.
BOOKLOC-000298,OBJ-000874,"2920, Morning Star, v1",skill_book,base_game,One-handed,Skyrim,,,Driftshade Refuge,"Driftshade Refuge, on a table in the final room with the barred door",,,unknown,unknown,unknown,"Travel, cold, carry, theft, and dungeon endurance implications deferred",provisional_objective_representative,SN-000051-skill-books-and-reader.md,Source-listed skill book copy; final route copy selection pending.
BOOKLOC-000299,OBJ-000874,"2920, Morning Star, v1",skill_book,base_game,One-handed,Skyrim,,,Morthal,"Morthal, Jorgen and Lami's House, in a bucket on top of the barrel to the left of the bed",Interior ownership/theft status needs validation,,unknown,unknown,unknown,"Travel, cold, carry, theft, and dungeon endurance implications deferred",source_listed_candidate,SN-000051-skill-books-and-reader.md,Source-listed skill book copy; final route copy selection pending.
BOOKLOC-000300,OBJ-000874,"2920, Morning Star, v1",skill_book,base_game,One-handed,Skyrim,,,Lost Echo Cave,"Lost Echo Cave, on the altar before hidden door puzzle",,,unknown,unknown,unknown,"Travel, cold, carry, theft, and dungeon endurance implications deferred",source_listed_candidate,SN-000051-skill-books-and-reader.md,Source-listed skill book copy; final route copy selection pending.
BOOKLOC-000301,OBJ-000874,"2920, Morning Star, v1",skill_book,base_game,One-handed,Skyrim,,,Northwatch Keep,"Northwatch Keep, behind the bar counter in a small dining room",,,unknown,unknown,unknown,"Travel, cold, carry, theft, and dungeon endurance implications deferred",source_listed_candidate,SN-000051-skill-books-and-reader.md,Source-listed skill book copy; final route copy selection pending.
BOOKLOC-000302,OBJ-000874,"2920, Morning Star, v1",skill_book,base_game,One-handed,Skyrim,,,Sabre Cat den between Broken Tower Redoubt and Robber's Gorge,"Sabre Cat den between Broken Tower Redoubt and Robber's Gorge, carried by a dead hunter (respawn infinitely)",Carried/body source; loot access needs route validation,,unknown,unknown,unknown,"Travel, cold, carry, theft, and dungeon endurance implications deferred",source_listed_candidate,SN-000051-skill-books-and-reader.md,Source-listed skill book copy; final route copy selection pending.
BOOKLOC-000303,OBJ-000874,"2920, Morning Star, v1",skill_book,dawnguard,One-handed,Skyrim,,,Fort Dawnguard,"Fort Dawnguard (Dawnguard), to the right, to the right again, upstairs to the top of the tower, next to a bedroll on the floor",,Add-on or AE content access required for this copy,unknown,unknown,unknown,"Travel, cold, carry, theft, and dungeon endurance implications deferred",source_listed_candidate,SN-000051-skill-books-and-reader.md,Source-listed skill book copy; final route copy selection pending.
BOOKLOC-000304,OBJ-000875,Fire and Darkness,skill_book,base_game,One-handed,Skyrim,,,Dawnstar Sanctuary,"Dawnstar Sanctuary, basement",,,unknown,unknown,unknown,"Travel, cold, carry, theft, and dungeon endurance implications deferred",provisional_objective_representative,SN-000051-skill-books-and-reader.md,Source-listed skill book copy; final route copy selection pending.
BOOKLOC-000305,OBJ-000875,Fire and Darkness,skill_book,base_game,One-handed,Skyrim,,Hjaalmarch,Folgunthur,"Folgunthur (Hjaalmarch), lower level",,,unknown,unknown,unknown,"Travel, cold, carry, theft, and dungeon endurance implications deferred",source_listed_candidate,SN-000051-skill-books-and-reader.md,Source-listed skill book copy; final route copy selection pending.
BOOKLOC-000306,OBJ-000875,Fire and Darkness,skill_book,base_game,One-handed,Skyrim,,Falkreath Hold,480 ft ENE of Moss Mother Cavern,480 ft ENE of Moss Mother Cavern (Falkreath Hold),,,unknown,unknown,unknown,"Travel, cold, carry, theft, and dungeon endurance implications deferred",source_listed_candidate,SN-000051-skill-books-and-reader.md,Source-listed skill book copy; final route copy selection pending.
BOOKLOC-000307,OBJ-000875,Fire and Darkness,skill_book,base_game,One-handed,Skyrim,,The Rift,The Ratway Warrens,"The Ratway Warrens (Riften), in Esbern's room",,,unknown,unknown,unknown,"Travel, cold, carry, theft, and dungeon endurance implications deferred",source_listed_candidate,SN-000051-skill-books-and-reader.md,Source-listed skill book copy; final route copy selection pending.
BOOKLOC-000308,OBJ-000875,Fire and Darkness,skill_book,base_game,One-handed,Skyrim,,Winterhold,320 ft SW of Wreck of The Pride of Tel Vos,320 ft SW of Wreck of The Pride of Tel Vos (Winterhold),,,unknown,unknown,unknown,"Travel, cold, carry, theft, and dungeon endurance implications deferred",source_listed_candidate,SN-000051-skill-books-and-reader.md,Source-listed skill book copy; final route copy selection pending.
BOOKLOC-000309,OBJ-000875,Fire and Darkness,skill_book,dragonborn,One-handed,Skyrim,,,Apocrypha,"Apocrypha (Dragonborn), Epistolary Acumen, Chapter III",,Add-on or AE content access required for this copy,unknown,unknown,unknown,"Travel, cold, carry, theft, and dungeon endurance implications deferred",source_listed_candidate,SN-000051-skill-books-and-reader.md,Source-listed skill book copy; final route copy selection pending.
BOOKLOC-000310,OBJ-000876,Mace Etiquette,skill_book,base_game,One-handed,Skyrim,,The Rift,Fort Greenwall Captain's Quarters,Fort Greenwall Captain's Quarters (The Rift),,,unknown,unknown,unknown,"Travel, cold, carry, theft, and dungeon endurance implications deferred",provisional_objective_representative,SN-000051-skill-books-and-reader.md,Source-listed skill book copy; final route copy selection pending.
BOOKLOC-000311,OBJ-000876,Mace Etiquette,skill_book,base_game,One-handed,Skyrim,,Hjaalmarch,Orotheim,"Orotheim (Hjaalmarch), on a crate near the grindstone",,,unknown,unknown,unknown,"Travel, cold, carry, theft, and dungeon endurance implications deferred",source_listed_candidate,SN-000051-skill-books-and-reader.md,Source-listed skill book copy; final route copy selection pending.
BOOKLOC-000312,OBJ-000876,Mace Etiquette,skill_book,base_game,One-handed,Skyrim,,The Reach,Sky Haven Temple,Sky Haven Temple (The Reach),,,unknown,unknown,unknown,"Travel, cold, carry, theft, and dungeon endurance implications deferred",source_listed_candidate,SN-000051-skill-books-and-reader.md,Source-listed skill book copy; final route copy selection pending.
BOOKLOC-000313,OBJ-000876,Mace Etiquette,skill_book,base_game,One-handed,Skyrim,,Eastmarch,Uttering Hills Cave,"Uttering Hills Cave (Eastmarch), on an east-facing bookshelf in the northernmost set of rooms",,,unknown,unknown,unknown,"Travel, cold, carry, theft, and dungeon endurance implications deferred",source_listed_candidate,SN-000051-skill-books-and-reader.md,Source-listed skill book copy; final route copy selection pending.
BOOKLOC-000314,OBJ-000876,Mace Etiquette,skill_book,base_game,One-handed,Skyrim,,The Pale,Volunruud,"Volunruud (The Pale), on the throne in the northwest room",,,unknown,unknown,unknown,"Travel, cold, carry, theft, and dungeon endurance implications deferred",source_listed_candidate,SN-000051-skill-books-and-reader.md,Source-listed skill book copy; final route copy selection pending.
BOOKLOC-000315,OBJ-000877,Night Falls on Sentinel,skill_book,base_game,One-handed,Skyrim,,Falkreath Hold,310 ft S of The Guardian Stones,"310 ft S of The Guardian Stones (Falkreath Hold), in a tent in a bandit camp",,,unknown,unknown,unknown,"Travel, cold, carry, theft, and dungeon endurance implications deferred",provisional_objective_representative,SN-000051-skill-books-and-reader.md,Source-listed skill book copy; final route copy selection pending.
BOOKLOC-000316,OBJ-000877,Night Falls on Sentinel,skill_book,base_game,One-handed,Skyrim,,The Pale,Volunruud,"Volunruud (The Pale), in boss chest (only as part of quest Silenced Tongues)",,Only as part of quest Silenced Tongues,unknown,possible,unknown,"Travel, cold, carry, theft, and dungeon endurance implications deferred",source_listed_candidate,SN-000051-skill-books-and-reader.md,Source-listed skill book copy; final route copy selection pending.
BOOKLOC-000317,OBJ-000877,Night Falls on Sentinel,skill_book,base_game,One-handed,Skyrim,,,After accepting Rustleif's request during Rare Gifts: Swindler's Den,"After accepting Rustleif's request during Rare Gifts: Swindler's Den, on a crate",,Quest/state dependency possible; validate before route placement,unknown,possible,unknown,"Travel, cold, carry, theft, and dungeon endurance implications deferred",source_listed_candidate,SN-000051-skill-books-and-reader.md,Source-listed skill book copy; final route copy selection pending.
BOOKLOC-000318,OBJ-000878,The Importance of Where,skill_book,base_game,One-handed,Skyrim,,The Pale,Brina's House,Brina's House (Dawnstar),Interior ownership/theft status needs validation,,unknown,unknown,unknown,"Travel, cold, carry, theft, and dungeon endurance implications deferred",provisional_objective_representative,SN-000051-skill-books-and-reader.md,Source-listed skill book copy; final route copy selection pending.
BOOKLOC-000319,OBJ-000878,The Importance of Where,skill_book,base_game,One-handed,Skyrim,,Whiterun Hold,Chillfurrow Farm,"Chillfurrow Farm (Whiterun Hold), on a dresser in bedroom",Interior ownership/theft status needs validation,,unknown,unknown,unknown,"Travel, cold, carry, theft, and dungeon endurance implications deferred",source_listed_candidate,SN-000051-skill-books-and-reader.md,Source-listed skill book copy; final route copy selection pending.
BOOKLOC-000320,OBJ-000878,The Importance of Where,skill_book,base_game,One-handed,Skyrim,,Eastmarch,Gallows Rock,"Gallows Rock (Eastmarch), in the Tower (Silver Hand Hideout) upstairs on table after some tanning racks",,,unknown,unknown,unknown,"Travel, cold, carry, theft, and dungeon endurance implications deferred",source_listed_candidate,SN-000051-skill-books-and-reader.md,Source-listed skill book copy; final route copy selection pending.
BOOKLOC-000321,OBJ-000878,The Importance of Where,skill_book,base_game,One-handed,Skyrim,,The Reach,Guard Tower,"Guard Tower (Markarth), on a stone table in the north room",,,unknown,unknown,unknown,"Travel, cold, carry, theft, and dungeon endurance implications deferred",source_listed_candidate,SN-000051-skill-books-and-reader.md,Source-listed skill book copy; final route copy selection pending.
BOOKLOC-000322,OBJ-000878,The Importance of Where,skill_book,base_game,One-handed,Skyrim,,,At a Shrine of Talos,"At a Shrine of Talos, on the island directly west of Winterhold",,,unknown,unknown,unknown,"Travel, cold, carry, theft, and dungeon endurance implications deferred",source_listed_candidate,SN-000051-skill-books-and-reader.md,Source-listed skill book copy; final route copy selection pending.
BOOKLOC-000323,OBJ-000879,Aevar Stone-Singer,skill_book,base_game,Pickpocket,Skyrim,,,Lost Valkygg,"Lost Valkygg, southern room",,,unknown,unknown,unknown,"Travel, cold, carry, theft, and dungeon endurance implications deferred",provisional_objective_representative,SN-000051-skill-books-and-reader.md,Source-listed skill book copy; final route copy selection pending.
BOOKLOC-000324,OBJ-000879,Aevar Stone-Singer,skill_book,base_game,Pickpocket,Skyrim,,The Rift,530 ft N of Nilheim,"530 ft N of Nilheim (The Rift), surrounded by three barrels",,,unknown,unknown,unknown,"Travel, cold, carry, theft, and dungeon endurance implications deferred",source_listed_candidate,SN-000051-skill-books-and-reader.md,Source-listed skill book copy; final route copy selection pending.
BOOKLOC-000325,OBJ-000879,Aevar Stone-Singer,skill_book,base_game,Pickpocket,Skyrim,,Winterhold,Sightless Pit,Sightless Pit (Winterhold),,,unknown,unknown,unknown,"Travel, cold, carry, theft, and dungeon endurance implications deferred",source_listed_candidate,SN-000051-skill-books-and-reader.md,Source-listed skill book copy; final route copy selection pending.
BOOKLOC-000326,OBJ-000879,Aevar Stone-Singer,skill_book,base_game,Pickpocket,Skyrim,,Hjaalmarch,Thonnir's House,Thonnir's House (Morthal),Interior ownership/theft status needs validation,,unknown,unknown,unknown,"Travel, cold, carry, theft, and dungeon endurance implications deferred",source_listed_candidate,SN-000051-skill-books-and-reader.md,Source-listed skill book copy; final route copy selection pending.
BOOKLOC-000327,OBJ-000879,Aevar Stone-Singer,skill_book,base_game,Pickpocket,Skyrim,,Whiterun Hold,620 ft SW of Whitewatch Tower,"620 ft SW of Whitewatch Tower (Whiterun Hold), in a bandit camp",,,unknown,unknown,unknown,"Travel, cold, carry, theft, and dungeon endurance implications deferred",source_listed_candidate,SN-000051-skill-books-and-reader.md,Source-listed skill book copy; final route copy selection pending.
BOOKLOC-000328,OBJ-000880,Beggar,skill_book,base_game,Pickpocket,Skyrim,,The Rift,Haelga's Bunkhouse,"Haelga's Bunkhouse (Riften), on a counter upstairs",Interior ownership/theft status needs validation,,unknown,unknown,unknown,"Travel, cold, carry, theft, and dungeon endurance implications deferred",provisional_objective_representative,SN-000051-skill-books-and-reader.md,Source-listed skill book copy; final route copy selection pending.
BOOKLOC-000329,OBJ-000880,Beggar,skill_book,base_game,Pickpocket,Skyrim,,,Ironback Hideout,"Ironback Hideout, on a table in the ruined house",Interior ownership/theft status needs validation,,unknown,unknown,unknown,"Travel, cold, carry, theft, and dungeon endurance implications deferred",source_listed_candidate,SN-000051-skill-books-and-reader.md,Source-listed skill book copy; final route copy selection pending.
BOOKLOC-000330,OBJ-000880,Beggar,skill_book,base_game,Pickpocket,Skyrim,,The Rift,The Ratway,"The Ratway (Riften), on a table in the room next to the bridge",,,unknown,unknown,unknown,"Travel, cold, carry, theft, and dungeon endurance implications deferred",source_listed_candidate,SN-000051-skill-books-and-reader.md,Source-listed skill book copy; final route copy selection pending.
BOOKLOC-000331,OBJ-000880,Beggar,skill_book,base_game,Pickpocket,Skyrim,,,1170 ft NE of Wreck of the Winter War,"1170 ft NE of Wreck of the Winter War, next to a skeleton",,,unknown,unknown,unknown,"Travel, cold, carry, theft, and dungeon endurance implications deferred",source_listed_candidate,SN-000051-skill-books-and-reader.md,Source-listed skill book copy; final route copy selection pending.
BOOKLOC-000332,OBJ-000880,Beggar,skill_book,base_game,Pickpocket,Skyrim,,,between Swindler's Den and Gjukar's Monument,"between Swindler's Den and Gjukar's Monument, on the body of a dead bandit next to a Nirnroot plant (respawn infinitely)",Carried/body source; loot access needs route validation,,unknown,unknown,unknown,"Travel, cold, carry, theft, and dungeon endurance implications deferred",source_listed_candidate,SN-000051-skill-books-and-reader.md,Source-listed skill book copy; final route copy selection pending.
BOOKLOC-000333,OBJ-000880,Beggar,skill_book,dragonborn,Pickpocket,Skyrim,,,Apocrypha,"Apocrypha (Dragonborn), Untold Legends, Chapter IV",,Add-on or AE content access required for this copy,unknown,unknown,unknown,"Travel, cold, carry, theft, and dungeon endurance implications deferred",source_listed_candidate,SN-000051-skill-books-and-reader.md,Source-listed skill book copy; final route copy selection pending.
BOOKLOC-000334,OBJ-000881,Guide to Better Thieving,skill_book,base_game,Pickpocket,Skyrim,,The Reach,Fort Sungard Oubliette,"Fort Sungard Oubliette (The Reach), down the hole",,,unknown,unknown,unknown,"Travel, cold, carry, theft, and dungeon endurance implications deferred",provisional_objective_representative,SN-000051-skill-books-and-reader.md,Source-listed skill book copy; final route copy selection pending.
BOOKLOC-000335,OBJ-000881,Guide to Better Thieving,skill_book,base_game,Pickpocket,Skyrim,,The Rift,Goldenglow Estate Sewer,"Goldenglow Estate Sewer (The Rift), by a skeleton in a side room with an Adept lock",,,unknown,unknown,unknown,"Travel, cold, carry, theft, and dungeon endurance implications deferred",source_listed_candidate,SN-000051-skill-books-and-reader.md,Source-listed skill book copy; final route copy selection pending.
BOOKLOC-000336,OBJ-000881,Guide to Better Thieving,skill_book,base_game,Pickpocket,Skyrim,,Falkreath Hold,Jarl's Longhouse,"Jarl's Longhouse (Falkreath), right room of the bottom floor locked in a display case with an Expert lock",Locked access noted; key/lockpicking route needs validation | Interior ownership/theft status needs validation,,unknown,unknown,unknown,"Travel, cold, carry, theft, and dungeon endurance implications deferred",source_listed_candidate,SN-000051-skill-books-and-reader.md,Source-listed skill book copy; final route copy selection pending.
BOOKLOC-000337,OBJ-000881,Guide to Better Thieving,skill_book,base_game,Pickpocket,Skyrim,,Eastmarch,Mara's Eye Den,"Mara's Eye Den (Eastmarch), in a box with several other books by a stone pillar",,,unknown,unknown,unknown,"Travel, cold, carry, theft, and dungeon endurance implications deferred",source_listed_candidate,SN-000051-skill-books-and-reader.md,Source-listed skill book copy; final route copy selection pending.
BOOKLOC-000338,OBJ-000881,Guide to Better Thieving,skill_book,base_game,Pickpocket,Skyrim,,,Snowy Sabre Cat den northeast of the Thalmor Embassy gate,"Snowy Sabre Cat den northeast of the Thalmor Embassy gate, carried by a dead Argonian (respawn infinitely)",Carried/body source; loot access needs route validation,,unknown,unknown,unknown,"Travel, cold, carry, theft, and dungeon endurance implications deferred",source_listed_candidate,SN-000051-skill-books-and-reader.md,Source-listed skill book copy; final route copy selection pending.
BOOKLOC-000339,OBJ-000882,Purloined Shadows,skill_book,base_game,Pickpocket,Skyrim,,Falkreath Hold,NW of Bonechill Passage,"NW of Bonechill Passage (Falkreath Hold), in a hut under the bed",,,unknown,unknown,unknown,"Travel, cold, carry, theft, and dungeon endurance implications deferred",provisional_objective_representative,SN-000051-skill-books-and-reader.md,Source-listed skill book copy; final route copy selection pending.
BOOKLOC-000340,OBJ-000882,Purloined Shadows,skill_book,base_game,Pickpocket,Skyrim,,The Pale,Duskglow Crevice,"Duskglow Crevice (The Pale), in the junk room",,,unknown,unknown,unknown,"Travel, cold, carry, theft, and dungeon endurance implications deferred",source_listed_candidate,SN-000051-skill-books-and-reader.md,Source-listed skill book copy; final route copy selection pending.
BOOKLOC-000341,OBJ-000882,Purloined Shadows,skill_book,base_game,Pickpocket,Skyrim,,Hjaalmarch,280 ft WNW of Folgunthur,"280 ft WNW of Folgunthur (Hjaalmarch), at small campsite under an overhang",,,unknown,unknown,unknown,"Travel, cold, carry, theft, and dungeon endurance implications deferred",source_listed_candidate,SN-000051-skill-books-and-reader.md,Source-listed skill book copy; final route copy selection pending.
BOOKLOC-000342,OBJ-000882,Purloined Shadows,skill_book,base_game,Pickpocket,Skyrim,,The Rift,Honorhall Orphanage,"Honorhall Orphanage (Riften), in Constance's bedroom",Interior ownership/theft status needs validation,,unknown,unknown,unknown,"Travel, cold, carry, theft, and dungeon endurance implications deferred",source_listed_candidate,SN-000051-skill-books-and-reader.md,Source-listed skill book copy; final route copy selection pending.
BOOKLOC-000343,OBJ-000882,Purloined Shadows,skill_book,base_game,Pickpocket,Skyrim,,,Nightingale Hall,"Nightingale Hall, in the living quarters, on an end table next to a bed",,,unknown,unknown,unknown,"Travel, cold, carry, theft, and dungeon endurance implications deferred",source_listed_candidate,SN-000051-skill-books-and-reader.md,Source-listed skill book copy; final route copy selection pending.
BOOKLOC-000344,OBJ-000883,Thief,skill_book,base_game,Pickpocket,Skyrim,,Eastmarch,Argonian Assemblage,"Argonian Assemblage (Windhelm), on a dresser",,,unknown,unknown,unknown,"Travel, cold, carry, theft, and dungeon endurance implications deferred",provisional_objective_representative,SN-000051-skill-books-and-reader.md,Source-listed skill book copy; final route copy selection pending.
BOOKLOC-000345,OBJ-000883,Thief,skill_book,base_game,Pickpocket,Skyrim,,Falkreath Hold,Bleak Falls Temple,"Bleak Falls Temple (Falkreath Hold), just beyond the first glyph puzzle",,,unknown,unknown,unknown,"Travel, cold, carry, theft, and dungeon endurance implications deferred",source_listed_candidate,SN-000051-skill-books-and-reader.md,Source-listed skill book copy; final route copy selection pending.
BOOKLOC-000346,OBJ-000883,Thief,skill_book,base_game,Pickpocket,Skyrim,,,630 ft WSW of Ivarstead,630 ft WSW of Ivarstead,,,unknown,unknown,unknown,"Travel, cold, carry, theft, and dungeon endurance implications deferred",source_listed_candidate,SN-000051-skill-books-and-reader.md,Source-listed skill book copy; final route copy selection pending.
BOOKLOC-000347,OBJ-000883,Thief,skill_book,base_game,Pickpocket,Skyrim,,The Pale,Silverdrift Lair,Silverdrift Lair (The Pale),,,unknown,unknown,unknown,"Travel, cold, carry, theft, and dungeon endurance implications deferred",source_listed_candidate,SN-000051-skill-books-and-reader.md,Source-listed skill book copy; final route copy selection pending.
BOOKLOC-000348,OBJ-000883,Thief,skill_book,base_game,Pickpocket,Skyrim,,Whiterun Hold,Swindler's Den,"Swindler's Den (Whiterun Hold), by a bedroll in the easternmost room",,,unknown,unknown,unknown,"Travel, cold, carry, theft, and dungeon endurance implications deferred",source_listed_candidate,SN-000051-skill-books-and-reader.md,Source-listed skill book copy; final route copy selection pending.
BOOKLOC-000349,OBJ-000884,"2920, Rain's Hand, v4",skill_book,base_game,Restoration,Skyrim,,The Reach,Blind Cliff Bastion,Blind Cliff Bastion (The Reach) carried by Petra,Carried/body source; loot access needs route validation,,unknown,unknown,unknown,"Travel, cold, carry, theft, and dungeon endurance implications deferred",provisional_objective_representative,SN-000051-skill-books-and-reader.md,Source-listed skill book copy; final route copy selection pending.
BOOKLOC-000350,OBJ-000884,"2920, Rain's Hand, v4",skill_book,base_game,Restoration,Skyrim,,Hjaalmarch,Falion's House,"Falion's House (Morthal), on a table",Interior ownership/theft status needs validation,,unknown,unknown,unknown,"Travel, cold, carry, theft, and dungeon endurance implications deferred",source_listed_candidate,SN-000051-skill-books-and-reader.md,Source-listed skill book copy; final route copy selection pending.
BOOKLOC-000351,OBJ-000884,"2920, Rain's Hand, v4",skill_book,base_game,Restoration,Skyrim,,The Reach,Hall of the Dead,"Hall of the Dead (Markarth), on the shelf next to the priest's bed",,,unknown,unknown,unknown,"Travel, cold, carry, theft, and dungeon endurance implications deferred",source_listed_candidate,SN-000051-skill-books-and-reader.md,Source-listed skill book copy; final route copy selection pending.
BOOKLOC-000352,OBJ-000884,"2920, Rain's Hand, v4",skill_book,base_game,Restoration,Skyrim,,Winterhold,370 ft NNE of Journeyman's Nook,"370 ft NNE of Journeyman's Nook (Winterhold), at the end of a crevasse",,,unknown,unknown,unknown,"Travel, cold, carry, theft, and dungeon endurance implications deferred",source_listed_candidate,SN-000051-skill-books-and-reader.md,Source-listed skill book copy; final route copy selection pending.
BOOKLOC-000353,OBJ-000884,"2920, Rain's Hand, v4",skill_book,base_game,Restoration,Skyrim,,Haafingar,Next to the boss chest in Widow's Watch Ruins,Next to the boss chest in Widow's Watch Ruins (Haafingar) (respawn infinitely),,,unknown,unknown,unknown,"Travel, cold, carry, theft, and dungeon endurance implications deferred",source_listed_candidate,SN-000051-skill-books-and-reader.md,Source-listed skill book copy; final route copy selection pending.
BOOKLOC-000354,OBJ-000885,"Mystery of Talara, v 2",skill_book,base_game,Restoration,Skyrim,,The Rift,Crystaldrift Cave,"Crystaldrift Cave (The Rift), carried by dead Gadnor",Carried/body source; loot access needs route validation,,unknown,unknown,unknown,"Travel, cold, carry, theft, and dungeon endurance implications deferred",provisional_objective_representative,SN-000051-skill-books-and-reader.md,Source-listed skill book copy; final route copy selection pending.
BOOKLOC-000355,OBJ-000885,"Mystery of Talara, v 2",skill_book,base_game,Restoration,Skyrim,,Eastmarch,Eldergleam Sanctuary,"Eldergleam Sanctuary (Eastmarch), leaning on the rock next to a backpack",,,unknown,unknown,unknown,"Travel, cold, carry, theft, and dungeon endurance implications deferred",source_listed_candidate,SN-000051-skill-books-and-reader.md,Source-listed skill book copy; final route copy selection pending.
BOOKLOC-000356,OBJ-000885,"Mystery of Talara, v 2",skill_book,base_game,Restoration,Skyrim,,Winterhold,Frostflow Lighthouse,"Frostflow Lighthouse (Winterhold), on a dresser",Interior ownership/theft status needs validation,,unknown,unknown,unknown,"Travel, cold, carry, theft, and dungeon endurance implications deferred",source_listed_candidate,SN-000051-skill-books-and-reader.md,Source-listed skill book copy; final route copy selection pending.
BOOKLOC-000357,OBJ-000885,"Mystery of Talara, v 2",skill_book,base_game,Restoration,Skyrim,,The Reach,Ragnvald Crypts,"Ragnvald Crypts (The Reach), over a table behind a chest",,,unknown,unknown,unknown,"Travel, cold, carry, theft, and dungeon endurance implications deferred",source_listed_candidate,SN-000051-skill-books-and-reader.md,Source-listed skill book copy; final route copy selection pending.
BOOKLOC-000358,OBJ-000885,"Mystery of Talara, v 2",skill_book,base_game,Restoration,Skyrim,,Hjaalmarch,Ustengrav,"Ustengrav (Hjaalmarch), stone shelf near all the urns}}",,,unknown,unknown,unknown,"Travel, cold, carry, theft, and dungeon endurance implications deferred",source_listed_candidate,SN-000051-skill-books-and-reader.md,Source-listed skill book copy; final route copy selection pending.
BOOKLOC-000359,OBJ-000886,Racial Phylogeny,skill_book,base_game,Restoration,Skyrim,,The Rift,Avanchnzel Animoncultory,"Avanchnzel Animoncultory (The Rift), in a room on the eastern side, on the northern table",,,unknown,unknown,unknown,"Travel, cold, carry, theft, and dungeon endurance implications deferred",provisional_objective_representative,SN-000051-skill-books-and-reader.md,Source-listed skill book copy; final route copy selection pending.
BOOKLOC-000360,OBJ-000886,Racial Phylogeny,skill_book,base_game,Restoration,Skyrim,,The Rift,On an altar in the middle of Boulderfall Cave,"On an altar in the middle of Boulderfall Cave, Autumnshade Clearing, and Shor's Stone (The Rift)",,,unknown,unknown,unknown,"Travel, cold, carry, theft, and dungeon endurance implications deferred",source_listed_candidate,SN-000051-skill-books-and-reader.md,Source-listed skill book copy; final route copy selection pending.
BOOKLOC-000361,OBJ-000886,Racial Phylogeny,skill_book,base_game,Restoration,Skyrim,,Falkreath Hold,Corpselight Farm on a bookshelf,Corpselight Farm (Falkreath) on a bookshelf,Carried/body source; loot access needs route validation,,unknown,unknown,unknown,"Travel, cold, carry, theft, and dungeon endurance implications deferred",source_listed_candidate,SN-000051-skill-books-and-reader.md,Source-listed skill book copy; final route copy selection pending.
BOOKLOC-000362,OBJ-000886,Racial Phylogeny,skill_book,base_game,Restoration,Skyrim,,Hjaalmarch,Moorside Inn,"Moorside Inn (Morthal), inside a basket",,,unknown,unknown,unknown,"Travel, cold, carry, theft, and dungeon endurance implications deferred",source_listed_candidate,SN-000051-skill-books-and-reader.md,Source-listed skill book copy; final route copy selection pending.
BOOKLOC-000363,OBJ-000886,Racial Phylogeny,skill_book,base_game,Restoration,Skyrim,,,Urag gro-Shub,"Urag gro-Shub (College of Winterhold), Hitting the Books quest reward",,Quest/state dependency possible; validate before route placement,unknown,possible,unknown,"Travel, cold, carry, theft, and dungeon endurance implications deferred",source_listed_candidate,SN-000051-skill-books-and-reader.md,Source-listed skill book copy; final route copy selection pending.
BOOKLOC-000364,OBJ-000886,Racial Phylogeny,skill_book,dragonborn,Restoration,Skyrim,,,Apocrypha,"Apocrypha (Dragonborn), The Hidden Twilight, Chapter V",,Add-on or AE content access required for this copy,unknown,unknown,unknown,"Travel, cold, carry, theft, and dungeon endurance implications deferred",source_listed_candidate,SN-000051-skill-books-and-reader.md,Source-listed skill book copy; final route copy selection pending.
BOOKLOC-000365,OBJ-000887,The Exodus,skill_book,base_game,Restoration,Skyrim,,The Rift,Forelhost Crypt,Forelhost Crypt (The Rift),,,unknown,unknown,unknown,"Travel, cold, carry, theft, and dungeon endurance implications deferred",provisional_objective_representative,SN-000051-skill-books-and-reader.md,Source-listed skill book copy; final route copy selection pending.
BOOKLOC-000366,OBJ-000887,The Exodus,skill_book,base_game,Restoration,Skyrim,,Winterhold,The Frozen Hearth Cellar,"The Frozen Hearth Cellar, wedged between a pillar and a crate on the west wall (Winterhold)",,,unknown,unknown,unknown,"Travel, cold, carry, theft, and dungeon endurance implications deferred",source_listed_candidate,SN-000051-skill-books-and-reader.md,Source-listed skill book copy; final route copy selection pending.
BOOKLOC-000367,OBJ-000887,The Exodus,skill_book,base_game,Restoration,Skyrim,,Winterhold,Hob's Fall Cave,"Hob's Fall Cave (Winterhold), on a table near the Alchemy Lab",,,unknown,unknown,unknown,"Travel, cold, carry, theft, and dungeon endurance implications deferred",source_listed_candidate,SN-000051-skill-books-and-reader.md,Source-listed skill book copy; final route copy selection pending.
BOOKLOC-000368,OBJ-000887,The Exodus,skill_book,base_game,Restoration,Skyrim,,,Stendarr's Beacon,"Stendarr's Beacon, on a bedroll",,,unknown,unknown,unknown,"Travel, cold, carry, theft, and dungeon endurance implications deferred",source_listed_candidate,SN-000051-skill-books-and-reader.md,Source-listed skill book copy; final route copy selection pending.
BOOKLOC-000369,OBJ-000887,The Exodus,skill_book,base_game,Restoration,Skyrim,,,In a small,"In a small, unmarked campsite directly between Solitude's docks and The Apprentice Stone",,,unknown,unknown,unknown,"Travel, cold, carry, theft, and dungeon endurance implications deferred",source_listed_candidate,SN-000051-skill-books-and-reader.md,Source-listed skill book copy; final route copy selection pending.
BOOKLOC-000370,OBJ-000888,Withershins,skill_book,base_game,Restoration,Skyrim,,,Arcwind Point,"Arcwind Point, at a pedestal the top of the tower after progressing through the ruins",,,unknown,unknown,unknown,"Travel, cold, carry, theft, and dungeon endurance implications deferred",provisional_objective_representative,SN-000051-skill-books-and-reader.md,Source-listed skill book copy; final route copy selection pending.
BOOKLOC-000371,OBJ-000888,Withershins,skill_book,base_game,Restoration,Skyrim,,The Reach,Gloomreach Cavern,Gloomreach Cavern (The Reach),,,unknown,unknown,unknown,"Travel, cold, carry, theft, and dungeon endurance implications deferred",source_listed_candidate,SN-000051-skill-books-and-reader.md,Source-listed skill book copy; final route copy selection pending.
BOOKLOC-000372,OBJ-000888,Withershins,skill_book,base_game,Restoration,Skyrim,,The Reach,240 ft N of Harmugstahl,240 ft N of Harmugstahl (The Reach),,,unknown,unknown,unknown,"Travel, cold, carry, theft, and dungeon endurance implications deferred",source_listed_candidate,SN-000051-skill-books-and-reader.md,Source-listed skill book copy; final route copy selection pending.
BOOKLOC-000373,OBJ-000888,Withershins,skill_book,base_game,Restoration,Skyrim,,Whiterun Hold,Temple of Kynareth,Temple of Kynareth (Whiterun),,,unknown,unknown,unknown,"Travel, cold, carry, theft, and dungeon endurance implications deferred",source_listed_candidate,SN-000051-skill-books-and-reader.md,Source-listed skill book copy; final route copy selection pending.
BOOKLOC-000374,OBJ-000888,Withershins,skill_book,base_game,Restoration,Skyrim,,The Reach,Valthume,"Valthume (The Reach), in an alcove of a room south of the large room with pews",,,unknown,unknown,unknown,"Travel, cold, carry, theft, and dungeon endurance implications deferred",source_listed_candidate,SN-000051-skill-books-and-reader.md,Source-listed skill book copy; final route copy selection pending.
BOOKLOC-000375,OBJ-000889,Cherim's Heart,skill_book,base_game,Smithing,Skyrim,,Haafingar,Broken Oar Grotto,Broken Oar Grotto (Haafingar),,,unknown,unknown,unknown,"Travel, cold, carry, theft, and dungeon endurance implications deferred",provisional_objective_representative,SN-000051-skill-books-and-reader.md,Source-listed skill book copy; final route copy selection pending.
BOOKLOC-000376,OBJ-000889,Cherim's Heart,skill_book,base_game,Smithing,Skyrim,,Eastmarch,360 ft WSW of Eldergleam Sanctuary,"360 ft WSW of Eldergleam Sanctuary (Eastmarch), on a table in a hunter's camp",,,unknown,unknown,unknown,"Travel, cold, carry, theft, and dungeon endurance implications deferred",source_listed_candidate,SN-000051-skill-books-and-reader.md,Source-listed skill book copy; final route copy selection pending.
BOOKLOC-000377,OBJ-000889,Cherim's Heart,skill_book,base_game,Smithing,Skyrim,,Eastmarch,Morvunskar,"Morvunskar (Eastmarch), next to the forge at base level",,,unknown,unknown,unknown,"Travel, cold, carry, theft, and dungeon endurance implications deferred",source_listed_candidate,SN-000051-skill-books-and-reader.md,Source-listed skill book copy; final route copy selection pending.
BOOKLOC-000378,OBJ-000889,Cherim's Heart,skill_book,base_game,Smithing,Skyrim,,The Reach,Purewater Run,"Purewater Run (The Reach), inside an underwater chest",,,unknown,unknown,unknown,"Travel, cold, carry, theft, and dungeon endurance implications deferred",source_listed_candidate,SN-000051-skill-books-and-reader.md,Source-listed skill book copy; final route copy selection pending.
BOOKLOC-000379,OBJ-000889,Cherim's Heart,skill_book,base_game,Smithing,Skyrim,,The Pale,Quicksilver Mine,Quicksilver Mine (Dawnstar),,,unknown,unknown,unknown,"Travel, cold, carry, theft, and dungeon endurance implications deferred",source_listed_candidate,SN-000051-skill-books-and-reader.md,Source-listed skill book copy; final route copy selection pending.
BOOKLOC-000380,OBJ-000890,Heavy Armor Forging,skill_book,base_game,Smithing,Skyrim,,,East Empire Company Warehouse,East Empire Company Warehouse,Interior ownership/theft status needs validation,,unknown,unknown,unknown,"Travel, cold, carry, theft, and dungeon endurance implications deferred",provisional_objective_representative,SN-000051-skill-books-and-reader.md,Source-listed skill book copy; final route copy selection pending.
BOOKLOC-000381,OBJ-000890,Heavy Armor Forging,skill_book,base_game,Smithing,Skyrim,,,Gloombound Mine,"Gloombound Mine, just outside the mine entrance",,,unknown,unknown,unknown,"Travel, cold, carry, theft, and dungeon endurance implications deferred",source_listed_candidate,SN-000051-skill-books-and-reader.md,Source-listed skill book copy; final route copy selection pending.
BOOKLOC-000382,OBJ-000890,Heavy Armor Forging,skill_book,base_game,Smithing,Skyrim,,The Rift,Pinepeak Cavern,Pinepeak Cavern (The Rift),,,unknown,unknown,unknown,"Travel, cold, carry, theft, and dungeon endurance implications deferred",source_listed_candidate,SN-000051-skill-books-and-reader.md,Source-listed skill book copy; final route copy selection pending.
BOOKLOC-000383,OBJ-000890,Heavy Armor Forging,skill_book,base_game,Smithing,Skyrim,,Winterhold,Whistling Mine,Whistling Mine (Winterhold),,,unknown,unknown,unknown,"Travel, cold, carry, theft, and dungeon endurance implications deferred",source_listed_candidate,SN-000051-skill-books-and-reader.md,Source-listed skill book copy; final route copy selection pending.
BOOKLOC-000384,OBJ-000890,Heavy Armor Forging,skill_book,dragonborn,Smithing,Skyrim,,,Apocrypha,"Apocrypha (Dragonborn), Waking Dreams, Chapter II",,Add-on or AE content access required for this copy,unknown,unknown,unknown,"Travel, cold, carry, theft, and dungeon endurance implications deferred",source_listed_candidate,SN-000051-skill-books-and-reader.md,Source-listed skill book copy; final route copy selection pending.
BOOKLOC-000385,OBJ-000891,Last Scabbard of Akrash,skill_book,base_game,Smithing,Skyrim,,,330 ft SSE of Black-Briar Lodge,330 ft SSE of Black-Briar Lodge,,,unknown,unknown,unknown,"Travel, cold, carry, theft, and dungeon endurance implications deferred",provisional_objective_representative,SN-000051-skill-books-and-reader.md,Source-listed skill book copy; final route copy selection pending.
BOOKLOC-000386,OBJ-000891,Last Scabbard of Akrash,skill_book,base_game,Smithing,Skyrim,,The Reach,Fort Sungard Muster,"Fort Sungard Muster (The Reach), in the armory",,,unknown,unknown,unknown,"Travel, cold, carry, theft, and dungeon endurance implications deferred",source_listed_candidate,SN-000051-skill-books-and-reader.md,Source-listed skill book copy; final route copy selection pending.
BOOKLOC-000387,OBJ-000891,Last Scabbard of Akrash,skill_book,base_game,Smithing,Skyrim,,,Bloodchill Cavern,"Bloodchill Cavern, in the smith room",,,unknown,unknown,unknown,"Travel, cold, carry, theft, and dungeon endurance implications deferred",source_listed_candidate,SN-000051-skill-books-and-reader.md,Source-listed skill book copy; final route copy selection pending.
BOOKLOC-000388,OBJ-000891,Last Scabbard of Akrash,skill_book,base_game,Smithing,Skyrim,,,Gallows Rock,"Gallows Rock, near a fireplace next to the kitchen",,,unknown,unknown,unknown,"Travel, cold, carry, theft, and dungeon endurance implications deferred",source_listed_candidate,SN-000051-skill-books-and-reader.md,Source-listed skill book copy; final route copy selection pending.
BOOKLOC-000389,OBJ-000892,Light Armor Forging,skill_book,base_game,Smithing,Skyrim,,,Cracked Tusk Keep,"Cracked Tusk Keep, near the forge",,,unknown,unknown,unknown,"Travel, cold, carry, theft, and dungeon endurance implications deferred",provisional_objective_representative,SN-000051-skill-books-and-reader.md,Source-listed skill book copy; final route copy selection pending.
BOOKLOC-000390,OBJ-000892,Light Armor Forging,skill_book,base_game,Smithing,Skyrim,,Falkreath Hold,Embershard Mine,"Embershard Mine (Falkreath Hold), on a table in the forge area",,,unknown,unknown,unknown,"Travel, cold, carry, theft, and dungeon endurance implications deferred",source_listed_candidate,SN-000051-skill-books-and-reader.md,Source-listed skill book copy; final route copy selection pending.
BOOKLOC-000391,OBJ-000892,Light Armor Forging,skill_book,base_game,Smithing,Skyrim,,Falkreath Hold,Lod's House,"Lod's House (Falkreath), in the basement on a barrel",Interior ownership/theft status needs validation,,unknown,unknown,unknown,"Travel, cold, carry, theft, and dungeon endurance implications deferred",source_listed_candidate,SN-000051-skill-books-and-reader.md,Source-listed skill book copy; final route copy selection pending.
BOOKLOC-000392,OBJ-000892,Light Armor Forging,skill_book,base_game,Smithing,Skyrim,,Whiterun Hold,Silent Moons Camp,"Silent Moons Camp (Whiterun Hold), near the Lunar Forge",,,unknown,unknown,unknown,"Travel, cold, carry, theft, and dungeon endurance implications deferred",source_listed_candidate,SN-000051-skill-books-and-reader.md,Source-listed skill book copy; final route copy selection pending.
BOOKLOC-000393,OBJ-000892,Light Armor Forging,skill_book,base_game,Smithing,Skyrim,,,In a chest inside a pit on unmarked location NE of Arkngthamz,In a chest inside a pit on unmarked location NE of Arkngthamz (respawn infinitely),,,unknown,unknown,unknown,"Travel, cold, carry, theft, and dungeon endurance implications deferred",source_listed_candidate,SN-000051-skill-books-and-reader.md,Source-listed skill book copy; final route copy selection pending.
BOOKLOC-000394,OBJ-000893,The Armorer's Challenge,skill_book,base_game,Smithing,Skyrim,,Falkreath Hold,Bilegulch Mine,Bilegulch Mine (Falkreath Hold),,,unknown,unknown,unknown,"Travel, cold, carry, theft, and dungeon endurance implications deferred",provisional_objective_representative,SN-000051-skill-books-and-reader.md,Source-listed skill book copy; final route copy selection pending.
BOOKLOC-000395,OBJ-000893,The Armorer's Challenge,skill_book,base_game,Smithing,Skyrim,,Haafingar,Mor Khazgur,"Mor Khazgur (Haafingar), near the forge",,,unknown,unknown,unknown,"Travel, cold, carry, theft, and dungeon endurance implications deferred",source_listed_candidate,SN-000051-skill-books-and-reader.md,Source-listed skill book copy; final route copy selection pending.
BOOKLOC-000396,OBJ-000893,The Armorer's Challenge,skill_book,base_game,Smithing,Skyrim,,The Rift,The Scorched Hammer,"The Scorched Hammer (Riften), in between the dresser and the safe",,,unknown,unknown,unknown,"Travel, cold, carry, theft, and dungeon endurance implications deferred",source_listed_candidate,SN-000051-skill-books-and-reader.md,Source-listed skill book copy; final route copy selection pending.
BOOKLOC-000397,OBJ-000893,The Armorer's Challenge,skill_book,base_game,Smithing,Skyrim,,,The Skyforge in Whiterun,"The Skyforge in Whiterun, on the stone slab to the right",,,unknown,unknown,unknown,"Travel, cold, carry, theft, and dungeon endurance implications deferred",source_listed_candidate,SN-000051-skill-books-and-reader.md,Source-listed skill book copy; final route copy selection pending.
BOOKLOC-000398,OBJ-000893,The Armorer's Challenge,skill_book,base_game,Smithing,Skyrim,,Winterhold,Tower of Mzark,"Tower of Mzark (Winterhold), in first room",,,unknown,unknown,unknown,"Travel, cold, carry, theft, and dungeon endurance implications deferred",source_listed_candidate,SN-000051-skill-books-and-reader.md,Source-listed skill book copy; final route copy selection pending.
BOOKLOC-000399,OBJ-000894,"2920, Last Seed, v8",skill_book,base_game,Sneak,Skyrim,,The Reach,Hag Rock Redoubt Ruin,"Hag Rock Redoubt Ruin (The Reach), over the table",,,unknown,unknown,unknown,"Travel, cold, carry, theft, and dungeon endurance implications deferred",provisional_objective_representative,SN-000051-skill-books-and-reader.md,Source-listed skill book copy; final route copy selection pending.
BOOKLOC-000400,OBJ-000894,"2920, Last Seed, v8",skill_book,base_game,Sneak,Skyrim,,The Pale,Raldbthar,"Raldbthar (The Pale), near Alain Dufont",,,unknown,unknown,unknown,"Travel, cold, carry, theft, and dungeon endurance implications deferred",source_listed_candidate,SN-000051-skill-books-and-reader.md,Source-listed skill book copy; final route copy selection pending.
BOOKLOC-000401,OBJ-000894,"2920, Last Seed, v8",skill_book,base_game,Sneak,Skyrim,,Whiterun Hold,Redoran's Retreat,"Redoran's Retreat (Whiterun Hold), on a crate in the back cavern",,,unknown,unknown,unknown,"Travel, cold, carry, theft, and dungeon endurance implications deferred",source_listed_candidate,SN-000051-skill-books-and-reader.md,Source-listed skill book copy; final route copy selection pending.
BOOKLOC-000402,OBJ-000894,"2920, Last Seed, v8",skill_book,base_game,Sneak,Skyrim,,The Rift,480 ft E of Stendarr's Beacon,"480 ft E of Stendarr's Beacon (The Rift), next to a bedroll",,,unknown,unknown,unknown,"Travel, cold, carry, theft, and dungeon endurance implications deferred",source_listed_candidate,SN-000051-skill-books-and-reader.md,Source-listed skill book copy; final route copy selection pending.
BOOKLOC-000403,OBJ-000895,Legend of Krately House,skill_book,base_game,Sneak,Skyrim,,The Rift,Black-Briar Lodge,"Black-Briar Lodge (Riften), master bedroom",Interior ownership/theft status needs validation,,unknown,unknown,unknown,"Travel, cold, carry, theft, and dungeon endurance implications deferred",provisional_objective_representative,SN-000051-skill-books-and-reader.md,Source-listed skill book copy; final route copy selection pending.
BOOKLOC-000404,OBJ-000895,Legend of Krately House,skill_book,base_game,Sneak,Skyrim,,Falkreath Hold,300 ft N of Halldir's Cairn,300 ft N of Halldir's Cairn (Falkreath Hold),,,unknown,unknown,unknown,"Travel, cold, carry, theft, and dungeon endurance implications deferred",source_listed_candidate,SN-000051-skill-books-and-reader.md,Source-listed skill book copy; final route copy selection pending.
BOOKLOC-000405,OBJ-000895,Legend of Krately House,skill_book,base_game,Sneak,Skyrim,,The Pale,Nightgate Inn Cellar,Nightgate Inn Cellar (The Pale),,,unknown,unknown,unknown,"Travel, cold, carry, theft, and dungeon endurance implications deferred",source_listed_candidate,SN-000051-skill-books-and-reader.md,Source-listed skill book copy; final route copy selection pending.
BOOKLOC-000406,OBJ-000895,Legend of Krately House,skill_book,base_game,Sneak,Skyrim,,Haafingar,Potema's Catacombs,"Potema's Catacombs (Haafingar), in boss chest (only as part of quest The Wolf Queen Awakened)",,Only as part of quest The Wolf Queen Awakened,unknown,possible,unknown,"Travel, cold, carry, theft, and dungeon endurance implications deferred",source_listed_candidate,SN-000051-skill-books-and-reader.md,Source-listed skill book copy; final route copy selection pending.
BOOKLOC-000407,OBJ-000895,Legend of Krately House,skill_book,base_game,Sneak,Skyrim,,Haafingar,Red Wave,Red Wave (Solitude),,,unknown,unknown,unknown,"Travel, cold, carry, theft, and dungeon endurance implications deferred",source_listed_candidate,SN-000051-skill-books-and-reader.md,Source-listed skill book copy; final route copy selection pending.
BOOKLOC-000408,OBJ-000896,Sacred Witness,skill_book,base_game,Sneak,Skyrim,,,Dawnstar Sanctuary,"Dawnstar Sanctuary, on a table in the entrance hall",,,unknown,unknown,unknown,"Travel, cold, carry, theft, and dungeon endurance implications deferred",provisional_objective_representative,SN-000051-skill-books-and-reader.md,Source-listed skill book copy; final route copy selection pending.
BOOKLOC-000409,OBJ-000896,Sacred Witness,skill_book,base_game,Sneak,Skyrim,,,Dark Brotherhood Sanctuary,"Dark Brotherhood Sanctuary, in Babette's room",,,unknown,unknown,unknown,"Travel, cold, carry, theft, and dungeon endurance implications deferred",source_listed_candidate,SN-000051-skill-books-and-reader.md,Source-listed skill book copy; final route copy selection pending.
BOOKLOC-000410,OBJ-000896,Sacred Witness,skill_book,base_game,Sneak,Skyrim,,,Deepwood Redoubt,"Deepwood Redoubt, in Deepwood Vale, near the Alchemy Lab",,,unknown,unknown,unknown,"Travel, cold, carry, theft, and dungeon endurance implications deferred",source_listed_candidate,SN-000051-skill-books-and-reader.md,Source-listed skill book copy; final route copy selection pending.
BOOKLOC-000411,OBJ-000896,Sacred Witness,skill_book,base_game,Sneak,Skyrim,,Falkreath Hold,Twilight Sepulcher,Twilight Sepulcher (Falkreath Hold),,,unknown,unknown,unknown,"Travel, cold, carry, theft, and dungeon endurance implications deferred",source_listed_candidate,SN-000051-skill-books-and-reader.md,Source-listed skill book copy; final route copy selection pending.
BOOKLOC-000412,OBJ-000896,Sacred Witness,skill_book,base_game,Sneak,Skyrim,,,Southeast of the Abandoned Shack,"Southeast of the Abandoned Shack, on the body of a dead Draugr (respawn infinitely)",Carried/body source; loot access needs route validation,,unknown,unknown,unknown,"Travel, cold, carry, theft, and dungeon endurance implications deferred",source_listed_candidate,SN-000051-skill-books-and-reader.md,Source-listed skill book copy; final route copy selection pending.
BOOKLOC-000413,OBJ-000897,The Red Kitchen Reader,skill_book,base_game,Sneak,Skyrim,,The Pale,Frostmere Crypt,"Frostmere Crypt (The Pale), inside the ruins, on a bookshelf",,,unknown,unknown,unknown,"Travel, cold, carry, theft, and dungeon endurance implications deferred",provisional_objective_representative,SN-000051-skill-books-and-reader.md,Source-listed skill book copy; final route copy selection pending.
BOOKLOC-000414,OBJ-000897,The Red Kitchen Reader,skill_book,base_game,Sneak,Skyrim,,Eastmarch,New Gnisis Cornerclub,"New Gnisis Cornerclub (Windhelm), under the staircase on the ground floor",,,unknown,unknown,unknown,"Travel, cold, carry, theft, and dungeon endurance implications deferred",source_listed_candidate,SN-000051-skill-books-and-reader.md,Source-listed skill book copy; final route copy selection pending.
BOOKLOC-000415,OBJ-000897,The Red Kitchen Reader,skill_book,base_game,Sneak,Skyrim,,,Nightingale Hall,Nightingale Hall,,,unknown,unknown,unknown,"Travel, cold, carry, theft, and dungeon endurance implications deferred",source_listed_candidate,SN-000051-skill-books-and-reader.md,Source-listed skill book copy; final route copy selection pending.
BOOKLOC-000416,OBJ-000897,The Red Kitchen Reader,skill_book,base_game,Sneak,Skyrim,,Falkreath Hold,Pinewatch,"Pinewatch (Falkreath Hold), secret basement",,,unknown,unknown,unknown,"Travel, cold, carry, theft, and dungeon endurance implications deferred",source_listed_candidate,SN-000051-skill-books-and-reader.md,Source-listed skill book copy; final route copy selection pending.
BOOKLOC-000417,OBJ-000897,The Red Kitchen Reader,skill_book,base_game,Sneak,Skyrim,,The Rift,Riftweald Manor,"Riftweald Manor (Riften), secret basement",,,unknown,unknown,unknown,"Travel, cold, carry, theft, and dungeon endurance implications deferred",source_listed_candidate,SN-000051-skill-books-and-reader.md,Source-listed skill book copy; final route copy selection pending.
BOOKLOC-000418,OBJ-000897,The Red Kitchen Reader,skill_book,dawnguard,Sneak,Skyrim,,,Valerica's Study,"Valerica's Study (Dawnguard) (Castle Volkihar), on a bookshelf east of the portal",,Add-on or AE content access required for this copy,unknown,unknown,unknown,"Travel, cold, carry, theft, and dungeon endurance implications deferred",source_listed_candidate,SN-000051-skill-books-and-reader.md,Source-listed skill book copy; final route copy selection pending.
BOOKLOC-000419,OBJ-000898,Three Thieves,skill_book,base_game,Sneak,Skyrim,,Falkreath Hold,280 ft SE of Angi's Camp,280 ft SE of Angi's Camp (Falkreath Hold),,,unknown,unknown,unknown,"Travel, cold, carry, theft, and dungeon endurance implications deferred",provisional_objective_representative,SN-000051-skill-books-and-reader.md,Source-listed skill book copy; final route copy selection pending.
BOOKLOC-000420,OBJ-000898,Three Thieves,skill_book,base_game,Sneak,Skyrim,,Whiterun Hold,Honningbrew Basement,"Honningbrew Basement (Whiterun), only during Thieves Guild quest Dampened Spirits",,Quest/state dependency possible; validate before route placement,unknown,possible,unknown,"Travel, cold, carry, theft, and dungeon endurance implications deferred",source_listed_candidate,SN-000051-skill-books-and-reader.md,Source-listed skill book copy; final route copy selection pending.
BOOKLOC-000421,OBJ-000898,Three Thieves,skill_book,base_game,Sneak,Skyrim,,The Rift,160 ft S of Shor's Watchtower in fallen tree trunk,160 ft S of Shor's Watchtower in fallen tree trunk (The Rift),,,unknown,unknown,unknown,"Travel, cold, carry, theft, and dungeon endurance implications deferred",source_listed_candidate,SN-000051-skill-books-and-reader.md,Source-listed skill book copy; final route copy selection pending.
BOOKLOC-000422,OBJ-000898,Three Thieves,skill_book,base_game,Sneak,Skyrim,,Winterhold,Snow Veil Catacombs,"Snow Veil Catacombs (Winterhold), only during Thieves Guild quest Speaking With Silence",,Quest/state dependency possible; validate before route placement,unknown,possible,unknown,"Travel, cold, carry, theft, and dungeon endurance implications deferred",source_listed_candidate,SN-000051-skill-books-and-reader.md,Source-listed skill book copy; final route copy selection pending.
BOOKLOC-000423,OBJ-000898,Three Thieves,skill_book,dragonborn,Sneak,Skyrim,,,Apocrypha,"Apocrypha (Dragonborn), Filament and Filigree",,Add-on or AE content access required for this copy,unknown,unknown,unknown,"Travel, cold, carry, theft, and dungeon endurance implications deferred",source_listed_candidate,SN-000051-skill-books-and-reader.md,Source-listed skill book copy; final route copy selection pending.
BOOKLOC-000424,OBJ-000899,"2920, Second Seed, v5",skill_book,base_game,Speech,Skyrim,,,East of Gjukar's Monument at a Shrine of Zenithar,East of Gjukar's Monument at a Shrine of Zenithar,,,unknown,unknown,unknown,"Travel, cold, carry, theft, and dungeon endurance implications deferred",provisional_objective_representative,SN-000051-skill-books-and-reader.md,Source-listed skill book copy; final route copy selection pending.
BOOKLOC-000425,OBJ-000899,"2920, Second Seed, v5",skill_book,base_game,Speech,Skyrim,,Eastmarch,Sadri's Used Wares,"Sadri's Used Wares (Windhelm), under the counter",,,unknown,unknown,unknown,"Travel, cold, carry, theft, and dungeon endurance implications deferred",source_listed_candidate,SN-000051-skill-books-and-reader.md,Source-listed skill book copy; final route copy selection pending.
BOOKLOC-000426,OBJ-000899,"2920, Second Seed, v5",skill_book,base_game,Speech,Skyrim,,Falkreath Hold,Shriekwind Bastion,"Shriekwind Bastion (Falkreath Hold), on a rock pedestal in the Master Vampire chamber, after the fire corridor",,,unknown,unknown,unknown,"Travel, cold, carry, theft, and dungeon endurance implications deferred",source_listed_candidate,SN-000051-skill-books-and-reader.md,Source-listed skill book copy; final route copy selection pending.
BOOKLOC-000427,OBJ-000899,"2920, Second Seed, v5",skill_book,base_game,Speech,Skyrim,,Hjaalmarch,Sorli's House,Sorli's House (Hjaalmarch),Interior ownership/theft status needs validation,,unknown,unknown,unknown,"Travel, cold, carry, theft, and dungeon endurance implications deferred",source_listed_candidate,SN-000051-skill-books-and-reader.md,Source-listed skill book copy; final route copy selection pending.
BOOKLOC-000428,OBJ-000899,"2920, Second Seed, v5",skill_book,dragonborn,Speech,Skyrim,,,Apocrypha,"Apocrypha (Dragonborn), The Sallow Regent",,Add-on or AE content access required for this copy,unknown,unknown,unknown,"Travel, cold, carry, theft, and dungeon endurance implications deferred",source_listed_candidate,SN-000051-skill-books-and-reader.md,Source-listed skill book copy; final route copy selection pending.
BOOKLOC-000429,OBJ-000900,"A Dance in Fire, v6",skill_book,base_game,Speech,Skyrim,,Haafingar,Dainty Sload,Dainty Sload (Haafingar),,,unknown,unknown,unknown,"Travel, cold, carry, theft, and dungeon endurance implications deferred",provisional_objective_representative,SN-000051-skill-books-and-reader.md,Source-listed skill book copy; final route copy selection pending.
BOOKLOC-000430,OBJ-000900,"A Dance in Fire, v6",skill_book,base_game,Speech,Skyrim,,Falkreath Hold,Dead Man's Drink,"Dead Man's Drink (Falkreath), under the counter",,,unknown,unknown,unknown,"Travel, cold, carry, theft, and dungeon endurance implications deferred",source_listed_candidate,SN-000051-skill-books-and-reader.md,Source-listed skill book copy; final route copy selection pending.
BOOKLOC-000431,OBJ-000900,"A Dance in Fire, v6",skill_book,base_game,Speech,Skyrim,Blackreach,,Debate Hall,Debate Hall (Blackreach),,,unknown,unknown,unknown,"Travel, cold, carry, theft, and dungeon endurance implications deferred",source_listed_candidate,SN-000051-skill-books-and-reader.md,Source-listed skill book copy; final route copy selection pending.
BOOKLOC-000432,OBJ-000900,"A Dance in Fire, v6",skill_book,base_game,Speech,Skyrim,,,380 ft SW of Great Lift at Mzinchaleft,"380 ft SW of Great Lift at Mzinchaleft, west of Frostmere Crypt on a cart",,,unknown,unknown,unknown,"Travel, cold, carry, theft, and dungeon endurance implications deferred",source_listed_candidate,SN-000051-skill-books-and-reader.md,Source-listed skill book copy; final route copy selection pending.
BOOKLOC-000433,OBJ-000900,"A Dance in Fire, v6",skill_book,base_game,Speech,Skyrim,,Hjaalmarch,Meeko's Shack,"Meeko's Shack (Hjaalmarch), on a barrel",,,unknown,unknown,unknown,"Travel, cold, carry, theft, and dungeon endurance implications deferred",source_listed_candidate,SN-000051-skill-books-and-reader.md,Source-listed skill book copy; final route copy selection pending.
BOOKLOC-000434,OBJ-000901,"A Dance in Fire, v7",skill_book,base_game,Speech,Skyrim,,,Outside Angarvunde,"Outside Angarvunde, on a table",,,unknown,unknown,unknown,"Travel, cold, carry, theft, and dungeon endurance implications deferred",provisional_objective_representative,SN-000051-skill-books-and-reader.md,Source-listed skill book copy; final route copy selection pending.
BOOKLOC-000435,OBJ-000901,"A Dance in Fire, v7",skill_book,base_game,Speech,Skyrim,,The Reach,Arnleif and Sons Trading Company,"Arnleif and Sons Trading Company (Markarth), on a crate on the west side of the sales desk",,,unknown,unknown,unknown,"Travel, cold, carry, theft, and dungeon endurance implications deferred",source_listed_candidate,SN-000051-skill-books-and-reader.md,Source-listed skill book copy; final route copy selection pending.
BOOKLOC-000436,OBJ-000901,"A Dance in Fire, v7",skill_book,base_game,Speech,Skyrim,,The Rift,Beggar's Row,"Beggar's Row (Riften), on the floor",,,unknown,unknown,unknown,"Travel, cold, carry, theft, and dungeon endurance implications deferred",source_listed_candidate,SN-000051-skill-books-and-reader.md,Source-listed skill book copy; final route copy selection pending.
BOOKLOC-000437,OBJ-000901,"A Dance in Fire, v7",skill_book,base_game,Speech,Skyrim,,Hjaalmarch,Mzinchaleft,"Mzinchaleft, in Maluril's room (Hjaalmarch)",,,unknown,unknown,unknown,"Travel, cold, carry, theft, and dungeon endurance implications deferred",source_listed_candidate,SN-000051-skill-books-and-reader.md,Source-listed skill book copy; final route copy selection pending.
BOOKLOC-000438,OBJ-000901,"A Dance in Fire, v7",skill_book,base_game,Speech,Skyrim,,,North of Sunderstone Gorge,"North of Sunderstone Gorge, carried by a dead Khajiit next to a side-turning over cart (respawn infinitely)",Carried/body source; loot access needs route validation,,unknown,unknown,unknown,"Travel, cold, carry, theft, and dungeon endurance implications deferred",source_listed_candidate,SN-000051-skill-books-and-reader.md,Source-listed skill book copy; final route copy selection pending.
BOOKLOC-000439,OBJ-000902,Biography of the Wolf Queen,skill_book,base_game,Speech,Skyrim,,Haafingar,Blue Palace,"Blue Palace (Solitude), Jarl's bedroom",Interior ownership/theft status needs validation,,unknown,unknown,unknown,"Travel, cold, carry, theft, and dungeon endurance implications deferred",provisional_objective_representative,SN-000051-skill-books-and-reader.md,Source-listed skill book copy; final route copy selection pending.
BOOKLOC-000440,OBJ-000902,Biography of the Wolf Queen,skill_book,base_game,Speech,Skyrim,,The Reach,Bthardamz Dwelling,Bthardamz Dwelling (The Reach),,,unknown,unknown,unknown,"Travel, cold, carry, theft, and dungeon endurance implications deferred",source_listed_candidate,SN-000051-skill-books-and-reader.md,Source-listed skill book copy; final route copy selection pending.
BOOKLOC-000441,OBJ-000902,Biography of the Wolf Queen,skill_book,base_game,Speech,Skyrim,,The Reach,Liar's Retreat,"Liar's Retreat (The Reach), over a stone in the wall of a room",,,unknown,unknown,unknown,"Travel, cold, carry, theft, and dungeon endurance implications deferred",source_listed_candidate,SN-000051-skill-books-and-reader.md,Source-listed skill book copy; final route copy selection pending.
BOOKLOC-000442,OBJ-000902,Biography of the Wolf Queen,skill_book,base_game,Speech,Skyrim,,The Pale,Anga's Mill Common House,"Anga's Mill Common House (The Pale), on an end table by some loose gold near a bed",Interior ownership/theft status needs validation,,unknown,unknown,unknown,"Travel, cold, carry, theft, and dungeon endurance implications deferred",source_listed_candidate,SN-000051-skill-books-and-reader.md,Source-listed skill book copy; final route copy selection pending.
BOOKLOC-000443,OBJ-000902,Biography of the Wolf Queen,skill_book,base_game,Speech,Skyrim,,Whiterun Hold,Belethor's General Goods,"Belethor's General Goods (Whiterun), on a shelf to left of counter, next to a sack",,,unknown,unknown,unknown,"Travel, cold, carry, theft, and dungeon endurance implications deferred",source_listed_candidate,SN-000051-skill-books-and-reader.md,Source-listed skill book copy; final route copy selection pending.
BOOKLOC-000444,OBJ-000903,The Buying Game,skill_book,base_game,Speech,Skyrim,,Haafingar,Bards College,"Bards College (Solitude), in one of the classrooms",,,unknown,unknown,unknown,"Travel, cold, carry, theft, and dungeon endurance implications deferred",provisional_objective_representative,SN-000051-skill-books-and-reader.md,Source-listed skill book copy; final route copy selection pending.
BOOKLOC-000445,OBJ-000903,The Buying Game,skill_book,base_game,Speech,Skyrim,,Hjaalmarch,Dead Men's Respite,"Dead Men's Respite (Hjaalmarch), easternmost point",,,unknown,unknown,unknown,"Travel, cold, carry, theft, and dungeon endurance implications deferred",source_listed_candidate,SN-000051-skill-books-and-reader.md,Source-listed skill book copy; final route copy selection pending.
BOOKLOC-000446,OBJ-000903,The Buying Game,skill_book,base_game,Speech,Skyrim,,Haafingar,East Empire Company Warehouse,East Empire Company Warehouse (Haafingar),Interior ownership/theft status needs validation,,unknown,unknown,unknown,"Travel, cold, carry, theft, and dungeon endurance implications deferred",source_listed_candidate,SN-000051-skill-books-and-reader.md,Source-listed skill book copy; final route copy selection pending.
BOOKLOC-000447,OBJ-000903,The Buying Game,skill_book,base_game,Speech,Skyrim,,,As long as the Falkreath Stormcloak Camp is disabled: road east of Helgen on a cart,As long as the Falkreath Stormcloak Camp is disabled: road east of Helgen on a cart,,,unknown,unknown,unknown,"Travel, cold, carry, theft, and dungeon endurance implications deferred",source_listed_candidate,SN-000051-skill-books-and-reader.md,Source-listed skill book copy; final route copy selection pending.
BOOKLOC-000448,OBJ-000903,The Buying Game,skill_book,base_game,Speech,Skyrim,,,Shrine to Peryite,"Shrine to Peryite, on a table next to the Alchemy station",,,unknown,unknown,unknown,"Travel, cold, carry, theft, and dungeon endurance implications deferred",source_listed_candidate,SN-000051-skill-books-and-reader.md,Source-listed skill book copy; final route copy selection pending.
BOOKLOC-000449,OBJ-000904,Battle of Sancre Tor,skill_book,base_game,Two-handed,Skyrim,,Winterhold,Bleakcoast Cave,"Bleakcoast Cave (Winterhold), carried by a dead conjurer (respawn infinitely)",Carried/body source; loot access needs route validation,,unknown,unknown,unknown,"Travel, cold, carry, theft, and dungeon endurance implications deferred",provisional_objective_representative,SN-000051-skill-books-and-reader.md,Source-listed skill book copy; final route copy selection pending.
BOOKLOC-000450,OBJ-000904,Battle of Sancre Tor,skill_book,base_game,Two-handed,Skyrim,,The Rift,Broken Helm Hollow,Broken Helm Hollow (The Rift),,,unknown,unknown,unknown,"Travel, cold, carry, theft, and dungeon endurance implications deferred",source_listed_candidate,SN-000051-skill-books-and-reader.md,Source-listed skill book copy; final route copy selection pending.
BOOKLOC-000451,OBJ-000904,Battle of Sancre Tor,skill_book,base_game,Two-handed,Skyrim,,The Reach,Dustman's Cairn,"Dustman's Cairn (The Reach), on the table in the first room",,,unknown,unknown,unknown,"Travel, cold, carry, theft, and dungeon endurance implications deferred",source_listed_candidate,SN-000051-skill-books-and-reader.md,Source-listed skill book copy; final route copy selection pending.
BOOKLOC-000452,OBJ-000904,Battle of Sancre Tor,skill_book,base_game,Two-handed,Skyrim,,Whiterun Hold,House of Clan Battle-Born,"House of Clan Battle-Born (Whiterun), west bedroom downstairs on a shelf",Interior ownership/theft status needs validation,,unknown,unknown,unknown,"Travel, cold, carry, theft, and dungeon endurance implications deferred",source_listed_candidate,SN-000051-skill-books-and-reader.md,Source-listed skill book copy; final route copy selection pending.
BOOKLOC-000453,OBJ-000904,Battle of Sancre Tor,skill_book,base_game,Two-handed,Skyrim,,The Reach,Old Hroldan Inn,Old Hroldan Inn (The Reach),,,unknown,unknown,unknown,"Travel, cold, carry, theft, and dungeon endurance implications deferred",source_listed_candidate,SN-000051-skill-books-and-reader.md,Source-listed skill book copy; final route copy selection pending.
BOOKLOC-000454,OBJ-000905,King,skill_book,base_game,Two-handed,Skyrim,,,Bleakwind Bluff,"Bleakwind Bluff, next to the cairn",,,unknown,unknown,unknown,"Travel, cold, carry, theft, and dungeon endurance implications deferred",provisional_objective_representative,SN-000051-skill-books-and-reader.md,Source-listed skill book copy; final route copy selection pending.
BOOKLOC-000455,OBJ-000905,King,skill_book,base_game,Two-handed,Skyrim,,The Rift,270 ft SSW of Froki's Shack at a Shrine of Talos,270 ft SSW of Froki's Shack (The Rift) at a Shrine of Talos,,,unknown,unknown,unknown,"Travel, cold, carry, theft, and dungeon endurance implications deferred",source_listed_candidate,SN-000051-skill-books-and-reader.md,Source-listed skill book copy; final route copy selection pending.
BOOKLOC-000456,OBJ-000905,King,skill_book,base_game,Two-handed,Skyrim,,,The Katariah,"The Katariah, at the stern of the ship",,,unknown,unknown,unknown,"Travel, cold, carry, theft, and dungeon endurance implications deferred",source_listed_candidate,SN-000051-skill-books-and-reader.md,Source-listed skill book copy; final route copy selection pending.
BOOKLOC-000457,OBJ-000905,King,skill_book,base_game,Two-handed,Skyrim,,,Small,"Small, unmarked ruin north of Forelhost, southwest of Black-Briar Lodge, carried by a bandit (respawn infinitely)",Carried/body source; loot access needs route validation,,unknown,unknown,unknown,"Travel, cold, carry, theft, and dungeon endurance implications deferred",source_listed_candidate,SN-000051-skill-books-and-reader.md,Source-listed skill book copy; final route copy selection pending.
BOOKLOC-000458,OBJ-000905,King,skill_book,base_game,Two-handed,Skyrim,,,Penitus Oculatus Outpost,"Penitus Oculatus Outpost, on an end table, only after starting the quest Destroy the Dark Brotherhood!",,Quest/state dependency possible; validate before route placement,unknown,possible,unknown,"Travel, cold, carry, theft, and dungeon endurance implications deferred",source_listed_candidate,SN-000051-skill-books-and-reader.md,Source-listed skill book copy; final route copy selection pending.
BOOKLOC-000459,OBJ-000906,Song Of Hrormir,skill_book,base_game,Two-handed,Skyrim,,Eastmarch,Abandoned Prison,"Abandoned Prison (Eastmarch), in a storage room filled with books and a Master-level chest",Locked access noted; key/lockpicking route needs validation,,unknown,unknown,unknown,"Travel, cold, carry, theft, and dungeon endurance implications deferred",provisional_objective_representative,SN-000051-skill-books-and-reader.md,Source-listed skill book copy; final route copy selection pending.
BOOKLOC-000460,OBJ-000906,Song Of Hrormir,skill_book,base_game,Two-handed,Skyrim,,Haafingar,Jala's House,Jala's House (Solitude),Interior ownership/theft status needs validation,,unknown,unknown,unknown,"Travel, cold, carry, theft, and dungeon endurance implications deferred",source_listed_candidate,SN-000051-skill-books-and-reader.md,Source-listed skill book copy; final route copy selection pending.
BOOKLOC-000461,OBJ-000906,Song Of Hrormir,skill_book,base_game,Two-handed,Skyrim,,Whiterun Hold,Jorrvaskr Living Quarters,"Jorrvaskr Living Quarters (Whiterun), in the basement at the end of the hall",,,unknown,unknown,unknown,"Travel, cold, carry, theft, and dungeon endurance implications deferred",source_listed_candidate,SN-000051-skill-books-and-reader.md,Source-listed skill book copy; final route copy selection pending.
BOOKLOC-000462,OBJ-000906,Song Of Hrormir,skill_book,base_game,Two-handed,Skyrim,,Eastmarch,Mauhulakh's Cellar,Mauhulakh's Cellar (Eastmarch),,,unknown,unknown,unknown,"Travel, cold, carry, theft, and dungeon endurance implications deferred",source_listed_candidate,SN-000051-skill-books-and-reader.md,Source-listed skill book copy; final route copy selection pending.
BOOKLOC-000463,OBJ-000906,Song Of Hrormir,skill_book,base_game,Two-handed,Skyrim,,Winterhold,Yngol Barrow in boss chest,Yngol Barrow (Winterhold) in boss chest,,,unknown,unknown,unknown,"Travel, cold, carry, theft, and dungeon endurance implications deferred",source_listed_candidate,SN-000051-skill-books-and-reader.md,Source-listed skill book copy; final route copy selection pending.
BOOKLOC-000464,OBJ-000907,The Legendary Sancre Tor,skill_book,base_game,Two-handed,Skyrim,,The Reach,580 ft ENE of Broken Tower Redoubt,580 ft ENE of Broken Tower Redoubt (The Reach),,,unknown,unknown,unknown,"Travel, cold, carry, theft, and dungeon endurance implications deferred",provisional_objective_representative,SN-000051-skill-books-and-reader.md,Source-listed skill book copy; final route copy selection pending.
BOOKLOC-000465,OBJ-000907,The Legendary Sancre Tor,skill_book,base_game,Two-handed,Skyrim,,Eastmarch,350 ft SW of Cragwallow Slope,350 ft SW of Cragwallow Slope (Eastmarch),,,unknown,unknown,unknown,"Travel, cold, carry, theft, and dungeon endurance implications deferred",source_listed_candidate,SN-000051-skill-books-and-reader.md,Source-listed skill book copy; final route copy selection pending.
BOOKLOC-000466,OBJ-000907,The Legendary Sancre Tor,skill_book,base_game,Two-handed,Skyrim,,Falkreath Hold,Falkreath Barracks,Falkreath Barracks (Falkreath),,,unknown,unknown,unknown,"Travel, cold, carry, theft, and dungeon endurance implications deferred",source_listed_candidate,SN-000051-skill-books-and-reader.md,Source-listed skill book copy; final route copy selection pending.
BOOKLOC-000467,OBJ-000907,The Legendary Sancre Tor,skill_book,base_game,Two-handed,Skyrim,,Haafingar,Northwatch Keep,"Northwatch Keep (Haafingar), lower level bedroom",Interior ownership/theft status needs validation,,unknown,unknown,unknown,"Travel, cold, carry, theft, and dungeon endurance implications deferred",source_listed_candidate,SN-000051-skill-books-and-reader.md,Source-listed skill book copy; final route copy selection pending.
BOOKLOC-000468,OBJ-000907,The Legendary Sancre Tor,skill_book,base_game,Two-handed,Skyrim,,Winterhold,Ysgramor's Tomb,"Ysgramor's Tomb (Winterhold), only accessible during the quest Glory of the Dead",,Quest/state dependency possible; validate before route placement,unknown,possible,unknown,"Travel, cold, carry, theft, and dungeon endurance implications deferred",source_listed_candidate,SN-000051-skill-books-and-reader.md,Source-listed skill book copy; final route copy selection pending.
BOOKLOC-000469,OBJ-000908,Words and Philosophy,skill_book,base_game,Two-handed,Skyrim,,The Rift,Geirmund's Hall,"Geirmund's Hall (The Rift), in the boss treasure room, on a bookshelf",,,unknown,unknown,unknown,"Travel, cold, carry, theft, and dungeon endurance implications deferred",provisional_objective_representative,SN-000051-skill-books-and-reader.md,Source-listed skill book copy; final route copy selection pending.
BOOKLOC-000470,OBJ-000908,Words and Philosophy,skill_book,base_game,Two-handed,Skyrim,,Eastmarch,Lost Knife Cave,"Lost Knife Cave (Eastmarch), on a table on the platform in the large flooded room",,,unknown,unknown,unknown,"Travel, cold, carry, theft, and dungeon endurance implications deferred",source_listed_candidate,SN-000051-skill-books-and-reader.md,Source-listed skill book copy; final route copy selection pending.
BOOKLOC-000471,OBJ-000908,Words and Philosophy,skill_book,base_game,Two-handed,Skyrim,,The Rift,Mistveil Keep Barracks,"Mistveil Keep Barracks (Riften), on top of a dresser in the SW corner of the second floor",,,unknown,unknown,unknown,"Travel, cold, carry, theft, and dungeon endurance implications deferred",source_listed_candidate,SN-000051-skill-books-and-reader.md,Source-listed skill book copy; final route copy selection pending.
BOOKLOC-000472,OBJ-000908,Words and Philosophy,skill_book,base_game,Two-handed,Skyrim,,,Shrine of Talos west of Saarthal,"Shrine of Talos west of Saarthal, on the altar",,,unknown,unknown,unknown,"Travel, cold, carry, theft, and dungeon endurance implications deferred",source_listed_candidate,SN-000051-skill-books-and-reader.md,Source-listed skill book copy; final route copy selection pending.
BOOKLOC-000473,OBJ-000908,Words and Philosophy,skill_book,base_game,Two-handed,Skyrim,,The Pale,Silverdrift Lair,Silverdrift Lair (The Pale),,,unknown,unknown,unknown,"Travel, cold, carry, theft, and dungeon endurance implications deferred",source_listed_candidate,SN-000051-skill-books-and-reader.md,Source-listed skill book copy; final route copy selection pending.
BOOKLOC-000474,OBJ-000908,Words and Philosophy,skill_book,dragonborn,Two-handed,Skyrim,,,Apocrypha,"Apocrypha (Dragonborn), The Winds of Change",,Add-on or AE content access required for this copy,unknown,unknown,unknown,"Travel, cold, carry, theft, and dungeon endurance implications deferred",source_listed_candidate,SN-000051-skill-books-and-reader.md,Source-listed skill book copy; final route copy selection pending.
