book_location_id,objective_id,book_title,book_category,source_content,skill_or_school,worldspace,region,hold,location,location_detail,ownership_or_crime_notes,quest_or_state_dependency,cell_entry_lock_risk,missability,bug_risk,survival_mode_relevance,route_candidate_status,citations,notes
BOOKLOC-000475,OBJ-000910,Spell Tome: Candlelight,spell_tome,base_game,Alteration,Skyrim,,The Reach,Understone Keep,"Purchase from Calcelmo in Markarth. Source note: Can be purchased from: Calcelmo, Falion, Farengar Secret-Fire, Madena, Nelacar, Sybille Stentor, Tolfdir, Wuunferth the Unliving, Wylandriah.","Merchant transaction; price, stock, and barter setup need route validation",Vendor availability/restock timing needs route validation.,unknown,unknown,unknown,"Travel, cold, carry, restock, gold, and spell-learning timing deferred",provisional_objective_representative,SN-000052-spell-tomes-and-learned-spells.md,Source-listed spell tome acquisition; final route source selection pending.
BOOKLOC-000476,OBJ-000910,Spell Tome: Candlelight,spell_tome,base_game,Alteration,Skyrim,,Hjaalmarch,Morthal,"Purchase from Falion in Morthal. Source note: Can be purchased from: Calcelmo, Falion, Farengar Secret-Fire, Madena, Nelacar, Sybille Stentor, Tolfdir, Wuunferth the Unliving, Wylandriah.","Merchant transaction; price, stock, and barter setup need route validation",Vendor availability/restock timing needs route validation.,unknown,unknown,unknown,"Travel, cold, carry, restock, gold, and spell-learning timing deferred",source_listed_candidate,SN-000052-spell-tomes-and-learned-spells.md,Source-listed spell tome acquisition; final route source selection pending.
BOOKLOC-000477,OBJ-000910,Spell Tome: Candlelight,spell_tome,base_game,Alteration,Skyrim,,Whiterun Hold,Dragonsreach,"Purchase from Farengar Secret-Fire in Whiterun. Source note: Can be purchased from: Calcelmo, Falion, Farengar Secret-Fire, Madena, Nelacar, Sybille Stentor, Tolfdir, Wuunferth the Unliving, Wylandriah.","Merchant transaction; price, stock, and barter setup need route validation",Vendor availability/restock timing needs route validation.,unknown,unknown,unknown,"Travel, cold, carry, restock, gold, and spell-learning timing deferred",source_listed_candidate,SN-000052-spell-tomes-and-learned-spells.md,Source-listed spell tome acquisition; final route source selection pending.
BOOKLOC-000478,OBJ-000910,Spell Tome: Candlelight,spell_tome,base_game,Alteration,Skyrim,,The Pale,The White Hall,"Purchase from Madena in Dawnstar. Source note: Can be purchased from: Calcelmo, Falion, Farengar Secret-Fire, Madena, Nelacar, Sybille Stentor, Tolfdir, Wuunferth the Unliving, Wylandriah.","Merchant transaction; price, stock, and barter setup need route validation",Vendor availability/restock timing needs route validation.,unknown,unknown,unknown,"Travel, cold, carry, restock, gold, and spell-learning timing deferred",source_listed_candidate,SN-000052-spell-tomes-and-learned-spells.md,Source-listed spell tome acquisition; final route source selection pending.
BOOKLOC-000479,OBJ-000910,Spell Tome: Candlelight,spell_tome,base_game,Alteration,Skyrim,,Winterhold,The Frozen Hearth,"Purchase from Nelacar in Winterhold. Source note: Can be purchased from: Calcelmo, Falion, Farengar Secret-Fire, Madena, Nelacar, Sybille Stentor, Tolfdir, Wuunferth the Unliving, Wylandriah.","Merchant transaction; price, stock, and barter setup need route validation",Vendor availability/restock timing needs route validation.,unknown,unknown,unknown,"Travel, cold, carry, restock, gold, and spell-learning timing deferred",source_listed_candidate,SN-000052-spell-tomes-and-learned-spells.md,Source-listed spell tome acquisition; final route source selection pending.
BOOKLOC-000480,OBJ-000910,Spell Tome: Candlelight,spell_tome,base_game,Alteration,Skyrim,,Haafingar,Blue Palace,"Purchase from Sybille Stentor in Solitude. Source note: Can be purchased from: Calcelmo, Falion, Farengar Secret-Fire, Madena, Nelacar, Sybille Stentor, Tolfdir, Wuunferth the Unliving, Wylandriah.","Merchant transaction; price, stock, and barter setup need route validation",Vendor availability/restock timing needs route validation.,unknown,unknown,unknown,"Travel, cold, carry, restock, gold, and spell-learning timing deferred",source_listed_candidate,SN-000052-spell-tomes-and-learned-spells.md,Source-listed spell tome acquisition; final route source selection pending.
BOOKLOC-000481,OBJ-000910,Spell Tome: Candlelight,spell_tome,base_game,Alteration,Skyrim,,Winterhold,College of Winterhold,"Purchase from Tolfdir at the College of Winterhold. Source note: Can be purchased from: Calcelmo, Falion, Farengar Secret-Fire, Madena, Nelacar, Sybille Stentor, Tolfdir, Wuunferth the Unliving, Wylandriah.","Merchant transaction; price, stock, and barter setup need route validation",Vendor availability/restock timing needs route validation.,unknown,unknown,unknown,"Travel, cold, carry, restock, gold, and spell-learning timing deferred",source_listed_candidate,SN-000052-spell-tomes-and-learned-spells.md,Source-listed spell tome acquisition; final route source selection pending.
BOOKLOC-000482,OBJ-000910,Spell Tome: Candlelight,spell_tome,base_game,Alteration,Skyrim,,Eastmarch,Palace of the Kings,"Purchase from Wuunferth the Unliving in Windhelm. Source note: Can be purchased from: Calcelmo, Falion, Farengar Secret-Fire, Madena, Nelacar, Sybille Stentor, Tolfdir, Wuunferth the Unliving, Wylandriah.","Merchant transaction; price, stock, and barter setup need route validation",Vendor availability/restock timing needs route validation.,unknown,unknown,unknown,"Travel, cold, carry, restock, gold, and spell-learning timing deferred",source_listed_candidate,SN-000052-spell-tomes-and-learned-spells.md,Source-listed spell tome acquisition; final route source selection pending.
BOOKLOC-000483,OBJ-000910,Spell Tome: Candlelight,spell_tome,base_game,Alteration,Skyrim,,The Rift,Mistveil Keep,"Purchase from Wylandriah in Riften. Source note: Can be purchased from: Calcelmo, Falion, Farengar Secret-Fire, Madena, Nelacar, Sybille Stentor, Tolfdir, Wuunferth the Unliving, Wylandriah.","Merchant transaction; price, stock, and barter setup need route validation",Vendor availability/restock timing needs route validation.,unknown,unknown,unknown,"Travel, cold, carry, restock, gold, and spell-learning timing deferred",source_listed_candidate,SN-000052-spell-tomes-and-learned-spells.md,Source-listed spell tome acquisition; final route source selection pending.
BOOKLOC-000484,OBJ-000910,Spell Tome: Candlelight,spell_tome,base_game,Alteration,Skyrim,,,Fort Snowhawk,Can be found in Fort Snowhawk.,Loot/access status needs route validation,,unknown,unknown,unknown,"Travel, cold, carry, restock, gold, and spell-learning timing deferred",source_listed_candidate,SN-000052-spell-tomes-and-learned-spells.md,Source-listed spell tome acquisition; final route source selection pending.
BOOKLOC-000485,OBJ-000910,Spell Tome: Candlelight,spell_tome,base_game,Alteration,Skyrim,,,Random spell tome loot,Generic novice spell tome random loot source from boss chests and safes.,Random/container source; reliability and ownership not route-ready,Character level 1+ for novice random spell tome loot; route should prefer deterministic sources unless later validated.,unknown,unknown,unknown,"Travel, cold, carry, restock, gold, and spell-learning timing deferred",source_listed_candidate,SN-000052-spell-tomes-and-learned-spells.md,Generic random loot source from UESP spell tome location rules; not a deterministic route choice.
BOOKLOC-000486,OBJ-000911,Spell Tome: Oakflesh,spell_tome,base_game,Alteration,Skyrim,,The Reach,Understone Keep,"Purchase from Calcelmo in Markarth. Source note: Can be purchased from: Calcelmo, Falion, Farengar Secret-Fire, Madena, Nelacar, Riverwood Trader, Sybille Stentor, Tolfdir, Wuunferth the Unliving, Wylandriah.","Merchant transaction; price, stock, and barter setup need route validation",Vendor availability/restock timing needs route validation.,unknown,unknown,unknown,"Travel, cold, carry, restock, gold, and spell-learning timing deferred",provisional_objective_representative,SN-000052-spell-tomes-and-learned-spells.md,Source-listed spell tome acquisition; final route source selection pending.
BOOKLOC-000487,OBJ-000911,Spell Tome: Oakflesh,spell_tome,base_game,Alteration,Skyrim,,Hjaalmarch,Morthal,"Purchase from Falion in Morthal. Source note: Can be purchased from: Calcelmo, Falion, Farengar Secret-Fire, Madena, Nelacar, Riverwood Trader, Sybille Stentor, Tolfdir, Wuunferth the Unliving, Wylandriah.","Merchant transaction; price, stock, and barter setup need route validation",Vendor availability/restock timing needs route validation.,unknown,unknown,unknown,"Travel, cold, carry, restock, gold, and spell-learning timing deferred",source_listed_candidate,SN-000052-spell-tomes-and-learned-spells.md,Source-listed spell tome acquisition; final route source selection pending.
BOOKLOC-000488,OBJ-000911,Spell Tome: Oakflesh,spell_tome,base_game,Alteration,Skyrim,,Whiterun Hold,Dragonsreach,"Purchase from Farengar Secret-Fire in Whiterun. Source note: Can be purchased from: Calcelmo, Falion, Farengar Secret-Fire, Madena, Nelacar, Riverwood Trader, Sybille Stentor, Tolfdir, Wuunferth the Unliving, Wylandriah.","Merchant transaction; price, stock, and barter setup need route validation",Vendor availability/restock timing needs route validation.,unknown,unknown,unknown,"Travel, cold, carry, restock, gold, and spell-learning timing deferred",source_listed_candidate,SN-000052-spell-tomes-and-learned-spells.md,Source-listed spell tome acquisition; final route source selection pending.
BOOKLOC-000489,OBJ-000911,Spell Tome: Oakflesh,spell_tome,base_game,Alteration,Skyrim,,The Pale,The White Hall,"Purchase from Madena in Dawnstar. Source note: Can be purchased from: Calcelmo, Falion, Farengar Secret-Fire, Madena, Nelacar, Riverwood Trader, Sybille Stentor, Tolfdir, Wuunferth the Unliving, Wylandriah.","Merchant transaction; price, stock, and barter setup need route validation",Vendor availability/restock timing needs route validation.,unknown,unknown,unknown,"Travel, cold, carry, restock, gold, and spell-learning timing deferred",source_listed_candidate,SN-000052-spell-tomes-and-learned-spells.md,Source-listed spell tome acquisition; final route source selection pending.
BOOKLOC-000490,OBJ-000911,Spell Tome: Oakflesh,spell_tome,base_game,Alteration,Skyrim,,Winterhold,The Frozen Hearth,"Purchase from Nelacar in Winterhold. Source note: Can be purchased from: Calcelmo, Falion, Farengar Secret-Fire, Madena, Nelacar, Riverwood Trader, Sybille Stentor, Tolfdir, Wuunferth the Unliving, Wylandriah.","Merchant transaction; price, stock, and barter setup need route validation",Vendor availability/restock timing needs route validation.,unknown,unknown,unknown,"Travel, cold, carry, restock, gold, and spell-learning timing deferred",source_listed_candidate,SN-000052-spell-tomes-and-learned-spells.md,Source-listed spell tome acquisition; final route source selection pending.
BOOKLOC-000491,OBJ-000911,Spell Tome: Oakflesh,spell_tome,base_game,Alteration,Skyrim,,Whiterun Hold,Riverwood Trader,"Purchase from the Riverwood Trader. Source note: Can be purchased from: Calcelmo, Falion, Farengar Secret-Fire, Madena, Nelacar, Riverwood Trader, Sybille Stentor, Tolfdir, Wuunferth the Unliving, Wylandriah.","Merchant transaction; price, stock, and barter setup need route validation",Vendor availability/restock timing needs route validation.,unknown,unknown,unknown,"Travel, cold, carry, restock, gold, and spell-learning timing deferred",source_listed_candidate,SN-000052-spell-tomes-and-learned-spells.md,Source-listed spell tome acquisition; final route source selection pending.
BOOKLOC-000492,OBJ-000911,Spell Tome: Oakflesh,spell_tome,base_game,Alteration,Skyrim,,Haafingar,Blue Palace,"Purchase from Sybille Stentor in Solitude. Source note: Can be purchased from: Calcelmo, Falion, Farengar Secret-Fire, Madena, Nelacar, Riverwood Trader, Sybille Stentor, Tolfdir, Wuunferth the Unliving, Wylandriah.","Merchant transaction; price, stock, and barter setup need route validation",Vendor availability/restock timing needs route validation.,unknown,unknown,unknown,"Travel, cold, carry, restock, gold, and spell-learning timing deferred",source_listed_candidate,SN-000052-spell-tomes-and-learned-spells.md,Source-listed spell tome acquisition; final route source selection pending.
BOOKLOC-000493,OBJ-000911,Spell Tome: Oakflesh,spell_tome,base_game,Alteration,Skyrim,,Winterhold,College of Winterhold,"Purchase from Tolfdir at the College of Winterhold. Source note: Can be purchased from: Calcelmo, Falion, Farengar Secret-Fire, Madena, Nelacar, Riverwood Trader, Sybille Stentor, Tolfdir, Wuunferth the Unliving, Wylandriah.","Merchant transaction; price, stock, and barter setup need route validation",Vendor availability/restock timing needs route validation.,unknown,unknown,unknown,"Travel, cold, carry, restock, gold, and spell-learning timing deferred",source_listed_candidate,SN-000052-spell-tomes-and-learned-spells.md,Source-listed spell tome acquisition; final route source selection pending.
BOOKLOC-000494,OBJ-000911,Spell Tome: Oakflesh,spell_tome,base_game,Alteration,Skyrim,,Eastmarch,Palace of the Kings,"Purchase from Wuunferth the Unliving in Windhelm. Source note: Can be purchased from: Calcelmo, Falion, Farengar Secret-Fire, Madena, Nelacar, Riverwood Trader, Sybille Stentor, Tolfdir, Wuunferth the Unliving, Wylandriah.","Merchant transaction; price, stock, and barter setup need route validation",Vendor availability/restock timing needs route validation.,unknown,unknown,unknown,"Travel, cold, carry, restock, gold, and spell-learning timing deferred",source_listed_candidate,SN-000052-spell-tomes-and-learned-spells.md,Source-listed spell tome acquisition; final route source selection pending.
BOOKLOC-000495,OBJ-000911,Spell Tome: Oakflesh,spell_tome,base_game,Alteration,Skyrim,,The Rift,Mistveil Keep,"Purchase from Wylandriah in Riften. Source note: Can be purchased from: Calcelmo, Falion, Farengar Secret-Fire, Madena, Nelacar, Riverwood Trader, Sybille Stentor, Tolfdir, Wuunferth the Unliving, Wylandriah.","Merchant transaction; price, stock, and barter setup need route validation",Vendor availability/restock timing needs route validation.,unknown,unknown,unknown,"Travel, cold, carry, restock, gold, and spell-learning timing deferred",source_listed_candidate,SN-000052-spell-tomes-and-learned-spells.md,Source-listed spell tome acquisition; final route source selection pending.
BOOKLOC-000496,OBJ-000911,Spell Tome: Oakflesh,spell_tome,base_game,Alteration,Skyrim,,,Shroud Hearth Barrow,Can be found in Shroud Hearth Barrow.,Loot/access status needs route validation,,unknown,unknown,unknown,"Travel, cold, carry, restock, gold, and spell-learning timing deferred",source_listed_candidate,SN-000052-spell-tomes-and-learned-spells.md,Source-listed spell tome acquisition; final route source selection pending.
BOOKLOC-000497,OBJ-000911,Spell Tome: Oakflesh,spell_tome,base_game,Alteration,Skyrim,,,Random spell tome loot,Generic novice spell tome random loot source from boss chests and safes.,Random/container source; reliability and ownership not route-ready,Character level 1+ for novice random spell tome loot; route should prefer deterministic sources unless later validated.,unknown,unknown,unknown,"Travel, cold, carry, restock, gold, and spell-learning timing deferred",source_listed_candidate,SN-000052-spell-tomes-and-learned-spells.md,Generic random loot source from UESP spell tome location rules; not a deterministic route choice.
BOOKLOC-000498,OBJ-000912,Spell Tome: Teleport Pet Mudcrab,spell_tome,ae_creation,Alteration,Skyrim,,,Dwarven Armored Mudcrab,Learned when receiving Dwarven Armored Mudcrab as a pet.,,,unknown,unknown,unknown,"Travel, cold, carry, restock, gold, and spell-learning timing deferred",provisional_objective_representative,SN-000052-spell-tomes-and-learned-spells.md,Source-listed spell tome acquisition; final route source selection pending.
BOOKLOC-000499,OBJ-000913,Spell Tome: Teleport Pet Nix-Hound,spell_tome,ae_creation,Alteration,Skyrim,,,Nix-Hound,Learned when receiving Nix-Hound as a pet.,,,unknown,unknown,unknown,"Travel, cold, carry, restock, gold, and spell-learning timing deferred",provisional_objective_representative,SN-000052-spell-tomes-and-learned-spells.md,Source-listed spell tome acquisition; final route source selection pending.
BOOKLOC-000500,OBJ-000914,Spell Tome: Magelight,spell_tome,base_game,Alteration,Skyrim,,The Reach,Understone Keep,"Purchase from Calcelmo in Markarth. Source note: Can be purchased from: Calcelmo, Falion, Farengar Secret-Fire, Madena, Sybille Stentor, Tolfdir, Wuunferth the Unliving, Wylandriah.","Merchant transaction; price, stock, and barter setup need route validation",Vendor availability/restock timing needs route validation.,unknown,unknown,unknown,"Travel, cold, carry, restock, gold, and spell-learning timing deferred",provisional_objective_representative,SN-000052-spell-tomes-and-learned-spells.md,Source-listed spell tome acquisition; final route source selection pending.
BOOKLOC-000501,OBJ-000914,Spell Tome: Magelight,spell_tome,base_game,Alteration,Skyrim,,Hjaalmarch,Morthal,"Purchase from Falion in Morthal. Source note: Can be purchased from: Calcelmo, Falion, Farengar Secret-Fire, Madena, Sybille Stentor, Tolfdir, Wuunferth the Unliving, Wylandriah.","Merchant transaction; price, stock, and barter setup need route validation",Vendor availability/restock timing needs route validation.,unknown,unknown,unknown,"Travel, cold, carry, restock, gold, and spell-learning timing deferred",source_listed_candidate,SN-000052-spell-tomes-and-learned-spells.md,Source-listed spell tome acquisition; final route source selection pending.
BOOKLOC-000502,OBJ-000914,Spell Tome: Magelight,spell_tome,base_game,Alteration,Skyrim,,Whiterun Hold,Dragonsreach,"Purchase from Farengar Secret-Fire in Whiterun. Source note: Can be purchased from: Calcelmo, Falion, Farengar Secret-Fire, Madena, Sybille Stentor, Tolfdir, Wuunferth the Unliving, Wylandriah.","Merchant transaction; price, stock, and barter setup need route validation",Vendor availability/restock timing needs route validation.,unknown,unknown,unknown,"Travel, cold, carry, restock, gold, and spell-learning timing deferred",source_listed_candidate,SN-000052-spell-tomes-and-learned-spells.md,Source-listed spell tome acquisition; final route source selection pending.
BOOKLOC-000503,OBJ-000914,Spell Tome: Magelight,spell_tome,base_game,Alteration,Skyrim,,The Pale,The White Hall,"Purchase from Madena in Dawnstar. Source note: Can be purchased from: Calcelmo, Falion, Farengar Secret-Fire, Madena, Sybille Stentor, Tolfdir, Wuunferth the Unliving, Wylandriah.","Merchant transaction; price, stock, and barter setup need route validation",Vendor availability/restock timing needs route validation.,unknown,unknown,unknown,"Travel, cold, carry, restock, gold, and spell-learning timing deferred",source_listed_candidate,SN-000052-spell-tomes-and-learned-spells.md,Source-listed spell tome acquisition; final route source selection pending.
BOOKLOC-000504,OBJ-000914,Spell Tome: Magelight,spell_tome,base_game,Alteration,Skyrim,,Haafingar,Blue Palace,"Purchase from Sybille Stentor in Solitude. Source note: Can be purchased from: Calcelmo, Falion, Farengar Secret-Fire, Madena, Sybille Stentor, Tolfdir, Wuunferth the Unliving, Wylandriah.","Merchant transaction; price, stock, and barter setup need route validation",Vendor availability/restock timing needs route validation.,unknown,unknown,unknown,"Travel, cold, carry, restock, gold, and spell-learning timing deferred",source_listed_candidate,SN-000052-spell-tomes-and-learned-spells.md,Source-listed spell tome acquisition; final route source selection pending.
BOOKLOC-000505,OBJ-000914,Spell Tome: Magelight,spell_tome,base_game,Alteration,Skyrim,,Winterhold,College of Winterhold,"Purchase from Tolfdir at the College of Winterhold. Source note: Can be purchased from: Calcelmo, Falion, Farengar Secret-Fire, Madena, Sybille Stentor, Tolfdir, Wuunferth the Unliving, Wylandriah.","Merchant transaction; price, stock, and barter setup need route validation",Vendor availability/restock timing needs route validation.,unknown,unknown,unknown,"Travel, cold, carry, restock, gold, and spell-learning timing deferred",source_listed_candidate,SN-000052-spell-tomes-and-learned-spells.md,Source-listed spell tome acquisition; final route source selection pending.
BOOKLOC-000506,OBJ-000914,Spell Tome: Magelight,spell_tome,base_game,Alteration,Skyrim,,Eastmarch,Palace of the Kings,"Purchase from Wuunferth the Unliving in Windhelm. Source note: Can be purchased from: Calcelmo, Falion, Farengar Secret-Fire, Madena, Sybille Stentor, Tolfdir, Wuunferth the Unliving, Wylandriah.","Merchant transaction; price, stock, and barter setup need route validation",Vendor availability/restock timing needs route validation.,unknown,unknown,unknown,"Travel, cold, carry, restock, gold, and spell-learning timing deferred",source_listed_candidate,SN-000052-spell-tomes-and-learned-spells.md,Source-listed spell tome acquisition; final route source selection pending.
BOOKLOC-000507,OBJ-000914,Spell Tome: Magelight,spell_tome,base_game,Alteration,Skyrim,,The Rift,Mistveil Keep,"Purchase from Wylandriah in Riften. Source note: Can be purchased from: Calcelmo, Falion, Farengar Secret-Fire, Madena, Sybille Stentor, Tolfdir, Wuunferth the Unliving, Wylandriah.","Merchant transaction; price, stock, and barter setup need route validation",Vendor availability/restock timing needs route validation.,unknown,unknown,unknown,"Travel, cold, carry, restock, gold, and spell-learning timing deferred",source_listed_candidate,SN-000052-spell-tomes-and-learned-spells.md,Source-listed spell tome acquisition; final route source selection pending.
BOOKLOC-000508,OBJ-000914,Spell Tome: Magelight,spell_tome,base_game,Alteration,Skyrim,,,Random spell tome loot,Generic apprentice spell tome random loot source from boss chests and safes.,Random/container source; reliability and ownership not route-ready,Character level 11+ for apprentice random spell tome loot; route should prefer deterministic sources unless later validated.,unknown,unknown,unknown,"Travel, cold, carry, restock, gold, and spell-learning timing deferred",source_listed_candidate,SN-000052-spell-tomes-and-learned-spells.md,Generic random loot source from UESP spell tome location rules; not a deterministic route choice.
BOOKLOC-000509,OBJ-000915,Spell Tome: Stoneflesh,spell_tome,base_game,Alteration,Skyrim,,The Reach,Understone Keep,"Purchase from Calcelmo in Markarth. Source note: Can be purchased from: Calcelmo, Falion, Farengar Secret-Fire, Madena, Sybille Stentor, Tolfdir, Wuunferth the Unliving, Wylandriah.","Merchant transaction; price, stock, and barter setup need route validation",Vendor availability/restock timing needs route validation.,unknown,unknown,unknown,"Travel, cold, carry, restock, gold, and spell-learning timing deferred",provisional_objective_representative,SN-000052-spell-tomes-and-learned-spells.md,Source-listed spell tome acquisition; final route source selection pending.
BOOKLOC-000510,OBJ-000915,Spell Tome: Stoneflesh,spell_tome,base_game,Alteration,Skyrim,,Hjaalmarch,Morthal,"Purchase from Falion in Morthal. Source note: Can be purchased from: Calcelmo, Falion, Farengar Secret-Fire, Madena, Sybille Stentor, Tolfdir, Wuunferth the Unliving, Wylandriah.","Merchant transaction; price, stock, and barter setup need route validation",Vendor availability/restock timing needs route validation.,unknown,unknown,unknown,"Travel, cold, carry, restock, gold, and spell-learning timing deferred",source_listed_candidate,SN-000052-spell-tomes-and-learned-spells.md,Source-listed spell tome acquisition; final route source selection pending.
BOOKLOC-000511,OBJ-000915,Spell Tome: Stoneflesh,spell_tome,base_game,Alteration,Skyrim,,Whiterun Hold,Dragonsreach,"Purchase from Farengar Secret-Fire in Whiterun. Source note: Can be purchased from: Calcelmo, Falion, Farengar Secret-Fire, Madena, Sybille Stentor, Tolfdir, Wuunferth the Unliving, Wylandriah.","Merchant transaction; price, stock, and barter setup need route validation",Vendor availability/restock timing needs route validation.,unknown,unknown,unknown,"Travel, cold, carry, restock, gold, and spell-learning timing deferred",source_listed_candidate,SN-000052-spell-tomes-and-learned-spells.md,Source-listed spell tome acquisition; final route source selection pending.
BOOKLOC-000512,OBJ-000915,Spell Tome: Stoneflesh,spell_tome,base_game,Alteration,Skyrim,,The Pale,The White Hall,"Purchase from Madena in Dawnstar. Source note: Can be purchased from: Calcelmo, Falion, Farengar Secret-Fire, Madena, Sybille Stentor, Tolfdir, Wuunferth the Unliving, Wylandriah.","Merchant transaction; price, stock, and barter setup need route validation",Vendor availability/restock timing needs route validation.,unknown,unknown,unknown,"Travel, cold, carry, restock, gold, and spell-learning timing deferred",source_listed_candidate,SN-000052-spell-tomes-and-learned-spells.md,Source-listed spell tome acquisition; final route source selection pending.
BOOKLOC-000513,OBJ-000915,Spell Tome: Stoneflesh,spell_tome,base_game,Alteration,Skyrim,,Haafingar,Blue Palace,"Purchase from Sybille Stentor in Solitude. Source note: Can be purchased from: Calcelmo, Falion, Farengar Secret-Fire, Madena, Sybille Stentor, Tolfdir, Wuunferth the Unliving, Wylandriah.","Merchant transaction; price, stock, and barter setup need route validation",Vendor availability/restock timing needs route validation.,unknown,unknown,unknown,"Travel, cold, carry, restock, gold, and spell-learning timing deferred",source_listed_candidate,SN-000052-spell-tomes-and-learned-spells.md,Source-listed spell tome acquisition; final route source selection pending.
BOOKLOC-000514,OBJ-000915,Spell Tome: Stoneflesh,spell_tome,base_game,Alteration,Skyrim,,Winterhold,College of Winterhold,"Purchase from Tolfdir at the College of Winterhold. Source note: Can be purchased from: Calcelmo, Falion, Farengar Secret-Fire, Madena, Sybille Stentor, Tolfdir, Wuunferth the Unliving, Wylandriah.","Merchant transaction; price, stock, and barter setup need route validation",Vendor availability/restock timing needs route validation.,unknown,unknown,unknown,"Travel, cold, carry, restock, gold, and spell-learning timing deferred",source_listed_candidate,SN-000052-spell-tomes-and-learned-spells.md,Source-listed spell tome acquisition; final route source selection pending.
BOOKLOC-000515,OBJ-000915,Spell Tome: Stoneflesh,spell_tome,base_game,Alteration,Skyrim,,Eastmarch,Palace of the Kings,"Purchase from Wuunferth the Unliving in Windhelm. Source note: Can be purchased from: Calcelmo, Falion, Farengar Secret-Fire, Madena, Sybille Stentor, Tolfdir, Wuunferth the Unliving, Wylandriah.","Merchant transaction; price, stock, and barter setup need route validation",Vendor availability/restock timing needs route validation.,unknown,unknown,unknown,"Travel, cold, carry, restock, gold, and spell-learning timing deferred",source_listed_candidate,SN-000052-spell-tomes-and-learned-spells.md,Source-listed spell tome acquisition; final route source selection pending.
BOOKLOC-000516,OBJ-000915,Spell Tome: Stoneflesh,spell_tome,base_game,Alteration,Skyrim,,The Rift,Mistveil Keep,"Purchase from Wylandriah in Riften. Source note: Can be purchased from: Calcelmo, Falion, Farengar Secret-Fire, Madena, Sybille Stentor, Tolfdir, Wuunferth the Unliving, Wylandriah.","Merchant transaction; price, stock, and barter setup need route validation",Vendor availability/restock timing needs route validation.,unknown,unknown,unknown,"Travel, cold, carry, restock, gold, and spell-learning timing deferred",source_listed_candidate,SN-000052-spell-tomes-and-learned-spells.md,Source-listed spell tome acquisition; final route source selection pending.
BOOKLOC-000517,OBJ-000915,Spell Tome: Stoneflesh,spell_tome,base_game,Alteration,Skyrim,,,Random spell tome loot,Generic apprentice spell tome random loot source from boss chests and safes.,Random/container source; reliability and ownership not route-ready,Character level 11+ for apprentice random spell tome loot; route should prefer deterministic sources unless later validated.,unknown,unknown,unknown,"Travel, cold, carry, restock, gold, and spell-learning timing deferred",source_listed_candidate,SN-000052-spell-tomes-and-learned-spells.md,Generic random loot source from UESP spell tome location rules; not a deterministic route choice.
BOOKLOC-000518,OBJ-000916,Spell Tome: Ash Shell,spell_tome,dragonborn,Alteration,Solstheim,,,Tel Mithryn,Purchase from Talvas Fathryon at Tel Mithryn. Source note: Can be purchased from Talvas Fathryon after completing the quest From the Ashes.,"Merchant transaction; price, stock, and barter setup need route validation",Can be purchased from Talvas Fathryon after completing the quest From the Ashes | Vendor availability/restock timing needs route validation.,unknown,unknown,unknown,"Travel, cold, carry, restock, gold, and spell-learning timing deferred",provisional_objective_representative,SN-000052-spell-tomes-and-learned-spells.md,Source-listed spell tome acquisition; final route source selection pending.
BOOKLOC-000519,OBJ-000917,Spell Tome: Detect Life,spell_tome,base_game,Alteration,Skyrim,,Winterhold,College of Winterhold,"Purchase from Tolfdir at the College of Winterhold. Source note: Can be purchased from: Tolfdir, Wylandriah.","Merchant transaction; price, stock, and barter setup need route validation",Adept vendor stock generally requires school skill 40 and inventory reset; validate per merchant later.,unknown,unknown,unknown,"Travel, cold, carry, restock, gold, and spell-learning timing deferred",provisional_objective_representative,SN-000052-spell-tomes-and-learned-spells.md,Source-listed spell tome acquisition; final route source selection pending.
BOOKLOC-000520,OBJ-000917,Spell Tome: Detect Life,spell_tome,base_game,Alteration,Skyrim,,The Rift,Mistveil Keep,"Purchase from Wylandriah in Riften. Source note: Can be purchased from: Tolfdir, Wylandriah.","Merchant transaction; price, stock, and barter setup need route validation",Adept vendor stock generally requires school skill 40 and inventory reset; validate per merchant later.,unknown,unknown,unknown,"Travel, cold, carry, restock, gold, and spell-learning timing deferred",source_listed_candidate,SN-000052-spell-tomes-and-learned-spells.md,Source-listed spell tome acquisition; final route source selection pending.
BOOKLOC-000521,OBJ-000917,Spell Tome: Detect Life,spell_tome,base_game,Alteration,Skyrim,,,Infiltration,Reward for quest Infiltration.,,Reward for quest Infiltration,unknown,unknown,unknown,"Travel, cold, carry, restock, gold, and spell-learning timing deferred",source_listed_candidate,SN-000052-spell-tomes-and-learned-spells.md,Source-listed spell tome acquisition; final route source selection pending.
BOOKLOC-000522,OBJ-000917,Spell Tome: Detect Life,spell_tome,base_game,Alteration,Skyrim,,,Random spell tome loot,Generic adept spell tome random loot source from boss chests and safes.,Random/container source; reliability and ownership not route-ready,Character level 23+ for adept random spell tome loot; route should prefer deterministic sources unless later validated.,unknown,unknown,unknown,"Travel, cold, carry, restock, gold, and spell-learning timing deferred",source_listed_candidate,SN-000052-spell-tomes-and-learned-spells.md,Generic random loot source from UESP spell tome location rules; not a deterministic route choice.
BOOKLOC-000523,OBJ-000918,Spell Tome: Ironflesh,spell_tome,base_game,Alteration,Skyrim,,Winterhold,College of Winterhold,"Purchase from Tolfdir at the College of Winterhold. Source note: Can be purchased from: Tolfdir, Wylandriah.","Merchant transaction; price, stock, and barter setup need route validation",Adept vendor stock generally requires school skill 40 and inventory reset; validate per merchant later.,unknown,unknown,unknown,"Travel, cold, carry, restock, gold, and spell-learning timing deferred",provisional_objective_representative,SN-000052-spell-tomes-and-learned-spells.md,Source-listed spell tome acquisition; final route source selection pending.
BOOKLOC-000524,OBJ-000918,Spell Tome: Ironflesh,spell_tome,base_game,Alteration,Skyrim,,The Rift,Mistveil Keep,"Purchase from Wylandriah in Riften. Source note: Can be purchased from: Tolfdir, Wylandriah.","Merchant transaction; price, stock, and barter setup need route validation",Adept vendor stock generally requires school skill 40 and inventory reset; validate per merchant later.,unknown,unknown,unknown,"Travel, cold, carry, restock, gold, and spell-learning timing deferred",source_listed_candidate,SN-000052-spell-tomes-and-learned-spells.md,Source-listed spell tome acquisition; final route source selection pending.
BOOKLOC-000525,OBJ-000918,Spell Tome: Ironflesh,spell_tome,base_game,Alteration,Skyrim,,,Random spell tome loot,Generic adept spell tome random loot source from boss chests and safes.,Random/container source; reliability and ownership not route-ready,Character level 23+ for adept random spell tome loot; route should prefer deterministic sources unless later validated.,unknown,unknown,unknown,"Travel, cold, carry, restock, gold, and spell-learning timing deferred",source_listed_candidate,SN-000052-spell-tomes-and-learned-spells.md,Generic random loot source from UESP spell tome location rules; not a deterministic route choice.
BOOKLOC-000526,OBJ-000919,Spell Tome: Master Transmute,spell_tome,ae_creation,Alteration,Skyrim,,,The Warrens,Can be found in the safe in Eslaf's room in The Warrens during or after the quest Fortunate Son.,Loot/access status needs route validation,Can be found in the safe in Eslaf's room in The Warrens during or after the quest Fortunate Son,unknown,unknown,unknown,"Travel, cold, carry, restock, gold, and spell-learning timing deferred",provisional_objective_representative,SN-000052-spell-tomes-and-learned-spells.md,Source-listed spell tome acquisition; final route source selection pending.
BOOKLOC-000527,OBJ-000920,Spell Tome: Paralysis Rune,spell_tome,ae_creation,Alteration,Skyrim,,,Hob's Fall Cave,Can be found in Hob's Fall Cave during The Lost Library quest.,,Open the Ancient Tome Chest during the routed Hob's Fall Cave pass; The Lost Library may not appear in the AE journal,none_known,none_known,none_known,Winterhold cold-road travel is handled by the Bards College instrument route; no vendor restock/gold requirement for this spell,provisional_objective_representative,SN-000052-spell-tomes-and-learned-spells.md | SN-000253-arcane-accessories-parent-closeout.md,Selected final-guide source for this Arcane Accessories spell; duplicate vendor/random sources are not required.
BOOKLOC-000528,OBJ-000920,Spell Tome: Paralysis Rune,spell_tome,ae_creation,Alteration,Skyrim,,Winterhold,College of Winterhold,"Purchase from Tolfdir at the College of Winterhold. Source note: Can be purchased from: Tolfdir, Wylandriah.","Merchant transaction; price, stock, and barter setup need route validation",Vendor availability/restock timing needs route validation.,unknown,unknown,unknown,"Travel, cold, carry, restock, gold, and spell-learning timing deferred",source_listed_candidate,SN-000052-spell-tomes-and-learned-spells.md,Source-listed spell tome acquisition; final route source selection pending.
BOOKLOC-000529,OBJ-000920,Spell Tome: Paralysis Rune,spell_tome,ae_creation,Alteration,Skyrim,,The Rift,Mistveil Keep,"Purchase from Wylandriah in Riften. Source note: Can be purchased from: Tolfdir, Wylandriah.","Merchant transaction; price, stock, and barter setup need route validation",Vendor availability/restock timing needs route validation.,unknown,unknown,unknown,"Travel, cold, carry, restock, gold, and spell-learning timing deferred",source_listed_candidate,SN-000052-spell-tomes-and-learned-spells.md,Source-listed spell tome acquisition; final route source selection pending.
BOOKLOC-000530,OBJ-000921,Spell Tome: Telekinesis,spell_tome,base_game,Alteration,Skyrim,,Winterhold,College of Winterhold,"Purchase from Tolfdir at the College of Winterhold. Source note: Can be purchased from: Tolfdir, Wylandriah.","Merchant transaction; price, stock, and barter setup need route validation",Adept vendor stock generally requires school skill 40 and inventory reset; validate per merchant later.,unknown,unknown,unknown,"Travel, cold, carry, restock, gold, and spell-learning timing deferred",provisional_objective_representative,SN-000052-spell-tomes-and-learned-spells.md,Source-listed spell tome acquisition; final route source selection pending.
BOOKLOC-000531,OBJ-000921,Spell Tome: Telekinesis,spell_tome,base_game,Alteration,Skyrim,,The Rift,Mistveil Keep,"Purchase from Wylandriah in Riften. Source note: Can be purchased from: Tolfdir, Wylandriah.","Merchant transaction; price, stock, and barter setup need route validation",Adept vendor stock generally requires school skill 40 and inventory reset; validate per merchant later.,unknown,unknown,unknown,"Travel, cold, carry, restock, gold, and spell-learning timing deferred",source_listed_candidate,SN-000052-spell-tomes-and-learned-spells.md,Source-listed spell tome acquisition; final route source selection pending.
BOOKLOC-000532,OBJ-000921,Spell Tome: Telekinesis,spell_tome,dawnguard,Alteration,Skyrim,,,Redwater Den,"Can be found in the Redwater Den, Benkongerike Great Hall, among a pile of Lusty Argonian Maid books.",Loot/access status needs route validation,,unknown,unknown,unknown,"Travel, cold, carry, restock, gold, and spell-learning timing deferred",source_listed_candidate,SN-000052-spell-tomes-and-learned-spells.md,Source-listed spell tome acquisition; final route source selection pending.
BOOKLOC-000533,OBJ-000921,Spell Tome: Telekinesis,spell_tome,dawnguard,Alteration,Solstheim,,,Benkongerike Great Hall,"Can be found in the Redwater Den, Benkongerike Great Hall, among a pile of Lusty Argonian Maid books.",Loot/access status needs route validation,,unknown,unknown,unknown,"Travel, cold, carry, restock, gold, and spell-learning timing deferred",source_listed_candidate,SN-000052-spell-tomes-and-learned-spells.md,Source-listed spell tome acquisition; final route source selection pending.
BOOKLOC-000534,OBJ-000921,Spell Tome: Telekinesis,spell_tome,base_game,Alteration,Skyrim,,,Random spell tome loot,Generic adept spell tome random loot source from boss chests and safes.,Random/container source; reliability and ownership not route-ready,Character level 23+ for adept random spell tome loot; route should prefer deterministic sources unless later validated.,unknown,unknown,unknown,"Travel, cold, carry, restock, gold, and spell-learning timing deferred",source_listed_candidate,SN-000052-spell-tomes-and-learned-spells.md,Generic random loot source from UESP spell tome location rules; not a deterministic route choice.
BOOKLOC-000535,OBJ-000922,Spell Tome: Telekinesis Arrows,spell_tome,ae_creation,Alteration,Skyrim,,,the Arcanaeum,Can be found in the Arcanaeum.,Loot/access status needs route validation,,unknown,unknown,unknown,"Travel, cold, carry, restock, gold, and spell-learning timing deferred",provisional_objective_representative,SN-000052-spell-tomes-and-learned-spells.md,Source-listed spell tome acquisition; final route source selection pending.
BOOKLOC-000536,OBJ-000923,Spell Tome: Transmute Mineral Ore,spell_tome,base_game,Alteration,Skyrim,,,Ansilvund Burial Chambers,"Can be found in Ansilvund Burial Chambers, Halted Stream Camp.",Loot/access status needs route validation,,unknown,unknown,unknown,"Travel, cold, carry, restock, gold, and spell-learning timing deferred",provisional_objective_representative,SN-000052-spell-tomes-and-learned-spells.md,Source-listed spell tome acquisition; final route source selection pending.
BOOKLOC-000537,OBJ-000923,Spell Tome: Transmute Mineral Ore,spell_tome,base_game,Alteration,Skyrim,,,Halted Stream Camp,"Can be found in Ansilvund Burial Chambers, Halted Stream Camp.",Loot/access status needs route validation,,unknown,unknown,unknown,"Travel, cold, carry, restock, gold, and spell-learning timing deferred",source_listed_candidate,SN-000052-spell-tomes-and-learned-spells.md,Source-listed spell tome acquisition; final route source selection pending.
BOOKLOC-000538,OBJ-000924,Spell Tome: Waterbreathing,spell_tome,base_game,Alteration,Skyrim,,Winterhold,College of Winterhold,"Purchase from Tolfdir at the College of Winterhold. Source note: Can be purchased from: Tolfdir, Wylandriah.","Merchant transaction; price, stock, and barter setup need route validation",Adept vendor stock generally requires school skill 40 and inventory reset; validate per merchant later.,unknown,unknown,unknown,"Travel, cold, carry, restock, gold, and spell-learning timing deferred",provisional_objective_representative,SN-000052-spell-tomes-and-learned-spells.md,Source-listed spell tome acquisition; final route source selection pending.
BOOKLOC-000539,OBJ-000924,Spell Tome: Waterbreathing,spell_tome,base_game,Alteration,Skyrim,,The Rift,Mistveil Keep,"Purchase from Wylandriah in Riften. Source note: Can be purchased from: Tolfdir, Wylandriah.","Merchant transaction; price, stock, and barter setup need route validation",Adept vendor stock generally requires school skill 40 and inventory reset; validate per merchant later.,unknown,unknown,unknown,"Travel, cold, carry, restock, gold, and spell-learning timing deferred",source_listed_candidate,SN-000052-spell-tomes-and-learned-spells.md,Source-listed spell tome acquisition; final route source selection pending.
BOOKLOC-000540,OBJ-000924,Spell Tome: Waterbreathing,spell_tome,base_game,Alteration,Skyrim,,,Random spell tome loot,Generic adept spell tome random loot source from boss chests and safes.,Random/container source; reliability and ownership not route-ready,Character level 23+ for adept random spell tome loot; route should prefer deterministic sources unless later validated.,unknown,unknown,unknown,"Travel, cold, carry, restock, gold, and spell-learning timing deferred",source_listed_candidate,SN-000052-spell-tomes-and-learned-spells.md,Generic random loot source from UESP spell tome location rules; not a deterministic route choice.
BOOKLOC-000541,OBJ-000925,Spell Tome: Ash Rune,spell_tome,dragonborn,Alteration,Solstheim,,,Tel Mithryn,Purchase from Talvas Fathryon at Tel Mithryn. Source note: Can be purchased from Talvas Fathryon after completing the quest From the Ashes.,"Merchant transaction; price, stock, and barter setup need route validation",Can be purchased from Talvas Fathryon after completing the quest From the Ashes | Vendor availability/restock timing needs route validation.,unknown,unknown,unknown,"Travel, cold, carry, restock, gold, and spell-learning timing deferred",provisional_objective_representative,SN-000052-spell-tomes-and-learned-spells.md,Source-listed spell tome acquisition; final route source selection pending.
BOOKLOC-000542,OBJ-000926,Spell Tome: Detect Undead,spell_tome,base_game,Alteration,Skyrim,,Winterhold,College of Winterhold,Purchase from Tolfdir at the College of Winterhold. Source note: Can be purchased from: Tolfdir.,"Merchant transaction; price, stock, and barter setup need route validation",Expert vendor stock generally requires school skill 65 and inventory reset; validate per merchant later.,unknown,unknown,unknown,"Travel, cold, carry, restock, gold, and spell-learning timing deferred",provisional_objective_representative,SN-000052-spell-tomes-and-learned-spells.md,Source-listed spell tome acquisition; final route source selection pending.
BOOKLOC-000543,OBJ-000926,Spell Tome: Detect Undead,spell_tome,dragonborn,Alteration,Solstheim,,,The Sallow Regent,Can be found in The Sallow Regent part of Apocrypha.,Loot/access status needs route validation,,unknown,unknown,unknown,"Travel, cold, carry, restock, gold, and spell-learning timing deferred",source_listed_candidate,SN-000052-spell-tomes-and-learned-spells.md,Source-listed spell tome acquisition; final route source selection pending.
BOOKLOC-000544,OBJ-000926,Spell Tome: Detect Undead,spell_tome,base_game,Alteration,Skyrim,,,Random spell tome loot,Generic expert spell tome random loot source from boss chests and safes.,Random/container source; reliability and ownership not route-ready,Character level 35+ for expert random spell tome loot; route should prefer deterministic sources unless later validated.,unknown,unknown,possible,"Travel, cold, carry, restock, gold, and spell-learning timing deferred",source_listed_candidate,SN-000052-spell-tomes-and-learned-spells.md,Generic random loot source from UESP spell tome location rules; not a deterministic route choice.
BOOKLOC-000545,OBJ-000927,Spell Tome: Ebonyflesh,spell_tome,base_game,Alteration,Skyrim,,Winterhold,College of Winterhold,Purchase from Tolfdir at the College of Winterhold. Source note: Can be purchased from: Tolfdir.,"Merchant transaction; price, stock, and barter setup need route validation",Expert vendor stock generally requires school skill 65 and inventory reset; validate per merchant later.,unknown,unknown,unknown,"Travel, cold, carry, restock, gold, and spell-learning timing deferred",provisional_objective_representative,SN-000052-spell-tomes-and-learned-spells.md,Source-listed spell tome acquisition; final route source selection pending.
BOOKLOC-000546,OBJ-000927,Spell Tome: Ebonyflesh,spell_tome,base_game,Alteration,Skyrim,,,Random spell tome loot,Generic expert spell tome random loot source from boss chests and safes.,Random/container source; reliability and ownership not route-ready,Character level 35+ for expert random spell tome loot; route should prefer deterministic sources unless later validated.,unknown,unknown,possible,"Travel, cold, carry, restock, gold, and spell-learning timing deferred",source_listed_candidate,SN-000052-spell-tomes-and-learned-spells.md,Generic random loot source from UESP spell tome location rules; not a deterministic route choice.
BOOKLOC-000547,OBJ-000928,Spell Tome: Paralyze,spell_tome,base_game,Alteration,Skyrim,,Winterhold,College of Winterhold,Purchase from Tolfdir at the College of Winterhold. Source note: Can be purchased from: Tolfdir.,"Merchant transaction; price, stock, and barter setup need route validation",Expert vendor stock generally requires school skill 65 and inventory reset; validate per merchant later.,unknown,unknown,unknown,"Travel, cold, carry, restock, gold, and spell-learning timing deferred",provisional_objective_representative,SN-000052-spell-tomes-and-learned-spells.md,Source-listed spell tome acquisition; final route source selection pending.
BOOKLOC-000548,OBJ-000928,Spell Tome: Paralyze,spell_tome,base_game,Alteration,Skyrim,,,Random spell tome loot,Generic expert spell tome random loot source from boss chests and safes.,Random/container source; reliability and ownership not route-ready,Character level 35+ for expert random spell tome loot; route should prefer deterministic sources unless later validated.,unknown,unknown,possible,"Travel, cold, carry, restock, gold, and spell-learning timing deferred",source_listed_candidate,SN-000052-spell-tomes-and-learned-spells.md,Generic random loot source from UESP spell tome location rules; not a deterministic route choice.
BOOKLOC-000549,OBJ-000929,Spell Tome: Dragonhide,spell_tome,base_game,Alteration,Skyrim,,,Alteration Ritual Spell,Reward for quest Alteration Ritual Spell.,,Reward for quest Alteration Ritual Spell,unknown,unknown,unknown,"Travel, cold, carry, restock, gold, and spell-learning timing deferred",provisional_objective_representative,SN-000052-spell-tomes-and-learned-spells.md,Source-listed spell tome acquisition; final route source selection pending.
BOOKLOC-000550,OBJ-000930,Spell Tome: Mass Paralysis,spell_tome,base_game,Alteration,Skyrim,,Winterhold,College of Winterhold,Purchase from Tolfdir at the College of Winterhold. Source note: Can be purchased from: Tolfdir (only after Alteration Ritual Spell has been completed).,"Merchant transaction; price, stock, and barter setup need route validation",Can be purchased from: Tolfdir (only after Alteration Ritual Spell has been completed) | Master tome purchase requires the relevant ritual spell quest; validate ritual completion timing later.,unknown,unknown,unknown,"Travel, cold, carry, restock, gold, and spell-learning timing deferred",provisional_objective_representative,SN-000052-spell-tomes-and-learned-spells.md,Source-listed spell tome acquisition; final route source selection pending.
BOOKLOC-000551,OBJ-000931,Spell Tome: Equilibrium,spell_tome,base_game,Alteration,Skyrim,,,Labyrinthian Chasm,Can be found in Labyrinthian Chasm.,Loot/access status needs route validation,,unknown,unknown,unknown,"Travel, cold, carry, restock, gold, and spell-learning timing deferred",provisional_objective_representative,SN-000052-spell-tomes-and-learned-spells.md,Source-listed spell tome acquisition; final route source selection pending.
BOOKLOC-000552,OBJ-000932,Spell Tome: Bound Dagger,spell_tome,dragonborn,Conjuration,Solstheim,,,Tel Mithryn,Purchase from Talvas Fathryon at Tel Mithryn. Source note: Can be purchased from Talvas Fathryon after completing the quest From the Ashes.,"Merchant transaction; price, stock, and barter setup need route validation",Can be purchased from Talvas Fathryon after completing the quest From the Ashes | Vendor availability/restock timing needs route validation.,unknown,unknown,unknown,"Travel, cold, carry, restock, gold, and spell-learning timing deferred",provisional_objective_representative,SN-000052-spell-tomes-and-learned-spells.md,Source-listed spell tome acquisition; final route source selection pending.
BOOKLOC-000553,OBJ-000933,Spell Tome: Bound Sword,spell_tome,dragonborn,Conjuration,Skyrim,,The Reach,Understone Keep,"Purchase from Calcelmo in Markarth. Source note: Can be purchased from: Calcelmo, Falion, Farengar Secret-Fire, Madena, Nelacar, Phinis Gestor, Sybille Stentor, Wuunferth the Unliving, Wylandriah, Talvas Fathryon.","Merchant transaction; price, stock, and barter setup need route validation",Vendor availability/restock timing needs route validation.,unknown,unknown,unknown,"Travel, cold, carry, restock, gold, and spell-learning timing deferred",provisional_objective_representative,SN-000052-spell-tomes-and-learned-spells.md,Source-listed spell tome acquisition; final route source selection pending.
BOOKLOC-000554,OBJ-000933,Spell Tome: Bound Sword,spell_tome,dragonborn,Conjuration,Skyrim,,Hjaalmarch,Morthal,"Purchase from Falion in Morthal. Source note: Can be purchased from: Calcelmo, Falion, Farengar Secret-Fire, Madena, Nelacar, Phinis Gestor, Sybille Stentor, Wuunferth the Unliving, Wylandriah, Talvas Fathryon.","Merchant transaction; price, stock, and barter setup need route validation",Vendor availability/restock timing needs route validation.,unknown,unknown,unknown,"Travel, cold, carry, restock, gold, and spell-learning timing deferred",source_listed_candidate,SN-000052-spell-tomes-and-learned-spells.md,Source-listed spell tome acquisition; final route source selection pending.
BOOKLOC-000555,OBJ-000933,Spell Tome: Bound Sword,spell_tome,dragonborn,Conjuration,Skyrim,,Whiterun Hold,Dragonsreach,"Purchase from Farengar Secret-Fire in Whiterun. Source note: Can be purchased from: Calcelmo, Falion, Farengar Secret-Fire, Madena, Nelacar, Phinis Gestor, Sybille Stentor, Wuunferth the Unliving, Wylandriah, Talvas Fathryon.","Merchant transaction; price, stock, and barter setup need route validation",Vendor availability/restock timing needs route validation.,unknown,unknown,unknown,"Travel, cold, carry, restock, gold, and spell-learning timing deferred",source_listed_candidate,SN-000052-spell-tomes-and-learned-spells.md,Source-listed spell tome acquisition; final route source selection pending.
BOOKLOC-000556,OBJ-000933,Spell Tome: Bound Sword,spell_tome,dragonborn,Conjuration,Skyrim,,The Pale,The White Hall,"Purchase from Madena in Dawnstar. Source note: Can be purchased from: Calcelmo, Falion, Farengar Secret-Fire, Madena, Nelacar, Phinis Gestor, Sybille Stentor, Wuunferth the Unliving, Wylandriah, Talvas Fathryon.","Merchant transaction; price, stock, and barter setup need route validation",Vendor availability/restock timing needs route validation.,unknown,unknown,unknown,"Travel, cold, carry, restock, gold, and spell-learning timing deferred",source_listed_candidate,SN-000052-spell-tomes-and-learned-spells.md,Source-listed spell tome acquisition; final route source selection pending.
BOOKLOC-000557,OBJ-000933,Spell Tome: Bound Sword,spell_tome,dragonborn,Conjuration,Skyrim,,Winterhold,The Frozen Hearth,"Purchase from Nelacar in Winterhold. Source note: Can be purchased from: Calcelmo, Falion, Farengar Secret-Fire, Madena, Nelacar, Phinis Gestor, Sybille Stentor, Wuunferth the Unliving, Wylandriah, Talvas Fathryon.","Merchant transaction; price, stock, and barter setup need route validation",Vendor availability/restock timing needs route validation.,unknown,unknown,unknown,"Travel, cold, carry, restock, gold, and spell-learning timing deferred",source_listed_candidate,SN-000052-spell-tomes-and-learned-spells.md,Source-listed spell tome acquisition; final route source selection pending.
BOOKLOC-000558,OBJ-000933,Spell Tome: Bound Sword,spell_tome,dragonborn,Conjuration,Skyrim,,Winterhold,College of Winterhold,"Purchase from Phinis Gestor at the College of Winterhold. Source note: Can be purchased from: Calcelmo, Falion, Farengar Secret-Fire, Madena, Nelacar, Phinis Gestor, Sybille Stentor, Wuunferth the Unliving, Wylandriah, Talvas Fathryon.","Merchant transaction; price, stock, and barter setup need route validation",Vendor availability/restock timing needs route validation.,unknown,unknown,unknown,"Travel, cold, carry, restock, gold, and spell-learning timing deferred",source_listed_candidate,SN-000052-spell-tomes-and-learned-spells.md,Source-listed spell tome acquisition; final route source selection pending.
BOOKLOC-000559,OBJ-000933,Spell Tome: Bound Sword,spell_tome,dragonborn,Conjuration,Skyrim,,Haafingar,Blue Palace,"Purchase from Sybille Stentor in Solitude. Source note: Can be purchased from: Calcelmo, Falion, Farengar Secret-Fire, Madena, Nelacar, Phinis Gestor, Sybille Stentor, Wuunferth the Unliving, Wylandriah, Talvas Fathryon.","Merchant transaction; price, stock, and barter setup need route validation",Vendor availability/restock timing needs route validation.,unknown,unknown,unknown,"Travel, cold, carry, restock, gold, and spell-learning timing deferred",source_listed_candidate,SN-000052-spell-tomes-and-learned-spells.md,Source-listed spell tome acquisition; final route source selection pending.
BOOKLOC-000560,OBJ-000933,Spell Tome: Bound Sword,spell_tome,dragonborn,Conjuration,Skyrim,,Eastmarch,Palace of the Kings,"Purchase from Wuunferth the Unliving in Windhelm. Source note: Can be purchased from: Calcelmo, Falion, Farengar Secret-Fire, Madena, Nelacar, Phinis Gestor, Sybille Stentor, Wuunferth the Unliving, Wylandriah, Talvas Fathryon.","Merchant transaction; price, stock, and barter setup need route validation",Vendor availability/restock timing needs route validation.,unknown,unknown,unknown,"Travel, cold, carry, restock, gold, and spell-learning timing deferred",source_listed_candidate,SN-000052-spell-tomes-and-learned-spells.md,Source-listed spell tome acquisition; final route source selection pending.
BOOKLOC-000561,OBJ-000933,Spell Tome: Bound Sword,spell_tome,dragonborn,Conjuration,Skyrim,,The Rift,Mistveil Keep,"Purchase from Wylandriah in Riften. Source note: Can be purchased from: Calcelmo, Falion, Farengar Secret-Fire, Madena, Nelacar, Phinis Gestor, Sybille Stentor, Wuunferth the Unliving, Wylandriah, Talvas Fathryon.","Merchant transaction; price, stock, and barter setup need route validation",Vendor availability/restock timing needs route validation.,unknown,unknown,unknown,"Travel, cold, carry, restock, gold, and spell-learning timing deferred",source_listed_candidate,SN-000052-spell-tomes-and-learned-spells.md,Source-listed spell tome acquisition; final route source selection pending.
BOOKLOC-000562,OBJ-000933,Spell Tome: Bound Sword,spell_tome,dragonborn,Conjuration,Solstheim,,,Tel Mithryn,"Purchase from Talvas Fathryon at Tel Mithryn. Source note: Can be purchased from: Calcelmo, Falion, Farengar Secret-Fire, Madena, Nelacar, Phinis Gestor, Sybille Stentor, Wuunferth the Unliving, Wylandriah, Talvas Fathryon.","Merchant transaction; price, stock, and barter setup need route validation",Vendor availability/restock timing needs route validation.,unknown,unknown,unknown,"Travel, cold, carry, restock, gold, and spell-learning timing deferred",source_listed_candidate,SN-000052-spell-tomes-and-learned-spells.md,Source-listed spell tome acquisition; final route source selection pending.
BOOKLOC-000563,OBJ-000933,Spell Tome: Bound Sword,spell_tome,base_game,Conjuration,Skyrim,,,Treva's Watch,Can be found in Treva's Watch.,Loot/access status needs route validation,,unknown,unknown,unknown,"Travel, cold, carry, restock, gold, and spell-learning timing deferred",source_listed_candidate,SN-000052-spell-tomes-and-learned-spells.md,Source-listed spell tome acquisition; final route source selection pending.
BOOKLOC-000564,OBJ-000933,Spell Tome: Bound Sword,spell_tome,base_game,Conjuration,Skyrim,,,Random spell tome loot,Generic novice spell tome random loot source from boss chests and safes.,Random/container source; reliability and ownership not route-ready,Character level 1+ for novice random spell tome loot; route should prefer deterministic sources unless later validated.,unknown,unknown,unknown,"Travel, cold, carry, restock, gold, and spell-learning timing deferred",source_listed_candidate,SN-000052-spell-tomes-and-learned-spells.md,Generic random loot source from UESP spell tome location rules; not a deterministic route choice.
BOOKLOC-000565,OBJ-000934,Spell Tome: Conjure Familiar,spell_tome,base_game,Conjuration,Skyrim,,,Character creation / starting spell,Bretons start with this spell.,,,unknown,none_known,unknown,"Travel, cold, carry, restock, gold, and spell-learning timing deferred",provisional_objective_representative,SN-000052-spell-tomes-and-learned-spells.md,Source-listed spell tome acquisition; final route source selection pending.
BOOKLOC-000566,OBJ-000934,Spell Tome: Conjure Familiar,spell_tome,dragonborn,Conjuration,Skyrim,,The Reach,Understone Keep,"Purchase from Calcelmo in Markarth. Source note: Can be purchased from: Calcelmo, Falion, Farengar Secret-Fire, Madena, Nelacar, Phinis Gestor, Sybille Stentor, Wuunferth the Unliving, Wylandriah, Talvas Fathryon.","Merchant transaction; price, stock, and barter setup need route validation",Vendor availability/restock timing needs route validation.,unknown,unknown,unknown,"Travel, cold, carry, restock, gold, and spell-learning timing deferred",source_listed_candidate,SN-000052-spell-tomes-and-learned-spells.md,Source-listed spell tome acquisition; final route source selection pending.
BOOKLOC-000567,OBJ-000934,Spell Tome: Conjure Familiar,spell_tome,dragonborn,Conjuration,Skyrim,,Hjaalmarch,Morthal,"Purchase from Falion in Morthal. Source note: Can be purchased from: Calcelmo, Falion, Farengar Secret-Fire, Madena, Nelacar, Phinis Gestor, Sybille Stentor, Wuunferth the Unliving, Wylandriah, Talvas Fathryon.","Merchant transaction; price, stock, and barter setup need route validation",Vendor availability/restock timing needs route validation.,unknown,unknown,unknown,"Travel, cold, carry, restock, gold, and spell-learning timing deferred",source_listed_candidate,SN-000052-spell-tomes-and-learned-spells.md,Source-listed spell tome acquisition; final route source selection pending.
BOOKLOC-000568,OBJ-000934,Spell Tome: Conjure Familiar,spell_tome,dragonborn,Conjuration,Skyrim,,Whiterun Hold,Dragonsreach,"Purchase from Farengar Secret-Fire in Whiterun. Source note: Can be purchased from: Calcelmo, Falion, Farengar Secret-Fire, Madena, Nelacar, Phinis Gestor, Sybille Stentor, Wuunferth the Unliving, Wylandriah, Talvas Fathryon.","Merchant transaction; price, stock, and barter setup need route validation",Vendor availability/restock timing needs route validation.,unknown,unknown,unknown,"Travel, cold, carry, restock, gold, and spell-learning timing deferred",source_listed_candidate,SN-000052-spell-tomes-and-learned-spells.md,Source-listed spell tome acquisition; final route source selection pending.
BOOKLOC-000569,OBJ-000934,Spell Tome: Conjure Familiar,spell_tome,dragonborn,Conjuration,Skyrim,,The Pale,The White Hall,"Purchase from Madena in Dawnstar. Source note: Can be purchased from: Calcelmo, Falion, Farengar Secret-Fire, Madena, Nelacar, Phinis Gestor, Sybille Stentor, Wuunferth the Unliving, Wylandriah, Talvas Fathryon.","Merchant transaction; price, stock, and barter setup need route validation",Vendor availability/restock timing needs route validation.,unknown,unknown,unknown,"Travel, cold, carry, restock, gold, and spell-learning timing deferred",source_listed_candidate,SN-000052-spell-tomes-and-learned-spells.md,Source-listed spell tome acquisition; final route source selection pending.
BOOKLOC-000570,OBJ-000934,Spell Tome: Conjure Familiar,spell_tome,dragonborn,Conjuration,Skyrim,,Winterhold,The Frozen Hearth,"Purchase from Nelacar in Winterhold. Source note: Can be purchased from: Calcelmo, Falion, Farengar Secret-Fire, Madena, Nelacar, Phinis Gestor, Sybille Stentor, Wuunferth the Unliving, Wylandriah, Talvas Fathryon.","Merchant transaction; price, stock, and barter setup need route validation",Vendor availability/restock timing needs route validation.,unknown,unknown,unknown,"Travel, cold, carry, restock, gold, and spell-learning timing deferred",source_listed_candidate,SN-000052-spell-tomes-and-learned-spells.md,Source-listed spell tome acquisition; final route source selection pending.
BOOKLOC-000571,OBJ-000934,Spell Tome: Conjure Familiar,spell_tome,dragonborn,Conjuration,Skyrim,,Winterhold,College of Winterhold,"Purchase from Phinis Gestor at the College of Winterhold. Source note: Can be purchased from: Calcelmo, Falion, Farengar Secret-Fire, Madena, Nelacar, Phinis Gestor, Sybille Stentor, Wuunferth the Unliving, Wylandriah, Talvas Fathryon.","Merchant transaction; price, stock, and barter setup need route validation",Vendor availability/restock timing needs route validation.,unknown,unknown,unknown,"Travel, cold, carry, restock, gold, and spell-learning timing deferred",source_listed_candidate,SN-000052-spell-tomes-and-learned-spells.md,Source-listed spell tome acquisition; final route source selection pending.
BOOKLOC-000572,OBJ-000934,Spell Tome: Conjure Familiar,spell_tome,dragonborn,Conjuration,Skyrim,,Haafingar,Blue Palace,"Purchase from Sybille Stentor in Solitude. Source note: Can be purchased from: Calcelmo, Falion, Farengar Secret-Fire, Madena, Nelacar, Phinis Gestor, Sybille Stentor, Wuunferth the Unliving, Wylandriah, Talvas Fathryon.","Merchant transaction; price, stock, and barter setup need route validation",Vendor availability/restock timing needs route validation.,unknown,unknown,unknown,"Travel, cold, carry, restock, gold, and spell-learning timing deferred",source_listed_candidate,SN-000052-spell-tomes-and-learned-spells.md,Source-listed spell tome acquisition; final route source selection pending.
BOOKLOC-000573,OBJ-000934,Spell Tome: Conjure Familiar,spell_tome,dragonborn,Conjuration,Skyrim,,Eastmarch,Palace of the Kings,"Purchase from Wuunferth the Unliving in Windhelm. Source note: Can be purchased from: Calcelmo, Falion, Farengar Secret-Fire, Madena, Nelacar, Phinis Gestor, Sybille Stentor, Wuunferth the Unliving, Wylandriah, Talvas Fathryon.","Merchant transaction; price, stock, and barter setup need route validation",Vendor availability/restock timing needs route validation.,unknown,unknown,unknown,"Travel, cold, carry, restock, gold, and spell-learning timing deferred",source_listed_candidate,SN-000052-spell-tomes-and-learned-spells.md,Source-listed spell tome acquisition; final route source selection pending.
BOOKLOC-000574,OBJ-000934,Spell Tome: Conjure Familiar,spell_tome,dragonborn,Conjuration,Skyrim,,The Rift,Mistveil Keep,"Purchase from Wylandriah in Riften. Source note: Can be purchased from: Calcelmo, Falion, Farengar Secret-Fire, Madena, Nelacar, Phinis Gestor, Sybille Stentor, Wuunferth the Unliving, Wylandriah, Talvas Fathryon.","Merchant transaction; price, stock, and barter setup need route validation",Vendor availability/restock timing needs route validation.,unknown,unknown,unknown,"Travel, cold, carry, restock, gold, and spell-learning timing deferred",source_listed_candidate,SN-000052-spell-tomes-and-learned-spells.md,Source-listed spell tome acquisition; final route source selection pending.
BOOKLOC-000575,OBJ-000934,Spell Tome: Conjure Familiar,spell_tome,dragonborn,Conjuration,Solstheim,,,Tel Mithryn,"Purchase from Talvas Fathryon at Tel Mithryn. Source note: Can be purchased from: Calcelmo, Falion, Farengar Secret-Fire, Madena, Nelacar, Phinis Gestor, Sybille Stentor, Wuunferth the Unliving, Wylandriah, Talvas Fathryon.","Merchant transaction; price, stock, and barter setup need route validation",Vendor availability/restock timing needs route validation.,unknown,unknown,unknown,"Travel, cold, carry, restock, gold, and spell-learning timing deferred",source_listed_candidate,SN-000052-spell-tomes-and-learned-spells.md,Source-listed spell tome acquisition; final route source selection pending.
BOOKLOC-000576,OBJ-000934,Spell Tome: Conjure Familiar,spell_tome,base_game,Conjuration,Skyrim,,,Random spell tome loot,Generic novice spell tome random loot source from boss chests and safes.,Random/container source; reliability and ownership not route-ready,Character level 1+ for novice random spell tome loot; route should prefer deterministic sources unless later validated.,unknown,unknown,unknown,"Travel, cold, carry, restock, gold, and spell-learning timing deferred",source_listed_candidate,SN-000052-spell-tomes-and-learned-spells.md,Generic random loot source from UESP spell tome location rules; not a deterministic route choice.
BOOKLOC-000577,OBJ-000935,Spell Tome: Conjure Skeleton Minion,spell_tome,ae_creation,Conjuration,Skyrim,,Winterhold,College of Winterhold,Purchase from Phinis Gestor at the College of Winterhold. Source note: Can be purchased from: Phinis Gestor.,"Merchant transaction; price, stock, and barter setup need route validation",Vendor availability/restock timing needs route validation.,unknown,unknown,unknown,"Travel, cold, carry, restock, gold, and spell-learning timing deferred",provisional_objective_representative,SN-000052-spell-tomes-and-learned-spells.md,Source-listed spell tome acquisition; final route source selection pending.
BOOKLOC-000578,OBJ-000935,Spell Tome: Conjure Skeleton Minion,spell_tome,ae_creation,Conjuration,Skyrim,,,Fort Greymoor,Can be found upon an altar on a hill southwest of Fort Greymoor.,Loot/access status needs route validation,,unknown,unknown,unknown,"Travel, cold, carry, restock, gold, and spell-learning timing deferred",source_listed_candidate,SN-000052-spell-tomes-and-learned-spells.md,Source-listed spell tome acquisition; final route source selection pending.
BOOKLOC-000579,OBJ-000936,Spell Tome: Conjure Undying Ghost,spell_tome,ae_creation,Conjuration,Skyrim,,Winterhold,College of Winterhold,Purchase from Phinis Gestor at the College of Winterhold. Source note: Can be purchased from: Phinis Gestor.,"Merchant transaction; price, stock, and barter setup need route validation",Vendor availability/restock timing needs route validation.,unknown,unknown,unknown,"Travel, cold, carry, restock, gold, and spell-learning timing deferred",provisional_objective_representative,SN-000052-spell-tomes-and-learned-spells.md,Source-listed spell tome acquisition; final route source selection pending.
BOOKLOC-000580,OBJ-000936,Spell Tome: Conjure Undying Ghost,spell_tome,ae_creation,Conjuration,Skyrim,,,The Ritual Stone,Can be found resting on a rock at The Ritual Stone.,Loot/access status needs route validation,,unknown,unknown,unknown,"Travel, cold, carry, restock, gold, and spell-learning timing deferred",source_listed_candidate,SN-000052-spell-tomes-and-learned-spells.md,Source-listed spell tome acquisition; final route source selection pending.
BOOKLOC-000581,OBJ-000937,Spell Tome: Conjure Zombie,spell_tome,ae_creation,Conjuration,Skyrim,,The Reach,Understone Keep,"Purchase from Calcelmo in Markarth. Source note: Can be purchased from: Calcelmo, Falion, Farengar Secret-Fire, Madena, Nelacar, Phinis Gestor, Sybille Stentor, Wuunferth the Unliving, Wylandriah, Talvas Fathryon (only after The Rising Dead has been completed).","Merchant transaction; price, stock, and barter setup need route validation","Can be purchased from: Calcelmo, Falion, Farengar Secret-Fire, Madena, Nelacar, Phinis Gestor, Sybille Stentor, Wuunferth the Unliving, Wylandriah, Talvas Fathryon (only after The Rising Dead has been completed) | Vendor availability/restock timing needs route validation.",unknown,unknown,unknown,"Travel, cold, carry, restock, gold, and spell-learning timing deferred",provisional_objective_representative,SN-000052-spell-tomes-and-learned-spells.md,Source-listed spell tome acquisition; final route source selection pending.
BOOKLOC-000582,OBJ-000937,Spell Tome: Conjure Zombie,spell_tome,ae_creation,Conjuration,Skyrim,,Hjaalmarch,Morthal,"Purchase from Falion in Morthal. Source note: Can be purchased from: Calcelmo, Falion, Farengar Secret-Fire, Madena, Nelacar, Phinis Gestor, Sybille Stentor, Wuunferth the Unliving, Wylandriah, Talvas Fathryon (only after The Rising Dead has been completed).","Merchant transaction; price, stock, and barter setup need route validation","Can be purchased from: Calcelmo, Falion, Farengar Secret-Fire, Madena, Nelacar, Phinis Gestor, Sybille Stentor, Wuunferth the Unliving, Wylandriah, Talvas Fathryon (only after The Rising Dead has been completed) | Vendor availability/restock timing needs route validation.",unknown,unknown,unknown,"Travel, cold, carry, restock, gold, and spell-learning timing deferred",source_listed_candidate,SN-000052-spell-tomes-and-learned-spells.md,Source-listed spell tome acquisition; final route source selection pending.
BOOKLOC-000583,OBJ-000937,Spell Tome: Conjure Zombie,spell_tome,ae_creation,Conjuration,Skyrim,,Whiterun Hold,Dragonsreach,"Purchase from Farengar Secret-Fire in Whiterun. Source note: Can be purchased from: Calcelmo, Falion, Farengar Secret-Fire, Madena, Nelacar, Phinis Gestor, Sybille Stentor, Wuunferth the Unliving, Wylandriah, Talvas Fathryon (only after The Rising Dead has been completed).","Merchant transaction; price, stock, and barter setup need route validation","Can be purchased from: Calcelmo, Falion, Farengar Secret-Fire, Madena, Nelacar, Phinis Gestor, Sybille Stentor, Wuunferth the Unliving, Wylandriah, Talvas Fathryon (only after The Rising Dead has been completed) | Vendor availability/restock timing needs route validation.",unknown,unknown,unknown,"Travel, cold, carry, restock, gold, and spell-learning timing deferred",source_listed_candidate,SN-000052-spell-tomes-and-learned-spells.md,Source-listed spell tome acquisition; final route source selection pending.
BOOKLOC-000584,OBJ-000937,Spell Tome: Conjure Zombie,spell_tome,ae_creation,Conjuration,Skyrim,,The Pale,The White Hall,"Purchase from Madena in Dawnstar. Source note: Can be purchased from: Calcelmo, Falion, Farengar Secret-Fire, Madena, Nelacar, Phinis Gestor, Sybille Stentor, Wuunferth the Unliving, Wylandriah, Talvas Fathryon (only after The Rising Dead has been completed).","Merchant transaction; price, stock, and barter setup need route validation","Can be purchased from: Calcelmo, Falion, Farengar Secret-Fire, Madena, Nelacar, Phinis Gestor, Sybille Stentor, Wuunferth the Unliving, Wylandriah, Talvas Fathryon (only after The Rising Dead has been completed) | Vendor availability/restock timing needs route validation.",unknown,unknown,unknown,"Travel, cold, carry, restock, gold, and spell-learning timing deferred",source_listed_candidate,SN-000052-spell-tomes-and-learned-spells.md,Source-listed spell tome acquisition; final route source selection pending.
BOOKLOC-000585,OBJ-000937,Spell Tome: Conjure Zombie,spell_tome,ae_creation,Conjuration,Skyrim,,Winterhold,The Frozen Hearth,"Purchase from Nelacar in Winterhold. Source note: Can be purchased from: Calcelmo, Falion, Farengar Secret-Fire, Madena, Nelacar, Phinis Gestor, Sybille Stentor, Wuunferth the Unliving, Wylandriah, Talvas Fathryon (only after The Rising Dead has been completed).","Merchant transaction; price, stock, and barter setup need route validation","Can be purchased from: Calcelmo, Falion, Farengar Secret-Fire, Madena, Nelacar, Phinis Gestor, Sybille Stentor, Wuunferth the Unliving, Wylandriah, Talvas Fathryon (only after The Rising Dead has been completed) | Vendor availability/restock timing needs route validation.",unknown,unknown,unknown,"Travel, cold, carry, restock, gold, and spell-learning timing deferred",source_listed_candidate,SN-000052-spell-tomes-and-learned-spells.md,Source-listed spell tome acquisition; final route source selection pending.
BOOKLOC-000586,OBJ-000937,Spell Tome: Conjure Zombie,spell_tome,ae_creation,Conjuration,Skyrim,,Winterhold,College of Winterhold,"Purchase from Phinis Gestor at the College of Winterhold. Source note: Can be purchased from: Calcelmo, Falion, Farengar Secret-Fire, Madena, Nelacar, Phinis Gestor, Sybille Stentor, Wuunferth the Unliving, Wylandriah, Talvas Fathryon (only after The Rising Dead has been completed).","Merchant transaction; price, stock, and barter setup need route validation","Can be purchased from: Calcelmo, Falion, Farengar Secret-Fire, Madena, Nelacar, Phinis Gestor, Sybille Stentor, Wuunferth the Unliving, Wylandriah, Talvas Fathryon (only after The Rising Dead has been completed) | Vendor availability/restock timing needs route validation.",unknown,unknown,unknown,"Travel, cold, carry, restock, gold, and spell-learning timing deferred",source_listed_candidate,SN-000052-spell-tomes-and-learned-spells.md,Source-listed spell tome acquisition; final route source selection pending.
BOOKLOC-000587,OBJ-000937,Spell Tome: Conjure Zombie,spell_tome,ae_creation,Conjuration,Skyrim,,Haafingar,Blue Palace,"Purchase from Sybille Stentor in Solitude. Source note: Can be purchased from: Calcelmo, Falion, Farengar Secret-Fire, Madena, Nelacar, Phinis Gestor, Sybille Stentor, Wuunferth the Unliving, Wylandriah, Talvas Fathryon (only after The Rising Dead has been completed).","Merchant transaction; price, stock, and barter setup need route validation","Can be purchased from: Calcelmo, Falion, Farengar Secret-Fire, Madena, Nelacar, Phinis Gestor, Sybille Stentor, Wuunferth the Unliving, Wylandriah, Talvas Fathryon (only after The Rising Dead has been completed) | Vendor availability/restock timing needs route validation.",unknown,unknown,unknown,"Travel, cold, carry, restock, gold, and spell-learning timing deferred",source_listed_candidate,SN-000052-spell-tomes-and-learned-spells.md,Source-listed spell tome acquisition; final route source selection pending.
BOOKLOC-000588,OBJ-000937,Spell Tome: Conjure Zombie,spell_tome,ae_creation,Conjuration,Skyrim,,Eastmarch,Palace of the Kings,"Purchase from Wuunferth the Unliving in Windhelm. Source note: Can be purchased from: Calcelmo, Falion, Farengar Secret-Fire, Madena, Nelacar, Phinis Gestor, Sybille Stentor, Wuunferth the Unliving, Wylandriah, Talvas Fathryon (only after The Rising Dead has been completed).","Merchant transaction; price, stock, and barter setup need route validation","Can be purchased from: Calcelmo, Falion, Farengar Secret-Fire, Madena, Nelacar, Phinis Gestor, Sybille Stentor, Wuunferth the Unliving, Wylandriah, Talvas Fathryon (only after The Rising Dead has been completed) | Vendor availability/restock timing needs route validation.",unknown,unknown,unknown,"Travel, cold, carry, restock, gold, and spell-learning timing deferred",source_listed_candidate,SN-000052-spell-tomes-and-learned-spells.md,Source-listed spell tome acquisition; final route source selection pending.
BOOKLOC-000589,OBJ-000937,Spell Tome: Conjure Zombie,spell_tome,ae_creation,Conjuration,Skyrim,,The Rift,Mistveil Keep,"Purchase from Wylandriah in Riften. Source note: Can be purchased from: Calcelmo, Falion, Farengar Secret-Fire, Madena, Nelacar, Phinis Gestor, Sybille Stentor, Wuunferth the Unliving, Wylandriah, Talvas Fathryon (only after The Rising Dead has been completed).","Merchant transaction; price, stock, and barter setup need route validation","Can be purchased from: Calcelmo, Falion, Farengar Secret-Fire, Madena, Nelacar, Phinis Gestor, Sybille Stentor, Wuunferth the Unliving, Wylandriah, Talvas Fathryon (only after The Rising Dead has been completed) | Vendor availability/restock timing needs route validation.",unknown,unknown,unknown,"Travel, cold, carry, restock, gold, and spell-learning timing deferred",source_listed_candidate,SN-000052-spell-tomes-and-learned-spells.md,Source-listed spell tome acquisition; final route source selection pending.
BOOKLOC-000590,OBJ-000937,Spell Tome: Conjure Zombie,spell_tome,ae_creation,Conjuration,Solstheim,,,Tel Mithryn,"Purchase from Talvas Fathryon at Tel Mithryn. Source note: Can be purchased from: Calcelmo, Falion, Farengar Secret-Fire, Madena, Nelacar, Phinis Gestor, Sybille Stentor, Wuunferth the Unliving, Wylandriah, Talvas Fathryon (only after The Rising Dead has been completed).","Merchant transaction; price, stock, and barter setup need route validation","Can be purchased from: Calcelmo, Falion, Farengar Secret-Fire, Madena, Nelacar, Phinis Gestor, Sybille Stentor, Wuunferth the Unliving, Wylandriah, Talvas Fathryon (only after The Rising Dead has been completed) | Vendor availability/restock timing needs route validation.",unknown,unknown,unknown,"Travel, cold, carry, restock, gold, and spell-learning timing deferred",source_listed_candidate,SN-000052-spell-tomes-and-learned-spells.md,Source-listed spell tome acquisition; final route source selection pending.
BOOKLOC-000591,OBJ-000937,Spell Tome: Conjure Zombie,spell_tome,ae_creation,Conjuration,Skyrim,,,Ritual site southeast of Helgen,"Can be found at a ritual site southeast of Helgen, just north of Southfringe Sanctum.",Loot/access status needs route validation,,unknown,unknown,unknown,"Travel, cold, carry, restock, gold, and spell-learning timing deferred",source_listed_candidate,SN-000052-spell-tomes-and-learned-spells.md,Source-listed spell tome acquisition; final route source selection pending.
BOOKLOC-000592,OBJ-000938,Spell Tome: Raise Zombie,spell_tome,dragonborn,Conjuration,Skyrim,,The Reach,Understone Keep,"Purchase from Calcelmo in Markarth. Source note: Can be purchased from: Calcelmo, Falion, Farengar Secret-Fire, Madena, Nelacar, Phinis Gestor, Riverwood Trader, Sybille Stentor, Wuunferth the Unliving, Wylandriah, Talvas Fathryon.","Merchant transaction; price, stock, and barter setup need route validation",Vendor availability/restock timing needs route validation.,unknown,unknown,unknown,"Travel, cold, carry, restock, gold, and spell-learning timing deferred",provisional_objective_representative,SN-000052-spell-tomes-and-learned-spells.md,Source-listed spell tome acquisition; final route source selection pending.
BOOKLOC-000593,OBJ-000938,Spell Tome: Raise Zombie,spell_tome,dragonborn,Conjuration,Skyrim,,Hjaalmarch,Morthal,"Purchase from Falion in Morthal. Source note: Can be purchased from: Calcelmo, Falion, Farengar Secret-Fire, Madena, Nelacar, Phinis Gestor, Riverwood Trader, Sybille Stentor, Wuunferth the Unliving, Wylandriah, Talvas Fathryon.","Merchant transaction; price, stock, and barter setup need route validation",Vendor availability/restock timing needs route validation.,unknown,unknown,unknown,"Travel, cold, carry, restock, gold, and spell-learning timing deferred",source_listed_candidate,SN-000052-spell-tomes-and-learned-spells.md,Source-listed spell tome acquisition; final route source selection pending.
BOOKLOC-000594,OBJ-000938,Spell Tome: Raise Zombie,spell_tome,dragonborn,Conjuration,Skyrim,,Whiterun Hold,Dragonsreach,"Purchase from Farengar Secret-Fire in Whiterun. Source note: Can be purchased from: Calcelmo, Falion, Farengar Secret-Fire, Madena, Nelacar, Phinis Gestor, Riverwood Trader, Sybille Stentor, Wuunferth the Unliving, Wylandriah, Talvas Fathryon.","Merchant transaction; price, stock, and barter setup need route validation",Vendor availability/restock timing needs route validation.,unknown,unknown,unknown,"Travel, cold, carry, restock, gold, and spell-learning timing deferred",source_listed_candidate,SN-000052-spell-tomes-and-learned-spells.md,Source-listed spell tome acquisition; final route source selection pending.
BOOKLOC-000595,OBJ-000938,Spell Tome: Raise Zombie,spell_tome,dragonborn,Conjuration,Skyrim,,The Pale,The White Hall,"Purchase from Madena in Dawnstar. Source note: Can be purchased from: Calcelmo, Falion, Farengar Secret-Fire, Madena, Nelacar, Phinis Gestor, Riverwood Trader, Sybille Stentor, Wuunferth the Unliving, Wylandriah, Talvas Fathryon.","Merchant transaction; price, stock, and barter setup need route validation",Vendor availability/restock timing needs route validation.,unknown,unknown,unknown,"Travel, cold, carry, restock, gold, and spell-learning timing deferred",source_listed_candidate,SN-000052-spell-tomes-and-learned-spells.md,Source-listed spell tome acquisition; final route source selection pending.
BOOKLOC-000596,OBJ-000938,Spell Tome: Raise Zombie,spell_tome,dragonborn,Conjuration,Skyrim,,Winterhold,The Frozen Hearth,"Purchase from Nelacar in Winterhold. Source note: Can be purchased from: Calcelmo, Falion, Farengar Secret-Fire, Madena, Nelacar, Phinis Gestor, Riverwood Trader, Sybille Stentor, Wuunferth the Unliving, Wylandriah, Talvas Fathryon.","Merchant transaction; price, stock, and barter setup need route validation",Vendor availability/restock timing needs route validation.,unknown,unknown,unknown,"Travel, cold, carry, restock, gold, and spell-learning timing deferred",source_listed_candidate,SN-000052-spell-tomes-and-learned-spells.md,Source-listed spell tome acquisition; final route source selection pending.
BOOKLOC-000597,OBJ-000938,Spell Tome: Raise Zombie,spell_tome,dragonborn,Conjuration,Skyrim,,Winterhold,College of Winterhold,"Purchase from Phinis Gestor at the College of Winterhold. Source note: Can be purchased from: Calcelmo, Falion, Farengar Secret-Fire, Madena, Nelacar, Phinis Gestor, Riverwood Trader, Sybille Stentor, Wuunferth the Unliving, Wylandriah, Talvas Fathryon.","Merchant transaction; price, stock, and barter setup need route validation",Vendor availability/restock timing needs route validation.,unknown,unknown,unknown,"Travel, cold, carry, restock, gold, and spell-learning timing deferred",source_listed_candidate,SN-000052-spell-tomes-and-learned-spells.md,Source-listed spell tome acquisition; final route source selection pending.
BOOKLOC-000598,OBJ-000938,Spell Tome: Raise Zombie,spell_tome,dragonborn,Conjuration,Skyrim,,Whiterun Hold,Riverwood Trader,"Purchase from the Riverwood Trader. Source note: Can be purchased from: Calcelmo, Falion, Farengar Secret-Fire, Madena, Nelacar, Phinis Gestor, Riverwood Trader, Sybille Stentor, Wuunferth the Unliving, Wylandriah, Talvas Fathryon.","Merchant transaction; price, stock, and barter setup need route validation",Vendor availability/restock timing needs route validation.,unknown,unknown,unknown,"Travel, cold, carry, restock, gold, and spell-learning timing deferred",source_listed_candidate,SN-000052-spell-tomes-and-learned-spells.md,Source-listed spell tome acquisition; final route source selection pending.
BOOKLOC-000599,OBJ-000938,Spell Tome: Raise Zombie,spell_tome,dragonborn,Conjuration,Skyrim,,Haafingar,Blue Palace,"Purchase from Sybille Stentor in Solitude. Source note: Can be purchased from: Calcelmo, Falion, Farengar Secret-Fire, Madena, Nelacar, Phinis Gestor, Riverwood Trader, Sybille Stentor, Wuunferth the Unliving, Wylandriah, Talvas Fathryon.","Merchant transaction; price, stock, and barter setup need route validation",Vendor availability/restock timing needs route validation.,unknown,unknown,unknown,"Travel, cold, carry, restock, gold, and spell-learning timing deferred",source_listed_candidate,SN-000052-spell-tomes-and-learned-spells.md,Source-listed spell tome acquisition; final route source selection pending.
BOOKLOC-000600,OBJ-000938,Spell Tome: Raise Zombie,spell_tome,dragonborn,Conjuration,Skyrim,,Eastmarch,Palace of the Kings,"Purchase from Wuunferth the Unliving in Windhelm. Source note: Can be purchased from: Calcelmo, Falion, Farengar Secret-Fire, Madena, Nelacar, Phinis Gestor, Riverwood Trader, Sybille Stentor, Wuunferth the Unliving, Wylandriah, Talvas Fathryon.","Merchant transaction; price, stock, and barter setup need route validation",Vendor availability/restock timing needs route validation.,unknown,unknown,unknown,"Travel, cold, carry, restock, gold, and spell-learning timing deferred",source_listed_candidate,SN-000052-spell-tomes-and-learned-spells.md,Source-listed spell tome acquisition; final route source selection pending.
BOOKLOC-000601,OBJ-000938,Spell Tome: Raise Zombie,spell_tome,dragonborn,Conjuration,Skyrim,,The Rift,Mistveil Keep,"Purchase from Wylandriah in Riften. Source note: Can be purchased from: Calcelmo, Falion, Farengar Secret-Fire, Madena, Nelacar, Phinis Gestor, Riverwood Trader, Sybille Stentor, Wuunferth the Unliving, Wylandriah, Talvas Fathryon.","Merchant transaction; price, stock, and barter setup need route validation",Vendor availability/restock timing needs route validation.,unknown,unknown,unknown,"Travel, cold, carry, restock, gold, and spell-learning timing deferred",source_listed_candidate,SN-000052-spell-tomes-and-learned-spells.md,Source-listed spell tome acquisition; final route source selection pending.
BOOKLOC-000602,OBJ-000938,Spell Tome: Raise Zombie,spell_tome,dragonborn,Conjuration,Solstheim,,,Tel Mithryn,"Purchase from Talvas Fathryon at Tel Mithryn. Source note: Can be purchased from: Calcelmo, Falion, Farengar Secret-Fire, Madena, Nelacar, Phinis Gestor, Riverwood Trader, Sybille Stentor, Wuunferth the Unliving, Wylandriah, Talvas Fathryon.","Merchant transaction; price, stock, and barter setup need route validation",Vendor availability/restock timing needs route validation.,unknown,unknown,unknown,"Travel, cold, carry, restock, gold, and spell-learning timing deferred",source_listed_candidate,SN-000052-spell-tomes-and-learned-spells.md,Source-listed spell tome acquisition; final route source selection pending.
BOOKLOC-000603,OBJ-000938,Spell Tome: Raise Zombie,spell_tome,base_game,Conjuration,Skyrim,,,Fellglow Keep Dungeons,"Can be found in Fellglow Keep Dungeons, Fort Snowhawk, and Halldir's Cairn.",Loot/access status needs route validation,,unknown,unknown,unknown,"Travel, cold, carry, restock, gold, and spell-learning timing deferred",source_listed_candidate,SN-000052-spell-tomes-and-learned-spells.md,Source-listed spell tome acquisition; final route source selection pending.
BOOKLOC-000604,OBJ-000938,Spell Tome: Raise Zombie,spell_tome,base_game,Conjuration,Skyrim,,,Fort Snowhawk,"Can be found in Fellglow Keep Dungeons, Fort Snowhawk, and Halldir's Cairn.",Loot/access status needs route validation,,unknown,unknown,unknown,"Travel, cold, carry, restock, gold, and spell-learning timing deferred",source_listed_candidate,SN-000052-spell-tomes-and-learned-spells.md,Source-listed spell tome acquisition; final route source selection pending.
BOOKLOC-000605,OBJ-000938,Spell Tome: Raise Zombie,spell_tome,base_game,Conjuration,Skyrim,,,Halldir's Cairn,"Can be found in Fellglow Keep Dungeons, Fort Snowhawk, and Halldir's Cairn.",Loot/access status needs route validation,,unknown,unknown,unknown,"Travel, cold, carry, restock, gold, and spell-learning timing deferred",source_listed_candidate,SN-000052-spell-tomes-and-learned-spells.md,Source-listed spell tome acquisition; final route source selection pending.
BOOKLOC-000606,OBJ-000938,Spell Tome: Raise Zombie,spell_tome,base_game,Conjuration,Skyrim,,,Random spell tome loot,Generic novice spell tome random loot source from boss chests and safes.,Random/container source; reliability and ownership not route-ready,Character level 1+ for novice random spell tome loot; route should prefer deterministic sources unless later validated.,unknown,unknown,unknown,"Travel, cold, carry, restock, gold, and spell-learning timing deferred",source_listed_candidate,SN-000052-spell-tomes-and-learned-spells.md,Generic random loot source from UESP spell tome location rules; not a deterministic route choice.
BOOKLOC-000607,OBJ-000939,Spell Tome: Bound Battleaxe,spell_tome,dragonborn,Conjuration,Skyrim,,The Reach,Understone Keep,"Purchase from Calcelmo in Markarth. Source note: Can be purchased from: Calcelmo, Falion, Farengar Secret-Fire, Madena, Nelacar, Phinis Gestor, Sybille Stentor, Wuunferth the Unliving, Wylandriah, Talvas Fathryon.","Merchant transaction; price, stock, and barter setup need route validation",Vendor availability/restock timing needs route validation.,unknown,unknown,unknown,"Travel, cold, carry, restock, gold, and spell-learning timing deferred",provisional_objective_representative,SN-000052-spell-tomes-and-learned-spells.md,Source-listed spell tome acquisition; final route source selection pending.
BOOKLOC-000608,OBJ-000939,Spell Tome: Bound Battleaxe,spell_tome,dragonborn,Conjuration,Skyrim,,Hjaalmarch,Morthal,"Purchase from Falion in Morthal. Source note: Can be purchased from: Calcelmo, Falion, Farengar Secret-Fire, Madena, Nelacar, Phinis Gestor, Sybille Stentor, Wuunferth the Unliving, Wylandriah, Talvas Fathryon.","Merchant transaction; price, stock, and barter setup need route validation",Vendor availability/restock timing needs route validation.,unknown,unknown,unknown,"Travel, cold, carry, restock, gold, and spell-learning timing deferred",source_listed_candidate,SN-000052-spell-tomes-and-learned-spells.md,Source-listed spell tome acquisition; final route source selection pending.
BOOKLOC-000609,OBJ-000939,Spell Tome: Bound Battleaxe,spell_tome,dragonborn,Conjuration,Skyrim,,Whiterun Hold,Dragonsreach,"Purchase from Farengar Secret-Fire in Whiterun. Source note: Can be purchased from: Calcelmo, Falion, Farengar Secret-Fire, Madena, Nelacar, Phinis Gestor, Sybille Stentor, Wuunferth the Unliving, Wylandriah, Talvas Fathryon.","Merchant transaction; price, stock, and barter setup need route validation",Vendor availability/restock timing needs route validation.,unknown,unknown,unknown,"Travel, cold, carry, restock, gold, and spell-learning timing deferred",source_listed_candidate,SN-000052-spell-tomes-and-learned-spells.md,Source-listed spell tome acquisition; final route source selection pending.
BOOKLOC-000610,OBJ-000939,Spell Tome: Bound Battleaxe,spell_tome,dragonborn,Conjuration,Skyrim,,The Pale,The White Hall,"Purchase from Madena in Dawnstar. Source note: Can be purchased from: Calcelmo, Falion, Farengar Secret-Fire, Madena, Nelacar, Phinis Gestor, Sybille Stentor, Wuunferth the Unliving, Wylandriah, Talvas Fathryon.","Merchant transaction; price, stock, and barter setup need route validation",Vendor availability/restock timing needs route validation.,unknown,unknown,unknown,"Travel, cold, carry, restock, gold, and spell-learning timing deferred",source_listed_candidate,SN-000052-spell-tomes-and-learned-spells.md,Source-listed spell tome acquisition; final route source selection pending.
BOOKLOC-000611,OBJ-000939,Spell Tome: Bound Battleaxe,spell_tome,dragonborn,Conjuration,Skyrim,,Winterhold,The Frozen Hearth,"Purchase from Nelacar in Winterhold. Source note: Can be purchased from: Calcelmo, Falion, Farengar Secret-Fire, Madena, Nelacar, Phinis Gestor, Sybille Stentor, Wuunferth the Unliving, Wylandriah, Talvas Fathryon.","Merchant transaction; price, stock, and barter setup need route validation",Vendor availability/restock timing needs route validation.,unknown,unknown,unknown,"Travel, cold, carry, restock, gold, and spell-learning timing deferred",source_listed_candidate,SN-000052-spell-tomes-and-learned-spells.md,Source-listed spell tome acquisition; final route source selection pending.
BOOKLOC-000612,OBJ-000939,Spell Tome: Bound Battleaxe,spell_tome,dragonborn,Conjuration,Skyrim,,Winterhold,College of Winterhold,"Purchase from Phinis Gestor at the College of Winterhold. Source note: Can be purchased from: Calcelmo, Falion, Farengar Secret-Fire, Madena, Nelacar, Phinis Gestor, Sybille Stentor, Wuunferth the Unliving, Wylandriah, Talvas Fathryon.","Merchant transaction; price, stock, and barter setup need route validation",Vendor availability/restock timing needs route validation.,unknown,unknown,unknown,"Travel, cold, carry, restock, gold, and spell-learning timing deferred",source_listed_candidate,SN-000052-spell-tomes-and-learned-spells.md,Source-listed spell tome acquisition; final route source selection pending.
BOOKLOC-000613,OBJ-000939,Spell Tome: Bound Battleaxe,spell_tome,dragonborn,Conjuration,Skyrim,,Haafingar,Blue Palace,"Purchase from Sybille Stentor in Solitude. Source note: Can be purchased from: Calcelmo, Falion, Farengar Secret-Fire, Madena, Nelacar, Phinis Gestor, Sybille Stentor, Wuunferth the Unliving, Wylandriah, Talvas Fathryon.","Merchant transaction; price, stock, and barter setup need route validation",Vendor availability/restock timing needs route validation.,unknown,unknown,unknown,"Travel, cold, carry, restock, gold, and spell-learning timing deferred",source_listed_candidate,SN-000052-spell-tomes-and-learned-spells.md,Source-listed spell tome acquisition; final route source selection pending.
BOOKLOC-000614,OBJ-000939,Spell Tome: Bound Battleaxe,spell_tome,dragonborn,Conjuration,Skyrim,,Eastmarch,Palace of the Kings,"Purchase from Wuunferth the Unliving in Windhelm. Source note: Can be purchased from: Calcelmo, Falion, Farengar Secret-Fire, Madena, Nelacar, Phinis Gestor, Sybille Stentor, Wuunferth the Unliving, Wylandriah, Talvas Fathryon.","Merchant transaction; price, stock, and barter setup need route validation",Vendor availability/restock timing needs route validation.,unknown,unknown,unknown,"Travel, cold, carry, restock, gold, and spell-learning timing deferred",source_listed_candidate,SN-000052-spell-tomes-and-learned-spells.md,Source-listed spell tome acquisition; final route source selection pending.
BOOKLOC-000615,OBJ-000939,Spell Tome: Bound Battleaxe,spell_tome,dragonborn,Conjuration,Skyrim,,The Rift,Mistveil Keep,"Purchase from Wylandriah in Riften. Source note: Can be purchased from: Calcelmo, Falion, Farengar Secret-Fire, Madena, Nelacar, Phinis Gestor, Sybille Stentor, Wuunferth the Unliving, Wylandriah, Talvas Fathryon.","Merchant transaction; price, stock, and barter setup need route validation",Vendor availability/restock timing needs route validation.,unknown,unknown,unknown,"Travel, cold, carry, restock, gold, and spell-learning timing deferred",source_listed_candidate,SN-000052-spell-tomes-and-learned-spells.md,Source-listed spell tome acquisition; final route source selection pending.
BOOKLOC-000616,OBJ-000939,Spell Tome: Bound Battleaxe,spell_tome,dragonborn,Conjuration,Solstheim,,,Tel Mithryn,"Purchase from Talvas Fathryon at Tel Mithryn. Source note: Can be purchased from: Calcelmo, Falion, Farengar Secret-Fire, Madena, Nelacar, Phinis Gestor, Sybille Stentor, Wuunferth the Unliving, Wylandriah, Talvas Fathryon.","Merchant transaction; price, stock, and barter setup need route validation",Vendor availability/restock timing needs route validation.,unknown,unknown,unknown,"Travel, cold, carry, restock, gold, and spell-learning timing deferred",source_listed_candidate,SN-000052-spell-tomes-and-learned-spells.md,Source-listed spell tome acquisition; final route source selection pending.
BOOKLOC-000617,OBJ-000939,Spell Tome: Bound Battleaxe,spell_tome,base_game,Conjuration,Skyrim,,,Random spell tome loot,Generic apprentice spell tome random loot source from boss chests and safes.,Random/container source; reliability and ownership not route-ready,Character level 11+ for apprentice random spell tome loot; route should prefer deterministic sources unless later validated.,unknown,unknown,unknown,"Travel, cold, carry, restock, gold, and spell-learning timing deferred",source_listed_candidate,SN-000052-spell-tomes-and-learned-spells.md,Generic random loot source from UESP spell tome location rules; not a deterministic route choice.
BOOKLOC-000618,OBJ-000940,Spell Tome: Conjure Boneman,spell_tome,dawnguard,Conjuration,Soul Cairn,,,Soul Cairn,"Found in the Soul Cairn in the center of the encircling pathways southwest of Jiub's Opus, Page 9.",Loot/access status needs route validation,,unknown,unknown,unknown,"Travel, cold, carry, restock, gold, and spell-learning timing deferred",provisional_objective_representative,SN-000052-spell-tomes-and-learned-spells.md,Source-listed spell tome acquisition; final route source selection pending.
BOOKLOC-000619,OBJ-000941,Spell Tome: Conjure Flame Atronach,spell_tome,dragonborn,Conjuration,Skyrim,,The Reach,Understone Keep,"Purchase from Calcelmo in Markarth. Source note: Can be purchased from: Calcelmo, Falion, Farengar Secret-Fire, Madena, Nelacar, Phinis Gestor, Sybille Stentor, Wuunferth the Unliving, Wylandriah, Talvas Fathryon.","Merchant transaction; price, stock, and barter setup need route validation",Vendor availability/restock timing needs route validation.,unknown,unknown,unknown,"Travel, cold, carry, restock, gold, and spell-learning timing deferred",provisional_objective_representative,SN-000052-spell-tomes-and-learned-spells.md,Source-listed spell tome acquisition; final route source selection pending.
BOOKLOC-000620,OBJ-000941,Spell Tome: Conjure Flame Atronach,spell_tome,dragonborn,Conjuration,Skyrim,,Hjaalmarch,Morthal,"Purchase from Falion in Morthal. Source note: Can be purchased from: Calcelmo, Falion, Farengar Secret-Fire, Madena, Nelacar, Phinis Gestor, Sybille Stentor, Wuunferth the Unliving, Wylandriah, Talvas Fathryon.","Merchant transaction; price, stock, and barter setup need route validation",Vendor availability/restock timing needs route validation.,unknown,unknown,unknown,"Travel, cold, carry, restock, gold, and spell-learning timing deferred",source_listed_candidate,SN-000052-spell-tomes-and-learned-spells.md,Source-listed spell tome acquisition; final route source selection pending.
BOOKLOC-000621,OBJ-000941,Spell Tome: Conjure Flame Atronach,spell_tome,dragonborn,Conjuration,Skyrim,,Whiterun Hold,Dragonsreach,"Purchase from Farengar Secret-Fire in Whiterun. Source note: Can be purchased from: Calcelmo, Falion, Farengar Secret-Fire, Madena, Nelacar, Phinis Gestor, Sybille Stentor, Wuunferth the Unliving, Wylandriah, Talvas Fathryon.","Merchant transaction; price, stock, and barter setup need route validation",Vendor availability/restock timing needs route validation.,unknown,unknown,unknown,"Travel, cold, carry, restock, gold, and spell-learning timing deferred",source_listed_candidate,SN-000052-spell-tomes-and-learned-spells.md,Source-listed spell tome acquisition; final route source selection pending.
BOOKLOC-000622,OBJ-000941,Spell Tome: Conjure Flame Atronach,spell_tome,dragonborn,Conjuration,Skyrim,,The Pale,The White Hall,"Purchase from Madena in Dawnstar. Source note: Can be purchased from: Calcelmo, Falion, Farengar Secret-Fire, Madena, Nelacar, Phinis Gestor, Sybille Stentor, Wuunferth the Unliving, Wylandriah, Talvas Fathryon.","Merchant transaction; price, stock, and barter setup need route validation",Vendor availability/restock timing needs route validation.,unknown,unknown,unknown,"Travel, cold, carry, restock, gold, and spell-learning timing deferred",source_listed_candidate,SN-000052-spell-tomes-and-learned-spells.md,Source-listed spell tome acquisition; final route source selection pending.
BOOKLOC-000623,OBJ-000941,Spell Tome: Conjure Flame Atronach,spell_tome,dragonborn,Conjuration,Skyrim,,Winterhold,The Frozen Hearth,"Purchase from Nelacar in Winterhold. Source note: Can be purchased from: Calcelmo, Falion, Farengar Secret-Fire, Madena, Nelacar, Phinis Gestor, Sybille Stentor, Wuunferth the Unliving, Wylandriah, Talvas Fathryon.","Merchant transaction; price, stock, and barter setup need route validation",Vendor availability/restock timing needs route validation.,unknown,unknown,unknown,"Travel, cold, carry, restock, gold, and spell-learning timing deferred",source_listed_candidate,SN-000052-spell-tomes-and-learned-spells.md,Source-listed spell tome acquisition; final route source selection pending.
BOOKLOC-000624,OBJ-000941,Spell Tome: Conjure Flame Atronach,spell_tome,dragonborn,Conjuration,Skyrim,,Winterhold,College of Winterhold,"Purchase from Phinis Gestor at the College of Winterhold. Source note: Can be purchased from: Calcelmo, Falion, Farengar Secret-Fire, Madena, Nelacar, Phinis Gestor, Sybille Stentor, Wuunferth the Unliving, Wylandriah, Talvas Fathryon.","Merchant transaction; price, stock, and barter setup need route validation",Vendor availability/restock timing needs route validation.,unknown,unknown,unknown,"Travel, cold, carry, restock, gold, and spell-learning timing deferred",source_listed_candidate,SN-000052-spell-tomes-and-learned-spells.md,Source-listed spell tome acquisition; final route source selection pending.
BOOKLOC-000625,OBJ-000941,Spell Tome: Conjure Flame Atronach,spell_tome,dragonborn,Conjuration,Skyrim,,Haafingar,Blue Palace,"Purchase from Sybille Stentor in Solitude. Source note: Can be purchased from: Calcelmo, Falion, Farengar Secret-Fire, Madena, Nelacar, Phinis Gestor, Sybille Stentor, Wuunferth the Unliving, Wylandriah, Talvas Fathryon.","Merchant transaction; price, stock, and barter setup need route validation",Vendor availability/restock timing needs route validation.,unknown,unknown,unknown,"Travel, cold, carry, restock, gold, and spell-learning timing deferred",source_listed_candidate,SN-000052-spell-tomes-and-learned-spells.md,Source-listed spell tome acquisition; final route source selection pending.
BOOKLOC-000626,OBJ-000941,Spell Tome: Conjure Flame Atronach,spell_tome,dragonborn,Conjuration,Skyrim,,Eastmarch,Palace of the Kings,"Purchase from Wuunferth the Unliving in Windhelm. Source note: Can be purchased from: Calcelmo, Falion, Farengar Secret-Fire, Madena, Nelacar, Phinis Gestor, Sybille Stentor, Wuunferth the Unliving, Wylandriah, Talvas Fathryon.","Merchant transaction; price, stock, and barter setup need route validation",Vendor availability/restock timing needs route validation.,unknown,unknown,unknown,"Travel, cold, carry, restock, gold, and spell-learning timing deferred",source_listed_candidate,SN-000052-spell-tomes-and-learned-spells.md,Source-listed spell tome acquisition; final route source selection pending.
BOOKLOC-000627,OBJ-000941,Spell Tome: Conjure Flame Atronach,spell_tome,dragonborn,Conjuration,Skyrim,,The Rift,Mistveil Keep,"Purchase from Wylandriah in Riften. Source note: Can be purchased from: Calcelmo, Falion, Farengar Secret-Fire, Madena, Nelacar, Phinis Gestor, Sybille Stentor, Wuunferth the Unliving, Wylandriah, Talvas Fathryon.","Merchant transaction; price, stock, and barter setup need route validation",Vendor availability/restock timing needs route validation.,unknown,unknown,unknown,"Travel, cold, carry, restock, gold, and spell-learning timing deferred",source_listed_candidate,SN-000052-spell-tomes-and-learned-spells.md,Source-listed spell tome acquisition; final route source selection pending.
BOOKLOC-000628,OBJ-000941,Spell Tome: Conjure Flame Atronach,spell_tome,dragonborn,Conjuration,Solstheim,,,Tel Mithryn,"Purchase from Talvas Fathryon at Tel Mithryn. Source note: Can be purchased from: Calcelmo, Falion, Farengar Secret-Fire, Madena, Nelacar, Phinis Gestor, Sybille Stentor, Wuunferth the Unliving, Wylandriah, Talvas Fathryon.","Merchant transaction; price, stock, and barter setup need route validation",Vendor availability/restock timing needs route validation.,unknown,unknown,unknown,"Travel, cold, carry, restock, gold, and spell-learning timing deferred",source_listed_candidate,SN-000052-spell-tomes-and-learned-spells.md,Source-listed spell tome acquisition; final route source selection pending.
BOOKLOC-000629,OBJ-000941,Spell Tome: Conjure Flame Atronach,spell_tome,base_game,Conjuration,Skyrim,,,Korvanjund Crypt,Can be found in Korvanjund Crypt.,Loot/access status needs route validation,,unknown,unknown,unknown,"Travel, cold, carry, restock, gold, and spell-learning timing deferred",source_listed_candidate,SN-000052-spell-tomes-and-learned-spells.md,Source-listed spell tome acquisition; final route source selection pending.
BOOKLOC-000630,OBJ-000941,Spell Tome: Conjure Flame Atronach,spell_tome,base_game,Conjuration,Skyrim,,,Atronach Forge,Can be created at the Atronach Forge.,,,unknown,unknown,unknown,"Travel, cold, carry, restock, gold, and spell-learning timing deferred",source_listed_candidate,SN-000052-spell-tomes-and-learned-spells.md,Source-listed spell tome acquisition; final route source selection pending.
BOOKLOC-000631,OBJ-000941,Spell Tome: Conjure Flame Atronach,spell_tome,base_game,Conjuration,Skyrim,,,Random spell tome loot,Generic apprentice spell tome random loot source from boss chests and safes.,Random/container source; reliability and ownership not route-ready,Character level 11+ for apprentice random spell tome loot; route should prefer deterministic sources unless later validated.,unknown,unknown,unknown,"Travel, cold, carry, restock, gold, and spell-learning timing deferred",source_listed_candidate,SN-000052-spell-tomes-and-learned-spells.md,Generic random loot source from UESP spell tome location rules; not a deterministic route choice.
BOOKLOC-000632,OBJ-000942,Spell Tome: Conjure Foul Zombie,spell_tome,ae_creation,Conjuration,Skyrim,,The Reach,Understone Keep,"Purchase from Calcelmo in Markarth. Source note: Can be purchased from: Calcelmo, Falion, Farengar Secret-Fire, Madena, Nelacar, Phinis Gestor, Sybille Stentor, Wuunferth the Unliving, Wylandriah, Talvas Fathryon (only after The Rising Dead has been completed).","Merchant transaction; price, stock, and barter setup need route validation","Can be purchased from: Calcelmo, Falion, Farengar Secret-Fire, Madena, Nelacar, Phinis Gestor, Sybille Stentor, Wuunferth the Unliving, Wylandriah, Talvas Fathryon (only after The Rising Dead has been completed) | Vendor availability/restock timing needs route validation.",unknown,unknown,unknown,"Travel, cold, carry, restock, gold, and spell-learning timing deferred",provisional_objective_representative,SN-000052-spell-tomes-and-learned-spells.md,Source-listed spell tome acquisition; final route source selection pending.
BOOKLOC-000633,OBJ-000942,Spell Tome: Conjure Foul Zombie,spell_tome,ae_creation,Conjuration,Skyrim,,Hjaalmarch,Morthal,"Purchase from Falion in Morthal. Source note: Can be purchased from: Calcelmo, Falion, Farengar Secret-Fire, Madena, Nelacar, Phinis Gestor, Sybille Stentor, Wuunferth the Unliving, Wylandriah, Talvas Fathryon (only after The Rising Dead has been completed).","Merchant transaction; price, stock, and barter setup need route validation","Can be purchased from: Calcelmo, Falion, Farengar Secret-Fire, Madena, Nelacar, Phinis Gestor, Sybille Stentor, Wuunferth the Unliving, Wylandriah, Talvas Fathryon (only after The Rising Dead has been completed) | Vendor availability/restock timing needs route validation.",unknown,unknown,unknown,"Travel, cold, carry, restock, gold, and spell-learning timing deferred",source_listed_candidate,SN-000052-spell-tomes-and-learned-spells.md,Source-listed spell tome acquisition; final route source selection pending.
BOOKLOC-000634,OBJ-000942,Spell Tome: Conjure Foul Zombie,spell_tome,ae_creation,Conjuration,Skyrim,,Whiterun Hold,Dragonsreach,"Purchase from Farengar Secret-Fire in Whiterun. Source note: Can be purchased from: Calcelmo, Falion, Farengar Secret-Fire, Madena, Nelacar, Phinis Gestor, Sybille Stentor, Wuunferth the Unliving, Wylandriah, Talvas Fathryon (only after The Rising Dead has been completed).","Merchant transaction; price, stock, and barter setup need route validation","Can be purchased from: Calcelmo, Falion, Farengar Secret-Fire, Madena, Nelacar, Phinis Gestor, Sybille Stentor, Wuunferth the Unliving, Wylandriah, Talvas Fathryon (only after The Rising Dead has been completed) | Vendor availability/restock timing needs route validation.",unknown,unknown,unknown,"Travel, cold, carry, restock, gold, and spell-learning timing deferred",source_listed_candidate,SN-000052-spell-tomes-and-learned-spells.md,Source-listed spell tome acquisition; final route source selection pending.
BOOKLOC-000635,OBJ-000942,Spell Tome: Conjure Foul Zombie,spell_tome,ae_creation,Conjuration,Skyrim,,The Pale,The White Hall,"Purchase from Madena in Dawnstar. Source note: Can be purchased from: Calcelmo, Falion, Farengar Secret-Fire, Madena, Nelacar, Phinis Gestor, Sybille Stentor, Wuunferth the Unliving, Wylandriah, Talvas Fathryon (only after The Rising Dead has been completed).","Merchant transaction; price, stock, and barter setup need route validation","Can be purchased from: Calcelmo, Falion, Farengar Secret-Fire, Madena, Nelacar, Phinis Gestor, Sybille Stentor, Wuunferth the Unliving, Wylandriah, Talvas Fathryon (only after The Rising Dead has been completed) | Vendor availability/restock timing needs route validation.",unknown,unknown,unknown,"Travel, cold, carry, restock, gold, and spell-learning timing deferred",source_listed_candidate,SN-000052-spell-tomes-and-learned-spells.md,Source-listed spell tome acquisition; final route source selection pending.
BOOKLOC-000636,OBJ-000942,Spell Tome: Conjure Foul Zombie,spell_tome,ae_creation,Conjuration,Skyrim,,Winterhold,The Frozen Hearth,"Purchase from Nelacar in Winterhold. Source note: Can be purchased from: Calcelmo, Falion, Farengar Secret-Fire, Madena, Nelacar, Phinis Gestor, Sybille Stentor, Wuunferth the Unliving, Wylandriah, Talvas Fathryon (only after The Rising Dead has been completed).","Merchant transaction; price, stock, and barter setup need route validation","Can be purchased from: Calcelmo, Falion, Farengar Secret-Fire, Madena, Nelacar, Phinis Gestor, Sybille Stentor, Wuunferth the Unliving, Wylandriah, Talvas Fathryon (only after The Rising Dead has been completed) | Vendor availability/restock timing needs route validation.",unknown,unknown,unknown,"Travel, cold, carry, restock, gold, and spell-learning timing deferred",source_listed_candidate,SN-000052-spell-tomes-and-learned-spells.md,Source-listed spell tome acquisition; final route source selection pending.
BOOKLOC-000637,OBJ-000942,Spell Tome: Conjure Foul Zombie,spell_tome,ae_creation,Conjuration,Skyrim,,Winterhold,College of Winterhold,"Purchase from Phinis Gestor at the College of Winterhold. Source note: Can be purchased from: Calcelmo, Falion, Farengar Secret-Fire, Madena, Nelacar, Phinis Gestor, Sybille Stentor, Wuunferth the Unliving, Wylandriah, Talvas Fathryon (only after The Rising Dead has been completed).","Merchant transaction; price, stock, and barter setup need route validation","Can be purchased from: Calcelmo, Falion, Farengar Secret-Fire, Madena, Nelacar, Phinis Gestor, Sybille Stentor, Wuunferth the Unliving, Wylandriah, Talvas Fathryon (only after The Rising Dead has been completed) | Vendor availability/restock timing needs route validation.",unknown,unknown,unknown,"Travel, cold, carry, restock, gold, and spell-learning timing deferred",source_listed_candidate,SN-000052-spell-tomes-and-learned-spells.md,Source-listed spell tome acquisition; final route source selection pending.
BOOKLOC-000638,OBJ-000942,Spell Tome: Conjure Foul Zombie,spell_tome,ae_creation,Conjuration,Skyrim,,Haafingar,Blue Palace,"Purchase from Sybille Stentor in Solitude. Source note: Can be purchased from: Calcelmo, Falion, Farengar Secret-Fire, Madena, Nelacar, Phinis Gestor, Sybille Stentor, Wuunferth the Unliving, Wylandriah, Talvas Fathryon (only after The Rising Dead has been completed).","Merchant transaction; price, stock, and barter setup need route validation","Can be purchased from: Calcelmo, Falion, Farengar Secret-Fire, Madena, Nelacar, Phinis Gestor, Sybille Stentor, Wuunferth the Unliving, Wylandriah, Talvas Fathryon (only after The Rising Dead has been completed) | Vendor availability/restock timing needs route validation.",unknown,unknown,unknown,"Travel, cold, carry, restock, gold, and spell-learning timing deferred",source_listed_candidate,SN-000052-spell-tomes-and-learned-spells.md,Source-listed spell tome acquisition; final route source selection pending.
BOOKLOC-000639,OBJ-000942,Spell Tome: Conjure Foul Zombie,spell_tome,ae_creation,Conjuration,Skyrim,,Eastmarch,Palace of the Kings,"Purchase from Wuunferth the Unliving in Windhelm. Source note: Can be purchased from: Calcelmo, Falion, Farengar Secret-Fire, Madena, Nelacar, Phinis Gestor, Sybille Stentor, Wuunferth the Unliving, Wylandriah, Talvas Fathryon (only after The Rising Dead has been completed).","Merchant transaction; price, stock, and barter setup need route validation","Can be purchased from: Calcelmo, Falion, Farengar Secret-Fire, Madena, Nelacar, Phinis Gestor, Sybille Stentor, Wuunferth the Unliving, Wylandriah, Talvas Fathryon (only after The Rising Dead has been completed) | Vendor availability/restock timing needs route validation.",unknown,unknown,unknown,"Travel, cold, carry, restock, gold, and spell-learning timing deferred",source_listed_candidate,SN-000052-spell-tomes-and-learned-spells.md,Source-listed spell tome acquisition; final route source selection pending.
BOOKLOC-000640,OBJ-000942,Spell Tome: Conjure Foul Zombie,spell_tome,ae_creation,Conjuration,Skyrim,,The Rift,Mistveil Keep,"Purchase from Wylandriah in Riften. Source note: Can be purchased from: Calcelmo, Falion, Farengar Secret-Fire, Madena, Nelacar, Phinis Gestor, Sybille Stentor, Wuunferth the Unliving, Wylandriah, Talvas Fathryon (only after The Rising Dead has been completed).","Merchant transaction; price, stock, and barter setup need route validation","Can be purchased from: Calcelmo, Falion, Farengar Secret-Fire, Madena, Nelacar, Phinis Gestor, Sybille Stentor, Wuunferth the Unliving, Wylandriah, Talvas Fathryon (only after The Rising Dead has been completed) | Vendor availability/restock timing needs route validation.",unknown,unknown,unknown,"Travel, cold, carry, restock, gold, and spell-learning timing deferred",source_listed_candidate,SN-000052-spell-tomes-and-learned-spells.md,Source-listed spell tome acquisition; final route source selection pending.
BOOKLOC-000641,OBJ-000942,Spell Tome: Conjure Foul Zombie,spell_tome,ae_creation,Conjuration,Solstheim,,,Tel Mithryn,"Purchase from Talvas Fathryon at Tel Mithryn. Source note: Can be purchased from: Calcelmo, Falion, Farengar Secret-Fire, Madena, Nelacar, Phinis Gestor, Sybille Stentor, Wuunferth the Unliving, Wylandriah, Talvas Fathryon (only after The Rising Dead has been completed).","Merchant transaction; price, stock, and barter setup need route validation","Can be purchased from: Calcelmo, Falion, Farengar Secret-Fire, Madena, Nelacar, Phinis Gestor, Sybille Stentor, Wuunferth the Unliving, Wylandriah, Talvas Fathryon (only after The Rising Dead has been completed) | Vendor availability/restock timing needs route validation.",unknown,unknown,unknown,"Travel, cold, carry, restock, gold, and spell-learning timing deferred",source_listed_candidate,SN-000052-spell-tomes-and-learned-spells.md,Source-listed spell tome acquisition; final route source selection pending.
BOOKLOC-000642,OBJ-000942,Spell Tome: Conjure Foul Zombie,spell_tome,ae_creation,Conjuration,Skyrim,,,Ritual site southeast of Helgen,"Can be found at a ritual site southeast of Helgen, just north of Southfringe Sanctum.",Loot/access status needs route validation,,unknown,unknown,unknown,"Travel, cold, carry, restock, gold, and spell-learning timing deferred",source_listed_candidate,SN-000052-spell-tomes-and-learned-spells.md,Source-listed spell tome acquisition; final route source selection pending.
BOOKLOC-000643,OBJ-000943,Spell Tome: Conjure Haunting Spirit,spell_tome,ae_creation,Conjuration,Skyrim,,Winterhold,College of Winterhold,Purchase from Phinis Gestor at the College of Winterhold. Source note: Can be purchased from: Phinis Gestor.,"Merchant transaction; price, stock, and barter setup need route validation",Vendor availability/restock timing needs route validation.,unknown,unknown,unknown,"Travel, cold, carry, restock, gold, and spell-learning timing deferred",provisional_objective_representative,SN-000052-spell-tomes-and-learned-spells.md,Source-listed spell tome acquisition; final route source selection pending.
BOOKLOC-000644,OBJ-000943,Spell Tome: Conjure Haunting Spirit,spell_tome,ae_creation,Conjuration,Skyrim,,,Yngvild,Can be found in the treasure room of Yngvild.,Loot/access status needs route validation,,unknown,unknown,unknown,"Travel, cold, carry, restock, gold, and spell-learning timing deferred",source_listed_candidate,SN-000052-spell-tomes-and-learned-spells.md,Source-listed spell tome acquisition; final route source selection pending.
BOOKLOC-000645,OBJ-000944,Spell Tome: Conjure Skeleton Marksman,spell_tome,ae_creation,Conjuration,Skyrim,,Winterhold,College of Winterhold,Purchase from Phinis Gestor at the College of Winterhold. Source note: Can be purchased from: Phinis Gestor.,"Merchant transaction; price, stock, and barter setup need route validation",Vendor availability/restock timing needs route validation.,unknown,unknown,unknown,"Travel, cold, carry, restock, gold, and spell-learning timing deferred",provisional_objective_representative,SN-000052-spell-tomes-and-learned-spells.md,Source-listed spell tome acquisition; final route source selection pending.
BOOKLOC-000646,OBJ-000945,Spell Tome: Conjure Flaming Familiar,spell_tome,base_game,Conjuration,Skyrim,,,A Scroll For Anska,Reward for quest A Scroll For Anska.,,Reward for quest A Scroll For Anska,unknown,unknown,unknown,"Travel, cold, carry, restock, gold, and spell-learning timing deferred",provisional_objective_representative,SN-000052-spell-tomes-and-learned-spells.md,Source-listed spell tome acquisition; final route source selection pending.
BOOKLOC-000647,OBJ-000946,Spell Tome: Reanimate Corpse,spell_tome,dragonborn,Conjuration,Skyrim,,The Reach,Understone Keep,"Purchase from Calcelmo in Markarth. Source note: Can be purchased from: Calcelmo, Falion, Farengar Secret-Fire, Madena, Nelacar, Phinis Gestor, Sybille Stentor, Wuunferth the Unliving, Wylandriah, Talvas Fathryon.","Merchant transaction; price, stock, and barter setup need route validation",Vendor availability/restock timing needs route validation.,unknown,unknown,unknown,"Travel, cold, carry, restock, gold, and spell-learning timing deferred",provisional_objective_representative,SN-000052-spell-tomes-and-learned-spells.md,Source-listed spell tome acquisition; final route source selection pending.
BOOKLOC-000648,OBJ-000946,Spell Tome: Reanimate Corpse,spell_tome,dragonborn,Conjuration,Skyrim,,Hjaalmarch,Morthal,"Purchase from Falion in Morthal. Source note: Can be purchased from: Calcelmo, Falion, Farengar Secret-Fire, Madena, Nelacar, Phinis Gestor, Sybille Stentor, Wuunferth the Unliving, Wylandriah, Talvas Fathryon.","Merchant transaction; price, stock, and barter setup need route validation",Vendor availability/restock timing needs route validation.,unknown,unknown,unknown,"Travel, cold, carry, restock, gold, and spell-learning timing deferred",source_listed_candidate,SN-000052-spell-tomes-and-learned-spells.md,Source-listed spell tome acquisition; final route source selection pending.
BOOKLOC-000649,OBJ-000946,Spell Tome: Reanimate Corpse,spell_tome,dragonborn,Conjuration,Skyrim,,Whiterun Hold,Dragonsreach,"Purchase from Farengar Secret-Fire in Whiterun. Source note: Can be purchased from: Calcelmo, Falion, Farengar Secret-Fire, Madena, Nelacar, Phinis Gestor, Sybille Stentor, Wuunferth the Unliving, Wylandriah, Talvas Fathryon.","Merchant transaction; price, stock, and barter setup need route validation",Vendor availability/restock timing needs route validation.,unknown,unknown,unknown,"Travel, cold, carry, restock, gold, and spell-learning timing deferred",source_listed_candidate,SN-000052-spell-tomes-and-learned-spells.md,Source-listed spell tome acquisition; final route source selection pending.
BOOKLOC-000650,OBJ-000946,Spell Tome: Reanimate Corpse,spell_tome,dragonborn,Conjuration,Skyrim,,The Pale,The White Hall,"Purchase from Madena in Dawnstar. Source note: Can be purchased from: Calcelmo, Falion, Farengar Secret-Fire, Madena, Nelacar, Phinis Gestor, Sybille Stentor, Wuunferth the Unliving, Wylandriah, Talvas Fathryon.","Merchant transaction; price, stock, and barter setup need route validation",Vendor availability/restock timing needs route validation.,unknown,unknown,unknown,"Travel, cold, carry, restock, gold, and spell-learning timing deferred",source_listed_candidate,SN-000052-spell-tomes-and-learned-spells.md,Source-listed spell tome acquisition; final route source selection pending.
BOOKLOC-000651,OBJ-000946,Spell Tome: Reanimate Corpse,spell_tome,dragonborn,Conjuration,Skyrim,,Winterhold,The Frozen Hearth,"Purchase from Nelacar in Winterhold. Source note: Can be purchased from: Calcelmo, Falion, Farengar Secret-Fire, Madena, Nelacar, Phinis Gestor, Sybille Stentor, Wuunferth the Unliving, Wylandriah, Talvas Fathryon.","Merchant transaction; price, stock, and barter setup need route validation",Vendor availability/restock timing needs route validation.,unknown,unknown,unknown,"Travel, cold, carry, restock, gold, and spell-learning timing deferred",source_listed_candidate,SN-000052-spell-tomes-and-learned-spells.md,Source-listed spell tome acquisition; final route source selection pending.
BOOKLOC-000652,OBJ-000946,Spell Tome: Reanimate Corpse,spell_tome,dragonborn,Conjuration,Skyrim,,Winterhold,College of Winterhold,"Purchase from Phinis Gestor at the College of Winterhold. Source note: Can be purchased from: Calcelmo, Falion, Farengar Secret-Fire, Madena, Nelacar, Phinis Gestor, Sybille Stentor, Wuunferth the Unliving, Wylandriah, Talvas Fathryon.","Merchant transaction; price, stock, and barter setup need route validation",Vendor availability/restock timing needs route validation.,unknown,unknown,unknown,"Travel, cold, carry, restock, gold, and spell-learning timing deferred",source_listed_candidate,SN-000052-spell-tomes-and-learned-spells.md,Source-listed spell tome acquisition; final route source selection pending.
BOOKLOC-000653,OBJ-000946,Spell Tome: Reanimate Corpse,spell_tome,dragonborn,Conjuration,Skyrim,,Haafingar,Blue Palace,"Purchase from Sybille Stentor in Solitude. Source note: Can be purchased from: Calcelmo, Falion, Farengar Secret-Fire, Madena, Nelacar, Phinis Gestor, Sybille Stentor, Wuunferth the Unliving, Wylandriah, Talvas Fathryon.","Merchant transaction; price, stock, and barter setup need route validation",Vendor availability/restock timing needs route validation.,unknown,unknown,unknown,"Travel, cold, carry, restock, gold, and spell-learning timing deferred",source_listed_candidate,SN-000052-spell-tomes-and-learned-spells.md,Source-listed spell tome acquisition; final route source selection pending.
BOOKLOC-000654,OBJ-000946,Spell Tome: Reanimate Corpse,spell_tome,dragonborn,Conjuration,Skyrim,,Eastmarch,Palace of the Kings,"Purchase from Wuunferth the Unliving in Windhelm. Source note: Can be purchased from: Calcelmo, Falion, Farengar Secret-Fire, Madena, Nelacar, Phinis Gestor, Sybille Stentor, Wuunferth the Unliving, Wylandriah, Talvas Fathryon.","Merchant transaction; price, stock, and barter setup need route validation",Vendor availability/restock timing needs route validation.,unknown,unknown,unknown,"Travel, cold, carry, restock, gold, and spell-learning timing deferred",source_listed_candidate,SN-000052-spell-tomes-and-learned-spells.md,Source-listed spell tome acquisition; final route source selection pending.
BOOKLOC-000655,OBJ-000946,Spell Tome: Reanimate Corpse,spell_tome,dragonborn,Conjuration,Skyrim,,The Rift,Mistveil Keep,"Purchase from Wylandriah in Riften. Source note: Can be purchased from: Calcelmo, Falion, Farengar Secret-Fire, Madena, Nelacar, Phinis Gestor, Sybille Stentor, Wuunferth the Unliving, Wylandriah, Talvas Fathryon.","Merchant transaction; price, stock, and barter setup need route validation",Vendor availability/restock timing needs route validation.,unknown,unknown,unknown,"Travel, cold, carry, restock, gold, and spell-learning timing deferred",source_listed_candidate,SN-000052-spell-tomes-and-learned-spells.md,Source-listed spell tome acquisition; final route source selection pending.
BOOKLOC-000656,OBJ-000946,Spell Tome: Reanimate Corpse,spell_tome,dragonborn,Conjuration,Solstheim,,,Tel Mithryn,"Purchase from Talvas Fathryon at Tel Mithryn. Source note: Can be purchased from: Calcelmo, Falion, Farengar Secret-Fire, Madena, Nelacar, Phinis Gestor, Sybille Stentor, Wuunferth the Unliving, Wylandriah, Talvas Fathryon.","Merchant transaction; price, stock, and barter setup need route validation",Vendor availability/restock timing needs route validation.,unknown,unknown,unknown,"Travel, cold, carry, restock, gold, and spell-learning timing deferred",source_listed_candidate,SN-000052-spell-tomes-and-learned-spells.md,Source-listed spell tome acquisition; final route source selection pending.
BOOKLOC-000657,OBJ-000946,Spell Tome: Reanimate Corpse,spell_tome,base_game,Conjuration,Skyrim,,,Warlord Gathrik,Can be found on Warlord Gathrik during Coming of Age.,Loot/access status needs route validation,Can be found on Warlord Gathrik during Coming of Age,unknown,unknown,unknown,"Travel, cold, carry, restock, gold, and spell-learning timing deferred",source_listed_candidate,SN-000052-spell-tomes-and-learned-spells.md,Source-listed spell tome acquisition; final route source selection pending.
BOOKLOC-000658,OBJ-000946,Spell Tome: Reanimate Corpse,spell_tome,base_game,Conjuration,Skyrim,,,Random spell tome loot,Generic apprentice spell tome random loot source from boss chests and safes.,Random/container source; reliability and ownership not route-ready,Character level 11+ for apprentice random spell tome loot; route should prefer deterministic sources unless later validated.,unknown,unknown,unknown,"Travel, cold, carry, restock, gold, and spell-learning timing deferred",source_listed_candidate,SN-000052-spell-tomes-and-learned-spells.md,Generic random loot source from UESP spell tome location rules; not a deterministic route choice.
BOOKLOC-000659,OBJ-000947,Spell Tome: Soul Split,spell_tome,ae_creation,Conjuration,Skyrim,,Winterhold,College of Winterhold,Purchase from Phinis Gestor at the College of Winterhold. Source note: Can be purchased from: Phinis Gestor.,"Merchant transaction; price, stock, and barter setup need route validation",Vendor availability/restock timing needs route validation.,unknown,unknown,unknown,"Travel, cold, carry, restock, gold, and spell-learning timing deferred",provisional_objective_representative,SN-000052-spell-tomes-and-learned-spells.md,Source-listed spell tome acquisition; final route source selection pending.
BOOKLOC-000660,OBJ-000947,Spell Tome: Soul Split,spell_tome,ae_creation,Conjuration,Skyrim,,,Ilinalta's Deep,Can be found upon an Enchanting Table in Ilinalta's Deep.,Loot/access status needs route validation,,unknown,unknown,unknown,"Travel, cold, carry, restock, gold, and spell-learning timing deferred",source_listed_candidate,SN-000052-spell-tomes-and-learned-spells.md,Source-listed spell tome acquisition; final route source selection pending.
BOOKLOC-000661,OBJ-000948,Spell Tome: Soul Trap,spell_tome,dragonborn,Conjuration,Skyrim,,The Reach,Understone Keep,"Purchase from Calcelmo in Markarth. Source note: Can be purchased from: Calcelmo, Falion, Farengar Secret-Fire, Madena, Nelacar, Phinis Gestor, Sybille Stentor, Wuunferth the Unliving, Wylandriah, Talvas Fathryon.","Merchant transaction; price, stock, and barter setup need route validation",Vendor availability/restock timing needs route validation.,unknown,unknown,unknown,"Travel, cold, carry, restock, gold, and spell-learning timing deferred",provisional_objective_representative,SN-000052-spell-tomes-and-learned-spells.md,Source-listed spell tome acquisition; final route source selection pending.
BOOKLOC-000662,OBJ-000948,Spell Tome: Soul Trap,spell_tome,dragonborn,Conjuration,Skyrim,,Hjaalmarch,Morthal,"Purchase from Falion in Morthal. Source note: Can be purchased from: Calcelmo, Falion, Farengar Secret-Fire, Madena, Nelacar, Phinis Gestor, Sybille Stentor, Wuunferth the Unliving, Wylandriah, Talvas Fathryon.","Merchant transaction; price, stock, and barter setup need route validation",Vendor availability/restock timing needs route validation.,unknown,unknown,unknown,"Travel, cold, carry, restock, gold, and spell-learning timing deferred",source_listed_candidate,SN-000052-spell-tomes-and-learned-spells.md,Source-listed spell tome acquisition; final route source selection pending.
BOOKLOC-000663,OBJ-000948,Spell Tome: Soul Trap,spell_tome,dragonborn,Conjuration,Skyrim,,Whiterun Hold,Dragonsreach,"Purchase from Farengar Secret-Fire in Whiterun. Source note: Can be purchased from: Calcelmo, Falion, Farengar Secret-Fire, Madena, Nelacar, Phinis Gestor, Sybille Stentor, Wuunferth the Unliving, Wylandriah, Talvas Fathryon.","Merchant transaction; price, stock, and barter setup need route validation",Vendor availability/restock timing needs route validation.,unknown,unknown,unknown,"Travel, cold, carry, restock, gold, and spell-learning timing deferred",source_listed_candidate,SN-000052-spell-tomes-and-learned-spells.md,Source-listed spell tome acquisition; final route source selection pending.
BOOKLOC-000664,OBJ-000948,Spell Tome: Soul Trap,spell_tome,dragonborn,Conjuration,Skyrim,,The Pale,The White Hall,"Purchase from Madena in Dawnstar. Source note: Can be purchased from: Calcelmo, Falion, Farengar Secret-Fire, Madena, Nelacar, Phinis Gestor, Sybille Stentor, Wuunferth the Unliving, Wylandriah, Talvas Fathryon.","Merchant transaction; price, stock, and barter setup need route validation",Vendor availability/restock timing needs route validation.,unknown,unknown,unknown,"Travel, cold, carry, restock, gold, and spell-learning timing deferred",source_listed_candidate,SN-000052-spell-tomes-and-learned-spells.md,Source-listed spell tome acquisition; final route source selection pending.
BOOKLOC-000665,OBJ-000948,Spell Tome: Soul Trap,spell_tome,dragonborn,Conjuration,Skyrim,,Winterhold,The Frozen Hearth,"Purchase from Nelacar in Winterhold. Source note: Can be purchased from: Calcelmo, Falion, Farengar Secret-Fire, Madena, Nelacar, Phinis Gestor, Sybille Stentor, Wuunferth the Unliving, Wylandriah, Talvas Fathryon.","Merchant transaction; price, stock, and barter setup need route validation",Vendor availability/restock timing needs route validation.,unknown,unknown,unknown,"Travel, cold, carry, restock, gold, and spell-learning timing deferred",source_listed_candidate,SN-000052-spell-tomes-and-learned-spells.md,Source-listed spell tome acquisition; final route source selection pending.
BOOKLOC-000666,OBJ-000948,Spell Tome: Soul Trap,spell_tome,dragonborn,Conjuration,Skyrim,,Winterhold,College of Winterhold,"Purchase from Phinis Gestor at the College of Winterhold. Source note: Can be purchased from: Calcelmo, Falion, Farengar Secret-Fire, Madena, Nelacar, Phinis Gestor, Sybille Stentor, Wuunferth the Unliving, Wylandriah, Talvas Fathryon.","Merchant transaction; price, stock, and barter setup need route validation",Vendor availability/restock timing needs route validation.,unknown,unknown,unknown,"Travel, cold, carry, restock, gold, and spell-learning timing deferred",source_listed_candidate,SN-000052-spell-tomes-and-learned-spells.md,Source-listed spell tome acquisition; final route source selection pending.
BOOKLOC-000667,OBJ-000948,Spell Tome: Soul Trap,spell_tome,dragonborn,Conjuration,Skyrim,,Haafingar,Blue Palace,"Purchase from Sybille Stentor in Solitude. Source note: Can be purchased from: Calcelmo, Falion, Farengar Secret-Fire, Madena, Nelacar, Phinis Gestor, Sybille Stentor, Wuunferth the Unliving, Wylandriah, Talvas Fathryon.","Merchant transaction; price, stock, and barter setup need route validation",Vendor availability/restock timing needs route validation.,unknown,unknown,unknown,"Travel, cold, carry, restock, gold, and spell-learning timing deferred",source_listed_candidate,SN-000052-spell-tomes-and-learned-spells.md,Source-listed spell tome acquisition; final route source selection pending.
BOOKLOC-000668,OBJ-000948,Spell Tome: Soul Trap,spell_tome,dragonborn,Conjuration,Skyrim,,Eastmarch,Palace of the Kings,"Purchase from Wuunferth the Unliving in Windhelm. Source note: Can be purchased from: Calcelmo, Falion, Farengar Secret-Fire, Madena, Nelacar, Phinis Gestor, Sybille Stentor, Wuunferth the Unliving, Wylandriah, Talvas Fathryon.","Merchant transaction; price, stock, and barter setup need route validation",Vendor availability/restock timing needs route validation.,unknown,unknown,unknown,"Travel, cold, carry, restock, gold, and spell-learning timing deferred",source_listed_candidate,SN-000052-spell-tomes-and-learned-spells.md,Source-listed spell tome acquisition; final route source selection pending.
BOOKLOC-000669,OBJ-000948,Spell Tome: Soul Trap,spell_tome,dragonborn,Conjuration,Skyrim,,The Rift,Mistveil Keep,"Purchase from Wylandriah in Riften. Source note: Can be purchased from: Calcelmo, Falion, Farengar Secret-Fire, Madena, Nelacar, Phinis Gestor, Sybille Stentor, Wuunferth the Unliving, Wylandriah, Talvas Fathryon.","Merchant transaction; price, stock, and barter setup need route validation",Vendor availability/restock timing needs route validation.,unknown,unknown,unknown,"Travel, cold, carry, restock, gold, and spell-learning timing deferred",source_listed_candidate,SN-000052-spell-tomes-and-learned-spells.md,Source-listed spell tome acquisition; final route source selection pending.
BOOKLOC-000670,OBJ-000948,Spell Tome: Soul Trap,spell_tome,dragonborn,Conjuration,Solstheim,,,Tel Mithryn,"Purchase from Talvas Fathryon at Tel Mithryn. Source note: Can be purchased from: Calcelmo, Falion, Farengar Secret-Fire, Madena, Nelacar, Phinis Gestor, Sybille Stentor, Wuunferth the Unliving, Wylandriah, Talvas Fathryon.","Merchant transaction; price, stock, and barter setup need route validation",Vendor availability/restock timing needs route validation.,unknown,unknown,unknown,"Travel, cold, carry, restock, gold, and spell-learning timing deferred",source_listed_candidate,SN-000052-spell-tomes-and-learned-spells.md,Source-listed spell tome acquisition; final route source selection pending.
BOOKLOC-000671,OBJ-000948,Spell Tome: Soul Trap,spell_tome,base_game,Conjuration,Skyrim,,,Atronach Forge,Can be created at the Atronach Forge.,,,unknown,unknown,unknown,"Travel, cold, carry, restock, gold, and spell-learning timing deferred",source_listed_candidate,SN-000052-spell-tomes-and-learned-spells.md,Source-listed spell tome acquisition; final route source selection pending.
BOOKLOC-000672,OBJ-000948,Spell Tome: Soul Trap,spell_tome,base_game,Conjuration,Skyrim,,,Random spell tome loot,Generic apprentice spell tome random loot source from boss chests and safes.,Random/container source; reliability and ownership not route-ready,Character level 11+ for apprentice random spell tome loot; route should prefer deterministic sources unless later validated.,unknown,unknown,unknown,"Travel, cold, carry, restock, gold, and spell-learning timing deferred",source_listed_candidate,SN-000052-spell-tomes-and-learned-spells.md,Generic random loot source from UESP spell tome location rules; not a deterministic route choice.
BOOKLOC-000673,OBJ-000949,Spell Tome: Conjure Daedric Horse,spell_tome,ae_creation,Conjuration,Deadlands,,,Deadlands,Can be found in: The Deadlands (inside The Punished).,Loot/access status needs route validation,,unknown,unknown,unknown,"Travel, cold, carry, restock, gold, and spell-learning timing deferred",provisional_objective_representative,SN-000052-spell-tomes-and-learned-spells.md,Source-listed spell tome acquisition; final route source selection pending.
BOOKLOC-000674,OBJ-000950,Spell Tome: Banish Daedra,spell_tome,base_game,Conjuration,Skyrim,,The Reach,Understone Keep,"Purchase from Calcelmo in Markarth. Source note: Can be purchased from: Calcelmo, Falion, Phinis Gestor.","Merchant transaction; price, stock, and barter setup need route validation",Adept vendor stock generally requires school skill 40 and inventory reset; validate per merchant later.,unknown,unknown,unknown,"Travel, cold, carry, restock, gold, and spell-learning timing deferred",provisional_objective_representative,SN-000052-spell-tomes-and-learned-spells.md,Source-listed spell tome acquisition; final route source selection pending.
BOOKLOC-000675,OBJ-000950,Spell Tome: Banish Daedra,spell_tome,base_game,Conjuration,Skyrim,,Hjaalmarch,Morthal,"Purchase from Falion in Morthal. Source note: Can be purchased from: Calcelmo, Falion, Phinis Gestor.","Merchant transaction; price, stock, and barter setup need route validation",Adept vendor stock generally requires school skill 40 and inventory reset; validate per merchant later.,unknown,unknown,unknown,"Travel, cold, carry, restock, gold, and spell-learning timing deferred",source_listed_candidate,SN-000052-spell-tomes-and-learned-spells.md,Source-listed spell tome acquisition; final route source selection pending.
BOOKLOC-000676,OBJ-000950,Spell Tome: Banish Daedra,spell_tome,base_game,Conjuration,Skyrim,,Winterhold,College of Winterhold,"Purchase from Phinis Gestor at the College of Winterhold. Source note: Can be purchased from: Calcelmo, Falion, Phinis Gestor.","Merchant transaction; price, stock, and barter setup need route validation",Adept vendor stock generally requires school skill 40 and inventory reset; validate per merchant later.,unknown,unknown,unknown,"Travel, cold, carry, restock, gold, and spell-learning timing deferred",source_listed_candidate,SN-000052-spell-tomes-and-learned-spells.md,Source-listed spell tome acquisition; final route source selection pending.
BOOKLOC-000677,OBJ-000950,Spell Tome: Banish Daedra,spell_tome,base_game,Conjuration,Skyrim,,,Broken Oar Grotto,Can be found in: Broken Oar Grotto (inside Hargar's Chest; Hargar's Chest Key required).,Loot/access status needs route validation,,unknown,unknown,unknown,"Travel, cold, carry, restock, gold, and spell-learning timing deferred",source_listed_candidate,SN-000052-spell-tomes-and-learned-spells.md,Source-listed spell tome acquisition; final route source selection pending.
BOOKLOC-000678,OBJ-000950,Spell Tome: Banish Daedra,spell_tome,base_game,Conjuration,Skyrim,,,Random spell tome loot,Generic adept spell tome random loot source from boss chests and safes.,Random/container source; reliability and ownership not route-ready,Character level 23+ for adept random spell tome loot; route should prefer deterministic sources unless later validated.,unknown,unknown,unknown,"Travel, cold, carry, restock, gold, and spell-learning timing deferred",source_listed_candidate,SN-000052-spell-tomes-and-learned-spells.md,Generic random loot source from UESP spell tome location rules; not a deterministic route choice.
BOOKLOC-000679,OBJ-000951,Spell Tome: Banish Undead,spell_tome,ae_creation,Conjuration,Skyrim,,Winterhold,College of Winterhold,Purchase from Phinis Gestor at the College of Winterhold. Source note: Can be purchased from: Phinis Gestor.,"Merchant transaction; price, stock, and barter setup need route validation",Vendor availability/restock timing needs route validation.,unknown,unknown,unknown,"Travel, cold, carry, restock, gold, and spell-learning timing deferred",provisional_objective_representative,SN-000052-spell-tomes-and-learned-spells.md,Source-listed spell tome acquisition; final route source selection pending.
BOOKLOC-000680,OBJ-000952,Spell Tome: Bound Bow,spell_tome,base_game,Conjuration,Skyrim,,The Reach,Understone Keep,"Purchase from Calcelmo in Markarth. Source note: Can be purchased from: Calcelmo, Falion, Phinis Gestor.","Merchant transaction; price, stock, and barter setup need route validation",Adept vendor stock generally requires school skill 40 and inventory reset; validate per merchant later.,unknown,unknown,unknown,"Travel, cold, carry, restock, gold, and spell-learning timing deferred",provisional_objective_representative,SN-000052-spell-tomes-and-learned-spells.md,Source-listed spell tome acquisition; final route source selection pending.
BOOKLOC-000681,OBJ-000952,Spell Tome: Bound Bow,spell_tome,base_game,Conjuration,Skyrim,,Hjaalmarch,Morthal,"Purchase from Falion in Morthal. Source note: Can be purchased from: Calcelmo, Falion, Phinis Gestor.","Merchant transaction; price, stock, and barter setup need route validation",Adept vendor stock generally requires school skill 40 and inventory reset; validate per merchant later.,unknown,unknown,unknown,"Travel, cold, carry, restock, gold, and spell-learning timing deferred",source_listed_candidate,SN-000052-spell-tomes-and-learned-spells.md,Source-listed spell tome acquisition; final route source selection pending.
BOOKLOC-000682,OBJ-000952,Spell Tome: Bound Bow,spell_tome,base_game,Conjuration,Skyrim,,Winterhold,College of Winterhold,"Purchase from Phinis Gestor at the College of Winterhold. Source note: Can be purchased from: Calcelmo, Falion, Phinis Gestor.","Merchant transaction; price, stock, and barter setup need route validation",Adept vendor stock generally requires school skill 40 and inventory reset; validate per merchant later.,unknown,unknown,unknown,"Travel, cold, carry, restock, gold, and spell-learning timing deferred",source_listed_candidate,SN-000052-spell-tomes-and-learned-spells.md,Source-listed spell tome acquisition; final route source selection pending.
BOOKLOC-000683,OBJ-000952,Spell Tome: Bound Bow,spell_tome,base_game,Conjuration,Skyrim,,,Fort Amol Prison,Can be found in Fort Amol Prison.,Loot/access status needs route validation,,unknown,unknown,unknown,"Travel, cold, carry, restock, gold, and spell-learning timing deferred",source_listed_candidate,SN-000052-spell-tomes-and-learned-spells.md,Source-listed spell tome acquisition; final route source selection pending.
BOOKLOC-000684,OBJ-000952,Spell Tome: Bound Bow,spell_tome,base_game,Conjuration,Skyrim,,,Random spell tome loot,Generic adept spell tome random loot source from boss chests and safes.,Random/container source; reliability and ownership not route-ready,Character level 23+ for adept random spell tome loot; route should prefer deterministic sources unless later validated.,unknown,unknown,unknown,"Travel, cold, carry, restock, gold, and spell-learning timing deferred",source_listed_candidate,SN-000052-spell-tomes-and-learned-spells.md,Generic random loot source from UESP spell tome location rules; not a deterministic route choice.
BOOKLOC-000685,OBJ-000953,Spell Tome: Bound Quiver,spell_tome,ae_creation,Conjuration,Skyrim,,The Reach,Understone Keep,"Purchase from Calcelmo in Markarth. Source note: Can be purchased from: Calcelmo, Falion, Phinis Gestor.","Merchant transaction; price, stock, and barter setup need route validation",Vendor availability/restock timing needs route validation.,unknown,unknown,unknown,"Travel, cold, carry, restock, gold, and spell-learning timing deferred",provisional_objective_representative,SN-000052-spell-tomes-and-learned-spells.md,Source-listed spell tome acquisition; final route source selection pending.
BOOKLOC-000686,OBJ-000953,Spell Tome: Bound Quiver,spell_tome,ae_creation,Conjuration,Skyrim,,Hjaalmarch,Morthal,"Purchase from Falion in Morthal. Source note: Can be purchased from: Calcelmo, Falion, Phinis Gestor.","Merchant transaction; price, stock, and barter setup need route validation",Vendor availability/restock timing needs route validation.,unknown,unknown,unknown,"Travel, cold, carry, restock, gold, and spell-learning timing deferred",source_listed_candidate,SN-000052-spell-tomes-and-learned-spells.md,Source-listed spell tome acquisition; final route source selection pending.
BOOKLOC-000687,OBJ-000953,Spell Tome: Bound Quiver,spell_tome,ae_creation,Conjuration,Skyrim,,Winterhold,College of Winterhold,"Purchase from Phinis Gestor at the College of Winterhold. Source note: Can be purchased from: Calcelmo, Falion, Phinis Gestor.","Merchant transaction; price, stock, and barter setup need route validation",Vendor availability/restock timing needs route validation.,unknown,unknown,unknown,"Travel, cold, carry, restock, gold, and spell-learning timing deferred",source_listed_candidate,SN-000052-spell-tomes-and-learned-spells.md,Source-listed spell tome acquisition; final route source selection pending.
BOOKLOC-000688,OBJ-000954,Spell Tome: Conjure Ash Spawn,spell_tome,dragonborn,Conjuration,Solstheim,,,Tel Mithryn,Purchase from Talvas Fathryon at Tel Mithryn. Source note: Can be purchased from Talvas Fathryon after completing the quest Telvanni Research.,"Merchant transaction; price, stock, and barter setup need route validation",Can be purchased from Talvas Fathryon after completing the quest Telvanni Research | Vendor availability/restock timing needs route validation.,unknown,unknown,unknown,"Travel, cold, carry, restock, gold, and spell-learning timing deferred",provisional_objective_representative,SN-000052-spell-tomes-and-learned-spells.md,Source-listed spell tome acquisition; final route source selection pending.
BOOKLOC-000689,OBJ-000955,Spell Tome: Conjure Dark Seducer Archer,spell_tome,ae_creation,Conjuration,Skyrim,,,Thoron,Carried by Thoron.,Loot/access status needs route validation,,unknown,unknown,unknown,"Travel, cold, carry, restock, gold, and spell-learning timing deferred",provisional_objective_representative,SN-000052-spell-tomes-and-learned-spells.md,Source-listed spell tome acquisition; final route source selection pending.
BOOKLOC-000690,OBJ-000955,Spell Tome: Conjure Dark Seducer Archer,spell_tome,ae_creation,Conjuration,Skyrim,,,Atronach Forge,Possible creation at the Atronach Forge.,,,unknown,unknown,unknown,"Travel, cold, carry, restock, gold, and spell-learning timing deferred",source_listed_candidate,SN-000052-spell-tomes-and-learned-spells.md,Source-listed spell tome acquisition; final route source selection pending.
BOOKLOC-000691,OBJ-000956,Spell Tome: Conjure Dark Seducer Warrior,spell_tome,ae_creation,Conjuration,Skyrim,,,Thoron,Carried by Thoron.,Loot/access status needs route validation,,unknown,unknown,unknown,"Travel, cold, carry, restock, gold, and spell-learning timing deferred",provisional_objective_representative,SN-000052-spell-tomes-and-learned-spells.md,Source-listed spell tome acquisition; final route source selection pending.
BOOKLOC-000692,OBJ-000956,Spell Tome: Conjure Dark Seducer Warrior,spell_tome,ae_creation,Conjuration,Skyrim,,,Atronach Forge,Possible creation at the Atronach Forge.,,,unknown,unknown,unknown,"Travel, cold, carry, restock, gold, and spell-learning timing deferred",source_listed_candidate,SN-000052-spell-tomes-and-learned-spells.md,Source-listed spell tome acquisition; final route source selection pending.
BOOKLOC-000693,OBJ-000957,Spell Tome: Conjure Frost Atronach,spell_tome,base_game,Conjuration,Skyrim,,The Reach,Understone Keep,"Purchase from Calcelmo in Markarth. Source note: Can be purchased from: Calcelmo, Falion, Phinis Gestor.","Merchant transaction; price, stock, and barter setup need route validation",Adept vendor stock generally requires school skill 40 and inventory reset; validate per merchant later.,unknown,unknown,unknown,"Travel, cold, carry, restock, gold, and spell-learning timing deferred",provisional_objective_representative,SN-000052-spell-tomes-and-learned-spells.md,Source-listed spell tome acquisition; final route source selection pending.
BOOKLOC-000694,OBJ-000957,Spell Tome: Conjure Frost Atronach,spell_tome,base_game,Conjuration,Skyrim,,Hjaalmarch,Morthal,"Purchase from Falion in Morthal. Source note: Can be purchased from: Calcelmo, Falion, Phinis Gestor.","Merchant transaction; price, stock, and barter setup need route validation",Adept vendor stock generally requires school skill 40 and inventory reset; validate per merchant later.,unknown,unknown,unknown,"Travel, cold, carry, restock, gold, and spell-learning timing deferred",source_listed_candidate,SN-000052-spell-tomes-and-learned-spells.md,Source-listed spell tome acquisition; final route source selection pending.
BOOKLOC-000695,OBJ-000957,Spell Tome: Conjure Frost Atronach,spell_tome,base_game,Conjuration,Skyrim,,Winterhold,College of Winterhold,"Purchase from Phinis Gestor at the College of Winterhold. Source note: Can be purchased from: Calcelmo, Falion, Phinis Gestor.","Merchant transaction; price, stock, and barter setup need route validation",Adept vendor stock generally requires school skill 40 and inventory reset; validate per merchant later.,unknown,unknown,unknown,"Travel, cold, carry, restock, gold, and spell-learning timing deferred",source_listed_candidate,SN-000052-spell-tomes-and-learned-spells.md,Source-listed spell tome acquisition; final route source selection pending.
BOOKLOC-000696,OBJ-000957,Spell Tome: Conjure Frost Atronach,spell_tome,base_game,Conjuration,Skyrim,,,Atronach Forge,Can be created at the Atronach Forge.,,,unknown,unknown,unknown,"Travel, cold, carry, restock, gold, and spell-learning timing deferred",source_listed_candidate,SN-000052-spell-tomes-and-learned-spells.md,Source-listed spell tome acquisition; final route source selection pending.
BOOKLOC-000697,OBJ-000957,Spell Tome: Conjure Frost Atronach,spell_tome,base_game,Conjuration,Skyrim,,,Random spell tome loot,Generic adept spell tome random loot source from boss chests and safes.,Random/container source; reliability and ownership not route-ready,Character level 23+ for adept random spell tome loot; route should prefer deterministic sources unless later validated.,unknown,unknown,unknown,"Travel, cold, carry, restock, gold, and spell-learning timing deferred",source_listed_candidate,SN-000052-spell-tomes-and-learned-spells.md,Generic random loot source from UESP spell tome location rules; not a deterministic route choice.
BOOKLOC-000698,OBJ-000958,Spell Tome: Conjure Golden Saint Archer,spell_tome,ae_creation,Conjuration,Skyrim,,,Thoron,Carried by Thoron.,Loot/access status needs route validation,,unknown,unknown,unknown,"Travel, cold, carry, restock, gold, and spell-learning timing deferred",provisional_objective_representative,SN-000052-spell-tomes-and-learned-spells.md,Source-listed spell tome acquisition; final route source selection pending.
BOOKLOC-000699,OBJ-000958,Spell Tome: Conjure Golden Saint Archer,spell_tome,ae_creation,Conjuration,Skyrim,,,Atronach Forge,Possible creation at the Atronach Forge.,,,unknown,unknown,unknown,"Travel, cold, carry, restock, gold, and spell-learning timing deferred",source_listed_candidate,SN-000052-spell-tomes-and-learned-spells.md,Source-listed spell tome acquisition; final route source selection pending.
BOOKLOC-000700,OBJ-000959,Spell Tome: Conjure Golden Saint Warrior,spell_tome,ae_creation,Conjuration,Skyrim,,,Thoron,Carried by Thoron.,Loot/access status needs route validation,,unknown,unknown,unknown,"Travel, cold, carry, restock, gold, and spell-learning timing deferred",provisional_objective_representative,SN-000052-spell-tomes-and-learned-spells.md,Source-listed spell tome acquisition; final route source selection pending.
BOOKLOC-000701,OBJ-000959,Spell Tome: Conjure Golden Saint Warrior,spell_tome,ae_creation,Conjuration,Skyrim,,,Atronach Forge,Possible creation at the Atronach Forge.,,,unknown,unknown,unknown,"Travel, cold, carry, restock, gold, and spell-learning timing deferred",source_listed_candidate,SN-000052-spell-tomes-and-learned-spells.md,Source-listed spell tome acquisition; final route source selection pending.
BOOKLOC-000702,OBJ-000960,Spell Tome: Conjure Mistman,spell_tome,dawnguard,Conjuration,Soul Cairn,,,Soul Cairn,"Found in the Soul Cairn next to Jiub's Opus, Page 7.",Loot/access status needs route validation,,unknown,unknown,unknown,"Travel, cold, carry, restock, gold, and spell-learning timing deferred",provisional_objective_representative,SN-000052-spell-tomes-and-learned-spells.md,Source-listed spell tome acquisition; final route source selection pending.
BOOKLOC-000703,OBJ-000961,Spell Tome: Conjure Putrid Zombie,spell_tome,ae_creation,Conjuration,Skyrim,,The Reach,Understone Keep,"Purchase from Calcelmo in Markarth. Source note: Can be purchased from: Calcelmo, Falion, Phinis Gestor (only after The Rising Dead has been completed).","Merchant transaction; price, stock, and barter setup need route validation","Can be purchased from: Calcelmo, Falion, Phinis Gestor (only after The Rising Dead has been completed) | Vendor availability/restock timing needs route validation.",unknown,unknown,unknown,"Travel, cold, carry, restock, gold, and spell-learning timing deferred",provisional_objective_representative,SN-000052-spell-tomes-and-learned-spells.md,Source-listed spell tome acquisition; final route source selection pending.
BOOKLOC-000704,OBJ-000961,Spell Tome: Conjure Putrid Zombie,spell_tome,ae_creation,Conjuration,Skyrim,,Hjaalmarch,Morthal,"Purchase from Falion in Morthal. Source note: Can be purchased from: Calcelmo, Falion, Phinis Gestor (only after The Rising Dead has been completed).","Merchant transaction; price, stock, and barter setup need route validation","Can be purchased from: Calcelmo, Falion, Phinis Gestor (only after The Rising Dead has been completed) | Vendor availability/restock timing needs route validation.",unknown,unknown,unknown,"Travel, cold, carry, restock, gold, and spell-learning timing deferred",source_listed_candidate,SN-000052-spell-tomes-and-learned-spells.md,Source-listed spell tome acquisition; final route source selection pending.
BOOKLOC-000705,OBJ-000961,Spell Tome: Conjure Putrid Zombie,spell_tome,ae_creation,Conjuration,Skyrim,,Winterhold,College of Winterhold,"Purchase from Phinis Gestor at the College of Winterhold. Source note: Can be purchased from: Calcelmo, Falion, Phinis Gestor (only after The Rising Dead has been completed).","Merchant transaction; price, stock, and barter setup need route validation","Can be purchased from: Calcelmo, Falion, Phinis Gestor (only after The Rising Dead has been completed) | Vendor availability/restock timing needs route validation.",unknown,unknown,unknown,"Travel, cold, carry, restock, gold, and spell-learning timing deferred",source_listed_candidate,SN-000052-spell-tomes-and-learned-spells.md,Source-listed spell tome acquisition; final route source selection pending.
BOOKLOC-000706,OBJ-000961,Spell Tome: Conjure Putrid Zombie,spell_tome,ae_creation,Conjuration,Skyrim,,,Ritual site southeast of Helgen,"Can be found at a ritual site southeast of Helgen, just north of Southfringe Sanctum.",Loot/access status needs route validation,,unknown,unknown,unknown,"Travel, cold, carry, restock, gold, and spell-learning timing deferred",source_listed_candidate,SN-000052-spell-tomes-and-learned-spells.md,Source-listed spell tome acquisition; final route source selection pending.
BOOKLOC-000707,OBJ-000962,Spell Tome: Conjure Seeker,spell_tome,dragonborn,Conjuration,Solstheim,,,Apocrypha,"If your Conjuration skill is 40 or higher, the spell tome may be found in Apocrypha when reading any of the Black Books.",Loot/access status needs route validation,,unknown,unknown,unknown,"Travel, cold, carry, restock, gold, and spell-learning timing deferred",provisional_objective_representative,SN-000052-spell-tomes-and-learned-spells.md,Source-listed spell tome acquisition; final route source selection pending.
BOOKLOC-000708,OBJ-000962,Spell Tome: Conjure Seeker,spell_tome,dragonborn,Conjuration,Solstheim,,,Black Book,"If your Conjuration skill is 40 or higher, the spell tome may be found in Apocrypha when reading any of the Black Books.",Loot/access status needs route validation,,unknown,unknown,unknown,"Travel, cold, carry, restock, gold, and spell-learning timing deferred",source_listed_candidate,SN-000052-spell-tomes-and-learned-spells.md,Source-listed spell tome acquisition; final route source selection pending.
BOOKLOC-000709,OBJ-000963,Spell Tome: Conjure Skeleton Champion,spell_tome,ae_creation,Conjuration,Skyrim,,Winterhold,College of Winterhold,Purchase from Phinis Gestor at the College of Winterhold. Source note: Can be purchased from: Phinis Gestor.,"Merchant transaction; price, stock, and barter setup need route validation",Vendor availability/restock timing needs route validation.,unknown,unknown,unknown,"Travel, cold, carry, restock, gold, and spell-learning timing deferred",provisional_objective_representative,SN-000052-spell-tomes-and-learned-spells.md,Source-listed spell tome acquisition; final route source selection pending.
BOOKLOC-000710,OBJ-000964,Spell Tome: Conjure Tomb Guardian,spell_tome,ae_creation,Conjuration,Skyrim,,Winterhold,College of Winterhold,Purchase from Phinis Gestor at the College of Winterhold. Source note: Can be purchased from: Phinis Gestor.,"Merchant transaction; price, stock, and barter setup need route validation",Vendor availability/restock timing needs route validation.,unknown,unknown,unknown,"Travel, cold, carry, restock, gold, and spell-learning timing deferred",provisional_objective_representative,SN-000052-spell-tomes-and-learned-spells.md,Source-listed spell tome acquisition; final route source selection pending.
BOOKLOC-000711,OBJ-000965,Spell Tome: Necromancer's Ritual,spell_tome,ae_creation,Conjuration,Skyrim,,Winterhold,College of Winterhold,Purchase from Phinis Gestor at the College of Winterhold. Source note: Can be purchased from: Phinis Gestor.,"Merchant transaction; price, stock, and barter setup need route validation",Vendor availability/restock timing needs route validation.,unknown,unknown,unknown,"Travel, cold, carry, restock, gold, and spell-learning timing deferred",provisional_objective_representative,SN-000052-spell-tomes-and-learned-spells.md,Source-listed spell tome acquisition; final route source selection pending.
BOOKLOC-000712,OBJ-000965,Spell Tome: Necromancer's Ritual,spell_tome,ae_creation,Conjuration,Skyrim,,,The Man Who Cried Wolf,Can be found upon a pedestal next to the Ritual Master at the end of The Man Who Cried Wolf.,Loot/access status needs route validation,,unknown,unknown,unknown,"Travel, cold, carry, restock, gold, and spell-learning timing deferred",source_listed_candidate,SN-000052-spell-tomes-and-learned-spells.md,Source-listed spell tome acquisition; final route source selection pending.
BOOKLOC-000713,OBJ-000966,Spell Tome: Revenant,spell_tome,base_game,Conjuration,Skyrim,,The Reach,Understone Keep,"Purchase from Calcelmo in Markarth. Source note: Can be purchased from: Calcelmo, Falion, Phinis Gestor.","Merchant transaction; price, stock, and barter setup need route validation",Adept vendor stock generally requires school skill 40 and inventory reset; validate per merchant later.,unknown,unknown,unknown,"Travel, cold, carry, restock, gold, and spell-learning timing deferred",provisional_objective_representative,SN-000052-spell-tomes-and-learned-spells.md,Source-listed spell tome acquisition; final route source selection pending.
BOOKLOC-000714,OBJ-000966,Spell Tome: Revenant,spell_tome,base_game,Conjuration,Skyrim,,Hjaalmarch,Morthal,"Purchase from Falion in Morthal. Source note: Can be purchased from: Calcelmo, Falion, Phinis Gestor.","Merchant transaction; price, stock, and barter setup need route validation",Adept vendor stock generally requires school skill 40 and inventory reset; validate per merchant later.,unknown,unknown,unknown,"Travel, cold, carry, restock, gold, and spell-learning timing deferred",source_listed_candidate,SN-000052-spell-tomes-and-learned-spells.md,Source-listed spell tome acquisition; final route source selection pending.
BOOKLOC-000715,OBJ-000966,Spell Tome: Revenant,spell_tome,base_game,Conjuration,Skyrim,,Winterhold,College of Winterhold,"Purchase from Phinis Gestor at the College of Winterhold. Source note: Can be purchased from: Calcelmo, Falion, Phinis Gestor.","Merchant transaction; price, stock, and barter setup need route validation",Adept vendor stock generally requires school skill 40 and inventory reset; validate per merchant later.,unknown,unknown,unknown,"Travel, cold, carry, restock, gold, and spell-learning timing deferred",source_listed_candidate,SN-000052-spell-tomes-and-learned-spells.md,Source-listed spell tome acquisition; final route source selection pending.
BOOKLOC-000716,OBJ-000966,Spell Tome: Revenant,spell_tome,base_game,Conjuration,Skyrim,,,Random spell tome loot,Generic adept spell tome random loot source from boss chests and safes.,Random/container source; reliability and ownership not route-ready,Character level 23+ for adept random spell tome loot; route should prefer deterministic sources unless later validated.,unknown,unknown,unknown,"Travel, cold, carry, restock, gold, and spell-learning timing deferred",source_listed_candidate,SN-000052-spell-tomes-and-learned-spells.md,Generic random loot source from UESP spell tome location rules; not a deterministic route choice.
BOOKLOC-000717,OBJ-000967,Spell Tome: Conjure Ash Guardian,spell_tome,dragonborn,Conjuration,Solstheim,,,Tel Mithryn,Purchase from Talvas Fathryon at Tel Mithryn. Source note: Can be purchased from: Talvas Fathryon after completing the quest From the Ashes.,"Merchant transaction; price, stock, and barter setup need route validation",Can be purchased from: Talvas Fathryon after completing the quest From the Ashes | Vendor availability/restock timing needs route validation.,unknown,unknown,unknown,"Travel, cold, carry, restock, gold, and spell-learning timing deferred",provisional_objective_representative,SN-000052-spell-tomes-and-learned-spells.md,Source-listed spell tome acquisition; final route source selection pending.
BOOKLOC-000718,OBJ-000967,Spell Tome: Conjure Ash Guardian,spell_tome,dragonborn,Conjuration,Skyrim,,,From the Ashes,Reward for quest From the Ashes.,,Reward for quest From the Ashes,unknown,unknown,unknown,"Travel, cold, carry, restock, gold, and spell-learning timing deferred",source_listed_candidate,SN-000052-spell-tomes-and-learned-spells.md,Source-listed spell tome acquisition; final route source selection pending.
BOOKLOC-000719,OBJ-000968,Spell Tome: Command Daedra,spell_tome,base_game,Conjuration,Skyrim,,Winterhold,College of Winterhold,Purchase from Phinis Gestor at the College of Winterhold. Source note: Can be purchased from: Phinis Gestor.,"Merchant transaction; price, stock, and barter setup need route validation",Expert vendor stock generally requires school skill 65 and inventory reset; validate per merchant later.,unknown,unknown,unknown,"Travel, cold, carry, restock, gold, and spell-learning timing deferred",provisional_objective_representative,SN-000052-spell-tomes-and-learned-spells.md,Source-listed spell tome acquisition; final route source selection pending.
BOOKLOC-000720,OBJ-000968,Spell Tome: Command Daedra,spell_tome,base_game,Conjuration,Skyrim,,,Random spell tome loot,Generic expert spell tome random loot source from boss chests and safes.,Random/container source; reliability and ownership not route-ready,Character level 35+ for expert random spell tome loot; route should prefer deterministic sources unless later validated.,unknown,unknown,possible,"Travel, cold, carry, restock, gold, and spell-learning timing deferred",source_listed_candidate,SN-000052-spell-tomes-and-learned-spells.md,Generic random loot source from UESP spell tome location rules; not a deterministic route choice.
BOOKLOC-000721,OBJ-000969,Spell Tome: Conjure Ayleid Lich,spell_tome,ae_creation,Conjuration,Skyrim,,,Atronach Forge,Can be created at the Atronach Forge.,,,unknown,unknown,unknown,"Travel, cold, carry, restock, gold, and spell-learning timing deferred",provisional_objective_representative,SN-000052-spell-tomes-and-learned-spells.md,Source-listed spell tome acquisition; final route source selection pending.
BOOKLOC-000722,OBJ-000970,Spell Tome: Conjure Cursed Spectre,spell_tome,ae_creation,Conjuration,Skyrim,,Winterhold,College of Winterhold,Purchase from Phinis Gestor at the College of Winterhold. Source note: Can be purchased from: Phinis Gestor.,"Merchant transaction; price, stock, and barter setup need route validation",Vendor availability/restock timing needs route validation.,unknown,unknown,unknown,"Travel, cold, carry, restock, gold, and spell-learning timing deferred",provisional_objective_representative,SN-000052-spell-tomes-and-learned-spells.md,Source-listed spell tome acquisition; final route source selection pending.
BOOKLOC-000723,OBJ-000971,Spell Tome: Conjure Dremora Lord,spell_tome,base_game,Conjuration,Skyrim,,Winterhold,College of Winterhold,Purchase from Phinis Gestor at the College of Winterhold. Source note: Can be purchased from: Phinis Gestor.,"Merchant transaction; price, stock, and barter setup need route validation",Expert vendor stock generally requires school skill 65 and inventory reset; validate per merchant later.,unknown,unknown,unknown,"Travel, cold, carry, restock, gold, and spell-learning timing deferred",provisional_objective_representative,SN-000052-spell-tomes-and-learned-spells.md,Source-listed spell tome acquisition; final route source selection pending.
BOOKLOC-000724,OBJ-000971,Spell Tome: Conjure Dremora Lord,spell_tome,base_game,Conjuration,Skyrim,,,Random spell tome loot,Generic expert spell tome random loot source from boss chests and safes.,Random/container source; reliability and ownership not route-ready,Character level 35+ for expert random spell tome loot; route should prefer deterministic sources unless later validated.,unknown,unknown,possible,"Travel, cold, carry, restock, gold, and spell-learning timing deferred",source_listed_candidate,SN-000052-spell-tomes-and-learned-spells.md,Generic random loot source from UESP spell tome location rules; not a deterministic route choice.
BOOKLOC-000725,OBJ-000972,Spell Tome: Conjure Malignant Zombie,spell_tome,ae_creation,Conjuration,Skyrim,,Winterhold,College of Winterhold,Purchase from Phinis Gestor at the College of Winterhold. Source note: Can be purchased from: Phinis Gestor (only after Conjuration Ritual Spell and The Rising Dead have been completed).,"Merchant transaction; price, stock, and barter setup need route validation",Can be purchased from: Phinis Gestor (only after Conjuration Ritual Spell and The Rising Dead have been completed) | Vendor availability/restock timing needs route validation.,unknown,unknown,unknown,"Travel, cold, carry, restock, gold, and spell-learning timing deferred",provisional_objective_representative,SN-000052-spell-tomes-and-learned-spells.md,Source-listed spell tome acquisition; final route source selection pending.
BOOKLOC-000726,OBJ-000972,Spell Tome: Conjure Malignant Zombie,spell_tome,ae_creation,Conjuration,Skyrim,,,Ritual site southeast of Helgen,"Can be found at a ritual site southeast of Helgen, just north of Southfringe Sanctum.",Loot/access status needs route validation,,unknown,unknown,unknown,"Travel, cold, carry, restock, gold, and spell-learning timing deferred",source_listed_candidate,SN-000052-spell-tomes-and-learned-spells.md,Source-listed spell tome acquisition; final route source selection pending.
BOOKLOC-000727,OBJ-000973,Spell Tome: Conjure Skeleton Warlock,spell_tome,ae_creation,Conjuration,Skyrim,,Winterhold,College of Winterhold,Purchase from Phinis Gestor at the College of Winterhold. Source note: Can be purchased from: Phinis Gestor.,"Merchant transaction; price, stock, and barter setup need route validation",Vendor availability/restock timing needs route validation.,unknown,unknown,unknown,"Travel, cold, carry, restock, gold, and spell-learning timing deferred",provisional_objective_representative,SN-000052-spell-tomes-and-learned-spells.md,Source-listed spell tome acquisition; final route source selection pending.
BOOKLOC-000728,OBJ-000974,Spell Tome: Conjure Storm Atronach,spell_tome,base_game,Conjuration,Skyrim,,Winterhold,College of Winterhold,Purchase from Phinis Gestor at the College of Winterhold. Source note: Can be purchased from: Phinis Gestor.,"Merchant transaction; price, stock, and barter setup need route validation",Expert vendor stock generally requires school skill 65 and inventory reset; validate per merchant later.,unknown,unknown,unknown,"Travel, cold, carry, restock, gold, and spell-learning timing deferred",provisional_objective_representative,SN-000052-spell-tomes-and-learned-spells.md,Source-listed spell tome acquisition; final route source selection pending.
BOOKLOC-000729,OBJ-000974,Spell Tome: Conjure Storm Atronach,spell_tome,base_game,Conjuration,Skyrim,,,Atronach Forge,Can be created at the Atronach Forge.,,,unknown,unknown,unknown,"Travel, cold, carry, restock, gold, and spell-learning timing deferred",source_listed_candidate,SN-000052-spell-tomes-and-learned-spells.md,Source-listed spell tome acquisition; final route source selection pending.
BOOKLOC-000730,OBJ-000974,Spell Tome: Conjure Storm Atronach,spell_tome,base_game,Conjuration,Skyrim,,,Random spell tome loot,Generic expert spell tome random loot source from boss chests and safes.,Random/container source; reliability and ownership not route-ready,Character level 35+ for expert random spell tome loot; route should prefer deterministic sources unless later validated.,unknown,unknown,possible,"Travel, cold, carry, restock, gold, and spell-learning timing deferred",source_listed_candidate,SN-000052-spell-tomes-and-learned-spells.md,Generic random loot source from UESP spell tome location rules; not a deterministic route choice.
BOOKLOC-000731,OBJ-000975,Spell Tome: Conjure Wrathman,spell_tome,dawnguard,Conjuration,Soul Cairn,,,Soul Cairn,"Found in the Soul Cairn in a building due south of Jiub's Opus, Page 5.",Loot/access status needs route validation,,unknown,unknown,unknown,"Travel, cold, carry, restock, gold, and spell-learning timing deferred",provisional_objective_representative,SN-000052-spell-tomes-and-learned-spells.md,Source-listed spell tome acquisition; final route source selection pending.
BOOKLOC-000732,OBJ-000976,Spell Tome: Dread Zombie,spell_tome,base_game,Conjuration,Skyrim,,Winterhold,College of Winterhold,Purchase from Phinis Gestor at the College of Winterhold. Source note: Can be purchased from: Phinis Gestor.,"Merchant transaction; price, stock, and barter setup need route validation",Expert vendor stock generally requires school skill 65 and inventory reset; validate per merchant later.,unknown,unknown,unknown,"Travel, cold, carry, restock, gold, and spell-learning timing deferred",provisional_objective_representative,SN-000052-spell-tomes-and-learned-spells.md,Source-listed spell tome acquisition; final route source selection pending.
BOOKLOC-000733,OBJ-000976,Spell Tome: Dread Zombie,spell_tome,base_game,Conjuration,Skyrim,,,Random spell tome loot,Generic expert spell tome random loot source from boss chests and safes.,Random/container source; reliability and ownership not route-ready,Character level 35+ for expert random spell tome loot; route should prefer deterministic sources unless later validated.,unknown,unknown,possible,"Travel, cold, carry, restock, gold, and spell-learning timing deferred",source_listed_candidate,SN-000052-spell-tomes-and-learned-spells.md,Generic random loot source from UESP spell tome location rules; not a deterministic route choice.
BOOKLOC-000734,OBJ-000977,Spell Tome: Expel Daedra,spell_tome,base_game,Conjuration,Skyrim,,Winterhold,College of Winterhold,Purchase from Phinis Gestor at the College of Winterhold. Source note: Can be purchased from: Phinis Gestor.,"Merchant transaction; price, stock, and barter setup need route validation",Expert vendor stock generally requires school skill 65 and inventory reset; validate per merchant later.,unknown,unknown,unknown,"Travel, cold, carry, restock, gold, and spell-learning timing deferred",provisional_objective_representative,SN-000052-spell-tomes-and-learned-spells.md,Source-listed spell tome acquisition; final route source selection pending.
BOOKLOC-000735,OBJ-000977,Spell Tome: Expel Daedra,spell_tome,base_game,Conjuration,Skyrim,,,Random spell tome loot,Generic expert spell tome random loot source from boss chests and safes.,Random/container source; reliability and ownership not route-ready,Character level 35+ for expert random spell tome loot; route should prefer deterministic sources unless later validated.,unknown,unknown,possible,"Travel, cold, carry, restock, gold, and spell-learning timing deferred",source_listed_candidate,SN-000052-spell-tomes-and-learned-spells.md,Generic random loot source from UESP spell tome location rules; not a deterministic route choice.
BOOKLOC-000736,OBJ-000978,Spell Tome: Pride of Hirstaang,spell_tome,ae_creation,Conjuration,Skyrim,,,Hob's Fall Cave,Can be found in Hob's Fall Cave during The Lost Library quest.,,Open the Ancient Tome Chest during the routed Hob's Fall Cave pass; The Lost Library may not appear in the AE journal,none_known,none_known,none_known,Winterhold cold-road travel is handled by the Bards College instrument route; no vendor restock/gold requirement for this spell,provisional_objective_representative,SN-000052-spell-tomes-and-learned-spells.md | SN-000253-arcane-accessories-parent-closeout.md,Selected final-guide source for this Arcane Accessories spell; duplicate vendor/random sources are not required.
BOOKLOC-000737,OBJ-000978,Spell Tome: Pride of Hirstaang,spell_tome,ae_creation,Conjuration,Skyrim,,Winterhold,College of Winterhold,Purchase from Phinis Gestor at the College of Winterhold. Source note: Can be purchased from: Phinis Gestor.,"Merchant transaction; price, stock, and barter setup need route validation",Vendor availability/restock timing needs route validation.,unknown,unknown,unknown,"Travel, cold, carry, restock, gold, and spell-learning timing deferred",source_listed_candidate,SN-000052-spell-tomes-and-learned-spells.md,Source-listed spell tome acquisition; final route source selection pending.
BOOKLOC-000738,OBJ-000979,Spell Tome: Conjure Ancient Deathpriest,spell_tome,ae_creation,Conjuration,Skyrim,,Winterhold,College of Winterhold,Purchase from Phinis Gestor at the College of Winterhold. Source note: Can be purchased from: Phinis Gestor.,"Merchant transaction; price, stock, and barter setup need route validation",Master tome purchase requires the relevant ritual spell quest; validate ritual completion timing later.,unknown,unknown,unknown,"Travel, cold, carry, restock, gold, and spell-learning timing deferred",provisional_objective_representative,SN-000052-spell-tomes-and-learned-spells.md,Source-listed spell tome acquisition; final route source selection pending.
BOOKLOC-000739,OBJ-000980,Spell Tome: Conjure Bone Colossus,spell_tome,ae_creation,Conjuration,Skyrim,,Winterhold,College of Winterhold,Purchase from Phinis Gestor at the College of Winterhold. Source note: Can be purchased from: Phinis Gestor.,"Merchant transaction; price, stock, and barter setup need route validation",Master tome purchase requires the relevant ritual spell quest; validate ritual completion timing later.,unknown,unknown,unknown,"Travel, cold, carry, restock, gold, and spell-learning timing deferred",provisional_objective_representative,SN-000052-spell-tomes-and-learned-spells.md,Source-listed spell tome acquisition; final route source selection pending.
BOOKLOC-000740,OBJ-000981,Spell Tome: Conjure Staada,spell_tome,ae_creation,Conjuration,Skyrim,,,Atronach Forge,Can be created at the Atronach Forge.,,,unknown,unknown,unknown,"Travel, cold, carry, restock, gold, and spell-learning timing deferred",provisional_objective_representative,SN-000052-spell-tomes-and-learned-spells.md,Source-listed spell tome acquisition; final route source selection pending.
BOOKLOC-000741,OBJ-000982,Spell Tome: Flame Thrall,spell_tome,base_game,Conjuration,Skyrim,,,Conjuration Ritual Spell,Reward for quest Conjuration Ritual Spell.,,Reward for quest Conjuration Ritual Spell,unknown,unknown,unknown,"Travel, cold, carry, restock, gold, and spell-learning timing deferred",provisional_objective_representative,SN-000052-spell-tomes-and-learned-spells.md,Source-listed spell tome acquisition; final route source selection pending.
BOOKLOC-000742,OBJ-000982,Spell Tome: Flame Thrall,spell_tome,dragonborn,Conjuration,Solstheim,,,Apocrypha - The Sallow Regent,Found in Apocrypha - The Sallow Regent.,Loot/access status needs route validation,,unknown,unknown,unknown,"Travel, cold, carry, restock, gold, and spell-learning timing deferred",source_listed_candidate,SN-000052-spell-tomes-and-learned-spells.md,Source-listed spell tome acquisition; final route source selection pending.
BOOKLOC-000743,OBJ-000983,Spell Tome: Dead Thrall,spell_tome,base_game,Conjuration,Skyrim,,Winterhold,College of Winterhold,Purchase from Phinis Gestor at the College of Winterhold. Source note: Can be purchased from: Phinis Gestor (only after Conjuration Ritual Spell has been completed).,"Merchant transaction; price, stock, and barter setup need route validation",Can be purchased from: Phinis Gestor (only after Conjuration Ritual Spell has been completed) | Master tome purchase requires the relevant ritual spell quest; validate ritual completion timing later.,unknown,unknown,unknown,"Travel, cold, carry, restock, gold, and spell-learning timing deferred",provisional_objective_representative,SN-000052-spell-tomes-and-learned-spells.md,Source-listed spell tome acquisition; final route source selection pending.
BOOKLOC-000744,OBJ-000984,Spell Tome: Frost Thrall,spell_tome,base_game,Conjuration,Skyrim,,Winterhold,College of Winterhold,Purchase from Phinis Gestor at the College of Winterhold. Source note: Can be purchased from: Phinis Gestor (only after Conjuration Ritual Spell has been completed).,"Merchant transaction; price, stock, and barter setup need route validation",Can be purchased from: Phinis Gestor (only after Conjuration Ritual Spell has been completed) | Master tome purchase requires the relevant ritual spell quest; validate ritual completion timing later.,unknown,unknown,unknown,"Travel, cold, carry, restock, gold, and spell-learning timing deferred",provisional_objective_representative,SN-000052-spell-tomes-and-learned-spells.md,Source-listed spell tome acquisition; final route source selection pending.
BOOKLOC-000745,OBJ-000985,Spell Tome: Storm Thrall,spell_tome,base_game,Conjuration,Skyrim,,Winterhold,College of Winterhold,Purchase from Phinis Gestor at the College of Winterhold. Source note: Can be purchased from: Phinis Gestor (only after Conjuration Ritual Spell has been completed).,"Merchant transaction; price, stock, and barter setup need route validation",Can be purchased from: Phinis Gestor (only after Conjuration Ritual Spell has been completed) | Master tome purchase requires the relevant ritual spell quest; validate ritual completion timing later.,unknown,unknown,unknown,"Travel, cold, carry, restock, gold, and spell-learning timing deferred",provisional_objective_representative,SN-000052-spell-tomes-and-learned-spells.md,Source-listed spell tome acquisition; final route source selection pending.
BOOKLOC-000746,OBJ-000986,Spell Tome: Choking Grasp,spell_tome,ae_creation,Destruction,Skyrim,,,Hob's Fall Cave,Can be found in Hob's Fall Cave during The Lost Library quest.,,Open the Ancient Tome Chest during the routed Hob's Fall Cave pass; The Lost Library may not appear in the AE journal,none_known,none_known,none_known,Winterhold cold-road travel is handled by the Bards College instrument route; no vendor restock/gold requirement for this spell,provisional_objective_representative,SN-000052-spell-tomes-and-learned-spells.md | SN-000253-arcane-accessories-parent-closeout.md,Selected final-guide source for this Arcane Accessories spell; duplicate vendor/random sources are not required.
BOOKLOC-000747,OBJ-000986,Spell Tome: Choking Grasp,spell_tome,ae_creation,Destruction,Skyrim,,The Reach,Understone Keep,"Purchase from Calcelmo in Markarth. Source note: Can be purchased from: Calcelmo, Enthir, Falion, Faralda, Farengar Secret-Fire, Madena, Sybille Stentor, Wuunferth the Unliving, Wylandriah, Talvas Fathryon.","Merchant transaction; price, stock, and barter setup need route validation",Vendor availability/restock timing needs route validation.,unknown,unknown,unknown,"Travel, cold, carry, restock, gold, and spell-learning timing deferred",source_listed_candidate,SN-000052-spell-tomes-and-learned-spells.md,Source-listed spell tome acquisition; final route source selection pending.
BOOKLOC-000748,OBJ-000986,Spell Tome: Choking Grasp,spell_tome,ae_creation,Destruction,Skyrim,,Winterhold,College of Winterhold,"Purchase from Enthir at the College of Winterhold. Source note: Can be purchased from: Calcelmo, Enthir, Falion, Faralda, Farengar Secret-Fire, Madena, Sybille Stentor, Wuunferth the Unliving, Wylandriah, Talvas Fathryon.","Merchant transaction; price, stock, and barter setup need route validation",Vendor availability/restock timing needs route validation.,unknown,unknown,unknown,"Travel, cold, carry, restock, gold, and spell-learning timing deferred",source_listed_candidate,SN-000052-spell-tomes-and-learned-spells.md,Source-listed spell tome acquisition; final route source selection pending.
BOOKLOC-000749,OBJ-000986,Spell Tome: Choking Grasp,spell_tome,ae_creation,Destruction,Skyrim,,Hjaalmarch,Morthal,"Purchase from Falion in Morthal. Source note: Can be purchased from: Calcelmo, Enthir, Falion, Faralda, Farengar Secret-Fire, Madena, Sybille Stentor, Wuunferth the Unliving, Wylandriah, Talvas Fathryon.","Merchant transaction; price, stock, and barter setup need route validation",Vendor availability/restock timing needs route validation.,unknown,unknown,unknown,"Travel, cold, carry, restock, gold, and spell-learning timing deferred",source_listed_candidate,SN-000052-spell-tomes-and-learned-spells.md,Source-listed spell tome acquisition; final route source selection pending.
BOOKLOC-000750,OBJ-000986,Spell Tome: Choking Grasp,spell_tome,ae_creation,Destruction,Skyrim,,Winterhold,College of Winterhold,"Purchase from Faralda at the College of Winterhold. Source note: Can be purchased from: Calcelmo, Enthir, Falion, Faralda, Farengar Secret-Fire, Madena, Sybille Stentor, Wuunferth the Unliving, Wylandriah, Talvas Fathryon.","Merchant transaction; price, stock, and barter setup need route validation",Vendor availability/restock timing needs route validation.,unknown,unknown,unknown,"Travel, cold, carry, restock, gold, and spell-learning timing deferred",source_listed_candidate,SN-000052-spell-tomes-and-learned-spells.md,Source-listed spell tome acquisition; final route source selection pending.
BOOKLOC-000751,OBJ-000986,Spell Tome: Choking Grasp,spell_tome,ae_creation,Destruction,Skyrim,,Whiterun Hold,Dragonsreach,"Purchase from Farengar Secret-Fire in Whiterun. Source note: Can be purchased from: Calcelmo, Enthir, Falion, Faralda, Farengar Secret-Fire, Madena, Sybille Stentor, Wuunferth the Unliving, Wylandriah, Talvas Fathryon.","Merchant transaction; price, stock, and barter setup need route validation",Vendor availability/restock timing needs route validation.,unknown,unknown,unknown,"Travel, cold, carry, restock, gold, and spell-learning timing deferred",source_listed_candidate,SN-000052-spell-tomes-and-learned-spells.md,Source-listed spell tome acquisition; final route source selection pending.
BOOKLOC-000752,OBJ-000986,Spell Tome: Choking Grasp,spell_tome,ae_creation,Destruction,Skyrim,,The Pale,The White Hall,"Purchase from Madena in Dawnstar. Source note: Can be purchased from: Calcelmo, Enthir, Falion, Faralda, Farengar Secret-Fire, Madena, Sybille Stentor, Wuunferth the Unliving, Wylandriah, Talvas Fathryon.","Merchant transaction; price, stock, and barter setup need route validation",Vendor availability/restock timing needs route validation.,unknown,unknown,unknown,"Travel, cold, carry, restock, gold, and spell-learning timing deferred",source_listed_candidate,SN-000052-spell-tomes-and-learned-spells.md,Source-listed spell tome acquisition; final route source selection pending.
BOOKLOC-000753,OBJ-000986,Spell Tome: Choking Grasp,spell_tome,ae_creation,Destruction,Skyrim,,Haafingar,Blue Palace,"Purchase from Sybille Stentor in Solitude. Source note: Can be purchased from: Calcelmo, Enthir, Falion, Faralda, Farengar Secret-Fire, Madena, Sybille Stentor, Wuunferth the Unliving, Wylandriah, Talvas Fathryon.","Merchant transaction; price, stock, and barter setup need route validation",Vendor availability/restock timing needs route validation.,unknown,unknown,unknown,"Travel, cold, carry, restock, gold, and spell-learning timing deferred",source_listed_candidate,SN-000052-spell-tomes-and-learned-spells.md,Source-listed spell tome acquisition; final route source selection pending.
BOOKLOC-000754,OBJ-000986,Spell Tome: Choking Grasp,spell_tome,ae_creation,Destruction,Skyrim,,Eastmarch,Palace of the Kings,"Purchase from Wuunferth the Unliving in Windhelm. Source note: Can be purchased from: Calcelmo, Enthir, Falion, Faralda, Farengar Secret-Fire, Madena, Sybille Stentor, Wuunferth the Unliving, Wylandriah, Talvas Fathryon.","Merchant transaction; price, stock, and barter setup need route validation",Vendor availability/restock timing needs route validation.,unknown,unknown,unknown,"Travel, cold, carry, restock, gold, and spell-learning timing deferred",source_listed_candidate,SN-000052-spell-tomes-and-learned-spells.md,Source-listed spell tome acquisition; final route source selection pending.
BOOKLOC-000755,OBJ-000986,Spell Tome: Choking Grasp,spell_tome,ae_creation,Destruction,Skyrim,,The Rift,Mistveil Keep,"Purchase from Wylandriah in Riften. Source note: Can be purchased from: Calcelmo, Enthir, Falion, Faralda, Farengar Secret-Fire, Madena, Sybille Stentor, Wuunferth the Unliving, Wylandriah, Talvas Fathryon.","Merchant transaction; price, stock, and barter setup need route validation",Vendor availability/restock timing needs route validation.,unknown,unknown,unknown,"Travel, cold, carry, restock, gold, and spell-learning timing deferred",source_listed_candidate,SN-000052-spell-tomes-and-learned-spells.md,Source-listed spell tome acquisition; final route source selection pending.
BOOKLOC-000756,OBJ-000986,Spell Tome: Choking Grasp,spell_tome,ae_creation,Destruction,Solstheim,,,Tel Mithryn,"Purchase from Talvas Fathryon at Tel Mithryn. Source note: Can be purchased from: Calcelmo, Enthir, Falion, Faralda, Farengar Secret-Fire, Madena, Sybille Stentor, Wuunferth the Unliving, Wylandriah, Talvas Fathryon.","Merchant transaction; price, stock, and barter setup need route validation",Vendor availability/restock timing needs route validation.,unknown,unknown,unknown,"Travel, cold, carry, restock, gold, and spell-learning timing deferred",source_listed_candidate,SN-000052-spell-tomes-and-learned-spells.md,Source-listed spell tome acquisition; final route source selection pending.
BOOKLOC-000757,OBJ-000987,Spell Tome: Elemental Flare,spell_tome,ae_creation,Destruction,Skyrim,,,Hob's Fall Cave,Can be found in Hob's Fall Cave during The Lost Library quest.,,Open the Ancient Tome Chest during the routed Hob's Fall Cave pass; The Lost Library may not appear in the AE journal,none_known,none_known,none_known,Winterhold cold-road travel is handled by the Bards College instrument route; no vendor restock/gold requirement for this spell,provisional_objective_representative,SN-000052-spell-tomes-and-learned-spells.md | SN-000253-arcane-accessories-parent-closeout.md,Selected final-guide source for this Arcane Accessories spell; duplicate vendor/random sources are not required.
BOOKLOC-000758,OBJ-000987,Spell Tome: Elemental Flare,spell_tome,ae_creation,Destruction,Skyrim,,The Reach,Understone Keep,"Purchase from Calcelmo in Markarth. Source note: Can be purchased from: Calcelmo, Enthir, Falion, Faralda, Farengar Secret-Fire, Madena, Sybille Stentor, Wuunferth the Unliving, Wylandriah, Talvas Fathryon.","Merchant transaction; price, stock, and barter setup need route validation",Vendor availability/restock timing needs route validation.,unknown,unknown,unknown,"Travel, cold, carry, restock, gold, and spell-learning timing deferred",source_listed_candidate,SN-000052-spell-tomes-and-learned-spells.md,Source-listed spell tome acquisition; final route source selection pending.
BOOKLOC-000759,OBJ-000987,Spell Tome: Elemental Flare,spell_tome,ae_creation,Destruction,Skyrim,,Winterhold,College of Winterhold,"Purchase from Enthir at the College of Winterhold. Source note: Can be purchased from: Calcelmo, Enthir, Falion, Faralda, Farengar Secret-Fire, Madena, Sybille Stentor, Wuunferth the Unliving, Wylandriah, Talvas Fathryon.","Merchant transaction; price, stock, and barter setup need route validation",Vendor availability/restock timing needs route validation.,unknown,unknown,unknown,"Travel, cold, carry, restock, gold, and spell-learning timing deferred",source_listed_candidate,SN-000052-spell-tomes-and-learned-spells.md,Source-listed spell tome acquisition; final route source selection pending.
BOOKLOC-000760,OBJ-000987,Spell Tome: Elemental Flare,spell_tome,ae_creation,Destruction,Skyrim,,Hjaalmarch,Morthal,"Purchase from Falion in Morthal. Source note: Can be purchased from: Calcelmo, Enthir, Falion, Faralda, Farengar Secret-Fire, Madena, Sybille Stentor, Wuunferth the Unliving, Wylandriah, Talvas Fathryon.","Merchant transaction; price, stock, and barter setup need route validation",Vendor availability/restock timing needs route validation.,unknown,unknown,unknown,"Travel, cold, carry, restock, gold, and spell-learning timing deferred",source_listed_candidate,SN-000052-spell-tomes-and-learned-spells.md,Source-listed spell tome acquisition; final route source selection pending.
BOOKLOC-000761,OBJ-000987,Spell Tome: Elemental Flare,spell_tome,ae_creation,Destruction,Skyrim,,Winterhold,College of Winterhold,"Purchase from Faralda at the College of Winterhold. Source note: Can be purchased from: Calcelmo, Enthir, Falion, Faralda, Farengar Secret-Fire, Madena, Sybille Stentor, Wuunferth the Unliving, Wylandriah, Talvas Fathryon.","Merchant transaction; price, stock, and barter setup need route validation",Vendor availability/restock timing needs route validation.,unknown,unknown,unknown,"Travel, cold, carry, restock, gold, and spell-learning timing deferred",source_listed_candidate,SN-000052-spell-tomes-and-learned-spells.md,Source-listed spell tome acquisition; final route source selection pending.
BOOKLOC-000762,OBJ-000987,Spell Tome: Elemental Flare,spell_tome,ae_creation,Destruction,Skyrim,,Whiterun Hold,Dragonsreach,"Purchase from Farengar Secret-Fire in Whiterun. Source note: Can be purchased from: Calcelmo, Enthir, Falion, Faralda, Farengar Secret-Fire, Madena, Sybille Stentor, Wuunferth the Unliving, Wylandriah, Talvas Fathryon.","Merchant transaction; price, stock, and barter setup need route validation",Vendor availability/restock timing needs route validation.,unknown,unknown,unknown,"Travel, cold, carry, restock, gold, and spell-learning timing deferred",source_listed_candidate,SN-000052-spell-tomes-and-learned-spells.md,Source-listed spell tome acquisition; final route source selection pending.
BOOKLOC-000763,OBJ-000987,Spell Tome: Elemental Flare,spell_tome,ae_creation,Destruction,Skyrim,,The Pale,The White Hall,"Purchase from Madena in Dawnstar. Source note: Can be purchased from: Calcelmo, Enthir, Falion, Faralda, Farengar Secret-Fire, Madena, Sybille Stentor, Wuunferth the Unliving, Wylandriah, Talvas Fathryon.","Merchant transaction; price, stock, and barter setup need route validation",Vendor availability/restock timing needs route validation.,unknown,unknown,unknown,"Travel, cold, carry, restock, gold, and spell-learning timing deferred",source_listed_candidate,SN-000052-spell-tomes-and-learned-spells.md,Source-listed spell tome acquisition; final route source selection pending.
BOOKLOC-000764,OBJ-000987,Spell Tome: Elemental Flare,spell_tome,ae_creation,Destruction,Skyrim,,Haafingar,Blue Palace,"Purchase from Sybille Stentor in Solitude. Source note: Can be purchased from: Calcelmo, Enthir, Falion, Faralda, Farengar Secret-Fire, Madena, Sybille Stentor, Wuunferth the Unliving, Wylandriah, Talvas Fathryon.","Merchant transaction; price, stock, and barter setup need route validation",Vendor availability/restock timing needs route validation.,unknown,unknown,unknown,"Travel, cold, carry, restock, gold, and spell-learning timing deferred",source_listed_candidate,SN-000052-spell-tomes-and-learned-spells.md,Source-listed spell tome acquisition; final route source selection pending.
BOOKLOC-000765,OBJ-000987,Spell Tome: Elemental Flare,spell_tome,ae_creation,Destruction,Skyrim,,Eastmarch,Palace of the Kings,"Purchase from Wuunferth the Unliving in Windhelm. Source note: Can be purchased from: Calcelmo, Enthir, Falion, Faralda, Farengar Secret-Fire, Madena, Sybille Stentor, Wuunferth the Unliving, Wylandriah, Talvas Fathryon.","Merchant transaction; price, stock, and barter setup need route validation",Vendor availability/restock timing needs route validation.,unknown,unknown,unknown,"Travel, cold, carry, restock, gold, and spell-learning timing deferred",source_listed_candidate,SN-000052-spell-tomes-and-learned-spells.md,Source-listed spell tome acquisition; final route source selection pending.
BOOKLOC-000766,OBJ-000987,Spell Tome: Elemental Flare,spell_tome,ae_creation,Destruction,Skyrim,,The Rift,Mistveil Keep,"Purchase from Wylandriah in Riften. Source note: Can be purchased from: Calcelmo, Enthir, Falion, Faralda, Farengar Secret-Fire, Madena, Sybille Stentor, Wuunferth the Unliving, Wylandriah, Talvas Fathryon.","Merchant transaction; price, stock, and barter setup need route validation",Vendor availability/restock timing needs route validation.,unknown,unknown,unknown,"Travel, cold, carry, restock, gold, and spell-learning timing deferred",source_listed_candidate,SN-000052-spell-tomes-and-learned-spells.md,Source-listed spell tome acquisition; final route source selection pending.
BOOKLOC-000767,OBJ-000987,Spell Tome: Elemental Flare,spell_tome,ae_creation,Destruction,Solstheim,,,Tel Mithryn,"Purchase from Talvas Fathryon at Tel Mithryn. Source note: Can be purchased from: Calcelmo, Enthir, Falion, Faralda, Farengar Secret-Fire, Madena, Sybille Stentor, Wuunferth the Unliving, Wylandriah, Talvas Fathryon.","Merchant transaction; price, stock, and barter setup need route validation",Vendor availability/restock timing needs route validation.,unknown,unknown,unknown,"Travel, cold, carry, restock, gold, and spell-learning timing deferred",source_listed_candidate,SN-000052-spell-tomes-and-learned-spells.md,Source-listed spell tome acquisition; final route source selection pending.
BOOKLOC-000768,OBJ-000988,Spell Tome: Flames,spell_tome,base_game,Destruction,Skyrim,,,Character creation / starting spell,All players start with this spell.,,,unknown,none_known,unknown,"Travel, cold, carry, restock, gold, and spell-learning timing deferred",provisional_objective_representative,SN-000052-spell-tomes-and-learned-spells.md,Source-listed spell tome acquisition; final route source selection pending.
BOOKLOC-000769,OBJ-000988,Spell Tome: Flames,spell_tome,dragonborn,Destruction,Skyrim,,The Reach,Understone Keep,"Purchase from Calcelmo in Markarth. Source note: Can be purchased from: Calcelmo, Enthir, Falion, Faralda, Farengar Secret-Fire, Madena, Nelacar, Sybille Stentor, Wuunferth the Unliving, Wylandriah, Talvas Fathryon.","Merchant transaction; price, stock, and barter setup need route validation",Vendor availability/restock timing needs route validation.,unknown,unknown,unknown,"Travel, cold, carry, restock, gold, and spell-learning timing deferred",source_listed_candidate,SN-000052-spell-tomes-and-learned-spells.md,Source-listed spell tome acquisition; final route source selection pending.
BOOKLOC-000770,OBJ-000988,Spell Tome: Flames,spell_tome,dragonborn,Destruction,Skyrim,,Winterhold,College of Winterhold,"Purchase from Enthir at the College of Winterhold. Source note: Can be purchased from: Calcelmo, Enthir, Falion, Faralda, Farengar Secret-Fire, Madena, Nelacar, Sybille Stentor, Wuunferth the Unliving, Wylandriah, Talvas Fathryon.","Merchant transaction; price, stock, and barter setup need route validation",Vendor availability/restock timing needs route validation.,unknown,unknown,unknown,"Travel, cold, carry, restock, gold, and spell-learning timing deferred",source_listed_candidate,SN-000052-spell-tomes-and-learned-spells.md,Source-listed spell tome acquisition; final route source selection pending.
BOOKLOC-000771,OBJ-000988,Spell Tome: Flames,spell_tome,dragonborn,Destruction,Skyrim,,Hjaalmarch,Morthal,"Purchase from Falion in Morthal. Source note: Can be purchased from: Calcelmo, Enthir, Falion, Faralda, Farengar Secret-Fire, Madena, Nelacar, Sybille Stentor, Wuunferth the Unliving, Wylandriah, Talvas Fathryon.","Merchant transaction; price, stock, and barter setup need route validation",Vendor availability/restock timing needs route validation.,unknown,unknown,unknown,"Travel, cold, carry, restock, gold, and spell-learning timing deferred",source_listed_candidate,SN-000052-spell-tomes-and-learned-spells.md,Source-listed spell tome acquisition; final route source selection pending.
BOOKLOC-000772,OBJ-000988,Spell Tome: Flames,spell_tome,dragonborn,Destruction,Skyrim,,Winterhold,College of Winterhold,"Purchase from Faralda at the College of Winterhold. Source note: Can be purchased from: Calcelmo, Enthir, Falion, Faralda, Farengar Secret-Fire, Madena, Nelacar, Sybille Stentor, Wuunferth the Unliving, Wylandriah, Talvas Fathryon.","Merchant transaction; price, stock, and barter setup need route validation",Vendor availability/restock timing needs route validation.,unknown,unknown,unknown,"Travel, cold, carry, restock, gold, and spell-learning timing deferred",source_listed_candidate,SN-000052-spell-tomes-and-learned-spells.md,Source-listed spell tome acquisition; final route source selection pending.
BOOKLOC-000773,OBJ-000988,Spell Tome: Flames,spell_tome,dragonborn,Destruction,Skyrim,,Whiterun Hold,Dragonsreach,"Purchase from Farengar Secret-Fire in Whiterun. Source note: Can be purchased from: Calcelmo, Enthir, Falion, Faralda, Farengar Secret-Fire, Madena, Nelacar, Sybille Stentor, Wuunferth the Unliving, Wylandriah, Talvas Fathryon.","Merchant transaction; price, stock, and barter setup need route validation",Vendor availability/restock timing needs route validation.,unknown,unknown,unknown,"Travel, cold, carry, restock, gold, and spell-learning timing deferred",source_listed_candidate,SN-000052-spell-tomes-and-learned-spells.md,Source-listed spell tome acquisition; final route source selection pending.
BOOKLOC-000774,OBJ-000988,Spell Tome: Flames,spell_tome,dragonborn,Destruction,Skyrim,,The Pale,The White Hall,"Purchase from Madena in Dawnstar. Source note: Can be purchased from: Calcelmo, Enthir, Falion, Faralda, Farengar Secret-Fire, Madena, Nelacar, Sybille Stentor, Wuunferth the Unliving, Wylandriah, Talvas Fathryon.","Merchant transaction; price, stock, and barter setup need route validation",Vendor availability/restock timing needs route validation.,unknown,unknown,unknown,"Travel, cold, carry, restock, gold, and spell-learning timing deferred",source_listed_candidate,SN-000052-spell-tomes-and-learned-spells.md,Source-listed spell tome acquisition; final route source selection pending.
BOOKLOC-000775,OBJ-000988,Spell Tome: Flames,spell_tome,dragonborn,Destruction,Skyrim,,Winterhold,The Frozen Hearth,"Purchase from Nelacar in Winterhold. Source note: Can be purchased from: Calcelmo, Enthir, Falion, Faralda, Farengar Secret-Fire, Madena, Nelacar, Sybille Stentor, Wuunferth the Unliving, Wylandriah, Talvas Fathryon.","Merchant transaction; price, stock, and barter setup need route validation",Vendor availability/restock timing needs route validation.,unknown,unknown,unknown,"Travel, cold, carry, restock, gold, and spell-learning timing deferred",source_listed_candidate,SN-000052-spell-tomes-and-learned-spells.md,Source-listed spell tome acquisition; final route source selection pending.
BOOKLOC-000776,OBJ-000988,Spell Tome: Flames,spell_tome,dragonborn,Destruction,Skyrim,,Haafingar,Blue Palace,"Purchase from Sybille Stentor in Solitude. Source note: Can be purchased from: Calcelmo, Enthir, Falion, Faralda, Farengar Secret-Fire, Madena, Nelacar, Sybille Stentor, Wuunferth the Unliving, Wylandriah, Talvas Fathryon.","Merchant transaction; price, stock, and barter setup need route validation",Vendor availability/restock timing needs route validation.,unknown,unknown,unknown,"Travel, cold, carry, restock, gold, and spell-learning timing deferred",source_listed_candidate,SN-000052-spell-tomes-and-learned-spells.md,Source-listed spell tome acquisition; final route source selection pending.
BOOKLOC-000777,OBJ-000988,Spell Tome: Flames,spell_tome,dragonborn,Destruction,Skyrim,,Eastmarch,Palace of the Kings,"Purchase from Wuunferth the Unliving in Windhelm. Source note: Can be purchased from: Calcelmo, Enthir, Falion, Faralda, Farengar Secret-Fire, Madena, Nelacar, Sybille Stentor, Wuunferth the Unliving, Wylandriah, Talvas Fathryon.","Merchant transaction; price, stock, and barter setup need route validation",Vendor availability/restock timing needs route validation.,unknown,unknown,unknown,"Travel, cold, carry, restock, gold, and spell-learning timing deferred",source_listed_candidate,SN-000052-spell-tomes-and-learned-spells.md,Source-listed spell tome acquisition; final route source selection pending.
BOOKLOC-000778,OBJ-000988,Spell Tome: Flames,spell_tome,dragonborn,Destruction,Skyrim,,The Rift,Mistveil Keep,"Purchase from Wylandriah in Riften. Source note: Can be purchased from: Calcelmo, Enthir, Falion, Faralda, Farengar Secret-Fire, Madena, Nelacar, Sybille Stentor, Wuunferth the Unliving, Wylandriah, Talvas Fathryon.","Merchant transaction; price, stock, and barter setup need route validation",Vendor availability/restock timing needs route validation.,unknown,unknown,unknown,"Travel, cold, carry, restock, gold, and spell-learning timing deferred",source_listed_candidate,SN-000052-spell-tomes-and-learned-spells.md,Source-listed spell tome acquisition; final route source selection pending.
BOOKLOC-000779,OBJ-000988,Spell Tome: Flames,spell_tome,dragonborn,Destruction,Solstheim,,,Tel Mithryn,"Purchase from Talvas Fathryon at Tel Mithryn. Source note: Can be purchased from: Calcelmo, Enthir, Falion, Faralda, Farengar Secret-Fire, Madena, Nelacar, Sybille Stentor, Wuunferth the Unliving, Wylandriah, Talvas Fathryon.","Merchant transaction; price, stock, and barter setup need route validation",Vendor availability/restock timing needs route validation.,unknown,unknown,unknown,"Travel, cold, carry, restock, gold, and spell-learning timing deferred",source_listed_candidate,SN-000052-spell-tomes-and-learned-spells.md,Source-listed spell tome acquisition; final route source selection pending.
BOOKLOC-000780,OBJ-000988,Spell Tome: Flames,spell_tome,base_game,Destruction,Skyrim,,,Labyrinthian Chasm,"Can be found in Labyrinthian Chasm, Forelhost Refectory, Hag's End, Mzulft Aedrome.",Loot/access status needs route validation,,unknown,unknown,unknown,"Travel, cold, carry, restock, gold, and spell-learning timing deferred",source_listed_candidate,SN-000052-spell-tomes-and-learned-spells.md,Source-listed spell tome acquisition; final route source selection pending.
BOOKLOC-000781,OBJ-000988,Spell Tome: Flames,spell_tome,base_game,Destruction,Skyrim,,,Forelhost Refectory,"Can be found in Labyrinthian Chasm, Forelhost Refectory, Hag's End, Mzulft Aedrome.",Loot/access status needs route validation,,unknown,unknown,unknown,"Travel, cold, carry, restock, gold, and spell-learning timing deferred",source_listed_candidate,SN-000052-spell-tomes-and-learned-spells.md,Source-listed spell tome acquisition; final route source selection pending.
BOOKLOC-000782,OBJ-000988,Spell Tome: Flames,spell_tome,base_game,Destruction,Skyrim,,,Hag's End,"Can be found in Labyrinthian Chasm, Forelhost Refectory, Hag's End, Mzulft Aedrome.",Loot/access status needs route validation,,unknown,unknown,unknown,"Travel, cold, carry, restock, gold, and spell-learning timing deferred",source_listed_candidate,SN-000052-spell-tomes-and-learned-spells.md,Source-listed spell tome acquisition; final route source selection pending.
BOOKLOC-000783,OBJ-000988,Spell Tome: Flames,spell_tome,base_game,Destruction,Skyrim,,,Mzulft Aedrome,"Can be found in Labyrinthian Chasm, Forelhost Refectory, Hag's End, Mzulft Aedrome.",Loot/access status needs route validation,,unknown,unknown,unknown,"Travel, cold, carry, restock, gold, and spell-learning timing deferred",source_listed_candidate,SN-000052-spell-tomes-and-learned-spells.md,Source-listed spell tome acquisition; final route source selection pending.
BOOKLOC-000784,OBJ-000988,Spell Tome: Flames,spell_tome,base_game,Destruction,Skyrim,,,Random spell tome loot,Generic novice spell tome random loot source from boss chests and safes.,Random/container source; reliability and ownership not route-ready,Character level 1+ for novice random spell tome loot; route should prefer deterministic sources unless later validated.,unknown,unknown,unknown,"Travel, cold, carry, restock, gold, and spell-learning timing deferred",source_listed_candidate,SN-000052-spell-tomes-and-learned-spells.md,Generic random loot source from UESP spell tome location rules; not a deterministic route choice.
BOOKLOC-000785,OBJ-000989,Spell Tome: Frostbite,spell_tome,dragonborn,Destruction,Skyrim,,The Reach,Understone Keep,"Purchase from Calcelmo in Markarth. Source note: Can be purchased from: Calcelmo, Enthir, Falion, Faralda, Farengar Secret-Fire, Madena, Nelacar, Riverwood Trader, Sybille Stentor, Wuunferth the Unliving, Wylandriah, Talvas Fathryon.","Merchant transaction; price, stock, and barter setup need route validation",Vendor availability/restock timing needs route validation.,unknown,unknown,unknown,"Travel, cold, carry, restock, gold, and spell-learning timing deferred",provisional_objective_representative,SN-000052-spell-tomes-and-learned-spells.md,Source-listed spell tome acquisition; final route source selection pending.
BOOKLOC-000786,OBJ-000989,Spell Tome: Frostbite,spell_tome,dragonborn,Destruction,Skyrim,,Winterhold,College of Winterhold,"Purchase from Enthir at the College of Winterhold. Source note: Can be purchased from: Calcelmo, Enthir, Falion, Faralda, Farengar Secret-Fire, Madena, Nelacar, Riverwood Trader, Sybille Stentor, Wuunferth the Unliving, Wylandriah, Talvas Fathryon.","Merchant transaction; price, stock, and barter setup need route validation",Vendor availability/restock timing needs route validation.,unknown,unknown,unknown,"Travel, cold, carry, restock, gold, and spell-learning timing deferred",source_listed_candidate,SN-000052-spell-tomes-and-learned-spells.md,Source-listed spell tome acquisition; final route source selection pending.
BOOKLOC-000787,OBJ-000989,Spell Tome: Frostbite,spell_tome,dragonborn,Destruction,Skyrim,,Hjaalmarch,Morthal,"Purchase from Falion in Morthal. Source note: Can be purchased from: Calcelmo, Enthir, Falion, Faralda, Farengar Secret-Fire, Madena, Nelacar, Riverwood Trader, Sybille Stentor, Wuunferth the Unliving, Wylandriah, Talvas Fathryon.","Merchant transaction; price, stock, and barter setup need route validation",Vendor availability/restock timing needs route validation.,unknown,unknown,unknown,"Travel, cold, carry, restock, gold, and spell-learning timing deferred",source_listed_candidate,SN-000052-spell-tomes-and-learned-spells.md,Source-listed spell tome acquisition; final route source selection pending.
BOOKLOC-000788,OBJ-000989,Spell Tome: Frostbite,spell_tome,dragonborn,Destruction,Skyrim,,Winterhold,College of Winterhold,"Purchase from Faralda at the College of Winterhold. Source note: Can be purchased from: Calcelmo, Enthir, Falion, Faralda, Farengar Secret-Fire, Madena, Nelacar, Riverwood Trader, Sybille Stentor, Wuunferth the Unliving, Wylandriah, Talvas Fathryon.","Merchant transaction; price, stock, and barter setup need route validation",Vendor availability/restock timing needs route validation.,unknown,unknown,unknown,"Travel, cold, carry, restock, gold, and spell-learning timing deferred",source_listed_candidate,SN-000052-spell-tomes-and-learned-spells.md,Source-listed spell tome acquisition; final route source selection pending.
BOOKLOC-000789,OBJ-000989,Spell Tome: Frostbite,spell_tome,dragonborn,Destruction,Skyrim,,Whiterun Hold,Dragonsreach,"Purchase from Farengar Secret-Fire in Whiterun. Source note: Can be purchased from: Calcelmo, Enthir, Falion, Faralda, Farengar Secret-Fire, Madena, Nelacar, Riverwood Trader, Sybille Stentor, Wuunferth the Unliving, Wylandriah, Talvas Fathryon.","Merchant transaction; price, stock, and barter setup need route validation",Vendor availability/restock timing needs route validation.,unknown,unknown,unknown,"Travel, cold, carry, restock, gold, and spell-learning timing deferred",source_listed_candidate,SN-000052-spell-tomes-and-learned-spells.md,Source-listed spell tome acquisition; final route source selection pending.
BOOKLOC-000790,OBJ-000989,Spell Tome: Frostbite,spell_tome,dragonborn,Destruction,Skyrim,,The Pale,The White Hall,"Purchase from Madena in Dawnstar. Source note: Can be purchased from: Calcelmo, Enthir, Falion, Faralda, Farengar Secret-Fire, Madena, Nelacar, Riverwood Trader, Sybille Stentor, Wuunferth the Unliving, Wylandriah, Talvas Fathryon.","Merchant transaction; price, stock, and barter setup need route validation",Vendor availability/restock timing needs route validation.,unknown,unknown,unknown,"Travel, cold, carry, restock, gold, and spell-learning timing deferred",source_listed_candidate,SN-000052-spell-tomes-and-learned-spells.md,Source-listed spell tome acquisition; final route source selection pending.
BOOKLOC-000791,OBJ-000989,Spell Tome: Frostbite,spell_tome,dragonborn,Destruction,Skyrim,,Winterhold,The Frozen Hearth,"Purchase from Nelacar in Winterhold. Source note: Can be purchased from: Calcelmo, Enthir, Falion, Faralda, Farengar Secret-Fire, Madena, Nelacar, Riverwood Trader, Sybille Stentor, Wuunferth the Unliving, Wylandriah, Talvas Fathryon.","Merchant transaction; price, stock, and barter setup need route validation",Vendor availability/restock timing needs route validation.,unknown,unknown,unknown,"Travel, cold, carry, restock, gold, and spell-learning timing deferred",source_listed_candidate,SN-000052-spell-tomes-and-learned-spells.md,Source-listed spell tome acquisition; final route source selection pending.
BOOKLOC-000792,OBJ-000989,Spell Tome: Frostbite,spell_tome,dragonborn,Destruction,Skyrim,,Whiterun Hold,Riverwood Trader,"Purchase from the Riverwood Trader. Source note: Can be purchased from: Calcelmo, Enthir, Falion, Faralda, Farengar Secret-Fire, Madena, Nelacar, Riverwood Trader, Sybille Stentor, Wuunferth the Unliving, Wylandriah, Talvas Fathryon.","Merchant transaction; price, stock, and barter setup need route validation",Vendor availability/restock timing needs route validation.,unknown,unknown,unknown,"Travel, cold, carry, restock, gold, and spell-learning timing deferred",source_listed_candidate,SN-000052-spell-tomes-and-learned-spells.md,Source-listed spell tome acquisition; final route source selection pending.
BOOKLOC-000793,OBJ-000989,Spell Tome: Frostbite,spell_tome,dragonborn,Destruction,Skyrim,,Haafingar,Blue Palace,"Purchase from Sybille Stentor in Solitude. Source note: Can be purchased from: Calcelmo, Enthir, Falion, Faralda, Farengar Secret-Fire, Madena, Nelacar, Riverwood Trader, Sybille Stentor, Wuunferth the Unliving, Wylandriah, Talvas Fathryon.","Merchant transaction; price, stock, and barter setup need route validation",Vendor availability/restock timing needs route validation.,unknown,unknown,unknown,"Travel, cold, carry, restock, gold, and spell-learning timing deferred",source_listed_candidate,SN-000052-spell-tomes-and-learned-spells.md,Source-listed spell tome acquisition; final route source selection pending.
BOOKLOC-000794,OBJ-000989,Spell Tome: Frostbite,spell_tome,dragonborn,Destruction,Skyrim,,Eastmarch,Palace of the Kings,"Purchase from Wuunferth the Unliving in Windhelm. Source note: Can be purchased from: Calcelmo, Enthir, Falion, Faralda, Farengar Secret-Fire, Madena, Nelacar, Riverwood Trader, Sybille Stentor, Wuunferth the Unliving, Wylandriah, Talvas Fathryon.","Merchant transaction; price, stock, and barter setup need route validation",Vendor availability/restock timing needs route validation.,unknown,unknown,unknown,"Travel, cold, carry, restock, gold, and spell-learning timing deferred",source_listed_candidate,SN-000052-spell-tomes-and-learned-spells.md,Source-listed spell tome acquisition; final route source selection pending.
BOOKLOC-000795,OBJ-000989,Spell Tome: Frostbite,spell_tome,dragonborn,Destruction,Skyrim,,The Rift,Mistveil Keep,"Purchase from Wylandriah in Riften. Source note: Can be purchased from: Calcelmo, Enthir, Falion, Faralda, Farengar Secret-Fire, Madena, Nelacar, Riverwood Trader, Sybille Stentor, Wuunferth the Unliving, Wylandriah, Talvas Fathryon.","Merchant transaction; price, stock, and barter setup need route validation",Vendor availability/restock timing needs route validation.,unknown,unknown,unknown,"Travel, cold, carry, restock, gold, and spell-learning timing deferred",source_listed_candidate,SN-000052-spell-tomes-and-learned-spells.md,Source-listed spell tome acquisition; final route source selection pending.
BOOKLOC-000796,OBJ-000989,Spell Tome: Frostbite,spell_tome,dragonborn,Destruction,Solstheim,,,Tel Mithryn,"Purchase from Talvas Fathryon at Tel Mithryn. Source note: Can be purchased from: Calcelmo, Enthir, Falion, Faralda, Farengar Secret-Fire, Madena, Nelacar, Riverwood Trader, Sybille Stentor, Wuunferth the Unliving, Wylandriah, Talvas Fathryon.","Merchant transaction; price, stock, and barter setup need route validation",Vendor availability/restock timing needs route validation.,unknown,unknown,unknown,"Travel, cold, carry, restock, gold, and spell-learning timing deferred",source_listed_candidate,SN-000052-spell-tomes-and-learned-spells.md,Source-listed spell tome acquisition; final route source selection pending.
BOOKLOC-000797,OBJ-000989,Spell Tome: Frostbite,spell_tome,base_game,Destruction,Skyrim,,,Labyrinthian Thoroughfare,"Can be found in Labyrinthian Thoroughfare, Mzulft Aedrome, Serpent's Bluff Ruins.",Loot/access status needs route validation,,unknown,unknown,unknown,"Travel, cold, carry, restock, gold, and spell-learning timing deferred",source_listed_candidate,SN-000052-spell-tomes-and-learned-spells.md,Source-listed spell tome acquisition; final route source selection pending.
BOOKLOC-000798,OBJ-000989,Spell Tome: Frostbite,spell_tome,base_game,Destruction,Skyrim,,,Mzulft Aedrome,"Can be found in Labyrinthian Thoroughfare, Mzulft Aedrome, Serpent's Bluff Ruins.",Loot/access status needs route validation,,unknown,unknown,unknown,"Travel, cold, carry, restock, gold, and spell-learning timing deferred",source_listed_candidate,SN-000052-spell-tomes-and-learned-spells.md,Source-listed spell tome acquisition; final route source selection pending.
BOOKLOC-000799,OBJ-000989,Spell Tome: Frostbite,spell_tome,base_game,Destruction,Skyrim,,,Serpent's Bluff Ruins,"Can be found in Labyrinthian Thoroughfare, Mzulft Aedrome, Serpent's Bluff Ruins.",Loot/access status needs route validation,,unknown,unknown,unknown,"Travel, cold, carry, restock, gold, and spell-learning timing deferred",source_listed_candidate,SN-000052-spell-tomes-and-learned-spells.md,Source-listed spell tome acquisition; final route source selection pending.
BOOKLOC-000800,OBJ-000989,Spell Tome: Frostbite,spell_tome,base_game,Destruction,Skyrim,,,Random spell tome loot,Generic novice spell tome random loot source from boss chests and safes.,Random/container source; reliability and ownership not route-ready,Character level 1+ for novice random spell tome loot; route should prefer deterministic sources unless later validated.,unknown,unknown,unknown,"Travel, cold, carry, restock, gold, and spell-learning timing deferred",source_listed_candidate,SN-000052-spell-tomes-and-learned-spells.md,Generic random loot source from UESP spell tome location rules; not a deterministic route choice.
BOOKLOC-000801,OBJ-000990,Spell Tome: Sparks,spell_tome,base_game,Destruction,Skyrim,,,Character creation / starting spell,Dunmer start with this spell.,,,unknown,none_known,unknown,"Travel, cold, carry, restock, gold, and spell-learning timing deferred",provisional_objective_representative,SN-000052-spell-tomes-and-learned-spells.md,Source-listed spell tome acquisition; final route source selection pending.
BOOKLOC-000802,OBJ-000990,Spell Tome: Sparks,spell_tome,dragonborn,Destruction,Skyrim,,The Reach,Understone Keep,"Purchase from Calcelmo in Markarth. Source note: Can be purchased from: Calcelmo, Enthir, Falion, Faralda, Farengar Secret-Fire, Madena, Nelacar, Sybille Stentor, Wuunferth the Unliving, Wylandriah, Talvas Fathryon.","Merchant transaction; price, stock, and barter setup need route validation",Vendor availability/restock timing needs route validation.,unknown,unknown,unknown,"Travel, cold, carry, restock, gold, and spell-learning timing deferred",source_listed_candidate,SN-000052-spell-tomes-and-learned-spells.md,Source-listed spell tome acquisition; final route source selection pending.
BOOKLOC-000803,OBJ-000990,Spell Tome: Sparks,spell_tome,dragonborn,Destruction,Skyrim,,Winterhold,College of Winterhold,"Purchase from Enthir at the College of Winterhold. Source note: Can be purchased from: Calcelmo, Enthir, Falion, Faralda, Farengar Secret-Fire, Madena, Nelacar, Sybille Stentor, Wuunferth the Unliving, Wylandriah, Talvas Fathryon.","Merchant transaction; price, stock, and barter setup need route validation",Vendor availability/restock timing needs route validation.,unknown,unknown,unknown,"Travel, cold, carry, restock, gold, and spell-learning timing deferred",source_listed_candidate,SN-000052-spell-tomes-and-learned-spells.md,Source-listed spell tome acquisition; final route source selection pending.
BOOKLOC-000804,OBJ-000990,Spell Tome: Sparks,spell_tome,dragonborn,Destruction,Skyrim,,Hjaalmarch,Morthal,"Purchase from Falion in Morthal. Source note: Can be purchased from: Calcelmo, Enthir, Falion, Faralda, Farengar Secret-Fire, Madena, Nelacar, Sybille Stentor, Wuunferth the Unliving, Wylandriah, Talvas Fathryon.","Merchant transaction; price, stock, and barter setup need route validation",Vendor availability/restock timing needs route validation.,unknown,unknown,unknown,"Travel, cold, carry, restock, gold, and spell-learning timing deferred",source_listed_candidate,SN-000052-spell-tomes-and-learned-spells.md,Source-listed spell tome acquisition; final route source selection pending.
BOOKLOC-000805,OBJ-000990,Spell Tome: Sparks,spell_tome,dragonborn,Destruction,Skyrim,,Winterhold,College of Winterhold,"Purchase from Faralda at the College of Winterhold. Source note: Can be purchased from: Calcelmo, Enthir, Falion, Faralda, Farengar Secret-Fire, Madena, Nelacar, Sybille Stentor, Wuunferth the Unliving, Wylandriah, Talvas Fathryon.","Merchant transaction; price, stock, and barter setup need route validation",Vendor availability/restock timing needs route validation.,unknown,unknown,unknown,"Travel, cold, carry, restock, gold, and spell-learning timing deferred",source_listed_candidate,SN-000052-spell-tomes-and-learned-spells.md,Source-listed spell tome acquisition; final route source selection pending.
BOOKLOC-000806,OBJ-000990,Spell Tome: Sparks,spell_tome,dragonborn,Destruction,Skyrim,,Whiterun Hold,Dragonsreach,"Purchase from Farengar Secret-Fire in Whiterun. Source note: Can be purchased from: Calcelmo, Enthir, Falion, Faralda, Farengar Secret-Fire, Madena, Nelacar, Sybille Stentor, Wuunferth the Unliving, Wylandriah, Talvas Fathryon.","Merchant transaction; price, stock, and barter setup need route validation",Vendor availability/restock timing needs route validation.,unknown,unknown,unknown,"Travel, cold, carry, restock, gold, and spell-learning timing deferred",source_listed_candidate,SN-000052-spell-tomes-and-learned-spells.md,Source-listed spell tome acquisition; final route source selection pending.
BOOKLOC-000807,OBJ-000990,Spell Tome: Sparks,spell_tome,dragonborn,Destruction,Skyrim,,The Pale,The White Hall,"Purchase from Madena in Dawnstar. Source note: Can be purchased from: Calcelmo, Enthir, Falion, Faralda, Farengar Secret-Fire, Madena, Nelacar, Sybille Stentor, Wuunferth the Unliving, Wylandriah, Talvas Fathryon.","Merchant transaction; price, stock, and barter setup need route validation",Vendor availability/restock timing needs route validation.,unknown,unknown,unknown,"Travel, cold, carry, restock, gold, and spell-learning timing deferred",source_listed_candidate,SN-000052-spell-tomes-and-learned-spells.md,Source-listed spell tome acquisition; final route source selection pending.
BOOKLOC-000808,OBJ-000990,Spell Tome: Sparks,spell_tome,dragonborn,Destruction,Skyrim,,Winterhold,The Frozen Hearth,"Purchase from Nelacar in Winterhold. Source note: Can be purchased from: Calcelmo, Enthir, Falion, Faralda, Farengar Secret-Fire, Madena, Nelacar, Sybille Stentor, Wuunferth the Unliving, Wylandriah, Talvas Fathryon.","Merchant transaction; price, stock, and barter setup need route validation",Vendor availability/restock timing needs route validation.,unknown,unknown,unknown,"Travel, cold, carry, restock, gold, and spell-learning timing deferred",source_listed_candidate,SN-000052-spell-tomes-and-learned-spells.md,Source-listed spell tome acquisition; final route source selection pending.
BOOKLOC-000809,OBJ-000990,Spell Tome: Sparks,spell_tome,dragonborn,Destruction,Skyrim,,Haafingar,Blue Palace,"Purchase from Sybille Stentor in Solitude. Source note: Can be purchased from: Calcelmo, Enthir, Falion, Faralda, Farengar Secret-Fire, Madena, Nelacar, Sybille Stentor, Wuunferth the Unliving, Wylandriah, Talvas Fathryon.","Merchant transaction; price, stock, and barter setup need route validation",Vendor availability/restock timing needs route validation.,unknown,unknown,unknown,"Travel, cold, carry, restock, gold, and spell-learning timing deferred",source_listed_candidate,SN-000052-spell-tomes-and-learned-spells.md,Source-listed spell tome acquisition; final route source selection pending.
BOOKLOC-000810,OBJ-000990,Spell Tome: Sparks,spell_tome,dragonborn,Destruction,Skyrim,,Eastmarch,Palace of the Kings,"Purchase from Wuunferth the Unliving in Windhelm. Source note: Can be purchased from: Calcelmo, Enthir, Falion, Faralda, Farengar Secret-Fire, Madena, Nelacar, Sybille Stentor, Wuunferth the Unliving, Wylandriah, Talvas Fathryon.","Merchant transaction; price, stock, and barter setup need route validation",Vendor availability/restock timing needs route validation.,unknown,unknown,unknown,"Travel, cold, carry, restock, gold, and spell-learning timing deferred",source_listed_candidate,SN-000052-spell-tomes-and-learned-spells.md,Source-listed spell tome acquisition; final route source selection pending.
BOOKLOC-000811,OBJ-000990,Spell Tome: Sparks,spell_tome,dragonborn,Destruction,Skyrim,,The Rift,Mistveil Keep,"Purchase from Wylandriah in Riften. Source note: Can be purchased from: Calcelmo, Enthir, Falion, Faralda, Farengar Secret-Fire, Madena, Nelacar, Sybille Stentor, Wuunferth the Unliving, Wylandriah, Talvas Fathryon.","Merchant transaction; price, stock, and barter setup need route validation",Vendor availability/restock timing needs route validation.,unknown,unknown,unknown,"Travel, cold, carry, restock, gold, and spell-learning timing deferred",source_listed_candidate,SN-000052-spell-tomes-and-learned-spells.md,Source-listed spell tome acquisition; final route source selection pending.
BOOKLOC-000812,OBJ-000990,Spell Tome: Sparks,spell_tome,dragonborn,Destruction,Solstheim,,,Tel Mithryn,"Purchase from Talvas Fathryon at Tel Mithryn. Source note: Can be purchased from: Calcelmo, Enthir, Falion, Faralda, Farengar Secret-Fire, Madena, Nelacar, Sybille Stentor, Wuunferth the Unliving, Wylandriah, Talvas Fathryon.","Merchant transaction; price, stock, and barter setup need route validation",Vendor availability/restock timing needs route validation.,unknown,unknown,unknown,"Travel, cold, carry, restock, gold, and spell-learning timing deferred",source_listed_candidate,SN-000052-spell-tomes-and-learned-spells.md,Source-listed spell tome acquisition; final route source selection pending.
BOOKLOC-000813,OBJ-000990,Spell Tome: Sparks,spell_tome,base_game,Destruction,Skyrim,,,Fellglow Keep,"Can be found in Fellglow Keep, Helgen Keep (during Unbound).",Loot/access status needs route validation,,unknown,unknown,unknown,"Travel, cold, carry, restock, gold, and spell-learning timing deferred",source_listed_candidate,SN-000052-spell-tomes-and-learned-spells.md,Source-listed spell tome acquisition; final route source selection pending.
BOOKLOC-000814,OBJ-000990,Spell Tome: Sparks,spell_tome,base_game,Destruction,Skyrim,,,Helgen Keep,"Can be found in Fellglow Keep, Helgen Keep (during Unbound).",Loot/access status needs route validation,,unknown,unknown,unknown,"Travel, cold, carry, restock, gold, and spell-learning timing deferred",source_listed_candidate,SN-000052-spell-tomes-and-learned-spells.md,Source-listed spell tome acquisition; final route source selection pending.
BOOKLOC-000815,OBJ-000990,Spell Tome: Sparks,spell_tome,base_game,Destruction,Skyrim,,,Random spell tome loot,Generic novice spell tome random loot source from boss chests and safes.,Random/container source; reliability and ownership not route-ready,Character level 1+ for novice random spell tome loot; route should prefer deterministic sources unless later validated.,unknown,unknown,unknown,"Travel, cold, carry, restock, gold, and spell-learning timing deferred",source_listed_candidate,SN-000052-spell-tomes-and-learned-spells.md,Generic random loot source from UESP spell tome location rules; not a deterministic route choice.
BOOKLOC-000816,OBJ-000991,Spell Tome: Elemental Bolt,spell_tome,ae_creation,Destruction,Skyrim,,,Hob's Fall Cave,Can be found in Hob's Fall Cave during The Lost Library quest.,,Open the Ancient Tome Chest during the routed Hob's Fall Cave pass; The Lost Library may not appear in the AE journal,none_known,none_known,none_known,Winterhold cold-road travel is handled by the Bards College instrument route; no vendor restock/gold requirement for this spell,provisional_objective_representative,SN-000052-spell-tomes-and-learned-spells.md | SN-000253-arcane-accessories-parent-closeout.md,Selected final-guide source for this Arcane Accessories spell; duplicate vendor/random sources are not required.
BOOKLOC-000817,OBJ-000991,Spell Tome: Elemental Bolt,spell_tome,ae_creation,Destruction,Skyrim,,The Reach,Understone Keep,"Purchase from Calcelmo in Markarth. Source note: Can be purchased from: Calcelmo, Enthir, Falion, Faralda, Farengar Secret-Fire, Madena, Sybille Stentor, Wuunferth the Unliving, Wylandriah, Talvas Fathryon.","Merchant transaction; price, stock, and barter setup need route validation",Vendor availability/restock timing needs route validation.,unknown,unknown,unknown,"Travel, cold, carry, restock, gold, and spell-learning timing deferred",source_listed_candidate,SN-000052-spell-tomes-and-learned-spells.md,Source-listed spell tome acquisition; final route source selection pending.
BOOKLOC-000818,OBJ-000991,Spell Tome: Elemental Bolt,spell_tome,ae_creation,Destruction,Skyrim,,Winterhold,College of Winterhold,"Purchase from Enthir at the College of Winterhold. Source note: Can be purchased from: Calcelmo, Enthir, Falion, Faralda, Farengar Secret-Fire, Madena, Sybille Stentor, Wuunferth the Unliving, Wylandriah, Talvas Fathryon.","Merchant transaction; price, stock, and barter setup need route validation",Vendor availability/restock timing needs route validation.,unknown,unknown,unknown,"Travel, cold, carry, restock, gold, and spell-learning timing deferred",source_listed_candidate,SN-000052-spell-tomes-and-learned-spells.md,Source-listed spell tome acquisition; final route source selection pending.
BOOKLOC-000819,OBJ-000991,Spell Tome: Elemental Bolt,spell_tome,ae_creation,Destruction,Skyrim,,Hjaalmarch,Morthal,"Purchase from Falion in Morthal. Source note: Can be purchased from: Calcelmo, Enthir, Falion, Faralda, Farengar Secret-Fire, Madena, Sybille Stentor, Wuunferth the Unliving, Wylandriah, Talvas Fathryon.","Merchant transaction; price, stock, and barter setup need route validation",Vendor availability/restock timing needs route validation.,unknown,unknown,unknown,"Travel, cold, carry, restock, gold, and spell-learning timing deferred",source_listed_candidate,SN-000052-spell-tomes-and-learned-spells.md,Source-listed spell tome acquisition; final route source selection pending.
BOOKLOC-000820,OBJ-000991,Spell Tome: Elemental Bolt,spell_tome,ae_creation,Destruction,Skyrim,,Winterhold,College of Winterhold,"Purchase from Faralda at the College of Winterhold. Source note: Can be purchased from: Calcelmo, Enthir, Falion, Faralda, Farengar Secret-Fire, Madena, Sybille Stentor, Wuunferth the Unliving, Wylandriah, Talvas Fathryon.","Merchant transaction; price, stock, and barter setup need route validation",Vendor availability/restock timing needs route validation.,unknown,unknown,unknown,"Travel, cold, carry, restock, gold, and spell-learning timing deferred",source_listed_candidate,SN-000052-spell-tomes-and-learned-spells.md,Source-listed spell tome acquisition; final route source selection pending.
BOOKLOC-000821,OBJ-000991,Spell Tome: Elemental Bolt,spell_tome,ae_creation,Destruction,Skyrim,,Whiterun Hold,Dragonsreach,"Purchase from Farengar Secret-Fire in Whiterun. Source note: Can be purchased from: Calcelmo, Enthir, Falion, Faralda, Farengar Secret-Fire, Madena, Sybille Stentor, Wuunferth the Unliving, Wylandriah, Talvas Fathryon.","Merchant transaction; price, stock, and barter setup need route validation",Vendor availability/restock timing needs route validation.,unknown,unknown,unknown,"Travel, cold, carry, restock, gold, and spell-learning timing deferred",source_listed_candidate,SN-000052-spell-tomes-and-learned-spells.md,Source-listed spell tome acquisition; final route source selection pending.
BOOKLOC-000822,OBJ-000991,Spell Tome: Elemental Bolt,spell_tome,ae_creation,Destruction,Skyrim,,The Pale,The White Hall,"Purchase from Madena in Dawnstar. Source note: Can be purchased from: Calcelmo, Enthir, Falion, Faralda, Farengar Secret-Fire, Madena, Sybille Stentor, Wuunferth the Unliving, Wylandriah, Talvas Fathryon.","Merchant transaction; price, stock, and barter setup need route validation",Vendor availability/restock timing needs route validation.,unknown,unknown,unknown,"Travel, cold, carry, restock, gold, and spell-learning timing deferred",source_listed_candidate,SN-000052-spell-tomes-and-learned-spells.md,Source-listed spell tome acquisition; final route source selection pending.
BOOKLOC-000823,OBJ-000991,Spell Tome: Elemental Bolt,spell_tome,ae_creation,Destruction,Skyrim,,Haafingar,Blue Palace,"Purchase from Sybille Stentor in Solitude. Source note: Can be purchased from: Calcelmo, Enthir, Falion, Faralda, Farengar Secret-Fire, Madena, Sybille Stentor, Wuunferth the Unliving, Wylandriah, Talvas Fathryon.","Merchant transaction; price, stock, and barter setup need route validation",Vendor availability/restock timing needs route validation.,unknown,unknown,unknown,"Travel, cold, carry, restock, gold, and spell-learning timing deferred",source_listed_candidate,SN-000052-spell-tomes-and-learned-spells.md,Source-listed spell tome acquisition; final route source selection pending.
BOOKLOC-000824,OBJ-000991,Spell Tome: Elemental Bolt,spell_tome,ae_creation,Destruction,Skyrim,,Eastmarch,Palace of the Kings,"Purchase from Wuunferth the Unliving in Windhelm. Source note: Can be purchased from: Calcelmo, Enthir, Falion, Faralda, Farengar Secret-Fire, Madena, Sybille Stentor, Wuunferth the Unliving, Wylandriah, Talvas Fathryon.","Merchant transaction; price, stock, and barter setup need route validation",Vendor availability/restock timing needs route validation.,unknown,unknown,unknown,"Travel, cold, carry, restock, gold, and spell-learning timing deferred",source_listed_candidate,SN-000052-spell-tomes-and-learned-spells.md,Source-listed spell tome acquisition; final route source selection pending.
BOOKLOC-000825,OBJ-000991,Spell Tome: Elemental Bolt,spell_tome,ae_creation,Destruction,Skyrim,,The Rift,Mistveil Keep,"Purchase from Wylandriah in Riften. Source note: Can be purchased from: Calcelmo, Enthir, Falion, Faralda, Farengar Secret-Fire, Madena, Sybille Stentor, Wuunferth the Unliving, Wylandriah, Talvas Fathryon.","Merchant transaction; price, stock, and barter setup need route validation",Vendor availability/restock timing needs route validation.,unknown,unknown,unknown,"Travel, cold, carry, restock, gold, and spell-learning timing deferred",source_listed_candidate,SN-000052-spell-tomes-and-learned-spells.md,Source-listed spell tome acquisition; final route source selection pending.
BOOKLOC-000826,OBJ-000991,Spell Tome: Elemental Bolt,spell_tome,ae_creation,Destruction,Solstheim,,,Tel Mithryn,"Purchase from Talvas Fathryon at Tel Mithryn. Source note: Can be purchased from: Calcelmo, Enthir, Falion, Faralda, Farengar Secret-Fire, Madena, Sybille Stentor, Wuunferth the Unliving, Wylandriah, Talvas Fathryon.","Merchant transaction; price, stock, and barter setup need route validation",Vendor availability/restock timing needs route validation.,unknown,unknown,unknown,"Travel, cold, carry, restock, gold, and spell-learning timing deferred",source_listed_candidate,SN-000052-spell-tomes-and-learned-spells.md,Source-listed spell tome acquisition; final route source selection pending.
BOOKLOC-000827,OBJ-000992,Spell Tome: Fire Rune,spell_tome,dragonborn,Destruction,Skyrim,,The Reach,Understone Keep,"Purchase from Calcelmo in Markarth. Source note: Can be purchased from: Calcelmo, Enthir, Falion, Faralda, Farengar Secret-Fire, Madena, Sybille Stentor, Wuunferth the Unliving, Wylandriah, Talvas Fathryon.","Merchant transaction; price, stock, and barter setup need route validation",Vendor availability/restock timing needs route validation.,unknown,unknown,unknown,"Travel, cold, carry, restock, gold, and spell-learning timing deferred",provisional_objective_representative,SN-000052-spell-tomes-and-learned-spells.md,Source-listed spell tome acquisition; final route source selection pending.
BOOKLOC-000828,OBJ-000992,Spell Tome: Fire Rune,spell_tome,dragonborn,Destruction,Skyrim,,Winterhold,College of Winterhold,"Purchase from Enthir at the College of Winterhold. Source note: Can be purchased from: Calcelmo, Enthir, Falion, Faralda, Farengar Secret-Fire, Madena, Sybille Stentor, Wuunferth the Unliving, Wylandriah, Talvas Fathryon.","Merchant transaction; price, stock, and barter setup need route validation",Vendor availability/restock timing needs route validation.,unknown,unknown,unknown,"Travel, cold, carry, restock, gold, and spell-learning timing deferred",source_listed_candidate,SN-000052-spell-tomes-and-learned-spells.md,Source-listed spell tome acquisition; final route source selection pending.
BOOKLOC-000829,OBJ-000992,Spell Tome: Fire Rune,spell_tome,dragonborn,Destruction,Skyrim,,Hjaalmarch,Morthal,"Purchase from Falion in Morthal. Source note: Can be purchased from: Calcelmo, Enthir, Falion, Faralda, Farengar Secret-Fire, Madena, Sybille Stentor, Wuunferth the Unliving, Wylandriah, Talvas Fathryon.","Merchant transaction; price, stock, and barter setup need route validation",Vendor availability/restock timing needs route validation.,unknown,unknown,unknown,"Travel, cold, carry, restock, gold, and spell-learning timing deferred",source_listed_candidate,SN-000052-spell-tomes-and-learned-spells.md,Source-listed spell tome acquisition; final route source selection pending.
BOOKLOC-000830,OBJ-000992,Spell Tome: Fire Rune,spell_tome,dragonborn,Destruction,Skyrim,,Winterhold,College of Winterhold,"Purchase from Faralda at the College of Winterhold. Source note: Can be purchased from: Calcelmo, Enthir, Falion, Faralda, Farengar Secret-Fire, Madena, Sybille Stentor, Wuunferth the Unliving, Wylandriah, Talvas Fathryon.","Merchant transaction; price, stock, and barter setup need route validation",Vendor availability/restock timing needs route validation.,unknown,unknown,unknown,"Travel, cold, carry, restock, gold, and spell-learning timing deferred",source_listed_candidate,SN-000052-spell-tomes-and-learned-spells.md,Source-listed spell tome acquisition; final route source selection pending.
BOOKLOC-000831,OBJ-000992,Spell Tome: Fire Rune,spell_tome,dragonborn,Destruction,Skyrim,,Whiterun Hold,Dragonsreach,"Purchase from Farengar Secret-Fire in Whiterun. Source note: Can be purchased from: Calcelmo, Enthir, Falion, Faralda, Farengar Secret-Fire, Madena, Sybille Stentor, Wuunferth the Unliving, Wylandriah, Talvas Fathryon.","Merchant transaction; price, stock, and barter setup need route validation",Vendor availability/restock timing needs route validation.,unknown,unknown,unknown,"Travel, cold, carry, restock, gold, and spell-learning timing deferred",source_listed_candidate,SN-000052-spell-tomes-and-learned-spells.md,Source-listed spell tome acquisition; final route source selection pending.
BOOKLOC-000832,OBJ-000992,Spell Tome: Fire Rune,spell_tome,dragonborn,Destruction,Skyrim,,The Pale,The White Hall,"Purchase from Madena in Dawnstar. Source note: Can be purchased from: Calcelmo, Enthir, Falion, Faralda, Farengar Secret-Fire, Madena, Sybille Stentor, Wuunferth the Unliving, Wylandriah, Talvas Fathryon.","Merchant transaction; price, stock, and barter setup need route validation",Vendor availability/restock timing needs route validation.,unknown,unknown,unknown,"Travel, cold, carry, restock, gold, and spell-learning timing deferred",source_listed_candidate,SN-000052-spell-tomes-and-learned-spells.md,Source-listed spell tome acquisition; final route source selection pending.
BOOKLOC-000833,OBJ-000992,Spell Tome: Fire Rune,spell_tome,dragonborn,Destruction,Skyrim,,Haafingar,Blue Palace,"Purchase from Sybille Stentor in Solitude. Source note: Can be purchased from: Calcelmo, Enthir, Falion, Faralda, Farengar Secret-Fire, Madena, Sybille Stentor, Wuunferth the Unliving, Wylandriah, Talvas Fathryon.","Merchant transaction; price, stock, and barter setup need route validation",Vendor availability/restock timing needs route validation.,unknown,unknown,unknown,"Travel, cold, carry, restock, gold, and spell-learning timing deferred",source_listed_candidate,SN-000052-spell-tomes-and-learned-spells.md,Source-listed spell tome acquisition; final route source selection pending.
BOOKLOC-000834,OBJ-000992,Spell Tome: Fire Rune,spell_tome,dragonborn,Destruction,Skyrim,,Eastmarch,Palace of the Kings,"Purchase from Wuunferth the Unliving in Windhelm. Source note: Can be purchased from: Calcelmo, Enthir, Falion, Faralda, Farengar Secret-Fire, Madena, Sybille Stentor, Wuunferth the Unliving, Wylandriah, Talvas Fathryon.","Merchant transaction; price, stock, and barter setup need route validation",Vendor availability/restock timing needs route validation.,unknown,unknown,unknown,"Travel, cold, carry, restock, gold, and spell-learning timing deferred",source_listed_candidate,SN-000052-spell-tomes-and-learned-spells.md,Source-listed spell tome acquisition; final route source selection pending.
BOOKLOC-000835,OBJ-000992,Spell Tome: Fire Rune,spell_tome,dragonborn,Destruction,Skyrim,,The Rift,Mistveil Keep,"Purchase from Wylandriah in Riften. Source note: Can be purchased from: Calcelmo, Enthir, Falion, Faralda, Farengar Secret-Fire, Madena, Sybille Stentor, Wuunferth the Unliving, Wylandriah, Talvas Fathryon.","Merchant transaction; price, stock, and barter setup need route validation",Vendor availability/restock timing needs route validation.,unknown,unknown,unknown,"Travel, cold, carry, restock, gold, and spell-learning timing deferred",source_listed_candidate,SN-000052-spell-tomes-and-learned-spells.md,Source-listed spell tome acquisition; final route source selection pending.
BOOKLOC-000836,OBJ-000992,Spell Tome: Fire Rune,spell_tome,dragonborn,Destruction,Solstheim,,,Tel Mithryn,"Purchase from Talvas Fathryon at Tel Mithryn. Source note: Can be purchased from: Calcelmo, Enthir, Falion, Faralda, Farengar Secret-Fire, Madena, Sybille Stentor, Wuunferth the Unliving, Wylandriah, Talvas Fathryon.","Merchant transaction; price, stock, and barter setup need route validation",Vendor availability/restock timing needs route validation.,unknown,unknown,unknown,"Travel, cold, carry, restock, gold, and spell-learning timing deferred",source_listed_candidate,SN-000052-spell-tomes-and-learned-spells.md,Source-listed spell tome acquisition; final route source selection pending.
BOOKLOC-000837,OBJ-000992,Spell Tome: Fire Rune,spell_tome,base_game,Destruction,Skyrim,,,Random spell tome loot,Generic apprentice spell tome random loot source from boss chests and safes.,Random/container source; reliability and ownership not route-ready,Character level 11+ for apprentice random spell tome loot; route should prefer deterministic sources unless later validated.,unknown,unknown,unknown,"Travel, cold, carry, restock, gold, and spell-learning timing deferred",source_listed_candidate,SN-000052-spell-tomes-and-learned-spells.md,Generic random loot source from UESP spell tome location rules; not a deterministic route choice.
BOOKLOC-000838,OBJ-000993,Spell Tome: Firebolt,spell_tome,dragonborn,Destruction,Skyrim,,The Reach,Understone Keep,"Purchase from Calcelmo in Markarth. Source note: Can be purchased from: Calcelmo, Enthir, Falion, Faralda, Farengar Secret-Fire, Madena, Sybille Stentor, Wuunferth the Unliving, Wylandriah, Talvas Fathryon.","Merchant transaction; price, stock, and barter setup need route validation",Vendor availability/restock timing needs route validation.,unknown,unknown,unknown,"Travel, cold, carry, restock, gold, and spell-learning timing deferred",provisional_objective_representative,SN-000052-spell-tomes-and-learned-spells.md,Source-listed spell tome acquisition; final route source selection pending.
BOOKLOC-000839,OBJ-000993,Spell Tome: Firebolt,spell_tome,dragonborn,Destruction,Skyrim,,Winterhold,College of Winterhold,"Purchase from Enthir at the College of Winterhold. Source note: Can be purchased from: Calcelmo, Enthir, Falion, Faralda, Farengar Secret-Fire, Madena, Sybille Stentor, Wuunferth the Unliving, Wylandriah, Talvas Fathryon.","Merchant transaction; price, stock, and barter setup need route validation",Vendor availability/restock timing needs route validation.,unknown,unknown,unknown,"Travel, cold, carry, restock, gold, and spell-learning timing deferred",source_listed_candidate,SN-000052-spell-tomes-and-learned-spells.md,Source-listed spell tome acquisition; final route source selection pending.
BOOKLOC-000840,OBJ-000993,Spell Tome: Firebolt,spell_tome,dragonborn,Destruction,Skyrim,,Hjaalmarch,Morthal,"Purchase from Falion in Morthal. Source note: Can be purchased from: Calcelmo, Enthir, Falion, Faralda, Farengar Secret-Fire, Madena, Sybille Stentor, Wuunferth the Unliving, Wylandriah, Talvas Fathryon.","Merchant transaction; price, stock, and barter setup need route validation",Vendor availability/restock timing needs route validation.,unknown,unknown,unknown,"Travel, cold, carry, restock, gold, and spell-learning timing deferred",source_listed_candidate,SN-000052-spell-tomes-and-learned-spells.md,Source-listed spell tome acquisition; final route source selection pending.
BOOKLOC-000841,OBJ-000993,Spell Tome: Firebolt,spell_tome,dragonborn,Destruction,Skyrim,,Winterhold,College of Winterhold,"Purchase from Faralda at the College of Winterhold. Source note: Can be purchased from: Calcelmo, Enthir, Falion, Faralda, Farengar Secret-Fire, Madena, Sybille Stentor, Wuunferth the Unliving, Wylandriah, Talvas Fathryon.","Merchant transaction; price, stock, and barter setup need route validation",Vendor availability/restock timing needs route validation.,unknown,unknown,unknown,"Travel, cold, carry, restock, gold, and spell-learning timing deferred",source_listed_candidate,SN-000052-spell-tomes-and-learned-spells.md,Source-listed spell tome acquisition; final route source selection pending.
BOOKLOC-000842,OBJ-000993,Spell Tome: Firebolt,spell_tome,dragonborn,Destruction,Skyrim,,Whiterun Hold,Dragonsreach,"Purchase from Farengar Secret-Fire in Whiterun. Source note: Can be purchased from: Calcelmo, Enthir, Falion, Faralda, Farengar Secret-Fire, Madena, Sybille Stentor, Wuunferth the Unliving, Wylandriah, Talvas Fathryon.","Merchant transaction; price, stock, and barter setup need route validation",Vendor availability/restock timing needs route validation.,unknown,unknown,unknown,"Travel, cold, carry, restock, gold, and spell-learning timing deferred",source_listed_candidate,SN-000052-spell-tomes-and-learned-spells.md,Source-listed spell tome acquisition; final route source selection pending.
BOOKLOC-000843,OBJ-000993,Spell Tome: Firebolt,spell_tome,dragonborn,Destruction,Skyrim,,The Pale,The White Hall,"Purchase from Madena in Dawnstar. Source note: Can be purchased from: Calcelmo, Enthir, Falion, Faralda, Farengar Secret-Fire, Madena, Sybille Stentor, Wuunferth the Unliving, Wylandriah, Talvas Fathryon.","Merchant transaction; price, stock, and barter setup need route validation",Vendor availability/restock timing needs route validation.,unknown,unknown,unknown,"Travel, cold, carry, restock, gold, and spell-learning timing deferred",source_listed_candidate,SN-000052-spell-tomes-and-learned-spells.md,Source-listed spell tome acquisition; final route source selection pending.
BOOKLOC-000844,OBJ-000993,Spell Tome: Firebolt,spell_tome,dragonborn,Destruction,Skyrim,,Haafingar,Blue Palace,"Purchase from Sybille Stentor in Solitude. Source note: Can be purchased from: Calcelmo, Enthir, Falion, Faralda, Farengar Secret-Fire, Madena, Sybille Stentor, Wuunferth the Unliving, Wylandriah, Talvas Fathryon.","Merchant transaction; price, stock, and barter setup need route validation",Vendor availability/restock timing needs route validation.,unknown,unknown,unknown,"Travel, cold, carry, restock, gold, and spell-learning timing deferred",source_listed_candidate,SN-000052-spell-tomes-and-learned-spells.md,Source-listed spell tome acquisition; final route source selection pending.
BOOKLOC-000845,OBJ-000993,Spell Tome: Firebolt,spell_tome,dragonborn,Destruction,Skyrim,,Eastmarch,Palace of the Kings,"Purchase from Wuunferth the Unliving in Windhelm. Source note: Can be purchased from: Calcelmo, Enthir, Falion, Faralda, Farengar Secret-Fire, Madena, Sybille Stentor, Wuunferth the Unliving, Wylandriah, Talvas Fathryon.","Merchant transaction; price, stock, and barter setup need route validation",Vendor availability/restock timing needs route validation.,unknown,unknown,unknown,"Travel, cold, carry, restock, gold, and spell-learning timing deferred",source_listed_candidate,SN-000052-spell-tomes-and-learned-spells.md,Source-listed spell tome acquisition; final route source selection pending.
BOOKLOC-000846,OBJ-000993,Spell Tome: Firebolt,spell_tome,dragonborn,Destruction,Skyrim,,The Rift,Mistveil Keep,"Purchase from Wylandriah in Riften. Source note: Can be purchased from: Calcelmo, Enthir, Falion, Faralda, Farengar Secret-Fire, Madena, Sybille Stentor, Wuunferth the Unliving, Wylandriah, Talvas Fathryon.","Merchant transaction; price, stock, and barter setup need route validation",Vendor availability/restock timing needs route validation.,unknown,unknown,unknown,"Travel, cold, carry, restock, gold, and spell-learning timing deferred",source_listed_candidate,SN-000052-spell-tomes-and-learned-spells.md,Source-listed spell tome acquisition; final route source selection pending.
BOOKLOC-000847,OBJ-000993,Spell Tome: Firebolt,spell_tome,dragonborn,Destruction,Solstheim,,,Tel Mithryn,"Purchase from Talvas Fathryon at Tel Mithryn. Source note: Can be purchased from: Calcelmo, Enthir, Falion, Faralda, Farengar Secret-Fire, Madena, Sybille Stentor, Wuunferth the Unliving, Wylandriah, Talvas Fathryon.","Merchant transaction; price, stock, and barter setup need route validation",Vendor availability/restock timing needs route validation.,unknown,unknown,unknown,"Travel, cold, carry, restock, gold, and spell-learning timing deferred",source_listed_candidate,SN-000052-spell-tomes-and-learned-spells.md,Source-listed spell tome acquisition; final route source selection pending.
BOOKLOC-000848,OBJ-000993,Spell Tome: Firebolt,spell_tome,base_game,Destruction,Skyrim,,,Random spell tome loot,Generic apprentice spell tome random loot source from boss chests and safes.,Random/container source; reliability and ownership not route-ready,Character level 11+ for apprentice random spell tome loot; route should prefer deterministic sources unless later validated.,unknown,unknown,unknown,"Travel, cold, carry, restock, gold, and spell-learning timing deferred",source_listed_candidate,SN-000052-spell-tomes-and-learned-spells.md,Generic random loot source from UESP spell tome location rules; not a deterministic route choice.
BOOKLOC-000849,OBJ-000994,Spell Tome: Frost Rune,spell_tome,dragonborn,Destruction,Skyrim,,The Reach,Understone Keep,"Purchase from Calcelmo in Markarth. Source note: Can be purchased from: Calcelmo, Enthir, Falion, Faralda, Farengar Secret-Fire, Madena, Sybille Stentor, Wuunferth the Unliving, Wylandriah, Talvas Fathryon.","Merchant transaction; price, stock, and barter setup need route validation",Vendor availability/restock timing needs route validation.,unknown,unknown,unknown,"Travel, cold, carry, restock, gold, and spell-learning timing deferred",provisional_objective_representative,SN-000052-spell-tomes-and-learned-spells.md,Source-listed spell tome acquisition; final route source selection pending.
BOOKLOC-000850,OBJ-000994,Spell Tome: Frost Rune,spell_tome,dragonborn,Destruction,Skyrim,,Winterhold,College of Winterhold,"Purchase from Enthir at the College of Winterhold. Source note: Can be purchased from: Calcelmo, Enthir, Falion, Faralda, Farengar Secret-Fire, Madena, Sybille Stentor, Wuunferth the Unliving, Wylandriah, Talvas Fathryon.","Merchant transaction; price, stock, and barter setup need route validation",Vendor availability/restock timing needs route validation.,unknown,unknown,unknown,"Travel, cold, carry, restock, gold, and spell-learning timing deferred",source_listed_candidate,SN-000052-spell-tomes-and-learned-spells.md,Source-listed spell tome acquisition; final route source selection pending.
BOOKLOC-000851,OBJ-000994,Spell Tome: Frost Rune,spell_tome,dragonborn,Destruction,Skyrim,,Hjaalmarch,Morthal,"Purchase from Falion in Morthal. Source note: Can be purchased from: Calcelmo, Enthir, Falion, Faralda, Farengar Secret-Fire, Madena, Sybille Stentor, Wuunferth the Unliving, Wylandriah, Talvas Fathryon.","Merchant transaction; price, stock, and barter setup need route validation",Vendor availability/restock timing needs route validation.,unknown,unknown,unknown,"Travel, cold, carry, restock, gold, and spell-learning timing deferred",source_listed_candidate,SN-000052-spell-tomes-and-learned-spells.md,Source-listed spell tome acquisition; final route source selection pending.
BOOKLOC-000852,OBJ-000994,Spell Tome: Frost Rune,spell_tome,dragonborn,Destruction,Skyrim,,Winterhold,College of Winterhold,"Purchase from Faralda at the College of Winterhold. Source note: Can be purchased from: Calcelmo, Enthir, Falion, Faralda, Farengar Secret-Fire, Madena, Sybille Stentor, Wuunferth the Unliving, Wylandriah, Talvas Fathryon.","Merchant transaction; price, stock, and barter setup need route validation",Vendor availability/restock timing needs route validation.,unknown,unknown,unknown,"Travel, cold, carry, restock, gold, and spell-learning timing deferred",source_listed_candidate,SN-000052-spell-tomes-and-learned-spells.md,Source-listed spell tome acquisition; final route source selection pending.
BOOKLOC-000853,OBJ-000994,Spell Tome: Frost Rune,spell_tome,dragonborn,Destruction,Skyrim,,Whiterun Hold,Dragonsreach,"Purchase from Farengar Secret-Fire in Whiterun. Source note: Can be purchased from: Calcelmo, Enthir, Falion, Faralda, Farengar Secret-Fire, Madena, Sybille Stentor, Wuunferth the Unliving, Wylandriah, Talvas Fathryon.","Merchant transaction; price, stock, and barter setup need route validation",Vendor availability/restock timing needs route validation.,unknown,unknown,unknown,"Travel, cold, carry, restock, gold, and spell-learning timing deferred",source_listed_candidate,SN-000052-spell-tomes-and-learned-spells.md,Source-listed spell tome acquisition; final route source selection pending.
BOOKLOC-000854,OBJ-000994,Spell Tome: Frost Rune,spell_tome,dragonborn,Destruction,Skyrim,,The Pale,The White Hall,"Purchase from Madena in Dawnstar. Source note: Can be purchased from: Calcelmo, Enthir, Falion, Faralda, Farengar Secret-Fire, Madena, Sybille Stentor, Wuunferth the Unliving, Wylandriah, Talvas Fathryon.","Merchant transaction; price, stock, and barter setup need route validation",Vendor availability/restock timing needs route validation.,unknown,unknown,unknown,"Travel, cold, carry, restock, gold, and spell-learning timing deferred",source_listed_candidate,SN-000052-spell-tomes-and-learned-spells.md,Source-listed spell tome acquisition; final route source selection pending.
BOOKLOC-000855,OBJ-000994,Spell Tome: Frost Rune,spell_tome,dragonborn,Destruction,Skyrim,,Haafingar,Blue Palace,"Purchase from Sybille Stentor in Solitude. Source note: Can be purchased from: Calcelmo, Enthir, Falion, Faralda, Farengar Secret-Fire, Madena, Sybille Stentor, Wuunferth the Unliving, Wylandriah, Talvas Fathryon.","Merchant transaction; price, stock, and barter setup need route validation",Vendor availability/restock timing needs route validation.,unknown,unknown,unknown,"Travel, cold, carry, restock, gold, and spell-learning timing deferred",source_listed_candidate,SN-000052-spell-tomes-and-learned-spells.md,Source-listed spell tome acquisition; final route source selection pending.
BOOKLOC-000856,OBJ-000994,Spell Tome: Frost Rune,spell_tome,dragonborn,Destruction,Skyrim,,Eastmarch,Palace of the Kings,"Purchase from Wuunferth the Unliving in Windhelm. Source note: Can be purchased from: Calcelmo, Enthir, Falion, Faralda, Farengar Secret-Fire, Madena, Sybille Stentor, Wuunferth the Unliving, Wylandriah, Talvas Fathryon.","Merchant transaction; price, stock, and barter setup need route validation",Vendor availability/restock timing needs route validation.,unknown,unknown,unknown,"Travel, cold, carry, restock, gold, and spell-learning timing deferred",source_listed_candidate,SN-000052-spell-tomes-and-learned-spells.md,Source-listed spell tome acquisition; final route source selection pending.
BOOKLOC-000857,OBJ-000994,Spell Tome: Frost Rune,spell_tome,dragonborn,Destruction,Skyrim,,The Rift,Mistveil Keep,"Purchase from Wylandriah in Riften. Source note: Can be purchased from: Calcelmo, Enthir, Falion, Faralda, Farengar Secret-Fire, Madena, Sybille Stentor, Wuunferth the Unliving, Wylandriah, Talvas Fathryon.","Merchant transaction; price, stock, and barter setup need route validation",Vendor availability/restock timing needs route validation.,unknown,unknown,unknown,"Travel, cold, carry, restock, gold, and spell-learning timing deferred",source_listed_candidate,SN-000052-spell-tomes-and-learned-spells.md,Source-listed spell tome acquisition; final route source selection pending.
BOOKLOC-000858,OBJ-000994,Spell Tome: Frost Rune,spell_tome,dragonborn,Destruction,Solstheim,,,Tel Mithryn,"Purchase from Talvas Fathryon at Tel Mithryn. Source note: Can be purchased from: Calcelmo, Enthir, Falion, Faralda, Farengar Secret-Fire, Madena, Sybille Stentor, Wuunferth the Unliving, Wylandriah, Talvas Fathryon.","Merchant transaction; price, stock, and barter setup need route validation",Vendor availability/restock timing needs route validation.,unknown,unknown,unknown,"Travel, cold, carry, restock, gold, and spell-learning timing deferred",source_listed_candidate,SN-000052-spell-tomes-and-learned-spells.md,Source-listed spell tome acquisition; final route source selection pending.
BOOKLOC-000859,OBJ-000994,Spell Tome: Frost Rune,spell_tome,base_game,Destruction,Skyrim,,,Random spell tome loot,Generic apprentice spell tome random loot source from boss chests and safes.,Random/container source; reliability and ownership not route-ready,Character level 11+ for apprentice random spell tome loot; route should prefer deterministic sources unless later validated.,unknown,unknown,unknown,"Travel, cold, carry, restock, gold, and spell-learning timing deferred",source_listed_candidate,SN-000052-spell-tomes-and-learned-spells.md,Generic random loot source from UESP spell tome location rules; not a deterministic route choice.
BOOKLOC-000860,OBJ-000995,Spell Tome: Ice Spike,spell_tome,dragonborn,Destruction,Skyrim,,The Reach,Understone Keep,"Purchase from Calcelmo in Markarth. Source note: Can be purchased from: Calcelmo, Enthir, Falion, Faralda, Farengar Secret-Fire, Madena, Sybille Stentor, Wuunferth the Unliving, Wylandriah, Talvas Fathryon.","Merchant transaction; price, stock, and barter setup need route validation",Vendor availability/restock timing needs route validation.,unknown,unknown,unknown,"Travel, cold, carry, restock, gold, and spell-learning timing deferred",provisional_objective_representative,SN-000052-spell-tomes-and-learned-spells.md,Source-listed spell tome acquisition; final route source selection pending.
BOOKLOC-000861,OBJ-000995,Spell Tome: Ice Spike,spell_tome,dragonborn,Destruction,Skyrim,,Winterhold,College of Winterhold,"Purchase from Enthir at the College of Winterhold. Source note: Can be purchased from: Calcelmo, Enthir, Falion, Faralda, Farengar Secret-Fire, Madena, Sybille Stentor, Wuunferth the Unliving, Wylandriah, Talvas Fathryon.","Merchant transaction; price, stock, and barter setup need route validation",Vendor availability/restock timing needs route validation.,unknown,unknown,unknown,"Travel, cold, carry, restock, gold, and spell-learning timing deferred",source_listed_candidate,SN-000052-spell-tomes-and-learned-spells.md,Source-listed spell tome acquisition; final route source selection pending.
BOOKLOC-000862,OBJ-000995,Spell Tome: Ice Spike,spell_tome,dragonborn,Destruction,Skyrim,,Hjaalmarch,Morthal,"Purchase from Falion in Morthal. Source note: Can be purchased from: Calcelmo, Enthir, Falion, Faralda, Farengar Secret-Fire, Madena, Sybille Stentor, Wuunferth the Unliving, Wylandriah, Talvas Fathryon.","Merchant transaction; price, stock, and barter setup need route validation",Vendor availability/restock timing needs route validation.,unknown,unknown,unknown,"Travel, cold, carry, restock, gold, and spell-learning timing deferred",source_listed_candidate,SN-000052-spell-tomes-and-learned-spells.md,Source-listed spell tome acquisition; final route source selection pending.
BOOKLOC-000863,OBJ-000995,Spell Tome: Ice Spike,spell_tome,dragonborn,Destruction,Skyrim,,Winterhold,College of Winterhold,"Purchase from Faralda at the College of Winterhold. Source note: Can be purchased from: Calcelmo, Enthir, Falion, Faralda, Farengar Secret-Fire, Madena, Sybille Stentor, Wuunferth the Unliving, Wylandriah, Talvas Fathryon.","Merchant transaction; price, stock, and barter setup need route validation",Vendor availability/restock timing needs route validation.,unknown,unknown,unknown,"Travel, cold, carry, restock, gold, and spell-learning timing deferred",source_listed_candidate,SN-000052-spell-tomes-and-learned-spells.md,Source-listed spell tome acquisition; final route source selection pending.
BOOKLOC-000864,OBJ-000995,Spell Tome: Ice Spike,spell_tome,dragonborn,Destruction,Skyrim,,Whiterun Hold,Dragonsreach,"Purchase from Farengar Secret-Fire in Whiterun. Source note: Can be purchased from: Calcelmo, Enthir, Falion, Faralda, Farengar Secret-Fire, Madena, Sybille Stentor, Wuunferth the Unliving, Wylandriah, Talvas Fathryon.","Merchant transaction; price, stock, and barter setup need route validation",Vendor availability/restock timing needs route validation.,unknown,unknown,unknown,"Travel, cold, carry, restock, gold, and spell-learning timing deferred",source_listed_candidate,SN-000052-spell-tomes-and-learned-spells.md,Source-listed spell tome acquisition; final route source selection pending.
BOOKLOC-000865,OBJ-000995,Spell Tome: Ice Spike,spell_tome,dragonborn,Destruction,Skyrim,,The Pale,The White Hall,"Purchase from Madena in Dawnstar. Source note: Can be purchased from: Calcelmo, Enthir, Falion, Faralda, Farengar Secret-Fire, Madena, Sybille Stentor, Wuunferth the Unliving, Wylandriah, Talvas Fathryon.","Merchant transaction; price, stock, and barter setup need route validation",Vendor availability/restock timing needs route validation.,unknown,unknown,unknown,"Travel, cold, carry, restock, gold, and spell-learning timing deferred",source_listed_candidate,SN-000052-spell-tomes-and-learned-spells.md,Source-listed spell tome acquisition; final route source selection pending.
BOOKLOC-000866,OBJ-000995,Spell Tome: Ice Spike,spell_tome,dragonborn,Destruction,Skyrim,,Haafingar,Blue Palace,"Purchase from Sybille Stentor in Solitude. Source note: Can be purchased from: Calcelmo, Enthir, Falion, Faralda, Farengar Secret-Fire, Madena, Sybille Stentor, Wuunferth the Unliving, Wylandriah, Talvas Fathryon.","Merchant transaction; price, stock, and barter setup need route validation",Vendor availability/restock timing needs route validation.,unknown,unknown,unknown,"Travel, cold, carry, restock, gold, and spell-learning timing deferred",source_listed_candidate,SN-000052-spell-tomes-and-learned-spells.md,Source-listed spell tome acquisition; final route source selection pending.
BOOKLOC-000867,OBJ-000995,Spell Tome: Ice Spike,spell_tome,dragonborn,Destruction,Skyrim,,Eastmarch,Palace of the Kings,"Purchase from Wuunferth the Unliving in Windhelm. Source note: Can be purchased from: Calcelmo, Enthir, Falion, Faralda, Farengar Secret-Fire, Madena, Sybille Stentor, Wuunferth the Unliving, Wylandriah, Talvas Fathryon.","Merchant transaction; price, stock, and barter setup need route validation",Vendor availability/restock timing needs route validation.,unknown,unknown,unknown,"Travel, cold, carry, restock, gold, and spell-learning timing deferred",source_listed_candidate,SN-000052-spell-tomes-and-learned-spells.md,Source-listed spell tome acquisition; final route source selection pending.
BOOKLOC-000868,OBJ-000995,Spell Tome: Ice Spike,spell_tome,dragonborn,Destruction,Skyrim,,The Rift,Mistveil Keep,"Purchase from Wylandriah in Riften. Source note: Can be purchased from: Calcelmo, Enthir, Falion, Faralda, Farengar Secret-Fire, Madena, Sybille Stentor, Wuunferth the Unliving, Wylandriah, Talvas Fathryon.","Merchant transaction; price, stock, and barter setup need route validation",Vendor availability/restock timing needs route validation.,unknown,unknown,unknown,"Travel, cold, carry, restock, gold, and spell-learning timing deferred",source_listed_candidate,SN-000052-spell-tomes-and-learned-spells.md,Source-listed spell tome acquisition; final route source selection pending.
BOOKLOC-000869,OBJ-000995,Spell Tome: Ice Spike,spell_tome,dragonborn,Destruction,Solstheim,,,Tel Mithryn,"Purchase from Talvas Fathryon at Tel Mithryn. Source note: Can be purchased from: Calcelmo, Enthir, Falion, Faralda, Farengar Secret-Fire, Madena, Sybille Stentor, Wuunferth the Unliving, Wylandriah, Talvas Fathryon.","Merchant transaction; price, stock, and barter setup need route validation",Vendor availability/restock timing needs route validation.,unknown,unknown,unknown,"Travel, cold, carry, restock, gold, and spell-learning timing deferred",source_listed_candidate,SN-000052-spell-tomes-and-learned-spells.md,Source-listed spell tome acquisition; final route source selection pending.
BOOKLOC-000870,OBJ-000995,Spell Tome: Ice Spike,spell_tome,dragonborn,Destruction,Skyrim,,,Raven Rock Mine,Can be found in Raven Rock Mine.,Loot/access status needs route validation,,unknown,unknown,unknown,"Travel, cold, carry, restock, gold, and spell-learning timing deferred",source_listed_candidate,SN-000052-spell-tomes-and-learned-spells.md,Source-listed spell tome acquisition; final route source selection pending.
BOOKLOC-000871,OBJ-000995,Spell Tome: Ice Spike,spell_tome,base_game,Destruction,Skyrim,,,Random spell tome loot,Generic apprentice spell tome random loot source from boss chests and safes.,Random/container source; reliability and ownership not route-ready,Character level 11+ for apprentice random spell tome loot; route should prefer deterministic sources unless later validated.,unknown,unknown,unknown,"Travel, cold, carry, restock, gold, and spell-learning timing deferred",source_listed_candidate,SN-000052-spell-tomes-and-learned-spells.md,Generic random loot source from UESP spell tome location rules; not a deterministic route choice.
BOOKLOC-000872,OBJ-000996,Spell Tome: Lightning Bolt,spell_tome,dragonborn,Destruction,Skyrim,,The Reach,Understone Keep,"Purchase from Calcelmo in Markarth. Source note: Can be purchased from: Calcelmo, Enthir, Falion, Faralda, Farengar Secret-Fire, Madena, Sybille Stentor, Wuunferth the Unliving, Wylandriah, Talvas Fathryon.","Merchant transaction; price, stock, and barter setup need route validation",Vendor availability/restock timing needs route validation.,unknown,unknown,unknown,"Travel, cold, carry, restock, gold, and spell-learning timing deferred",provisional_objective_representative,SN-000052-spell-tomes-and-learned-spells.md,Source-listed spell tome acquisition; final route source selection pending.
BOOKLOC-000873,OBJ-000996,Spell Tome: Lightning Bolt,spell_tome,dragonborn,Destruction,Skyrim,,Winterhold,College of Winterhold,"Purchase from Enthir at the College of Winterhold. Source note: Can be purchased from: Calcelmo, Enthir, Falion, Faralda, Farengar Secret-Fire, Madena, Sybille Stentor, Wuunferth the Unliving, Wylandriah, Talvas Fathryon.","Merchant transaction; price, stock, and barter setup need route validation",Vendor availability/restock timing needs route validation.,unknown,unknown,unknown,"Travel, cold, carry, restock, gold, and spell-learning timing deferred",source_listed_candidate,SN-000052-spell-tomes-and-learned-spells.md,Source-listed spell tome acquisition; final route source selection pending.
BOOKLOC-000874,OBJ-000996,Spell Tome: Lightning Bolt,spell_tome,dragonborn,Destruction,Skyrim,,Hjaalmarch,Morthal,"Purchase from Falion in Morthal. Source note: Can be purchased from: Calcelmo, Enthir, Falion, Faralda, Farengar Secret-Fire, Madena, Sybille Stentor, Wuunferth the Unliving, Wylandriah, Talvas Fathryon.","Merchant transaction; price, stock, and barter setup need route validation",Vendor availability/restock timing needs route validation.,unknown,unknown,unknown,"Travel, cold, carry, restock, gold, and spell-learning timing deferred",source_listed_candidate,SN-000052-spell-tomes-and-learned-spells.md,Source-listed spell tome acquisition; final route source selection pending.
BOOKLOC-000875,OBJ-000996,Spell Tome: Lightning Bolt,spell_tome,dragonborn,Destruction,Skyrim,,Winterhold,College of Winterhold,"Purchase from Faralda at the College of Winterhold. Source note: Can be purchased from: Calcelmo, Enthir, Falion, Faralda, Farengar Secret-Fire, Madena, Sybille Stentor, Wuunferth the Unliving, Wylandriah, Talvas Fathryon.","Merchant transaction; price, stock, and barter setup need route validation",Vendor availability/restock timing needs route validation.,unknown,unknown,unknown,"Travel, cold, carry, restock, gold, and spell-learning timing deferred",source_listed_candidate,SN-000052-spell-tomes-and-learned-spells.md,Source-listed spell tome acquisition; final route source selection pending.
BOOKLOC-000876,OBJ-000996,Spell Tome: Lightning Bolt,spell_tome,dragonborn,Destruction,Skyrim,,Whiterun Hold,Dragonsreach,"Purchase from Farengar Secret-Fire in Whiterun. Source note: Can be purchased from: Calcelmo, Enthir, Falion, Faralda, Farengar Secret-Fire, Madena, Sybille Stentor, Wuunferth the Unliving, Wylandriah, Talvas Fathryon.","Merchant transaction; price, stock, and barter setup need route validation",Vendor availability/restock timing needs route validation.,unknown,unknown,unknown,"Travel, cold, carry, restock, gold, and spell-learning timing deferred",source_listed_candidate,SN-000052-spell-tomes-and-learned-spells.md,Source-listed spell tome acquisition; final route source selection pending.
BOOKLOC-000877,OBJ-000996,Spell Tome: Lightning Bolt,spell_tome,dragonborn,Destruction,Skyrim,,The Pale,The White Hall,"Purchase from Madena in Dawnstar. Source note: Can be purchased from: Calcelmo, Enthir, Falion, Faralda, Farengar Secret-Fire, Madena, Sybille Stentor, Wuunferth the Unliving, Wylandriah, Talvas Fathryon.","Merchant transaction; price, stock, and barter setup need route validation",Vendor availability/restock timing needs route validation.,unknown,unknown,unknown,"Travel, cold, carry, restock, gold, and spell-learning timing deferred",source_listed_candidate,SN-000052-spell-tomes-and-learned-spells.md,Source-listed spell tome acquisition; final route source selection pending.
BOOKLOC-000878,OBJ-000996,Spell Tome: Lightning Bolt,spell_tome,dragonborn,Destruction,Skyrim,,Haafingar,Blue Palace,"Purchase from Sybille Stentor in Solitude. Source note: Can be purchased from: Calcelmo, Enthir, Falion, Faralda, Farengar Secret-Fire, Madena, Sybille Stentor, Wuunferth the Unliving, Wylandriah, Talvas Fathryon.","Merchant transaction; price, stock, and barter setup need route validation",Vendor availability/restock timing needs route validation.,unknown,unknown,unknown,"Travel, cold, carry, restock, gold, and spell-learning timing deferred",source_listed_candidate,SN-000052-spell-tomes-and-learned-spells.md,Source-listed spell tome acquisition; final route source selection pending.
BOOKLOC-000879,OBJ-000996,Spell Tome: Lightning Bolt,spell_tome,dragonborn,Destruction,Skyrim,,Eastmarch,Palace of the Kings,"Purchase from Wuunferth the Unliving in Windhelm. Source note: Can be purchased from: Calcelmo, Enthir, Falion, Faralda, Farengar Secret-Fire, Madena, Sybille Stentor, Wuunferth the Unliving, Wylandriah, Talvas Fathryon.","Merchant transaction; price, stock, and barter setup need route validation",Vendor availability/restock timing needs route validation.,unknown,unknown,unknown,"Travel, cold, carry, restock, gold, and spell-learning timing deferred",source_listed_candidate,SN-000052-spell-tomes-and-learned-spells.md,Source-listed spell tome acquisition; final route source selection pending.
BOOKLOC-000880,OBJ-000996,Spell Tome: Lightning Bolt,spell_tome,dragonborn,Destruction,Skyrim,,The Rift,Mistveil Keep,"Purchase from Wylandriah in Riften. Source note: Can be purchased from: Calcelmo, Enthir, Falion, Faralda, Farengar Secret-Fire, Madena, Sybille Stentor, Wuunferth the Unliving, Wylandriah, Talvas Fathryon.","Merchant transaction; price, stock, and barter setup need route validation",Vendor availability/restock timing needs route validation.,unknown,unknown,unknown,"Travel, cold, carry, restock, gold, and spell-learning timing deferred",source_listed_candidate,SN-000052-spell-tomes-and-learned-spells.md,Source-listed spell tome acquisition; final route source selection pending.
BOOKLOC-000881,OBJ-000996,Spell Tome: Lightning Bolt,spell_tome,dragonborn,Destruction,Solstheim,,,Tel Mithryn,"Purchase from Talvas Fathryon at Tel Mithryn. Source note: Can be purchased from: Calcelmo, Enthir, Falion, Faralda, Farengar Secret-Fire, Madena, Sybille Stentor, Wuunferth the Unliving, Wylandriah, Talvas Fathryon.","Merchant transaction; price, stock, and barter setup need route validation",Vendor availability/restock timing needs route validation.,unknown,unknown,unknown,"Travel, cold, carry, restock, gold, and spell-learning timing deferred",source_listed_candidate,SN-000052-spell-tomes-and-learned-spells.md,Source-listed spell tome acquisition; final route source selection pending.
BOOKLOC-000882,OBJ-000996,Spell Tome: Lightning Bolt,spell_tome,base_game,Destruction,Skyrim,,,Random spell tome loot,Generic apprentice spell tome random loot source from boss chests and safes.,Random/container source; reliability and ownership not route-ready,Character level 11+ for apprentice random spell tome loot; route should prefer deterministic sources unless later validated.,unknown,unknown,unknown,"Travel, cold, carry, restock, gold, and spell-learning timing deferred",source_listed_candidate,SN-000052-spell-tomes-and-learned-spells.md,Generic random loot source from UESP spell tome location rules; not a deterministic route choice.
BOOKLOC-000883,OBJ-000997,Spell Tome: Lightning Rune,spell_tome,dragonborn,Destruction,Skyrim,,The Reach,Understone Keep,"Purchase from Calcelmo in Markarth. Source note: Can be purchased from: Calcelmo, Enthir, Falion, Faralda, Farengar Secret-Fire, Madena, Sybille Stentor, Wuunferth the Unliving, Wylandriah, Talvas Fathryon.","Merchant transaction; price, stock, and barter setup need route validation",Vendor availability/restock timing needs route validation.,unknown,unknown,unknown,"Travel, cold, carry, restock, gold, and spell-learning timing deferred",provisional_objective_representative,SN-000052-spell-tomes-and-learned-spells.md,Source-listed spell tome acquisition; final route source selection pending.
BOOKLOC-000884,OBJ-000997,Spell Tome: Lightning Rune,spell_tome,dragonborn,Destruction,Skyrim,,Winterhold,College of Winterhold,"Purchase from Enthir at the College of Winterhold. Source note: Can be purchased from: Calcelmo, Enthir, Falion, Faralda, Farengar Secret-Fire, Madena, Sybille Stentor, Wuunferth the Unliving, Wylandriah, Talvas Fathryon.","Merchant transaction; price, stock, and barter setup need route validation",Vendor availability/restock timing needs route validation.,unknown,unknown,unknown,"Travel, cold, carry, restock, gold, and spell-learning timing deferred",source_listed_candidate,SN-000052-spell-tomes-and-learned-spells.md,Source-listed spell tome acquisition; final route source selection pending.
BOOKLOC-000885,OBJ-000997,Spell Tome: Lightning Rune,spell_tome,dragonborn,Destruction,Skyrim,,Hjaalmarch,Morthal,"Purchase from Falion in Morthal. Source note: Can be purchased from: Calcelmo, Enthir, Falion, Faralda, Farengar Secret-Fire, Madena, Sybille Stentor, Wuunferth the Unliving, Wylandriah, Talvas Fathryon.","Merchant transaction; price, stock, and barter setup need route validation",Vendor availability/restock timing needs route validation.,unknown,unknown,unknown,"Travel, cold, carry, restock, gold, and spell-learning timing deferred",source_listed_candidate,SN-000052-spell-tomes-and-learned-spells.md,Source-listed spell tome acquisition; final route source selection pending.
BOOKLOC-000886,OBJ-000997,Spell Tome: Lightning Rune,spell_tome,dragonborn,Destruction,Skyrim,,Winterhold,College of Winterhold,"Purchase from Faralda at the College of Winterhold. Source note: Can be purchased from: Calcelmo, Enthir, Falion, Faralda, Farengar Secret-Fire, Madena, Sybille Stentor, Wuunferth the Unliving, Wylandriah, Talvas Fathryon.","Merchant transaction; price, stock, and barter setup need route validation",Vendor availability/restock timing needs route validation.,unknown,unknown,unknown,"Travel, cold, carry, restock, gold, and spell-learning timing deferred",source_listed_candidate,SN-000052-spell-tomes-and-learned-spells.md,Source-listed spell tome acquisition; final route source selection pending.
BOOKLOC-000887,OBJ-000997,Spell Tome: Lightning Rune,spell_tome,dragonborn,Destruction,Skyrim,,Whiterun Hold,Dragonsreach,"Purchase from Farengar Secret-Fire in Whiterun. Source note: Can be purchased from: Calcelmo, Enthir, Falion, Faralda, Farengar Secret-Fire, Madena, Sybille Stentor, Wuunferth the Unliving, Wylandriah, Talvas Fathryon.","Merchant transaction; price, stock, and barter setup need route validation",Vendor availability/restock timing needs route validation.,unknown,unknown,unknown,"Travel, cold, carry, restock, gold, and spell-learning timing deferred",source_listed_candidate,SN-000052-spell-tomes-and-learned-spells.md,Source-listed spell tome acquisition; final route source selection pending.
BOOKLOC-000888,OBJ-000997,Spell Tome: Lightning Rune,spell_tome,dragonborn,Destruction,Skyrim,,The Pale,The White Hall,"Purchase from Madena in Dawnstar. Source note: Can be purchased from: Calcelmo, Enthir, Falion, Faralda, Farengar Secret-Fire, Madena, Sybille Stentor, Wuunferth the Unliving, Wylandriah, Talvas Fathryon.","Merchant transaction; price, stock, and barter setup need route validation",Vendor availability/restock timing needs route validation.,unknown,unknown,unknown,"Travel, cold, carry, restock, gold, and spell-learning timing deferred",source_listed_candidate,SN-000052-spell-tomes-and-learned-spells.md,Source-listed spell tome acquisition; final route source selection pending.
BOOKLOC-000889,OBJ-000997,Spell Tome: Lightning Rune,spell_tome,dragonborn,Destruction,Skyrim,,Haafingar,Blue Palace,"Purchase from Sybille Stentor in Solitude. Source note: Can be purchased from: Calcelmo, Enthir, Falion, Faralda, Farengar Secret-Fire, Madena, Sybille Stentor, Wuunferth the Unliving, Wylandriah, Talvas Fathryon.","Merchant transaction; price, stock, and barter setup need route validation",Vendor availability/restock timing needs route validation.,unknown,unknown,unknown,"Travel, cold, carry, restock, gold, and spell-learning timing deferred",source_listed_candidate,SN-000052-spell-tomes-and-learned-spells.md,Source-listed spell tome acquisition; final route source selection pending.
BOOKLOC-000890,OBJ-000997,Spell Tome: Lightning Rune,spell_tome,dragonborn,Destruction,Skyrim,,Eastmarch,Palace of the Kings,"Purchase from Wuunferth the Unliving in Windhelm. Source note: Can be purchased from: Calcelmo, Enthir, Falion, Faralda, Farengar Secret-Fire, Madena, Sybille Stentor, Wuunferth the Unliving, Wylandriah, Talvas Fathryon.","Merchant transaction; price, stock, and barter setup need route validation",Vendor availability/restock timing needs route validation.,unknown,unknown,unknown,"Travel, cold, carry, restock, gold, and spell-learning timing deferred",source_listed_candidate,SN-000052-spell-tomes-and-learned-spells.md,Source-listed spell tome acquisition; final route source selection pending.
BOOKLOC-000891,OBJ-000997,Spell Tome: Lightning Rune,spell_tome,dragonborn,Destruction,Skyrim,,The Rift,Mistveil Keep,"Purchase from Wylandriah in Riften. Source note: Can be purchased from: Calcelmo, Enthir, Falion, Faralda, Farengar Secret-Fire, Madena, Sybille Stentor, Wuunferth the Unliving, Wylandriah, Talvas Fathryon.","Merchant transaction; price, stock, and barter setup need route validation",Vendor availability/restock timing needs route validation.,unknown,unknown,unknown,"Travel, cold, carry, restock, gold, and spell-learning timing deferred",source_listed_candidate,SN-000052-spell-tomes-and-learned-spells.md,Source-listed spell tome acquisition; final route source selection pending.
BOOKLOC-000892,OBJ-000997,Spell Tome: Lightning Rune,spell_tome,dragonborn,Destruction,Solstheim,,,Tel Mithryn,"Purchase from Talvas Fathryon at Tel Mithryn. Source note: Can be purchased from: Calcelmo, Enthir, Falion, Faralda, Farengar Secret-Fire, Madena, Sybille Stentor, Wuunferth the Unliving, Wylandriah, Talvas Fathryon.","Merchant transaction; price, stock, and barter setup need route validation",Vendor availability/restock timing needs route validation.,unknown,unknown,unknown,"Travel, cold, carry, restock, gold, and spell-learning timing deferred",source_listed_candidate,SN-000052-spell-tomes-and-learned-spells.md,Source-listed spell tome acquisition; final route source selection pending.
BOOKLOC-000893,OBJ-000997,Spell Tome: Lightning Rune,spell_tome,base_game,Destruction,Skyrim,,,Random spell tome loot,Generic apprentice spell tome random loot source from boss chests and safes.,Random/container source; reliability and ownership not route-ready,Character level 11+ for apprentice random spell tome loot; route should prefer deterministic sources unless later validated.,unknown,unknown,unknown,"Travel, cold, carry, restock, gold, and spell-learning timing deferred",source_listed_candidate,SN-000052-spell-tomes-and-learned-spells.md,Generic random loot source from UESP spell tome location rules; not a deterministic route choice.
BOOKLOC-000894,OBJ-000998,Spell Tome: Strangulation,spell_tome,ae_creation,Destruction,Skyrim,,,Hob's Fall Cave,Can be found in Hob's Fall Cave during The Lost Library quest.,,Open the Ancient Tome Chest during the routed Hob's Fall Cave pass; The Lost Library may not appear in the AE journal,none_known,none_known,none_known,Winterhold cold-road travel is handled by the Bards College instrument route; no vendor restock/gold requirement for this spell,provisional_objective_representative,SN-000052-spell-tomes-and-learned-spells.md | SN-000253-arcane-accessories-parent-closeout.md,Selected final-guide source for this Arcane Accessories spell; duplicate vendor/random sources are not required.
BOOKLOC-000895,OBJ-000998,Spell Tome: Strangulation,spell_tome,ae_creation,Destruction,Skyrim,,The Reach,Understone Keep,"Purchase from Calcelmo in Markarth. Source note: Can be purchased from: Calcelmo, Enthir, Falion, Faralda, Farengar Secret-Fire, Madena, Sybille Stentor, Wuunferth the Unliving, Wylandriah, Talvas Fathryon.","Merchant transaction; price, stock, and barter setup need route validation",Vendor availability/restock timing needs route validation.,unknown,unknown,unknown,"Travel, cold, carry, restock, gold, and spell-learning timing deferred",source_listed_candidate,SN-000052-spell-tomes-and-learned-spells.md,Source-listed spell tome acquisition; final route source selection pending.
BOOKLOC-000896,OBJ-000998,Spell Tome: Strangulation,spell_tome,ae_creation,Destruction,Skyrim,,Winterhold,College of Winterhold,"Purchase from Enthir at the College of Winterhold. Source note: Can be purchased from: Calcelmo, Enthir, Falion, Faralda, Farengar Secret-Fire, Madena, Sybille Stentor, Wuunferth the Unliving, Wylandriah, Talvas Fathryon.","Merchant transaction; price, stock, and barter setup need route validation",Vendor availability/restock timing needs route validation.,unknown,unknown,unknown,"Travel, cold, carry, restock, gold, and spell-learning timing deferred",source_listed_candidate,SN-000052-spell-tomes-and-learned-spells.md,Source-listed spell tome acquisition; final route source selection pending.
BOOKLOC-000897,OBJ-000998,Spell Tome: Strangulation,spell_tome,ae_creation,Destruction,Skyrim,,Hjaalmarch,Morthal,"Purchase from Falion in Morthal. Source note: Can be purchased from: Calcelmo, Enthir, Falion, Faralda, Farengar Secret-Fire, Madena, Sybille Stentor, Wuunferth the Unliving, Wylandriah, Talvas Fathryon.","Merchant transaction; price, stock, and barter setup need route validation",Vendor availability/restock timing needs route validation.,unknown,unknown,unknown,"Travel, cold, carry, restock, gold, and spell-learning timing deferred",source_listed_candidate,SN-000052-spell-tomes-and-learned-spells.md,Source-listed spell tome acquisition; final route source selection pending.
BOOKLOC-000898,OBJ-000998,Spell Tome: Strangulation,spell_tome,ae_creation,Destruction,Skyrim,,Winterhold,College of Winterhold,"Purchase from Faralda at the College of Winterhold. Source note: Can be purchased from: Calcelmo, Enthir, Falion, Faralda, Farengar Secret-Fire, Madena, Sybille Stentor, Wuunferth the Unliving, Wylandriah, Talvas Fathryon.","Merchant transaction; price, stock, and barter setup need route validation",Vendor availability/restock timing needs route validation.,unknown,unknown,unknown,"Travel, cold, carry, restock, gold, and spell-learning timing deferred",source_listed_candidate,SN-000052-spell-tomes-and-learned-spells.md,Source-listed spell tome acquisition; final route source selection pending.
BOOKLOC-000899,OBJ-000998,Spell Tome: Strangulation,spell_tome,ae_creation,Destruction,Skyrim,,Whiterun Hold,Dragonsreach,"Purchase from Farengar Secret-Fire in Whiterun. Source note: Can be purchased from: Calcelmo, Enthir, Falion, Faralda, Farengar Secret-Fire, Madena, Sybille Stentor, Wuunferth the Unliving, Wylandriah, Talvas Fathryon.","Merchant transaction; price, stock, and barter setup need route validation",Vendor availability/restock timing needs route validation.,unknown,unknown,unknown,"Travel, cold, carry, restock, gold, and spell-learning timing deferred",source_listed_candidate,SN-000052-spell-tomes-and-learned-spells.md,Source-listed spell tome acquisition; final route source selection pending.
BOOKLOC-000900,OBJ-000998,Spell Tome: Strangulation,spell_tome,ae_creation,Destruction,Skyrim,,The Pale,The White Hall,"Purchase from Madena in Dawnstar. Source note: Can be purchased from: Calcelmo, Enthir, Falion, Faralda, Farengar Secret-Fire, Madena, Sybille Stentor, Wuunferth the Unliving, Wylandriah, Talvas Fathryon.","Merchant transaction; price, stock, and barter setup need route validation",Vendor availability/restock timing needs route validation.,unknown,unknown,unknown,"Travel, cold, carry, restock, gold, and spell-learning timing deferred",source_listed_candidate,SN-000052-spell-tomes-and-learned-spells.md,Source-listed spell tome acquisition; final route source selection pending.
BOOKLOC-000901,OBJ-000998,Spell Tome: Strangulation,spell_tome,ae_creation,Destruction,Skyrim,,Haafingar,Blue Palace,"Purchase from Sybille Stentor in Solitude. Source note: Can be purchased from: Calcelmo, Enthir, Falion, Faralda, Farengar Secret-Fire, Madena, Sybille Stentor, Wuunferth the Unliving, Wylandriah, Talvas Fathryon.","Merchant transaction; price, stock, and barter setup need route validation",Vendor availability/restock timing needs route validation.,unknown,unknown,unknown,"Travel, cold, carry, restock, gold, and spell-learning timing deferred",source_listed_candidate,SN-000052-spell-tomes-and-learned-spells.md,Source-listed spell tome acquisition; final route source selection pending.
BOOKLOC-000902,OBJ-000998,Spell Tome: Strangulation,spell_tome,ae_creation,Destruction,Skyrim,,Eastmarch,Palace of the Kings,"Purchase from Wuunferth the Unliving in Windhelm. Source note: Can be purchased from: Calcelmo, Enthir, Falion, Faralda, Farengar Secret-Fire, Madena, Sybille Stentor, Wuunferth the Unliving, Wylandriah, Talvas Fathryon.","Merchant transaction; price, stock, and barter setup need route validation",Vendor availability/restock timing needs route validation.,unknown,unknown,unknown,"Travel, cold, carry, restock, gold, and spell-learning timing deferred",source_listed_candidate,SN-000052-spell-tomes-and-learned-spells.md,Source-listed spell tome acquisition; final route source selection pending.
BOOKLOC-000903,OBJ-000998,Spell Tome: Strangulation,spell_tome,ae_creation,Destruction,Skyrim,,The Rift,Mistveil Keep,"Purchase from Wylandriah in Riften. Source note: Can be purchased from: Calcelmo, Enthir, Falion, Faralda, Farengar Secret-Fire, Madena, Sybille Stentor, Wuunferth the Unliving, Wylandriah, Talvas Fathryon.","Merchant transaction; price, stock, and barter setup need route validation",Vendor availability/restock timing needs route validation.,unknown,unknown,unknown,"Travel, cold, carry, restock, gold, and spell-learning timing deferred",source_listed_candidate,SN-000052-spell-tomes-and-learned-spells.md,Source-listed spell tome acquisition; final route source selection pending.
BOOKLOC-000904,OBJ-000998,Spell Tome: Strangulation,spell_tome,ae_creation,Destruction,Solstheim,,,Tel Mithryn,"Purchase from Talvas Fathryon at Tel Mithryn. Source note: Can be purchased from: Calcelmo, Enthir, Falion, Faralda, Farengar Secret-Fire, Madena, Sybille Stentor, Wuunferth the Unliving, Wylandriah, Talvas Fathryon.","Merchant transaction; price, stock, and barter setup need route validation",Vendor availability/restock timing needs route validation.,unknown,unknown,unknown,"Travel, cold, carry, restock, gold, and spell-learning timing deferred",source_listed_candidate,SN-000052-spell-tomes-and-learned-spells.md,Source-listed spell tome acquisition; final route source selection pending.
BOOKLOC-000905,OBJ-000999,Spell Tome: Chain Lightning,spell_tome,dragonborn,Destruction,Skyrim,,Winterhold,College of Winterhold,"Purchase from Enthir at the College of Winterhold. Source note: Can be purchased from: Enthir, Faralda, Farengar Secret-Fire, Madena, Wuunferth the Unliving, Talvas Fathryon.","Merchant transaction; price, stock, and barter setup need route validation",Adept vendor stock generally requires school skill 40 and inventory reset; validate per merchant later.,unknown,unknown,unknown,"Travel, cold, carry, restock, gold, and spell-learning timing deferred",provisional_objective_representative,SN-000052-spell-tomes-and-learned-spells.md,Source-listed spell tome acquisition; final route source selection pending.
BOOKLOC-000906,OBJ-000999,Spell Tome: Chain Lightning,spell_tome,dragonborn,Destruction,Skyrim,,Winterhold,College of Winterhold,"Purchase from Faralda at the College of Winterhold. Source note: Can be purchased from: Enthir, Faralda, Farengar Secret-Fire, Madena, Wuunferth the Unliving, Talvas Fathryon.","Merchant transaction; price, stock, and barter setup need route validation",Adept vendor stock generally requires school skill 40 and inventory reset; validate per merchant later.,unknown,unknown,unknown,"Travel, cold, carry, restock, gold, and spell-learning timing deferred",source_listed_candidate,SN-000052-spell-tomes-and-learned-spells.md,Source-listed spell tome acquisition; final route source selection pending.
BOOKLOC-000907,OBJ-000999,Spell Tome: Chain Lightning,spell_tome,dragonborn,Destruction,Skyrim,,Whiterun Hold,Dragonsreach,"Purchase from Farengar Secret-Fire in Whiterun. Source note: Can be purchased from: Enthir, Faralda, Farengar Secret-Fire, Madena, Wuunferth the Unliving, Talvas Fathryon.","Merchant transaction; price, stock, and barter setup need route validation",Adept vendor stock generally requires school skill 40 and inventory reset; validate per merchant later.,unknown,unknown,unknown,"Travel, cold, carry, restock, gold, and spell-learning timing deferred",source_listed_candidate,SN-000052-spell-tomes-and-learned-spells.md,Source-listed spell tome acquisition; final route source selection pending.
BOOKLOC-000908,OBJ-000999,Spell Tome: Chain Lightning,spell_tome,dragonborn,Destruction,Skyrim,,The Pale,The White Hall,"Purchase from Madena in Dawnstar. Source note: Can be purchased from: Enthir, Faralda, Farengar Secret-Fire, Madena, Wuunferth the Unliving, Talvas Fathryon.","Merchant transaction; price, stock, and barter setup need route validation",Adept vendor stock generally requires school skill 40 and inventory reset; validate per merchant later.,unknown,unknown,unknown,"Travel, cold, carry, restock, gold, and spell-learning timing deferred",source_listed_candidate,SN-000052-spell-tomes-and-learned-spells.md,Source-listed spell tome acquisition; final route source selection pending.
BOOKLOC-000909,OBJ-000999,Spell Tome: Chain Lightning,spell_tome,dragonborn,Destruction,Skyrim,,Eastmarch,Palace of the Kings,"Purchase from Wuunferth the Unliving in Windhelm. Source note: Can be purchased from: Enthir, Faralda, Farengar Secret-Fire, Madena, Wuunferth the Unliving, Talvas Fathryon.","Merchant transaction; price, stock, and barter setup need route validation",Adept vendor stock generally requires school skill 40 and inventory reset; validate per merchant later.,unknown,unknown,unknown,"Travel, cold, carry, restock, gold, and spell-learning timing deferred",source_listed_candidate,SN-000052-spell-tomes-and-learned-spells.md,Source-listed spell tome acquisition; final route source selection pending.
BOOKLOC-000910,OBJ-000999,Spell Tome: Chain Lightning,spell_tome,dragonborn,Destruction,Solstheim,,,Tel Mithryn,"Purchase from Talvas Fathryon at Tel Mithryn. Source note: Can be purchased from: Enthir, Faralda, Farengar Secret-Fire, Madena, Wuunferth the Unliving, Talvas Fathryon.","Merchant transaction; price, stock, and barter setup need route validation",Adept vendor stock generally requires school skill 40 and inventory reset; validate per merchant later.,unknown,unknown,unknown,"Travel, cold, carry, restock, gold, and spell-learning timing deferred",source_listed_candidate,SN-000052-spell-tomes-and-learned-spells.md,Source-listed spell tome acquisition; final route source selection pending.
BOOKLOC-000911,OBJ-000999,Spell Tome: Chain Lightning,spell_tome,base_game,Destruction,Skyrim,,,Random spell tome loot,Generic adept spell tome random loot source from boss chests and safes.,Random/container source; reliability and ownership not route-ready,Character level 23+ for adept random spell tome loot; route should prefer deterministic sources unless later validated.,unknown,unknown,unknown,"Travel, cold, carry, restock, gold, and spell-learning timing deferred",source_listed_candidate,SN-000052-spell-tomes-and-learned-spells.md,Generic random loot source from UESP spell tome location rules; not a deterministic route choice.
BOOKLOC-000912,OBJ-001000,Spell Tome: Elemental Burst,spell_tome,ae_creation,Destruction,Skyrim,,,Hob's Fall Cave,Can be found in Hob's Fall Cave during The Lost Library quest.,,Open the Ancient Tome Chest during the routed Hob's Fall Cave pass; The Lost Library may not appear in the AE journal,none_known,none_known,none_known,Winterhold cold-road travel is handled by the Bards College instrument route; no vendor restock/gold requirement for this spell,provisional_objective_representative,SN-000052-spell-tomes-and-learned-spells.md | SN-000253-arcane-accessories-parent-closeout.md,Selected final-guide source for this Arcane Accessories spell; duplicate vendor/random sources are not required.
BOOKLOC-000913,OBJ-001000,Spell Tome: Elemental Burst,spell_tome,ae_creation,Destruction,Skyrim,,Winterhold,College of Winterhold,"Purchase from Enthir at the College of Winterhold. Source note: Can be purchased from: Enthir, Faralda, Farengar Secret-Fire, Madena, Wuunferth the Unliving, Talvas Fathryon.","Merchant transaction; price, stock, and barter setup need route validation",Vendor availability/restock timing needs route validation.,unknown,unknown,unknown,"Travel, cold, carry, restock, gold, and spell-learning timing deferred",source_listed_candidate,SN-000052-spell-tomes-and-learned-spells.md,Source-listed spell tome acquisition; final route source selection pending.
BOOKLOC-000914,OBJ-001000,Spell Tome: Elemental Burst,spell_tome,ae_creation,Destruction,Skyrim,,Winterhold,College of Winterhold,"Purchase from Faralda at the College of Winterhold. Source note: Can be purchased from: Enthir, Faralda, Farengar Secret-Fire, Madena, Wuunferth the Unliving, Talvas Fathryon.","Merchant transaction; price, stock, and barter setup need route validation",Vendor availability/restock timing needs route validation.,unknown,unknown,unknown,"Travel, cold, carry, restock, gold, and spell-learning timing deferred",source_listed_candidate,SN-000052-spell-tomes-and-learned-spells.md,Source-listed spell tome acquisition; final route source selection pending.
BOOKLOC-000915,OBJ-001000,Spell Tome: Elemental Burst,spell_tome,ae_creation,Destruction,Skyrim,,Whiterun Hold,Dragonsreach,"Purchase from Farengar Secret-Fire in Whiterun. Source note: Can be purchased from: Enthir, Faralda, Farengar Secret-Fire, Madena, Wuunferth the Unliving, Talvas Fathryon.","Merchant transaction; price, stock, and barter setup need route validation",Vendor availability/restock timing needs route validation.,unknown,unknown,unknown,"Travel, cold, carry, restock, gold, and spell-learning timing deferred",source_listed_candidate,SN-000052-spell-tomes-and-learned-spells.md,Source-listed spell tome acquisition; final route source selection pending.
BOOKLOC-000916,OBJ-001000,Spell Tome: Elemental Burst,spell_tome,ae_creation,Destruction,Skyrim,,The Pale,The White Hall,"Purchase from Madena in Dawnstar. Source note: Can be purchased from: Enthir, Faralda, Farengar Secret-Fire, Madena, Wuunferth the Unliving, Talvas Fathryon.","Merchant transaction; price, stock, and barter setup need route validation",Vendor availability/restock timing needs route validation.,unknown,unknown,unknown,"Travel, cold, carry, restock, gold, and spell-learning timing deferred",source_listed_candidate,SN-000052-spell-tomes-and-learned-spells.md,Source-listed spell tome acquisition; final route source selection pending.
BOOKLOC-000917,OBJ-001000,Spell Tome: Elemental Burst,spell_tome,ae_creation,Destruction,Skyrim,,Eastmarch,Palace of the Kings,"Purchase from Wuunferth the Unliving in Windhelm. Source note: Can be purchased from: Enthir, Faralda, Farengar Secret-Fire, Madena, Wuunferth the Unliving, Talvas Fathryon.","Merchant transaction; price, stock, and barter setup need route validation",Vendor availability/restock timing needs route validation.,unknown,unknown,unknown,"Travel, cold, carry, restock, gold, and spell-learning timing deferred",source_listed_candidate,SN-000052-spell-tomes-and-learned-spells.md,Source-listed spell tome acquisition; final route source selection pending.
BOOKLOC-000918,OBJ-001000,Spell Tome: Elemental Burst,spell_tome,ae_creation,Destruction,Solstheim,,,Tel Mithryn,"Purchase from Talvas Fathryon at Tel Mithryn. Source note: Can be purchased from: Enthir, Faralda, Farengar Secret-Fire, Madena, Wuunferth the Unliving, Talvas Fathryon.","Merchant transaction; price, stock, and barter setup need route validation",Vendor availability/restock timing needs route validation.,unknown,unknown,unknown,"Travel, cold, carry, restock, gold, and spell-learning timing deferred",source_listed_candidate,SN-000052-spell-tomes-and-learned-spells.md,Source-listed spell tome acquisition; final route source selection pending.
BOOKLOC-000919,OBJ-001001,Spell Tome: Fireball,spell_tome,dragonborn,Destruction,Skyrim,,Winterhold,College of Winterhold,"Purchase from Enthir at the College of Winterhold. Source note: Can be purchased from: Enthir, Faralda, Farengar Secret-Fire, Madena, Wuunferth the Unliving, Talvas Fathryon.","Merchant transaction; price, stock, and barter setup need route validation",Adept vendor stock generally requires school skill 40 and inventory reset; validate per merchant later.,unknown,unknown,unknown,"Travel, cold, carry, restock, gold, and spell-learning timing deferred",provisional_objective_representative,SN-000052-spell-tomes-and-learned-spells.md,Source-listed spell tome acquisition; final route source selection pending.
BOOKLOC-000920,OBJ-001001,Spell Tome: Fireball,spell_tome,dragonborn,Destruction,Skyrim,,Winterhold,College of Winterhold,"Purchase from Faralda at the College of Winterhold. Source note: Can be purchased from: Enthir, Faralda, Farengar Secret-Fire, Madena, Wuunferth the Unliving, Talvas Fathryon.","Merchant transaction; price, stock, and barter setup need route validation",Adept vendor stock generally requires school skill 40 and inventory reset; validate per merchant later.,unknown,unknown,unknown,"Travel, cold, carry, restock, gold, and spell-learning timing deferred",source_listed_candidate,SN-000052-spell-tomes-and-learned-spells.md,Source-listed spell tome acquisition; final route source selection pending.
BOOKLOC-000921,OBJ-001001,Spell Tome: Fireball,spell_tome,dragonborn,Destruction,Skyrim,,Whiterun Hold,Dragonsreach,"Purchase from Farengar Secret-Fire in Whiterun. Source note: Can be purchased from: Enthir, Faralda, Farengar Secret-Fire, Madena, Wuunferth the Unliving, Talvas Fathryon.","Merchant transaction; price, stock, and barter setup need route validation",Adept vendor stock generally requires school skill 40 and inventory reset; validate per merchant later.,unknown,unknown,unknown,"Travel, cold, carry, restock, gold, and spell-learning timing deferred",source_listed_candidate,SN-000052-spell-tomes-and-learned-spells.md,Source-listed spell tome acquisition; final route source selection pending.
BOOKLOC-000922,OBJ-001001,Spell Tome: Fireball,spell_tome,dragonborn,Destruction,Skyrim,,The Pale,The White Hall,"Purchase from Madena in Dawnstar. Source note: Can be purchased from: Enthir, Faralda, Farengar Secret-Fire, Madena, Wuunferth the Unliving, Talvas Fathryon.","Merchant transaction; price, stock, and barter setup need route validation",Adept vendor stock generally requires school skill 40 and inventory reset; validate per merchant later.,unknown,unknown,unknown,"Travel, cold, carry, restock, gold, and spell-learning timing deferred",source_listed_candidate,SN-000052-spell-tomes-and-learned-spells.md,Source-listed spell tome acquisition; final route source selection pending.
BOOKLOC-000923,OBJ-001001,Spell Tome: Fireball,spell_tome,dragonborn,Destruction,Skyrim,,Eastmarch,Palace of the Kings,"Purchase from Wuunferth the Unliving in Windhelm. Source note: Can be purchased from: Enthir, Faralda, Farengar Secret-Fire, Madena, Wuunferth the Unliving, Talvas Fathryon.","Merchant transaction; price, stock, and barter setup need route validation",Adept vendor stock generally requires school skill 40 and inventory reset; validate per merchant later.,unknown,unknown,unknown,"Travel, cold, carry, restock, gold, and spell-learning timing deferred",source_listed_candidate,SN-000052-spell-tomes-and-learned-spells.md,Source-listed spell tome acquisition; final route source selection pending.
BOOKLOC-000924,OBJ-001001,Spell Tome: Fireball,spell_tome,dragonborn,Destruction,Solstheim,,,Tel Mithryn,"Purchase from Talvas Fathryon at Tel Mithryn. Source note: Can be purchased from: Enthir, Faralda, Farengar Secret-Fire, Madena, Wuunferth the Unliving, Talvas Fathryon.","Merchant transaction; price, stock, and barter setup need route validation",Adept vendor stock generally requires school skill 40 and inventory reset; validate per merchant later.,unknown,unknown,unknown,"Travel, cold, carry, restock, gold, and spell-learning timing deferred",source_listed_candidate,SN-000052-spell-tomes-and-learned-spells.md,Source-listed spell tome acquisition; final route source selection pending.
BOOKLOC-000925,OBJ-001001,Spell Tome: Fireball,spell_tome,base_game,Destruction,Skyrim,,,Random spell tome loot,Generic adept spell tome random loot source from boss chests and safes.,Random/container source; reliability and ownership not route-ready,Character level 23+ for adept random spell tome loot; route should prefer deterministic sources unless later validated.,unknown,unknown,unknown,"Travel, cold, carry, restock, gold, and spell-learning timing deferred",source_listed_candidate,SN-000052-spell-tomes-and-learned-spells.md,Generic random loot source from UESP spell tome location rules; not a deterministic route choice.
BOOKLOC-000926,OBJ-001002,Spell Tome: Flame Cloak,spell_tome,dragonborn,Destruction,Skyrim,,Winterhold,College of Winterhold,"Purchase from Enthir at the College of Winterhold. Source note: Can be purchased from: Enthir, Faralda, Farengar Secret-Fire, Madena, Wuunferth the Unliving, Talvas Fathryon.","Merchant transaction; price, stock, and barter setup need route validation",Adept vendor stock generally requires school skill 40 and inventory reset; validate per merchant later.,unknown,unknown,unknown,"Travel, cold, carry, restock, gold, and spell-learning timing deferred",provisional_objective_representative,SN-000052-spell-tomes-and-learned-spells.md,Source-listed spell tome acquisition; final route source selection pending.
BOOKLOC-000927,OBJ-001002,Spell Tome: Flame Cloak,spell_tome,dragonborn,Destruction,Skyrim,,Winterhold,College of Winterhold,"Purchase from Faralda at the College of Winterhold. Source note: Can be purchased from: Enthir, Faralda, Farengar Secret-Fire, Madena, Wuunferth the Unliving, Talvas Fathryon.","Merchant transaction; price, stock, and barter setup need route validation",Adept vendor stock generally requires school skill 40 and inventory reset; validate per merchant later.,unknown,unknown,unknown,"Travel, cold, carry, restock, gold, and spell-learning timing deferred",source_listed_candidate,SN-000052-spell-tomes-and-learned-spells.md,Source-listed spell tome acquisition; final route source selection pending.
BOOKLOC-000928,OBJ-001002,Spell Tome: Flame Cloak,spell_tome,dragonborn,Destruction,Skyrim,,Whiterun Hold,Dragonsreach,"Purchase from Farengar Secret-Fire in Whiterun. Source note: Can be purchased from: Enthir, Faralda, Farengar Secret-Fire, Madena, Wuunferth the Unliving, Talvas Fathryon.","Merchant transaction; price, stock, and barter setup need route validation",Adept vendor stock generally requires school skill 40 and inventory reset; validate per merchant later.,unknown,unknown,unknown,"Travel, cold, carry, restock, gold, and spell-learning timing deferred",source_listed_candidate,SN-000052-spell-tomes-and-learned-spells.md,Source-listed spell tome acquisition; final route source selection pending.
BOOKLOC-000929,OBJ-001002,Spell Tome: Flame Cloak,spell_tome,dragonborn,Destruction,Skyrim,,The Pale,The White Hall,"Purchase from Madena in Dawnstar. Source note: Can be purchased from: Enthir, Faralda, Farengar Secret-Fire, Madena, Wuunferth the Unliving, Talvas Fathryon.","Merchant transaction; price, stock, and barter setup need route validation",Adept vendor stock generally requires school skill 40 and inventory reset; validate per merchant later.,unknown,unknown,unknown,"Travel, cold, carry, restock, gold, and spell-learning timing deferred",source_listed_candidate,SN-000052-spell-tomes-and-learned-spells.md,Source-listed spell tome acquisition; final route source selection pending.
BOOKLOC-000930,OBJ-001002,Spell Tome: Flame Cloak,spell_tome,dragonborn,Destruction,Skyrim,,Eastmarch,Palace of the Kings,"Purchase from Wuunferth the Unliving in Windhelm. Source note: Can be purchased from: Enthir, Faralda, Farengar Secret-Fire, Madena, Wuunferth the Unliving, Talvas Fathryon.","Merchant transaction; price, stock, and barter setup need route validation",Adept vendor stock generally requires school skill 40 and inventory reset; validate per merchant later.,unknown,unknown,unknown,"Travel, cold, carry, restock, gold, and spell-learning timing deferred",source_listed_candidate,SN-000052-spell-tomes-and-learned-spells.md,Source-listed spell tome acquisition; final route source selection pending.
BOOKLOC-000931,OBJ-001002,Spell Tome: Flame Cloak,spell_tome,dragonborn,Destruction,Solstheim,,,Tel Mithryn,"Purchase from Talvas Fathryon at Tel Mithryn. Source note: Can be purchased from: Enthir, Faralda, Farengar Secret-Fire, Madena, Wuunferth the Unliving, Talvas Fathryon.","Merchant transaction; price, stock, and barter setup need route validation",Adept vendor stock generally requires school skill 40 and inventory reset; validate per merchant later.,unknown,unknown,unknown,"Travel, cold, carry, restock, gold, and spell-learning timing deferred",source_listed_candidate,SN-000052-spell-tomes-and-learned-spells.md,Source-listed spell tome acquisition; final route source selection pending.
BOOKLOC-000932,OBJ-001002,Spell Tome: Flame Cloak,spell_tome,base_game,Destruction,Skyrim,,,Shoreline east of Dawnstar,"Can be found on the shoreline east of Dawnstar, next to Yisra's corpse.",Loot/access status needs route validation,,unknown,unknown,unknown,"Travel, cold, carry, restock, gold, and spell-learning timing deferred",source_listed_candidate,SN-000052-spell-tomes-and-learned-spells.md,Source-listed spell tome acquisition; final route source selection pending.
BOOKLOC-000933,OBJ-001002,Spell Tome: Flame Cloak,spell_tome,base_game,Destruction,Skyrim,,,Random spell tome loot,Generic adept spell tome random loot source from boss chests and safes.,Random/container source; reliability and ownership not route-ready,Character level 23+ for adept random spell tome loot; route should prefer deterministic sources unless later validated.,unknown,unknown,unknown,"Travel, cold, carry, restock, gold, and spell-learning timing deferred",source_listed_candidate,SN-000052-spell-tomes-and-learned-spells.md,Generic random loot source from UESP spell tome location rules; not a deterministic route choice.
BOOKLOC-000934,OBJ-001003,Spell Tome: Frost Cloak,spell_tome,dragonborn,Destruction,Skyrim,,Winterhold,College of Winterhold,"Purchase from Enthir at the College of Winterhold. Source note: Can be purchased from: Enthir, Faralda, Farengar Secret-Fire, Madena, Wuunferth the Unliving, Talvas Fathryon.","Merchant transaction; price, stock, and barter setup need route validation",Adept vendor stock generally requires school skill 40 and inventory reset; validate per merchant later.,unknown,unknown,unknown,"Travel, cold, carry, restock, gold, and spell-learning timing deferred",provisional_objective_representative,SN-000052-spell-tomes-and-learned-spells.md,Source-listed spell tome acquisition; final route source selection pending.
BOOKLOC-000935,OBJ-001003,Spell Tome: Frost Cloak,spell_tome,dragonborn,Destruction,Skyrim,,Winterhold,College of Winterhold,"Purchase from Faralda at the College of Winterhold. Source note: Can be purchased from: Enthir, Faralda, Farengar Secret-Fire, Madena, Wuunferth the Unliving, Talvas Fathryon.","Merchant transaction; price, stock, and barter setup need route validation",Adept vendor stock generally requires school skill 40 and inventory reset; validate per merchant later.,unknown,unknown,unknown,"Travel, cold, carry, restock, gold, and spell-learning timing deferred",source_listed_candidate,SN-000052-spell-tomes-and-learned-spells.md,Source-listed spell tome acquisition; final route source selection pending.
BOOKLOC-000936,OBJ-001003,Spell Tome: Frost Cloak,spell_tome,dragonborn,Destruction,Skyrim,,Whiterun Hold,Dragonsreach,"Purchase from Farengar Secret-Fire in Whiterun. Source note: Can be purchased from: Enthir, Faralda, Farengar Secret-Fire, Madena, Wuunferth the Unliving, Talvas Fathryon.","Merchant transaction; price, stock, and barter setup need route validation",Adept vendor stock generally requires school skill 40 and inventory reset; validate per merchant later.,unknown,unknown,unknown,"Travel, cold, carry, restock, gold, and spell-learning timing deferred",source_listed_candidate,SN-000052-spell-tomes-and-learned-spells.md,Source-listed spell tome acquisition; final route source selection pending.
BOOKLOC-000937,OBJ-001003,Spell Tome: Frost Cloak,spell_tome,dragonborn,Destruction,Skyrim,,The Pale,The White Hall,"Purchase from Madena in Dawnstar. Source note: Can be purchased from: Enthir, Faralda, Farengar Secret-Fire, Madena, Wuunferth the Unliving, Talvas Fathryon.","Merchant transaction; price, stock, and barter setup need route validation",Adept vendor stock generally requires school skill 40 and inventory reset; validate per merchant later.,unknown,unknown,unknown,"Travel, cold, carry, restock, gold, and spell-learning timing deferred",source_listed_candidate,SN-000052-spell-tomes-and-learned-spells.md,Source-listed spell tome acquisition; final route source selection pending.
BOOKLOC-000938,OBJ-001003,Spell Tome: Frost Cloak,spell_tome,dragonborn,Destruction,Skyrim,,Eastmarch,Palace of the Kings,"Purchase from Wuunferth the Unliving in Windhelm. Source note: Can be purchased from: Enthir, Faralda, Farengar Secret-Fire, Madena, Wuunferth the Unliving, Talvas Fathryon.","Merchant transaction; price, stock, and barter setup need route validation",Adept vendor stock generally requires school skill 40 and inventory reset; validate per merchant later.,unknown,unknown,unknown,"Travel, cold, carry, restock, gold, and spell-learning timing deferred",source_listed_candidate,SN-000052-spell-tomes-and-learned-spells.md,Source-listed spell tome acquisition; final route source selection pending.
BOOKLOC-000939,OBJ-001003,Spell Tome: Frost Cloak,spell_tome,dragonborn,Destruction,Solstheim,,,Tel Mithryn,"Purchase from Talvas Fathryon at Tel Mithryn. Source note: Can be purchased from: Enthir, Faralda, Farengar Secret-Fire, Madena, Wuunferth the Unliving, Talvas Fathryon.","Merchant transaction; price, stock, and barter setup need route validation",Adept vendor stock generally requires school skill 40 and inventory reset; validate per merchant later.,unknown,unknown,unknown,"Travel, cold, carry, restock, gold, and spell-learning timing deferred",source_listed_candidate,SN-000052-spell-tomes-and-learned-spells.md,Source-listed spell tome acquisition; final route source selection pending.
BOOKLOC-000940,OBJ-001003,Spell Tome: Frost Cloak,spell_tome,base_game,Destruction,Skyrim,,,Random spell tome loot,Generic adept spell tome random loot source from boss chests and safes.,Random/container source; reliability and ownership not route-ready,Character level 23+ for adept random spell tome loot; route should prefer deterministic sources unless later validated.,unknown,unknown,unknown,"Travel, cold, carry, restock, gold, and spell-learning timing deferred",source_listed_candidate,SN-000052-spell-tomes-and-learned-spells.md,Generic random loot source from UESP spell tome location rules; not a deterministic route choice.
BOOKLOC-000941,OBJ-001004,Spell Tome: Hangman's Noose,spell_tome,ae_creation,Destruction,Skyrim,,,Hob's Fall Cave,Can be found in Hob's Fall Cave during The Lost Library quest.,,Open the Ancient Tome Chest during the routed Hob's Fall Cave pass; The Lost Library may not appear in the AE journal,none_known,none_known,none_known,Winterhold cold-road travel is handled by the Bards College instrument route; no vendor restock/gold requirement for this spell,provisional_objective_representative,SN-000052-spell-tomes-and-learned-spells.md | SN-000253-arcane-accessories-parent-closeout.md,Selected final-guide source for this Arcane Accessories spell; duplicate vendor/random sources are not required.
BOOKLOC-000942,OBJ-001004,Spell Tome: Hangman's Noose,spell_tome,ae_creation,Destruction,Skyrim,,Winterhold,College of Winterhold,"Purchase from Enthir at the College of Winterhold. Source note: Can be purchased from: Enthir, Faralda, Farengar Secret-Fire, Madena, Wuunferth the Unliving, Talvas Fathryon.","Merchant transaction; price, stock, and barter setup need route validation",Vendor availability/restock timing needs route validation.,unknown,unknown,unknown,"Travel, cold, carry, restock, gold, and spell-learning timing deferred",source_listed_candidate,SN-000052-spell-tomes-and-learned-spells.md,Source-listed spell tome acquisition; final route source selection pending.
BOOKLOC-000943,OBJ-001004,Spell Tome: Hangman's Noose,spell_tome,ae_creation,Destruction,Skyrim,,Winterhold,College of Winterhold,"Purchase from Faralda at the College of Winterhold. Source note: Can be purchased from: Enthir, Faralda, Farengar Secret-Fire, Madena, Wuunferth the Unliving, Talvas Fathryon.","Merchant transaction; price, stock, and barter setup need route validation",Vendor availability/restock timing needs route validation.,unknown,unknown,unknown,"Travel, cold, carry, restock, gold, and spell-learning timing deferred",source_listed_candidate,SN-000052-spell-tomes-and-learned-spells.md,Source-listed spell tome acquisition; final route source selection pending.
BOOKLOC-000944,OBJ-001004,Spell Tome: Hangman's Noose,spell_tome,ae_creation,Destruction,Skyrim,,Whiterun Hold,Dragonsreach,"Purchase from Farengar Secret-Fire in Whiterun. Source note: Can be purchased from: Enthir, Faralda, Farengar Secret-Fire, Madena, Wuunferth the Unliving, Talvas Fathryon.","Merchant transaction; price, stock, and barter setup need route validation",Vendor availability/restock timing needs route validation.,unknown,unknown,unknown,"Travel, cold, carry, restock, gold, and spell-learning timing deferred",source_listed_candidate,SN-000052-spell-tomes-and-learned-spells.md,Source-listed spell tome acquisition; final route source selection pending.
BOOKLOC-000945,OBJ-001004,Spell Tome: Hangman's Noose,spell_tome,ae_creation,Destruction,Skyrim,,The Pale,The White Hall,"Purchase from Madena in Dawnstar. Source note: Can be purchased from: Enthir, Faralda, Farengar Secret-Fire, Madena, Wuunferth the Unliving, Talvas Fathryon.","Merchant transaction; price, stock, and barter setup need route validation",Vendor availability/restock timing needs route validation.,unknown,unknown,unknown,"Travel, cold, carry, restock, gold, and spell-learning timing deferred",source_listed_candidate,SN-000052-spell-tomes-and-learned-spells.md,Source-listed spell tome acquisition; final route source selection pending.
BOOKLOC-000946,OBJ-001004,Spell Tome: Hangman's Noose,spell_tome,ae_creation,Destruction,Skyrim,,Eastmarch,Palace of the Kings,"Purchase from Wuunferth the Unliving in Windhelm. Source note: Can be purchased from: Enthir, Faralda, Farengar Secret-Fire, Madena, Wuunferth the Unliving, Talvas Fathryon.","Merchant transaction; price, stock, and barter setup need route validation",Vendor availability/restock timing needs route validation.,unknown,unknown,unknown,"Travel, cold, carry, restock, gold, and spell-learning timing deferred",source_listed_candidate,SN-000052-spell-tomes-and-learned-spells.md,Source-listed spell tome acquisition; final route source selection pending.
BOOKLOC-000947,OBJ-001004,Spell Tome: Hangman's Noose,spell_tome,ae_creation,Destruction,Solstheim,,,Tel Mithryn,"Purchase from Talvas Fathryon at Tel Mithryn. Source note: Can be purchased from: Enthir, Faralda, Farengar Secret-Fire, Madena, Wuunferth the Unliving, Talvas Fathryon.","Merchant transaction; price, stock, and barter setup need route validation",Vendor availability/restock timing needs route validation.,unknown,unknown,unknown,"Travel, cold, carry, restock, gold, and spell-learning timing deferred",source_listed_candidate,SN-000052-spell-tomes-and-learned-spells.md,Source-listed spell tome acquisition; final route source selection pending.
BOOKLOC-000948,OBJ-001005,Spell Tome: Ice Storm,spell_tome,dragonborn,Destruction,Skyrim,,Winterhold,College of Winterhold,"Purchase from Enthir at the College of Winterhold. Source note: Can be purchased from: Enthir, Faralda, Farengar Secret-Fire, Madena, Wuunferth the Unliving, Talvas Fathryon.","Merchant transaction; price, stock, and barter setup need route validation",Adept vendor stock generally requires school skill 40 and inventory reset; validate per merchant later.,unknown,unknown,unknown,"Travel, cold, carry, restock, gold, and spell-learning timing deferred",provisional_objective_representative,SN-000052-spell-tomes-and-learned-spells.md,Source-listed spell tome acquisition; final route source selection pending.
BOOKLOC-000949,OBJ-001005,Spell Tome: Ice Storm,spell_tome,dragonborn,Destruction,Skyrim,,Winterhold,College of Winterhold,"Purchase from Faralda at the College of Winterhold. Source note: Can be purchased from: Enthir, Faralda, Farengar Secret-Fire, Madena, Wuunferth the Unliving, Talvas Fathryon.","Merchant transaction; price, stock, and barter setup need route validation",Adept vendor stock generally requires school skill 40 and inventory reset; validate per merchant later.,unknown,unknown,unknown,"Travel, cold, carry, restock, gold, and spell-learning timing deferred",source_listed_candidate,SN-000052-spell-tomes-and-learned-spells.md,Source-listed spell tome acquisition; final route source selection pending.
BOOKLOC-000950,OBJ-001005,Spell Tome: Ice Storm,spell_tome,dragonborn,Destruction,Skyrim,,Whiterun Hold,Dragonsreach,"Purchase from Farengar Secret-Fire in Whiterun. Source note: Can be purchased from: Enthir, Faralda, Farengar Secret-Fire, Madena, Wuunferth the Unliving, Talvas Fathryon.","Merchant transaction; price, stock, and barter setup need route validation",Adept vendor stock generally requires school skill 40 and inventory reset; validate per merchant later.,unknown,unknown,unknown,"Travel, cold, carry, restock, gold, and spell-learning timing deferred",source_listed_candidate,SN-000052-spell-tomes-and-learned-spells.md,Source-listed spell tome acquisition; final route source selection pending.
BOOKLOC-000951,OBJ-001005,Spell Tome: Ice Storm,spell_tome,dragonborn,Destruction,Skyrim,,The Pale,The White Hall,"Purchase from Madena in Dawnstar. Source note: Can be purchased from: Enthir, Faralda, Farengar Secret-Fire, Madena, Wuunferth the Unliving, Talvas Fathryon.","Merchant transaction; price, stock, and barter setup need route validation",Adept vendor stock generally requires school skill 40 and inventory reset; validate per merchant later.,unknown,unknown,unknown,"Travel, cold, carry, restock, gold, and spell-learning timing deferred",source_listed_candidate,SN-000052-spell-tomes-and-learned-spells.md,Source-listed spell tome acquisition; final route source selection pending.
BOOKLOC-000952,OBJ-001005,Spell Tome: Ice Storm,spell_tome,dragonborn,Destruction,Skyrim,,Eastmarch,Palace of the Kings,"Purchase from Wuunferth the Unliving in Windhelm. Source note: Can be purchased from: Enthir, Faralda, Farengar Secret-Fire, Madena, Wuunferth the Unliving, Talvas Fathryon.","Merchant transaction; price, stock, and barter setup need route validation",Adept vendor stock generally requires school skill 40 and inventory reset; validate per merchant later.,unknown,unknown,unknown,"Travel, cold, carry, restock, gold, and spell-learning timing deferred",source_listed_candidate,SN-000052-spell-tomes-and-learned-spells.md,Source-listed spell tome acquisition; final route source selection pending.
BOOKLOC-000953,OBJ-001005,Spell Tome: Ice Storm,spell_tome,dragonborn,Destruction,Solstheim,,,Tel Mithryn,"Purchase from Talvas Fathryon at Tel Mithryn. Source note: Can be purchased from: Enthir, Faralda, Farengar Secret-Fire, Madena, Wuunferth the Unliving, Talvas Fathryon.","Merchant transaction; price, stock, and barter setup need route validation",Adept vendor stock generally requires school skill 40 and inventory reset; validate per merchant later.,unknown,unknown,unknown,"Travel, cold, carry, restock, gold, and spell-learning timing deferred",source_listed_candidate,SN-000052-spell-tomes-and-learned-spells.md,Source-listed spell tome acquisition; final route source selection pending.
BOOKLOC-000954,OBJ-001005,Spell Tome: Ice Storm,spell_tome,base_game,Destruction,Skyrim,,,Random spell tome loot,Generic adept spell tome random loot source from boss chests and safes.,Random/container source; reliability and ownership not route-ready,Character level 23+ for adept random spell tome loot; route should prefer deterministic sources unless later validated.,unknown,unknown,unknown,"Travel, cold, carry, restock, gold, and spell-learning timing deferred",source_listed_candidate,SN-000052-spell-tomes-and-learned-spells.md,Generic random loot source from UESP spell tome location rules; not a deterministic route choice.
BOOKLOC-000955,OBJ-001006,Spell Tome: Lightning Cloak,spell_tome,dragonborn,Destruction,Skyrim,,Winterhold,College of Winterhold,"Purchase from Enthir at the College of Winterhold. Source note: Can be purchased from: Enthir, Faralda, Farengar Secret-Fire, Madena, Wuunferth the Unliving, Talvas Fathryon.","Merchant transaction; price, stock, and barter setup need route validation",Adept vendor stock generally requires school skill 40 and inventory reset; validate per merchant later.,unknown,unknown,unknown,"Travel, cold, carry, restock, gold, and spell-learning timing deferred",provisional_objective_representative,SN-000052-spell-tomes-and-learned-spells.md,Source-listed spell tome acquisition; final route source selection pending.
BOOKLOC-000956,OBJ-001006,Spell Tome: Lightning Cloak,spell_tome,dragonborn,Destruction,Skyrim,,Winterhold,College of Winterhold,"Purchase from Faralda at the College of Winterhold. Source note: Can be purchased from: Enthir, Faralda, Farengar Secret-Fire, Madena, Wuunferth the Unliving, Talvas Fathryon.","Merchant transaction; price, stock, and barter setup need route validation",Adept vendor stock generally requires school skill 40 and inventory reset; validate per merchant later.,unknown,unknown,unknown,"Travel, cold, carry, restock, gold, and spell-learning timing deferred",source_listed_candidate,SN-000052-spell-tomes-and-learned-spells.md,Source-listed spell tome acquisition; final route source selection pending.
BOOKLOC-000957,OBJ-001006,Spell Tome: Lightning Cloak,spell_tome,dragonborn,Destruction,Skyrim,,Whiterun Hold,Dragonsreach,"Purchase from Farengar Secret-Fire in Whiterun. Source note: Can be purchased from: Enthir, Faralda, Farengar Secret-Fire, Madena, Wuunferth the Unliving, Talvas Fathryon.","Merchant transaction; price, stock, and barter setup need route validation",Adept vendor stock generally requires school skill 40 and inventory reset; validate per merchant later.,unknown,unknown,unknown,"Travel, cold, carry, restock, gold, and spell-learning timing deferred",source_listed_candidate,SN-000052-spell-tomes-and-learned-spells.md,Source-listed spell tome acquisition; final route source selection pending.
BOOKLOC-000958,OBJ-001006,Spell Tome: Lightning Cloak,spell_tome,dragonborn,Destruction,Skyrim,,The Pale,The White Hall,"Purchase from Madena in Dawnstar. Source note: Can be purchased from: Enthir, Faralda, Farengar Secret-Fire, Madena, Wuunferth the Unliving, Talvas Fathryon.","Merchant transaction; price, stock, and barter setup need route validation",Adept vendor stock generally requires school skill 40 and inventory reset; validate per merchant later.,unknown,unknown,unknown,"Travel, cold, carry, restock, gold, and spell-learning timing deferred",source_listed_candidate,SN-000052-spell-tomes-and-learned-spells.md,Source-listed spell tome acquisition; final route source selection pending.
BOOKLOC-000959,OBJ-001006,Spell Tome: Lightning Cloak,spell_tome,dragonborn,Destruction,Skyrim,,Eastmarch,Palace of the Kings,"Purchase from Wuunferth the Unliving in Windhelm. Source note: Can be purchased from: Enthir, Faralda, Farengar Secret-Fire, Madena, Wuunferth the Unliving, Talvas Fathryon.","Merchant transaction; price, stock, and barter setup need route validation",Adept vendor stock generally requires school skill 40 and inventory reset; validate per merchant later.,unknown,unknown,unknown,"Travel, cold, carry, restock, gold, and spell-learning timing deferred",source_listed_candidate,SN-000052-spell-tomes-and-learned-spells.md,Source-listed spell tome acquisition; final route source selection pending.
BOOKLOC-000960,OBJ-001006,Spell Tome: Lightning Cloak,spell_tome,dragonborn,Destruction,Solstheim,,,Tel Mithryn,"Purchase from Talvas Fathryon at Tel Mithryn. Source note: Can be purchased from: Enthir, Faralda, Farengar Secret-Fire, Madena, Wuunferth the Unliving, Talvas Fathryon.","Merchant transaction; price, stock, and barter setup need route validation",Adept vendor stock generally requires school skill 40 and inventory reset; validate per merchant later.,unknown,unknown,unknown,"Travel, cold, carry, restock, gold, and spell-learning timing deferred",source_listed_candidate,SN-000052-spell-tomes-and-learned-spells.md,Source-listed spell tome acquisition; final route source selection pending.
BOOKLOC-000961,OBJ-001006,Spell Tome: Lightning Cloak,spell_tome,base_game,Destruction,Skyrim,,,Random spell tome loot,Generic adept spell tome random loot source from boss chests and safes.,Random/container source; reliability and ownership not route-ready,Character level 23+ for adept random spell tome loot; route should prefer deterministic sources unless later validated.,unknown,unknown,unknown,"Travel, cold, carry, restock, gold, and spell-learning timing deferred",source_listed_candidate,SN-000052-spell-tomes-and-learned-spells.md,Generic random loot source from UESP spell tome location rules; not a deterministic route choice.
BOOKLOC-000962,OBJ-001007,Spell Tome: Whirlwind Cloak,spell_tome,dragonborn,Destruction,Solstheim,Tel Mithryn,,Tel Mithryn,"Purchase from Talvas Fathryon after completing Wind and Sand; if not immediately offered, wait for merchant restock or buy during the Books, Spells, and Documents vendor pass.",Merchant transaction; buy/read after the quest gate and vendor restock state are satisfied.,Wind and Sand complete | Talvas merchant restock if the tome is not immediately offered,none_known,unknown,unknown,Tel Mithryn vendor trip and restock timing may be paired with later vendor pass.,provisional_objective_representative,SN-000052-spell-tomes-and-learned-spells.md | SN-000217-tel-mithryn-research-radiants.md,TB-044 validates Talvas as the selected post-Wind-and-Sand vendor source.
BOOKLOC-000963,OBJ-001008,Spell Tome: Elemental Blast,spell_tome,ae_creation,Destruction,Skyrim,,,Hob's Fall Cave,Can be found in Hob's Fall Cave during The Lost Library quest.,,Open the Ancient Tome Chest during the routed Hob's Fall Cave pass; The Lost Library may not appear in the AE journal,none_known,none_known,none_known,Winterhold cold-road travel is handled by the Bards College instrument route; no vendor restock/gold requirement for this spell,provisional_objective_representative,SN-000052-spell-tomes-and-learned-spells.md | SN-000253-arcane-accessories-parent-closeout.md,Selected final-guide source for this Arcane Accessories spell; duplicate vendor/random sources are not required.
BOOKLOC-000964,OBJ-001008,Spell Tome: Elemental Blast,spell_tome,ae_creation,Destruction,Skyrim,,Winterhold,College of Winterhold,"Purchase from Enthir at the College of Winterhold. Source note: Can be purchased from: Enthir, Faralda, Talvas Fathryon.","Merchant transaction; price, stock, and barter setup need route validation",Vendor availability/restock timing needs route validation.,unknown,unknown,unknown,"Travel, cold, carry, restock, gold, and spell-learning timing deferred",source_listed_candidate,SN-000052-spell-tomes-and-learned-spells.md,Source-listed spell tome acquisition; final route source selection pending.
BOOKLOC-000965,OBJ-001008,Spell Tome: Elemental Blast,spell_tome,ae_creation,Destruction,Skyrim,,Winterhold,College of Winterhold,"Purchase from Faralda at the College of Winterhold. Source note: Can be purchased from: Enthir, Faralda, Talvas Fathryon.","Merchant transaction; price, stock, and barter setup need route validation",Vendor availability/restock timing needs route validation.,unknown,unknown,unknown,"Travel, cold, carry, restock, gold, and spell-learning timing deferred",source_listed_candidate,SN-000052-spell-tomes-and-learned-spells.md,Source-listed spell tome acquisition; final route source selection pending.
BOOKLOC-000966,OBJ-001008,Spell Tome: Elemental Blast,spell_tome,ae_creation,Destruction,Solstheim,,,Tel Mithryn,"Purchase from Talvas Fathryon at Tel Mithryn. Source note: Can be purchased from: Enthir, Faralda, Talvas Fathryon.","Merchant transaction; price, stock, and barter setup need route validation",Vendor availability/restock timing needs route validation.,unknown,unknown,unknown,"Travel, cold, carry, restock, gold, and spell-learning timing deferred",source_listed_candidate,SN-000052-spell-tomes-and-learned-spells.md,Source-listed spell tome acquisition; final route source selection pending.
BOOKLOC-000967,OBJ-001009,Spell Tome: Icy Spear,spell_tome,dragonborn,Destruction,Skyrim,,Winterhold,College of Winterhold,"Purchase from Enthir at the College of Winterhold. Source note: Can be purchased from: Enthir, Faralda, Talvas Fathryon.","Merchant transaction; price, stock, and barter setup need route validation",Expert vendor stock generally requires school skill 65 and inventory reset; validate per merchant later.,unknown,unknown,unknown,"Travel, cold, carry, restock, gold, and spell-learning timing deferred",provisional_objective_representative,SN-000052-spell-tomes-and-learned-spells.md,Source-listed spell tome acquisition; final route source selection pending.
BOOKLOC-000968,OBJ-001009,Spell Tome: Icy Spear,spell_tome,dragonborn,Destruction,Skyrim,,Winterhold,College of Winterhold,"Purchase from Faralda at the College of Winterhold. Source note: Can be purchased from: Enthir, Faralda, Talvas Fathryon.","Merchant transaction; price, stock, and barter setup need route validation",Expert vendor stock generally requires school skill 65 and inventory reset; validate per merchant later.,unknown,unknown,unknown,"Travel, cold, carry, restock, gold, and spell-learning timing deferred",source_listed_candidate,SN-000052-spell-tomes-and-learned-spells.md,Source-listed spell tome acquisition; final route source selection pending.
BOOKLOC-000969,OBJ-001009,Spell Tome: Icy Spear,spell_tome,dragonborn,Destruction,Solstheim,,,Tel Mithryn,"Purchase from Talvas Fathryon at Tel Mithryn. Source note: Can be purchased from: Enthir, Faralda, Talvas Fathryon.","Merchant transaction; price, stock, and barter setup need route validation",Expert vendor stock generally requires school skill 65 and inventory reset; validate per merchant later.,unknown,unknown,unknown,"Travel, cold, carry, restock, gold, and spell-learning timing deferred",source_listed_candidate,SN-000052-spell-tomes-and-learned-spells.md,Source-listed spell tome acquisition; final route source selection pending.
BOOKLOC-000970,OBJ-001009,Spell Tome: Icy Spear,spell_tome,base_game,Destruction,Skyrim,,,Random spell tome loot,Generic expert spell tome random loot source from boss chests and safes.,Random/container source; reliability and ownership not route-ready,Character level 35+ for expert random spell tome loot; route should prefer deterministic sources unless later validated.,unknown,unknown,possible,"Travel, cold, carry, restock, gold, and spell-learning timing deferred",source_listed_candidate,SN-000052-spell-tomes-and-learned-spells.md,Generic random loot source from UESP spell tome location rules; not a deterministic route choice.
BOOKLOC-000971,OBJ-001010,Spell Tome: Incinerate,spell_tome,dragonborn,Destruction,Skyrim,,Winterhold,College of Winterhold,"Purchase from Enthir at the College of Winterhold. Source note: Can be purchased from: Enthir, Faralda, Talvas Fathryon.","Merchant transaction; price, stock, and barter setup need route validation",Expert vendor stock generally requires school skill 65 and inventory reset; validate per merchant later.,unknown,unknown,unknown,"Travel, cold, carry, restock, gold, and spell-learning timing deferred",provisional_objective_representative,SN-000052-spell-tomes-and-learned-spells.md,Source-listed spell tome acquisition; final route source selection pending.
BOOKLOC-000972,OBJ-001010,Spell Tome: Incinerate,spell_tome,dragonborn,Destruction,Skyrim,,Winterhold,College of Winterhold,"Purchase from Faralda at the College of Winterhold. Source note: Can be purchased from: Enthir, Faralda, Talvas Fathryon.","Merchant transaction; price, stock, and barter setup need route validation",Expert vendor stock generally requires school skill 65 and inventory reset; validate per merchant later.,unknown,unknown,unknown,"Travel, cold, carry, restock, gold, and spell-learning timing deferred",source_listed_candidate,SN-000052-spell-tomes-and-learned-spells.md,Source-listed spell tome acquisition; final route source selection pending.
BOOKLOC-000973,OBJ-001010,Spell Tome: Incinerate,spell_tome,dragonborn,Destruction,Solstheim,,,Tel Mithryn,"Purchase from Talvas Fathryon at Tel Mithryn. Source note: Can be purchased from: Enthir, Faralda, Talvas Fathryon.","Merchant transaction; price, stock, and barter setup need route validation",Expert vendor stock generally requires school skill 65 and inventory reset; validate per merchant later.,unknown,unknown,unknown,"Travel, cold, carry, restock, gold, and spell-learning timing deferred",source_listed_candidate,SN-000052-spell-tomes-and-learned-spells.md,Source-listed spell tome acquisition; final route source selection pending.
BOOKLOC-000974,OBJ-001010,Spell Tome: Incinerate,spell_tome,base_game,Destruction,Skyrim,,,Random spell tome loot,Generic expert spell tome random loot source from boss chests and safes.,Random/container source; reliability and ownership not route-ready,Character level 35+ for expert random spell tome loot; route should prefer deterministic sources unless later validated.,unknown,unknown,possible,"Travel, cold, carry, restock, gold, and spell-learning timing deferred",source_listed_candidate,SN-000052-spell-tomes-and-learned-spells.md,Generic random loot source from UESP spell tome location rules; not a deterministic route choice.
BOOKLOC-000975,OBJ-001011,Spell Tome: Mara's Wrath,spell_tome,ae_creation,Destruction,Skyrim,,,Hob's Fall Cave,Can be found in Hob's Fall Cave during The Lost Library quest.,,Open the Ancient Tome Chest during the routed Hob's Fall Cave pass; The Lost Library may not appear in the AE journal,none_known,none_known,none_known,Winterhold cold-road travel is handled by the Bards College instrument route; no vendor restock/gold requirement for this spell,provisional_objective_representative,SN-000052-spell-tomes-and-learned-spells.md | SN-000253-arcane-accessories-parent-closeout.md,Selected final-guide source for this Arcane Accessories spell; duplicate vendor/random sources are not required.
BOOKLOC-000976,OBJ-001011,Spell Tome: Mara's Wrath,spell_tome,ae_creation,Destruction,Skyrim,,Winterhold,College of Winterhold,"Purchase from Enthir at the College of Winterhold. Source note: Can be purchased from: Enthir, Faralda, Talvas Fathryon.","Merchant transaction; price, stock, and barter setup need route validation",Vendor availability/restock timing needs route validation.,unknown,unknown,unknown,"Travel, cold, carry, restock, gold, and spell-learning timing deferred",source_listed_candidate,SN-000052-spell-tomes-and-learned-spells.md,Source-listed spell tome acquisition; final route source selection pending.
BOOKLOC-000977,OBJ-001011,Spell Tome: Mara's Wrath,spell_tome,ae_creation,Destruction,Skyrim,,Winterhold,College of Winterhold,"Purchase from Faralda at the College of Winterhold. Source note: Can be purchased from: Enthir, Faralda, Talvas Fathryon.","Merchant transaction; price, stock, and barter setup need route validation",Vendor availability/restock timing needs route validation.,unknown,unknown,unknown,"Travel, cold, carry, restock, gold, and spell-learning timing deferred",source_listed_candidate,SN-000052-spell-tomes-and-learned-spells.md,Source-listed spell tome acquisition; final route source selection pending.
BOOKLOC-000978,OBJ-001011,Spell Tome: Mara's Wrath,spell_tome,ae_creation,Destruction,Solstheim,,,Tel Mithryn,"Purchase from Talvas Fathryon at Tel Mithryn. Source note: Can be purchased from: Enthir, Faralda, Talvas Fathryon.","Merchant transaction; price, stock, and barter setup need route validation",Vendor availability/restock timing needs route validation.,unknown,unknown,unknown,"Travel, cold, carry, restock, gold, and spell-learning timing deferred",source_listed_candidate,SN-000052-spell-tomes-and-learned-spells.md,Source-listed spell tome acquisition; final route source selection pending.
BOOKLOC-000979,OBJ-001012,Spell Tome: Thunderbolt,spell_tome,dragonborn,Destruction,Skyrim,,Winterhold,College of Winterhold,"Purchase from Enthir at the College of Winterhold. Source note: Can be purchased from: Enthir, Faralda, Talvas Fathryon.","Merchant transaction; price, stock, and barter setup need route validation",Expert vendor stock generally requires school skill 65 and inventory reset; validate per merchant later.,unknown,unknown,unknown,"Travel, cold, carry, restock, gold, and spell-learning timing deferred",provisional_objective_representative,SN-000052-spell-tomes-and-learned-spells.md,Source-listed spell tome acquisition; final route source selection pending.
BOOKLOC-000980,OBJ-001012,Spell Tome: Thunderbolt,spell_tome,dragonborn,Destruction,Skyrim,,Winterhold,College of Winterhold,"Purchase from Faralda at the College of Winterhold. Source note: Can be purchased from: Enthir, Faralda, Talvas Fathryon.","Merchant transaction; price, stock, and barter setup need route validation",Expert vendor stock generally requires school skill 65 and inventory reset; validate per merchant later.,unknown,unknown,unknown,"Travel, cold, carry, restock, gold, and spell-learning timing deferred",source_listed_candidate,SN-000052-spell-tomes-and-learned-spells.md,Source-listed spell tome acquisition; final route source selection pending.
BOOKLOC-000981,OBJ-001012,Spell Tome: Thunderbolt,spell_tome,dragonborn,Destruction,Solstheim,,,Tel Mithryn,"Purchase from Talvas Fathryon at Tel Mithryn. Source note: Can be purchased from: Enthir, Faralda, Talvas Fathryon.","Merchant transaction; price, stock, and barter setup need route validation",Expert vendor stock generally requires school skill 65 and inventory reset; validate per merchant later.,unknown,unknown,unknown,"Travel, cold, carry, restock, gold, and spell-learning timing deferred",source_listed_candidate,SN-000052-spell-tomes-and-learned-spells.md,Source-listed spell tome acquisition; final route source selection pending.
BOOKLOC-000982,OBJ-001012,Spell Tome: Thunderbolt,spell_tome,base_game,Destruction,Skyrim,,,Random spell tome loot,Generic expert spell tome random loot source from boss chests and safes.,Random/container source; reliability and ownership not route-ready,Character level 35+ for expert random spell tome loot; route should prefer deterministic sources unless later validated.,unknown,unknown,possible,"Travel, cold, carry, restock, gold, and spell-learning timing deferred",source_listed_candidate,SN-000052-spell-tomes-and-learned-spells.md,Generic random loot source from UESP spell tome location rules; not a deterministic route choice.
BOOKLOC-000983,OBJ-001013,Spell Tome: Touch of Death,spell_tome,ae_creation,Destruction,Skyrim,,,Hob's Fall Cave,Can be found in Hob's Fall Cave during The Lost Library quest.,,Open the Ancient Tome Chest during the routed Hob's Fall Cave pass; The Lost Library may not appear in the AE journal,none_known,none_known,none_known,Winterhold cold-road travel is handled by the Bards College instrument route; no vendor restock/gold requirement for this spell,provisional_objective_representative,SN-000052-spell-tomes-and-learned-spells.md | SN-000253-arcane-accessories-parent-closeout.md,Selected final-guide source for this Arcane Accessories spell; duplicate vendor/random sources are not required.
BOOKLOC-000984,OBJ-001013,Spell Tome: Touch of Death,spell_tome,ae_creation,Destruction,Skyrim,,Winterhold,College of Winterhold,"Purchase from Enthir at the College of Winterhold. Source note: Can be purchased from: Enthir, Faralda, Talvas Fathryon.","Merchant transaction; price, stock, and barter setup need route validation",Vendor availability/restock timing needs route validation.,unknown,unknown,unknown,"Travel, cold, carry, restock, gold, and spell-learning timing deferred",source_listed_candidate,SN-000052-spell-tomes-and-learned-spells.md,Source-listed spell tome acquisition; final route source selection pending.
BOOKLOC-000985,OBJ-001013,Spell Tome: Touch of Death,spell_tome,ae_creation,Destruction,Skyrim,,Winterhold,College of Winterhold,"Purchase from Faralda at the College of Winterhold. Source note: Can be purchased from: Enthir, Faralda, Talvas Fathryon.","Merchant transaction; price, stock, and barter setup need route validation",Vendor availability/restock timing needs route validation.,unknown,unknown,unknown,"Travel, cold, carry, restock, gold, and spell-learning timing deferred",source_listed_candidate,SN-000052-spell-tomes-and-learned-spells.md,Source-listed spell tome acquisition; final route source selection pending.
BOOKLOC-000986,OBJ-001013,Spell Tome: Touch of Death,spell_tome,ae_creation,Destruction,Solstheim,,,Tel Mithryn,"Purchase from Talvas Fathryon at Tel Mithryn. Source note: Can be purchased from: Enthir, Faralda, Talvas Fathryon.","Merchant transaction; price, stock, and barter setup need route validation",Vendor availability/restock timing needs route validation.,unknown,unknown,unknown,"Travel, cold, carry, restock, gold, and spell-learning timing deferred",source_listed_candidate,SN-000052-spell-tomes-and-learned-spells.md,Source-listed spell tome acquisition; final route source selection pending.
BOOKLOC-000987,OBJ-001014,Spell Tome: Unbounded Flames,spell_tome,ae_creation,Destruction,Skyrim,,,Hob's Fall Cave,Can be found in Hob's Fall Cave during The Lost Library quest.,,Open the Ancient Tome Chest during the routed Hob's Fall Cave pass; The Lost Library may not appear in the AE journal,none_known,none_known,none_known,Winterhold cold-road travel is handled by the Bards College instrument route; no vendor restock/gold requirement for this spell,provisional_objective_representative,SN-000052-spell-tomes-and-learned-spells.md | SN-000253-arcane-accessories-parent-closeout.md,Selected final-guide source for this Arcane Accessories spell; duplicate vendor/random sources are not required.
BOOKLOC-000988,OBJ-001014,Spell Tome: Unbounded Flames,spell_tome,ae_creation,Destruction,Skyrim,,Winterhold,College of Winterhold,Purchase from Faralda at the College of Winterhold. Source note: Can be purchased from: Faralda (only after Destruction Ritual Spell has been completed).,"Merchant transaction; price, stock, and barter setup need route validation",Can be purchased from: Faralda (only after Destruction Ritual Spell has been completed) | Vendor availability/restock timing needs route validation.,unknown,unknown,unknown,"Travel, cold, carry, restock, gold, and spell-learning timing deferred",source_listed_candidate,SN-000052-spell-tomes-and-learned-spells.md,Source-listed spell tome acquisition; final route source selection pending.
BOOKLOC-000989,OBJ-001015,Spell Tome: Unbounded Freezing,spell_tome,ae_creation,Destruction,Skyrim,,,Hob's Fall Cave,Can be found in Hob's Fall Cave during The Lost Library quest.,,Open the Ancient Tome Chest during the routed Hob's Fall Cave pass; The Lost Library may not appear in the AE journal,none_known,none_known,none_known,Winterhold cold-road travel is handled by the Bards College instrument route; no vendor restock/gold requirement for this spell,provisional_objective_representative,SN-000052-spell-tomes-and-learned-spells.md | SN-000253-arcane-accessories-parent-closeout.md,Selected final-guide source for this Arcane Accessories spell; duplicate vendor/random sources are not required.
BOOKLOC-000990,OBJ-001015,Spell Tome: Unbounded Freezing,spell_tome,ae_creation,Destruction,Skyrim,,Winterhold,College of Winterhold,Purchase from Faralda at the College of Winterhold. Source note: Can be purchased from: Faralda (only after Destruction Ritual Spell has been completed).,"Merchant transaction; price, stock, and barter setup need route validation",Can be purchased from: Faralda (only after Destruction Ritual Spell has been completed) | Vendor availability/restock timing needs route validation.,unknown,unknown,unknown,"Travel, cold, carry, restock, gold, and spell-learning timing deferred",source_listed_candidate,SN-000052-spell-tomes-and-learned-spells.md,Source-listed spell tome acquisition; final route source selection pending.
BOOKLOC-000991,OBJ-001016,Spell Tome: Unbounded Storms,spell_tome,ae_creation,Destruction,Skyrim,,,Hob's Fall Cave,Can be found in Hob's Fall Cave during The Lost Library quest.,,Open the Ancient Tome Chest during the routed Hob's Fall Cave pass; The Lost Library may not appear in the AE journal,none_known,none_known,none_known,Winterhold cold-road travel is handled by the Bards College instrument route; no vendor restock/gold requirement for this spell,provisional_objective_representative,SN-000052-spell-tomes-and-learned-spells.md | SN-000253-arcane-accessories-parent-closeout.md,Selected final-guide source for this Arcane Accessories spell; duplicate vendor/random sources are not required.
BOOKLOC-000992,OBJ-001016,Spell Tome: Unbounded Storms,spell_tome,ae_creation,Destruction,Skyrim,,Winterhold,College of Winterhold,Purchase from Faralda at the College of Winterhold. Source note: Can be purchased from: Faralda (only after Destruction Ritual Spell has been completed).,"Merchant transaction; price, stock, and barter setup need route validation",Can be purchased from: Faralda (only after Destruction Ritual Spell has been completed) | Vendor availability/restock timing needs route validation.,unknown,unknown,unknown,"Travel, cold, carry, restock, gold, and spell-learning timing deferred",source_listed_candidate,SN-000052-spell-tomes-and-learned-spells.md,Source-listed spell tome acquisition; final route source selection pending.
BOOKLOC-000993,OBJ-001017,Spell Tome: Wall of Flames,spell_tome,dragonborn,Destruction,Skyrim,,Winterhold,College of Winterhold,"Purchase from Enthir at the College of Winterhold. Source note: Can be purchased from: Enthir, Faralda, Talvas Fathryon.","Merchant transaction; price, stock, and barter setup need route validation",Expert vendor stock generally requires school skill 65 and inventory reset; validate per merchant later.,unknown,unknown,unknown,"Travel, cold, carry, restock, gold, and spell-learning timing deferred",provisional_objective_representative,SN-000052-spell-tomes-and-learned-spells.md,Source-listed spell tome acquisition; final route source selection pending.
BOOKLOC-000994,OBJ-001017,Spell Tome: Wall of Flames,spell_tome,dragonborn,Destruction,Skyrim,,Winterhold,College of Winterhold,"Purchase from Faralda at the College of Winterhold. Source note: Can be purchased from: Enthir, Faralda, Talvas Fathryon.","Merchant transaction; price, stock, and barter setup need route validation",Expert vendor stock generally requires school skill 65 and inventory reset; validate per merchant later.,unknown,unknown,unknown,"Travel, cold, carry, restock, gold, and spell-learning timing deferred",source_listed_candidate,SN-000052-spell-tomes-and-learned-spells.md,Source-listed spell tome acquisition; final route source selection pending.
BOOKLOC-000995,OBJ-001017,Spell Tome: Wall of Flames,spell_tome,dragonborn,Destruction,Solstheim,,,Tel Mithryn,"Purchase from Talvas Fathryon at Tel Mithryn. Source note: Can be purchased from: Enthir, Faralda, Talvas Fathryon.","Merchant transaction; price, stock, and barter setup need route validation",Expert vendor stock generally requires school skill 65 and inventory reset; validate per merchant later.,unknown,unknown,unknown,"Travel, cold, carry, restock, gold, and spell-learning timing deferred",source_listed_candidate,SN-000052-spell-tomes-and-learned-spells.md,Source-listed spell tome acquisition; final route source selection pending.
BOOKLOC-000996,OBJ-001017,Spell Tome: Wall of Flames,spell_tome,base_game,Destruction,Skyrim,,,Random spell tome loot,Generic expert spell tome random loot source from boss chests and safes.,Random/container source; reliability and ownership not route-ready,Character level 35+ for expert random spell tome loot; route should prefer deterministic sources unless later validated.,unknown,unknown,possible,"Travel, cold, carry, restock, gold, and spell-learning timing deferred",source_listed_candidate,SN-000052-spell-tomes-and-learned-spells.md,Generic random loot source from UESP spell tome location rules; not a deterministic route choice.
BOOKLOC-000997,OBJ-001018,Spell Tome: Wall of Frost,spell_tome,dragonborn,Destruction,Skyrim,,Winterhold,College of Winterhold,"Purchase from Enthir at the College of Winterhold. Source note: Can be purchased from: Enthir, Faralda, Talvas Fathryon.","Merchant transaction; price, stock, and barter setup need route validation",Expert vendor stock generally requires school skill 65 and inventory reset; validate per merchant later.,unknown,unknown,unknown,"Travel, cold, carry, restock, gold, and spell-learning timing deferred",provisional_objective_representative,SN-000052-spell-tomes-and-learned-spells.md,Source-listed spell tome acquisition; final route source selection pending.
BOOKLOC-000998,OBJ-001018,Spell Tome: Wall of Frost,spell_tome,dragonborn,Destruction,Skyrim,,Winterhold,College of Winterhold,"Purchase from Faralda at the College of Winterhold. Source note: Can be purchased from: Enthir, Faralda, Talvas Fathryon.","Merchant transaction; price, stock, and barter setup need route validation",Expert vendor stock generally requires school skill 65 and inventory reset; validate per merchant later.,unknown,unknown,unknown,"Travel, cold, carry, restock, gold, and spell-learning timing deferred",source_listed_candidate,SN-000052-spell-tomes-and-learned-spells.md,Source-listed spell tome acquisition; final route source selection pending.
BOOKLOC-000999,OBJ-001018,Spell Tome: Wall of Frost,spell_tome,dragonborn,Destruction,Solstheim,,,Tel Mithryn,"Purchase from Talvas Fathryon at Tel Mithryn. Source note: Can be purchased from: Enthir, Faralda, Talvas Fathryon.","Merchant transaction; price, stock, and barter setup need route validation",Expert vendor stock generally requires school skill 65 and inventory reset; validate per merchant later.,unknown,unknown,unknown,"Travel, cold, carry, restock, gold, and spell-learning timing deferred",source_listed_candidate,SN-000052-spell-tomes-and-learned-spells.md,Source-listed spell tome acquisition; final route source selection pending.
BOOKLOC-001000,OBJ-001018,Spell Tome: Wall of Frost,spell_tome,base_game,Destruction,Skyrim,,,Random spell tome loot,Generic expert spell tome random loot source from boss chests and safes.,Random/container source; reliability and ownership not route-ready,Character level 35+ for expert random spell tome loot; route should prefer deterministic sources unless later validated.,unknown,unknown,possible,"Travel, cold, carry, restock, gold, and spell-learning timing deferred",source_listed_candidate,SN-000052-spell-tomes-and-learned-spells.md,Generic random loot source from UESP spell tome location rules; not a deterministic route choice.
BOOKLOC-001001,OBJ-001019,Spell Tome: Wall of Storms,spell_tome,dragonborn,Destruction,Skyrim,,Winterhold,College of Winterhold,"Purchase from Enthir at the College of Winterhold. Source note: Can be purchased from: Enthir, Faralda, Talvas Fathryon.","Merchant transaction; price, stock, and barter setup need route validation",Expert vendor stock generally requires school skill 65 and inventory reset; validate per merchant later.,unknown,unknown,unknown,"Travel, cold, carry, restock, gold, and spell-learning timing deferred",provisional_objective_representative,SN-000052-spell-tomes-and-learned-spells.md,Source-listed spell tome acquisition; final route source selection pending.
BOOKLOC-001002,OBJ-001019,Spell Tome: Wall of Storms,spell_tome,dragonborn,Destruction,Skyrim,,Winterhold,College of Winterhold,"Purchase from Faralda at the College of Winterhold. Source note: Can be purchased from: Enthir, Faralda, Talvas Fathryon.","Merchant transaction; price, stock, and barter setup need route validation",Expert vendor stock generally requires school skill 65 and inventory reset; validate per merchant later.,unknown,unknown,unknown,"Travel, cold, carry, restock, gold, and spell-learning timing deferred",source_listed_candidate,SN-000052-spell-tomes-and-learned-spells.md,Source-listed spell tome acquisition; final route source selection pending.
BOOKLOC-001003,OBJ-001019,Spell Tome: Wall of Storms,spell_tome,dragonborn,Destruction,Solstheim,,,Tel Mithryn,"Purchase from Talvas Fathryon at Tel Mithryn. Source note: Can be purchased from: Enthir, Faralda, Talvas Fathryon.","Merchant transaction; price, stock, and barter setup need route validation",Expert vendor stock generally requires school skill 65 and inventory reset; validate per merchant later.,unknown,unknown,unknown,"Travel, cold, carry, restock, gold, and spell-learning timing deferred",source_listed_candidate,SN-000052-spell-tomes-and-learned-spells.md,Source-listed spell tome acquisition; final route source selection pending.
BOOKLOC-001004,OBJ-001019,Spell Tome: Wall of Storms,spell_tome,base_game,Destruction,Skyrim,,,Random spell tome loot,Generic expert spell tome random loot source from boss chests and safes.,Random/container source; reliability and ownership not route-ready,Character level 35+ for expert random spell tome loot; route should prefer deterministic sources unless later validated.,unknown,unknown,possible,"Travel, cold, carry, restock, gold, and spell-learning timing deferred",source_listed_candidate,SN-000052-spell-tomes-and-learned-spells.md,Generic random loot source from UESP spell tome location rules; not a deterministic route choice.
BOOKLOC-001005,OBJ-001020,Spell Tome: Blizzard,spell_tome,base_game,Destruction,Skyrim,,Winterhold,College of Winterhold,Purchase from Faralda at the College of Winterhold. Source note: Can be purchased from: Faralda (only after Destruction Ritual Spell has been completed).,"Merchant transaction; price, stock, and barter setup need route validation",Can be purchased from: Faralda (only after Destruction Ritual Spell has been completed) | Master tome purchase requires the relevant ritual spell quest; validate ritual completion timing later.,unknown,unknown,unknown,"Travel, cold, carry, restock, gold, and spell-learning timing deferred",provisional_objective_representative,SN-000052-spell-tomes-and-learned-spells.md,Source-listed spell tome acquisition; final route source selection pending.
BOOKLOC-001006,OBJ-001021,Spell Tome: Fire Storm,spell_tome,base_game,Destruction,Skyrim,,,Destruction Ritual Spell,Reward for quest Destruction Ritual Spell.,,Reward for quest Destruction Ritual Spell,unknown,unknown,unknown,"Travel, cold, carry, restock, gold, and spell-learning timing deferred",provisional_objective_representative,SN-000052-spell-tomes-and-learned-spells.md,Source-listed spell tome acquisition; final route source selection pending.
BOOKLOC-001007,OBJ-001022,Spell Tome: Lightning Storm,spell_tome,base_game,Destruction,Skyrim,,Winterhold,College of Winterhold,Purchase from Faralda at the College of Winterhold. Source note: Can be purchased from: Faralda (only after Destruction Ritual Spell has been completed).,"Merchant transaction; price, stock, and barter setup need route validation",Can be purchased from: Faralda (only after Destruction Ritual Spell has been completed) | Master tome purchase requires the relevant ritual spell quest; validate ritual completion timing later.,unknown,unknown,unknown,"Travel, cold, carry, restock, gold, and spell-learning timing deferred",provisional_objective_representative,SN-000052-spell-tomes-and-learned-spells.md,Source-listed spell tome acquisition; final route source selection pending.
BOOKLOC-001008,OBJ-001023,Spell Tome: Clairvoyance,spell_tome,base_game,Illusion,Skyrim,,The Reach,Understone Keep,"Purchase from Calcelmo in Markarth. Source note: Can be purchased from: Calcelmo, Drevis Neloren, Falion, Farengar Secret-Fire, Madena, Nelacar, Riverwood Trader, Sybille Stentor, Wuunferth the Unliving, Wylandriah.","Merchant transaction; price, stock, and barter setup need route validation",Vendor availability/restock timing needs route validation.,unknown,unknown,unknown,"Travel, cold, carry, restock, gold, and spell-learning timing deferred",provisional_objective_representative,SN-000052-spell-tomes-and-learned-spells.md,Source-listed spell tome acquisition; final route source selection pending.
BOOKLOC-001009,OBJ-001023,Spell Tome: Clairvoyance,spell_tome,base_game,Illusion,Skyrim,,Winterhold,College of Winterhold,"Purchase from Drevis Neloren at the College of Winterhold. Source note: Can be purchased from: Calcelmo, Drevis Neloren, Falion, Farengar Secret-Fire, Madena, Nelacar, Riverwood Trader, Sybille Stentor, Wuunferth the Unliving, Wylandriah.","Merchant transaction; price, stock, and barter setup need route validation",Vendor availability/restock timing needs route validation.,unknown,unknown,unknown,"Travel, cold, carry, restock, gold, and spell-learning timing deferred",source_listed_candidate,SN-000052-spell-tomes-and-learned-spells.md,Source-listed spell tome acquisition; final route source selection pending.
BOOKLOC-001010,OBJ-001023,Spell Tome: Clairvoyance,spell_tome,base_game,Illusion,Skyrim,,Hjaalmarch,Morthal,"Purchase from Falion in Morthal. Source note: Can be purchased from: Calcelmo, Drevis Neloren, Falion, Farengar Secret-Fire, Madena, Nelacar, Riverwood Trader, Sybille Stentor, Wuunferth the Unliving, Wylandriah.","Merchant transaction; price, stock, and barter setup need route validation",Vendor availability/restock timing needs route validation.,unknown,unknown,unknown,"Travel, cold, carry, restock, gold, and spell-learning timing deferred",source_listed_candidate,SN-000052-spell-tomes-and-learned-spells.md,Source-listed spell tome acquisition; final route source selection pending.
BOOKLOC-001011,OBJ-001023,Spell Tome: Clairvoyance,spell_tome,base_game,Illusion,Skyrim,,Whiterun Hold,Dragonsreach,"Purchase from Farengar Secret-Fire in Whiterun. Source note: Can be purchased from: Calcelmo, Drevis Neloren, Falion, Farengar Secret-Fire, Madena, Nelacar, Riverwood Trader, Sybille Stentor, Wuunferth the Unliving, Wylandriah.","Merchant transaction; price, stock, and barter setup need route validation",Vendor availability/restock timing needs route validation.,unknown,unknown,unknown,"Travel, cold, carry, restock, gold, and spell-learning timing deferred",source_listed_candidate,SN-000052-spell-tomes-and-learned-spells.md,Source-listed spell tome acquisition; final route source selection pending.
BOOKLOC-001012,OBJ-001023,Spell Tome: Clairvoyance,spell_tome,base_game,Illusion,Skyrim,,The Pale,The White Hall,"Purchase from Madena in Dawnstar. Source note: Can be purchased from: Calcelmo, Drevis Neloren, Falion, Farengar Secret-Fire, Madena, Nelacar, Riverwood Trader, Sybille Stentor, Wuunferth the Unliving, Wylandriah.","Merchant transaction; price, stock, and barter setup need route validation",Vendor availability/restock timing needs route validation.,unknown,unknown,unknown,"Travel, cold, carry, restock, gold, and spell-learning timing deferred",source_listed_candidate,SN-000052-spell-tomes-and-learned-spells.md,Source-listed spell tome acquisition; final route source selection pending.
BOOKLOC-001013,OBJ-001023,Spell Tome: Clairvoyance,spell_tome,base_game,Illusion,Skyrim,,Winterhold,The Frozen Hearth,"Purchase from Nelacar in Winterhold. Source note: Can be purchased from: Calcelmo, Drevis Neloren, Falion, Farengar Secret-Fire, Madena, Nelacar, Riverwood Trader, Sybille Stentor, Wuunferth the Unliving, Wylandriah.","Merchant transaction; price, stock, and barter setup need route validation",Vendor availability/restock timing needs route validation.,unknown,unknown,unknown,"Travel, cold, carry, restock, gold, and spell-learning timing deferred",source_listed_candidate,SN-000052-spell-tomes-and-learned-spells.md,Source-listed spell tome acquisition; final route source selection pending.
BOOKLOC-001014,OBJ-001023,Spell Tome: Clairvoyance,spell_tome,base_game,Illusion,Skyrim,,Whiterun Hold,Riverwood Trader,"Purchase from the Riverwood Trader. Source note: Can be purchased from: Calcelmo, Drevis Neloren, Falion, Farengar Secret-Fire, Madena, Nelacar, Riverwood Trader, Sybille Stentor, Wuunferth the Unliving, Wylandriah.","Merchant transaction; price, stock, and barter setup need route validation",Vendor availability/restock timing needs route validation.,unknown,unknown,unknown,"Travel, cold, carry, restock, gold, and spell-learning timing deferred",source_listed_candidate,SN-000052-spell-tomes-and-learned-spells.md,Source-listed spell tome acquisition; final route source selection pending.
BOOKLOC-001015,OBJ-001023,Spell Tome: Clairvoyance,spell_tome,base_game,Illusion,Skyrim,,Haafingar,Blue Palace,"Purchase from Sybille Stentor in Solitude. Source note: Can be purchased from: Calcelmo, Drevis Neloren, Falion, Farengar Secret-Fire, Madena, Nelacar, Riverwood Trader, Sybille Stentor, Wuunferth the Unliving, Wylandriah.","Merchant transaction; price, stock, and barter setup need route validation",Vendor availability/restock timing needs route validation.,unknown,unknown,unknown,"Travel, cold, carry, restock, gold, and spell-learning timing deferred",source_listed_candidate,SN-000052-spell-tomes-and-learned-spells.md,Source-listed spell tome acquisition; final route source selection pending.
BOOKLOC-001016,OBJ-001023,Spell Tome: Clairvoyance,spell_tome,base_game,Illusion,Skyrim,,Eastmarch,Palace of the Kings,"Purchase from Wuunferth the Unliving in Windhelm. Source note: Can be purchased from: Calcelmo, Drevis Neloren, Falion, Farengar Secret-Fire, Madena, Nelacar, Riverwood Trader, Sybille Stentor, Wuunferth the Unliving, Wylandriah.","Merchant transaction; price, stock, and barter setup need route validation",Vendor availability/restock timing needs route validation.,unknown,unknown,unknown,"Travel, cold, carry, restock, gold, and spell-learning timing deferred",source_listed_candidate,SN-000052-spell-tomes-and-learned-spells.md,Source-listed spell tome acquisition; final route source selection pending.
BOOKLOC-001017,OBJ-001023,Spell Tome: Clairvoyance,spell_tome,base_game,Illusion,Skyrim,,The Rift,Mistveil Keep,"Purchase from Wylandriah in Riften. Source note: Can be purchased from: Calcelmo, Drevis Neloren, Falion, Farengar Secret-Fire, Madena, Nelacar, Riverwood Trader, Sybille Stentor, Wuunferth the Unliving, Wylandriah.","Merchant transaction; price, stock, and barter setup need route validation",Vendor availability/restock timing needs route validation.,unknown,unknown,unknown,"Travel, cold, carry, restock, gold, and spell-learning timing deferred",source_listed_candidate,SN-000052-spell-tomes-and-learned-spells.md,Source-listed spell tome acquisition; final route source selection pending.
BOOKLOC-001018,OBJ-001023,Spell Tome: Clairvoyance,spell_tome,base_game,Illusion,Skyrim,,,Embershard Mine,Can be found in Embershard Mine.,Loot/access status needs route validation,,unknown,unknown,unknown,"Travel, cold, carry, restock, gold, and spell-learning timing deferred",source_listed_candidate,SN-000052-spell-tomes-and-learned-spells.md,Source-listed spell tome acquisition; final route source selection pending.
BOOKLOC-001019,OBJ-001023,Spell Tome: Clairvoyance,spell_tome,base_game,Illusion,Skyrim,,,Random spell tome loot,Generic novice spell tome random loot source from boss chests and safes.,Random/container source; reliability and ownership not route-ready,Character level 1+ for novice random spell tome loot; route should prefer deterministic sources unless later validated.,unknown,unknown,unknown,"Travel, cold, carry, restock, gold, and spell-learning timing deferred",source_listed_candidate,SN-000052-spell-tomes-and-learned-spells.md,Generic random loot source from UESP spell tome location rules; not a deterministic route choice.
BOOKLOC-001020,OBJ-001024,Spell Tome: Courage,spell_tome,base_game,Illusion,Skyrim,,The Reach,Understone Keep,"Purchase from Calcelmo in Markarth. Source note: Can be purchased from: Calcelmo, Drevis Neloren, Falion, Farengar Secret-Fire, Madena, Nelacar, Sybille Stentor, Wuunferth the Unliving, Wylandriah.","Merchant transaction; price, stock, and barter setup need route validation",Vendor availability/restock timing needs route validation.,unknown,unknown,unknown,"Travel, cold, carry, restock, gold, and spell-learning timing deferred",provisional_objective_representative,SN-000052-spell-tomes-and-learned-spells.md,Source-listed spell tome acquisition; final route source selection pending.
BOOKLOC-001021,OBJ-001024,Spell Tome: Courage,spell_tome,base_game,Illusion,Skyrim,,Winterhold,College of Winterhold,"Purchase from Drevis Neloren at the College of Winterhold. Source note: Can be purchased from: Calcelmo, Drevis Neloren, Falion, Farengar Secret-Fire, Madena, Nelacar, Sybille Stentor, Wuunferth the Unliving, Wylandriah.","Merchant transaction; price, stock, and barter setup need route validation",Vendor availability/restock timing needs route validation.,unknown,unknown,unknown,"Travel, cold, carry, restock, gold, and spell-learning timing deferred",source_listed_candidate,SN-000052-spell-tomes-and-learned-spells.md,Source-listed spell tome acquisition; final route source selection pending.
BOOKLOC-001022,OBJ-001024,Spell Tome: Courage,spell_tome,base_game,Illusion,Skyrim,,Hjaalmarch,Morthal,"Purchase from Falion in Morthal. Source note: Can be purchased from: Calcelmo, Drevis Neloren, Falion, Farengar Secret-Fire, Madena, Nelacar, Sybille Stentor, Wuunferth the Unliving, Wylandriah.","Merchant transaction; price, stock, and barter setup need route validation",Vendor availability/restock timing needs route validation.,unknown,unknown,unknown,"Travel, cold, carry, restock, gold, and spell-learning timing deferred",source_listed_candidate,SN-000052-spell-tomes-and-learned-spells.md,Source-listed spell tome acquisition; final route source selection pending.
BOOKLOC-001023,OBJ-001024,Spell Tome: Courage,spell_tome,base_game,Illusion,Skyrim,,Whiterun Hold,Dragonsreach,"Purchase from Farengar Secret-Fire in Whiterun. Source note: Can be purchased from: Calcelmo, Drevis Neloren, Falion, Farengar Secret-Fire, Madena, Nelacar, Sybille Stentor, Wuunferth the Unliving, Wylandriah.","Merchant transaction; price, stock, and barter setup need route validation",Vendor availability/restock timing needs route validation.,unknown,unknown,unknown,"Travel, cold, carry, restock, gold, and spell-learning timing deferred",source_listed_candidate,SN-000052-spell-tomes-and-learned-spells.md,Source-listed spell tome acquisition; final route source selection pending.
BOOKLOC-001024,OBJ-001024,Spell Tome: Courage,spell_tome,base_game,Illusion,Skyrim,,The Pale,The White Hall,"Purchase from Madena in Dawnstar. Source note: Can be purchased from: Calcelmo, Drevis Neloren, Falion, Farengar Secret-Fire, Madena, Nelacar, Sybille Stentor, Wuunferth the Unliving, Wylandriah.","Merchant transaction; price, stock, and barter setup need route validation",Vendor availability/restock timing needs route validation.,unknown,unknown,unknown,"Travel, cold, carry, restock, gold, and spell-learning timing deferred",source_listed_candidate,SN-000052-spell-tomes-and-learned-spells.md,Source-listed spell tome acquisition; final route source selection pending.
BOOKLOC-001025,OBJ-001024,Spell Tome: Courage,spell_tome,base_game,Illusion,Skyrim,,Winterhold,The Frozen Hearth,"Purchase from Nelacar in Winterhold. Source note: Can be purchased from: Calcelmo, Drevis Neloren, Falion, Farengar Secret-Fire, Madena, Nelacar, Sybille Stentor, Wuunferth the Unliving, Wylandriah.","Merchant transaction; price, stock, and barter setup need route validation",Vendor availability/restock timing needs route validation.,unknown,unknown,unknown,"Travel, cold, carry, restock, gold, and spell-learning timing deferred",source_listed_candidate,SN-000052-spell-tomes-and-learned-spells.md,Source-listed spell tome acquisition; final route source selection pending.
BOOKLOC-001026,OBJ-001024,Spell Tome: Courage,spell_tome,base_game,Illusion,Skyrim,,Haafingar,Blue Palace,"Purchase from Sybille Stentor in Solitude. Source note: Can be purchased from: Calcelmo, Drevis Neloren, Falion, Farengar Secret-Fire, Madena, Nelacar, Sybille Stentor, Wuunferth the Unliving, Wylandriah.","Merchant transaction; price, stock, and barter setup need route validation",Vendor availability/restock timing needs route validation.,unknown,unknown,unknown,"Travel, cold, carry, restock, gold, and spell-learning timing deferred",source_listed_candidate,SN-000052-spell-tomes-and-learned-spells.md,Source-listed spell tome acquisition; final route source selection pending.
BOOKLOC-001027,OBJ-001024,Spell Tome: Courage,spell_tome,base_game,Illusion,Skyrim,,Eastmarch,Palace of the Kings,"Purchase from Wuunferth the Unliving in Windhelm. Source note: Can be purchased from: Calcelmo, Drevis Neloren, Falion, Farengar Secret-Fire, Madena, Nelacar, Sybille Stentor, Wuunferth the Unliving, Wylandriah.","Merchant transaction; price, stock, and barter setup need route validation",Vendor availability/restock timing needs route validation.,unknown,unknown,unknown,"Travel, cold, carry, restock, gold, and spell-learning timing deferred",source_listed_candidate,SN-000052-spell-tomes-and-learned-spells.md,Source-listed spell tome acquisition; final route source selection pending.
BOOKLOC-001028,OBJ-001024,Spell Tome: Courage,spell_tome,base_game,Illusion,Skyrim,,The Rift,Mistveil Keep,"Purchase from Wylandriah in Riften. Source note: Can be purchased from: Calcelmo, Drevis Neloren, Falion, Farengar Secret-Fire, Madena, Nelacar, Sybille Stentor, Wuunferth the Unliving, Wylandriah.","Merchant transaction; price, stock, and barter setup need route validation",Vendor availability/restock timing needs route validation.,unknown,unknown,unknown,"Travel, cold, carry, restock, gold, and spell-learning timing deferred",source_listed_candidate,SN-000052-spell-tomes-and-learned-spells.md,Source-listed spell tome acquisition; final route source selection pending.
BOOKLOC-001029,OBJ-001024,Spell Tome: Courage,spell_tome,base_game,Illusion,Skyrim,,,Treva's Watch,Can be found in Treva's Watch.,Loot/access status needs route validation,,unknown,unknown,unknown,"Travel, cold, carry, restock, gold, and spell-learning timing deferred",source_listed_candidate,SN-000052-spell-tomes-and-learned-spells.md,Source-listed spell tome acquisition; final route source selection pending.
BOOKLOC-001030,OBJ-001024,Spell Tome: Courage,spell_tome,base_game,Illusion,Skyrim,,,Random spell tome loot,Generic novice spell tome random loot source from boss chests and safes.,Random/container source; reliability and ownership not route-ready,Character level 1+ for novice random spell tome loot; route should prefer deterministic sources unless later validated.,unknown,unknown,unknown,"Travel, cold, carry, restock, gold, and spell-learning timing deferred",source_listed_candidate,SN-000052-spell-tomes-and-learned-spells.md,Generic random loot source from UESP spell tome location rules; not a deterministic route choice.
BOOKLOC-001031,OBJ-001025,Spell Tome: Fury,spell_tome,base_game,Illusion,Skyrim,,,Character creation / starting spell,Altmer start with this spell.,,,unknown,none_known,unknown,"Travel, cold, carry, restock, gold, and spell-learning timing deferred",provisional_objective_representative,SN-000052-spell-tomes-and-learned-spells.md,Source-listed spell tome acquisition; final route source selection pending.
BOOKLOC-001032,OBJ-001025,Spell Tome: Fury,spell_tome,base_game,Illusion,Skyrim,,The Reach,Understone Keep,"Purchase from Calcelmo in Markarth. Source note: Can be purchased from: Calcelmo, Drevis Neloren, Falion, Farengar Secret-Fire, Madena, Nelacar, Riverwood Trader, Sybille Stentor, Wuunferth the Unliving, Wylandriah.","Merchant transaction; price, stock, and barter setup need route validation",Vendor availability/restock timing needs route validation.,unknown,unknown,unknown,"Travel, cold, carry, restock, gold, and spell-learning timing deferred",source_listed_candidate,SN-000052-spell-tomes-and-learned-spells.md,Source-listed spell tome acquisition; final route source selection pending.
BOOKLOC-001033,OBJ-001025,Spell Tome: Fury,spell_tome,base_game,Illusion,Skyrim,,Winterhold,College of Winterhold,"Purchase from Drevis Neloren at the College of Winterhold. Source note: Can be purchased from: Calcelmo, Drevis Neloren, Falion, Farengar Secret-Fire, Madena, Nelacar, Riverwood Trader, Sybille Stentor, Wuunferth the Unliving, Wylandriah.","Merchant transaction; price, stock, and barter setup need route validation",Vendor availability/restock timing needs route validation.,unknown,unknown,unknown,"Travel, cold, carry, restock, gold, and spell-learning timing deferred",source_listed_candidate,SN-000052-spell-tomes-and-learned-spells.md,Source-listed spell tome acquisition; final route source selection pending.
BOOKLOC-001034,OBJ-001025,Spell Tome: Fury,spell_tome,base_game,Illusion,Skyrim,,Hjaalmarch,Morthal,"Purchase from Falion in Morthal. Source note: Can be purchased from: Calcelmo, Drevis Neloren, Falion, Farengar Secret-Fire, Madena, Nelacar, Riverwood Trader, Sybille Stentor, Wuunferth the Unliving, Wylandriah.","Merchant transaction; price, stock, and barter setup need route validation",Vendor availability/restock timing needs route validation.,unknown,unknown,unknown,"Travel, cold, carry, restock, gold, and spell-learning timing deferred",source_listed_candidate,SN-000052-spell-tomes-and-learned-spells.md,Source-listed spell tome acquisition; final route source selection pending.
BOOKLOC-001035,OBJ-001025,Spell Tome: Fury,spell_tome,base_game,Illusion,Skyrim,,Whiterun Hold,Dragonsreach,"Purchase from Farengar Secret-Fire in Whiterun. Source note: Can be purchased from: Calcelmo, Drevis Neloren, Falion, Farengar Secret-Fire, Madena, Nelacar, Riverwood Trader, Sybille Stentor, Wuunferth the Unliving, Wylandriah.","Merchant transaction; price, stock, and barter setup need route validation",Vendor availability/restock timing needs route validation.,unknown,unknown,unknown,"Travel, cold, carry, restock, gold, and spell-learning timing deferred",source_listed_candidate,SN-000052-spell-tomes-and-learned-spells.md,Source-listed spell tome acquisition; final route source selection pending.
BOOKLOC-001036,OBJ-001025,Spell Tome: Fury,spell_tome,base_game,Illusion,Skyrim,,The Pale,The White Hall,"Purchase from Madena in Dawnstar. Source note: Can be purchased from: Calcelmo, Drevis Neloren, Falion, Farengar Secret-Fire, Madena, Nelacar, Riverwood Trader, Sybille Stentor, Wuunferth the Unliving, Wylandriah.","Merchant transaction; price, stock, and barter setup need route validation",Vendor availability/restock timing needs route validation.,unknown,unknown,unknown,"Travel, cold, carry, restock, gold, and spell-learning timing deferred",source_listed_candidate,SN-000052-spell-tomes-and-learned-spells.md,Source-listed spell tome acquisition; final route source selection pending.
BOOKLOC-001037,OBJ-001025,Spell Tome: Fury,spell_tome,base_game,Illusion,Skyrim,,Winterhold,The Frozen Hearth,"Purchase from Nelacar in Winterhold. Source note: Can be purchased from: Calcelmo, Drevis Neloren, Falion, Farengar Secret-Fire, Madena, Nelacar, Riverwood Trader, Sybille Stentor, Wuunferth the Unliving, Wylandriah.","Merchant transaction; price, stock, and barter setup need route validation",Vendor availability/restock timing needs route validation.,unknown,unknown,unknown,"Travel, cold, carry, restock, gold, and spell-learning timing deferred",source_listed_candidate,SN-000052-spell-tomes-and-learned-spells.md,Source-listed spell tome acquisition; final route source selection pending.
BOOKLOC-001038,OBJ-001025,Spell Tome: Fury,spell_tome,base_game,Illusion,Skyrim,,Whiterun Hold,Riverwood Trader,"Purchase from the Riverwood Trader. Source note: Can be purchased from: Calcelmo, Drevis Neloren, Falion, Farengar Secret-Fire, Madena, Nelacar, Riverwood Trader, Sybille Stentor, Wuunferth the Unliving, Wylandriah.","Merchant transaction; price, stock, and barter setup need route validation",Vendor availability/restock timing needs route validation.,unknown,unknown,unknown,"Travel, cold, carry, restock, gold, and spell-learning timing deferred",source_listed_candidate,SN-000052-spell-tomes-and-learned-spells.md,Source-listed spell tome acquisition; final route source selection pending.
BOOKLOC-001039,OBJ-001025,Spell Tome: Fury,spell_tome,base_game,Illusion,Skyrim,,Haafingar,Blue Palace,"Purchase from Sybille Stentor in Solitude. Source note: Can be purchased from: Calcelmo, Drevis Neloren, Falion, Farengar Secret-Fire, Madena, Nelacar, Riverwood Trader, Sybille Stentor, Wuunferth the Unliving, Wylandriah.","Merchant transaction; price, stock, and barter setup need route validation",Vendor availability/restock timing needs route validation.,unknown,unknown,unknown,"Travel, cold, carry, restock, gold, and spell-learning timing deferred",source_listed_candidate,SN-000052-spell-tomes-and-learned-spells.md,Source-listed spell tome acquisition; final route source selection pending.
BOOKLOC-001040,OBJ-001025,Spell Tome: Fury,spell_tome,base_game,Illusion,Skyrim,,Eastmarch,Palace of the Kings,"Purchase from Wuunferth the Unliving in Windhelm. Source note: Can be purchased from: Calcelmo, Drevis Neloren, Falion, Farengar Secret-Fire, Madena, Nelacar, Riverwood Trader, Sybille Stentor, Wuunferth the Unliving, Wylandriah.","Merchant transaction; price, stock, and barter setup need route validation",Vendor availability/restock timing needs route validation.,unknown,unknown,unknown,"Travel, cold, carry, restock, gold, and spell-learning timing deferred",source_listed_candidate,SN-000052-spell-tomes-and-learned-spells.md,Source-listed spell tome acquisition; final route source selection pending.
BOOKLOC-001041,OBJ-001025,Spell Tome: Fury,spell_tome,base_game,Illusion,Skyrim,,The Rift,Mistveil Keep,"Purchase from Wylandriah in Riften. Source note: Can be purchased from: Calcelmo, Drevis Neloren, Falion, Farengar Secret-Fire, Madena, Nelacar, Riverwood Trader, Sybille Stentor, Wuunferth the Unliving, Wylandriah.","Merchant transaction; price, stock, and barter setup need route validation",Vendor availability/restock timing needs route validation.,unknown,unknown,unknown,"Travel, cold, carry, restock, gold, and spell-learning timing deferred",source_listed_candidate,SN-000052-spell-tomes-and-learned-spells.md,Source-listed spell tome acquisition; final route source selection pending.
BOOKLOC-001042,OBJ-001025,Spell Tome: Fury,spell_tome,base_game,Illusion,Skyrim,,,Random spell tome loot,Generic novice spell tome random loot source from boss chests and safes.,Random/container source; reliability and ownership not route-ready,Character level 1+ for novice random spell tome loot; route should prefer deterministic sources unless later validated.,unknown,unknown,unknown,"Travel, cold, carry, restock, gold, and spell-learning timing deferred",source_listed_candidate,SN-000052-spell-tomes-and-learned-spells.md,Generic random loot source from UESP spell tome location rules; not a deterministic route choice.
BOOKLOC-001043,OBJ-001026,Spell Tome: Calm,spell_tome,base_game,Illusion,Skyrim,,The Reach,Understone Keep,"Purchase from Calcelmo in Markarth. Source note: Can be purchased from: Calcelmo, Drevis Neloren, Falion, Farengar Secret-Fire, Madena, Sybille Stentor, Wuunferth the Unliving, Wylandriah.","Merchant transaction; price, stock, and barter setup need route validation",Vendor availability/restock timing needs route validation.,unknown,unknown,unknown,"Travel, cold, carry, restock, gold, and spell-learning timing deferred",provisional_objective_representative,SN-000052-spell-tomes-and-learned-spells.md,Source-listed spell tome acquisition; final route source selection pending.
BOOKLOC-001044,OBJ-001026,Spell Tome: Calm,spell_tome,base_game,Illusion,Skyrim,,Winterhold,College of Winterhold,"Purchase from Drevis Neloren at the College of Winterhold. Source note: Can be purchased from: Calcelmo, Drevis Neloren, Falion, Farengar Secret-Fire, Madena, Sybille Stentor, Wuunferth the Unliving, Wylandriah.","Merchant transaction; price, stock, and barter setup need route validation",Vendor availability/restock timing needs route validation.,unknown,unknown,unknown,"Travel, cold, carry, restock, gold, and spell-learning timing deferred",source_listed_candidate,SN-000052-spell-tomes-and-learned-spells.md,Source-listed spell tome acquisition; final route source selection pending.
BOOKLOC-001045,OBJ-001026,Spell Tome: Calm,spell_tome,base_game,Illusion,Skyrim,,Hjaalmarch,Morthal,"Purchase from Falion in Morthal. Source note: Can be purchased from: Calcelmo, Drevis Neloren, Falion, Farengar Secret-Fire, Madena, Sybille Stentor, Wuunferth the Unliving, Wylandriah.","Merchant transaction; price, stock, and barter setup need route validation",Vendor availability/restock timing needs route validation.,unknown,unknown,unknown,"Travel, cold, carry, restock, gold, and spell-learning timing deferred",source_listed_candidate,SN-000052-spell-tomes-and-learned-spells.md,Source-listed spell tome acquisition; final route source selection pending.
BOOKLOC-001046,OBJ-001026,Spell Tome: Calm,spell_tome,base_game,Illusion,Skyrim,,Whiterun Hold,Dragonsreach,"Purchase from Farengar Secret-Fire in Whiterun. Source note: Can be purchased from: Calcelmo, Drevis Neloren, Falion, Farengar Secret-Fire, Madena, Sybille Stentor, Wuunferth the Unliving, Wylandriah.","Merchant transaction; price, stock, and barter setup need route validation",Vendor availability/restock timing needs route validation.,unknown,unknown,unknown,"Travel, cold, carry, restock, gold, and spell-learning timing deferred",source_listed_candidate,SN-000052-spell-tomes-and-learned-spells.md,Source-listed spell tome acquisition; final route source selection pending.
BOOKLOC-001047,OBJ-001026,Spell Tome: Calm,spell_tome,base_game,Illusion,Skyrim,,The Pale,The White Hall,"Purchase from Madena in Dawnstar. Source note: Can be purchased from: Calcelmo, Drevis Neloren, Falion, Farengar Secret-Fire, Madena, Sybille Stentor, Wuunferth the Unliving, Wylandriah.","Merchant transaction; price, stock, and barter setup need route validation",Vendor availability/restock timing needs route validation.,unknown,unknown,unknown,"Travel, cold, carry, restock, gold, and spell-learning timing deferred",source_listed_candidate,SN-000052-spell-tomes-and-learned-spells.md,Source-listed spell tome acquisition; final route source selection pending.
BOOKLOC-001048,OBJ-001026,Spell Tome: Calm,spell_tome,base_game,Illusion,Skyrim,,Haafingar,Blue Palace,"Purchase from Sybille Stentor in Solitude. Source note: Can be purchased from: Calcelmo, Drevis Neloren, Falion, Farengar Secret-Fire, Madena, Sybille Stentor, Wuunferth the Unliving, Wylandriah.","Merchant transaction; price, stock, and barter setup need route validation",Vendor availability/restock timing needs route validation.,unknown,unknown,unknown,"Travel, cold, carry, restock, gold, and spell-learning timing deferred",source_listed_candidate,SN-000052-spell-tomes-and-learned-spells.md,Source-listed spell tome acquisition; final route source selection pending.
BOOKLOC-001049,OBJ-001026,Spell Tome: Calm,spell_tome,base_game,Illusion,Skyrim,,Eastmarch,Palace of the Kings,"Purchase from Wuunferth the Unliving in Windhelm. Source note: Can be purchased from: Calcelmo, Drevis Neloren, Falion, Farengar Secret-Fire, Madena, Sybille Stentor, Wuunferth the Unliving, Wylandriah.","Merchant transaction; price, stock, and barter setup need route validation",Vendor availability/restock timing needs route validation.,unknown,unknown,unknown,"Travel, cold, carry, restock, gold, and spell-learning timing deferred",source_listed_candidate,SN-000052-spell-tomes-and-learned-spells.md,Source-listed spell tome acquisition; final route source selection pending.
BOOKLOC-001050,OBJ-001026,Spell Tome: Calm,spell_tome,base_game,Illusion,Skyrim,,The Rift,Mistveil Keep,"Purchase from Wylandriah in Riften. Source note: Can be purchased from: Calcelmo, Drevis Neloren, Falion, Farengar Secret-Fire, Madena, Sybille Stentor, Wuunferth the Unliving, Wylandriah.","Merchant transaction; price, stock, and barter setup need route validation",Vendor availability/restock timing needs route validation.,unknown,unknown,unknown,"Travel, cold, carry, restock, gold, and spell-learning timing deferred",source_listed_candidate,SN-000052-spell-tomes-and-learned-spells.md,Source-listed spell tome acquisition; final route source selection pending.
BOOKLOC-001051,OBJ-001026,Spell Tome: Calm,spell_tome,base_game,Illusion,Skyrim,,,Random spell tome loot,Generic apprentice spell tome random loot source from boss chests and safes.,Random/container source; reliability and ownership not route-ready,Character level 11+ for apprentice random spell tome loot; route should prefer deterministic sources unless later validated.,unknown,unknown,unknown,"Travel, cold, carry, restock, gold, and spell-learning timing deferred",source_listed_candidate,SN-000052-spell-tomes-and-learned-spells.md,Generic random loot source from UESP spell tome location rules; not a deterministic route choice.
BOOKLOC-001052,OBJ-001027,Spell Tome: Fear,spell_tome,base_game,Illusion,Skyrim,,The Reach,Understone Keep,"Purchase from Calcelmo in Markarth. Source note: Can be purchased from: Calcelmo, Drevis Neloren, Falion, Farengar Secret-Fire, Madena, Sybille Stentor, Wuunferth the Unliving, Wylandriah.","Merchant transaction; price, stock, and barter setup need route validation",Vendor availability/restock timing needs route validation.,unknown,unknown,unknown,"Travel, cold, carry, restock, gold, and spell-learning timing deferred",provisional_objective_representative,SN-000052-spell-tomes-and-learned-spells.md,Source-listed spell tome acquisition; final route source selection pending.
BOOKLOC-001053,OBJ-001027,Spell Tome: Fear,spell_tome,base_game,Illusion,Skyrim,,Winterhold,College of Winterhold,"Purchase from Drevis Neloren at the College of Winterhold. Source note: Can be purchased from: Calcelmo, Drevis Neloren, Falion, Farengar Secret-Fire, Madena, Sybille Stentor, Wuunferth the Unliving, Wylandriah.","Merchant transaction; price, stock, and barter setup need route validation",Vendor availability/restock timing needs route validation.,unknown,unknown,unknown,"Travel, cold, carry, restock, gold, and spell-learning timing deferred",source_listed_candidate,SN-000052-spell-tomes-and-learned-spells.md,Source-listed spell tome acquisition; final route source selection pending.
BOOKLOC-001054,OBJ-001027,Spell Tome: Fear,spell_tome,base_game,Illusion,Skyrim,,Hjaalmarch,Morthal,"Purchase from Falion in Morthal. Source note: Can be purchased from: Calcelmo, Drevis Neloren, Falion, Farengar Secret-Fire, Madena, Sybille Stentor, Wuunferth the Unliving, Wylandriah.","Merchant transaction; price, stock, and barter setup need route validation",Vendor availability/restock timing needs route validation.,unknown,unknown,unknown,"Travel, cold, carry, restock, gold, and spell-learning timing deferred",source_listed_candidate,SN-000052-spell-tomes-and-learned-spells.md,Source-listed spell tome acquisition; final route source selection pending.
BOOKLOC-001055,OBJ-001027,Spell Tome: Fear,spell_tome,base_game,Illusion,Skyrim,,Whiterun Hold,Dragonsreach,"Purchase from Farengar Secret-Fire in Whiterun. Source note: Can be purchased from: Calcelmo, Drevis Neloren, Falion, Farengar Secret-Fire, Madena, Sybille Stentor, Wuunferth the Unliving, Wylandriah.","Merchant transaction; price, stock, and barter setup need route validation",Vendor availability/restock timing needs route validation.,unknown,unknown,unknown,"Travel, cold, carry, restock, gold, and spell-learning timing deferred",source_listed_candidate,SN-000052-spell-tomes-and-learned-spells.md,Source-listed spell tome acquisition; final route source selection pending.
BOOKLOC-001056,OBJ-001027,Spell Tome: Fear,spell_tome,base_game,Illusion,Skyrim,,The Pale,The White Hall,"Purchase from Madena in Dawnstar. Source note: Can be purchased from: Calcelmo, Drevis Neloren, Falion, Farengar Secret-Fire, Madena, Sybille Stentor, Wuunferth the Unliving, Wylandriah.","Merchant transaction; price, stock, and barter setup need route validation",Vendor availability/restock timing needs route validation.,unknown,unknown,unknown,"Travel, cold, carry, restock, gold, and spell-learning timing deferred",source_listed_candidate,SN-000052-spell-tomes-and-learned-spells.md,Source-listed spell tome acquisition; final route source selection pending.
BOOKLOC-001057,OBJ-001027,Spell Tome: Fear,spell_tome,base_game,Illusion,Skyrim,,Haafingar,Blue Palace,"Purchase from Sybille Stentor in Solitude. Source note: Can be purchased from: Calcelmo, Drevis Neloren, Falion, Farengar Secret-Fire, Madena, Sybille Stentor, Wuunferth the Unliving, Wylandriah.","Merchant transaction; price, stock, and barter setup need route validation",Vendor availability/restock timing needs route validation.,unknown,unknown,unknown,"Travel, cold, carry, restock, gold, and spell-learning timing deferred",source_listed_candidate,SN-000052-spell-tomes-and-learned-spells.md,Source-listed spell tome acquisition; final route source selection pending.
BOOKLOC-001058,OBJ-001027,Spell Tome: Fear,spell_tome,base_game,Illusion,Skyrim,,Eastmarch,Palace of the Kings,"Purchase from Wuunferth the Unliving in Windhelm. Source note: Can be purchased from: Calcelmo, Drevis Neloren, Falion, Farengar Secret-Fire, Madena, Sybille Stentor, Wuunferth the Unliving, Wylandriah.","Merchant transaction; price, stock, and barter setup need route validation",Vendor availability/restock timing needs route validation.,unknown,unknown,unknown,"Travel, cold, carry, restock, gold, and spell-learning timing deferred",source_listed_candidate,SN-000052-spell-tomes-and-learned-spells.md,Source-listed spell tome acquisition; final route source selection pending.
BOOKLOC-001059,OBJ-001027,Spell Tome: Fear,spell_tome,base_game,Illusion,Skyrim,,The Rift,Mistveil Keep,"Purchase from Wylandriah in Riften. Source note: Can be purchased from: Calcelmo, Drevis Neloren, Falion, Farengar Secret-Fire, Madena, Sybille Stentor, Wuunferth the Unliving, Wylandriah.","Merchant transaction; price, stock, and barter setup need route validation",Vendor availability/restock timing needs route validation.,unknown,unknown,unknown,"Travel, cold, carry, restock, gold, and spell-learning timing deferred",source_listed_candidate,SN-000052-spell-tomes-and-learned-spells.md,Source-listed spell tome acquisition; final route source selection pending.
BOOKLOC-001060,OBJ-001027,Spell Tome: Fear,spell_tome,base_game,Illusion,Skyrim,,,Random spell tome loot,Generic apprentice spell tome random loot source from boss chests and safes.,Random/container source; reliability and ownership not route-ready,Character level 11+ for apprentice random spell tome loot; route should prefer deterministic sources unless later validated.,unknown,unknown,unknown,"Travel, cold, carry, restock, gold, and spell-learning timing deferred",source_listed_candidate,SN-000052-spell-tomes-and-learned-spells.md,Generic random loot source from UESP spell tome location rules; not a deterministic route choice.
BOOKLOC-001061,OBJ-001028,Spell Tome: Muffle,spell_tome,base_game,Illusion,Skyrim,,The Reach,Understone Keep,"Purchase from Calcelmo in Markarth. Source note: Can be purchased from: Calcelmo, Drevis Neloren, Falion, Farengar Secret-Fire, Madena, Sybille Stentor, Wuunferth the Unliving, Wylandriah.","Merchant transaction; price, stock, and barter setup need route validation",Vendor availability/restock timing needs route validation.,unknown,unknown,unknown,"Travel, cold, carry, restock, gold, and spell-learning timing deferred",provisional_objective_representative,SN-000052-spell-tomes-and-learned-spells.md,Source-listed spell tome acquisition; final route source selection pending.
BOOKLOC-001062,OBJ-001028,Spell Tome: Muffle,spell_tome,base_game,Illusion,Skyrim,,Winterhold,College of Winterhold,"Purchase from Drevis Neloren at the College of Winterhold. Source note: Can be purchased from: Calcelmo, Drevis Neloren, Falion, Farengar Secret-Fire, Madena, Sybille Stentor, Wuunferth the Unliving, Wylandriah.","Merchant transaction; price, stock, and barter setup need route validation",Vendor availability/restock timing needs route validation.,unknown,unknown,unknown,"Travel, cold, carry, restock, gold, and spell-learning timing deferred",source_listed_candidate,SN-000052-spell-tomes-and-learned-spells.md,Source-listed spell tome acquisition; final route source selection pending.
BOOKLOC-001063,OBJ-001028,Spell Tome: Muffle,spell_tome,base_game,Illusion,Skyrim,,Hjaalmarch,Morthal,"Purchase from Falion in Morthal. Source note: Can be purchased from: Calcelmo, Drevis Neloren, Falion, Farengar Secret-Fire, Madena, Sybille Stentor, Wuunferth the Unliving, Wylandriah.","Merchant transaction; price, stock, and barter setup need route validation",Vendor availability/restock timing needs route validation.,unknown,unknown,unknown,"Travel, cold, carry, restock, gold, and spell-learning timing deferred",source_listed_candidate,SN-000052-spell-tomes-and-learned-spells.md,Source-listed spell tome acquisition; final route source selection pending.
BOOKLOC-001064,OBJ-001028,Spell Tome: Muffle,spell_tome,base_game,Illusion,Skyrim,,Whiterun Hold,Dragonsreach,"Purchase from Farengar Secret-Fire in Whiterun. Source note: Can be purchased from: Calcelmo, Drevis Neloren, Falion, Farengar Secret-Fire, Madena, Sybille Stentor, Wuunferth the Unliving, Wylandriah.","Merchant transaction; price, stock, and barter setup need route validation",Vendor availability/restock timing needs route validation.,unknown,unknown,unknown,"Travel, cold, carry, restock, gold, and spell-learning timing deferred",source_listed_candidate,SN-000052-spell-tomes-and-learned-spells.md,Source-listed spell tome acquisition; final route source selection pending.
BOOKLOC-001065,OBJ-001028,Spell Tome: Muffle,spell_tome,base_game,Illusion,Skyrim,,The Pale,The White Hall,"Purchase from Madena in Dawnstar. Source note: Can be purchased from: Calcelmo, Drevis Neloren, Falion, Farengar Secret-Fire, Madena, Sybille Stentor, Wuunferth the Unliving, Wylandriah.","Merchant transaction; price, stock, and barter setup need route validation",Vendor availability/restock timing needs route validation.,unknown,unknown,unknown,"Travel, cold, carry, restock, gold, and spell-learning timing deferred",source_listed_candidate,SN-000052-spell-tomes-and-learned-spells.md,Source-listed spell tome acquisition; final route source selection pending.
BOOKLOC-001066,OBJ-001028,Spell Tome: Muffle,spell_tome,base_game,Illusion,Skyrim,,Haafingar,Blue Palace,"Purchase from Sybille Stentor in Solitude. Source note: Can be purchased from: Calcelmo, Drevis Neloren, Falion, Farengar Secret-Fire, Madena, Sybille Stentor, Wuunferth the Unliving, Wylandriah.","Merchant transaction; price, stock, and barter setup need route validation",Vendor availability/restock timing needs route validation.,unknown,unknown,unknown,"Travel, cold, carry, restock, gold, and spell-learning timing deferred",source_listed_candidate,SN-000052-spell-tomes-and-learned-spells.md,Source-listed spell tome acquisition; final route source selection pending.
BOOKLOC-001067,OBJ-001028,Spell Tome: Muffle,spell_tome,base_game,Illusion,Skyrim,,Eastmarch,Palace of the Kings,"Purchase from Wuunferth the Unliving in Windhelm. Source note: Can be purchased from: Calcelmo, Drevis Neloren, Falion, Farengar Secret-Fire, Madena, Sybille Stentor, Wuunferth the Unliving, Wylandriah.","Merchant transaction; price, stock, and barter setup need route validation",Vendor availability/restock timing needs route validation.,unknown,unknown,unknown,"Travel, cold, carry, restock, gold, and spell-learning timing deferred",source_listed_candidate,SN-000052-spell-tomes-and-learned-spells.md,Source-listed spell tome acquisition; final route source selection pending.
BOOKLOC-001068,OBJ-001028,Spell Tome: Muffle,spell_tome,base_game,Illusion,Skyrim,,The Rift,Mistveil Keep,"Purchase from Wylandriah in Riften. Source note: Can be purchased from: Calcelmo, Drevis Neloren, Falion, Farengar Secret-Fire, Madena, Sybille Stentor, Wuunferth the Unliving, Wylandriah.","Merchant transaction; price, stock, and barter setup need route validation",Vendor availability/restock timing needs route validation.,unknown,unknown,unknown,"Travel, cold, carry, restock, gold, and spell-learning timing deferred",source_listed_candidate,SN-000052-spell-tomes-and-learned-spells.md,Source-listed spell tome acquisition; final route source selection pending.
BOOKLOC-001069,OBJ-001028,Spell Tome: Muffle,spell_tome,base_game,Illusion,Skyrim,,,Random spell tome loot,Generic apprentice spell tome random loot source from boss chests and safes.,Random/container source; reliability and ownership not route-ready,Character level 11+ for apprentice random spell tome loot; route should prefer deterministic sources unless later validated.,unknown,unknown,unknown,"Travel, cold, carry, restock, gold, and spell-learning timing deferred",source_listed_candidate,SN-000052-spell-tomes-and-learned-spells.md,Generic random loot source from UESP spell tome location rules; not a deterministic route choice.
BOOKLOC-001070,OBJ-001029,Spell Tome: Frenzy,spell_tome,base_game,Illusion,Skyrim,,Winterhold,College of Winterhold,"Purchase from Drevis Neloren at the College of Winterhold. Source note: Can be purchased from: Drevis Neloren, Sybille Stentor.","Merchant transaction; price, stock, and barter setup need route validation",Adept vendor stock generally requires school skill 40 and inventory reset; validate per merchant later.,unknown,unknown,unknown,"Travel, cold, carry, restock, gold, and spell-learning timing deferred",provisional_objective_representative,SN-000052-spell-tomes-and-learned-spells.md,Source-listed spell tome acquisition; final route source selection pending.
BOOKLOC-001071,OBJ-001029,Spell Tome: Frenzy,spell_tome,base_game,Illusion,Skyrim,,Haafingar,Blue Palace,"Purchase from Sybille Stentor in Solitude. Source note: Can be purchased from: Drevis Neloren, Sybille Stentor.","Merchant transaction; price, stock, and barter setup need route validation",Adept vendor stock generally requires school skill 40 and inventory reset; validate per merchant later.,unknown,unknown,unknown,"Travel, cold, carry, restock, gold, and spell-learning timing deferred",source_listed_candidate,SN-000052-spell-tomes-and-learned-spells.md,Source-listed spell tome acquisition; final route source selection pending.
BOOKLOC-001072,OBJ-001029,Spell Tome: Frenzy,spell_tome,base_game,Illusion,Skyrim,,,Random spell tome loot,Generic adept spell tome random loot source from boss chests and safes.,Random/container source; reliability and ownership not route-ready,Character level 23+ for adept random spell tome loot; route should prefer deterministic sources unless later validated.,unknown,unknown,unknown,"Travel, cold, carry, restock, gold, and spell-learning timing deferred",source_listed_candidate,SN-000052-spell-tomes-and-learned-spells.md,Generic random loot source from UESP spell tome location rules; not a deterministic route choice.
BOOKLOC-001073,OBJ-001030,Spell Tome: Frenzy Rune,spell_tome,dragonborn,Illusion,Solstheim,,,Tel Mithryn,Purchase from Talvas Fathryon at Tel Mithryn. Source note: Can be purchased from Talvas Fathryon after completing the quest From the Ashes.,"Merchant transaction; price, stock, and barter setup need route validation",Can be purchased from Talvas Fathryon after completing the quest From the Ashes | Vendor availability/restock timing needs route validation.,unknown,unknown,unknown,"Travel, cold, carry, restock, gold, and spell-learning timing deferred",provisional_objective_representative,SN-000052-spell-tomes-and-learned-spells.md,Source-listed spell tome acquisition; final route source selection pending.
BOOKLOC-001074,OBJ-001031,Spell Tome: Orum's Aquatic Escape,spell_tome,ae_creation,Illusion,Skyrim,,,Hob's Fall Cave,Can be found in Hob's Fall Cave during The Lost Library quest.,,Open the Ancient Tome Chest during the routed Hob's Fall Cave pass; The Lost Library may not appear in the AE journal,none_known,none_known,none_known,Winterhold cold-road travel is handled by the Bards College instrument route; no vendor restock/gold requirement for this spell,provisional_objective_representative,SN-000052-spell-tomes-and-learned-spells.md | SN-000253-arcane-accessories-parent-closeout.md,Selected final-guide source for this Arcane Accessories spell; duplicate vendor/random sources are not required.
BOOKLOC-001075,OBJ-001031,Spell Tome: Orum's Aquatic Escape,spell_tome,ae_creation,Illusion,Skyrim,,Winterhold,College of Winterhold,"Purchase from Drevis Neloren at the College of Winterhold. Source note: Can be purchased from: Drevis Neloren, Sybille Stentor.","Merchant transaction; price, stock, and barter setup need route validation",Vendor availability/restock timing needs route validation.,unknown,unknown,unknown,"Travel, cold, carry, restock, gold, and spell-learning timing deferred",source_listed_candidate,SN-000052-spell-tomes-and-learned-spells.md,Source-listed spell tome acquisition; final route source selection pending.
BOOKLOC-001076,OBJ-001031,Spell Tome: Orum's Aquatic Escape,spell_tome,ae_creation,Illusion,Skyrim,,Haafingar,Blue Palace,"Purchase from Sybille Stentor in Solitude. Source note: Can be purchased from: Drevis Neloren, Sybille Stentor.","Merchant transaction; price, stock, and barter setup need route validation",Vendor availability/restock timing needs route validation.,unknown,unknown,unknown,"Travel, cold, carry, restock, gold, and spell-learning timing deferred",source_listed_candidate,SN-000052-spell-tomes-and-learned-spells.md,Source-listed spell tome acquisition; final route source selection pending.
BOOKLOC-001077,OBJ-001032,Spell Tome: Rally,spell_tome,base_game,Illusion,Skyrim,,Winterhold,College of Winterhold,"Purchase from Drevis Neloren at the College of Winterhold. Source note: Can be purchased from: Drevis Neloren, Sybille Stentor.","Merchant transaction; price, stock, and barter setup need route validation",Adept vendor stock generally requires school skill 40 and inventory reset; validate per merchant later.,unknown,unknown,unknown,"Travel, cold, carry, restock, gold, and spell-learning timing deferred",provisional_objective_representative,SN-000052-spell-tomes-and-learned-spells.md,Source-listed spell tome acquisition; final route source selection pending.
BOOKLOC-001078,OBJ-001032,Spell Tome: Rally,spell_tome,base_game,Illusion,Skyrim,,Haafingar,Blue Palace,"Purchase from Sybille Stentor in Solitude. Source note: Can be purchased from: Drevis Neloren, Sybille Stentor.","Merchant transaction; price, stock, and barter setup need route validation",Adept vendor stock generally requires school skill 40 and inventory reset; validate per merchant later.,unknown,unknown,unknown,"Travel, cold, carry, restock, gold, and spell-learning timing deferred",source_listed_candidate,SN-000052-spell-tomes-and-learned-spells.md,Source-listed spell tome acquisition; final route source selection pending.
BOOKLOC-001079,OBJ-001032,Spell Tome: Rally,spell_tome,base_game,Illusion,Skyrim,,,Random spell tome loot,Generic adept spell tome random loot source from boss chests and safes.,Random/container source; reliability and ownership not route-ready,Character level 23+ for adept random spell tome loot; route should prefer deterministic sources unless later validated.,unknown,unknown,unknown,"Travel, cold, carry, restock, gold, and spell-learning timing deferred",source_listed_candidate,SN-000052-spell-tomes-and-learned-spells.md,Generic random loot source from UESP spell tome location rules; not a deterministic route choice.
BOOKLOC-001080,OBJ-001033,Spell Tome: Fenrik's Welcome,spell_tome,ae_creation,Illusion,Skyrim,,,Hob's Fall Cave,Can be found in Hob's Fall Cave during The Lost Library quest.,,Open the Ancient Tome Chest during the routed Hob's Fall Cave pass; The Lost Library may not appear in the AE journal,none_known,none_known,none_known,Winterhold cold-road travel is handled by the Bards College instrument route; no vendor restock/gold requirement for this spell,provisional_objective_representative,SN-000052-spell-tomes-and-learned-spells.md | SN-000253-arcane-accessories-parent-closeout.md,Selected final-guide source for this Arcane Accessories spell; duplicate vendor/random sources are not required.
BOOKLOC-001081,OBJ-001033,Spell Tome: Fenrik's Welcome,spell_tome,ae_creation,Illusion,Skyrim,,Winterhold,College of Winterhold,Purchase from Drevis Neloren at the College of Winterhold. Source note: Can be purchased from: Drevis Neloren.,"Merchant transaction; price, stock, and barter setup need route validation",Vendor availability/restock timing needs route validation.,unknown,unknown,unknown,"Travel, cold, carry, restock, gold, and spell-learning timing deferred",source_listed_candidate,SN-000052-spell-tomes-and-learned-spells.md,Source-listed spell tome acquisition; final route source selection pending.
BOOKLOC-001082,OBJ-001034,Spell Tome: Invisibility,spell_tome,base_game,Illusion,Skyrim,,Winterhold,College of Winterhold,Purchase from Drevis Neloren at the College of Winterhold. Source note: Can be purchased from: Drevis Neloren.,"Merchant transaction; price, stock, and barter setup need route validation",Expert vendor stock generally requires school skill 65 and inventory reset; validate per merchant later.,unknown,unknown,unknown,"Travel, cold, carry, restock, gold, and spell-learning timing deferred",provisional_objective_representative,SN-000052-spell-tomes-and-learned-spells.md,Source-listed spell tome acquisition; final route source selection pending.
BOOKLOC-001083,OBJ-001034,Spell Tome: Invisibility,spell_tome,base_game,Illusion,Skyrim,,,Random spell tome loot,Generic expert spell tome random loot source from boss chests and safes.,Random/container source; reliability and ownership not route-ready,Character level 35+ for expert random spell tome loot; route should prefer deterministic sources unless later validated.,unknown,unknown,possible,"Travel, cold, carry, restock, gold, and spell-learning timing deferred",source_listed_candidate,SN-000052-spell-tomes-and-learned-spells.md,Generic random loot source from UESP spell tome location rules; not a deterministic route choice.
BOOKLOC-001084,OBJ-001035,Spell Tome: Pacify,spell_tome,base_game,Illusion,Skyrim,,Winterhold,College of Winterhold,Purchase from Drevis Neloren at the College of Winterhold. Source note: Can be purchased from: Drevis Neloren.,"Merchant transaction; price, stock, and barter setup need route validation",Expert vendor stock generally requires school skill 65 and inventory reset; validate per merchant later.,unknown,unknown,unknown,"Travel, cold, carry, restock, gold, and spell-learning timing deferred",provisional_objective_representative,SN-000052-spell-tomes-and-learned-spells.md,Source-listed spell tome acquisition; final route source selection pending.
BOOKLOC-001085,OBJ-001035,Spell Tome: Pacify,spell_tome,base_game,Illusion,Skyrim,,,Random spell tome loot,Generic expert spell tome random loot source from boss chests and safes.,Random/container source; reliability and ownership not route-ready,Character level 35+ for expert random spell tome loot; route should prefer deterministic sources unless later validated.,unknown,unknown,possible,"Travel, cold, carry, restock, gold, and spell-learning timing deferred",source_listed_candidate,SN-000052-spell-tomes-and-learned-spells.md,Generic random loot source from UESP spell tome location rules; not a deterministic route choice.
BOOKLOC-001086,OBJ-001036,Spell Tome: Rout,spell_tome,base_game,Illusion,Skyrim,,Winterhold,College of Winterhold,Purchase from Drevis Neloren at the College of Winterhold. Source note: Can be purchased from: Drevis Neloren.,"Merchant transaction; price, stock, and barter setup need route validation",Expert vendor stock generally requires school skill 65 and inventory reset; validate per merchant later.,unknown,unknown,unknown,"Travel, cold, carry, restock, gold, and spell-learning timing deferred",provisional_objective_representative,SN-000052-spell-tomes-and-learned-spells.md,Source-listed spell tome acquisition; final route source selection pending.
BOOKLOC-001087,OBJ-001036,Spell Tome: Rout,spell_tome,base_game,Illusion,Skyrim,,,Random spell tome loot,Generic expert spell tome random loot source from boss chests and safes.,Random/container source; reliability and ownership not route-ready,Character level 35+ for expert random spell tome loot; route should prefer deterministic sources unless later validated.,unknown,unknown,possible,"Travel, cold, carry, restock, gold, and spell-learning timing deferred",source_listed_candidate,SN-000052-spell-tomes-and-learned-spells.md,Generic random loot source from UESP spell tome location rules; not a deterministic route choice.
BOOKLOC-001088,OBJ-001037,Spell Tome: Call to Arms,spell_tome,base_game,Illusion,Skyrim,,Winterhold,College of Winterhold,Purchase from Drevis Neloren at the College of Winterhold. Source note: Can be purchased from: Drevis Neloren (only after Illusion Ritual Spell has been completed).,"Merchant transaction; price, stock, and barter setup need route validation",Can be purchased from: Drevis Neloren (only after Illusion Ritual Spell has been completed) | Master tome purchase requires the relevant ritual spell quest; validate ritual completion timing later.,unknown,unknown,unknown,"Travel, cold, carry, restock, gold, and spell-learning timing deferred",provisional_objective_representative,SN-000052-spell-tomes-and-learned-spells.md,Source-listed spell tome acquisition; final route source selection pending.
BOOKLOC-001089,OBJ-001038,Spell Tome: Harmony,spell_tome,base_game,Illusion,Skyrim,,Winterhold,College of Winterhold,Purchase from Drevis Neloren at the College of Winterhold. Source note: Can be purchased from: Drevis Neloren (only after Illusion Ritual Spell has been completed).,"Merchant transaction; price, stock, and barter setup need route validation",Can be purchased from: Drevis Neloren (only after Illusion Ritual Spell has been completed) | Master tome purchase requires the relevant ritual spell quest; validate ritual completion timing later.,unknown,unknown,unknown,"Travel, cold, carry, restock, gold, and spell-learning timing deferred",provisional_objective_representative,SN-000052-spell-tomes-and-learned-spells.md,Source-listed spell tome acquisition; final route source selection pending.
BOOKLOC-001090,OBJ-001039,Spell Tome: Hysteria,spell_tome,base_game,Illusion,Skyrim,,,Illusion Ritual Spell,Reward for quest Illusion Ritual Spell.,,Reward for quest Illusion Ritual Spell,unknown,unknown,unknown,"Travel, cold, carry, restock, gold, and spell-learning timing deferred",provisional_objective_representative,SN-000052-spell-tomes-and-learned-spells.md,Source-listed spell tome acquisition; final route source selection pending.
BOOKLOC-001091,OBJ-001040,Spell Tome: Mayhem,spell_tome,base_game,Illusion,Skyrim,,Winterhold,College of Winterhold,Purchase from Drevis Neloren at the College of Winterhold. Source note: Can be purchased from: Drevis Neloren (only after Illusion Ritual Spell has been completed).,"Merchant transaction; price, stock, and barter setup need route validation",Can be purchased from: Drevis Neloren (only after Illusion Ritual Spell has been completed) | Master tome purchase requires the relevant ritual spell quest; validate ritual completion timing later.,unknown,unknown,unknown,"Travel, cold, carry, restock, gold, and spell-learning timing deferred",provisional_objective_representative,SN-000052-spell-tomes-and-learned-spells.md,Source-listed spell tome acquisition; final route source selection pending.
BOOKLOC-001092,OBJ-001041,Spell Tome: Healing,spell_tome,base_game,Restoration,Skyrim,,,Character creation / starting spell,All players start with this spell.,,,unknown,none_known,unknown,"Travel, cold, carry, restock, gold, and spell-learning timing deferred",provisional_objective_representative,SN-000052-spell-tomes-and-learned-spells.md,Source-listed spell tome acquisition; final route source selection pending.
BOOKLOC-001093,OBJ-001041,Spell Tome: Healing,spell_tome,base_game,Restoration,Skyrim,,The Reach,Understone Keep,"Purchase from Calcelmo in Markarth. Source note: Can be purchased from: Calcelmo, Colette Marence, Falion, Farengar Secret-Fire, Madena, Nelacar, Sybille Stentor, Wuunferth the Unliving, Wylandriah.","Merchant transaction; price, stock, and barter setup need route validation",Vendor availability/restock timing needs route validation.,unknown,unknown,unknown,"Travel, cold, carry, restock, gold, and spell-learning timing deferred",source_listed_candidate,SN-000052-spell-tomes-and-learned-spells.md,Source-listed spell tome acquisition; final route source selection pending.
BOOKLOC-001094,OBJ-001041,Spell Tome: Healing,spell_tome,base_game,Restoration,Skyrim,,Winterhold,College of Winterhold,"Purchase from Colette Marence at the College of Winterhold. Source note: Can be purchased from: Calcelmo, Colette Marence, Falion, Farengar Secret-Fire, Madena, Nelacar, Sybille Stentor, Wuunferth the Unliving, Wylandriah.","Merchant transaction; price, stock, and barter setup need route validation",Vendor availability/restock timing needs route validation.,unknown,unknown,unknown,"Travel, cold, carry, restock, gold, and spell-learning timing deferred",source_listed_candidate,SN-000052-spell-tomes-and-learned-spells.md,Source-listed spell tome acquisition; final route source selection pending.
BOOKLOC-001095,OBJ-001041,Spell Tome: Healing,spell_tome,base_game,Restoration,Skyrim,,Hjaalmarch,Morthal,"Purchase from Falion in Morthal. Source note: Can be purchased from: Calcelmo, Colette Marence, Falion, Farengar Secret-Fire, Madena, Nelacar, Sybille Stentor, Wuunferth the Unliving, Wylandriah.","Merchant transaction; price, stock, and barter setup need route validation",Vendor availability/restock timing needs route validation.,unknown,unknown,unknown,"Travel, cold, carry, restock, gold, and spell-learning timing deferred",source_listed_candidate,SN-000052-spell-tomes-and-learned-spells.md,Source-listed spell tome acquisition; final route source selection pending.
BOOKLOC-001096,OBJ-001041,Spell Tome: Healing,spell_tome,base_game,Restoration,Skyrim,,Whiterun Hold,Dragonsreach,"Purchase from Farengar Secret-Fire in Whiterun. Source note: Can be purchased from: Calcelmo, Colette Marence, Falion, Farengar Secret-Fire, Madena, Nelacar, Sybille Stentor, Wuunferth the Unliving, Wylandriah.","Merchant transaction; price, stock, and barter setup need route validation",Vendor availability/restock timing needs route validation.,unknown,unknown,unknown,"Travel, cold, carry, restock, gold, and spell-learning timing deferred",source_listed_candidate,SN-000052-spell-tomes-and-learned-spells.md,Source-listed spell tome acquisition; final route source selection pending.
BOOKLOC-001097,OBJ-001041,Spell Tome: Healing,spell_tome,base_game,Restoration,Skyrim,,The Pale,The White Hall,"Purchase from Madena in Dawnstar. Source note: Can be purchased from: Calcelmo, Colette Marence, Falion, Farengar Secret-Fire, Madena, Nelacar, Sybille Stentor, Wuunferth the Unliving, Wylandriah.","Merchant transaction; price, stock, and barter setup need route validation",Vendor availability/restock timing needs route validation.,unknown,unknown,unknown,"Travel, cold, carry, restock, gold, and spell-learning timing deferred",source_listed_candidate,SN-000052-spell-tomes-and-learned-spells.md,Source-listed spell tome acquisition; final route source selection pending.
BOOKLOC-001098,OBJ-001041,Spell Tome: Healing,spell_tome,base_game,Restoration,Skyrim,,Winterhold,The Frozen Hearth,"Purchase from Nelacar in Winterhold. Source note: Can be purchased from: Calcelmo, Colette Marence, Falion, Farengar Secret-Fire, Madena, Nelacar, Sybille Stentor, Wuunferth the Unliving, Wylandriah.","Merchant transaction; price, stock, and barter setup need route validation",Vendor availability/restock timing needs route validation.,unknown,unknown,unknown,"Travel, cold, carry, restock, gold, and spell-learning timing deferred",source_listed_candidate,SN-000052-spell-tomes-and-learned-spells.md,Source-listed spell tome acquisition; final route source selection pending.
BOOKLOC-001099,OBJ-001041,Spell Tome: Healing,spell_tome,base_game,Restoration,Skyrim,,Haafingar,Blue Palace,"Purchase from Sybille Stentor in Solitude. Source note: Can be purchased from: Calcelmo, Colette Marence, Falion, Farengar Secret-Fire, Madena, Nelacar, Sybille Stentor, Wuunferth the Unliving, Wylandriah.","Merchant transaction; price, stock, and barter setup need route validation",Vendor availability/restock timing needs route validation.,unknown,unknown,unknown,"Travel, cold, carry, restock, gold, and spell-learning timing deferred",source_listed_candidate,SN-000052-spell-tomes-and-learned-spells.md,Source-listed spell tome acquisition; final route source selection pending.
BOOKLOC-001100,OBJ-001041,Spell Tome: Healing,spell_tome,base_game,Restoration,Skyrim,,Eastmarch,Palace of the Kings,"Purchase from Wuunferth the Unliving in Windhelm. Source note: Can be purchased from: Calcelmo, Colette Marence, Falion, Farengar Secret-Fire, Madena, Nelacar, Sybille Stentor, Wuunferth the Unliving, Wylandriah.","Merchant transaction; price, stock, and barter setup need route validation",Vendor availability/restock timing needs route validation.,unknown,unknown,unknown,"Travel, cold, carry, restock, gold, and spell-learning timing deferred",source_listed_candidate,SN-000052-spell-tomes-and-learned-spells.md,Source-listed spell tome acquisition; final route source selection pending.
BOOKLOC-001101,OBJ-001041,Spell Tome: Healing,spell_tome,base_game,Restoration,Skyrim,,The Rift,Mistveil Keep,"Purchase from Wylandriah in Riften. Source note: Can be purchased from: Calcelmo, Colette Marence, Falion, Farengar Secret-Fire, Madena, Nelacar, Sybille Stentor, Wuunferth the Unliving, Wylandriah.","Merchant transaction; price, stock, and barter setup need route validation",Vendor availability/restock timing needs route validation.,unknown,unknown,unknown,"Travel, cold, carry, restock, gold, and spell-learning timing deferred",source_listed_candidate,SN-000052-spell-tomes-and-learned-spells.md,Source-listed spell tome acquisition; final route source selection pending.
BOOKLOC-001102,OBJ-001041,Spell Tome: Healing,spell_tome,base_game,Restoration,Skyrim,,,Random spell tome loot,Generic novice spell tome random loot source from boss chests and safes.,Random/container source; reliability and ownership not route-ready,Character level 1+ for novice random spell tome loot; route should prefer deterministic sources unless later validated.,unknown,unknown,unknown,"Travel, cold, carry, restock, gold, and spell-learning timing deferred",source_listed_candidate,SN-000052-spell-tomes-and-learned-spells.md,Generic random loot source from UESP spell tome location rules; not a deterministic route choice.
BOOKLOC-001103,OBJ-001042,Spell Tome: Lesser Ward,spell_tome,base_game,Restoration,Skyrim,,The Reach,Understone Keep,"Purchase from Calcelmo in Markarth. Source note: Can be purchased from: Calcelmo, Colette Marence, Falion, Farengar Secret-Fire, Madena, Nelacar, Riverwood Trader, Sybille Stentor, Wuunferth the Unliving, Wylandriah.","Merchant transaction; price, stock, and barter setup need route validation",Vendor availability/restock timing needs route validation.,unknown,unknown,unknown,"Travel, cold, carry, restock, gold, and spell-learning timing deferred",provisional_objective_representative,SN-000052-spell-tomes-and-learned-spells.md,Source-listed spell tome acquisition; final route source selection pending.
BOOKLOC-001104,OBJ-001042,Spell Tome: Lesser Ward,spell_tome,base_game,Restoration,Skyrim,,Winterhold,College of Winterhold,"Purchase from Colette Marence at the College of Winterhold. Source note: Can be purchased from: Calcelmo, Colette Marence, Falion, Farengar Secret-Fire, Madena, Nelacar, Riverwood Trader, Sybille Stentor, Wuunferth the Unliving, Wylandriah.","Merchant transaction; price, stock, and barter setup need route validation",Vendor availability/restock timing needs route validation.,unknown,unknown,unknown,"Travel, cold, carry, restock, gold, and spell-learning timing deferred",source_listed_candidate,SN-000052-spell-tomes-and-learned-spells.md,Source-listed spell tome acquisition; final route source selection pending.
BOOKLOC-001105,OBJ-001042,Spell Tome: Lesser Ward,spell_tome,base_game,Restoration,Skyrim,,Hjaalmarch,Morthal,"Purchase from Falion in Morthal. Source note: Can be purchased from: Calcelmo, Colette Marence, Falion, Farengar Secret-Fire, Madena, Nelacar, Riverwood Trader, Sybille Stentor, Wuunferth the Unliving, Wylandriah.","Merchant transaction; price, stock, and barter setup need route validation",Vendor availability/restock timing needs route validation.,unknown,unknown,unknown,"Travel, cold, carry, restock, gold, and spell-learning timing deferred",source_listed_candidate,SN-000052-spell-tomes-and-learned-spells.md,Source-listed spell tome acquisition; final route source selection pending.
BOOKLOC-001106,OBJ-001042,Spell Tome: Lesser Ward,spell_tome,base_game,Restoration,Skyrim,,Whiterun Hold,Dragonsreach,"Purchase from Farengar Secret-Fire in Whiterun. Source note: Can be purchased from: Calcelmo, Colette Marence, Falion, Farengar Secret-Fire, Madena, Nelacar, Riverwood Trader, Sybille Stentor, Wuunferth the Unliving, Wylandriah.","Merchant transaction; price, stock, and barter setup need route validation",Vendor availability/restock timing needs route validation.,unknown,unknown,unknown,"Travel, cold, carry, restock, gold, and spell-learning timing deferred",source_listed_candidate,SN-000052-spell-tomes-and-learned-spells.md,Source-listed spell tome acquisition; final route source selection pending.
BOOKLOC-001107,OBJ-001042,Spell Tome: Lesser Ward,spell_tome,base_game,Restoration,Skyrim,,The Pale,The White Hall,"Purchase from Madena in Dawnstar. Source note: Can be purchased from: Calcelmo, Colette Marence, Falion, Farengar Secret-Fire, Madena, Nelacar, Riverwood Trader, Sybille Stentor, Wuunferth the Unliving, Wylandriah.","Merchant transaction; price, stock, and barter setup need route validation",Vendor availability/restock timing needs route validation.,unknown,unknown,unknown,"Travel, cold, carry, restock, gold, and spell-learning timing deferred",source_listed_candidate,SN-000052-spell-tomes-and-learned-spells.md,Source-listed spell tome acquisition; final route source selection pending.
BOOKLOC-001108,OBJ-001042,Spell Tome: Lesser Ward,spell_tome,base_game,Restoration,Skyrim,,Winterhold,The Frozen Hearth,"Purchase from Nelacar in Winterhold. Source note: Can be purchased from: Calcelmo, Colette Marence, Falion, Farengar Secret-Fire, Madena, Nelacar, Riverwood Trader, Sybille Stentor, Wuunferth the Unliving, Wylandriah.","Merchant transaction; price, stock, and barter setup need route validation",Vendor availability/restock timing needs route validation.,unknown,unknown,unknown,"Travel, cold, carry, restock, gold, and spell-learning timing deferred",source_listed_candidate,SN-000052-spell-tomes-and-learned-spells.md,Source-listed spell tome acquisition; final route source selection pending.
BOOKLOC-001109,OBJ-001042,Spell Tome: Lesser Ward,spell_tome,base_game,Restoration,Skyrim,,Whiterun Hold,Riverwood Trader,"Purchase from the Riverwood Trader. Source note: Can be purchased from: Calcelmo, Colette Marence, Falion, Farengar Secret-Fire, Madena, Nelacar, Riverwood Trader, Sybille Stentor, Wuunferth the Unliving, Wylandriah.","Merchant transaction; price, stock, and barter setup need route validation",Vendor availability/restock timing needs route validation.,unknown,unknown,unknown,"Travel, cold, carry, restock, gold, and spell-learning timing deferred",source_listed_candidate,SN-000052-spell-tomes-and-learned-spells.md,Source-listed spell tome acquisition; final route source selection pending.
BOOKLOC-001110,OBJ-001042,Spell Tome: Lesser Ward,spell_tome,base_game,Restoration,Skyrim,,Haafingar,Blue Palace,"Purchase from Sybille Stentor in Solitude. Source note: Can be purchased from: Calcelmo, Colette Marence, Falion, Farengar Secret-Fire, Madena, Nelacar, Riverwood Trader, Sybille Stentor, Wuunferth the Unliving, Wylandriah.","Merchant transaction; price, stock, and barter setup need route validation",Vendor availability/restock timing needs route validation.,unknown,unknown,unknown,"Travel, cold, carry, restock, gold, and spell-learning timing deferred",source_listed_candidate,SN-000052-spell-tomes-and-learned-spells.md,Source-listed spell tome acquisition; final route source selection pending.
BOOKLOC-001111,OBJ-001042,Spell Tome: Lesser Ward,spell_tome,base_game,Restoration,Skyrim,,Eastmarch,Palace of the Kings,"Purchase from Wuunferth the Unliving in Windhelm. Source note: Can be purchased from: Calcelmo, Colette Marence, Falion, Farengar Secret-Fire, Madena, Nelacar, Riverwood Trader, Sybille Stentor, Wuunferth the Unliving, Wylandriah.","Merchant transaction; price, stock, and barter setup need route validation",Vendor availability/restock timing needs route validation.,unknown,unknown,unknown,"Travel, cold, carry, restock, gold, and spell-learning timing deferred",source_listed_candidate,SN-000052-spell-tomes-and-learned-spells.md,Source-listed spell tome acquisition; final route source selection pending.
BOOKLOC-001112,OBJ-001042,Spell Tome: Lesser Ward,spell_tome,base_game,Restoration,Skyrim,,The Rift,Mistveil Keep,"Purchase from Wylandriah in Riften. Source note: Can be purchased from: Calcelmo, Colette Marence, Falion, Farengar Secret-Fire, Madena, Nelacar, Riverwood Trader, Sybille Stentor, Wuunferth the Unliving, Wylandriah.","Merchant transaction; price, stock, and barter setup need route validation",Vendor availability/restock timing needs route validation.,unknown,unknown,unknown,"Travel, cold, carry, restock, gold, and spell-learning timing deferred",source_listed_candidate,SN-000052-spell-tomes-and-learned-spells.md,Source-listed spell tome acquisition; final route source selection pending.
BOOKLOC-001113,OBJ-001042,Spell Tome: Lesser Ward,spell_tome,base_game,Restoration,Skyrim,,,Alftand Ruined Tower,Can be found in Alftand Ruined Tower.,Loot/access status needs route validation,,unknown,unknown,unknown,"Travel, cold, carry, restock, gold, and spell-learning timing deferred",source_listed_candidate,SN-000052-spell-tomes-and-learned-spells.md,Source-listed spell tome acquisition; final route source selection pending.
BOOKLOC-001114,OBJ-001042,Spell Tome: Lesser Ward,spell_tome,base_game,Restoration,Skyrim,,,First Lessons,Is given in the First Lessons quest during Tolfdir's lecture.,,Is given in the First Lessons quest during Tolfdir's lecture,unknown,unknown,unknown,"Travel, cold, carry, restock, gold, and spell-learning timing deferred",source_listed_candidate,SN-000052-spell-tomes-and-learned-spells.md,Source-listed spell tome acquisition; final route source selection pending.
BOOKLOC-001115,OBJ-001042,Spell Tome: Lesser Ward,spell_tome,base_game,Restoration,Skyrim,,,Random spell tome loot,Generic novice spell tome random loot source from boss chests and safes.,Random/container source; reliability and ownership not route-ready,Character level 1+ for novice random spell tome loot; route should prefer deterministic sources unless later validated.,unknown,unknown,unknown,"Travel, cold, carry, restock, gold, and spell-learning timing deferred",source_listed_candidate,SN-000052-spell-tomes-and-learned-spells.md,Generic random loot source from UESP spell tome location rules; not a deterministic route choice.
BOOKLOC-001116,OBJ-001043,Spell Tome: Fast Healing,spell_tome,base_game,Restoration,Skyrim,,The Reach,Understone Keep,"Purchase from Calcelmo in Markarth. Source note: Can be purchased from: Calcelmo, Colette Marence, Falion, Farengar Secret-Fire, Madena, Nelacar, Sybille Stentor, Wuunferth the Unliving, Wylandriah.","Merchant transaction; price, stock, and barter setup need route validation",Vendor availability/restock timing needs route validation.,unknown,unknown,unknown,"Travel, cold, carry, restock, gold, and spell-learning timing deferred",provisional_objective_representative,SN-000052-spell-tomes-and-learned-spells.md,Source-listed spell tome acquisition; final route source selection pending.
BOOKLOC-001117,OBJ-001043,Spell Tome: Fast Healing,spell_tome,base_game,Restoration,Skyrim,,Winterhold,College of Winterhold,"Purchase from Colette Marence at the College of Winterhold. Source note: Can be purchased from: Calcelmo, Colette Marence, Falion, Farengar Secret-Fire, Madena, Nelacar, Sybille Stentor, Wuunferth the Unliving, Wylandriah.","Merchant transaction; price, stock, and barter setup need route validation",Vendor availability/restock timing needs route validation.,unknown,unknown,unknown,"Travel, cold, carry, restock, gold, and spell-learning timing deferred",source_listed_candidate,SN-000052-spell-tomes-and-learned-spells.md,Source-listed spell tome acquisition; final route source selection pending.
BOOKLOC-001118,OBJ-001043,Spell Tome: Fast Healing,spell_tome,base_game,Restoration,Skyrim,,Hjaalmarch,Morthal,"Purchase from Falion in Morthal. Source note: Can be purchased from: Calcelmo, Colette Marence, Falion, Farengar Secret-Fire, Madena, Nelacar, Sybille Stentor, Wuunferth the Unliving, Wylandriah.","Merchant transaction; price, stock, and barter setup need route validation",Vendor availability/restock timing needs route validation.,unknown,unknown,unknown,"Travel, cold, carry, restock, gold, and spell-learning timing deferred",source_listed_candidate,SN-000052-spell-tomes-and-learned-spells.md,Source-listed spell tome acquisition; final route source selection pending.
BOOKLOC-001119,OBJ-001043,Spell Tome: Fast Healing,spell_tome,base_game,Restoration,Skyrim,,Whiterun Hold,Dragonsreach,"Purchase from Farengar Secret-Fire in Whiterun. Source note: Can be purchased from: Calcelmo, Colette Marence, Falion, Farengar Secret-Fire, Madena, Nelacar, Sybille Stentor, Wuunferth the Unliving, Wylandriah.","Merchant transaction; price, stock, and barter setup need route validation",Vendor availability/restock timing needs route validation.,unknown,unknown,unknown,"Travel, cold, carry, restock, gold, and spell-learning timing deferred",source_listed_candidate,SN-000052-spell-tomes-and-learned-spells.md,Source-listed spell tome acquisition; final route source selection pending.
BOOKLOC-001120,OBJ-001043,Spell Tome: Fast Healing,spell_tome,base_game,Restoration,Skyrim,,The Pale,The White Hall,"Purchase from Madena in Dawnstar. Source note: Can be purchased from: Calcelmo, Colette Marence, Falion, Farengar Secret-Fire, Madena, Nelacar, Sybille Stentor, Wuunferth the Unliving, Wylandriah.","Merchant transaction; price, stock, and barter setup need route validation",Vendor availability/restock timing needs route validation.,unknown,unknown,unknown,"Travel, cold, carry, restock, gold, and spell-learning timing deferred",source_listed_candidate,SN-000052-spell-tomes-and-learned-spells.md,Source-listed spell tome acquisition; final route source selection pending.
BOOKLOC-001121,OBJ-001043,Spell Tome: Fast Healing,spell_tome,base_game,Restoration,Skyrim,,Winterhold,The Frozen Hearth,"Purchase from Nelacar in Winterhold. Source note: Can be purchased from: Calcelmo, Colette Marence, Falion, Farengar Secret-Fire, Madena, Nelacar, Sybille Stentor, Wuunferth the Unliving, Wylandriah.","Merchant transaction; price, stock, and barter setup need route validation",Vendor availability/restock timing needs route validation.,unknown,unknown,unknown,"Travel, cold, carry, restock, gold, and spell-learning timing deferred",source_listed_candidate,SN-000052-spell-tomes-and-learned-spells.md,Source-listed spell tome acquisition; final route source selection pending.
BOOKLOC-001122,OBJ-001043,Spell Tome: Fast Healing,spell_tome,base_game,Restoration,Skyrim,,Haafingar,Blue Palace,"Purchase from Sybille Stentor in Solitude. Source note: Can be purchased from: Calcelmo, Colette Marence, Falion, Farengar Secret-Fire, Madena, Nelacar, Sybille Stentor, Wuunferth the Unliving, Wylandriah.","Merchant transaction; price, stock, and barter setup need route validation",Vendor availability/restock timing needs route validation.,unknown,unknown,unknown,"Travel, cold, carry, restock, gold, and spell-learning timing deferred",source_listed_candidate,SN-000052-spell-tomes-and-learned-spells.md,Source-listed spell tome acquisition; final route source selection pending.
BOOKLOC-001123,OBJ-001043,Spell Tome: Fast Healing,spell_tome,base_game,Restoration,Skyrim,,Eastmarch,Palace of the Kings,"Purchase from Wuunferth the Unliving in Windhelm. Source note: Can be purchased from: Calcelmo, Colette Marence, Falion, Farengar Secret-Fire, Madena, Nelacar, Sybille Stentor, Wuunferth the Unliving, Wylandriah.","Merchant transaction; price, stock, and barter setup need route validation",Vendor availability/restock timing needs route validation.,unknown,unknown,unknown,"Travel, cold, carry, restock, gold, and spell-learning timing deferred",source_listed_candidate,SN-000052-spell-tomes-and-learned-spells.md,Source-listed spell tome acquisition; final route source selection pending.
BOOKLOC-001124,OBJ-001043,Spell Tome: Fast Healing,spell_tome,base_game,Restoration,Skyrim,,The Rift,Mistveil Keep,"Purchase from Wylandriah in Riften. Source note: Can be purchased from: Calcelmo, Colette Marence, Falion, Farengar Secret-Fire, Madena, Nelacar, Sybille Stentor, Wuunferth the Unliving, Wylandriah.","Merchant transaction; price, stock, and barter setup need route validation",Vendor availability/restock timing needs route validation.,unknown,unknown,unknown,"Travel, cold, carry, restock, gold, and spell-learning timing deferred",source_listed_candidate,SN-000052-spell-tomes-and-learned-spells.md,Source-listed spell tome acquisition; final route source selection pending.
BOOKLOC-001125,OBJ-001043,Spell Tome: Fast Healing,spell_tome,base_game,Restoration,Skyrim,,,Random spell tome loot,Generic apprentice spell tome random loot source from boss chests and safes.,Random/container source; reliability and ownership not route-ready,Character level 11+ for apprentice random spell tome loot; route should prefer deterministic sources unless later validated.,unknown,unknown,unknown,"Travel, cold, carry, restock, gold, and spell-learning timing deferred",source_listed_candidate,SN-000052-spell-tomes-and-learned-spells.md,Generic random loot source from UESP spell tome location rules; not a deterministic route choice.
BOOKLOC-001126,OBJ-001044,Spell Tome: Healing Hands,spell_tome,base_game,Restoration,Skyrim,,The Reach,Understone Keep,"Purchase from Calcelmo in Markarth. Source note: Can be purchased from: Calcelmo, Colette Marence, Falion, Farengar Secret-Fire, Madena, Nelacar, Sybille Stentor, Wuunferth the Unliving, Wylandriah.","Merchant transaction; price, stock, and barter setup need route validation",Vendor availability/restock timing needs route validation.,unknown,unknown,unknown,"Travel, cold, carry, restock, gold, and spell-learning timing deferred",provisional_objective_representative,SN-000052-spell-tomes-and-learned-spells.md,Source-listed spell tome acquisition; final route source selection pending.
BOOKLOC-001127,OBJ-001044,Spell Tome: Healing Hands,spell_tome,base_game,Restoration,Skyrim,,Winterhold,College of Winterhold,"Purchase from Colette Marence at the College of Winterhold. Source note: Can be purchased from: Calcelmo, Colette Marence, Falion, Farengar Secret-Fire, Madena, Nelacar, Sybille Stentor, Wuunferth the Unliving, Wylandriah.","Merchant transaction; price, stock, and barter setup need route validation",Vendor availability/restock timing needs route validation.,unknown,unknown,unknown,"Travel, cold, carry, restock, gold, and spell-learning timing deferred",source_listed_candidate,SN-000052-spell-tomes-and-learned-spells.md,Source-listed spell tome acquisition; final route source selection pending.
BOOKLOC-001128,OBJ-001044,Spell Tome: Healing Hands,spell_tome,base_game,Restoration,Skyrim,,Hjaalmarch,Morthal,"Purchase from Falion in Morthal. Source note: Can be purchased from: Calcelmo, Colette Marence, Falion, Farengar Secret-Fire, Madena, Nelacar, Sybille Stentor, Wuunferth the Unliving, Wylandriah.","Merchant transaction; price, stock, and barter setup need route validation",Vendor availability/restock timing needs route validation.,unknown,unknown,unknown,"Travel, cold, carry, restock, gold, and spell-learning timing deferred",source_listed_candidate,SN-000052-spell-tomes-and-learned-spells.md,Source-listed spell tome acquisition; final route source selection pending.
BOOKLOC-001129,OBJ-001044,Spell Tome: Healing Hands,spell_tome,base_game,Restoration,Skyrim,,Whiterun Hold,Dragonsreach,"Purchase from Farengar Secret-Fire in Whiterun. Source note: Can be purchased from: Calcelmo, Colette Marence, Falion, Farengar Secret-Fire, Madena, Nelacar, Sybille Stentor, Wuunferth the Unliving, Wylandriah.","Merchant transaction; price, stock, and barter setup need route validation",Vendor availability/restock timing needs route validation.,unknown,unknown,unknown,"Travel, cold, carry, restock, gold, and spell-learning timing deferred",source_listed_candidate,SN-000052-spell-tomes-and-learned-spells.md,Source-listed spell tome acquisition; final route source selection pending.
BOOKLOC-001130,OBJ-001044,Spell Tome: Healing Hands,spell_tome,base_game,Restoration,Skyrim,,The Pale,The White Hall,"Purchase from Madena in Dawnstar. Source note: Can be purchased from: Calcelmo, Colette Marence, Falion, Farengar Secret-Fire, Madena, Nelacar, Sybille Stentor, Wuunferth the Unliving, Wylandriah.","Merchant transaction; price, stock, and barter setup need route validation",Vendor availability/restock timing needs route validation.,unknown,unknown,unknown,"Travel, cold, carry, restock, gold, and spell-learning timing deferred",source_listed_candidate,SN-000052-spell-tomes-and-learned-spells.md,Source-listed spell tome acquisition; final route source selection pending.
BOOKLOC-001131,OBJ-001044,Spell Tome: Healing Hands,spell_tome,base_game,Restoration,Skyrim,,Winterhold,The Frozen Hearth,"Purchase from Nelacar in Winterhold. Source note: Can be purchased from: Calcelmo, Colette Marence, Falion, Farengar Secret-Fire, Madena, Nelacar, Sybille Stentor, Wuunferth the Unliving, Wylandriah.","Merchant transaction; price, stock, and barter setup need route validation",Vendor availability/restock timing needs route validation.,unknown,unknown,unknown,"Travel, cold, carry, restock, gold, and spell-learning timing deferred",source_listed_candidate,SN-000052-spell-tomes-and-learned-spells.md,Source-listed spell tome acquisition; final route source selection pending.
BOOKLOC-001132,OBJ-001044,Spell Tome: Healing Hands,spell_tome,base_game,Restoration,Skyrim,,Haafingar,Blue Palace,"Purchase from Sybille Stentor in Solitude. Source note: Can be purchased from: Calcelmo, Colette Marence, Falion, Farengar Secret-Fire, Madena, Nelacar, Sybille Stentor, Wuunferth the Unliving, Wylandriah.","Merchant transaction; price, stock, and barter setup need route validation",Vendor availability/restock timing needs route validation.,unknown,unknown,unknown,"Travel, cold, carry, restock, gold, and spell-learning timing deferred",source_listed_candidate,SN-000052-spell-tomes-and-learned-spells.md,Source-listed spell tome acquisition; final route source selection pending.
BOOKLOC-001133,OBJ-001044,Spell Tome: Healing Hands,spell_tome,base_game,Restoration,Skyrim,,Eastmarch,Palace of the Kings,"Purchase from Wuunferth the Unliving in Windhelm. Source note: Can be purchased from: Calcelmo, Colette Marence, Falion, Farengar Secret-Fire, Madena, Nelacar, Sybille Stentor, Wuunferth the Unliving, Wylandriah.","Merchant transaction; price, stock, and barter setup need route validation",Vendor availability/restock timing needs route validation.,unknown,unknown,unknown,"Travel, cold, carry, restock, gold, and spell-learning timing deferred",source_listed_candidate,SN-000052-spell-tomes-and-learned-spells.md,Source-listed spell tome acquisition; final route source selection pending.
BOOKLOC-001134,OBJ-001044,Spell Tome: Healing Hands,spell_tome,base_game,Restoration,Skyrim,,The Rift,Mistveil Keep,"Purchase from Wylandriah in Riften. Source note: Can be purchased from: Calcelmo, Colette Marence, Falion, Farengar Secret-Fire, Madena, Nelacar, Sybille Stentor, Wuunferth the Unliving, Wylandriah.","Merchant transaction; price, stock, and barter setup need route validation",Vendor availability/restock timing needs route validation.,unknown,unknown,unknown,"Travel, cold, carry, restock, gold, and spell-learning timing deferred",source_listed_candidate,SN-000052-spell-tomes-and-learned-spells.md,Source-listed spell tome acquisition; final route source selection pending.
BOOKLOC-001135,OBJ-001044,Spell Tome: Healing Hands,spell_tome,base_game,Restoration,Skyrim,,,Random spell tome loot,Generic apprentice spell tome random loot source from boss chests and safes.,Random/container source; reliability and ownership not route-ready,Character level 11+ for apprentice random spell tome loot; route should prefer deterministic sources unless later validated.,unknown,unknown,unknown,"Travel, cold, carry, restock, gold, and spell-learning timing deferred",source_listed_candidate,SN-000052-spell-tomes-and-learned-spells.md,Generic random loot source from UESP spell tome location rules; not a deterministic route choice.
BOOKLOC-001136,OBJ-001045,Spell Tome: Necromantic Healing,spell_tome,dawnguard,Restoration,Skyrim,,,Castle Volkihar,Purchase from Ronthil at Castle Volkihar. Source note: Can be purchased from: Ronthil.,"Merchant transaction; price, stock, and barter setup need route validation",Vendor availability/restock timing needs route validation.,unknown,unknown,unknown,"Travel, cold, carry, restock, gold, and spell-learning timing deferred",provisional_objective_representative,SN-000052-spell-tomes-and-learned-spells.md,Source-listed spell tome acquisition; final route source selection pending.
BOOKLOC-001137,OBJ-001045,Spell Tome: Necromantic Healing,spell_tome,dawnguard,Restoration,Skyrim,,,Dimhollow Crypt,Can be found in Dimhollow Crypt.,Loot/access status needs route validation,,unknown,unknown,unknown,"Travel, cold, carry, restock, gold, and spell-learning timing deferred",source_listed_candidate,SN-000052-spell-tomes-and-learned-spells.md,Source-listed spell tome acquisition; final route source selection pending.
BOOKLOC-001138,OBJ-001046,Spell Tome: Steadfast Ward,spell_tome,base_game,Restoration,Skyrim,,The Reach,Understone Keep,"Purchase from Calcelmo in Markarth. Source note: Can be purchased from: Calcelmo, Colette Marence, Falion, Farengar Secret-Fire, Madena, Nelacar, Sybille Stentor, Wuunferth the Unliving, Wylandriah.","Merchant transaction; price, stock, and barter setup need route validation",Vendor availability/restock timing needs route validation.,unknown,unknown,unknown,"Travel, cold, carry, restock, gold, and spell-learning timing deferred",provisional_objective_representative,SN-000052-spell-tomes-and-learned-spells.md,Source-listed spell tome acquisition; final route source selection pending.
BOOKLOC-001139,OBJ-001046,Spell Tome: Steadfast Ward,spell_tome,base_game,Restoration,Skyrim,,Winterhold,College of Winterhold,"Purchase from Colette Marence at the College of Winterhold. Source note: Can be purchased from: Calcelmo, Colette Marence, Falion, Farengar Secret-Fire, Madena, Nelacar, Sybille Stentor, Wuunferth the Unliving, Wylandriah.","Merchant transaction; price, stock, and barter setup need route validation",Vendor availability/restock timing needs route validation.,unknown,unknown,unknown,"Travel, cold, carry, restock, gold, and spell-learning timing deferred",source_listed_candidate,SN-000052-spell-tomes-and-learned-spells.md,Source-listed spell tome acquisition; final route source selection pending.
BOOKLOC-001140,OBJ-001046,Spell Tome: Steadfast Ward,spell_tome,base_game,Restoration,Skyrim,,Hjaalmarch,Morthal,"Purchase from Falion in Morthal. Source note: Can be purchased from: Calcelmo, Colette Marence, Falion, Farengar Secret-Fire, Madena, Nelacar, Sybille Stentor, Wuunferth the Unliving, Wylandriah.","Merchant transaction; price, stock, and barter setup need route validation",Vendor availability/restock timing needs route validation.,unknown,unknown,unknown,"Travel, cold, carry, restock, gold, and spell-learning timing deferred",source_listed_candidate,SN-000052-spell-tomes-and-learned-spells.md,Source-listed spell tome acquisition; final route source selection pending.
BOOKLOC-001141,OBJ-001046,Spell Tome: Steadfast Ward,spell_tome,base_game,Restoration,Skyrim,,Whiterun Hold,Dragonsreach,"Purchase from Farengar Secret-Fire in Whiterun. Source note: Can be purchased from: Calcelmo, Colette Marence, Falion, Farengar Secret-Fire, Madena, Nelacar, Sybille Stentor, Wuunferth the Unliving, Wylandriah.","Merchant transaction; price, stock, and barter setup need route validation",Vendor availability/restock timing needs route validation.,unknown,unknown,unknown,"Travel, cold, carry, restock, gold, and spell-learning timing deferred",source_listed_candidate,SN-000052-spell-tomes-and-learned-spells.md,Source-listed spell tome acquisition; final route source selection pending.
BOOKLOC-001142,OBJ-001046,Spell Tome: Steadfast Ward,spell_tome,base_game,Restoration,Skyrim,,The Pale,The White Hall,"Purchase from Madena in Dawnstar. Source note: Can be purchased from: Calcelmo, Colette Marence, Falion, Farengar Secret-Fire, Madena, Nelacar, Sybille Stentor, Wuunferth the Unliving, Wylandriah.","Merchant transaction; price, stock, and barter setup need route validation",Vendor availability/restock timing needs route validation.,unknown,unknown,unknown,"Travel, cold, carry, restock, gold, and spell-learning timing deferred",source_listed_candidate,SN-000052-spell-tomes-and-learned-spells.md,Source-listed spell tome acquisition; final route source selection pending.
BOOKLOC-001143,OBJ-001046,Spell Tome: Steadfast Ward,spell_tome,base_game,Restoration,Skyrim,,Winterhold,The Frozen Hearth,"Purchase from Nelacar in Winterhold. Source note: Can be purchased from: Calcelmo, Colette Marence, Falion, Farengar Secret-Fire, Madena, Nelacar, Sybille Stentor, Wuunferth the Unliving, Wylandriah.","Merchant transaction; price, stock, and barter setup need route validation",Vendor availability/restock timing needs route validation.,unknown,unknown,unknown,"Travel, cold, carry, restock, gold, and spell-learning timing deferred",source_listed_candidate,SN-000052-spell-tomes-and-learned-spells.md,Source-listed spell tome acquisition; final route source selection pending.
BOOKLOC-001144,OBJ-001046,Spell Tome: Steadfast Ward,spell_tome,base_game,Restoration,Skyrim,,Haafingar,Blue Palace,"Purchase from Sybille Stentor in Solitude. Source note: Can be purchased from: Calcelmo, Colette Marence, Falion, Farengar Secret-Fire, Madena, Nelacar, Sybille Stentor, Wuunferth the Unliving, Wylandriah.","Merchant transaction; price, stock, and barter setup need route validation",Vendor availability/restock timing needs route validation.,unknown,unknown,unknown,"Travel, cold, carry, restock, gold, and spell-learning timing deferred",source_listed_candidate,SN-000052-spell-tomes-and-learned-spells.md,Source-listed spell tome acquisition; final route source selection pending.
BOOKLOC-001145,OBJ-001046,Spell Tome: Steadfast Ward,spell_tome,base_game,Restoration,Skyrim,,Eastmarch,Palace of the Kings,"Purchase from Wuunferth the Unliving in Windhelm. Source note: Can be purchased from: Calcelmo, Colette Marence, Falion, Farengar Secret-Fire, Madena, Nelacar, Sybille Stentor, Wuunferth the Unliving, Wylandriah.","Merchant transaction; price, stock, and barter setup need route validation",Vendor availability/restock timing needs route validation.,unknown,unknown,unknown,"Travel, cold, carry, restock, gold, and spell-learning timing deferred",source_listed_candidate,SN-000052-spell-tomes-and-learned-spells.md,Source-listed spell tome acquisition; final route source selection pending.
BOOKLOC-001146,OBJ-001046,Spell Tome: Steadfast Ward,spell_tome,base_game,Restoration,Skyrim,,The Rift,Mistveil Keep,"Purchase from Wylandriah in Riften. Source note: Can be purchased from: Calcelmo, Colette Marence, Falion, Farengar Secret-Fire, Madena, Nelacar, Sybille Stentor, Wuunferth the Unliving, Wylandriah.","Merchant transaction; price, stock, and barter setup need route validation",Vendor availability/restock timing needs route validation.,unknown,unknown,unknown,"Travel, cold, carry, restock, gold, and spell-learning timing deferred",source_listed_candidate,SN-000052-spell-tomes-and-learned-spells.md,Source-listed spell tome acquisition; final route source selection pending.
BOOKLOC-001147,OBJ-001046,Spell Tome: Steadfast Ward,spell_tome,base_game,Restoration,Skyrim,,,Labyrinthian,Can be found in Labyrinthian.,Loot/access status needs route validation,,unknown,unknown,unknown,"Travel, cold, carry, restock, gold, and spell-learning timing deferred",source_listed_candidate,SN-000052-spell-tomes-and-learned-spells.md,Source-listed spell tome acquisition; final route source selection pending.
BOOKLOC-001148,OBJ-001046,Spell Tome: Steadfast Ward,spell_tome,base_game,Restoration,Skyrim,,,Random spell tome loot,Generic apprentice spell tome random loot source from boss chests and safes.,Random/container source; reliability and ownership not route-ready,Character level 11+ for apprentice random spell tome loot; route should prefer deterministic sources unless later validated.,unknown,unknown,unknown,"Travel, cold, carry, restock, gold, and spell-learning timing deferred",source_listed_candidate,SN-000052-spell-tomes-and-learned-spells.md,Generic random loot source from UESP spell tome location rules; not a deterministic route choice.
BOOKLOC-001149,OBJ-001047,Spell Tome: Sun Fire,spell_tome,dawnguard,Restoration,Skyrim,,The Rift,Fort Dawnguard,Purchase from Sorine Jurard at Fort Dawnguard. Source note: Can be purchased from: Sorine Jurard.,"Merchant transaction; price, stock, and barter setup need route validation",Vendor availability/restock timing needs route validation.,unknown,unknown,unknown,"Travel, cold, carry, restock, gold, and spell-learning timing deferred",provisional_objective_representative,SN-000052-spell-tomes-and-learned-spells.md,Source-listed spell tome acquisition; final route source selection pending.
BOOKLOC-001150,OBJ-001048,Spell Tome: Turn Lesser Undead,spell_tome,base_game,Restoration,Skyrim,,The Reach,Understone Keep,"Purchase from Calcelmo in Markarth. Source note: Can be purchased from: Calcelmo, Colette Marence, Falion, Farengar Secret-Fire, Madena, Nelacar, Sybille Stentor, Wuunferth the Unliving, Wylandriah.","Merchant transaction; price, stock, and barter setup need route validation",Vendor availability/restock timing needs route validation.,unknown,unknown,unknown,"Travel, cold, carry, restock, gold, and spell-learning timing deferred",provisional_objective_representative,SN-000052-spell-tomes-and-learned-spells.md,Source-listed spell tome acquisition; final route source selection pending.
BOOKLOC-001151,OBJ-001048,Spell Tome: Turn Lesser Undead,spell_tome,base_game,Restoration,Skyrim,,Winterhold,College of Winterhold,"Purchase from Colette Marence at the College of Winterhold. Source note: Can be purchased from: Calcelmo, Colette Marence, Falion, Farengar Secret-Fire, Madena, Nelacar, Sybille Stentor, Wuunferth the Unliving, Wylandriah.","Merchant transaction; price, stock, and barter setup need route validation",Vendor availability/restock timing needs route validation.,unknown,unknown,unknown,"Travel, cold, carry, restock, gold, and spell-learning timing deferred",source_listed_candidate,SN-000052-spell-tomes-and-learned-spells.md,Source-listed spell tome acquisition; final route source selection pending.
BOOKLOC-001152,OBJ-001048,Spell Tome: Turn Lesser Undead,spell_tome,base_game,Restoration,Skyrim,,Hjaalmarch,Morthal,"Purchase from Falion in Morthal. Source note: Can be purchased from: Calcelmo, Colette Marence, Falion, Farengar Secret-Fire, Madena, Nelacar, Sybille Stentor, Wuunferth the Unliving, Wylandriah.","Merchant transaction; price, stock, and barter setup need route validation",Vendor availability/restock timing needs route validation.,unknown,unknown,unknown,"Travel, cold, carry, restock, gold, and spell-learning timing deferred",source_listed_candidate,SN-000052-spell-tomes-and-learned-spells.md,Source-listed spell tome acquisition; final route source selection pending.
BOOKLOC-001153,OBJ-001048,Spell Tome: Turn Lesser Undead,spell_tome,base_game,Restoration,Skyrim,,Whiterun Hold,Dragonsreach,"Purchase from Farengar Secret-Fire in Whiterun. Source note: Can be purchased from: Calcelmo, Colette Marence, Falion, Farengar Secret-Fire, Madena, Nelacar, Sybille Stentor, Wuunferth the Unliving, Wylandriah.","Merchant transaction; price, stock, and barter setup need route validation",Vendor availability/restock timing needs route validation.,unknown,unknown,unknown,"Travel, cold, carry, restock, gold, and spell-learning timing deferred",source_listed_candidate,SN-000052-spell-tomes-and-learned-spells.md,Source-listed spell tome acquisition; final route source selection pending.
BOOKLOC-001154,OBJ-001048,Spell Tome: Turn Lesser Undead,spell_tome,base_game,Restoration,Skyrim,,The Pale,The White Hall,"Purchase from Madena in Dawnstar. Source note: Can be purchased from: Calcelmo, Colette Marence, Falion, Farengar Secret-Fire, Madena, Nelacar, Sybille Stentor, Wuunferth the Unliving, Wylandriah.","Merchant transaction; price, stock, and barter setup need route validation",Vendor availability/restock timing needs route validation.,unknown,unknown,unknown,"Travel, cold, carry, restock, gold, and spell-learning timing deferred",source_listed_candidate,SN-000052-spell-tomes-and-learned-spells.md,Source-listed spell tome acquisition; final route source selection pending.
BOOKLOC-001155,OBJ-001048,Spell Tome: Turn Lesser Undead,spell_tome,base_game,Restoration,Skyrim,,Winterhold,The Frozen Hearth,"Purchase from Nelacar in Winterhold. Source note: Can be purchased from: Calcelmo, Colette Marence, Falion, Farengar Secret-Fire, Madena, Nelacar, Sybille Stentor, Wuunferth the Unliving, Wylandriah.","Merchant transaction; price, stock, and barter setup need route validation",Vendor availability/restock timing needs route validation.,unknown,unknown,unknown,"Travel, cold, carry, restock, gold, and spell-learning timing deferred",source_listed_candidate,SN-000052-spell-tomes-and-learned-spells.md,Source-listed spell tome acquisition; final route source selection pending.
BOOKLOC-001156,OBJ-001048,Spell Tome: Turn Lesser Undead,spell_tome,base_game,Restoration,Skyrim,,Haafingar,Blue Palace,"Purchase from Sybille Stentor in Solitude. Source note: Can be purchased from: Calcelmo, Colette Marence, Falion, Farengar Secret-Fire, Madena, Nelacar, Sybille Stentor, Wuunferth the Unliving, Wylandriah.","Merchant transaction; price, stock, and barter setup need route validation",Vendor availability/restock timing needs route validation.,unknown,unknown,unknown,"Travel, cold, carry, restock, gold, and spell-learning timing deferred",source_listed_candidate,SN-000052-spell-tomes-and-learned-spells.md,Source-listed spell tome acquisition; final route source selection pending.
BOOKLOC-001157,OBJ-001048,Spell Tome: Turn Lesser Undead,spell_tome,base_game,Restoration,Skyrim,,Eastmarch,Palace of the Kings,"Purchase from Wuunferth the Unliving in Windhelm. Source note: Can be purchased from: Calcelmo, Colette Marence, Falion, Farengar Secret-Fire, Madena, Nelacar, Sybille Stentor, Wuunferth the Unliving, Wylandriah.","Merchant transaction; price, stock, and barter setup need route validation",Vendor availability/restock timing needs route validation.,unknown,unknown,unknown,"Travel, cold, carry, restock, gold, and spell-learning timing deferred",source_listed_candidate,SN-000052-spell-tomes-and-learned-spells.md,Source-listed spell tome acquisition; final route source selection pending.
BOOKLOC-001158,OBJ-001048,Spell Tome: Turn Lesser Undead,spell_tome,base_game,Restoration,Skyrim,,The Rift,Mistveil Keep,"Purchase from Wylandriah in Riften. Source note: Can be purchased from: Calcelmo, Colette Marence, Falion, Farengar Secret-Fire, Madena, Nelacar, Sybille Stentor, Wuunferth the Unliving, Wylandriah.","Merchant transaction; price, stock, and barter setup need route validation",Vendor availability/restock timing needs route validation.,unknown,unknown,unknown,"Travel, cold, carry, restock, gold, and spell-learning timing deferred",source_listed_candidate,SN-000052-spell-tomes-and-learned-spells.md,Source-listed spell tome acquisition; final route source selection pending.
BOOKLOC-001159,OBJ-001048,Spell Tome: Turn Lesser Undead,spell_tome,base_game,Restoration,Skyrim,,,Random spell tome loot,Generic apprentice spell tome random loot source from boss chests and safes.,Random/container source; reliability and ownership not route-ready,Character level 11+ for apprentice random spell tome loot; route should prefer deterministic sources unless later validated.,unknown,unknown,unknown,"Travel, cold, carry, restock, gold, and spell-learning timing deferred",source_listed_candidate,SN-000052-spell-tomes-and-learned-spells.md,Generic random loot source from UESP spell tome location rules; not a deterministic route choice.
BOOKLOC-001160,OBJ-001049,Spell Tome: Close Wounds,spell_tome,base_game,Restoration,Skyrim,,Winterhold,College of Winterhold,Purchase from Colette Marence at the College of Winterhold. Source note: Can be purchased from: Colette Marence.,"Merchant transaction; price, stock, and barter setup need route validation",Adept vendor stock generally requires school skill 40 and inventory reset; validate per merchant later.,unknown,unknown,unknown,"Travel, cold, carry, restock, gold, and spell-learning timing deferred",provisional_objective_representative,SN-000052-spell-tomes-and-learned-spells.md,Source-listed spell tome acquisition; final route source selection pending.
BOOKLOC-001161,OBJ-001049,Spell Tome: Close Wounds,spell_tome,base_game,Restoration,Skyrim,,,Pilgrimage,"If your Restoration is level 40 or higher, you are rewarded one by the Pilgrimage quest.",,"If your Restoration is level 40 or higher, you are rewarded one by the Pilgrimage quest",unknown,unknown,unknown,"Travel, cold, carry, restock, gold, and spell-learning timing deferred",source_listed_candidate,SN-000052-spell-tomes-and-learned-spells.md,Source-listed spell tome acquisition; final route source selection pending.
BOOKLOC-001162,OBJ-001049,Spell Tome: Close Wounds,spell_tome,base_game,Restoration,Skyrim,,,Random spell tome loot,Generic adept spell tome random loot source from boss chests and safes.,Random/container source; reliability and ownership not route-ready,Character level 23+ for adept random spell tome loot; route should prefer deterministic sources unless later validated.,unknown,unknown,unknown,"Travel, cold, carry, restock, gold, and spell-learning timing deferred",source_listed_candidate,SN-000052-spell-tomes-and-learned-spells.md,Generic random loot source from UESP spell tome location rules; not a deterministic route choice.
BOOKLOC-001163,OBJ-001050,Spell Tome: Greater Ward,spell_tome,base_game,Restoration,Skyrim,,Winterhold,College of Winterhold,Purchase from Colette Marence at the College of Winterhold. Source note: Can be purchased from: Colette Marence.,"Merchant transaction; price, stock, and barter setup need route validation",Adept vendor stock generally requires school skill 40 and inventory reset; validate per merchant later.,unknown,unknown,unknown,"Travel, cold, carry, restock, gold, and spell-learning timing deferred",provisional_objective_representative,SN-000052-spell-tomes-and-learned-spells.md,Source-listed spell tome acquisition; final route source selection pending.
BOOKLOC-001164,OBJ-001050,Spell Tome: Greater Ward,spell_tome,base_game,Restoration,Skyrim,,,Pilgrimage,"If your Restoration is Level 40 or higher, you are rewarded one by the Pilgrimage quest.",,"If your Restoration is Level 40 or higher, you are rewarded one by the Pilgrimage quest",unknown,unknown,unknown,"Travel, cold, carry, restock, gold, and spell-learning timing deferred",source_listed_candidate,SN-000052-spell-tomes-and-learned-spells.md,Source-listed spell tome acquisition; final route source selection pending.
BOOKLOC-001165,OBJ-001050,Spell Tome: Greater Ward,spell_tome,base_game,Restoration,Skyrim,,,Random spell tome loot,Generic adept spell tome random loot source from boss chests and safes.,Random/container source; reliability and ownership not route-ready,Character level 23+ for adept random spell tome loot; route should prefer deterministic sources unless later validated.,unknown,unknown,unknown,"Travel, cold, carry, restock, gold, and spell-learning timing deferred",source_listed_candidate,SN-000052-spell-tomes-and-learned-spells.md,Generic random loot source from UESP spell tome location rules; not a deterministic route choice.
BOOKLOC-001166,OBJ-001051,Spell Tome: Heal Other,spell_tome,base_game,Restoration,Skyrim,,Winterhold,College of Winterhold,Purchase from Colette Marence at the College of Winterhold. Source note: Can be purchased from: Colette Marence.,"Merchant transaction; price, stock, and barter setup need route validation",Adept vendor stock generally requires school skill 40 and inventory reset; validate per merchant later.,unknown,unknown,unknown,"Travel, cold, carry, restock, gold, and spell-learning timing deferred",provisional_objective_representative,SN-000052-spell-tomes-and-learned-spells.md,Source-listed spell tome acquisition; final route source selection pending.
BOOKLOC-001167,OBJ-001051,Spell Tome: Heal Other,spell_tome,base_game,Restoration,Skyrim,,,Shalidor's Maze,Can be found in Shalidor's Maze.,Loot/access status needs route validation,,unknown,unknown,unknown,"Travel, cold, carry, restock, gold, and spell-learning timing deferred",source_listed_candidate,SN-000052-spell-tomes-and-learned-spells.md,Source-listed spell tome acquisition; final route source selection pending.
BOOKLOC-001168,OBJ-001051,Spell Tome: Heal Other,spell_tome,base_game,Restoration,Skyrim,,,Pilgrimage,"If your Restoration is Level 40 or higher, you are rewarded one by the Pilgrimage quest.",,"If your Restoration is Level 40 or higher, you are rewarded one by the Pilgrimage quest",unknown,unknown,unknown,"Travel, cold, carry, restock, gold, and spell-learning timing deferred",source_listed_candidate,SN-000052-spell-tomes-and-learned-spells.md,Source-listed spell tome acquisition; final route source selection pending.
BOOKLOC-001169,OBJ-001051,Spell Tome: Heal Other,spell_tome,base_game,Restoration,Skyrim,,,Random spell tome loot,Generic adept spell tome random loot source from boss chests and safes.,Random/container source; reliability and ownership not route-ready,Character level 23+ for adept random spell tome loot; route should prefer deterministic sources unless later validated.,unknown,unknown,unknown,"Travel, cold, carry, restock, gold, and spell-learning timing deferred",source_listed_candidate,SN-000052-spell-tomes-and-learned-spells.md,Generic random loot source from UESP spell tome location rules; not a deterministic route choice.
BOOKLOC-001170,OBJ-001052,Spell Tome: Heal Undead,spell_tome,dawnguard,Restoration,Skyrim,,,Castle Volkihar,Purchase from Ronthil at Castle Volkihar. Source note: Can be purchased from: Ronthil.,"Merchant transaction; price, stock, and barter setup need route validation",Vendor availability/restock timing needs route validation.,unknown,unknown,unknown,"Travel, cold, carry, restock, gold, and spell-learning timing deferred",provisional_objective_representative,SN-000052-spell-tomes-and-learned-spells.md,Source-listed spell tome acquisition; final route source selection pending.
BOOKLOC-001171,OBJ-001053,Spell Tome: Poison Rune,spell_tome,dragonborn,Restoration,Solstheim,,,Tel Mithryn,Purchase from Talvas Fathryon at Tel Mithryn. Source note: Can be purchased from: Talvas Fathryon (after From the Ashes).,"Merchant transaction; price, stock, and barter setup need route validation",Vendor availability/restock timing needs route validation.,unknown,unknown,unknown,"Travel, cold, carry, restock, gold, and spell-learning timing deferred",provisional_objective_representative,SN-000052-spell-tomes-and-learned-spells.md,Source-listed spell tome acquisition; final route source selection pending.
BOOKLOC-001172,OBJ-001054,Spell Tome: Repel Lesser Undead,spell_tome,base_game,Restoration,Skyrim,,Winterhold,College of Winterhold,Purchase from Colette Marence at the College of Winterhold. Source note: Can be purchased from: Colette Marence.,"Merchant transaction; price, stock, and barter setup need route validation",Adept vendor stock generally requires school skill 40 and inventory reset; validate per merchant later.,unknown,unknown,unknown,"Travel, cold, carry, restock, gold, and spell-learning timing deferred",provisional_objective_representative,SN-000052-spell-tomes-and-learned-spells.md,Source-listed spell tome acquisition; final route source selection pending.
BOOKLOC-001173,OBJ-001054,Spell Tome: Repel Lesser Undead,spell_tome,base_game,Restoration,Skyrim,,,Pilgrimage,"If your Restoration is Level 40 or higher, it is a possible reward from the quest Pilgrimage.",,"If your Restoration is Level 40 or higher, it is a possible reward from the quest Pilgrimage",unknown,unknown,unknown,"Travel, cold, carry, restock, gold, and spell-learning timing deferred",source_listed_candidate,SN-000052-spell-tomes-and-learned-spells.md,Source-listed spell tome acquisition; final route source selection pending.
BOOKLOC-001174,OBJ-001054,Spell Tome: Repel Lesser Undead,spell_tome,base_game,Restoration,Skyrim,,,Random spell tome loot,Generic adept spell tome random loot source from boss chests and safes.,Random/container source; reliability and ownership not route-ready,Character level 23+ for adept random spell tome loot; route should prefer deterministic sources unless later validated.,unknown,unknown,unknown,"Travel, cold, carry, restock, gold, and spell-learning timing deferred",source_listed_candidate,SN-000052-spell-tomes-and-learned-spells.md,Generic random loot source from UESP spell tome location rules; not a deterministic route choice.
BOOKLOC-001175,OBJ-001055,Spell Tome: Stendarr's Aura,spell_tome,dawnguard,Restoration,Skyrim,,The Rift,Fort Dawnguard,Purchase from Florentius Baenius at Fort Dawnguard. Source note: Can be purchased from: Florentius Baenius.,"Merchant transaction; price, stock, and barter setup need route validation",Vendor availability/restock timing needs route validation.,unknown,unknown,unknown,"Travel, cold, carry, restock, gold, and spell-learning timing deferred",provisional_objective_representative,SN-000052-spell-tomes-and-learned-spells.md,Source-listed spell tome acquisition; final route source selection pending.
BOOKLOC-001176,OBJ-001056,Spell Tome: Turn Undead,spell_tome,base_game,Restoration,Skyrim,,Winterhold,College of Winterhold,Purchase from Colette Marence at the College of Winterhold. Source note: Can be purchased from: Colette Marence.,"Merchant transaction; price, stock, and barter setup need route validation",Adept vendor stock generally requires school skill 40 and inventory reset; validate per merchant later.,unknown,unknown,unknown,"Travel, cold, carry, restock, gold, and spell-learning timing deferred",provisional_objective_representative,SN-000052-spell-tomes-and-learned-spells.md,Source-listed spell tome acquisition; final route source selection pending.
BOOKLOC-001177,OBJ-001056,Spell Tome: Turn Undead,spell_tome,base_game,Restoration,Skyrim,,,Pilgrimage,"If your Restoration is Level 40 or higher, you are rewarded one by the Pilgrimage quest.",,"If your Restoration is Level 40 or higher, you are rewarded one by the Pilgrimage quest",unknown,unknown,unknown,"Travel, cold, carry, restock, gold, and spell-learning timing deferred",source_listed_candidate,SN-000052-spell-tomes-and-learned-spells.md,Source-listed spell tome acquisition; final route source selection pending.
BOOKLOC-001178,OBJ-001056,Spell Tome: Turn Undead,spell_tome,base_game,Restoration,Skyrim,,,The Wolf Queen Awakened,Is given in The Wolf Queen Awakened quest when you speak to Styrr.,,Is given in The Wolf Queen Awakened quest when you speak to Styrr,unknown,unknown,unknown,"Travel, cold, carry, restock, gold, and spell-learning timing deferred",source_listed_candidate,SN-000052-spell-tomes-and-learned-spells.md,Source-listed spell tome acquisition; final route source selection pending.
BOOKLOC-001179,OBJ-001056,Spell Tome: Turn Undead,spell_tome,base_game,Restoration,Skyrim,,,Random spell tome loot,Generic adept spell tome random loot source from boss chests and safes.,Random/container source; reliability and ownership not route-ready,Character level 23+ for adept random spell tome loot; route should prefer deterministic sources unless later validated.,unknown,unknown,unknown,"Travel, cold, carry, restock, gold, and spell-learning timing deferred",source_listed_candidate,SN-000052-spell-tomes-and-learned-spells.md,Generic random loot source from UESP spell tome location rules; not a deterministic route choice.
BOOKLOC-001180,OBJ-001057,Spell Tome: Vampire's Bane,spell_tome,dawnguard,Restoration,Skyrim,,The Rift,Fort Dawnguard,Purchase from Florentius Baenius at Fort Dawnguard. Source note: Can be purchased from: Florentius Baenius.,"Merchant transaction; price, stock, and barter setup need route validation",Vendor availability/restock timing needs route validation.,unknown,unknown,unknown,"Travel, cold, carry, restock, gold, and spell-learning timing deferred",provisional_objective_representative,SN-000052-spell-tomes-and-learned-spells.md,Source-listed spell tome acquisition; final route source selection pending.
BOOKLOC-001181,OBJ-001058,Spell Tome: Circle of Protection,spell_tome,base_game,Restoration,Skyrim,,Winterhold,College of Winterhold,Purchase from Colette Marence at the College of Winterhold. Source note: Can be purchased from: Colette Marence.,"Merchant transaction; price, stock, and barter setup need route validation",Expert vendor stock generally requires school skill 65 and inventory reset; validate per merchant later.,unknown,unknown,unknown,"Travel, cold, carry, restock, gold, and spell-learning timing deferred",provisional_objective_representative,SN-000052-spell-tomes-and-learned-spells.md,Source-listed spell tome acquisition; final route source selection pending.
BOOKLOC-001182,OBJ-001058,Spell Tome: Circle of Protection,spell_tome,base_game,Restoration,Skyrim,,,Random spell tome loot,Generic expert spell tome random loot source from boss chests and safes.,Random/container source; reliability and ownership not route-ready,Character level 35+ for expert random spell tome loot; route should prefer deterministic sources unless later validated.,unknown,unknown,possible,"Travel, cold, carry, restock, gold, and spell-learning timing deferred",source_listed_candidate,SN-000052-spell-tomes-and-learned-spells.md,Generic random loot source from UESP spell tome location rules; not a deterministic route choice.
BOOKLOC-001183,OBJ-001059,Spell Tome: Grand Healing,spell_tome,base_game,Restoration,Skyrim,,Winterhold,College of Winterhold,Purchase from Colette Marence at the College of Winterhold. Source note: Can be purchased from: Colette Marence.,"Merchant transaction; price, stock, and barter setup need route validation",Expert vendor stock generally requires school skill 65 and inventory reset; validate per merchant later.,unknown,unknown,unknown,"Travel, cold, carry, restock, gold, and spell-learning timing deferred",provisional_objective_representative,SN-000052-spell-tomes-and-learned-spells.md,Source-listed spell tome acquisition; final route source selection pending.
BOOKLOC-001184,OBJ-001059,Spell Tome: Grand Healing,spell_tome,base_game,Restoration,Skyrim,,,Random spell tome loot,Generic expert spell tome random loot source from boss chests and safes.,Random/container source; reliability and ownership not route-ready,Character level 35+ for expert random spell tome loot; route should prefer deterministic sources unless later validated.,unknown,unknown,possible,"Travel, cold, carry, restock, gold, and spell-learning timing deferred",source_listed_candidate,SN-000052-spell-tomes-and-learned-spells.md,Generic random loot source from UESP spell tome location rules; not a deterministic route choice.
BOOKLOC-001185,OBJ-001060,Spell Tome: Repel Undead,spell_tome,base_game,Restoration,Skyrim,,Winterhold,College of Winterhold,Purchase from Colette Marence at the College of Winterhold. Source note: Can be purchased from: Colette Marence.,"Merchant transaction; price, stock, and barter setup need route validation",Expert vendor stock generally requires school skill 65 and inventory reset; validate per merchant later.,unknown,unknown,unknown,"Travel, cold, carry, restock, gold, and spell-learning timing deferred",provisional_objective_representative,SN-000052-spell-tomes-and-learned-spells.md,Source-listed spell tome acquisition; final route source selection pending.
BOOKLOC-001186,OBJ-001060,Spell Tome: Repel Undead,spell_tome,base_game,Restoration,Skyrim,,,Random spell tome loot,Generic expert spell tome random loot source from boss chests and safes.,Random/container source; reliability and ownership not route-ready,Character level 35+ for expert random spell tome loot; route should prefer deterministic sources unless later validated.,unknown,unknown,possible,"Travel, cold, carry, restock, gold, and spell-learning timing deferred",source_listed_candidate,SN-000052-spell-tomes-and-learned-spells.md,Generic random loot source from UESP spell tome location rules; not a deterministic route choice.
BOOKLOC-001187,OBJ-001061,Spell Tome: Turn Greater Undead,spell_tome,base_game,Restoration,Skyrim,,Winterhold,College of Winterhold,Purchase from Colette Marence at the College of Winterhold. Source note: Can be purchased from: Colette Marence.,"Merchant transaction; price, stock, and barter setup need route validation",Expert vendor stock generally requires school skill 65 and inventory reset; validate per merchant later.,unknown,unknown,unknown,"Travel, cold, carry, restock, gold, and spell-learning timing deferred",provisional_objective_representative,SN-000052-spell-tomes-and-learned-spells.md,Source-listed spell tome acquisition; final route source selection pending.
BOOKLOC-001188,OBJ-001061,Spell Tome: Turn Greater Undead,spell_tome,base_game,Restoration,Skyrim,,,Random spell tome loot,Generic expert spell tome random loot source from boss chests and safes.,Random/container source; reliability and ownership not route-ready,Character level 35+ for expert random spell tome loot; route should prefer deterministic sources unless later validated.,unknown,unknown,possible,"Travel, cold, carry, restock, gold, and spell-learning timing deferred",source_listed_candidate,SN-000052-spell-tomes-and-learned-spells.md,Generic random loot source from UESP spell tome location rules; not a deterministic route choice.
BOOKLOC-001189,OBJ-001062,Spell Tome: Bane of the Undead,spell_tome,base_game,Restoration,Skyrim,,,Restoration Ritual Spell,Reward for quest Restoration Ritual Spell.,,Reward for quest Restoration Ritual Spell,unknown,unknown,unknown,"Travel, cold, carry, restock, gold, and spell-learning timing deferred",provisional_objective_representative,SN-000052-spell-tomes-and-learned-spells.md,Source-listed spell tome acquisition; final route source selection pending.
BOOKLOC-001190,OBJ-001063,Spell Tome: Guardian Circle,spell_tome,base_game,Restoration,Skyrim,,Winterhold,College of Winterhold,Purchase from Colette Marence at the College of Winterhold. Source note: Can be purchased from: Colette Marence (only after Restoration Ritual Spell has been completed).,"Merchant transaction; price, stock, and barter setup need route validation",Can be purchased from: Colette Marence (only after Restoration Ritual Spell has been completed) | Master tome purchase requires the relevant ritual spell quest; validate ritual completion timing later.,unknown,unknown,unknown,"Travel, cold, carry, restock, gold, and spell-learning timing deferred",provisional_objective_representative,SN-000052-spell-tomes-and-learned-spells.md,Source-listed spell tome acquisition; final route source selection pending.
