alchemy_record_id,objective_id,ingredient_name,ingredient_variant,ingredient_section,source_content,source_page,source_id,form_id,effect_1,effect_2,effect_3,effect_4,value,weight,merchant_availability,garden_planting,source_note,content_scope_note,discovery_policy,route_treatment,citations,notes
ALCHEMY-000001,OBJ-002527,Abecean Longfin,,standard,base_game,https://en.uesp.net/wiki/Skyrim:Ingredients,SRC-000294,00 106e1b,Weakness to Frost,Fortify Sneak,Weakness to Poison,Fortify Restoration,15,0.5,Common,not_listed,Collected by catching Abacean Longfin fish.,,discover_all_four_effects,source_listed_ingredient_effects,SN-000084-alchemy-ingredient-effect-discovery.md,"Source-listed ingredient effect record; exact acquisition copy, recipe sequence, and route timing deferred."
ALCHEMY-000002,OBJ-002528,Aloe Vera Leaves,,standard,base_game,https://en.uesp.net/wiki/Skyrim:Ingredients,SRC-000294,FE xxx 0D0,Restore Health,Restore Stamina,"Damage Magicka (1.67x, 1.71x)",Invisibility,1,0.1,Khajiit Traders,2,"Added by Special Edition Patch 1.6.1130 on December 5, 2023.",Listed under Standard Ingredients but noted as added by Special Edition Patch 1.6.1130; PS4 AE scope validation deferred.,discover_all_four_effects,source_listed_ingredient_effects,SN-000084-alchemy-ingredient-effect-discovery.md,"Source-listed ingredient effect record; exact acquisition copy, recipe sequence, and route timing deferred. Patch-added standard ingredient; scope validation deferred."
ALCHEMY-000003,OBJ-002529,Ancestor Moth Wing,,standard,dawnguard,https://en.uesp.net/wiki/Skyrim:Ingredients,SRC-000294,xx 0059ba,Damage Stamina,Fortify Conjuration,Damage Magicka Regen,Fortify Enchanting,2,0.1,None,not_listed,Collected by catching Ancestor Moths.,,discover_all_four_effects,source_listed_ingredient_effects,SN-000084-alchemy-ingredient-effect-discovery.md,"Source-listed ingredient effect record; exact acquisition copy, recipe sequence, and route timing deferred."
ALCHEMY-000004,OBJ-002530,Ash Creep Cluster,,standard,dragonborn,https://en.uesp.net/wiki/Skyrim:Ingredients,SRC-000294,xx 01cd74,Damage Stamina,Invisibility,Resist Fire,Fortify Destruction,20,0.25,Rare,not_listed,Harvested from creep cluster plants unique to Solstheim.,,discover_all_four_effects,source_listed_ingredient_effects,SN-000084-alchemy-ingredient-effect-discovery.md,"Source-listed ingredient effect record; exact acquisition copy, recipe sequence, and route timing deferred."
ALCHEMY-000005,OBJ-002531,Ash Hopper Jelly,,standard,dragonborn,https://en.uesp.net/wiki/Skyrim:Ingredients,SRC-000294,xx 01cd71,Restore Health,Fortify Light Armor,Resist Shock,Weakness to Frost,20,0.25,not_listed,not_listed,Collected from dead ash hoppers.,,discover_all_four_effects,source_listed_ingredient_effects,SN-000084-alchemy-ingredient-effect-discovery.md,"Source-listed ingredient effect record; exact acquisition copy, recipe sequence, and route timing deferred."
ALCHEMY-000006,OBJ-002532,Ashen Grass Pod,,standard,dragonborn,https://en.uesp.net/wiki/Skyrim:Ingredients,SRC-000294,xx 016e26,"Resist Fire (1.33x, 1.36x)",Weakness to Shock,Fortify Lockpicking,Fortify Sneak,1,0.1,not_listed,not_listed,Harvested from spiky grass plants unique to Solstheim.,,discover_all_four_effects,source_listed_ingredient_effects,SN-000084-alchemy-ingredient-effect-discovery.md,"Source-listed ingredient effect record; exact acquisition copy, recipe sequence, and route timing deferred."
ALCHEMY-000007,OBJ-002533,Bear Claws,,standard,base_game,https://en.uesp.net/wiki/Skyrim:Ingredients,SRC-000294,00 06bc02,"Restore Stamina (0.8x, 0.78x)",Fortify Health,Fortify One-handed,Damage Magicka Regen,2,0.1,None (Uncommon),not_listed,Collected from various types of dead Bears.,,discover_all_four_effects,source_listed_ingredient_effects,SN-000084-alchemy-ingredient-effect-discovery.md,"Source-listed ingredient effect record; exact acquisition copy, recipe sequence, and route timing deferred."
ALCHEMY-000008,OBJ-002534,Bee,,standard,base_game,https://en.uesp.net/wiki/Skyrim:Ingredients,SRC-000294,00 0a9195,Restore Stamina,Ravage Stamina,Regenerate Stamina,Weakness to Shock,3,0.1,Common,not_listed,Collected from beehives and by catching Bees.,,discover_all_four_effects,source_listed_ingredient_effects,SN-000084-alchemy-ingredient-effect-discovery.md,"Source-listed ingredient effect record; exact acquisition copy, recipe sequence, and route timing deferred."
ALCHEMY-000009,OBJ-002535,Beehive Husk,,standard,base_game,https://en.uesp.net/wiki/Skyrim:Ingredients,SRC-000294,00 0a9191,Resist Poison (0.5x),Fortify Light Armor,Fortify Sneak,Fortify Destruction,5,1,None (Common),not_listed,Collected from beehives.,,discover_all_four_effects,source_listed_ingredient_effects,SN-000084-alchemy-ingredient-effect-discovery.md,"Source-listed ingredient effect record; exact acquisition copy, recipe sequence, and route timing deferred."
ALCHEMY-000010,OBJ-002536,Bleeding Crown,,standard,base_game,https://en.uesp.net/wiki/Skyrim:Ingredients,SRC-000294,00 04da20,Weakness to Fire,Fortify Block,Weakness to Poison,Resist Magic,10,0.3,Uncommon,3,"Harvested from Bleeding Crown, a mushroom found in various caves.",,discover_all_four_effects,source_listed_ingredient_effects,SN-000084-alchemy-ingredient-effect-discovery.md,"Source-listed ingredient effect record; exact acquisition copy, recipe sequence, and route timing deferred."
ALCHEMY-000011,OBJ-002537,Blisterwort,,standard,base_game,https://en.uesp.net/wiki/Skyrim:Ingredients,SRC-000294,00 04da25,Damage Stamina,Frenzy,"Restore Health (0.6x, 0.57x)",Fortify Smithing,12,0.2,Uncommon,4,Harvested from Blisterwort mushrooms found in various caves.,,discover_all_four_effects,source_listed_ingredient_effects,SN-000084-alchemy-ingredient-effect-discovery.md,"Source-listed ingredient effect record; exact acquisition copy, recipe sequence, and route timing deferred."
ALCHEMY-000012,OBJ-002538,Blue Butterfly Wing,,standard,base_game,https://en.uesp.net/wiki/Skyrim:Ingredients,SRC-000294,00 0727de,Damage Stamina,Fortify Conjuration,Damage Magicka Regen,Fortify Enchanting,2,0.1,Uncommon,not_listed,Collected by catching Blue Butterflies. Often found during daylight hours near flowering plants.,,discover_all_four_effects,source_listed_ingredient_effects,SN-000084-alchemy-ingredient-effect-discovery.md,"Source-listed ingredient effect record; exact acquisition copy, recipe sequence, and route timing deferred."
ALCHEMY-000013,OBJ-002539,Blue Dartwing,,standard,base_game,https://en.uesp.net/wiki/Skyrim:Ingredients,SRC-000294,00 0e4f0c,Resist Shock,Fortify Pickpocket,Restore Health,Fear,1,0.1,None (Uncommon),not_listed,Collected by catching Dragonflies found near rivers and streams below the snow line.,,discover_all_four_effects,source_listed_ingredient_effects,SN-000084-alchemy-ingredient-effect-discovery.md,"Source-listed ingredient effect record; exact acquisition copy, recipe sequence, and route timing deferred."
ALCHEMY-000014,OBJ-002540,Blue Mountain Flower,,standard,base_game,https://en.uesp.net/wiki/Skyrim:Ingredients,SRC-000294,00 077e1c,Restore Health,Fortify Conjuration,Fortify Health,Damage Magicka Regen,2,0.1,Common,3,"Harvested from the blue variety of Mountain Flower, found throughout Skyrim.",,discover_all_four_effects,source_listed_ingredient_effects,SN-000084-alchemy-ingredient-effect-discovery.md,"Source-listed ingredient effect record; exact acquisition copy, recipe sequence, and route timing deferred."
ALCHEMY-000015,OBJ-002541,Boar Tusk,,standard,dragonborn,https://en.uesp.net/wiki/Skyrim:Ingredients,SRC-000294,xx 01cd6f,"Fortify Stamina (1.25x, 5x, 7.5x)","Fortify Health (5x, 5.9x)",Fortify Block,Frenzy,20,0.5,not_listed,not_listed,Collected from dead bristlebacks and rieklings.,,discover_all_four_effects,source_listed_ingredient_effects,SN-000084-alchemy-ingredient-effect-discovery.md,"Source-listed ingredient effect record; exact acquisition copy, recipe sequence, and route timing deferred."
ALCHEMY-000016,OBJ-002542,Bone Meal,,standard,base_game,https://en.uesp.net/wiki/Skyrim:Ingredients,SRC-000294,00 034cdd,Damage Stamina,Resist Fire,Fortify Conjuration,Ravage Stamina,5,0.5,Common,not_listed,"Collected from undead such as skeletons, and Draugr.",,discover_all_four_effects,source_listed_ingredient_effects,SN-000084-alchemy-ingredient-effect-discovery.md,"Source-listed ingredient effect record; exact acquisition copy, recipe sequence, and route timing deferred."
ALCHEMY-000017,OBJ-002543,Briar Heart,,standard,base_game,https://en.uesp.net/wiki/Skyrim:Ingredients,SRC-000294,00 03ad61,Restore Magicka,Fortify Block (0.5x),Paralysis,Fortify Magicka,20,0.5,Rare,not_listed,Collected from Forsworn Briarhearts.,,discover_all_four_effects,source_listed_ingredient_effects,SN-000084-alchemy-ingredient-effect-discovery.md,"Source-listed ingredient effect record; exact acquisition copy, recipe sequence, and route timing deferred."
ALCHEMY-000018,OBJ-002544,Burnt Spriggan Wood,,standard,dragonborn,https://en.uesp.net/wiki/Skyrim:Ingredients,SRC-000294,xx 01cd6e,Weakness to Fire,Fortify Alteration,Damage Magicka Regen,Slow,20,0.5,not_listed,not_listed,Collected from dead burnt spriggans.,,discover_all_four_effects,source_listed_ingredient_effects,SN-000084-alchemy-ingredient-effect-discovery.md,"Source-listed ingredient effect record; exact acquisition copy, recipe sequence, and route timing deferred."
ALCHEMY-000019,OBJ-002545,Butterfly Wing,,standard,base_game,https://en.uesp.net/wiki/Skyrim:Ingredients,SRC-000294,00 0727e0,Restore Health,Fortify Barter,Lingering Damage Stamina,Damage Magicka,3,0.1,Uncommon,not_listed,Collected from catching Monarch Butterflies. Often found during daylight hours near flowering plants.,,discover_all_four_effects,source_listed_ingredient_effects,SN-000084-alchemy-ingredient-effect-discovery.md,"Source-listed ingredient effect record; exact acquisition copy, recipe sequence, and route timing deferred."
ALCHEMY-000020,OBJ-002546,Canis Root,,standard,base_game,https://en.uesp.net/wiki/Skyrim:Ingredients,SRC-000294,00 06abcb,Damage Stamina,Fortify One-handed,Fortify Marksman,Paralysis,5,0.1,Uncommon,4,"Harvested from Canis Root, found in The Rift and Hjaalmarch.",,discover_all_four_effects,source_listed_ingredient_effects,SN-000084-alchemy-ingredient-effect-discovery.md,"Source-listed ingredient effect record; exact acquisition copy, recipe sequence, and route timing deferred."
ALCHEMY-000021,OBJ-002547,Charred Skeever Hide,,standard,base_game,https://en.uesp.net/wiki/Skyrim:Ingredients,SRC-000294,00 052695,Restore Stamina,Cure Disease (0.36x),Resist Poison,Restore Health,1,0.5,Uncommon,not_listed,"Food, collected from dead Skeevers found on roasting spits.",,discover_all_four_effects,source_listed_ingredient_effects,SN-000084-alchemy-ingredient-effect-discovery.md,"Source-listed ingredient effect record; exact acquisition copy, recipe sequence, and route timing deferred."
ALCHEMY-000022,OBJ-002548,Chaurus Eggs,,standard,base_game,https://en.uesp.net/wiki/Skyrim:Ingredients,SRC-000294,00 03ad56,Weakness to Poison,Fortify Stamina,Damage Magicka,Invisibility,10,0.2,Uncommon,not_listed,"Collected from Chaurus Egg Sacs, found in Falmer caves.",,discover_all_four_effects,source_listed_ingredient_effects,SN-000084-alchemy-ingredient-effect-discovery.md,"Source-listed ingredient effect record; exact acquisition copy, recipe sequence, and route timing deferred."
ALCHEMY-000023,OBJ-002549,Chaurus Hunter Antennae,,standard,dawnguard,https://en.uesp.net/wiki/Skyrim:Ingredients,SRC-000294,xx 0183b7,Damage Stamina,Fortify Conjuration,Damage Magicka Regen,Fortify Enchanting,2,0.1,None,not_listed,Collected from dead Chaurus Hunters and Chaurus Hunter Fledglings.,,discover_all_four_effects,source_listed_ingredient_effects,SN-000084-alchemy-ingredient-effect-discovery.md,"Source-listed ingredient effect record; exact acquisition copy, recipe sequence, and route timing deferred."
ALCHEMY-000024,OBJ-002550,Chicken's Egg,,standard,base_game,https://en.uesp.net/wiki/Skyrim:Ingredients,SRC-000294,00 023d77,Resist Magic,Damage Magicka Regen,Waterbreathing,Lingering Damage Stamina,2,0.5,Uncommon,not_listed,"Food, harvested from Chicken nests in various farms.",,discover_all_four_effects,source_listed_ingredient_effects,SN-000084-alchemy-ingredient-effect-discovery.md,"Source-listed ingredient effect record; exact acquisition copy, recipe sequence, and route timing deferred."
ALCHEMY-000025,OBJ-002551,Creep Cluster,,standard,base_game,https://en.uesp.net/wiki/Skyrim:Ingredients,SRC-000294,00 0b2183,Restore Magicka,Damage Stamina Regen,Fortify Carry Weight,Weakness to Magic,1,0.2,Uncommon,5,"Harvested from Creep Cluster, found in the volcanic tundra of Eastmarch.",,discover_all_four_effects,source_listed_ingredient_effects,SN-000084-alchemy-ingredient-effect-discovery.md,"Source-listed ingredient effect record; exact acquisition copy, recipe sequence, and route timing deferred."
ALCHEMY-000026,OBJ-002552,Crimson Nirnroot,,standard,base_game,https://en.uesp.net/wiki/Skyrim:Ingredients,SRC-000294,00 0b701a,Damage Health (3x),Damage Stamina (3x),Invisibility,Resist Magic,10,0.2,None,not_listed,"Harvested from Crimson Nirnroot, found in Blackreach, needed for the quest A Return To Your Roots.",,discover_all_four_effects,source_listed_ingredient_effects,SN-000084-alchemy-ingredient-effect-discovery.md,"Source-listed ingredient effect record; exact acquisition copy, recipe sequence, and route timing deferred."
ALCHEMY-000027,OBJ-002553,Cyrodilic Spadetail,,standard,base_game,https://en.uesp.net/wiki/Skyrim:Ingredients,SRC-000294,00 106e19,Damage Stamina,Fortify Restoration,Fear,Ravage Health,15,0.25,Common,not_listed,Collected by catching Cyrodilic Spadetail fish.,,discover_all_four_effects,source_listed_ingredient_effects,SN-000084-alchemy-ingredient-effect-discovery.md,"Source-listed ingredient effect record; exact acquisition copy, recipe sequence, and route timing deferred."
ALCHEMY-000028,OBJ-002554,Daedra Heart,,standard,base_game,https://en.uesp.net/wiki/Skyrim:Ingredients,SRC-000294,00 03ad5b,Restore Health,Damage Stamina Regen,Damage Magicka,Fear,250,0.5,Rare,not_listed,Collected from dead Dremora.,,discover_all_four_effects,source_listed_ingredient_effects,SN-000084-alchemy-ingredient-effect-discovery.md,"Source-listed ingredient effect record; exact acquisition copy, recipe sequence, and route timing deferred."
ALCHEMY-000029,OBJ-002555,Deathbell,,standard,base_game,https://en.uesp.net/wiki/Skyrim:Ingredients,SRC-000294,00 0516c8,Damage Health (1.5x),Ravage Stamina (2.1x),Slow,Weakness to Poison,4,0.1,Rare,3,"Harvested from Deathbell, found in Hjaalmarch. Needed for the quests Few and Far Between and The Only Cure.",,discover_all_four_effects,source_listed_ingredient_effects,SN-000084-alchemy-ingredient-effect-discovery.md,"Source-listed ingredient effect record; exact acquisition copy, recipe sequence, and route timing deferred."
ALCHEMY-000030,OBJ-002556,Dragon's Tongue,,standard,base_game,https://en.uesp.net/wiki/Skyrim:Ingredients,SRC-000294,00 0889a2,Resist Fire,Fortify Barter,Fortify Illusion,Fortify Two-handed,5,0.1,Common,4,"Harvested from Dragon's Tongue, found in the volcanic tundra of Eastmarch.",,discover_all_four_effects,source_listed_ingredient_effects,SN-000084-alchemy-ingredient-effect-discovery.md,"Source-listed ingredient effect record; exact acquisition copy, recipe sequence, and route timing deferred."
ALCHEMY-000031,OBJ-002557,Dwarven Oil,,standard,base_game,https://en.uesp.net/wiki/Skyrim:Ingredients,SRC-000294,00 0f11c0,Weakness to Magic,Fortify Illusion,Regenerate Magicka,Restore Magicka,15,0.25,Uncommon,not_listed,"Collected from destroyed Dwarven Automatons, found in Dwarven Ruins.",,discover_all_four_effects,source_listed_ingredient_effects,SN-000084-alchemy-ingredient-effect-discovery.md,"Source-listed ingredient effect record; exact acquisition copy, recipe sequence, and route timing deferred."
ALCHEMY-000032,OBJ-002558,Ectoplasm,,standard,base_game,https://en.uesp.net/wiki/Skyrim:Ingredients,SRC-000294,00 03ad63,Restore Magicka,Fortify Destruction (0.8x),Fortify Magicka,Damage Health,25,0.1,Uncommon,not_listed,Collected from undead Ghosts.,,discover_all_four_effects,source_listed_ingredient_effects,SN-000084-alchemy-ingredient-effect-discovery.md,"Source-listed ingredient effect record; exact acquisition copy, recipe sequence, and route timing deferred."
ALCHEMY-000033,OBJ-002559,Elves Ear,,standard,base_game,https://en.uesp.net/wiki/Skyrim:Ingredients,SRC-000294,00 034d31,Restore Magicka,Fortify Marksman,Weakness to Frost,Resist Fire,10,0.1,Common,not_listed,Harvested from Dried Elves Ear bunches found in homes and camps.,,discover_all_four_effects,source_listed_ingredient_effects,SN-000084-alchemy-ingredient-effect-discovery.md,"Source-listed ingredient effect record; exact acquisition copy, recipe sequence, and route timing deferred."
ALCHEMY-000034,OBJ-002560,Emperor Parasol Moss,,standard,dragonborn,https://en.uesp.net/wiki/Skyrim:Ingredients,SRC-000294,xx 01ff75,Damage Health (1.5x),Fortify Magicka,Regenerate Health,Fortify Two-handed,1,0.25,not_listed,not_listed,Harvested from emperor parasol moss plants near Tel Mithryn.,,discover_all_four_effects,source_listed_ingredient_effects,SN-000084-alchemy-ingredient-effect-discovery.md,"Source-listed ingredient effect record; exact acquisition copy, recipe sequence, and route timing deferred."
ALCHEMY-000035,OBJ-002561,Eye of Sabre Cat,,standard,base_game,https://en.uesp.net/wiki/Skyrim:Ingredients,SRC-000294,00 06bc07,Restore Stamina,Ravage Health,Damage Magicka,Restore Health,2,0.1,None (Uncommon),not_listed,Collected from dead Sabre Cats.,,discover_all_four_effects,source_listed_ingredient_effects,SN-000084-alchemy-ingredient-effect-discovery.md,"Source-listed ingredient effect record; exact acquisition copy, recipe sequence, and route timing deferred."
ALCHEMY-000036,OBJ-002562,Falmer Ear,,standard,base_game,https://en.uesp.net/wiki/Skyrim:Ingredients,SRC-000294,00 03ad5d,Damage Health,Frenzy,Resist Poison,Fortify Lockpicking,10,0.2,Uncommon,not_listed,Collected from dead Falmer.,,discover_all_four_effects,source_listed_ingredient_effects,SN-000084-alchemy-ingredient-effect-discovery.md,"Source-listed ingredient effect record; exact acquisition copy, recipe sequence, and route timing deferred."
ALCHEMY-000037,OBJ-002563,Felsaad Tern Feathers,,standard,dragonborn,https://en.uesp.net/wiki/Skyrim:Ingredients,SRC-000294,xx 03cd8e,Restore Health,Fortify Light Armor,Cure Disease,Resist Magic,15,0.1,not_listed,not_listed,Collected from dead Felsaad terns.,,discover_all_four_effects,source_listed_ingredient_effects,SN-000084-alchemy-ingredient-effect-discovery.md,"Source-listed ingredient effect record; exact acquisition copy, recipe sequence, and route timing deferred."
ALCHEMY-000038,OBJ-002564,Fire Salts,,standard,base_game,https://en.uesp.net/wiki/Skyrim:Ingredients,SRC-000294,00 03ad5e,Weakness to Frost,Resist Fire,Restore Magicka,Regenerate Magicka,50,0.25,Rare,not_listed,"Collected from dead Flame Atronachs, a type of daedra. Needed for the quest Stoking the Flames.",,discover_all_four_effects,source_listed_ingredient_effects,SN-000084-alchemy-ingredient-effect-discovery.md,"Source-listed ingredient effect record; exact acquisition copy, recipe sequence, and route timing deferred."
ALCHEMY-000039,OBJ-002565,Fly Amanita,,standard,base_game,https://en.uesp.net/wiki/Skyrim:Ingredients,SRC-000294,00 04da00,Resist Fire,Fortify Two-handed,Frenzy,Regenerate Stamina,2,0.1,Uncommon,4,"Harvested from Fly Amanita mushrooms, found in various caves.",,discover_all_four_effects,source_listed_ingredient_effects,SN-000084-alchemy-ingredient-effect-discovery.md,"Source-listed ingredient effect record; exact acquisition copy, recipe sequence, and route timing deferred."
ALCHEMY-000040,OBJ-002566,Frost Mirriam,,standard,base_game,https://en.uesp.net/wiki/Skyrim:Ingredients,SRC-000294,00 034d32,Resist Frost,Fortify Sneak,Ravage Magicka,Damage Stamina Regen,1,0.1,Uncommon,not_listed,Harvested from Dried Frost Mirriam bunches found in homes and camps.,,discover_all_four_effects,source_listed_ingredient_effects,SN-000084-alchemy-ingredient-effect-discovery.md,"Source-listed ingredient effect record; exact acquisition copy, recipe sequence, and route timing deferred."
ALCHEMY-000041,OBJ-002567,Frost Salts,,standard,base_game,https://en.uesp.net/wiki/Skyrim:Ingredients,SRC-000294,00 03ad5f,Weakness to Fire,Resist Frost,Restore Magicka,Fortify Conjuration,100,0.25,Rare,not_listed,"Collected from dead Frost Atronachs, a type of daedra. One is needed for the quest Dravynea's Frost Salts.",,discover_all_four_effects,source_listed_ingredient_effects,SN-000084-alchemy-ingredient-effect-discovery.md,"Source-listed ingredient effect record; exact acquisition copy, recipe sequence, and route timing deferred."
ALCHEMY-000042,OBJ-002568,Garlic,,standard,base_game,https://en.uesp.net/wiki/Skyrim:Ingredients,SRC-000294,00 034d22,Resist Poison,Fortify Stamina,Regenerate Magicka,Regenerate Health,1,0.25,Common,not_listed,Food. Can also be harvested from Garlic Braids.,,discover_all_four_effects,source_listed_ingredient_effects,SN-000084-alchemy-ingredient-effect-discovery.md,"Source-listed ingredient effect record; exact acquisition copy, recipe sequence, and route timing deferred."
ALCHEMY-000043,OBJ-002569,Giant Lichen,,standard,base_game,https://en.uesp.net/wiki/Skyrim:Ingredients,SRC-000294,00 07e8c1,Weakness to Shock,Ravage Health,Weakness to Poison,Restore Magicka,5,0.25,Uncommon,4,"Harvested from Giant Lichen, found in Hjaalmarch.",,discover_all_four_effects,source_listed_ingredient_effects,SN-000084-alchemy-ingredient-effect-discovery.md,"Source-listed ingredient effect record; exact acquisition copy, recipe sequence, and route timing deferred."
ALCHEMY-000044,OBJ-002570,Giant's Toe,,standard,base_game,https://en.uesp.net/wiki/Skyrim:Ingredients,SRC-000294,00 03ad64,Damage Stamina,"Fortify Health (5x, 5.9x)",Fortify Carry Weight,Damage Stamina Regen,20,1,Rare,not_listed,"Collected from dead Giants, which can be found in Giant Camps.",,discover_all_four_effects,source_listed_ingredient_effects,SN-000084-alchemy-ingredient-effect-discovery.md,"Source-listed ingredient effect record; exact acquisition copy, recipe sequence, and route timing deferred."
ALCHEMY-000045,OBJ-002571,Gleamblossom,,standard,dawnguard,https://en.uesp.net/wiki/Skyrim:Ingredients,SRC-000294,xx 00b097,Resist Magic,Fear,Regenerate Health,Paralysis,5,0.1,None,not_listed,Harvested from the plant of the same name.,,discover_all_four_effects,source_listed_ingredient_effects,SN-000084-alchemy-ingredient-effect-discovery.md,"Source-listed ingredient effect record; exact acquisition copy, recipe sequence, and route timing deferred."
ALCHEMY-000046,OBJ-002572,Glow Dust,,standard,base_game,https://en.uesp.net/wiki/Skyrim:Ingredients,SRC-000294,00 03ad73,Damage Magicka,Damage Magicka Regen,Fortify Destruction,Resist Shock,20,0.5,Uncommon,not_listed,Collected from dead Wisps and Wispmothers.,,discover_all_four_effects,source_listed_ingredient_effects,SN-000084-alchemy-ingredient-effect-discovery.md,"Source-listed ingredient effect record; exact acquisition copy, recipe sequence, and route timing deferred."
ALCHEMY-000047,OBJ-002573,Glowing Mushroom,,standard,base_game,https://en.uesp.net/wiki/Skyrim:Ingredients,SRC-000294,00 07ee01,Resist Shock,Fortify Destruction,Fortify Smithing,Fortify Health,5,0.2,None,5,"Harvested from Glowing Mushrooms, found in various caves.",,discover_all_four_effects,source_listed_ingredient_effects,SN-000084-alchemy-ingredient-effect-discovery.md,"Source-listed ingredient effect record; exact acquisition copy, recipe sequence, and route timing deferred."
ALCHEMY-000048,OBJ-002574,Grass Pod,,standard,base_game,https://en.uesp.net/wiki/Skyrim:Ingredients,SRC-000294,00 083e64,Resist Poison,Ravage Magicka,Fortify Alteration,Restore Magicka,1,0.1,Uncommon,3,"Harvested from Spiky Grass, found in northern regions of Skyrim.",,discover_all_four_effects,source_listed_ingredient_effects,SN-000084-alchemy-ingredient-effect-discovery.md,"Source-listed ingredient effect record; exact acquisition copy, recipe sequence, and route timing deferred."
ALCHEMY-000049,OBJ-002575,Hagraven Claw,,standard,base_game,https://en.uesp.net/wiki/Skyrim:Ingredients,SRC-000294,00 06b689,Resist Magic,Lingering Damage Magicka,Fortify Enchanting,Fortify Barter,20,0.25,Rare,not_listed,Collected from dead Hagravens.,,discover_all_four_effects,source_listed_ingredient_effects,SN-000084-alchemy-ingredient-effect-discovery.md,"Source-listed ingredient effect record; exact acquisition copy, recipe sequence, and route timing deferred."
ALCHEMY-000050,OBJ-002576,Hagraven Feathers,,standard,base_game,https://en.uesp.net/wiki/Skyrim:Ingredients,SRC-000294,00 03ad66,Damage Magicka,Fortify Conjuration,Frenzy,Weakness to Shock,20,0.1,Rare,not_listed,Collected from dead Hagravens. Can also be found scattered around their sleeping areas.,,discover_all_four_effects,source_listed_ingredient_effects,SN-000084-alchemy-ingredient-effect-discovery.md,"Source-listed ingredient effect record; exact acquisition copy, recipe sequence, and route timing deferred."
ALCHEMY-000051,OBJ-002577,Hanging Moss,,standard,base_game,https://en.uesp.net/wiki/Skyrim:Ingredients,SRC-000294,00 057f91,Damage Magicka,Fortify Health,Damage Magicka Regen,Fortify One-handed,1,0.25,Uncommon,not_listed,Harvested from Hanging Moss.,,discover_all_four_effects,source_listed_ingredient_effects,SN-000084-alchemy-ingredient-effect-discovery.md,"Source-listed ingredient effect record; exact acquisition copy, recipe sequence, and route timing deferred."
ALCHEMY-000052,OBJ-002578,Hawk Beak,,standard,base_game,https://en.uesp.net/wiki/Skyrim:Ingredients,SRC-000294,00 0e7ebc,Restore Stamina,Resist Frost,Fortify Carry Weight,Resist Shock,15,0.25,Uncommon,not_listed,Collected from dead Hawks.,,discover_all_four_effects,source_listed_ingredient_effects,SN-000084-alchemy-ingredient-effect-discovery.md,"Source-listed ingredient effect record; exact acquisition copy, recipe sequence, and route timing deferred."
ALCHEMY-000053,OBJ-002579,Hawk Feathers,,standard,base_game,https://en.uesp.net/wiki/Skyrim:Ingredients,SRC-000294,00 0e7ed0,Cure Disease (0.36x),Fortify Light Armor,Fortify One-handed,Fortify Sneak,15,0.1,Uncommon,not_listed,Collected from dead Hawks.,,discover_all_four_effects,source_listed_ingredient_effects,SN-000084-alchemy-ingredient-effect-discovery.md,"Source-listed ingredient effect record; exact acquisition copy, recipe sequence, and route timing deferred."
ALCHEMY-000054,OBJ-002580,Hawk's Egg,,standard,base_game,https://en.uesp.net/wiki/Skyrim:Ingredients,SRC-000294,xx 00f1cc,Resist Magic,Damage Magicka Regen,Waterbreathing,Lingering Damage Stamina,5,0.5,None,not_listed,Harvested from Hawk nests.,,discover_all_four_effects,source_listed_ingredient_effects,SN-000084-alchemy-ingredient-effect-discovery.md,"Source-listed ingredient effect record; exact acquisition copy, recipe sequence, and route timing deferred."
ALCHEMY-000055,OBJ-002581,Histcarp,,standard,base_game,https://en.uesp.net/wiki/Skyrim:Ingredients,SRC-000294,00 106e18,Restore Stamina,Fortify Magicka,Damage Stamina Regen,Waterbreathing,6,0.25,Common,not_listed,Collected by catching Histcarp fish.,,discover_all_four_effects,source_listed_ingredient_effects,SN-000084-alchemy-ingredient-effect-discovery.md,"Source-listed ingredient effect record; exact acquisition copy, recipe sequence, and route timing deferred."
ALCHEMY-000056,OBJ-002582,Honeycomb,,standard,base_game,https://en.uesp.net/wiki/Skyrim:Ingredients,SRC-000294,00 0b08c5,Restore Stamina,Fortify Block (0.5x),Fortify Light Armor,Ravage Stamina,5,1,None (Common),not_listed,Food. Collected from beehives.,,discover_all_four_effects,source_listed_ingredient_effects,SN-000084-alchemy-ingredient-effect-discovery.md,"Source-listed ingredient effect record; exact acquisition copy, recipe sequence, and route timing deferred."
ALCHEMY-000057,OBJ-002583,Human Flesh,,standard,base_game,https://en.uesp.net/wiki/Skyrim:Ingredients,SRC-000294,00 1016b3,Damage Health,Paralysis,Restore Magicka,Fortify Sneak,1,0.25,None,not_listed,"Cannot be harvested or collected; with the Dawnguard add-on installed, several respawning samples can be found in Volkihar Keep.",,discover_all_four_effects,source_listed_ingredient_effects,SN-000084-alchemy-ingredient-effect-discovery.md,"Source-listed ingredient effect record; exact acquisition copy, recipe sequence, and route timing deferred."
ALCHEMY-000058,OBJ-002584,Human Heart,,standard,base_game,https://en.uesp.net/wiki/Skyrim:Ingredients,SRC-000294,00 0b18cd,Damage Health,Damage Magicka,Damage Magicka Regen,Frenzy,0,1,None,not_listed,Cannot be harvested or collected; limited number of samples available.,,discover_all_four_effects,source_listed_ingredient_effects,SN-000084-alchemy-ingredient-effect-discovery.md,"Source-listed ingredient effect record; exact acquisition copy, recipe sequence, and route timing deferred."
ALCHEMY-000059,OBJ-002585,Ice Wraith Teeth,,standard,base_game,https://en.uesp.net/wiki/Skyrim:Ingredients,SRC-000294,00 03ad6a,Weakness to Frost,Fortify Heavy Armor,Invisibility,Weakness to Fire,30,0.25,Rare,not_listed,Collected from Ice Wraiths. Needed for the quest Ice Cold.,,discover_all_four_effects,source_listed_ingredient_effects,SN-000084-alchemy-ingredient-effect-discovery.md,"Source-listed ingredient effect record; exact acquisition copy, recipe sequence, and route timing deferred."
ALCHEMY-000060,OBJ-002586,Imp Stool,,standard,base_game,https://en.uesp.net/wiki/Skyrim:Ingredients,SRC-000294,00 04da23,Damage Health,Lingering Damage Health,Paralysis,"Restore Health (0.6x, 0.57x)",0,0.3,Rare,4,"Harvested from Imp Stool mushrooms, found in various caves.",,discover_all_four_effects,source_listed_ingredient_effects,SN-000084-alchemy-ingredient-effect-discovery.md,"Source-listed ingredient effect record; exact acquisition copy, recipe sequence, and route timing deferred."
ALCHEMY-000061,OBJ-002587,Jazbay Grapes,,standard,base_game,https://en.uesp.net/wiki/Skyrim:Ingredients,SRC-000294,00 06ac4a,Weakness to Magic,Fortify Magicka,Regenerate Magicka,Ravage Health,1,0.2,Rare,3,"Harvested from Jazbay vines, found in the volcanic tundra of Eastmarch. Needed for the quest Smooth Jazbay.",,discover_all_four_effects,source_listed_ingredient_effects,SN-000084-alchemy-ingredient-effect-discovery.md,"Source-listed ingredient effect record; exact acquisition copy, recipe sequence, and route timing deferred."
ALCHEMY-000062,OBJ-002588,Juniper Berries,,standard,base_game,https://en.uesp.net/wiki/Skyrim:Ingredients,SRC-000294,00 05076e,Weakness to Fire,Fortify Marksman,Regenerate Health,Damage Stamina Regen,1,0.1,Common,4,"Harvested from Juniper shrubs, common in The Reach. Needed for the quest Elmus Favor Quest.",,discover_all_four_effects,source_listed_ingredient_effects,SN-000084-alchemy-ingredient-effect-discovery.md,"Source-listed ingredient effect record; exact acquisition copy, recipe sequence, and route timing deferred."
ALCHEMY-000063,OBJ-002589,Large Antlers,,standard,base_game,https://en.uesp.net/wiki/Skyrim:Ingredients,SRC-000294,00 06bc0a,Restore Stamina,Fortify Stamina,"Slow (6x, 1.75x)",Damage Stamina Regen,2,0.1,None (Uncommon),not_listed,Collected from dead male Elk.,,discover_all_four_effects,source_listed_ingredient_effects,SN-000084-alchemy-ingredient-effect-discovery.md,"Source-listed ingredient effect record; exact acquisition copy, recipe sequence, and route timing deferred."
ALCHEMY-000064,OBJ-002590,Lavender,,standard,base_game,https://en.uesp.net/wiki/Skyrim:Ingredients,SRC-000294,00 045c28,Resist Magic,Fortify Stamina,Ravage Magicka,Fortify Conjuration,1,0.1,Common,3,"Harvested from Lavender, most common in Whiterun Hold.",,discover_all_four_effects,source_listed_ingredient_effects,SN-000084-alchemy-ingredient-effect-discovery.md,"Source-listed ingredient effect record; exact acquisition copy, recipe sequence, and route timing deferred."
ALCHEMY-000065,OBJ-002591,Luna Moth Wing,,standard,base_game,https://en.uesp.net/wiki/Skyrim:Ingredients,SRC-000294,00 0727df,Damage Magicka,Fortify Light Armor,Regenerate Health,Invisibility,5,0.1,Uncommon,not_listed,Collected by catching Luna Moths. Often found near flowers after dark.,,discover_all_four_effects,source_listed_ingredient_effects,SN-000084-alchemy-ingredient-effect-discovery.md,"Source-listed ingredient effect record; exact acquisition copy, recipe sequence, and route timing deferred."
ALCHEMY-000066,OBJ-002592,Moon Sugar,,standard,base_game,https://en.uesp.net/wiki/Skyrim:Ingredients,SRC-000294,00 0d8e3f,Weakness to Fire,Resist Frost,Restore Magicka,Regenerate Magicka,50,0.25,Uncommon,not_listed,Cannot be collected or harvested. Can be purchased from the Khajiit Traders.,,discover_all_four_effects,source_listed_ingredient_effects,SN-000084-alchemy-ingredient-effect-discovery.md,"Source-listed ingredient effect record; exact acquisition copy, recipe sequence, and route timing deferred."
ALCHEMY-000067,OBJ-002593,Mora Tapinella,,standard,base_game,https://en.uesp.net/wiki/Skyrim:Ingredients,SRC-000294,00 0ec870,Restore Magicka,Lingering Damage Health,Regenerate Stamina,Fortify Illusion,4,0.25,Uncommon,3,"Harvested from Mora Tapinella mushrooms, found growing on dead trees.",,discover_all_four_effects,source_listed_ingredient_effects,SN-000084-alchemy-ingredient-effect-discovery.md,"Source-listed ingredient effect record; exact acquisition copy, recipe sequence, and route timing deferred."
ALCHEMY-000068,OBJ-002594,Mudcrab Chitin,,standard,base_game,https://en.uesp.net/wiki/Skyrim:Ingredients,SRC-000294,00 06bc00,Restore Stamina,Cure Disease,Resist Poison,Resist Fire,2,0.25,None (Common),not_listed,"Collected from dead Mudcrabs, found in or near bodies of water.",,discover_all_four_effects,source_listed_ingredient_effects,SN-000084-alchemy-ingredient-effect-discovery.md,"Source-listed ingredient effect record; exact acquisition copy, recipe sequence, and route timing deferred."
ALCHEMY-000069,OBJ-002595,Namira's Rot,,standard,base_game,https://en.uesp.net/wiki/Skyrim:Ingredients,SRC-000294,00 04da24,Damage Magicka,Fortify Lockpicking,Fear,Regenerate Health,0,0.25,Uncommon,3,"Harvested from Namira's Rot mushrooms, found in various caves.",,discover_all_four_effects,source_listed_ingredient_effects,SN-000084-alchemy-ingredient-effect-discovery.md,"Source-listed ingredient effect record; exact acquisition copy, recipe sequence, and route timing deferred."
ALCHEMY-000070,OBJ-002596,Netch Jelly,,standard,dragonborn,https://en.uesp.net/wiki/Skyrim:Ingredients,SRC-000294,xx 01cd72,Paralysis,Fortify Carry Weight,Restore Stamina (2x),Fear,20,0.5,not_listed,not_listed,Collected from dead netch.,,discover_all_four_effects,source_listed_ingredient_effects,SN-000084-alchemy-ingredient-effect-discovery.md,"Source-listed ingredient effect record; exact acquisition copy, recipe sequence, and route timing deferred."
ALCHEMY-000071,OBJ-002597,Nightshade,base_game_record,standard,base_game,https://en.uesp.net/wiki/Skyrim:Ingredients,SRC-000294,00 02f44c,Damage Health,Damage Magicka Regen,Lingering Damage Stamina,Fortify Destruction (0.8x),8,0.1,Rare,3,"Harvested from Nightshade, found growing throughout Skyrim. Needed for the quest Few and Far Between.",Duplicate display name in source table; distinguish by form ID and content source.,discover_all_four_effects,source_listed_ingredient_effects,SN-000084-alchemy-ingredient-effect-discovery.md,"Source-listed ingredient effect record; exact acquisition copy, recipe sequence, and route timing deferred. Duplicate display-name record retained separately."
ALCHEMY-000072,OBJ-002598,Nirnroot,,standard,base_game,https://en.uesp.net/wiki/Skyrim:Ingredients,SRC-000294,00 059b86,Damage Health (12.6x),Damage Stamina,Invisibility,Resist Magic,10,0.2,Rare,not_listed,"Harvested from Nirnroot, found near bodies of water throughout Skyrim. Needed for the quest Few and Far Between.",,discover_all_four_effects,source_listed_ingredient_effects,SN-000084-alchemy-ingredient-effect-discovery.md,"Source-listed ingredient effect record; exact acquisition copy, recipe sequence, and route timing deferred."
ALCHEMY-000073,OBJ-002599,Nordic Barnacle,,standard,base_game,https://en.uesp.net/wiki/Skyrim:Ingredients,SRC-000294,00 07edf5,Damage Magicka,Waterbreathing,Regenerate Health,Fortify Pickpocket,5,0.2,Uncommon,not_listed,"Harvested from Nordic Barnacle Clusters, found in or near water.",,discover_all_four_effects,source_listed_ingredient_effects,SN-000084-alchemy-ingredient-effect-discovery.md,"Source-listed ingredient effect record; exact acquisition copy, recipe sequence, and route timing deferred."
ALCHEMY-000074,OBJ-002600,Orange Dartwing,,standard,base_game,https://en.uesp.net/wiki/Skyrim:Ingredients,SRC-000294,00 0bb956,Restore Stamina,Ravage Magicka,Fortify Pickpocket,Lingering Damage Health,1,0.1,None (Uncommon),not_listed,Collected by catching Dragonflies found near rivers and streams below the snow line.,,discover_all_four_effects,source_listed_ingredient_effects,SN-000084-alchemy-ingredient-effect-discovery.md,"Source-listed ingredient effect record; exact acquisition copy, recipe sequence, and route timing deferred."
ALCHEMY-000075,OBJ-002601,Pearl,,standard,base_game,https://en.uesp.net/wiki/Skyrim:Ingredients,SRC-000294,00 0854fe,Restore Stamina,Fortify Block,Restore Magicka,Resist Shock,2,0.1,None (Rare),not_listed,"Cannot be harvested or collected in the original version of the game; only readily available after the Merchant perk has been unlocked. With Dragonborn, they can be harvested from Pearl Oysters in Solstheim.",,discover_all_four_effects,source_listed_ingredient_effects,SN-000084-alchemy-ingredient-effect-discovery.md,"Source-listed ingredient effect record; exact acquisition copy, recipe sequence, and route timing deferred."
ALCHEMY-000076,OBJ-002602,Pine Thrush Egg,,standard,base_game,https://en.uesp.net/wiki/Skyrim:Ingredients,SRC-000294,00 023d6f,Restore Stamina,Fortify Lockpicking,Weakness to Poison,Resist Shock,2,0.5,Common,not_listed,"Harvested from bird nests in forested regions, in particular The Rift.",,discover_all_four_effects,source_listed_ingredient_effects,SN-000084-alchemy-ingredient-effect-discovery.md,"Source-listed ingredient effect record; exact acquisition copy, recipe sequence, and route timing deferred."
ALCHEMY-000077,OBJ-002603,Poison Bloom,,standard,dawnguard,https://en.uesp.net/wiki/Skyrim:Ingredients,SRC-000294,xx 0185fb,Damage Health (1.5x),Slow,Fortify Carry Weight,Fear,5,0.25,None,not_listed,Harvested from the plant of the same name.,,discover_all_four_effects,source_listed_ingredient_effects,SN-000084-alchemy-ingredient-effect-discovery.md,"Source-listed ingredient effect record; exact acquisition copy, recipe sequence, and route timing deferred."
ALCHEMY-000078,OBJ-002604,Powdered Mammoth Tusk,,standard,base_game,https://en.uesp.net/wiki/Skyrim:Ingredients,SRC-000294,00 06bc10,Restore Stamina,Fortify Sneak,Weakness to Fire,Fear,2,0.1,None (Uncommon),not_listed,Cannot be harvested or collected; only readily available after the Merchant perk has been unlocked.,,discover_all_four_effects,source_listed_ingredient_effects,SN-000084-alchemy-ingredient-effect-discovery.md,"Source-listed ingredient effect record; exact acquisition copy, recipe sequence, and route timing deferred."
ALCHEMY-000079,OBJ-002605,Purple Mountain Flower,,standard,base_game,https://en.uesp.net/wiki/Skyrim:Ingredients,SRC-000294,00 077e1e,Restore Stamina,Fortify Sneak,Lingering Damage Magicka,Resist Frost,2,0.1,Common,3,Harvested from the purple variety of Mountain Flower.,,discover_all_four_effects,source_listed_ingredient_effects,SN-000084-alchemy-ingredient-effect-discovery.md,"Source-listed ingredient effect record; exact acquisition copy, recipe sequence, and route timing deferred."
ALCHEMY-000080,OBJ-002606,Red Mountain Flower,,standard,base_game,https://en.uesp.net/wiki/Skyrim:Ingredients,SRC-000294,00 077e1d,Restore Magicka,Ravage Magicka,Fortify Magicka,Damage Health,2,0.1,Common,3,Harvested from the red variety of Mountain Flower.,,discover_all_four_effects,source_listed_ingredient_effects,SN-000084-alchemy-ingredient-effect-discovery.md,"Source-listed ingredient effect record; exact acquisition copy, recipe sequence, and route timing deferred."
ALCHEMY-000081,OBJ-002607,River Betty,,standard,base_game,https://en.uesp.net/wiki/Skyrim:Ingredients,SRC-000294,00 106e1a,Damage Health (2.5x),Fortify Alteration,Slow,Fortify Carry Weight,15,0.25,Common,not_listed,Collected by catching River Betty fish.,,discover_all_four_effects,source_listed_ingredient_effects,SN-000084-alchemy-ingredient-effect-discovery.md,"Source-listed ingredient effect record; exact acquisition copy, recipe sequence, and route timing deferred."
ALCHEMY-000082,OBJ-002608,Rock Warbler Egg,,standard,base_game,https://en.uesp.net/wiki/Skyrim:Ingredients,SRC-000294,00 07e8c8,Restore Health,Fortify One-handed,Damage Stamina,Weakness to Magic,2,0.5,Uncommon,not_listed,"Harvested from bird nests in rocky regions, in particular The Reach.",,discover_all_four_effects,source_listed_ingredient_effects,SN-000084-alchemy-ingredient-effect-discovery.md,"Source-listed ingredient effect record; exact acquisition copy, recipe sequence, and route timing deferred."
ALCHEMY-000083,OBJ-002609,Sabre Cat Tooth,,standard,base_game,https://en.uesp.net/wiki/Skyrim:Ingredients,SRC-000294,00 06bc04,Restore Stamina,Fortify Heavy Armor,Fortify Smithing,Weakness to Poison,2,0.1,None (Uncommon),not_listed,Collected from dead Sabre cats.,,discover_all_four_effects,source_listed_ingredient_effects,SN-000084-alchemy-ingredient-effect-discovery.md,"Source-listed ingredient effect record; exact acquisition copy, recipe sequence, and route timing deferred."
ALCHEMY-000084,OBJ-002610,Salmon Roe,,standard,base_game,https://en.uesp.net/wiki/Skyrim:Ingredients,SRC-000294,xx 003545,"Restore Stamina (0.4x, 0.36x)","Waterbreathing (12x, 15.4x)","Fortify Magicka (12.5x, 0.08x, 1.05x)",Regenerate Magicka,5,0.2,None,not_listed,Harvested from jumping Salmon.,,discover_all_four_effects,source_listed_ingredient_effects,SN-000084-alchemy-ingredient-effect-discovery.md,"Source-listed ingredient effect record; exact acquisition copy, recipe sequence, and route timing deferred."
ALCHEMY-000085,OBJ-002611,Salt Pile,,standard,base_game,https://en.uesp.net/wiki/Skyrim:Ingredients,SRC-000294,00 034cdf,Weakness to Magic,Fortify Restoration,Slow,Regenerate Magicka,2,0.2,Common,not_listed,"Food. Cannot be harvested or collected, but is commonly found in barrels and sacks.",,discover_all_four_effects,source_listed_ingredient_effects,SN-000084-alchemy-ingredient-effect-discovery.md,"Source-listed ingredient effect record; exact acquisition copy, recipe sequence, and route timing deferred."
ALCHEMY-000086,OBJ-002612,Scaly Pholiota,,standard,base_game,https://en.uesp.net/wiki/Skyrim:Ingredients,SRC-000294,00 06f950,Weakness to Magic,Fortify Illusion,Regenerate Stamina,Fortify Carry Weight,4,0.25,Uncommon,5,"Harvested from Scaly Pholiota mushrooms, found growing on dead trees.",,discover_all_four_effects,source_listed_ingredient_effects,SN-000084-alchemy-ingredient-effect-discovery.md,"Source-listed ingredient effect record; exact acquisition copy, recipe sequence, and route timing deferred."
ALCHEMY-000087,OBJ-002613,Scathecraw,,standard,dragonborn,https://en.uesp.net/wiki/Skyrim:Ingredients,SRC-000294,xx 017e97,Ravage Health,Ravage Stamina,Ravage Magicka,Lingering Damage Health,1,0.1,not_listed,not_listed,Harvested from scathecraw plants.,,discover_all_four_effects,source_listed_ingredient_effects,SN-000084-alchemy-ingredient-effect-discovery.md,"Source-listed ingredient effect record; exact acquisition copy, recipe sequence, and route timing deferred."
ALCHEMY-000088,OBJ-002614,Silverside Perch,,standard,base_game,https://en.uesp.net/wiki/Skyrim:Ingredients,SRC-000294,00 106e1c,Restore Stamina,Damage Stamina Regen,Ravage Health,Resist Frost,15,0.25,Common,not_listed,Collected by catching Silverside Perch fish.,,discover_all_four_effects,source_listed_ingredient_effects,SN-000084-alchemy-ingredient-effect-discovery.md,"Source-listed ingredient effect record; exact acquisition copy, recipe sequence, and route timing deferred."
ALCHEMY-000089,OBJ-002615,Skeever Tail,,standard,base_game,https://en.uesp.net/wiki/Skyrim:Ingredients,SRC-000294,00 03ad6f,Damage Stamina Regen,Ravage Health,Damage Health,Fortify Light Armor,3,0.2,Common,not_listed,Collected from dead Skeevers.,,discover_all_four_effects,source_listed_ingredient_effects,SN-000084-alchemy-ingredient-effect-discovery.md,"Source-listed ingredient effect record; exact acquisition copy, recipe sequence, and route timing deferred."
ALCHEMY-000090,OBJ-002616,Slaughterfish Egg,,standard,base_game,https://en.uesp.net/wiki/Skyrim:Ingredients,SRC-000294,00 07e8c5,Resist Poison,Fortify Pickpocket,Lingering Damage Health,Fortify Stamina,3,0.2,Uncommon,not_listed,"Collected from Slaughterfish Egg Nests, found in or near water.",,discover_all_four_effects,source_listed_ingredient_effects,SN-000084-alchemy-ingredient-effect-discovery.md,"Source-listed ingredient effect record; exact acquisition copy, recipe sequence, and route timing deferred."
ALCHEMY-000091,OBJ-002617,Slaughterfish Scales,,standard,base_game,https://en.uesp.net/wiki/Skyrim:Ingredients,SRC-000294,00 03ad70,Resist Frost,Lingering Damage Health,Fortify Heavy Armor,Fortify Block,3,0.1,Uncommon,not_listed,Collected from dead Slaughterfish.,,discover_all_four_effects,source_listed_ingredient_effects,SN-000084-alchemy-ingredient-effect-discovery.md,"Source-listed ingredient effect record; exact acquisition copy, recipe sequence, and route timing deferred."
ALCHEMY-000092,OBJ-002618,Small Antlers,,standard,base_game,https://en.uesp.net/wiki/Skyrim:Ingredients,SRC-000294,00 06bc0b,Weakness to Poison,Fortify Restoration,Lingering Damage Stamina,Damage Health,2,0.1,None (Common),not_listed,Collected from dead female Elk.,,discover_all_four_effects,source_listed_ingredient_effects,SN-000084-alchemy-ingredient-effect-discovery.md,"Source-listed ingredient effect record; exact acquisition copy, recipe sequence, and route timing deferred."
ALCHEMY-000093,OBJ-002619,Small Pearl,,standard,base_game,https://en.uesp.net/wiki/Skyrim:Ingredients,SRC-000294,00 085500,Restore Stamina,Fortify One-handed,Fortify Restoration,Resist Frost,2,0.1,None (Uncommon),not_listed,"Cannot be harvested or collected in the original version of the game; only readily available after the Merchant perk has been unlocked. With Dragonborn, they can be harvested from Pearl Oysters in Solstheim.",,discover_all_four_effects,source_listed_ingredient_effects,SN-000084-alchemy-ingredient-effect-discovery.md,"Source-listed ingredient effect record; exact acquisition copy, recipe sequence, and route timing deferred."
ALCHEMY-000094,OBJ-002620,Snowberries,,standard,base_game,https://en.uesp.net/wiki/Skyrim:Ingredients,SRC-000294,00 01b3bd,Resist Fire,Fortify Enchanting,Resist Frost,Resist Shock,4,0.1,Common,4,"Harvested from Snowberry bushes, found in snowy regions of Skyrim.",,discover_all_four_effects,source_listed_ingredient_effects,SN-000084-alchemy-ingredient-effect-discovery.md,"Source-listed ingredient effect record; exact acquisition copy, recipe sequence, and route timing deferred."
ALCHEMY-000095,OBJ-002621,Spawn Ash,,standard,dragonborn,https://en.uesp.net/wiki/Skyrim:Ingredients,SRC-000294,xx 01cd6d,Ravage Stamina,Resist Fire,Fortify Enchanting,Ravage Magicka,20,0.1,not_listed,not_listed,Collected from dead ash spawn.,,discover_all_four_effects,source_listed_ingredient_effects,SN-000084-alchemy-ingredient-effect-discovery.md,"Source-listed ingredient effect record; exact acquisition copy, recipe sequence, and route timing deferred."
ALCHEMY-000096,OBJ-002622,Spider Egg,,standard,base_game,https://en.uesp.net/wiki/Skyrim:Ingredients,SRC-000294,00 09151b,Damage Stamina,Damage Magicka Regen,Fortify Lockpicking,Fortify Marksman,5,0.2,Uncommon,not_listed,Collected from spider Egg Sacs and Web Sacs.,,discover_all_four_effects,source_listed_ingredient_effects,SN-000084-alchemy-ingredient-effect-discovery.md,"Source-listed ingredient effect record; exact acquisition copy, recipe sequence, and route timing deferred."
ALCHEMY-000097,OBJ-002623,Spriggan Sap,,standard,base_game,https://en.uesp.net/wiki/Skyrim:Ingredients,SRC-000294,00 063b5f,Damage Magicka Regen,Fortify Enchanting,Fortify Smithing,Fortify Alteration,15,0.2,Uncommon,not_listed,Cannot be harvested or collected; best source is merchants.,,discover_all_four_effects,source_listed_ingredient_effects,SN-000084-alchemy-ingredient-effect-discovery.md,"Source-listed ingredient effect record; exact acquisition copy, recipe sequence, and route timing deferred."
ALCHEMY-000098,OBJ-002624,Swamp Fungal Pod,,standard,base_game,https://en.uesp.net/wiki/Skyrim:Ingredients,SRC-000294,00 07e8b7,Resist Shock,Lingering Damage Magicka,Paralysis,Restore Health,5,0.25,Uncommon,3,"Harvested from Swamp Fungal Pod, common in the tundra marsh of Hjaalmarch.",,discover_all_four_effects,source_listed_ingredient_effects,SN-000084-alchemy-ingredient-effect-discovery.md,"Source-listed ingredient effect record; exact acquisition copy, recipe sequence, and route timing deferred."
ALCHEMY-000099,OBJ-002625,Taproot,,standard,base_game,https://en.uesp.net/wiki/Skyrim:Ingredients,SRC-000294,00 03ad71,Weakness to Magic,Fortify Illusion,Regenerate Magicka,Restore Magicka,15,0.5,Uncommon,not_listed,Collected from dead Spriggans.,,discover_all_four_effects,source_listed_ingredient_effects,SN-000084-alchemy-ingredient-effect-discovery.md,"Source-listed ingredient effect record; exact acquisition copy, recipe sequence, and route timing deferred."
ALCHEMY-000100,OBJ-002626,Thistle Branch,,standard,base_game,https://en.uesp.net/wiki/Skyrim:Ingredients,SRC-000294,00 0134aa,Resist Frost,Ravage Stamina,"Resist Poison (0.75x, 0x, 0.1x)",Fortify Heavy Armor,1,0.1,Common,3,Harvested from Thistle.,,discover_all_four_effects,source_listed_ingredient_effects,SN-000084-alchemy-ingredient-effect-discovery.md,"Source-listed ingredient effect record; exact acquisition copy, recipe sequence, and route timing deferred."
ALCHEMY-000101,OBJ-002627,Torchbug Thorax,,standard,base_game,https://en.uesp.net/wiki/Skyrim:Ingredients,SRC-000294,00 04da73,Restore Stamina,Lingering Damage Magicka,Weakness to Magic,Fortify Stamina,1,0.1,None (Uncommon),not_listed,Collected by catching Torchbugs. Found below the snowline after dark.,,discover_all_four_effects,source_listed_ingredient_effects,SN-000084-alchemy-ingredient-effect-discovery.md,"Source-listed ingredient effect record; exact acquisition copy, recipe sequence, and route timing deferred."
ALCHEMY-000102,OBJ-002628,Trama Root,,standard,dragonborn,https://en.uesp.net/wiki/Skyrim:Ingredients,SRC-000294,xx 017008,Weakness to Shock,Fortify Carry Weight,Damage Magicka,Slow,1,0.2,not_listed,not_listed,Harvested from trama root plants.,,discover_all_four_effects,source_listed_ingredient_effects,SN-000084-alchemy-ingredient-effect-discovery.md,"Source-listed ingredient effect record; exact acquisition copy, recipe sequence, and route timing deferred."
ALCHEMY-000103,OBJ-002629,Troll Fat,,standard,base_game,https://en.uesp.net/wiki/Skyrim:Ingredients,SRC-000294,00 03ad72,Resist Poison,Fortify Two-handed,Frenzy,Damage Health,15,1,Uncommon,not_listed,Collected from dead Trolls. Needed for the quest The Cursed Tribe.,,discover_all_four_effects,source_listed_ingredient_effects,SN-000084-alchemy-ingredient-effect-discovery.md,"Source-listed ingredient effect record; exact acquisition copy, recipe sequence, and route timing deferred."
ALCHEMY-000104,OBJ-002630,Tundra Cotton,,standard,base_game,https://en.uesp.net/wiki/Skyrim:Ingredients,SRC-000294,00 03f7f8,Resist Magic,Fortify Magicka,Fortify Block,Fortify Barter,1,0.1,Common,3,"Harvested from Tundra Cotton, found in Whiterun Hold.",,discover_all_four_effects,source_listed_ingredient_effects,SN-000084-alchemy-ingredient-effect-discovery.md,"Source-listed ingredient effect record; exact acquisition copy, recipe sequence, and route timing deferred."
ALCHEMY-000105,OBJ-002631,Vampire Dust,,standard,base_game,https://en.uesp.net/wiki/Skyrim:Ingredients,SRC-000294,00 03ad76,Invisibility,Restore Magicka,Regenerate Health,Cure Disease,25,0.2,Rare,not_listed,Collected from dead Vampires.,,discover_all_four_effects,source_listed_ingredient_effects,SN-000084-alchemy-ingredient-effect-discovery.md,"Source-listed ingredient effect record; exact acquisition copy, recipe sequence, and route timing deferred."
ALCHEMY-000106,OBJ-002632,Void Salts,,standard,base_game,https://en.uesp.net/wiki/Skyrim:Ingredients,SRC-000294,00 03ad60,Weakness to Shock,Resist Magic,Damage Health,Fortify Magicka,125,0.2,Rare,not_listed,Collected from dead Storm Atronachs.,,discover_all_four_effects,source_listed_ingredient_effects,SN-000084-alchemy-ingredient-effect-discovery.md,"Source-listed ingredient effect record; exact acquisition copy, recipe sequence, and route timing deferred."
ALCHEMY-000107,OBJ-002633,Wheat,,standard,base_game,https://en.uesp.net/wiki/Skyrim:Ingredients,SRC-000294,00 04b0ba,Restore Health,Fortify Health,Damage Stamina Regen,Lingering Damage Magicka,5,0.1,Common,4,"Food. Harvested from wheat bushels, found in various farms.",,discover_all_four_effects,source_listed_ingredient_effects,SN-000084-alchemy-ingredient-effect-discovery.md,"Source-listed ingredient effect record; exact acquisition copy, recipe sequence, and route timing deferred."
ALCHEMY-000108,OBJ-002634,White Cap,,standard,base_game,https://en.uesp.net/wiki/Skyrim:Ingredients,SRC-000294,00 04da22,Weakness to Frost,Fortify Heavy Armor,Restore Magicka,Ravage Magicka,0,0.3,Uncommon,2,"Harvested from White Cap mushrooms, found in various caves.",,discover_all_four_effects,source_listed_ingredient_effects,SN-000084-alchemy-ingredient-effect-discovery.md,"Source-listed ingredient effect record; exact acquisition copy, recipe sequence, and route timing deferred."
ALCHEMY-000109,OBJ-002635,Wisp Wrappings,,standard,base_game,https://en.uesp.net/wiki/Skyrim:Ingredients,SRC-000294,00 06bc0e,Restore Stamina,Fortify Destruction,Fortify Carry Weight,Resist Magic,2,0.1,None (Uncommon),not_listed,Collected from dead Wispmothers.,,discover_all_four_effects,source_listed_ingredient_effects,SN-000084-alchemy-ingredient-effect-discovery.md,"Source-listed ingredient effect record; exact acquisition copy, recipe sequence, and route timing deferred."
ALCHEMY-000110,OBJ-002636,Yellow Mountain Flower,,standard,dawnguard,https://en.uesp.net/wiki/Skyrim:Ingredients,SRC-000294,xx 002a78,Resist Poison,Fortify Restoration (1.25x),Fortify Health,Damage Stamina Regen,2,0.1,None,not_listed,Harvested from the yellow variety of Mountain Flower.,,discover_all_four_effects,source_listed_ingredient_effects,SN-000084-alchemy-ingredient-effect-discovery.md,"Source-listed ingredient effect record; exact acquisition copy, recipe sequence, and route timing deferred."
ALCHEMY-000111,OBJ-002637,Alocasia Fruit,,creation_club,ae_creation,https://en.uesp.net/wiki/Skyrim:Ingredients,SRC-000294,FE xxx D62,"Regenerate Stamina (1.2x, 1.22x)",Light,"Ravage Magicka (1.5x, 1.56x)","Regenerate Health (1.2x, 1.22x)",22,0.25,not_listed,not_listed,Originating from the Shivering Isles. One of the Rare Curios sold by Khajiit trade caravans.,,discover_all_four_effects,source_listed_ingredient_effects,SN-000084-alchemy-ingredient-effect-discovery.md,"Source-listed ingredient effect record; exact acquisition copy, recipe sequence, and route timing deferred."
ALCHEMY-000112,OBJ-002638,Ambrosia,,creation_club,ae_creation,https://en.uesp.net/wiki/Skyrim:Ingredients,SRC-000294,FE xxx 836,"Restore Health (1.2x, 1.22x)","Regenerate Health (1.2x, 1.22x)","Fortify Health (1.25x, 1.27x)",Cure Poison (1.56x),15,0.1,not_listed,not_listed,Originating from Mankar Camoran's destroyed realm of Oblivion. One of the Rare Curios sold by Khajiit trade caravans.,,discover_all_four_effects,source_listed_ingredient_effects,SN-000084-alchemy-ingredient-effect-discovery.md,"Source-listed ingredient effect record; exact acquisition copy, recipe sequence, and route timing deferred."
ALCHEMY-000113,OBJ-002639,Angelfish,,creation_club,ae_creation,https://en.uesp.net/wiki/Skyrim:Ingredients,SRC-000294,xx 0008EB,Regenerate Health,Resist Fire,Fortify Marksman,Waterbreathing,30,0.25,not_listed,not_listed,"Caught by Fishing in temperate lakes with an Alik'ri rod, or in the Ancestor Glade.",,discover_all_four_effects,source_listed_ingredient_effects,SN-000084-alchemy-ingredient-effect-discovery.md,"Source-listed ingredient effect record; exact acquisition copy, recipe sequence, and route timing deferred."
ALCHEMY-000114,OBJ-002640,Angler Larvae,,creation_club,ae_creation,https://en.uesp.net/wiki/Skyrim:Ingredients,SRC-000294,xx 0008F0,Lingering Damage Health,Regenerate Stamina,Waterbreathing,Fortify Two-handed,1,0.25,not_listed,not_listed,Caught by Fishing in freezing waters.,,discover_all_four_effects,source_listed_ingredient_effects,SN-000084-alchemy-ingredient-effect-discovery.md,"Source-listed ingredient effect record; exact acquisition copy, recipe sequence, and route timing deferred."
ALCHEMY-000115,OBJ-002641,Aster Bloom Core,,creation_club,ae_creation,https://en.uesp.net/wiki/Skyrim:Ingredients,SRC-000294,FE xxx D66,"Resist Magic (2x, 2.14x)","Fortify Light Armor (2x, 2.14x)","Fortify Block (1.25x, 1.27x)","Paralysis (2x, 2.14x)",40,0.1,not_listed,not_listed,Originating from the Shivering Isles. One of the Rare Curios sold by Khajiit trade caravans.,,discover_all_four_effects,source_listed_ingredient_effects,SN-000084-alchemy-ingredient-effect-discovery.md,"Source-listed ingredient effect record; exact acquisition copy, recipe sequence, and route timing deferred."
ALCHEMY-000116,OBJ-002642,Bittergreen Petals,,creation_club,ae_creation,https://en.uesp.net/wiki/Skyrim:Ingredients,SRC-000294,FE xxx D68,"Lingering Damage Stamina (2x, 2.14x)","Invisibility (1.5x, 1.56x)",Cure Poison,"Damage Magicka (1.5x, 1.56x)",25,0.1,not_listed,not_listed,Originating from Vvardenfell. One of the Rare Curios sold by Khajiit trade caravans.,,discover_all_four_effects,source_listed_ingredient_effects,SN-000084-alchemy-ingredient-effect-discovery.md,"Source-listed ingredient effect record; exact acquisition copy, recipe sequence, and route timing deferred."
ALCHEMY-000117,OBJ-002643,Blind Watcher's Eye,,creation_club,ae_creation,https://en.uesp.net/wiki/Skyrim:Ingredients,SRC-000294,FE xxx 822,Light,"Fortify Magicka (1.25x, 1.27x)","Fortify Alteration (1.25x, 1.27x)",Spell Absorption,9,0.2,not_listed,not_listed,Originating from the Shivering Isles. One of the Rare Curios sold by Khajiit trade caravans.,,discover_all_four_effects,source_listed_ingredient_effects,SN-000084-alchemy-ingredient-effect-discovery.md,"Source-listed ingredient effect record; exact acquisition copy, recipe sequence, and route timing deferred."
ALCHEMY-000118,OBJ-002644,Bliss Bug Thorax,,creation_club,ae_creation,https://en.uesp.net/wiki/Skyrim:Ingredients,SRC-000294,xx 059155,Weakness to Fire,Resist Fire,Fortify Heavy Armor,"Fortify Illusion (0.25x, 0.21x)",1,0.1,not_listed,not_listed,Harvested by Saints & Seducers.,,discover_all_four_effects,source_listed_ingredient_effects,SN-000084-alchemy-ingredient-effect-discovery.md,"Source-listed ingredient effect record; exact acquisition copy, recipe sequence, and route timing deferred."
ALCHEMY-000119,OBJ-002645,Blister Pod Cap,,creation_club,ae_creation,https://en.uesp.net/wiki/Skyrim:Ingredients,SRC-000294,FE xxx D6A,"Restore Magicka (1.2x, 1.22x)","Fortify Magicka (1.25x, 1.27x)",Night Eye,"Invisibility (1.5x, 1.56x)",25,0.1,not_listed,not_listed,Originating from the Shivering Isles. One of the Rare Curios sold by Khajiit trade caravans.,,discover_all_four_effects,source_listed_ingredient_effects,SN-000084-alchemy-ingredient-effect-discovery.md,"Source-listed ingredient effect record; exact acquisition copy, recipe sequence, and route timing deferred."
ALCHEMY-000120,OBJ-002646,Bloodgrass,,creation_club,ae_creation,https://en.uesp.net/wiki/Skyrim:Ingredients,SRC-000294,xx 024C13,Invisibility,Resist Poison,"Slow (6x, 0.57x)","Fortify Health (1.25x, 1.27x)",25,0.1,not_listed,not_listed,"Harvested from the Deadlands, if one has The Cause to go there.",,discover_all_four_effects,source_listed_ingredient_effects,SN-000084-alchemy-ingredient-effect-discovery.md,"Source-listed ingredient effect record; exact acquisition copy, recipe sequence, and route timing deferred."
ALCHEMY-000121,OBJ-002647,Bog Beacon,,creation_club,ae_creation,https://en.uesp.net/wiki/Skyrim:Ingredients,SRC-000294,FE xxx D6C,"Restore Magicka (1.2x, 1.22x)","Fortify Heavy Armor (1.5x, 1.56x)","Fear (2x, 2.14x)","Damage Stamina (1.33x, 1.36x)",20,0.1,not_listed,not_listed,Originating from Cyrodiil. One of the Rare Curios sold by Khajiit trade caravans.,,discover_all_four_effects,source_listed_ingredient_effects,SN-000084-alchemy-ingredient-effect-discovery.md,"Source-listed ingredient effect record; exact acquisition copy, recipe sequence, and route timing deferred."
ALCHEMY-000122,OBJ-002648,Bungler's Bane,,creation_club,ae_creation,https://en.uesp.net/wiki/Skyrim:Ingredients,SRC-000294,FE xxx 802,"Slow (2x, 2.14x)","Ravage Stamina (1.5x, 3.34x)","Damage Stamina Regen (2x, 2.14x)","Resist Magic (2x, 2.14x)",50,0.5,not_listed,not_listed,Originating from Vvardenfell. One of the Rare Curios sold by Khajiit trade caravans.,,discover_all_four_effects,source_listed_ingredient_effects,SN-000084-alchemy-ingredient-effect-discovery.md,"Source-listed ingredient effect record; exact acquisition copy, recipe sequence, and route timing deferred."
ALCHEMY-000123,OBJ-002649,Chokeberry,,creation_club,ae_creation,https://en.uesp.net/wiki/Skyrim:Ingredients,SRC-000294,FE xxx 838,"Damage Health (1.5x, 1.56x)","Ravage Health (1.5x, 3.34x)","Lingering Damage Health (2x, 2.14x)","Weakness to Poison (1.5x, 1.56x)",15,0.1,not_listed,not_listed,Originating from the vile lair of a Cyrodiilic vampire assassin. One of the Rare Curios sold by Khajiit trade caravans.,,discover_all_four_effects,source_listed_ingredient_effects,SN-000084-alchemy-ingredient-effect-discovery.md,"Source-listed ingredient effect record; exact acquisition copy, recipe sequence, and route timing deferred."
ALCHEMY-000124,OBJ-002650,Chokeweed,,creation_club,ae_creation,https://en.uesp.net/wiki/Skyrim:Ingredients,SRC-000294,FE xxx 804,"Weakness to Frost (1.33x, 1.37x)","Restore Stamina (1.2x, 1.22x)",Cure Disease (0.36x),"Damage Magicka (1.33x, 1.37x)",7,0.1,not_listed,not_listed,Originating from Vvardenfell. One of the Rare Curios sold by Khajiit trade caravans.,,discover_all_four_effects,source_listed_ingredient_effects,SN-000084-alchemy-ingredient-effect-discovery.md,"Source-listed ingredient effect record; exact acquisition copy, recipe sequence, and route timing deferred."
ALCHEMY-000125,OBJ-002651,Coda Flower,,creation_club,ae_creation,https://en.uesp.net/wiki/Skyrim:Ingredients,SRC-000294,FE xxx 805,"Damage Health (1.5x, 1.56x)","Lingering Damage Stamina (2x, 2.14x)","Ravage Magicka (1.5x, 1.56x)","Fortify Carry Weight (1.25x, 1.27x)",30,0.1,not_listed,not_listed,Originating from Vvardenfell. One of the Rare Curios sold by Khajiit trade caravans.,,discover_all_four_effects,source_listed_ingredient_effects,SN-000084-alchemy-ingredient-effect-discovery.md,"Source-listed ingredient effect record; exact acquisition copy, recipe sequence, and route timing deferred."
ALCHEMY-000126,OBJ-002652,Comberry,,creation_club,ae_creation,https://en.uesp.net/wiki/Skyrim:Ingredients,SRC-000294,FE xxx 806,"Damage Stamina (1.33x, 1.36x)",Spell Absorption,"Restore Magicka (1.2x, 1.22x)","Fortify Destruction (1.2x, 1.22x)",12,0.1,not_listed,not_listed,Originating from Vvardenfell. One of the Rare Curios sold by Khajiit trade caravans.,,discover_all_four_effects,source_listed_ingredient_effects,SN-000084-alchemy-ingredient-effect-discovery.md,"Source-listed ingredient effect record; exact acquisition copy, recipe sequence, and route timing deferred."
ALCHEMY-000127,OBJ-002653,Congealed Putrescence,,creation_club,ae_creation,https://en.uesp.net/wiki/Skyrim:Ingredients,SRC-000294,FE xxx 807,"Ravage Health (1.5x, 3.34x)","Restore Magicka (1.2x, 1.22x)","Weakness to Fire (1.33x, 1.36x)","Fortify Conjuration (1.2x, 1.22x)",9,0.1,not_listed,not_listed,Originating from the Shivering Isles. One of the Rare Curios sold by Khajiit trade caravans.,,discover_all_four_effects,source_listed_ingredient_effects,SN-000084-alchemy-ingredient-effect-discovery.md,"Source-listed ingredient effect record; exact acquisition copy, recipe sequence, and route timing deferred."
ALCHEMY-000128,OBJ-002654,Corkbulb Root,,creation_club,ae_creation,https://en.uesp.net/wiki/Skyrim:Ingredients,SRC-000294,FE xxx 809,"Paralysis (2x, 2.14x)","Restore Health (1.2x, 1.22x)","Resist Shock (1.33x, 1.36x)","Fortify Marksman (1.25x, 1.27x)",30,0.1,not_listed,not_listed,Originating from Vvardenfell. One of the Rare Curios sold by Khajiit trade caravans.,,discover_all_four_effects,source_listed_ingredient_effects,SN-000084-alchemy-ingredient-effect-discovery.md,"Source-listed ingredient effect record; exact acquisition copy, recipe sequence, and route timing deferred."
ALCHEMY-000129,OBJ-002655,Daedra Silk,,creation_club,ae_creation,https://en.uesp.net/wiki/Skyrim:Ingredients,SRC-000294,FE xxx 80A,"Lingering Damage Stamina (2x, 2.14x)","Paralysis (2x, 2.14x)",Night Eye,"Invisibility (1.5x, 1.56x)",50,0.5,not_listed,not_listed,Originating from the planes of Oblivion. One of the Rare Curios sold by Khajiit trade caravans.,,discover_all_four_effects,source_listed_ingredient_effects,SN-000084-alchemy-ingredient-effect-discovery.md,"Source-listed ingredient effect record; exact acquisition copy, recipe sequence, and route timing deferred."
ALCHEMY-000130,OBJ-002656,Daedra Venin,,creation_club,ae_creation,https://en.uesp.net/wiki/Skyrim:Ingredients,SRC-000294,FE xxx 80B,"Ravage Health (1.5x, 3.34x)","Paralysis (2x, 2.14x)","Fortify Destruction (1.2x, 1.22x)",Spell Absorption,50,0.2,not_listed,not_listed,Originating from the planes of Oblivion. One of the Rare Curios sold by Khajiit trade caravans.,,discover_all_four_effects,source_listed_ingredient_effects,SN-000084-alchemy-ingredient-effect-discovery.md,"Source-listed ingredient effect record; exact acquisition copy, recipe sequence, and route timing deferred."
ALCHEMY-000131,OBJ-002657,Daedroth Teeth,,creation_club,ae_creation,https://en.uesp.net/wiki/Skyrim:Ingredients,SRC-000294,FE xxx 826,"Resist Frost (1.33x, 1.36x)",Light,"Damage Magicka Regen (2x, 2.14x)","Regenerate Stamina (1.2x, 1.22x)",50,0.5,not_listed,not_listed,Originating from the planes of Oblivion. One of the Rare Curios sold by Khajiit trade caravans.,,discover_all_four_effects,source_listed_ingredient_effects,SN-000084-alchemy-ingredient-effect-discovery.md,"Source-listed ingredient effect record; exact acquisition copy, recipe sequence, and route timing deferred."
ALCHEMY-000132,OBJ-002658,Dreugh Wax,,creation_club,ae_creation,https://en.uesp.net/wiki/Skyrim:Ingredients,SRC-000294,FE xxx 827,"Weakness to Magic (1.5x, 1.56x)","Frenzy (2x, 2.14x)","Fortify Enchanting (2x, 2.14x)","Fortify Smithing (1.25x, 1.27x)",25,1,not_listed,not_listed,Originating from Vvardenfell's dreughs or Cyrodiil's land dreughs. One of the Rare Curios sold by Khajiit trade caravans.,,discover_all_four_effects,source_listed_ingredient_effects,SN-000084-alchemy-ingredient-effect-discovery.md,"Source-listed ingredient effect record; exact acquisition copy, recipe sequence, and route timing deferred."
ALCHEMY-000133,OBJ-002659,Elytra Ichor,,creation_club,ae_creation,https://en.uesp.net/wiki/Skyrim:Ingredients,SRC-000294,FE xxx 828,"Restore Magicka (1.2x, 1.22x)","Invisibility (1.5x, 1.56x)","Slow (2x, 2.14x)","Fear (2x, 2.14x)",30,0.1,not_listed,not_listed,Originating from the Shivering Isles. One of the Rare Curios sold by Khajiit trade caravans.,,discover_all_four_effects,source_listed_ingredient_effects,SN-000084-alchemy-ingredient-effect-discovery.md,"Source-listed ingredient effect record; exact acquisition copy, recipe sequence, and route timing deferred."
ALCHEMY-000134,OBJ-002660,Fire Petal,,creation_club,ae_creation,https://en.uesp.net/wiki/Skyrim:Ingredients,SRC-000294,FE xxx 829,"Damage Health (1.5x, 1.56x)","Resist Fire (1.33x, 1.36x)",Spell Absorption,"Paralysis (2x, 2.14x)",30,0.1,not_listed,not_listed,Originating from Vvardenfell. One of the Rare Curios sold by Khajiit trade caravans.,,discover_all_four_effects,source_listed_ingredient_effects,SN-000084-alchemy-ingredient-effect-discovery.md,"Source-listed ingredient effect record; exact acquisition copy, recipe sequence, and route timing deferred."
ALCHEMY-000135,OBJ-002661,Flame Stalk,,creation_club,ae_creation,https://en.uesp.net/wiki/Skyrim:Ingredients,SRC-000294,xx 095E23,"Restore Health (1.2x, 1.22x)","Resist Frost (1.33x, 1.36x)","Weakness to Fire (1.33x, 1.36x)","Invisibility (1.5x, 1.56x)",25,0.1,not_listed,not_listed,Originating from the Shivering Isles. One of the Rare Curios sold by Khajiit trade caravans.,,discover_all_four_effects,source_listed_ingredient_effects,SN-000084-alchemy-ingredient-effect-discovery.md,"Source-listed ingredient effect record; exact acquisition copy, recipe sequence, and route timing deferred."
ALCHEMY-000136,OBJ-002662,Fungus Stalk,,creation_club,ae_creation,https://en.uesp.net/wiki/Skyrim:Ingredients,SRC-000294,FE xxx 82B,"Restore Magicka (1.2x, 1.22x)","Fortify Health (1.25x, 5x, 7.5x)","Fortify Stamina (1.25x, 5x, 7.5x)","Waterbreathing (1.6x, 1.67x)",30,0.1,not_listed,not_listed,Originating from the Shivering Isles. One of the Rare Curios sold by Khajiit trade caravans.,,discover_all_four_effects,source_listed_ingredient_effects,SN-000084-alchemy-ingredient-effect-discovery.md,"Source-listed ingredient effect record; exact acquisition copy, recipe sequence, and route timing deferred."
ALCHEMY-000137,OBJ-002663,Glassfish,,creation_club,ae_creation,https://en.uesp.net/wiki/Skyrim:Ingredients,SRC-000294,xx 0008EE,Restore Magicka,Invisibility,"Fortify Illusion (0.25x, 0.21x)",Fortify Persuasion,1,0.25,not_listed,not_listed,Caught by Fishing in temperate lakes.,,discover_all_four_effects,source_listed_ingredient_effects,SN-000084-alchemy-ingredient-effect-discovery.md,"Source-listed ingredient effect record; exact acquisition copy, recipe sequence, and route timing deferred."
ALCHEMY-000138,OBJ-002664,Gnarl Bark,,creation_club,ae_creation,https://en.uesp.net/wiki/Skyrim:Ingredients,SRC-000294,FE xxx 82C,"Damage Health (1.5x, 1.56x)","Regenerate Health (1.2x, 1.22x)","Fortify Heavy Armor (1.5x, 1.56x)","Resist Fire (1.33x, 1.36x)",15,0.1,not_listed,not_listed,Originating from the Shivering Isles. One of the Rare Curios sold by Khajiit trade caravans.,,discover_all_four_effects,source_listed_ingredient_effects,SN-000084-alchemy-ingredient-effect-discovery.md,"Source-listed ingredient effect record; exact acquisition copy, recipe sequence, and route timing deferred."
ALCHEMY-000139,OBJ-002665,Gold Kanet,,creation_club,ae_creation,https://en.uesp.net/wiki/Skyrim:Ingredients,SRC-000294,FE xxx 82D,"Paralysis (2x, 2.14x)","Ravage Health (1.5x, 3.34x)","Weakness to Frost (1.33x, 1.36x)","Fortify Smithing (1.25x, 1.27x)",30,0.1,not_listed,not_listed,Originating from Vvardenfell. One of the Rare Curios sold by Khajiit trade caravans.,,discover_all_four_effects,source_listed_ingredient_effects,SN-000084-alchemy-ingredient-effect-discovery.md,"Source-listed ingredient effect record; exact acquisition copy, recipe sequence, and route timing deferred."
ALCHEMY-000140,OBJ-002666,Goldfish,,creation_club,ae_creation,https://en.uesp.net/wiki/Skyrim:Ingredients,SRC-000294,xx 0008EF,Restore Stamina,Fortify Heavy Armor,Waterbreathing,Resist Frost,10,0.25,None,not_listed,Caught by Fishing in temperate lakes in clear weather or in the ponds found in some clearings.,,discover_all_four_effects,source_listed_ingredient_effects,SN-000084-alchemy-ingredient-effect-discovery.md,"Source-listed ingredient effect record; exact acquisition copy, recipe sequence, and route timing deferred."
ALCHEMY-000141,OBJ-002667,Green Butterfly Wing,,creation_club,ae_creation,https://en.uesp.net/wiki/Skyrim:Ingredients,SRC-000294,xx 059151,Restore Magicka,Fear,"Slow (6x, 0.57x)",Invisibility,25,0.1,not_listed,not_listed,Harvested by Saints & Seducers.,,discover_all_four_effects,source_listed_ingredient_effects,SN-000084-alchemy-ingredient-effect-discovery.md,"Source-listed ingredient effect record; exact acquisition copy, recipe sequence, and route timing deferred."
ALCHEMY-000142,OBJ-002668,Hackle-Lo Leaf,,creation_club,ae_creation,https://en.uesp.net/wiki/Skyrim:Ingredients,SRC-000294,FE xxx 82E,"Restore Stamina (1.2x, 1.22x)","Paralysis (2x, 2.14x)","Waterbreathing (1.6x, 1.67x)","Fortify Restoration (1.25x, 1.27x)",30,0.1,not_listed,not_listed,Originating from Vvardenfell. One of the Rare Curios sold by Khajiit trade caravans.,,discover_all_four_effects,source_listed_ingredient_effects,SN-000084-alchemy-ingredient-effect-discovery.md,"Source-listed ingredient effect record; exact acquisition copy, recipe sequence, and route timing deferred."
ALCHEMY-000143,OBJ-002669,Harrada,,creation_club,ae_creation,https://en.uesp.net/wiki/Skyrim:Ingredients,SRC-000294,xx 024C11,"Damage Health (2x, 2.14x)","Damage Magicka (1.33x, 1.36x)",Paralysis,Damage Magicka Regen,25,0.1,not_listed,not_listed,"Harvested from the Deadlands, if one has The Cause to go there.",,discover_all_four_effects,source_listed_ingredient_effects,SN-000084-alchemy-ingredient-effect-discovery.md,"Source-listed ingredient effect record; exact acquisition copy, recipe sequence, and route timing deferred."
ALCHEMY-000144,OBJ-002670,Heart of Order,,creation_club,ae_creation,https://en.uesp.net/wiki/Skyrim:Ingredients,SRC-000294,FE xxx 851,"Restore Health (1.2x, 1.22x)","Fortify Health (1.25x, 5x, 7.5x)","Fortify One-handed (1.25x, 1.27x)","Fortify Two-handed (1.25x, 1.27x)",40,0.1,not_listed,not_listed,Originating from the Shivering Isles during a Greymarch. One of the Rare Curios sold by Khajiit trade caravans.,,discover_all_four_effects,source_listed_ingredient_effects,SN-000084-alchemy-ingredient-effect-discovery.md,"Source-listed ingredient effect record; exact acquisition copy, recipe sequence, and route timing deferred."
ALCHEMY-000145,OBJ-002671,Hunger Tongue,,creation_club,ae_creation,https://en.uesp.net/wiki/Skyrim:Ingredients,SRC-000294,FE xxx 80C,"Weakness to Fire (1.33x, 2x, 2.93x)",Cure Disease (0.36x),Cure Poison,"Fortify Magicka (1.25x, 1.27x)",10,0.1,not_listed,not_listed,Originating from the Shivering Isles. One of the Rare Curios sold by Khajiit trade caravans.,,discover_all_four_effects,source_listed_ingredient_effects,SN-000084-alchemy-ingredient-effect-discovery.md,"Source-listed ingredient effect record; exact acquisition copy, recipe sequence, and route timing deferred."
ALCHEMY-000146,OBJ-002672,Hydnum Azure Giant Spore,,creation_club,ae_creation,https://en.uesp.net/wiki/Skyrim:Ingredients,SRC-000294,FE xxx 80D,"Resist Frost (1.33x, 1.36x)","Fortify Health (1.25x, 5x, 7.5x)","Regenerate Health (1.2x, 1.22x)",Light,30,0.5,not_listed,not_listed,Originating from the Shivering Isles. One of the Rare Curios sold by Khajiit trade caravans.,,discover_all_four_effects,source_listed_ingredient_effects,SN-000084-alchemy-ingredient-effect-discovery.md,"Source-listed ingredient effect record; exact acquisition copy, recipe sequence, and route timing deferred."
ALCHEMY-000147,OBJ-002673,Hypha Facia,,creation_club,ae_creation,https://en.uesp.net/wiki/Skyrim:Ingredients,SRC-000294,FE xxx 80E,"Weakness to Poison (1.5x, 1.56x)","Frenzy (2x, 2.14x)","Ravage Stamina (1.5x, 3.34x)","Resist Magic (2x, 2.14x)",23,0.1,not_listed,not_listed,Originating from Vvardenfell. One of the Rare Curios sold by Khajiit trade caravans.,,discover_all_four_effects,source_listed_ingredient_effects,SN-000084-alchemy-ingredient-effect-discovery.md,"Source-listed ingredient effect record; exact acquisition copy, recipe sequence, and route timing deferred."
ALCHEMY-000148,OBJ-002674,Imp Gall,,creation_club,ae_creation,https://en.uesp.net/wiki/Skyrim:Ingredients,SRC-000294,FE xxx 80F,"Damage Health (1.5x, 1.56x)","Weakness to Fire (1.33x, 1.36x)","Fortify Barter (2x, 2.14x)",Cure Poison,15,0.2,not_listed,not_listed,Originating from Cyrodiil. One of the Rare Curios sold by Khajiit trade caravans.,,discover_all_four_effects,source_listed_ingredient_effects,SN-000084-alchemy-ingredient-effect-discovery.md,"Source-listed ingredient effect record; exact acquisition copy, recipe sequence, and route timing deferred."
ALCHEMY-000149,OBJ-002675,Ironwood Fruit,,creation_club,ae_creation,https://en.uesp.net/wiki/Skyrim:Ingredients,SRC-000294,FE xxx F0F,Restore Health,Resist Fire,Damage Stamina,Restore Magicka,5,0.1,not_listed,not_listed,Harvested from the Ironwood Trees found in Iron Tusk Cave.,,discover_all_four_effects,source_listed_ingredient_effects,SN-000084-alchemy-ingredient-effect-discovery.md,"Source-listed ingredient effect record; exact acquisition copy, recipe sequence, and route timing deferred."
ALCHEMY-000150,OBJ-002676,Juvenile Mudcrab,,creation_club,ae_creation,https://en.uesp.net/wiki/Skyrim:Ingredients,SRC-000294,xx 0008F2,Regenerate Stamina,Fortify Carry Weight,Cure Disease,Fortify Two-handed,10,0.25,not_listed,not_listed,Caught by Fishing on the surface.,,discover_all_four_effects,source_listed_ingredient_effects,SN-000084-alchemy-ingredient-effect-discovery.md,"Source-listed ingredient effect record; exact acquisition copy, recipe sequence, and route timing deferred."
ALCHEMY-000151,OBJ-002677,Kagouti Hide,,creation_club,ae_creation,https://en.uesp.net/wiki/Skyrim:Ingredients,SRC-000294,FE xxx 810,"Lingering Damage Stamina (2x, 2.14x)",Night Eye,"Fortify Carry Weight (1.25x, 1.27x)","Resist Shock (1.33x, 1.36x)",20,1,not_listed,not_listed,Originating from Vvardenfell. One of the Rare Curios sold by Khajiit trade caravans.,,discover_all_four_effects,source_listed_ingredient_effects,SN-000084-alchemy-ingredient-effect-discovery.md,"Source-listed ingredient effect record; exact acquisition copy, recipe sequence, and route timing deferred."
ALCHEMY-000152,OBJ-002678,Kresh Fiber,,creation_club,ae_creation,https://en.uesp.net/wiki/Skyrim:Ingredients,SRC-000294,FE xxx 811,"Weakness to Magic (1.5x, 1.56x)","Slow (2x, 2.14x)","Fortify Sneak (1.25x, 1.27x)","Fortify Pickpocket (1.25x, 1.27x)",30,0.1,not_listed,not_listed,Originating from Vvardenfell. One of the Rare Curios sold by Khajiit trade caravans.,,discover_all_four_effects,source_listed_ingredient_effects,SN-000084-alchemy-ingredient-effect-discovery.md,"Source-listed ingredient effect record; exact acquisition copy, recipe sequence, and route timing deferred."
ALCHEMY-000153,OBJ-002679,Lichor,,creation_club,ae_creation,https://en.uesp.net/wiki/Skyrim:Ingredients,SRC-000294,FE xxx 837,"Restore Magicka (1.2x, 1.22x)","Regenerate Magicka (1.2x, 1.22x)","Fortify Magicka (1.25x, 1.27x)",Spell Absorption,15,0.1,not_listed,not_listed,Originating from Mankar Camoran's destroyed realm of Oblivion. One of the Rare Curios sold by Khajiit trade caravans.,,discover_all_four_effects,source_listed_ingredient_effects,SN-000084-alchemy-ingredient-effect-discovery.md,"Source-listed ingredient effect record; exact acquisition copy, recipe sequence, and route timing deferred."
ALCHEMY-000154,OBJ-002680,Luminous Russula,,creation_club,ae_creation,https://en.uesp.net/wiki/Skyrim:Ingredients,SRC-000294,FE xxx 813,"Lingering Damage Stamina (2x, 2.14x)","Lingering Damage Health (2x, 2.14x)","Waterbreathing (1.6x, 1.67x)","Fear (2x, 2.14x)",25,0.2,not_listed,not_listed,Originating from Vvardenfell. One of the Rare Curios sold by Khajiit trade caravans.,,discover_all_four_effects,source_listed_ingredient_effects,SN-000084-alchemy-ingredient-effect-discovery.md,"Source-listed ingredient effect record; exact acquisition copy, recipe sequence, and route timing deferred."
ALCHEMY-000155,OBJ-002681,Lyretail Anthias,,creation_club,ae_creation,https://en.uesp.net/wiki/Skyrim:Ingredients,SRC-000294,xx 0008F1,Restore Magicka,Fortify Alteration,Fortify Conjuration,Fortify Carry Weight,30,0.25,not_listed,not_listed,Caught by Fishing in temperate streams and at Evergreen Grove.,,discover_all_four_effects,source_listed_ingredient_effects,SN-000084-alchemy-ingredient-effect-discovery.md,"Source-listed ingredient effect record; exact acquisition copy, recipe sequence, and route timing deferred."
ALCHEMY-000156,OBJ-002682,Marshmerrow,,creation_club,ae_creation,https://en.uesp.net/wiki/Skyrim:Ingredients,SRC-000294,FE xxx 814,"Restore Health (1.2x, 1.22x)","Fortify Carry Weight (1.25x, 1.27x)","Weakness to Magic (1.5x, 1.56x)","Damage Stamina (1.33x, 1.36x)",18,0.1,not_listed,not_listed,Originating from Vvardenfell. One of the Rare Curios sold by Khajiit trade caravans.,,discover_all_four_effects,source_listed_ingredient_effects,SN-000084-alchemy-ingredient-effect-discovery.md,"Source-listed ingredient effect record; exact acquisition copy, recipe sequence, and route timing deferred."
ALCHEMY-000157,OBJ-002683,Minotaur Horn,,creation_club,ae_creation,https://en.uesp.net/wiki/Skyrim:Ingredients,SRC-000294,FE xxx 815,"Resist Poison (1.25x, 1.27x)","Damage Magicka Regen (2x, 2.14x)","Regenerate Health (1.2x, 1.22x)","Regenerate Magicka (1.2x, 1.22x)",55,5,not_listed,not_listed,Originating from Cyrodiil. One of the Rare Curios sold by Khajiit trade caravans.,,discover_all_four_effects,source_listed_ingredient_effects,SN-000084-alchemy-ingredient-effect-discovery.md,"Source-listed ingredient effect record; exact acquisition copy, recipe sequence, and route timing deferred."
ALCHEMY-000158,OBJ-002684,Mort Flesh,,creation_club,ae_creation,https://en.uesp.net/wiki/Skyrim:Ingredients,SRC-000294,FE xxx 80C,Damage Health,Damage Magicka,Damage Magicka Regen,Frenzy,2,0.5,None,not_listed,Originating from Cyrodiil. Dropped by the zombies from Plague of the Dead.,,discover_all_four_effects,source_listed_ingredient_effects,SN-000084-alchemy-ingredient-effect-discovery.md,"Source-listed ingredient effect record; exact acquisition copy, recipe sequence, and route timing deferred."
ALCHEMY-000159,OBJ-002685,Nightshade,creation_club_variant,creation_club,ae_creation,https://en.uesp.net/wiki/Skyrim:Ingredients,SRC-000294,xx 042A61,Damage Health,Damage Magicka Regen,Lingering Damage Stamina,Fortify Destruction (0.8x),8,0.1,None,not_listed,A variant of the regular Nightshade that has one less leaf on its stem.,Duplicate display name in source table; distinguish by form ID and content source.,discover_all_four_effects,source_listed_ingredient_effects,SN-000084-alchemy-ingredient-effect-discovery.md,"Source-listed ingredient effect record; exact acquisition copy, recipe sequence, and route timing deferred. Duplicate display-name record retained separately."
ALCHEMY-000160,OBJ-002686,Ogre's Teeth,,creation_club,ae_creation,https://en.uesp.net/wiki/Skyrim:Ingredients,SRC-000294,FE xxx 816,"Weakness to Shock (1.33x, 1.36x)","Resist Poison (1.25x, 1.27x)","Lingering Damage Magicka (2x, 2.12x)","Regenerate Health (1.2x, 1.22x)",50,3,not_listed,not_listed,Originating from Cyrodiil. One of the Rare Curios sold by Khajiit trade caravans.,,discover_all_four_effects,source_listed_ingredient_effects,SN-000084-alchemy-ingredient-effect-discovery.md,"Source-listed ingredient effect record; exact acquisition copy, recipe sequence, and route timing deferred."
ALCHEMY-000161,OBJ-002687,Pearlfish,,creation_club,ae_creation,https://en.uesp.net/wiki/Skyrim:Ingredients,SRC-000294,xx 0008EC,Restore Stamina,Resist Frost,Fortify Smithing,Fortify One-handed,15,0.25,not_listed,not_listed,Caught by Fishing in temperate lakes and streams in rainy weather.,,discover_all_four_effects,source_listed_ingredient_effects,SN-000084-alchemy-ingredient-effect-discovery.md,"Source-listed ingredient effect record; exact acquisition copy, recipe sequence, and route timing deferred."
ALCHEMY-000162,OBJ-002688,Purple Butterfly Wing,,creation_club,ae_creation,https://en.uesp.net/wiki/Skyrim:Ingredients,SRC-000294,xx 059153,Regenerate Health,Regenerate Magicka,Regenerate Stamina,Paralysis,25,0.1,not_listed,not_listed,Harvested by Saints & Seducers.,,discover_all_four_effects,source_listed_ingredient_effects,SN-000084-alchemy-ingredient-effect-discovery.md,"Source-listed ingredient effect record; exact acquisition copy, recipe sequence, and route timing deferred."
ALCHEMY-000163,OBJ-002689,Pygmy Sunfish,,creation_club,ae_creation,https://en.uesp.net/wiki/Skyrim:Ingredients,SRC-000294,xx 0008ED,Restore Stamina,Lingering Damage Magicka,Damage Magicka Regen,Fortify Restoration,2,0.25,not_listed,not_listed,Caught by Fishing in temperate lakes in rainy weather.,,discover_all_four_effects,source_listed_ingredient_effects,SN-000084-alchemy-ingredient-effect-discovery.md,"Source-listed ingredient effect record; exact acquisition copy, recipe sequence, and route timing deferred."
ALCHEMY-000164,OBJ-002690,Red Kelp Gas Bladder,,creation_club,ae_creation,https://en.uesp.net/wiki/Skyrim:Ingredients,SRC-000294,FE xxx 817,"Regenerate Stamina (1.2x, 1.22x)","Waterbreathing (1.6x, 1.67x)",Cure Disease (0.36x),"Fortify Magicka (1.25x, 1.27x)",20,0.1,not_listed,not_listed,Originating from the Shivering Isles. One of the Rare Curios sold by Khajiit trade caravans.,,discover_all_four_effects,source_listed_ingredient_effects,SN-000084-alchemy-ingredient-effect-discovery.md,"Source-listed ingredient effect record; exact acquisition copy, recipe sequence, and route timing deferred."
ALCHEMY-000165,OBJ-002691,Redwort Flower,,creation_club,ae_creation,https://en.uesp.net/wiki/Skyrim:Ingredients,SRC-000294,FE xxx 818,"Resist Frost (1.33x, 1.36x)",Cure Poison,"Damage Health (1.5x, 1.56x)","Invisibility (1.5x, 1.56x)",25,0.1,not_listed,not_listed,Originating from Cyrodiil. One of the Rare Curios sold by Khajiit trade caravans.,,discover_all_four_effects,source_listed_ingredient_effects,SN-000084-alchemy-ingredient-effect-discovery.md,"Source-listed ingredient effect record; exact acquisition copy, recipe sequence, and route timing deferred."
ALCHEMY-000166,OBJ-002692,Roobrush,,creation_club,ae_creation,https://en.uesp.net/wiki/Skyrim:Ingredients,SRC-000294,FE xxx 819,"Weakness to Magic (1.5x, 1.56x)","Fortify Sneak (1.25x, 1.27x)","Lingering Damage Health (2x, 2.14x)",Cure Poison,20,0.1,not_listed,not_listed,Originating from Vvardenfell. One of the Rare Curios sold by Khajiit trade caravans.,,discover_all_four_effects,source_listed_ingredient_effects,SN-000084-alchemy-ingredient-effect-discovery.md,"Source-listed ingredient effect record; exact acquisition copy, recipe sequence, and route timing deferred."
ALCHEMY-000167,OBJ-002693,Rot Scale,,creation_club,ae_creation,https://en.uesp.net/wiki/Skyrim:Ingredients,SRC-000294,01 00306D,"Slow (3x, 0.26x)","Lingering Damage Health (3x, 3.34x)","Fear (0.16x, 0.14x)",Paralysis,20,0.1,not_listed,not_listed,Originating from the Shivering Isles.,,discover_all_four_effects,source_listed_ingredient_effects,SN-000084-alchemy-ingredient-effect-discovery.md,"Source-listed ingredient effect record; exact acquisition copy, recipe sequence, and route timing deferred."
ALCHEMY-000168,OBJ-002694,Saltrice,,creation_club,ae_creation,https://en.uesp.net/wiki/Skyrim:Ingredients,SRC-000294,FE xxx 81A,"Restore Stamina (1.2x, 1.22x)","Fortify Magicka (1.25x, 1.27x)","Damage Stamina Regen (2x, 2.14x)","Restore Health (1.2x, 1.22x)",6,0.1,not_listed,not_listed,Originating from Morrowind. One of the Rare Curios sold by Khajiit trade caravans.,,discover_all_four_effects,source_listed_ingredient_effects,SN-000084-alchemy-ingredient-effect-discovery.md,"Source-listed ingredient effect record; exact acquisition copy, recipe sequence, and route timing deferred."
ALCHEMY-000169,OBJ-002695,Scalon Fin,,creation_club,ae_creation,https://en.uesp.net/wiki/Skyrim:Ingredients,SRC-000294,FE xxx 81B,"Waterbreathing (1.6x, 1.67x)","Damage Health (1.5x, 1.56x)","Lingering Damage Magicka (2x, 2.14x)","Damage Magicka Regen (2x, 2.14x)",25,0.1,not_listed,not_listed,Originating from the Shivering Isles. One of the Rare Curios sold by Khajiit trade caravans.,,discover_all_four_effects,source_listed_ingredient_effects,SN-000084-alchemy-ingredient-effect-discovery.md,"Source-listed ingredient effect record; exact acquisition copy, recipe sequence, and route timing deferred."
ALCHEMY-000170,OBJ-002696,Screaming Maw,,creation_club,ae_creation,https://en.uesp.net/wiki/Skyrim:Ingredients,SRC-000294,01 00306E,"Regenerate Magicka (4x, 0.2x, 0.78x)",Fortify Alteration (1.25x 1.27x),"Invisibility (0.25x, 0.22x)","Regenerate Health (4x, 0.03x, 0.11x)",20,0.1,not_listed,not_listed,Originating from the Shivering Isles. Harvested by Saints & Seducers.,,discover_all_four_effects,source_listed_ingredient_effects,SN-000084-alchemy-ingredient-effect-discovery.md,"Source-listed ingredient effect record; exact acquisition copy, recipe sequence, and route timing deferred."
ALCHEMY-000171,OBJ-002697,Scrib Jelly,,creation_club,ae_creation,https://en.uesp.net/wiki/Skyrim:Ingredients,SRC-000294,FE xxx 81C,"Regenerate Magicka (1.2x, 1.22x)",Cure Poison,Cure Disease (0.36x),"Regenerate Stamina (1.2x, 1.22x)",20,0.1,not_listed,not_listed,Originating from Vvardenfell. One of the Rare Curios sold by Khajiit trade caravans.,,discover_all_four_effects,source_listed_ingredient_effects,SN-000084-alchemy-ingredient-effect-discovery.md,"Source-listed ingredient effect record; exact acquisition copy, recipe sequence, and route timing deferred."
ALCHEMY-000172,OBJ-002698,Scrib Jerky,,creation_club,ae_creation,https://en.uesp.net/wiki/Skyrim:Ingredients,SRC-000294,FE xxx 81D,"Restore Stamina (1.2x, 1.22x)","Fortify Stamina (1.25x, 1.27x)","Paralysis (2x, 2.14x)","Waterbreathing (1.6x, 1.67x)",15,0.2,not_listed,not_listed,Originating from Vvardenfell. One of the Rare Curios sold by Khajiit trade caravans.,,discover_all_four_effects,source_listed_ingredient_effects,SN-000084-alchemy-ingredient-effect-discovery.md,"Source-listed ingredient effect record; exact acquisition copy, recipe sequence, and route timing deferred."
ALCHEMY-000173,OBJ-002699,Sload Soap,,creation_club,ae_creation,https://en.uesp.net/wiki/Skyrim:Ingredients,SRC-000294,FE xxx 81E,"Resist Fire (1.33x, 1.36x)","Fear (2x, 2.14x)","Fortify Conjuration (1.2x, 1.22x)","Fortify Alteration (1.25x, 1.27x)",30,0.1,not_listed,not_listed,Popular in Vvardenfell. One of the Rare Curios sold by Khajiit trade caravans.,,discover_all_four_effects,source_listed_ingredient_effects,SN-000084-alchemy-ingredient-effect-discovery.md,"Source-listed ingredient effect record; exact acquisition copy, recipe sequence, and route timing deferred."
ALCHEMY-000174,OBJ-002700,Spadefish,,creation_club,ae_creation,https://en.uesp.net/wiki/Skyrim:Ingredients,SRC-000294,xx 0008F3,Restore Health,Fortify Lockpicking,Fortify Pickpocket,Cure Disease,15,0.25,not_listed,not_listed,"Caught by Fishing in temperate streams on sunny days, in the Eldergleam Sanctuary, and in the Evergreen Grove.",,discover_all_four_effects,source_listed_ingredient_effects,SN-000084-alchemy-ingredient-effect-discovery.md,"Source-listed ingredient effect record; exact acquisition copy, recipe sequence, and route timing deferred."
ALCHEMY-000175,OBJ-002701,Spiddal Stick,,creation_club,ae_creation,https://en.uesp.net/wiki/Skyrim:Ingredients,SRC-000294,xx 024C15,"Damage Health (2x, 2.14x)","Damage Magicka (1.33x, 1.36x)",Weakness to Fire,"Restore Stamina (0.4x, 0.36x)",25,0.1,not_listed,not_listed,"Harvested from the Deadlands, if one has The Cause to go there.",,discover_all_four_effects,source_listed_ingredient_effects,SN-000084-alchemy-ingredient-effect-discovery.md,"Source-listed ingredient effect record; exact acquisition copy, recipe sequence, and route timing deferred."
ALCHEMY-000176,OBJ-002702,Steel-Blue Entoloma,,creation_club,ae_creation,https://en.uesp.net/wiki/Skyrim:Ingredients,SRC-000294,FE xxx 832,Restore Magicka,Fortify Destruction,Resist Frost,Fortify Carry Weight,2,0.1,Khajiit Traders,3,Originating from Cyrodiil. Useful to con goblins.,,discover_all_four_effects,source_listed_ingredient_effects,SN-000084-alchemy-ingredient-effect-discovery.md,"Source-listed ingredient effect record; exact acquisition copy, recipe sequence, and route timing deferred."
ALCHEMY-000177,OBJ-002703,Stoneflower Petals,,creation_club,ae_creation,https://en.uesp.net/wiki/Skyrim:Ingredients,SRC-000294,FE xxx 81F,"Weakness to Shock (1.33x, 1.36x)","Fortify One-handed (1.25x, 1.27x)","Fortify Magicka (1.25x, 1.27x)","Fortify Enchanting (2x, 2.14x)",15,0.1,not_listed,not_listed,Originating from Vvardenfell. One of the Rare Curios sold by Khajiit trade caravans.,,discover_all_four_effects,source_listed_ingredient_effects,SN-000084-alchemy-ingredient-effect-discovery.md,"Source-listed ingredient effect record; exact acquisition copy, recipe sequence, and route timing deferred."
ALCHEMY-000178,OBJ-002704,Thorn Hook,,creation_club,ae_creation,https://en.uesp.net/wiki/Skyrim:Ingredients,SRC-000294,01 00306F,Lingering Damage Health,Paralysis,"Regenerate Magicka (0.6x, 0.6x, 0.32x)","Regenerate Health (0.6x, 0.6x, 0.32x)",20,0.1,not_listed,not_listed,Originating from the Shivering Isles. Harvested by Saints & Seducers.,,discover_all_four_effects,source_listed_ingredient_effects,SN-000084-alchemy-ingredient-effect-discovery.md,"Source-listed ingredient effect record; exact acquisition copy, recipe sequence, and route timing deferred."
ALCHEMY-000179,OBJ-002705,Void Essence,,creation_club,ae_creation,https://en.uesp.net/wiki/Skyrim:Ingredients,SRC-000294,FE xxx 820,"Restore Health (1.2x, 1.22x)","Fortify Health (1.25x, 5x, 7.5x)","Fortify Stamina (1.25x, 5x, 7.5x)","Regenerate Health (1.2x, 1.22x)",60,0.2,not_listed,not_listed,Originating from the Shivering Isles. One of the Rare Curios sold by Khajiit trade caravans.,,discover_all_four_effects,source_listed_ingredient_effects,SN-000084-alchemy-ingredient-effect-discovery.md,"Source-listed ingredient effect record; exact acquisition copy, recipe sequence, and route timing deferred."
ALCHEMY-000180,OBJ-002706,Watcher's Eye,,creation_club,ae_creation,https://en.uesp.net/wiki/Skyrim:Ingredients,SRC-000294,FE xxx 821,Night Eye,"Fortify Magicka (1.25x, 1.27x)","Fortify Illusion (5x, 5.87x)",Spell Absorption,9,0.2,not_listed,not_listed,Originating from the Shivering Isles. One of the Rare Curios sold by Khajiit trade caravans.,,discover_all_four_effects,source_listed_ingredient_effects,SN-000084-alchemy-ingredient-effect-discovery.md,"Source-listed ingredient effect record; exact acquisition copy, recipe sequence, and route timing deferred."
ALCHEMY-000181,OBJ-002707,Wild Grass Pod,,creation_club,ae_creation,https://en.uesp.net/wiki/Skyrim:Ingredients,SRC-000294,xx 019D3A,Resist Poison,Ravage Magicka,Fortify Alteration,Restore Magicka,1,0.1,None,not_listed,"Growing near the entrance to the Runoff Caverns, made wild by Forgotten Seasons.",,discover_all_four_effects,source_listed_ingredient_effects,SN-000084-alchemy-ingredient-effect-discovery.md,"Source-listed ingredient effect record; exact acquisition copy, recipe sequence, and route timing deferred."
ALCHEMY-000182,OBJ-002708,Wisp Stalk Caps,,creation_club,ae_creation,https://en.uesp.net/wiki/Skyrim:Ingredients,SRC-000294,FE xxx 823,"Damage Health (1.5x, 1.56x)","Weakness to Poison (1.5x, 1.56x)","Frenzy (2x, 2.14x)","Regenerate Stamina (1.2x, 1.22x)",20,0.1,not_listed,not_listed,Originating from Cyrodiil. One of the Rare Curios sold by Khajiit trade caravans.,,discover_all_four_effects,source_listed_ingredient_effects,SN-000084-alchemy-ingredient-effect-discovery.md,"Source-listed ingredient effect record; exact acquisition copy, recipe sequence, and route timing deferred."
ALCHEMY-000183,OBJ-002709,Withering Moon,,creation_club,ae_creation,https://en.uesp.net/wiki/Skyrim:Ingredients,SRC-000294,FE xxx 824,"Restore Magicka (1.2x, 1.22x)",Spell Absorption,"Fortify Light Armor (1.5x, 1.56x)",Cure Disease (0.36x),5,0.1,not_listed,not_listed,Originating from the Shivering Isles. One of the Rare Curios sold by Khajiit trade caravans.,,discover_all_four_effects,source_listed_ingredient_effects,SN-000084-alchemy-ingredient-effect-discovery.md,"Source-listed ingredient effect record; exact acquisition copy, recipe sequence, and route timing deferred."
ALCHEMY-000184,OBJ-002710,Worm's Head Cap,,creation_club,ae_creation,https://en.uesp.net/wiki/Skyrim:Ingredients,SRC-000294,FE xxx 825,"Fortify Lockpicking (1.5x, 1.56x)",Night Eye,"Fortify Carry Weight (1.25x, 1.27x)","Slow (2x, 2.14x)",30,0.2,not_listed,not_listed,Originating from the Shivering Isles. One of the Rare Curios sold by Khajiit trade caravans.,,discover_all_four_effects,source_listed_ingredient_effects,SN-000084-alchemy-ingredient-effect-discovery.md,"Source-listed ingredient effect record; exact acquisition copy, recipe sequence, and route timing deferred."
ALCHEMY-000185,OBJ-002711,Berit's Ashes,,quest,base_game,https://en.uesp.net/wiki/Skyrim:Ingredients,SRC-000294,00 0705b7,Damage Stamina,Resist Fire,Fortify Conjuration,Ravage Stamina,5,0.2,None,not_applicable,This ingredient is given as a quest item. Its effects are all identical to standard Bone Meal.,Quest ingredient; exact acquisition window and consumption policy deferred.,discover_all_four_effects,source_listed_ingredient_effects,SN-000084-alchemy-ingredient-effect-discovery.md,"Source-listed ingredient effect record; exact acquisition copy, recipe sequence, and route timing deferred. Quest-state handling deferred to conflict and crafting-planning passes."
ALCHEMY-000186,OBJ-002712,Corrupted Human Heart,,quest,ae_creation,https://en.uesp.net/wiki/Skyrim:Ingredients,SRC-000294,FE xxx 85B,Damage Health,Damage Magicka,Damage Magicka Regen,Frenzy,0,1,None,not_applicable,The heart of a cursed Spell Knight.,Quest ingredient; exact acquisition window and consumption policy deferred.,discover_all_four_effects,source_listed_ingredient_effects,SN-000084-alchemy-ingredient-effect-discovery.md,"Source-listed ingredient effect record; exact acquisition copy, recipe sequence, and route timing deferred. Quest-state handling deferred to conflict and crafting-planning passes."
ALCHEMY-000187,OBJ-002713,Farengar's Frost Salt,,quest,base_game,https://en.uesp.net/wiki/Skyrim:Ingredients,SRC-000294,00 03ad5f,Weakness to Fire,Resist Frost,Restore Magicka,Fortify Conjuration,100,0.25,None,not_applicable,"This ingredient is given as a quest item. It is identical to standard Frost Salts, except for its name.",Quest ingredient; exact acquisition window and consumption policy deferred.,discover_all_four_effects,source_listed_ingredient_effects,SN-000084-alchemy-ingredient-effect-discovery.md,"Source-listed ingredient effect record; exact acquisition copy, recipe sequence, and route timing deferred. Quest-state handling deferred to conflict and crafting-planning passes."
ALCHEMY-000188,OBJ-002714,Fine-Cut Void Salts,,quest,base_game,https://en.uesp.net/wiki/Skyrim:Ingredients,SRC-000294,00 03ad60,Weakness to Shock,Resist Magic,Damage Health,Fortify Magicka,125,0.2,None,not_applicable,"This ingredient is given as a quest item. It is identical to standard Void Salts, except for its name.",Quest ingredient; exact acquisition window and consumption policy deferred.,discover_all_four_effects,source_listed_ingredient_effects,SN-000084-alchemy-ingredient-effect-discovery.md,"Source-listed ingredient effect record; exact acquisition copy, recipe sequence, and route timing deferred. Quest-state handling deferred to conflict and crafting-planning passes."
ALCHEMY-000189,OBJ-002715,Jarrin Root,,quest,base_game,https://en.uesp.net/wiki/Skyrim:Ingredients,SRC-000294,00 01bcbc,Damage Health (100x),Damage Magicka,Damage Stamina,Damage Magicka Regen,10,0.5,None,not_applicable,You may only receive this ingredient once during the Dark Brotherhood quest line.,Quest ingredient; exact acquisition window and consumption policy deferred.,discover_all_four_effects,source_listed_ingredient_effects,SN-000084-alchemy-ingredient-effect-discovery.md,"Source-listed ingredient effect record; exact acquisition copy, recipe sequence, and route timing deferred. Quest-state handling deferred to conflict and crafting-planning passes."
ALCHEMY-000190,OBJ-002716,Simon Rodayne's Heart,,quest,ae_creation,https://en.uesp.net/wiki/Skyrim:Ingredients,SRC-000294,FE xxx 85D,Damage Health,Damage Magicka,Damage Magicka Regen,Frenzy,0,1,None,not_applicable,"The heart of a fallen Spell Knight, purified of corruption.",Quest ingredient; exact acquisition window and consumption policy deferred.,discover_all_four_effects,source_listed_ingredient_effects,SN-000084-alchemy-ingredient-effect-discovery.md,"Source-listed ingredient effect record; exact acquisition copy, recipe sequence, and route timing deferred. Quest-state handling deferred to conflict and crafting-planning passes."
