perk_rank_record_id,perk_node_record_id,skill_record_id,skill_name,specialization,perk_node_name,perk_rank,perk_max_ranks,skill_requirement_level,skill_requirement_text,prerequisite_perks,description,form_id,parent_perk_tree_objective_id,source_content,source_page,source_id,citations,route_treatment,notes
PERKRANK-000001,PERKNODE-000001,SKILL-000001,Alteration,magic,Novice Alteration,1,1,0,none,none,Cast Novice level Alteration spells for half magicka.,000f2ca6,OBJ-002445,base_game,https://en.uesp.net/wiki/Skyrim:Alteration,SRC-000269,SN-000082-individual-perk-rank-catalog.md,source_listed_perk_rank,Source-listed perk-rank row; allocation timing and route order deferred to TB-020.
PERKRANK-000002,PERKNODE-000002,SKILL-000001,Alteration,magic,Alteration Dual Casting,1,1,20,20 Alteration,Novice Alteration,Dual casting an Alteration spell overcharges the effects into an even more powerful version.,000153cd,OBJ-002445,base_game,https://en.uesp.net/wiki/Skyrim:Alteration,SRC-000269,SN-000082-individual-perk-rank-catalog.md,source_listed_perk_rank,Source-listed perk-rank row; allocation timing and route order deferred to TB-020.
PERKRANK-000003,PERKNODE-000003,SKILL-000001,Alteration,magic,Apprentice Alteration,1,1,25,25 Alteration,Novice Alteration,Cast Apprentice level Alteration spells for half magicka.,000c44b7,OBJ-002445,base_game,https://en.uesp.net/wiki/Skyrim:Alteration,SRC-000269,SN-000082-individual-perk-rank-catalog.md,source_listed_perk_rank,Source-listed perk-rank row; allocation timing and route order deferred to TB-020.
PERKRANK-000004,PERKNODE-000004,SKILL-000001,Alteration,magic,Magic Resistance,1,3,30,30 Alteration,Apprentice Alteration,Blocks 10% of a spell's effects.,00053128,OBJ-002445,base_game,https://en.uesp.net/wiki/Skyrim:Alteration,SRC-000269,SN-000082-individual-perk-rank-catalog.md,source_listed_perk_rank,Source-listed perk-rank row; allocation timing and route order deferred to TB-020.
PERKRANK-000005,PERKNODE-000004,SKILL-000001,Alteration,magic,Magic Resistance,2,3,50,50 Alteration,Apprentice Alteration,Blocks 20% of a spell's effects.,00053129,OBJ-002445,base_game,https://en.uesp.net/wiki/Skyrim:Alteration,SRC-000269,SN-000082-individual-perk-rank-catalog.md,source_listed_perk_rank,Source-listed perk-rank row; allocation timing and route order deferred to TB-020.
PERKRANK-000006,PERKNODE-000004,SKILL-000001,Alteration,magic,Magic Resistance,3,3,70,70 Alteration,Apprentice Alteration,Blocks 30% of a spell's effects.,0005312a,OBJ-002445,base_game,https://en.uesp.net/wiki/Skyrim:Alteration,SRC-000269,SN-000082-individual-perk-rank-catalog.md,source_listed_perk_rank,Source-listed perk-rank row; allocation timing and route order deferred to TB-020.
PERKRANK-000007,PERKNODE-000005,SKILL-000001,Alteration,magic,Adept Alteration,1,1,50,50 Alteration,Apprentice Alteration,Cast Adept level Alteration spells for half magicka.,000c44b8,OBJ-002445,base_game,https://en.uesp.net/wiki/Skyrim:Alteration,SRC-000269,SN-000082-individual-perk-rank-catalog.md,source_listed_perk_rank,Source-listed perk-rank row; allocation timing and route order deferred to TB-020.
PERKRANK-000008,PERKNODE-000006,SKILL-000001,Alteration,magic,Expert Alteration,1,1,75,75 Alteration,Adept Alteration,Cast Expert level Alteration spells for half magicka.,000c44b9,OBJ-002445,base_game,https://en.uesp.net/wiki/Skyrim:Alteration,SRC-000269,SN-000082-individual-perk-rank-catalog.md,source_listed_perk_rank,Source-listed perk-rank row; allocation timing and route order deferred to TB-020.
PERKRANK-000009,PERKNODE-000007,SKILL-000001,Alteration,magic,Atronach,1,1,100,100 Alteration,Expert Alteration,Absorb 30% of the magicka of any spells that hit you.,000581f7,OBJ-002445,base_game,https://en.uesp.net/wiki/Skyrim:Alteration,SRC-000269,SN-000082-individual-perk-rank-catalog.md,source_listed_perk_rank,Source-listed perk-rank row; allocation timing and route order deferred to TB-020.
PERKRANK-000010,PERKNODE-000008,SKILL-000001,Alteration,magic,Master Alteration,1,1,100,100 Alteration,Expert Alteration,Cast Master level Alteration spells for half magicka.,000c44ba,OBJ-002445,base_game,https://en.uesp.net/wiki/Skyrim:Alteration,SRC-000269,SN-000082-individual-perk-rank-catalog.md,source_listed_perk_rank,Source-listed perk-rank row; allocation timing and route order deferred to TB-020.
PERKRANK-000011,PERKNODE-000009,SKILL-000001,Alteration,magic,Stability,1,1,70,70 Alteration,Adept Alteration,Alteration spells have 50% greater duration.,000581fc,OBJ-002445,base_game,https://en.uesp.net/wiki/Skyrim:Alteration,SRC-000269,SN-000082-individual-perk-rank-catalog.md,source_listed_perk_rank,Source-listed perk-rank row; allocation timing and route order deferred to TB-020.
PERKRANK-000012,PERKNODE-000010,SKILL-000001,Alteration,magic,Mage Armor,1,3,30,30 Alteration,Apprentice Alteration,Protection spells like Stoneflesh are twice as strong if not wearing armor.,000d7999,OBJ-002445,base_game,https://en.uesp.net/wiki/Skyrim:Alteration,SRC-000269,SN-000082-individual-perk-rank-catalog.md,source_listed_perk_rank,Source-listed perk-rank row; allocation timing and route order deferred to TB-020.
PERKRANK-000013,PERKNODE-000010,SKILL-000001,Alteration,magic,Mage Armor,2,3,50,50 Alteration,Apprentice Alteration,Protection spells like Stoneflesh are 2.5 times as strong if not wearing armor.,000d799a,OBJ-002445,base_game,https://en.uesp.net/wiki/Skyrim:Alteration,SRC-000269,SN-000082-individual-perk-rank-catalog.md,source_listed_perk_rank,Source-listed perk-rank row; allocation timing and route order deferred to TB-020.
PERKRANK-000014,PERKNODE-000010,SKILL-000001,Alteration,magic,Mage Armor,3,3,70,70 Alteration,Apprentice Alteration,Protection spells like Stoneflesh are three times as strong if not wearing armor.,000d799b,OBJ-002445,base_game,https://en.uesp.net/wiki/Skyrim:Alteration,SRC-000269,SN-000082-individual-perk-rank-catalog.md,source_listed_perk_rank,Source-listed perk-rank row; allocation timing and route order deferred to TB-020.
PERKRANK-000015,PERKNODE-000011,SKILL-000002,Conjuration,magic,Novice Conjuration,1,1,0,none,none,Cast Novice level Conjuration spells for half magicka.,000f2ca7,OBJ-002446,base_game,https://en.uesp.net/wiki/Skyrim:Conjuration,SRC-000270,SN-000082-individual-perk-rank-catalog.md,source_listed_perk_rank,Source-listed perk-rank row; allocation timing and route order deferred to TB-020.
PERKRANK-000016,PERKNODE-000012,SKILL-000002,Conjuration,magic,Apprentice Conjuration,1,1,25,25 Conjuration,Novice Conjuration,Cast Apprentice level Conjuration spells for half magicka.,000c44bb,OBJ-002446,base_game,https://en.uesp.net/wiki/Skyrim:Conjuration,SRC-000270,SN-000082-individual-perk-rank-catalog.md,source_listed_perk_rank,Source-listed perk-rank row; allocation timing and route order deferred to TB-020.
PERKRANK-000017,PERKNODE-000013,SKILL-000002,Conjuration,magic,Adept Conjuration,1,1,50,50 Conjuration,Apprentice Conjuration,Cast Adept level Conjuration spells for half magicka.,000c44bc,OBJ-002446,base_game,https://en.uesp.net/wiki/Skyrim:Conjuration,SRC-000270,SN-000082-individual-perk-rank-catalog.md,source_listed_perk_rank,Source-listed perk-rank row; allocation timing and route order deferred to TB-020.
PERKRANK-000018,PERKNODE-000014,SKILL-000002,Conjuration,magic,Expert Conjuration,1,1,75,75 Conjuration,Adept Conjuration,Cast Expert level Conjuration spells for half magicka.,000c44bd,OBJ-002446,base_game,https://en.uesp.net/wiki/Skyrim:Conjuration,SRC-000270,SN-000082-individual-perk-rank-catalog.md,source_listed_perk_rank,Source-listed perk-rank row; allocation timing and route order deferred to TB-020.
PERKRANK-000019,PERKNODE-000015,SKILL-000002,Conjuration,magic,Master Conjuration,1,1,100,100 Conjuration,Expert Conjuration,Cast Master level Conjuration spells for half magicka.,000c44be,OBJ-002446,base_game,https://en.uesp.net/wiki/Skyrim:Conjuration,SRC-000270,SN-000082-individual-perk-rank-catalog.md,source_listed_perk_rank,Source-listed perk-rank row; allocation timing and route order deferred to TB-020.
PERKRANK-000020,PERKNODE-000016,SKILL-000002,Conjuration,magic,Conjuration Dual Casting,1,1,20,20 Conjuration,Novice Conjuration,"Dual casting a Conjuration spell overcharges the spell, allowing it to last longer.",000153ce,OBJ-002446,base_game,https://en.uesp.net/wiki/Skyrim:Conjuration,SRC-000270,SN-000082-individual-perk-rank-catalog.md,source_listed_perk_rank,Source-listed perk-rank row; allocation timing and route order deferred to TB-020.
PERKRANK-000021,PERKNODE-000017,SKILL-000002,Conjuration,magic,Mystic Binding,1,1,20,20 Conjuration,Novice Conjuration,Bound weapons do more damage.,000640b3,OBJ-002446,base_game,https://en.uesp.net/wiki/Skyrim:Conjuration,SRC-000270,SN-000082-individual-perk-rank-catalog.md,source_listed_perk_rank,Source-listed perk-rank row; allocation timing and route order deferred to TB-020.
PERKRANK-000022,PERKNODE-000018,SKILL-000002,Conjuration,magic,Soul Stealer,1,1,30,30 Conjuration,Mystic Binding,Bound weapons cast Soul Trap on targets.,000d799e,OBJ-002446,base_game,https://en.uesp.net/wiki/Skyrim:Conjuration,SRC-000270,SN-000082-individual-perk-rank-catalog.md,source_listed_perk_rank,Source-listed perk-rank row; allocation timing and route order deferred to TB-020.
PERKRANK-000023,PERKNODE-000019,SKILL-000002,Conjuration,magic,Oblivion Binding,1,1,50,50 Conjuration,Soul Stealer,Bound weapons will banish summoned creatures and turn raised ones.,000d799c,OBJ-002446,base_game,https://en.uesp.net/wiki/Skyrim:Conjuration,SRC-000270,SN-000082-individual-perk-rank-catalog.md,source_listed_perk_rank,Source-listed perk-rank row; allocation timing and route order deferred to TB-020.
PERKRANK-000024,PERKNODE-000020,SKILL-000002,Conjuration,magic,Necromancy,1,1,40,40 Conjuration,Novice Conjuration,Greater duration for reanimated undead.,000581dd,OBJ-002446,base_game,https://en.uesp.net/wiki/Skyrim:Conjuration,SRC-000270,SN-000082-individual-perk-rank-catalog.md,source_listed_perk_rank,Source-listed perk-rank row; allocation timing and route order deferred to TB-020.
PERKRANK-000025,PERKNODE-000021,SKILL-000002,Conjuration,magic,Dark Souls,1,1,70,70 Conjuration,Necromancy,Reanimated undead have 100 points more health.,000581de,OBJ-002446,base_game,https://en.uesp.net/wiki/Skyrim:Conjuration,SRC-000270,SN-000082-individual-perk-rank-catalog.md,source_listed_perk_rank,Source-listed perk-rank row; allocation timing and route order deferred to TB-020.
PERKRANK-000026,PERKNODE-000022,SKILL-000002,Conjuration,magic,Summoner,1,2,30,30 Conjuration,Novice Conjuration,Can summon atronachs or raise undead twice as far away.,00105f30,OBJ-002446,base_game,https://en.uesp.net/wiki/Skyrim:Conjuration,SRC-000270,SN-000082-individual-perk-rank-catalog.md,source_listed_perk_rank,Source-listed perk-rank row; allocation timing and route order deferred to TB-020.
PERKRANK-000027,PERKNODE-000022,SKILL-000002,Conjuration,magic,Summoner,2,2,70,70 Conjuration,none,Can summon atronachs or raise undead three times as far away.,00105f31,OBJ-002446,base_game,https://en.uesp.net/wiki/Skyrim:Conjuration,SRC-000270,SN-000082-individual-perk-rank-catalog.md,source_listed_perk_rank,Source-listed perk-rank row; allocation timing and route order deferred to TB-020.
PERKRANK-000028,PERKNODE-000023,SKILL-000002,Conjuration,magic,Atromancy,1,1,40,40 Conjuration,Summoner,Double duration for conjured Atronachs.,000cb419,OBJ-002446,base_game,https://en.uesp.net/wiki/Skyrim:Conjuration,SRC-000270,SN-000082-individual-perk-rank-catalog.md,source_listed_perk_rank,Source-listed perk-rank row; allocation timing and route order deferred to TB-020.
PERKRANK-000029,PERKNODE-000024,SKILL-000002,Conjuration,magic,Elemental Potency,1,1,80,80 Conjuration,Atromancy,Conjured Atronachs are 50% more powerful.,000cb41a,OBJ-002446,base_game,https://en.uesp.net/wiki/Skyrim:Conjuration,SRC-000270,SN-000082-individual-perk-rank-catalog.md,source_listed_perk_rank,Source-listed perk-rank row; allocation timing and route order deferred to TB-020.
PERKRANK-000030,PERKNODE-000025,SKILL-000002,Conjuration,magic,Twin Souls,1,1,100,100 Conjuration,Dark Souls or Elemental Potency,You can have two atronachs or reanimated zombies.,000d5f1c,OBJ-002446,base_game,https://en.uesp.net/wiki/Skyrim:Conjuration,SRC-000270,SN-000082-individual-perk-rank-catalog.md,source_listed_perk_rank,Source-listed perk-rank row; allocation timing and route order deferred to TB-020.
PERKRANK-000031,PERKNODE-000026,SKILL-000003,Destruction,magic,Novice Destruction,1,1,0,none,none,Cast Novice level Destruction spells for half magicka.,000f2ca8,OBJ-002447,base_game,https://en.uesp.net/wiki/Skyrim:Destruction,SRC-000271,SN-000082-individual-perk-rank-catalog.md,source_listed_perk_rank,Source-listed perk-rank row; allocation timing and route order deferred to TB-020.
PERKRANK-000032,PERKNODE-000027,SKILL-000003,Destruction,magic,Apprentice Destruction,1,1,25,25 Destruction,Novice Destruction,Cast Apprentice level Destruction spells for half magicka.,000c44bf,OBJ-002447,base_game,https://en.uesp.net/wiki/Skyrim:Destruction,SRC-000271,SN-000082-individual-perk-rank-catalog.md,source_listed_perk_rank,Source-listed perk-rank row; allocation timing and route order deferred to TB-020.
PERKRANK-000033,PERKNODE-000028,SKILL-000003,Destruction,magic,Adept Destruction,1,1,50,50 Destruction,Apprentice Destruction,Cast Adept level Destruction spells for half magicka.,000c44c0,OBJ-002447,base_game,https://en.uesp.net/wiki/Skyrim:Destruction,SRC-000271,SN-000082-individual-perk-rank-catalog.md,source_listed_perk_rank,Source-listed perk-rank row; allocation timing and route order deferred to TB-020.
PERKRANK-000034,PERKNODE-000029,SKILL-000003,Destruction,magic,Expert Destruction,1,1,75,75 Destruction,Adept Destruction,Cast Expert level Destruction spells for half magicka.,000c44c1,OBJ-002447,base_game,https://en.uesp.net/wiki/Skyrim:Destruction,SRC-000271,SN-000082-individual-perk-rank-catalog.md,source_listed_perk_rank,Source-listed perk-rank row; allocation timing and route order deferred to TB-020.
PERKRANK-000035,PERKNODE-000030,SKILL-000003,Destruction,magic,Master Destruction,1,1,100,100 Destruction,Expert Destruction,Cast Master level Destruction spells for half magicka.,000c44c2,OBJ-002447,base_game,https://en.uesp.net/wiki/Skyrim:Destruction,SRC-000271,SN-000082-individual-perk-rank-catalog.md,source_listed_perk_rank,Source-listed perk-rank row; allocation timing and route order deferred to TB-020.
PERKRANK-000036,PERKNODE-000031,SKILL-000003,Destruction,magic,Rune Master,1,1,40,40 Destruction,Apprentice Destruction,Can place runes five times farther away.,00105f32,OBJ-002447,base_game,https://en.uesp.net/wiki/Skyrim:Destruction,SRC-000271,SN-000082-individual-perk-rank-catalog.md,source_listed_perk_rank,Source-listed perk-rank row; allocation timing and route order deferred to TB-020.
PERKRANK-000037,PERKNODE-000032,SKILL-000003,Destruction,magic,Augmented Flames,1,2,30,30 Destruction,Novice Destruction,Fire spells do 25% more damage.,000581e7,OBJ-002447,base_game,https://en.uesp.net/wiki/Skyrim:Destruction,SRC-000271,SN-000082-individual-perk-rank-catalog.md,source_listed_perk_rank,Source-listed perk-rank row; allocation timing and route order deferred to TB-020.
PERKRANK-000038,PERKNODE-000032,SKILL-000003,Destruction,magic,Augmented Flames,2,2,60,60 Destruction,Augmented Flames Level 1,Fire spells do 50% more damage.,0010fcf8,OBJ-002447,base_game,https://en.uesp.net/wiki/Skyrim:Destruction,SRC-000271,SN-000082-individual-perk-rank-catalog.md,source_listed_perk_rank,Source-listed perk-rank row; allocation timing and route order deferred to TB-020.
PERKRANK-000039,PERKNODE-000033,SKILL-000003,Destruction,magic,Intense Flames,1,1,50,50 Destruction,Augmented Flames,Fire damage causes targets to flee if their health is low (under 20%).,000f392e,OBJ-002447,base_game,https://en.uesp.net/wiki/Skyrim:Destruction,SRC-000271,SN-000082-individual-perk-rank-catalog.md,source_listed_perk_rank,Source-listed perk-rank row; allocation timing and route order deferred to TB-020.
PERKRANK-000040,PERKNODE-000034,SKILL-000003,Destruction,magic,Augmented Frost,1,2,30,30 Destruction,Novice Destruction,Frost spells do 25% more damage.,000581ea,OBJ-002447,base_game,https://en.uesp.net/wiki/Skyrim:Destruction,SRC-000271,SN-000082-individual-perk-rank-catalog.md,source_listed_perk_rank,Source-listed perk-rank row; allocation timing and route order deferred to TB-020.
PERKRANK-000041,PERKNODE-000034,SKILL-000003,Destruction,magic,Augmented Frost,2,2,60,60 Destruction,Augmented Frost Level 1,Frost spells do 50% more damage.,0010fcf9,OBJ-002447,base_game,https://en.uesp.net/wiki/Skyrim:Destruction,SRC-000271,SN-000082-individual-perk-rank-catalog.md,source_listed_perk_rank,Source-listed perk-rank row; allocation timing and route order deferred to TB-020.
PERKRANK-000042,PERKNODE-000035,SKILL-000003,Destruction,magic,Deep Freeze,1,1,60,60 Destruction,Augmented Frost,Frost damage paralyzes targets if their health is low (under 20%).,000f3933,OBJ-002447,base_game,https://en.uesp.net/wiki/Skyrim:Destruction,SRC-000271,SN-000082-individual-perk-rank-catalog.md,source_listed_perk_rank,Source-listed perk-rank row; allocation timing and route order deferred to TB-020.
PERKRANK-000043,PERKNODE-000036,SKILL-000003,Destruction,magic,Augmented Shock,1,2,30,30 Destruction,Novice Destruction,Shock spells do 25% more damage.,00058200,OBJ-002447,base_game,https://en.uesp.net/wiki/Skyrim:Destruction,SRC-000271,SN-000082-individual-perk-rank-catalog.md,source_listed_perk_rank,Source-listed perk-rank row; allocation timing and route order deferred to TB-020.
PERKRANK-000044,PERKNODE-000036,SKILL-000003,Destruction,magic,Augmented Shock,2,2,60,60 Destruction,Augmented Shock Level 1,Shock spells do 50% more damage.,0010fcfa,OBJ-002447,base_game,https://en.uesp.net/wiki/Skyrim:Destruction,SRC-000271,SN-000082-individual-perk-rank-catalog.md,source_listed_perk_rank,Source-listed perk-rank row; allocation timing and route order deferred to TB-020.
PERKRANK-000045,PERKNODE-000037,SKILL-000003,Destruction,magic,Disintegrate,1,1,70,70 Destruction,Augmented Shock,Shock spells disintegrate targets if their health is low (under 15%).,000f3f0e,OBJ-002447,base_game,https://en.uesp.net/wiki/Skyrim:Destruction,SRC-000271,SN-000082-individual-perk-rank-catalog.md,source_listed_perk_rank,Source-listed perk-rank row; allocation timing and route order deferred to TB-020.
PERKRANK-000046,PERKNODE-000038,SKILL-000003,Destruction,magic,Destruction Dual Casting,1,1,20,20 Destruction,Novice Destruction,Dual casting a Destruction spell overcharges the effects into an even more powerful version.,000153cf,OBJ-002447,base_game,https://en.uesp.net/wiki/Skyrim:Destruction,SRC-000271,SN-000082-individual-perk-rank-catalog.md,source_listed_perk_rank,Source-listed perk-rank row; allocation timing and route order deferred to TB-020.
PERKRANK-000047,PERKNODE-000039,SKILL-000003,Destruction,magic,Impact,1,1,40,40 Destruction,Destruction Dual Casting,Most destruction spells will stagger an opponent when dual cast.,000153d2,OBJ-002447,base_game,https://en.uesp.net/wiki/Skyrim:Destruction,SRC-000271,SN-000082-individual-perk-rank-catalog.md,source_listed_perk_rank,Source-listed perk-rank row; allocation timing and route order deferred to TB-020.
PERKRANK-000048,PERKNODE-000040,SKILL-000004,Enchanting,magic,Enchanter,1,5,0,none,none,New enchantments are 20% stronger.,000bee97,OBJ-002448,base_game,https://en.uesp.net/wiki/Skyrim:Enchanting,SRC-000272,SN-000082-individual-perk-rank-catalog.md,source_listed_perk_rank,Source-listed perk-rank row; allocation timing and route order deferred to TB-020.
PERKRANK-000049,PERKNODE-000040,SKILL-000004,Enchanting,magic,Enchanter,2,5,20,20 Enchanting,none,New enchantments are 40% stronger.,000c367c,OBJ-002448,base_game,https://en.uesp.net/wiki/Skyrim:Enchanting,SRC-000272,SN-000082-individual-perk-rank-catalog.md,source_listed_perk_rank,Source-listed perk-rank row; allocation timing and route order deferred to TB-020.
PERKRANK-000050,PERKNODE-000040,SKILL-000004,Enchanting,magic,Enchanter,3,5,40,40 Enchanting,none,New enchantments are 60% stronger.,000c367d,OBJ-002448,base_game,https://en.uesp.net/wiki/Skyrim:Enchanting,SRC-000272,SN-000082-individual-perk-rank-catalog.md,source_listed_perk_rank,Source-listed perk-rank row; allocation timing and route order deferred to TB-020.
PERKRANK-000051,PERKNODE-000040,SKILL-000004,Enchanting,magic,Enchanter,4,5,60,60 Enchanting,none,New enchantments are 80% stronger.,000c367e,OBJ-002448,base_game,https://en.uesp.net/wiki/Skyrim:Enchanting,SRC-000272,SN-000082-individual-perk-rank-catalog.md,source_listed_perk_rank,Source-listed perk-rank row; allocation timing and route order deferred to TB-020.
PERKRANK-000052,PERKNODE-000040,SKILL-000004,Enchanting,magic,Enchanter,5,5,80,80 Enchanting,none,New enchantments are 100% stronger.,000c367f,OBJ-002448,base_game,https://en.uesp.net/wiki/Skyrim:Enchanting,SRC-000272,SN-000082-individual-perk-rank-catalog.md,source_listed_perk_rank,Source-listed perk-rank row; allocation timing and route order deferred to TB-020.
PERKRANK-000053,PERKNODE-000041,SKILL-000004,Enchanting,magic,Fire Enchanter,1,1,30,30 Enchanting,Enchanter,Fire enchantments on weapons and armor are 25% stronger.,00058f80,OBJ-002448,base_game,https://en.uesp.net/wiki/Skyrim:Enchanting,SRC-000272,SN-000082-individual-perk-rank-catalog.md,source_listed_perk_rank,Source-listed perk-rank row; allocation timing and route order deferred to TB-020.
PERKRANK-000054,PERKNODE-000042,SKILL-000004,Enchanting,magic,Frost Enchanter,1,1,40,40 Enchanting,Fire Enchanter,Frost enchantments on weapons and armor are 25% stronger.,00058f81,OBJ-002448,base_game,https://en.uesp.net/wiki/Skyrim:Enchanting,SRC-000272,SN-000082-individual-perk-rank-catalog.md,source_listed_perk_rank,Source-listed perk-rank row; allocation timing and route order deferred to TB-020.
PERKRANK-000055,PERKNODE-000043,SKILL-000004,Enchanting,magic,Storm Enchanter,1,1,50,50 Enchanting,Frost Enchanter,Shock enchantments on weapons and armor are 25% stronger.,00058f82,OBJ-002448,base_game,https://en.uesp.net/wiki/Skyrim:Enchanting,SRC-000272,SN-000082-individual-perk-rank-catalog.md,source_listed_perk_rank,Source-listed perk-rank row; allocation timing and route order deferred to TB-020.
PERKRANK-000056,PERKNODE-000044,SKILL-000004,Enchanting,magic,Insightful Enchanter,1,1,50,50 Enchanting,Enchanter,Skill enchantments on armor are 25% stronger.,00058f7e,OBJ-002448,base_game,https://en.uesp.net/wiki/Skyrim:Enchanting,SRC-000272,SN-000082-individual-perk-rank-catalog.md,source_listed_perk_rank,Source-listed perk-rank row; allocation timing and route order deferred to TB-020.
PERKRANK-000057,PERKNODE-000045,SKILL-000004,Enchanting,magic,Corpus Enchanter,1,1,70,70 Enchanting,Insightful Enchanter,"Health, magicka, and stamina enchantments on armor are 25% stronger.",00058f7d,OBJ-002448,base_game,https://en.uesp.net/wiki/Skyrim:Enchanting,SRC-000272,SN-000082-individual-perk-rank-catalog.md,source_listed_perk_rank,Source-listed perk-rank row; allocation timing and route order deferred to TB-020.
PERKRANK-000058,PERKNODE-000046,SKILL-000004,Enchanting,magic,Extra Effect,1,1,100,100 Enchanting,Corpus Enchanter or Storm Enchanter,Can put two enchantments on the same item.,00058f7f,OBJ-002448,base_game,https://en.uesp.net/wiki/Skyrim:Enchanting,SRC-000272,SN-000082-individual-perk-rank-catalog.md,source_listed_perk_rank,Source-listed perk-rank row; allocation timing and route order deferred to TB-020.
PERKRANK-000059,PERKNODE-000047,SKILL-000004,Enchanting,magic,Soul Squeezer,1,1,20,20 Enchanting,Enchanter,Soul gems provide extra magicka for recharging.,00058f7c,OBJ-002448,base_game,https://en.uesp.net/wiki/Skyrim:Enchanting,SRC-000272,SN-000082-individual-perk-rank-catalog.md,source_listed_perk_rank,Source-listed perk-rank row; allocation timing and route order deferred to TB-020.
PERKRANK-000060,PERKNODE-000048,SKILL-000004,Enchanting,magic,Soul Siphon,1,1,40,40 Enchanting,Soul Squeezer,"Death blows to creatures, but not people, trap 5% of the victim's soul, recharging the weapon.",00108a44,OBJ-002448,base_game,https://en.uesp.net/wiki/Skyrim:Enchanting,SRC-000272,SN-000082-individual-perk-rank-catalog.md,source_listed_perk_rank,Source-listed perk-rank row; allocation timing and route order deferred to TB-020.
PERKRANK-000061,PERKNODE-000049,SKILL-000005,Illusion,magic,Novice Illusion,1,1,0,none,none,Cast Novice level Illusion spells for half magicka.,000f2ca9,OBJ-002449,base_game,https://en.uesp.net/wiki/Skyrim:Illusion,SRC-000273,SN-000082-individual-perk-rank-catalog.md,source_listed_perk_rank,Source-listed perk-rank row; allocation timing and route order deferred to TB-020.
PERKRANK-000062,PERKNODE-000050,SKILL-000005,Illusion,magic,Animage,1,1,20,20 Illusion,Novice Illusion,Illusion spells now work on higher level animals. Notes: Adds +8 levels to the spell maximum.,000581e1,OBJ-002449,base_game,https://en.uesp.net/wiki/Skyrim:Illusion,SRC-000273,SN-000082-individual-perk-rank-catalog.md,source_listed_perk_rank,Source-listed perk-rank row; allocation timing and route order deferred to TB-020.
PERKRANK-000063,PERKNODE-000051,SKILL-000005,Illusion,magic,Kindred Mage,1,1,40,40 Illusion,Animage,All Illusion spells work on higher level people. Notes: Adds +10 levels to the spell maximum.,000581e2,OBJ-002449,base_game,https://en.uesp.net/wiki/Skyrim:Illusion,SRC-000273,SN-000082-individual-perk-rank-catalog.md,source_listed_perk_rank,Source-listed perk-rank row; allocation timing and route order deferred to TB-020.
PERKRANK-000064,PERKNODE-000052,SKILL-000005,Illusion,magic,Quiet Casting,1,1,50,50 Illusion,Kindred Mage,All spells you cast from any school of magic are silent to others. Notes: All shouts are also silent.,000581fd,OBJ-002449,base_game,https://en.uesp.net/wiki/Skyrim:Illusion,SRC-000273,SN-000082-individual-perk-rank-catalog.md,source_listed_perk_rank,Source-listed perk-rank row; allocation timing and route order deferred to TB-020.
PERKRANK-000065,PERKNODE-000053,SKILL-000005,Illusion,magic,Apprentice Illusion,1,1,25,25 Illusion,Novice Illusion,Cast Apprentice level Illusion spells for half magicka.,000c44c3,OBJ-002449,base_game,https://en.uesp.net/wiki/Skyrim:Illusion,SRC-000273,SN-000082-individual-perk-rank-catalog.md,source_listed_perk_rank,Source-listed perk-rank row; allocation timing and route order deferred to TB-020.
PERKRANK-000066,PERKNODE-000054,SKILL-000005,Illusion,magic,Adept Illusion,1,1,50,50 Illusion,Apprentice Illusion,Cast Adept level Illusion spells for half magicka.,000c44c4,OBJ-002449,base_game,https://en.uesp.net/wiki/Skyrim:Illusion,SRC-000273,SN-000082-individual-perk-rank-catalog.md,source_listed_perk_rank,Source-listed perk-rank row; allocation timing and route order deferred to TB-020.
PERKRANK-000067,PERKNODE-000055,SKILL-000005,Illusion,magic,Expert Illusion,1,1,75,75 Illusion,Adept Illusion,Cast Expert level Illusion spells for half magicka.,000c44c5,OBJ-002449,base_game,https://en.uesp.net/wiki/Skyrim:Illusion,SRC-000273,SN-000082-individual-perk-rank-catalog.md,source_listed_perk_rank,Source-listed perk-rank row; allocation timing and route order deferred to TB-020.
PERKRANK-000068,PERKNODE-000056,SKILL-000005,Illusion,magic,Master Illusion,1,1,100,100 Illusion,Expert Illusion,Cast Master level Illusion spells for half magicka.,000c44c6,OBJ-002449,base_game,https://en.uesp.net/wiki/Skyrim:Illusion,SRC-000273,SN-000082-individual-perk-rank-catalog.md,source_listed_perk_rank,Source-listed perk-rank row; allocation timing and route order deferred to TB-020.
PERKRANK-000069,PERKNODE-000057,SKILL-000005,Illusion,magic,Hypnotic Gaze,1,1,30,30 Illusion,Novice Illusion,Calm spells now work on higher level opponents. Cumulative with Kindred Mage and Animage. Notes: Adds +8 levels to the spell maximum. Applies to Pacify and Harmony as well as Calm.,00059b77,OBJ-002449,base_game,https://en.uesp.net/wiki/Skyrim:Illusion,SRC-000273,SN-000082-individual-perk-rank-catalog.md,source_listed_perk_rank,Source-listed perk-rank row; allocation timing and route order deferred to TB-020.
PERKRANK-000070,PERKNODE-000058,SKILL-000005,Illusion,magic,Aspect of Terror,1,1,50,50 Illusion,Hypnotic Gaze,"Fear spells work on higher level opponents. Cumulative with Kindred Mage and Animage. Notes: Adds +10 levels to the spell maximum. This perk also gives an extra 10 (15 if both ranks of Augmented Flames are unlocked first) points of damage to fire spells, as they also utilize a fear effect.",00059b78,OBJ-002449,base_game,https://en.uesp.net/wiki/Skyrim:Illusion,SRC-000273,SN-000082-individual-perk-rank-catalog.md,source_listed_perk_rank,Source-listed perk-rank row; allocation timing and route order deferred to TB-020.
PERKRANK-000071,PERKNODE-000059,SKILL-000005,Illusion,magic,Rage,1,1,70,70 Illusion,Aspect of Terror,Frenzy spells work on higher level opponents. Cumulative with Kindred Mage and Animage. Notes: Adds +12 levels to the spell maximum.,000c44b5,OBJ-002449,base_game,https://en.uesp.net/wiki/Skyrim:Illusion,SRC-000273,SN-000082-individual-perk-rank-catalog.md,source_listed_perk_rank,Source-listed perk-rank row; allocation timing and route order deferred to TB-020.
PERKRANK-000072,PERKNODE-000060,SKILL-000005,Illusion,magic,Master of the Mind,1,1,90,90 Illusion,Quiet Casting or Rage,"Illusion spells work on undead, daedra, and automatons.",00059b76,OBJ-002449,base_game,https://en.uesp.net/wiki/Skyrim:Illusion,SRC-000273,SN-000082-individual-perk-rank-catalog.md,source_listed_perk_rank,Source-listed perk-rank row; allocation timing and route order deferred to TB-020.
PERKRANK-000073,PERKNODE-000061,SKILL-000005,Illusion,magic,Illusion Dual Casting,1,1,20,20 Illusion,Novice Illusion,"Dual casting an Illusion spell overcharges the effects into an even more powerful version. Notes: This slightly more than doubles the maximum level of any level-based Illusion spell, while it instead improves the duration of Courage, Rally, and Call to Arms. Level adjustments from Animage, Kindred Mage, Hypnotic Gaze, Aspect of Terror, or Rage are applied before the doubling effect (2.2 times the spell power for 2.8 times the magicka cost).",000153d0,OBJ-002449,base_game,https://en.uesp.net/wiki/Skyrim:Illusion,SRC-000273,SN-000082-individual-perk-rank-catalog.md,source_listed_perk_rank,Source-listed perk-rank row; allocation timing and route order deferred to TB-020.
PERKRANK-000074,PERKNODE-000062,SKILL-000006,Restoration,magic,Novice Restoration,1,1,0,none,none,Cast Novice level Restoration spells for half magicka.,000f2caa,OBJ-002450,base_game,https://en.uesp.net/wiki/Skyrim:Restoration,SRC-000274,SN-000082-individual-perk-rank-catalog.md,source_listed_perk_rank,Source-listed perk-rank row; allocation timing and route order deferred to TB-020.
PERKRANK-000075,PERKNODE-000063,SKILL-000006,Restoration,magic,Apprentice Restoration,1,1,25,25 Restoration,Novice Restoration,Cast Apprentice level Restoration spells for half magicka.,000c44c7,OBJ-002450,base_game,https://en.uesp.net/wiki/Skyrim:Restoration,SRC-000274,SN-000082-individual-perk-rank-catalog.md,source_listed_perk_rank,Source-listed perk-rank row; allocation timing and route order deferred to TB-020.
PERKRANK-000076,PERKNODE-000064,SKILL-000006,Restoration,magic,Adept Restoration,1,1,50,50 Restoration,Apprentice Restoration,Cast Adept level Restoration spells for half magicka.,000c44c8,OBJ-002450,base_game,https://en.uesp.net/wiki/Skyrim:Restoration,SRC-000274,SN-000082-individual-perk-rank-catalog.md,source_listed_perk_rank,Source-listed perk-rank row; allocation timing and route order deferred to TB-020.
PERKRANK-000077,PERKNODE-000065,SKILL-000006,Restoration,magic,Expert Restoration,1,1,75,75 Restoration,Adept Restoration,Cast Expert level Restoration spells for half magicka.,000c44c9,OBJ-002450,base_game,https://en.uesp.net/wiki/Skyrim:Restoration,SRC-000274,SN-000082-individual-perk-rank-catalog.md,source_listed_perk_rank,Source-listed perk-rank row; allocation timing and route order deferred to TB-020.
PERKRANK-000078,PERKNODE-000066,SKILL-000006,Restoration,magic,Master Restoration,1,1,100,100 Restoration,Expert Restoration,Cast Master level Restoration spells for half magicka.,000c44ca,OBJ-002450,base_game,https://en.uesp.net/wiki/Skyrim:Restoration,SRC-000274,SN-000082-individual-perk-rank-catalog.md,source_listed_perk_rank,Source-listed perk-rank row; allocation timing and route order deferred to TB-020.
PERKRANK-000079,PERKNODE-000067,SKILL-000006,Restoration,magic,Recovery,1,2,30,30 Restoration,Novice Restoration,Magicka regenerates 25% faster.,000581f4,OBJ-002450,base_game,https://en.uesp.net/wiki/Skyrim:Restoration,SRC-000274,SN-000082-individual-perk-rank-catalog.md,source_listed_perk_rank,Source-listed perk-rank row; allocation timing and route order deferred to TB-020.
PERKRANK-000080,PERKNODE-000067,SKILL-000006,Restoration,magic,Recovery,2,2,60,60 Restoration,none,Magicka regenerates 50% faster.,000581f5,OBJ-002450,base_game,https://en.uesp.net/wiki/Skyrim:Restoration,SRC-000274,SN-000082-individual-perk-rank-catalog.md,source_listed_perk_rank,Source-listed perk-rank row; allocation timing and route order deferred to TB-020.
PERKRANK-000081,PERKNODE-000068,SKILL-000006,Restoration,magic,Avoid Death,1,1,90,90 Restoration,Recovery,"Once a day, heals 250 points automatically if you fall below 10% health. (Only if the damage does not kill you.)",000a3f64,OBJ-002450,base_game,https://en.uesp.net/wiki/Skyrim:Restoration,SRC-000274,SN-000082-individual-perk-rank-catalog.md,source_listed_perk_rank,Source-listed perk-rank row; allocation timing and route order deferred to TB-020.
PERKRANK-000082,PERKNODE-000069,SKILL-000006,Restoration,magic,Regeneration,1,1,20,20 Restoration,Novice Restoration,Healing spells cure 50% more.,000581f8,OBJ-002450,base_game,https://en.uesp.net/wiki/Skyrim:Restoration,SRC-000274,SN-000082-individual-perk-rank-catalog.md,source_listed_perk_rank,Source-listed perk-rank row; allocation timing and route order deferred to TB-020.
PERKRANK-000083,PERKNODE-000070,SKILL-000006,Restoration,magic,Necromage,1,1,70,70 Restoration,Regeneration,All spells are more effective against undead. (+25% effect and +50% effect duration. See below section for more detail.),000581e4,OBJ-002450,base_game,https://en.uesp.net/wiki/Skyrim:Restoration,SRC-000274,SN-000082-individual-perk-rank-catalog.md,source_listed_perk_rank,Source-listed perk-rank row; allocation timing and route order deferred to TB-020.
PERKRANK-000084,PERKNODE-000071,SKILL-000006,Restoration,magic,Respite,1,1,40,40 Restoration,Novice Restoration,Healing spells also restore Stamina.,000581f9,OBJ-002450,base_game,https://en.uesp.net/wiki/Skyrim:Restoration,SRC-000274,SN-000082-individual-perk-rank-catalog.md,source_listed_perk_rank,Source-listed perk-rank row; allocation timing and route order deferred to TB-020.
PERKRANK-000085,PERKNODE-000072,SKILL-000006,Restoration,magic,Restoration Dual Casting,1,1,20,20 Restoration,Novice Restoration,Dual casting a Restoration spell overcharges the effects into an even more powerful version. (220% spell effect for 280% magicka cost),000153d1,OBJ-002450,base_game,https://en.uesp.net/wiki/Skyrim:Restoration,SRC-000274,SN-000082-individual-perk-rank-catalog.md,source_listed_perk_rank,Source-listed perk-rank row; allocation timing and route order deferred to TB-020.
PERKRANK-000086,PERKNODE-000073,SKILL-000006,Restoration,magic,Ward Absorb,1,1,60,60 Restoration,Novice Restoration,Wards recharge your magicka when hit with spells.,00068bcc,OBJ-002450,base_game,https://en.uesp.net/wiki/Skyrim:Restoration,SRC-000274,SN-000082-individual-perk-rank-catalog.md,source_listed_perk_rank,Source-listed perk-rank row; allocation timing and route order deferred to TB-020.
PERKRANK-000087,PERKNODE-000074,SKILL-000007,Archery,combat,Overdraw,1,5,0,none,none,Bows do 20% more damage.,000babed,OBJ-002451,base_game,https://en.uesp.net/wiki/Skyrim:Archery,SRC-000275,SN-000082-individual-perk-rank-catalog.md,source_listed_perk_rank,Source-listed perk-rank row; allocation timing and route order deferred to TB-020.
PERKRANK-000088,PERKNODE-000074,SKILL-000007,Archery,combat,Overdraw,2,5,20,20 Archery,none,Bows do 40% more damage.,0007934a,OBJ-002451,base_game,https://en.uesp.net/wiki/Skyrim:Archery,SRC-000275,SN-000082-individual-perk-rank-catalog.md,source_listed_perk_rank,Source-listed perk-rank row; allocation timing and route order deferred to TB-020.
PERKRANK-000089,PERKNODE-000074,SKILL-000007,Archery,combat,Overdraw,3,5,40,40 Archery,none,Bows do 60% more damage.,0007934b,OBJ-002451,base_game,https://en.uesp.net/wiki/Skyrim:Archery,SRC-000275,SN-000082-individual-perk-rank-catalog.md,source_listed_perk_rank,Source-listed perk-rank row; allocation timing and route order deferred to TB-020.
PERKRANK-000090,PERKNODE-000074,SKILL-000007,Archery,combat,Overdraw,4,5,60,60 Archery,none,Bows do 80% more damage.,0007934d,OBJ-002451,base_game,https://en.uesp.net/wiki/Skyrim:Archery,SRC-000275,SN-000082-individual-perk-rank-catalog.md,source_listed_perk_rank,Source-listed perk-rank row; allocation timing and route order deferred to TB-020.
PERKRANK-000091,PERKNODE-000074,SKILL-000007,Archery,combat,Overdraw,5,5,80,80 Archery,none,Bows do twice as much damage.,00079354,OBJ-002451,base_game,https://en.uesp.net/wiki/Skyrim:Archery,SRC-000275,SN-000082-individual-perk-rank-catalog.md,source_listed_perk_rank,Source-listed perk-rank row; allocation timing and route order deferred to TB-020.
PERKRANK-000092,PERKNODE-000075,SKILL-000007,Archery,combat,Critical Shot,1,3,30,30 Archery,Overdraw,10% chance of a critical hit that does extra damage.,00105f1c,OBJ-002451,base_game,https://en.uesp.net/wiki/Skyrim:Archery,SRC-000275,SN-000082-individual-perk-rank-catalog.md,source_listed_perk_rank,Source-listed perk-rank row; allocation timing and route order deferred to TB-020.
PERKRANK-000093,PERKNODE-000075,SKILL-000007,Archery,combat,Critical Shot,2,3,60,60 Archery,none,15% chance of a critical hit that does 25% more critical damage.,00105f1e,OBJ-002451,base_game,https://en.uesp.net/wiki/Skyrim:Archery,SRC-000275,SN-000082-individual-perk-rank-catalog.md,source_listed_perk_rank,Source-listed perk-rank row; allocation timing and route order deferred to TB-020.
PERKRANK-000094,PERKNODE-000075,SKILL-000007,Archery,combat,Critical Shot,3,3,90,90 Archery,none,20% chance of a critical hit that does 50% more critical damage.,00105f1f,OBJ-002451,base_game,https://en.uesp.net/wiki/Skyrim:Archery,SRC-000275,SN-000082-individual-perk-rank-catalog.md,source_listed_perk_rank,Source-listed perk-rank row; allocation timing and route order deferred to TB-020.
PERKRANK-000095,PERKNODE-000076,SKILL-000007,Archery,combat,Hunter's Discipline,1,1,50,50 Archery,Critical Shot,Recover twice as many arrows from dead bodies.,00051b12,OBJ-002451,base_game,https://en.uesp.net/wiki/Skyrim:Archery,SRC-000275,SN-000082-individual-perk-rank-catalog.md,source_listed_perk_rank,Source-listed perk-rank row; allocation timing and route order deferred to TB-020.
PERKRANK-000096,PERKNODE-000077,SKILL-000007,Archery,combat,Ranger,1,1,60,60 Archery,Hunter's Discipline,Able to move faster with a drawn bow.,00058f63,OBJ-002451,base_game,https://en.uesp.net/wiki/Skyrim:Archery,SRC-000275,SN-000082-individual-perk-rank-catalog.md,source_listed_perk_rank,Source-listed perk-rank row; allocation timing and route order deferred to TB-020.
PERKRANK-000097,PERKNODE-000078,SKILL-000007,Archery,combat,Eagle Eye,1,1,30,30 Archery,Overdraw,Pressing Block while aiming will zoom in your view.,00058f61,OBJ-002451,base_game,https://en.uesp.net/wiki/Skyrim:Archery,SRC-000275,SN-000082-individual-perk-rank-catalog.md,source_listed_perk_rank,Source-listed perk-rank row; allocation timing and route order deferred to TB-020.
PERKRANK-000098,PERKNODE-000079,SKILL-000007,Archery,combat,Power Shot,1,1,50,50 Archery,Eagle Eye,Arrows stagger all but the largest opponents 50% of the time.,00058f62,OBJ-002451,base_game,https://en.uesp.net/wiki/Skyrim:Archery,SRC-000275,SN-000082-individual-perk-rank-catalog.md,source_listed_perk_rank,Source-listed perk-rank row; allocation timing and route order deferred to TB-020.
PERKRANK-000099,PERKNODE-000080,SKILL-000007,Archery,combat,Quick Shot,1,1,70,70 Archery,Power Shot,Can draw a bow 30% faster.*,00105f19,OBJ-002451,base_game,https://en.uesp.net/wiki/Skyrim:Archery,SRC-000275,SN-000082-individual-perk-rank-catalog.md,source_listed_perk_rank,Source-listed perk-rank row; allocation timing and route order deferred to TB-020.
PERKRANK-000100,PERKNODE-000081,SKILL-000007,Archery,combat,Steady Hand,1,2,40,40 Archery,Eagle Eye,Zooming in with a bow slows time by 25%.,00103ada,OBJ-002451,base_game,https://en.uesp.net/wiki/Skyrim:Archery,SRC-000275,SN-000082-individual-perk-rank-catalog.md,source_listed_perk_rank,Source-listed perk-rank row; allocation timing and route order deferred to TB-020.
PERKRANK-000101,PERKNODE-000081,SKILL-000007,Archery,combat,Steady Hand,2,2,60,60 Archery,none,Zooming in with a bow slows time by 50%.,00103adb,OBJ-002451,base_game,https://en.uesp.net/wiki/Skyrim:Archery,SRC-000275,SN-000082-individual-perk-rank-catalog.md,source_listed_perk_rank,Source-listed perk-rank row; allocation timing and route order deferred to TB-020.
PERKRANK-000102,PERKNODE-000082,SKILL-000007,Archery,combat,Bullseye,1,1,100,100 Archery,Ranger or Quick Shot,15% chance of paralyzing the target for a few seconds.,00058f64,OBJ-002451,base_game,https://en.uesp.net/wiki/Skyrim:Archery,SRC-000275,SN-000082-individual-perk-rank-catalog.md,source_listed_perk_rank,Source-listed perk-rank row; allocation timing and route order deferred to TB-020.
PERKRANK-000103,PERKNODE-000083,SKILL-000008,Block,combat,Shield Wall,1,5,0,none,none,Blocking is 20% more effective. (Actually 10%),000bccae,OBJ-002452,base_game,https://en.uesp.net/wiki/Skyrim:Block,SRC-000276,SN-000082-individual-perk-rank-catalog.md,source_listed_perk_rank,Source-listed perk-rank row; allocation timing and route order deferred to TB-020.
PERKRANK-000104,PERKNODE-000083,SKILL-000008,Block,combat,Shield Wall,2,5,20,20 Block,none,Blocking is 25% more effective. (Actually 20%),00079355,OBJ-002452,base_game,https://en.uesp.net/wiki/Skyrim:Block,SRC-000276,SN-000082-individual-perk-rank-catalog.md,source_listed_perk_rank,Source-listed perk-rank row; allocation timing and route order deferred to TB-020.
PERKRANK-000105,PERKNODE-000083,SKILL-000008,Block,combat,Shield Wall,3,5,40,40 Block,none,Blocking is 30% more effective.,00079356,OBJ-002452,base_game,https://en.uesp.net/wiki/Skyrim:Block,SRC-000276,SN-000082-individual-perk-rank-catalog.md,source_listed_perk_rank,Source-listed perk-rank row; allocation timing and route order deferred to TB-020.
PERKRANK-000106,PERKNODE-000083,SKILL-000008,Block,combat,Shield Wall,4,5,60,60 Block,none,Blocking is 35% more effective. (Actually 40%),00079357,OBJ-002452,base_game,https://en.uesp.net/wiki/Skyrim:Block,SRC-000276,SN-000082-individual-perk-rank-catalog.md,source_listed_perk_rank,Source-listed perk-rank row; allocation timing and route order deferred to TB-020.
PERKRANK-000107,PERKNODE-000083,SKILL-000008,Block,combat,Shield Wall,5,5,80,80 Block,none,Blocking is 40% more effective. (Actually 50%),00079358,OBJ-002452,base_game,https://en.uesp.net/wiki/Skyrim:Block,SRC-000276,SN-000082-individual-perk-rank-catalog.md,source_listed_perk_rank,Source-listed perk-rank row; allocation timing and route order deferred to TB-020.
PERKRANK-000108,PERKNODE-000084,SKILL-000008,Block,combat,Deflect Arrows,1,1,30,30 Block,Shield Wall,Arrows that hit the shield do no damage.,00058f68,OBJ-002452,base_game,https://en.uesp.net/wiki/Skyrim:Block,SRC-000276,SN-000082-individual-perk-rank-catalog.md,source_listed_perk_rank,Source-listed perk-rank row; allocation timing and route order deferred to TB-020.
PERKRANK-000109,PERKNODE-000085,SKILL-000008,Block,combat,Elemental Protection,1,1,50,50 Block,Deflect Arrows,"Blocking with a shield reduces incoming fire, frost, and shock damage by 50%.",00058f69,OBJ-002452,base_game,https://en.uesp.net/wiki/Skyrim:Block,SRC-000276,SN-000082-individual-perk-rank-catalog.md,source_listed_perk_rank,Source-listed perk-rank row; allocation timing and route order deferred to TB-020.
PERKRANK-000110,PERKNODE-000086,SKILL-000008,Block,combat,Block Runner,1,1,70,70 Block,Elemental Protection,Able to move faster with a shield or weapon raised.,00106253,OBJ-002452,base_game,https://en.uesp.net/wiki/Skyrim:Block,SRC-000276,SN-000082-individual-perk-rank-catalog.md,source_listed_perk_rank,Source-listed perk-rank row; allocation timing and route order deferred to TB-020.
PERKRANK-000111,PERKNODE-000087,SKILL-000008,Block,combat,Power Bash,1,1,30,30 Block,Shield Wall,Able to do a power bash.,00058f67,OBJ-002452,base_game,https://en.uesp.net/wiki/Skyrim:Block,SRC-000276,SN-000082-individual-perk-rank-catalog.md,source_listed_perk_rank,Source-listed perk-rank row; allocation timing and route order deferred to TB-020.
PERKRANK-000112,PERKNODE-000088,SKILL-000008,Block,combat,Deadly Bash,1,1,50,50 Block,Power Bash,Bashing does five times more damage.,0005f594,OBJ-002452,base_game,https://en.uesp.net/wiki/Skyrim:Block,SRC-000276,SN-000082-individual-perk-rank-catalog.md,source_listed_perk_rank,Source-listed perk-rank row; allocation timing and route order deferred to TB-020.
PERKRANK-000113,PERKNODE-000089,SKILL-000008,Block,combat,Disarming Bash,1,1,70,70 Block,Deadly Bash,Chance to disarm when power bashing. (50% chance),00058f66,OBJ-002452,base_game,https://en.uesp.net/wiki/Skyrim:Block,SRC-000276,SN-000082-individual-perk-rank-catalog.md,source_listed_perk_rank,Source-listed perk-rank row; allocation timing and route order deferred to TB-020.
PERKRANK-000114,PERKNODE-000090,SKILL-000008,Block,combat,Shield Charge,1,1,100,100 Block,Disarming Bash or Block Runner,Sprinting with a shield raised knocks down most targets.,00058f6a,OBJ-002452,base_game,https://en.uesp.net/wiki/Skyrim:Block,SRC-000276,SN-000082-individual-perk-rank-catalog.md,source_listed_perk_rank,Source-listed perk-rank row; allocation timing and route order deferred to TB-020.
PERKRANK-000115,PERKNODE-000091,SKILL-000008,Block,combat,Quick Reflexes,1,1,30,30 Block,Shield Wall,Time slows down if you are blocking during an enemy's power attack.,000d8c33,OBJ-002452,base_game,https://en.uesp.net/wiki/Skyrim:Block,SRC-000276,SN-000082-individual-perk-rank-catalog.md,source_listed_perk_rank,Source-listed perk-rank row; allocation timing and route order deferred to TB-020.
PERKRANK-000116,PERKNODE-000092,SKILL-000009,Heavy Armor,combat,Juggernaut,1,5,0,none,none,Increases armor rating for Heavy Armor by 20%.,000bcd2a,OBJ-002453,base_game,https://en.uesp.net/wiki/Skyrim:Heavy_Armor,SRC-000277,SN-000082-individual-perk-rank-catalog.md,source_listed_perk_rank,Source-listed perk-rank row; allocation timing and route order deferred to TB-020.
PERKRANK-000117,PERKNODE-000092,SKILL-000009,Heavy Armor,combat,Juggernaut,2,5,20,20 Heavy Armor,none,Increases armor rating for Heavy Armor by 40%.,0007935e,OBJ-002453,base_game,https://en.uesp.net/wiki/Skyrim:Heavy_Armor,SRC-000277,SN-000082-individual-perk-rank-catalog.md,source_listed_perk_rank,Source-listed perk-rank row; allocation timing and route order deferred to TB-020.
PERKRANK-000118,PERKNODE-000092,SKILL-000009,Heavy Armor,combat,Juggernaut,3,5,40,40 Heavy Armor,none,Increases armor rating for Heavy Armor by 60%.,00079361,OBJ-002453,base_game,https://en.uesp.net/wiki/Skyrim:Heavy_Armor,SRC-000277,SN-000082-individual-perk-rank-catalog.md,source_listed_perk_rank,Source-listed perk-rank row; allocation timing and route order deferred to TB-020.
PERKRANK-000119,PERKNODE-000092,SKILL-000009,Heavy Armor,combat,Juggernaut,4,5,60,60 Heavy Armor,none,Increases armor rating for Heavy Armor by 80%.,00079362,OBJ-002453,base_game,https://en.uesp.net/wiki/Skyrim:Heavy_Armor,SRC-000277,SN-000082-individual-perk-rank-catalog.md,source_listed_perk_rank,Source-listed perk-rank row; allocation timing and route order deferred to TB-020.
PERKRANK-000120,PERKNODE-000092,SKILL-000009,Heavy Armor,combat,Juggernaut,5,5,80,80 Heavy Armor,none,Increases armor rating for Heavy Armor by 100%.,00079374,OBJ-002453,base_game,https://en.uesp.net/wiki/Skyrim:Heavy_Armor,SRC-000277,SN-000082-individual-perk-rank-catalog.md,source_listed_perk_rank,Source-listed perk-rank row; allocation timing and route order deferred to TB-020.
PERKRANK-000121,PERKNODE-000093,SKILL-000009,Heavy Armor,combat,Fists of Steel,1,1,30,30 Heavy Armor,Juggernaut,Unarmed attacks with Heavy Armor gauntlets do their armor rating in extra damage.,00058f6e,OBJ-002453,base_game,https://en.uesp.net/wiki/Skyrim:Heavy_Armor,SRC-000277,SN-000082-individual-perk-rank-catalog.md,source_listed_perk_rank,Source-listed perk-rank row; allocation timing and route order deferred to TB-020.
PERKRANK-000122,PERKNODE-000094,SKILL-000009,Heavy Armor,combat,Cushioned,1,1,50,50 Heavy Armor,Fists of Steel,"Half damage from falling if wearing all Heavy Armor: head, chest, hands, feet.",000bcd2b,OBJ-002453,base_game,https://en.uesp.net/wiki/Skyrim:Heavy_Armor,SRC-000277,SN-000082-individual-perk-rank-catalog.md,source_listed_perk_rank,Source-listed perk-rank row; allocation timing and route order deferred to TB-020.
PERKRANK-000123,PERKNODE-000095,SKILL-000009,Heavy Armor,combat,Conditioning,1,1,70,70 Heavy Armor,Cushioned,Heavy Armor weighs nothing and doesn't slow you down when worn.,00058f6d,OBJ-002453,base_game,https://en.uesp.net/wiki/Skyrim:Heavy_Armor,SRC-000277,SN-000082-individual-perk-rank-catalog.md,source_listed_perk_rank,Source-listed perk-rank row; allocation timing and route order deferred to TB-020.
PERKRANK-000124,PERKNODE-000096,SKILL-000009,Heavy Armor,combat,Well Fitted,1,1,30,30 Heavy Armor,Juggernaut,"25% Armor bonus if wearing all Heavy Armor: head, chest, hands, feet.",00058f6f,OBJ-002453,base_game,https://en.uesp.net/wiki/Skyrim:Heavy_Armor,SRC-000277,SN-000082-individual-perk-rank-catalog.md,source_listed_perk_rank,Source-listed perk-rank row; allocation timing and route order deferred to TB-020.
PERKRANK-000125,PERKNODE-000097,SKILL-000009,Heavy Armor,combat,Tower of Strength,1,1,50,50 Heavy Armor,Well Fitted,50% less stagger when wearing only Heavy Armor.,00058f6c,OBJ-002453,base_game,https://en.uesp.net/wiki/Skyrim:Heavy_Armor,SRC-000277,SN-000082-individual-perk-rank-catalog.md,source_listed_perk_rank,Source-listed perk-rank row; allocation timing and route order deferred to TB-020.
PERKRANK-000126,PERKNODE-000098,SKILL-000009,Heavy Armor,combat,Matching Set,1,1,70,70 Heavy Armor,Tower of Strength,Additional 25% Armor bonus if wearing a matched set of Heavy Armor.,00107832,OBJ-002453,base_game,https://en.uesp.net/wiki/Skyrim:Heavy_Armor,SRC-000277,SN-000082-individual-perk-rank-catalog.md,source_listed_perk_rank,Source-listed perk-rank row; allocation timing and route order deferred to TB-020.
PERKRANK-000127,PERKNODE-000099,SKILL-000009,Heavy Armor,combat,Reflect Blows,1,1,100,100 Heavy Armor,Matching Set,"10% chance to reflect melee damage back to the enemy while wearing all Heavy Armor: head, chest, hands, feet.",00105f33,OBJ-002453,base_game,https://en.uesp.net/wiki/Skyrim:Heavy_Armor,SRC-000277,SN-000082-individual-perk-rank-catalog.md,source_listed_perk_rank,Source-listed perk-rank row; allocation timing and route order deferred to TB-020.
PERKRANK-000128,PERKNODE-000100,SKILL-000010,One-handed,combat,Armsman,1,5,0,none,none,One-Handed weapons do 20% more damage.,000babe4,OBJ-002454,base_game,https://en.uesp.net/wiki/Skyrim:One-handed,SRC-000278,SN-000082-individual-perk-rank-catalog.md,source_listed_perk_rank,Source-listed perk-rank row; allocation timing and route order deferred to TB-020.
PERKRANK-000129,PERKNODE-000100,SKILL-000010,One-handed,combat,Armsman,2,5,20,20 One-handed,none,One-Handed weapons do 40% more damage.,00079343,OBJ-002454,base_game,https://en.uesp.net/wiki/Skyrim:One-handed,SRC-000278,SN-000082-individual-perk-rank-catalog.md,source_listed_perk_rank,Source-listed perk-rank row; allocation timing and route order deferred to TB-020.
PERKRANK-000130,PERKNODE-000100,SKILL-000010,One-handed,combat,Armsman,3,5,40,40 One-handed,none,One-Handed weapons do 60% more damage.,00079342,OBJ-002454,base_game,https://en.uesp.net/wiki/Skyrim:One-handed,SRC-000278,SN-000082-individual-perk-rank-catalog.md,source_listed_perk_rank,Source-listed perk-rank row; allocation timing and route order deferred to TB-020.
PERKRANK-000131,PERKNODE-000100,SKILL-000010,One-handed,combat,Armsman,4,5,60,60 One-handed,none,One-Handed weapons do 80% more damage.,00079344,OBJ-002454,base_game,https://en.uesp.net/wiki/Skyrim:One-handed,SRC-000278,SN-000082-individual-perk-rank-catalog.md,source_listed_perk_rank,Source-listed perk-rank row; allocation timing and route order deferred to TB-020.
PERKRANK-000132,PERKNODE-000100,SKILL-000010,One-handed,combat,Armsman,5,5,80,80 One-handed,none,One-Handed weapons do twice as much damage.,00079345,OBJ-002454,base_game,https://en.uesp.net/wiki/Skyrim:One-handed,SRC-000278,SN-000082-individual-perk-rank-catalog.md,source_listed_perk_rank,Source-listed perk-rank row; allocation timing and route order deferred to TB-020.
PERKRANK-000133,PERKNODE-000101,SKILL-000010,One-handed,combat,Bladesman,1,3,30,30 One-handed,Armsman,Attacks with swords have a 10% chance of doing critical damage (+0% crit damage)*.,0005f56f,OBJ-002454,base_game,https://en.uesp.net/wiki/Skyrim:One-handed,SRC-000278,SN-000082-individual-perk-rank-catalog.md,source_listed_perk_rank,Source-listed perk-rank row; allocation timing and route order deferred to TB-020.
PERKRANK-000134,PERKNODE-000101,SKILL-000010,One-handed,combat,Bladesman,2,3,60,60 One-handed,none,Attacks with swords have a 15% chance of doing more critical damage (+25% crit damage)*.,000c1e90,OBJ-002454,base_game,https://en.uesp.net/wiki/Skyrim:One-handed,SRC-000278,SN-000082-individual-perk-rank-catalog.md,source_listed_perk_rank,Source-listed perk-rank row; allocation timing and route order deferred to TB-020.
PERKRANK-000135,PERKNODE-000101,SKILL-000010,One-handed,combat,Bladesman,3,3,90,90 One-handed,none,Attacks with swords have a 20% chance of doing even more critical damage (+50% crit damage)*.,000c1e91,OBJ-002454,base_game,https://en.uesp.net/wiki/Skyrim:One-handed,SRC-000278,SN-000082-individual-perk-rank-catalog.md,source_listed_perk_rank,Source-listed perk-rank row; allocation timing and route order deferred to TB-020.
PERKRANK-000136,PERKNODE-000102,SKILL-000010,One-handed,combat,Bone Breaker,1,3,30,30 One-handed,Armsman,Attacks with maces ignore 25% of armor.,0005f592,OBJ-002454,base_game,https://en.uesp.net/wiki/Skyrim:One-handed,SRC-000278,SN-000082-individual-perk-rank-catalog.md,source_listed_perk_rank,Source-listed perk-rank row; allocation timing and route order deferred to TB-020.
PERKRANK-000137,PERKNODE-000102,SKILL-000010,One-handed,combat,Bone Breaker,2,3,60,60 One-handed,none,Attacks with maces ignore 50% of armor.,000c1e92,OBJ-002454,base_game,https://en.uesp.net/wiki/Skyrim:One-handed,SRC-000278,SN-000082-individual-perk-rank-catalog.md,source_listed_perk_rank,Source-listed perk-rank row; allocation timing and route order deferred to TB-020.
PERKRANK-000138,PERKNODE-000102,SKILL-000010,One-handed,combat,Bone Breaker,3,3,90,90 One-handed,none,Attacks with maces ignore 75% of armor.,000c1e93,OBJ-002454,base_game,https://en.uesp.net/wiki/Skyrim:One-handed,SRC-000278,SN-000082-individual-perk-rank-catalog.md,source_listed_perk_rank,Source-listed perk-rank row; allocation timing and route order deferred to TB-020.
PERKRANK-000139,PERKNODE-000103,SKILL-000010,One-handed,combat,Dual Flurry,1,2,30,30 One-handed,Armsman,Dual wielding attacks are 20% faster.**,00106256,OBJ-002454,base_game,https://en.uesp.net/wiki/Skyrim:One-handed,SRC-000278,SN-000082-individual-perk-rank-catalog.md,source_listed_perk_rank,Source-listed perk-rank row; allocation timing and route order deferred to TB-020.
PERKRANK-000140,PERKNODE-000103,SKILL-000010,One-handed,combat,Dual Flurry,2,2,50,50 One-handed,none,Dual wielding attacks are 35% faster.**,00106257,OBJ-002454,base_game,https://en.uesp.net/wiki/Skyrim:One-handed,SRC-000278,SN-000082-individual-perk-rank-catalog.md,source_listed_perk_rank,Source-listed perk-rank row; allocation timing and route order deferred to TB-020.
PERKRANK-000141,PERKNODE-000104,SKILL-000010,One-handed,combat,Dual Savagery,1,1,70,70 One-handed,Dual Flurry,Dual wielding power attacks do 50% bonus damage.**,00106258,OBJ-002454,base_game,https://en.uesp.net/wiki/Skyrim:One-handed,SRC-000278,SN-000082-individual-perk-rank-catalog.md,source_listed_perk_rank,Source-listed perk-rank row; allocation timing and route order deferred to TB-020.
PERKRANK-000142,PERKNODE-000105,SKILL-000010,One-handed,combat,Fighting Stance,1,1,20,20 One-handed,Armsman,Power attacks with one-handed weapons cost 25% less stamina.,00052d50,OBJ-002454,base_game,https://en.uesp.net/wiki/Skyrim:One-handed,SRC-000278,SN-000082-individual-perk-rank-catalog.md,source_listed_perk_rank,Source-listed perk-rank row; allocation timing and route order deferred to TB-020.
PERKRANK-000143,PERKNODE-000106,SKILL-000010,One-handed,combat,Critical Charge,1,1,50,50 One-handed,Fighting Stance,Can do a one-handed power attack while sprinting that does double critical damage.,000cb406,OBJ-002454,base_game,https://en.uesp.net/wiki/Skyrim:One-handed,SRC-000278,SN-000082-individual-perk-rank-catalog.md,source_listed_perk_rank,Source-listed perk-rank row; allocation timing and route order deferred to TB-020.
PERKRANK-000144,PERKNODE-000107,SKILL-000010,One-handed,combat,Savage Strike,1,1,50,50 One-handed,Fighting Stance,Standing power attacks do 25% bonus damage with a chance to decapitate your enemies.,0003af81,OBJ-002454,base_game,https://en.uesp.net/wiki/Skyrim:One-handed,SRC-000278,SN-000082-individual-perk-rank-catalog.md,source_listed_perk_rank,Source-listed perk-rank row; allocation timing and route order deferred to TB-020.
PERKRANK-000145,PERKNODE-000108,SKILL-000010,One-handed,combat,Paralyzing Strike,1,1,100,100 One-handed,Critical Charge or Savage Strike,Backwards power attack has a 25%*** chance to paralyze the target.,0003afa6,OBJ-002454,base_game,https://en.uesp.net/wiki/Skyrim:One-handed,SRC-000278,SN-000082-individual-perk-rank-catalog.md,source_listed_perk_rank,Source-listed perk-rank row; allocation timing and route order deferred to TB-020.
PERKRANK-000146,PERKNODE-000109,SKILL-000010,One-handed,combat,Hack and Slash,1,3,30,30 One-handed,Armsman,Attacks with war axes cause extra bleeding damage.,0003fffa,OBJ-002454,base_game,https://en.uesp.net/wiki/Skyrim:One-handed,SRC-000278,SN-000082-individual-perk-rank-catalog.md,source_listed_perk_rank,Source-listed perk-rank row; allocation timing and route order deferred to TB-020.
PERKRANK-000147,PERKNODE-000109,SKILL-000010,One-handed,combat,Hack and Slash,2,3,60,60 One-handed,none,Attacks with war axes cause more bleeding damage.,000c3678,OBJ-002454,base_game,https://en.uesp.net/wiki/Skyrim:One-handed,SRC-000278,SN-000082-individual-perk-rank-catalog.md,source_listed_perk_rank,Source-listed perk-rank row; allocation timing and route order deferred to TB-020.
PERKRANK-000148,PERKNODE-000109,SKILL-000010,One-handed,combat,Hack and Slash,3,3,90,90 One-handed,none,Attacks with war axes cause even more bleeding damage.,000c3679,OBJ-002454,base_game,https://en.uesp.net/wiki/Skyrim:One-handed,SRC-000278,SN-000082-individual-perk-rank-catalog.md,source_listed_perk_rank,Source-listed perk-rank row; allocation timing and route order deferred to TB-020.
PERKRANK-000149,PERKNODE-000110,SKILL-000011,Smithing,combat,Steel Smithing,1,1,0,none,none,"Can create Steel armor and weapons at forges, and improve them twice as much. Notes: Also create Bonemold DB and Vigil CC armor.",000cb40d,OBJ-002455,base_game,https://en.uesp.net/wiki/Skyrim:Smithing,SRC-000279,SN-000082-individual-perk-rank-catalog.md,source_listed_perk_rank,Source-listed perk-rank row; allocation timing and route order deferred to TB-020.
PERKRANK-000150,PERKNODE-000111,SKILL-000011,Smithing,combat,Arcane Blacksmith,1,1,60,60 Smithing,Steel Smithing,You can improve magical weapons and armor.,0005218e,OBJ-002455,base_game,https://en.uesp.net/wiki/Skyrim:Smithing,SRC-000279,SN-000082-individual-perk-rank-catalog.md,source_listed_perk_rank,Source-listed perk-rank row; allocation timing and route order deferred to TB-020.
PERKRANK-000151,PERKNODE-000112,SKILL-000011,Smithing,combat,Dwarven Smithing,1,1,30,30 Smithing,Steel Smithing,"Can create Dwarven armor and weapons at forges, and improve them twice as much.",000cb40e,OBJ-002455,base_game,https://en.uesp.net/wiki/Skyrim:Smithing,SRC-000279,SN-000082-individual-perk-rank-catalog.md,source_listed_perk_rank,Source-listed perk-rank row; allocation timing and route order deferred to TB-020.
PERKRANK-000152,PERKNODE-000113,SKILL-000011,Smithing,combat,Orcish Smithing,1,1,50,50 Smithing,Dwarven Smithing,"Can create Orcish armor and weapons at forges, and improve them twice as much.",000cb410,OBJ-002455,base_game,https://en.uesp.net/wiki/Skyrim:Smithing,SRC-000279,SN-000082-individual-perk-rank-catalog.md,source_listed_perk_rank,Source-listed perk-rank row; allocation timing and route order deferred to TB-020.
PERKRANK-000153,PERKNODE-000114,SKILL-000011,Smithing,combat,Ebony Smithing,1,1,80,80 Smithing,Orcish Smithing,"Can create Ebony armor and weapons at forges, and improve them twice as much. Notes: Also create Stalhrim DB and Madness CC armor and weapons.",000cb412,OBJ-002455,base_game,https://en.uesp.net/wiki/Skyrim:Smithing,SRC-000279,SN-000082-individual-perk-rank-catalog.md,source_listed_perk_rank,Source-listed perk-rank row; allocation timing and route order deferred to TB-020.
PERKRANK-000154,PERKNODE-000115,SKILL-000011,Smithing,combat,Daedric Smithing,1,1,90,90 Smithing,Ebony Smithing,"Can create Daedric armor and weapons at forges, and improve them twice as much. Notes: Also create Dark and Golden armor and weapons. CC",000cb413,OBJ-002455,base_game,https://en.uesp.net/wiki/Skyrim:Smithing,SRC-000279,SN-000082-individual-perk-rank-catalog.md,source_listed_perk_rank,Source-listed perk-rank row; allocation timing and route order deferred to TB-020.
PERKRANK-000155,PERKNODE-000116,SKILL-000011,Smithing,combat,Elven Smithing,1,1,30,30 Smithing,Steel Smithing,"Can create Elven armor and weapons at forges, and improve them twice as much. Notes: Also create Chitin armor. DB",000cb40f,OBJ-002455,base_game,https://en.uesp.net/wiki/Skyrim:Smithing,SRC-000279,SN-000082-individual-perk-rank-catalog.md,source_listed_perk_rank,Source-listed perk-rank row; allocation timing and route order deferred to TB-020.
PERKRANK-000156,PERKNODE-000117,SKILL-000011,Smithing,combat,Advanced Armors,1,1,50,50 Smithing,Elven Smithing,"Can create Scaled and Plate armor at forges, and improve them twice as much. Notes: Also create Nordic DB armor and weapons, Silver CC armor, and Remnant CC armor.",000cb414,OBJ-002455,base_game,https://en.uesp.net/wiki/Skyrim:Smithing,SRC-000279,SN-000082-individual-perk-rank-catalog.md,source_listed_perk_rank,Source-listed perk-rank row; allocation timing and route order deferred to TB-020.
PERKRANK-000157,PERKNODE-000118,SKILL-000011,Smithing,combat,Glass Smithing,1,1,70,70 Smithing,Advanced Armors,"Can create Glass armor and weapons at forges, and improve them twice as much. Notes: Also create Amber armor and weapons. CC",000cb411,OBJ-002455,base_game,https://en.uesp.net/wiki/Skyrim:Smithing,SRC-000279,SN-000082-individual-perk-rank-catalog.md,source_listed_perk_rank,Source-listed perk-rank row; allocation timing and route order deferred to TB-020.
PERKRANK-000158,PERKNODE-000119,SKILL-000011,Smithing,combat,Dragon Armor,1,1,100,100 Smithing,Daedric Smithing or Glass Smithing,"Can create Dragon armor at forges, and improve them twice as much.* Notes: Also create Dragonbone weapons. DG",00052190,OBJ-002455,base_game,https://en.uesp.net/wiki/Skyrim:Smithing,SRC-000279,SN-000082-individual-perk-rank-catalog.md,source_listed_perk_rank,Source-listed perk-rank row; allocation timing and route order deferred to TB-020.
PERKRANK-000159,PERKNODE-000120,SKILL-000012,Two-handed,combat,Barbarian,1,5,0,none,none,Two-Handed weapons do 20% more damage.,000babe8,OBJ-002456,base_game,https://en.uesp.net/wiki/Skyrim:Two-handed,SRC-000280,SN-000082-individual-perk-rank-catalog.md,source_listed_perk_rank,Source-listed perk-rank row; allocation timing and route order deferred to TB-020.
PERKRANK-000160,PERKNODE-000120,SKILL-000012,Two-handed,combat,Barbarian,2,5,20,20 Two-handed,none,Two-Handed weapons do 40% more damage.,00079346,OBJ-002456,base_game,https://en.uesp.net/wiki/Skyrim:Two-handed,SRC-000280,SN-000082-individual-perk-rank-catalog.md,source_listed_perk_rank,Source-listed perk-rank row; allocation timing and route order deferred to TB-020.
PERKRANK-000161,PERKNODE-000120,SKILL-000012,Two-handed,combat,Barbarian,3,5,40,40 Two-handed,none,Two-Handed weapons do 60% more damage.,00079347,OBJ-002456,base_game,https://en.uesp.net/wiki/Skyrim:Two-handed,SRC-000280,SN-000082-individual-perk-rank-catalog.md,source_listed_perk_rank,Source-listed perk-rank row; allocation timing and route order deferred to TB-020.
PERKRANK-000162,PERKNODE-000120,SKILL-000012,Two-handed,combat,Barbarian,4,5,60,60 Two-handed,none,Two-Handed weapons do 80% more damage.,00079348,OBJ-002456,base_game,https://en.uesp.net/wiki/Skyrim:Two-handed,SRC-000280,SN-000082-individual-perk-rank-catalog.md,source_listed_perk_rank,Source-listed perk-rank row; allocation timing and route order deferred to TB-020.
PERKRANK-000163,PERKNODE-000120,SKILL-000012,Two-handed,combat,Barbarian,5,5,80,80 Two-handed,none,Two-Handed weapons do twice as much damage.,00079349,OBJ-002456,base_game,https://en.uesp.net/wiki/Skyrim:Two-handed,SRC-000280,SN-000082-individual-perk-rank-catalog.md,source_listed_perk_rank,Source-listed perk-rank row; allocation timing and route order deferred to TB-020.
PERKRANK-000164,PERKNODE-000121,SKILL-000012,Two-handed,combat,Champion's Stance,1,1,20,20 Two-handed,Barbarian,Power attacks with two-handed weapons cost 25% less stamina.,00052d51,OBJ-002456,base_game,https://en.uesp.net/wiki/Skyrim:Two-handed,SRC-000280,SN-000082-individual-perk-rank-catalog.md,source_listed_perk_rank,Source-listed perk-rank row; allocation timing and route order deferred to TB-020.
PERKRANK-000165,PERKNODE-000122,SKILL-000012,Two-handed,combat,Devastating Blow,1,1,50,50 Two-handed,Champion's Stance,Standing power attacks do 25% bonus damage with a chance to decapitate your enemies.,00052d52,OBJ-002456,base_game,https://en.uesp.net/wiki/Skyrim:Two-handed,SRC-000280,SN-000082-individual-perk-rank-catalog.md,source_listed_perk_rank,Source-listed perk-rank row; allocation timing and route order deferred to TB-020.
PERKRANK-000166,PERKNODE-000123,SKILL-000012,Two-handed,combat,Great Critical Charge,1,1,50,50 Two-handed,Champion's Stance,Can do a two-handed power attack while sprinting that does double critical damage.,000cb407,OBJ-002456,base_game,https://en.uesp.net/wiki/Skyrim:Two-handed,SRC-000280,SN-000082-individual-perk-rank-catalog.md,source_listed_perk_rank,Source-listed perk-rank row; allocation timing and route order deferred to TB-020.
PERKRANK-000167,PERKNODE-000124,SKILL-000012,Two-handed,combat,Sweep,1,1,70,70 Two-handed,Great Critical Charge or Devastating Blow,Sideways power attacks with two-handed weapons hit all targets in front of you.,0003af9e,OBJ-002456,base_game,https://en.uesp.net/wiki/Skyrim:Two-handed,SRC-000280,SN-000082-individual-perk-rank-catalog.md,source_listed_perk_rank,Source-listed perk-rank row; allocation timing and route order deferred to TB-020.
PERKRANK-000168,PERKNODE-000125,SKILL-000012,Two-handed,combat,Warmaster,1,1,100,100 Two-handed,Sweep,Backwards power attack has a 25% chance to paralyze the target.,0003afa7,OBJ-002456,base_game,https://en.uesp.net/wiki/Skyrim:Two-handed,SRC-000280,SN-000082-individual-perk-rank-catalog.md,source_listed_perk_rank,Source-listed perk-rank row; allocation timing and route order deferred to TB-020.
PERKRANK-000169,PERKNODE-000126,SKILL-000012,Two-handed,combat,Deep Wounds,1,3,30,30 Two-handed,Barbarian,Attacks with greatswords have a 10% chance of doing critical damage.,0003af83,OBJ-002456,base_game,https://en.uesp.net/wiki/Skyrim:Two-handed,SRC-000280,SN-000082-individual-perk-rank-catalog.md,source_listed_perk_rank,Source-listed perk-rank row; allocation timing and route order deferred to TB-020.
PERKRANK-000170,PERKNODE-000126,SKILL-000012,Two-handed,combat,Deep Wounds,2,3,60,60 Two-handed,none,Attacks with greatswords have a 15% chance of doing more critical damage.,000c1e94,OBJ-002456,base_game,https://en.uesp.net/wiki/Skyrim:Two-handed,SRC-000280,SN-000082-individual-perk-rank-catalog.md,source_listed_perk_rank,Source-listed perk-rank row; allocation timing and route order deferred to TB-020.
PERKRANK-000171,PERKNODE-000126,SKILL-000012,Two-handed,combat,Deep Wounds,3,3,90,90 Two-handed,none,Attacks with greatswords have a 20% chance of doing even more critical damage.,000c1e95,OBJ-002456,base_game,https://en.uesp.net/wiki/Skyrim:Two-handed,SRC-000280,SN-000082-individual-perk-rank-catalog.md,source_listed_perk_rank,Source-listed perk-rank row; allocation timing and route order deferred to TB-020.
PERKRANK-000172,PERKNODE-000127,SKILL-000012,Two-handed,combat,Limbsplitter,1,3,30,30 Two-handed,Barbarian,Attacks with battle axes cause extra bleeding damage.,000c5c05,OBJ-002456,base_game,https://en.uesp.net/wiki/Skyrim:Two-handed,SRC-000280,SN-000082-individual-perk-rank-catalog.md,source_listed_perk_rank,Source-listed perk-rank row; allocation timing and route order deferred to TB-020.
PERKRANK-000173,PERKNODE-000127,SKILL-000012,Two-handed,combat,Limbsplitter,2,3,60,60 Two-handed,none,Attacks with battle axes cause more bleeding damage.,000c5c06,OBJ-002456,base_game,https://en.uesp.net/wiki/Skyrim:Two-handed,SRC-000280,SN-000082-individual-perk-rank-catalog.md,source_listed_perk_rank,Source-listed perk-rank row; allocation timing and route order deferred to TB-020.
PERKRANK-000174,PERKNODE-000127,SKILL-000012,Two-handed,combat,Limbsplitter,3,3,90,90 Two-handed,none,Attacks with battle axes cause even more bleeding damage.,000c5c07,OBJ-002456,base_game,https://en.uesp.net/wiki/Skyrim:Two-handed,SRC-000280,SN-000082-individual-perk-rank-catalog.md,source_listed_perk_rank,Source-listed perk-rank row; allocation timing and route order deferred to TB-020.
PERKRANK-000175,PERKNODE-000128,SKILL-000012,Two-handed,combat,Skullcrusher,1,3,30,30 Two-handed,Barbarian,Attacks with warhammers ignore 25% of armor.,0003af84,OBJ-002456,base_game,https://en.uesp.net/wiki/Skyrim:Two-handed,SRC-000280,SN-000082-individual-perk-rank-catalog.md,source_listed_perk_rank,Source-listed perk-rank row; allocation timing and route order deferred to TB-020.
PERKRANK-000176,PERKNODE-000128,SKILL-000012,Two-handed,combat,Skullcrusher,2,3,60,60 Two-handed,none,Attacks with warhammers ignore 50% of armor.,000c1e96,OBJ-002456,base_game,https://en.uesp.net/wiki/Skyrim:Two-handed,SRC-000280,SN-000082-individual-perk-rank-catalog.md,source_listed_perk_rank,Source-listed perk-rank row; allocation timing and route order deferred to TB-020.
PERKRANK-000177,PERKNODE-000128,SKILL-000012,Two-handed,combat,Skullcrusher,3,3,90,90 Two-handed,none,Attacks with warhammers ignore 75% of armor.,000c1e97,OBJ-002456,base_game,https://en.uesp.net/wiki/Skyrim:Two-handed,SRC-000280,SN-000082-individual-perk-rank-catalog.md,source_listed_perk_rank,Source-listed perk-rank row; allocation timing and route order deferred to TB-020.
PERKRANK-000178,PERKNODE-000129,SKILL-000013,Alchemy,stealth,Alchemist,1,5,0,none,none,Potions and poisons you make are 20% stronger.,000be127,OBJ-002457,base_game,https://en.uesp.net/wiki/Skyrim:Alchemy,SRC-000281,SN-000082-individual-perk-rank-catalog.md,source_listed_perk_rank,Source-listed perk-rank row; allocation timing and route order deferred to TB-020.
PERKRANK-000179,PERKNODE-000129,SKILL-000013,Alchemy,stealth,Alchemist,2,5,20,20 Alchemy,none,Potions and poisons you make are 40% stronger.,000c07ca,OBJ-002457,base_game,https://en.uesp.net/wiki/Skyrim:Alchemy,SRC-000281,SN-000082-individual-perk-rank-catalog.md,source_listed_perk_rank,Source-listed perk-rank row; allocation timing and route order deferred to TB-020.
PERKRANK-000180,PERKNODE-000129,SKILL-000013,Alchemy,stealth,Alchemist,3,5,40,40 Alchemy,none,Potions and poisons you make are 60% stronger.,000c07cb,OBJ-002457,base_game,https://en.uesp.net/wiki/Skyrim:Alchemy,SRC-000281,SN-000082-individual-perk-rank-catalog.md,source_listed_perk_rank,Source-listed perk-rank row; allocation timing and route order deferred to TB-020.
PERKRANK-000181,PERKNODE-000129,SKILL-000013,Alchemy,stealth,Alchemist,4,5,60,60 Alchemy,none,Potions and poisons you make are 80% stronger.,000c07cc,OBJ-002457,base_game,https://en.uesp.net/wiki/Skyrim:Alchemy,SRC-000281,SN-000082-individual-perk-rank-catalog.md,source_listed_perk_rank,Source-listed perk-rank row; allocation timing and route order deferred to TB-020.
PERKRANK-000182,PERKNODE-000129,SKILL-000013,Alchemy,stealth,Alchemist,5,5,80,80 Alchemy,none,Potions and poisons you make are twice as strong.,000c07cd,OBJ-002457,base_game,https://en.uesp.net/wiki/Skyrim:Alchemy,SRC-000281,SN-000082-individual-perk-rank-catalog.md,source_listed_perk_rank,Source-listed perk-rank row; allocation timing and route order deferred to TB-020.
PERKRANK-000183,PERKNODE-000130,SKILL-000013,Alchemy,stealth,Physician,1,1,20,20 Alchemy,Alchemist,"Potions you mix that restore Health, Magicka or Stamina are 25% more powerful.",00058215,OBJ-002457,base_game,https://en.uesp.net/wiki/Skyrim:Alchemy,SRC-000281,SN-000082-individual-perk-rank-catalog.md,source_listed_perk_rank,Source-listed perk-rank row; allocation timing and route order deferred to TB-020.
PERKRANK-000184,PERKNODE-000131,SKILL-000013,Alchemy,stealth,Benefactor,1,1,30,30 Alchemy,Physician,Potions you mix with beneficial effects have an additional 25% greater magnitude.,00058216,OBJ-002457,base_game,https://en.uesp.net/wiki/Skyrim:Alchemy,SRC-000281,SN-000082-individual-perk-rank-catalog.md,source_listed_perk_rank,Source-listed perk-rank row; allocation timing and route order deferred to TB-020.
PERKRANK-000185,PERKNODE-000132,SKILL-000013,Alchemy,stealth,Experimenter,1,3,50,50 Alchemy,Benefactor,Eating an ingredient reveals first two effects.,00058218,OBJ-002457,base_game,https://en.uesp.net/wiki/Skyrim:Alchemy,SRC-000281,SN-000082-individual-perk-rank-catalog.md,source_listed_perk_rank,Source-listed perk-rank row; allocation timing and route order deferred to TB-020.
PERKRANK-000186,PERKNODE-000132,SKILL-000013,Alchemy,stealth,Experimenter,2,3,70,70 Alchemy,none,Eating an ingredient reveals first three effects.,00105f2a,OBJ-002457,base_game,https://en.uesp.net/wiki/Skyrim:Alchemy,SRC-000281,SN-000082-individual-perk-rank-catalog.md,source_listed_perk_rank,Source-listed perk-rank row; allocation timing and route order deferred to TB-020.
PERKRANK-000187,PERKNODE-000132,SKILL-000013,Alchemy,stealth,Experimenter,3,3,90,90 Alchemy,none,Eating an ingredient reveals all its effects.,00105f2b,OBJ-002457,base_game,https://en.uesp.net/wiki/Skyrim:Alchemy,SRC-000281,SN-000082-individual-perk-rank-catalog.md,source_listed_perk_rank,Source-listed perk-rank row; allocation timing and route order deferred to TB-020.
PERKRANK-000188,PERKNODE-000133,SKILL-000013,Alchemy,stealth,Poisoner,1,1,30,30 Alchemy,Physician,Poisons you mix are 25% more effective.,00058217,OBJ-002457,base_game,https://en.uesp.net/wiki/Skyrim:Alchemy,SRC-000281,SN-000082-individual-perk-rank-catalog.md,source_listed_perk_rank,Source-listed perk-rank row; allocation timing and route order deferred to TB-020.
PERKRANK-000189,PERKNODE-000134,SKILL-000013,Alchemy,stealth,Concentrated Poison,1,1,60,60 Alchemy,Poisoner,Poisons applied to weapons last for twice as many hits.,00105f2f,OBJ-002457,base_game,https://en.uesp.net/wiki/Skyrim:Alchemy,SRC-000281,SN-000082-individual-perk-rank-catalog.md,source_listed_perk_rank,Source-listed perk-rank row; allocation timing and route order deferred to TB-020.
PERKRANK-000190,PERKNODE-000135,SKILL-000013,Alchemy,stealth,Green Thumb,1,1,70,70 Alchemy,Concentrated Poison,Two ingredients are gathered from plants.,00105f2e,OBJ-002457,base_game,https://en.uesp.net/wiki/Skyrim:Alchemy,SRC-000281,SN-000082-individual-perk-rank-catalog.md,source_listed_perk_rank,Source-listed perk-rank row; allocation timing and route order deferred to TB-020.
PERKRANK-000191,PERKNODE-000136,SKILL-000013,Alchemy,stealth,Snakeblood,1,1,80,80 Alchemy,Experimenter or Concentrated Poison,50% resistance to all poisons.,00105f2c,OBJ-002457,base_game,https://en.uesp.net/wiki/Skyrim:Alchemy,SRC-000281,SN-000082-individual-perk-rank-catalog.md,source_listed_perk_rank,Source-listed perk-rank row; allocation timing and route order deferred to TB-020.
PERKRANK-000192,PERKNODE-000137,SKILL-000013,Alchemy,stealth,Purity,1,1,100,100 Alchemy,Snakeblood,"All negative effects are removed from created potions, and all positive effects are removed from created poisons.",0005821d,OBJ-002457,base_game,https://en.uesp.net/wiki/Skyrim:Alchemy,SRC-000281,SN-000082-individual-perk-rank-catalog.md,source_listed_perk_rank,Source-listed perk-rank row; allocation timing and route order deferred to TB-020.
PERKRANK-000193,PERKNODE-000138,SKILL-000014,Light Armor,stealth,Agile Defender,1,5,0,none,none,Increase armor rating for Light armor by 20%.,000be123,OBJ-002458,base_game,https://en.uesp.net/wiki/Skyrim:Light_Armor,SRC-000282,SN-000082-individual-perk-rank-catalog.md,source_listed_perk_rank,Source-listed perk-rank row; allocation timing and route order deferred to TB-020.
PERKRANK-000194,PERKNODE-000138,SKILL-000014,Light Armor,stealth,Agile Defender,2,5,20,20 Light Armor,none,Increase armor rating for Light armor by 40%.,00079376,OBJ-002458,base_game,https://en.uesp.net/wiki/Skyrim:Light_Armor,SRC-000282,SN-000082-individual-perk-rank-catalog.md,source_listed_perk_rank,Source-listed perk-rank row; allocation timing and route order deferred to TB-020.
PERKRANK-000195,PERKNODE-000138,SKILL-000014,Light Armor,stealth,Agile Defender,3,5,40,40 Light Armor,none,Increase armor rating for Light armor by 60%.,00079389,OBJ-002458,base_game,https://en.uesp.net/wiki/Skyrim:Light_Armor,SRC-000282,SN-000082-individual-perk-rank-catalog.md,source_listed_perk_rank,Source-listed perk-rank row; allocation timing and route order deferred to TB-020.
PERKRANK-000196,PERKNODE-000138,SKILL-000014,Light Armor,stealth,Agile Defender,4,5,60,60 Light Armor,none,Increase armor rating for Light armor by 80%.,00079391,OBJ-002458,base_game,https://en.uesp.net/wiki/Skyrim:Light_Armor,SRC-000282,SN-000082-individual-perk-rank-catalog.md,source_listed_perk_rank,Source-listed perk-rank row; allocation timing and route order deferred to TB-020.
PERKRANK-000197,PERKNODE-000138,SKILL-000014,Light Armor,stealth,Agile Defender,5,5,80,80 Light Armor,none,Increase armor rating for Light armor by 100%.,00079392,OBJ-002458,base_game,https://en.uesp.net/wiki/Skyrim:Light_Armor,SRC-000282,SN-000082-individual-perk-rank-catalog.md,source_listed_perk_rank,Source-listed perk-rank row; allocation timing and route order deferred to TB-020.
PERKRANK-000198,PERKNODE-000139,SKILL-000014,Light Armor,stealth,Custom Fit,1,1,30,30 Light Armor,Agile Defender,"25% Armor bonus if wearing all Light Armor: head, chest, hands, feet.",00051b1b,OBJ-002458,base_game,https://en.uesp.net/wiki/Skyrim:Light_Armor,SRC-000282,SN-000082-individual-perk-rank-catalog.md,source_listed_perk_rank,Source-listed perk-rank row; allocation timing and route order deferred to TB-020.
PERKRANK-000199,PERKNODE-000140,SKILL-000014,Light Armor,stealth,Matching Set,1,1,70,70 Light Armor,Custom Fit,Additional 25% Armor bonus if wearing a matched set of Light Armor.,00051b17,OBJ-002458,base_game,https://en.uesp.net/wiki/Skyrim:Light_Armor,SRC-000282,SN-000082-individual-perk-rank-catalog.md,source_listed_perk_rank,Source-listed perk-rank row; allocation timing and route order deferred to TB-020.
PERKRANK-000200,PERKNODE-000141,SKILL-000014,Light Armor,stealth,Unhindered,1,1,50,50 Light Armor,Custom Fit,Light Armor weighs nothing and doesn't slow you down when worn.,00051b1c,OBJ-002458,base_game,https://en.uesp.net/wiki/Skyrim:Light_Armor,SRC-000282,SN-000082-individual-perk-rank-catalog.md,source_listed_perk_rank,Source-listed perk-rank row; allocation timing and route order deferred to TB-020.
PERKRANK-000201,PERKNODE-000142,SKILL-000014,Light Armor,stealth,Wind Walker,1,1,60,60 Light Armor,Unhindered,"Stamina regenerates 50% faster in all Light Armor: head, chest, hands, feet.",00105f22,OBJ-002458,base_game,https://en.uesp.net/wiki/Skyrim:Light_Armor,SRC-000282,SN-000082-individual-perk-rank-catalog.md,source_listed_perk_rank,Source-listed perk-rank row; allocation timing and route order deferred to TB-020.
PERKRANK-000202,PERKNODE-000143,SKILL-000014,Light Armor,stealth,Deft Movement,1,1,100,100 Light Armor,Wind Walker or Matching Set,"10% chance of avoiding all damage from a melee attack while wearing all Light Armor: head, chest, hands, feet.",00107831,OBJ-002458,base_game,https://en.uesp.net/wiki/Skyrim:Light_Armor,SRC-000282,SN-000082-individual-perk-rank-catalog.md,source_listed_perk_rank,Source-listed perk-rank row; allocation timing and route order deferred to TB-020.
PERKRANK-000203,PERKNODE-000144,SKILL-000015,Lockpicking,stealth,Novice Locks,1,1,0,none,none,Novice locks are much easier to pick.,000f392a,OBJ-002459,base_game,https://en.uesp.net/wiki/Skyrim:Lockpicking,SRC-000283,SN-000082-individual-perk-rank-catalog.md,source_listed_perk_rank,Source-listed perk-rank row; allocation timing and route order deferred to TB-020.
PERKRANK-000204,PERKNODE-000145,SKILL-000015,Lockpicking,stealth,Apprentice Locks,1,1,25,25 Lockpicking,Novice Locks,Apprentice locks are much easier to pick.,000be125,OBJ-002459,base_game,https://en.uesp.net/wiki/Skyrim:Lockpicking,SRC-000283,SN-000082-individual-perk-rank-catalog.md,source_listed_perk_rank,Source-listed perk-rank row; allocation timing and route order deferred to TB-020.
PERKRANK-000205,PERKNODE-000146,SKILL-000015,Lockpicking,stealth,Quick Hands,1,1,40,40 Lockpicking,Apprentice Locks,Able to pick locks without being noticed.,00106259,OBJ-002459,base_game,https://en.uesp.net/wiki/Skyrim:Lockpicking,SRC-000283,SN-000082-individual-perk-rank-catalog.md,source_listed_perk_rank,Source-listed perk-rank row; allocation timing and route order deferred to TB-020.
PERKRANK-000206,PERKNODE-000147,SKILL-000015,Lockpicking,stealth,Wax Key,1,1,50,50 Lockpicking,Quick Hands,Automatically gives you a copy of a picked lock's key if it has one.,00107830,OBJ-002459,base_game,https://en.uesp.net/wiki/Skyrim:Lockpicking,SRC-000283,SN-000082-individual-perk-rank-catalog.md,source_listed_perk_rank,Source-listed perk-rank row; allocation timing and route order deferred to TB-020.
PERKRANK-000207,PERKNODE-000148,SKILL-000015,Lockpicking,stealth,Adept Locks,1,1,50,50 Lockpicking,Apprentice Locks,Adept locks are much easier to pick.,000c3680,OBJ-002459,base_game,https://en.uesp.net/wiki/Skyrim:Lockpicking,SRC-000283,SN-000082-individual-perk-rank-catalog.md,source_listed_perk_rank,Source-listed perk-rank row; allocation timing and route order deferred to TB-020.
PERKRANK-000208,PERKNODE-000149,SKILL-000015,Lockpicking,stealth,Expert Locks,1,1,75,75 Lockpicking,Adept Locks,Expert locks are much easier to pick.,000c3681,OBJ-002459,base_game,https://en.uesp.net/wiki/Skyrim:Lockpicking,SRC-000283,SN-000082-individual-perk-rank-catalog.md,source_listed_perk_rank,Source-listed perk-rank row; allocation timing and route order deferred to TB-020.
PERKRANK-000209,PERKNODE-000150,SKILL-000015,Lockpicking,stealth,Golden Touch,1,1,60,60 Lockpicking,Adept Locks,Find more gold in chests.,0005820a,OBJ-002459,base_game,https://en.uesp.net/wiki/Skyrim:Lockpicking,SRC-000283,SN-000082-individual-perk-rank-catalog.md,source_listed_perk_rank,Source-listed perk-rank row; allocation timing and route order deferred to TB-020.
PERKRANK-000210,PERKNODE-000151,SKILL-000015,Lockpicking,stealth,Treasure Hunter,1,1,70,70 Lockpicking,Golden Touch,50% greater chance of finding special treasure.,00105f26,OBJ-002459,base_game,https://en.uesp.net/wiki/Skyrim:Lockpicking,SRC-000283,SN-000082-individual-perk-rank-catalog.md,source_listed_perk_rank,Source-listed perk-rank row; allocation timing and route order deferred to TB-020.
PERKRANK-000211,PERKNODE-000152,SKILL-000015,Lockpicking,stealth,Locksmith,1,1,80,80 Lockpicking,Expert Locks,Pick starts close to the lock opening position.,00058208,OBJ-002459,base_game,https://en.uesp.net/wiki/Skyrim:Lockpicking,SRC-000283,SN-000082-individual-perk-rank-catalog.md,source_listed_perk_rank,Source-listed perk-rank row; allocation timing and route order deferred to TB-020.
PERKRANK-000212,PERKNODE-000153,SKILL-000015,Lockpicking,stealth,Unbreakable,1,1,100,100 Lockpicking,Locksmith,Lockpicks never break.,00058209,OBJ-002459,base_game,https://en.uesp.net/wiki/Skyrim:Lockpicking,SRC-000283,SN-000082-individual-perk-rank-catalog.md,source_listed_perk_rank,Source-listed perk-rank row; allocation timing and route order deferred to TB-020.
PERKRANK-000213,PERKNODE-000154,SKILL-000015,Lockpicking,stealth,Master Locks,1,1,100,100 Lockpicking,Expert Locks,Master locks are much easier to pick.,000c3682,OBJ-002459,base_game,https://en.uesp.net/wiki/Skyrim:Lockpicking,SRC-000283,SN-000082-individual-perk-rank-catalog.md,source_listed_perk_rank,Source-listed perk-rank row; allocation timing and route order deferred to TB-020.
PERKRANK-000214,PERKNODE-000155,SKILL-000016,Pickpocket,stealth,Light Fingers,1,5,0,none,none,Pickpocketing bonus of 20%. Item weight and value reduce pickpocketing odds.,000be124,OBJ-002460,base_game,https://en.uesp.net/wiki/Skyrim:Pickpocket,SRC-000284,SN-000082-individual-perk-rank-catalog.md,source_listed_perk_rank,Source-listed perk-rank row; allocation timing and route order deferred to TB-020.
PERKRANK-000215,PERKNODE-000155,SKILL-000016,Pickpocket,stealth,Light Fingers,2,5,20,20 Pickpocket,none,Pickpocketing bonus of 40%. Item weight and value reduce pickpocketing odds.,00018e6a,OBJ-002460,base_game,https://en.uesp.net/wiki/Skyrim:Pickpocket,SRC-000284,SN-000082-individual-perk-rank-catalog.md,source_listed_perk_rank,Source-listed perk-rank row; allocation timing and route order deferred to TB-020.
PERKRANK-000216,PERKNODE-000155,SKILL-000016,Pickpocket,stealth,Light Fingers,3,5,40,40 Pickpocket,none,Pickpocketing bonus of 60%. Item weight and value reduce pickpocketing odds.,00018e6b,OBJ-002460,base_game,https://en.uesp.net/wiki/Skyrim:Pickpocket,SRC-000284,SN-000082-individual-perk-rank-catalog.md,source_listed_perk_rank,Source-listed perk-rank row; allocation timing and route order deferred to TB-020.
PERKRANK-000217,PERKNODE-000155,SKILL-000016,Pickpocket,stealth,Light Fingers,4,5,60,60 Pickpocket,none,Pickpocketing bonus of 80%. Item weight and value reduce pickpocketing odds.,00018e6c,OBJ-002460,base_game,https://en.uesp.net/wiki/Skyrim:Pickpocket,SRC-000284,SN-000082-individual-perk-rank-catalog.md,source_listed_perk_rank,Source-listed perk-rank row; allocation timing and route order deferred to TB-020.
PERKRANK-000218,PERKNODE-000155,SKILL-000016,Pickpocket,stealth,Light Fingers,5,5,80,80 Pickpocket,none,Pickpocketing bonus of 100%. Item weight and value reduce pickpocketing odds.,00018e6d,OBJ-002460,base_game,https://en.uesp.net/wiki/Skyrim:Pickpocket,SRC-000284,SN-000082-individual-perk-rank-catalog.md,source_listed_perk_rank,Source-listed perk-rank row; allocation timing and route order deferred to TB-020.
PERKRANK-000219,PERKNODE-000156,SKILL-000016,Pickpocket,stealth,Night Thief,1,1,30,30 Pickpocket,Light Fingers,+25% chance to pickpocket if the target is asleep.,00058202,OBJ-002460,base_game,https://en.uesp.net/wiki/Skyrim:Pickpocket,SRC-000284,SN-000082-individual-perk-rank-catalog.md,source_listed_perk_rank,Source-listed perk-rank row; allocation timing and route order deferred to TB-020.
PERKRANK-000220,PERKNODE-000157,SKILL-000016,Pickpocket,stealth,Cutpurse,1,1,40,40 Pickpocket,Night Thief,Pickpocketing gold is 50% easier.,00058204,OBJ-002460,base_game,https://en.uesp.net/wiki/Skyrim:Pickpocket,SRC-000284,SN-000082-individual-perk-rank-catalog.md,source_listed_perk_rank,Source-listed perk-rank row; allocation timing and route order deferred to TB-020.
PERKRANK-000221,PERKNODE-000158,SKILL-000016,Pickpocket,stealth,Keymaster,1,1,60,60 Pickpocket,Cutpurse,Pickpocketing keys almost always works.,000d79a0,OBJ-002460,base_game,https://en.uesp.net/wiki/Skyrim:Pickpocket,SRC-000284,SN-000082-individual-perk-rank-catalog.md,source_listed_perk_rank,Source-listed perk-rank row; allocation timing and route order deferred to TB-020.
PERKRANK-000222,PERKNODE-000159,SKILL-000016,Pickpocket,stealth,Misdirection,1,1,70,70 Pickpocket,Cutpurse,Can pickpocket equipped weapons.,00058201,OBJ-002460,base_game,https://en.uesp.net/wiki/Skyrim:Pickpocket,SRC-000284,SN-000082-individual-perk-rank-catalog.md,source_listed_perk_rank,Source-listed perk-rank row; allocation timing and route order deferred to TB-020.
PERKRANK-000223,PERKNODE-000160,SKILL-000016,Pickpocket,stealth,Perfect Touch,1,1,100,100 Pickpocket,Misdirection,Can pickpocket equipped items.,00058205,OBJ-002460,base_game,https://en.uesp.net/wiki/Skyrim:Pickpocket,SRC-000284,SN-000082-individual-perk-rank-catalog.md,source_listed_perk_rank,Source-listed perk-rank row; allocation timing and route order deferred to TB-020.
PERKRANK-000224,PERKNODE-000161,SKILL-000016,Pickpocket,stealth,Extra Pockets,1,1,50,50 Pickpocket,Night Thief,Carrying capacity is increased by 100.,00096590,OBJ-002460,base_game,https://en.uesp.net/wiki/Skyrim:Pickpocket,SRC-000284,SN-000082-individual-perk-rank-catalog.md,source_listed_perk_rank,Source-listed perk-rank row; allocation timing and route order deferred to TB-020.
PERKRANK-000225,PERKNODE-000162,SKILL-000016,Pickpocket,stealth,Poisoned,1,1,40,40 Pickpocket,Night Thief,Silently harm enemies by placing poisons in their pockets.,00105f28,OBJ-002460,base_game,https://en.uesp.net/wiki/Skyrim:Pickpocket,SRC-000284,SN-000082-individual-perk-rank-catalog.md,source_listed_perk_rank,Source-listed perk-rank row; allocation timing and route order deferred to TB-020.
PERKRANK-000226,PERKNODE-000163,SKILL-000017,Sneak,stealth,Stealth,1,5,0,none,none,You are 20% harder to detect when sneaking.,000be126,OBJ-002461,base_game,https://en.uesp.net/wiki/Skyrim:Sneak,SRC-000285,SN-000082-individual-perk-rank-catalog.md,source_listed_perk_rank,Source-listed perk-rank row; allocation timing and route order deferred to TB-020.
PERKRANK-000227,PERKNODE-000163,SKILL-000017,Sneak,stealth,Stealth,2,5,20,20 Sneak,none,You are 25% harder to detect when sneaking.,000c07c6,OBJ-002461,base_game,https://en.uesp.net/wiki/Skyrim:Sneak,SRC-000285,SN-000082-individual-perk-rank-catalog.md,source_listed_perk_rank,Source-listed perk-rank row; allocation timing and route order deferred to TB-020.
PERKRANK-000228,PERKNODE-000163,SKILL-000017,Sneak,stealth,Stealth,3,5,40,40 Sneak,none,You are 30% harder to detect when sneaking.,000c07c7,OBJ-002461,base_game,https://en.uesp.net/wiki/Skyrim:Sneak,SRC-000285,SN-000082-individual-perk-rank-catalog.md,source_listed_perk_rank,Source-listed perk-rank row; allocation timing and route order deferred to TB-020.
PERKRANK-000229,PERKNODE-000163,SKILL-000017,Sneak,stealth,Stealth,4,5,60,60 Sneak,none,You are 35% harder to detect when sneaking.,000c07c8,OBJ-002461,base_game,https://en.uesp.net/wiki/Skyrim:Sneak,SRC-000285,SN-000082-individual-perk-rank-catalog.md,source_listed_perk_rank,Source-listed perk-rank row; allocation timing and route order deferred to TB-020.
PERKRANK-000230,PERKNODE-000163,SKILL-000017,Sneak,stealth,Stealth,5,5,80,80 Sneak,none,You are 40% harder to detect when sneaking.,000c07c9,OBJ-002461,base_game,https://en.uesp.net/wiki/Skyrim:Sneak,SRC-000285,SN-000082-individual-perk-rank-catalog.md,source_listed_perk_rank,Source-listed perk-rank row; allocation timing and route order deferred to TB-020.
PERKRANK-000231,PERKNODE-000164,SKILL-000017,Sneak,stealth,Backstab,1,1,30,30 Sneak,Stealth,Sneak attacks with one-handed weapons now do six times damage.,00058210,OBJ-002461,base_game,https://en.uesp.net/wiki/Skyrim:Sneak,SRC-000285,SN-000082-individual-perk-rank-catalog.md,source_listed_perk_rank,Source-listed perk-rank row; allocation timing and route order deferred to TB-020.
PERKRANK-000232,PERKNODE-000165,SKILL-000017,Sneak,stealth,Deadly Aim,1,1,40,40 Sneak,Backstab,Sneak attacks with bows now do three times damage.,001036f0,OBJ-002461,base_game,https://en.uesp.net/wiki/Skyrim:Sneak,SRC-000285,SN-000082-individual-perk-rank-catalog.md,source_listed_perk_rank,Source-listed perk-rank row; allocation timing and route order deferred to TB-020.
PERKRANK-000233,PERKNODE-000166,SKILL-000017,Sneak,stealth,Assassin's Blade,1,1,50,50 Sneak,Deadly Aim,Sneak attacks with daggers now do a total of fifteen times normal damage.,00058211,OBJ-002461,base_game,https://en.uesp.net/wiki/Skyrim:Sneak,SRC-000285,SN-000082-individual-perk-rank-catalog.md,source_listed_perk_rank,Source-listed perk-rank row; allocation timing and route order deferred to TB-020.
PERKRANK-000234,PERKNODE-000167,SKILL-000017,Sneak,stealth,Muffled Movement,1,1,30,30 Sneak,Stealth,Wearing armor makes half as much noise when you move (see muffle ).,00058213,OBJ-002461,base_game,https://en.uesp.net/wiki/Skyrim:Sneak,SRC-000285,SN-000082-individual-perk-rank-catalog.md,source_listed_perk_rank,Source-listed perk-rank row; allocation timing and route order deferred to TB-020.
PERKRANK-000235,PERKNODE-000168,SKILL-000017,Sneak,stealth,Light Foot,1,1,40,40 Sneak,Muffled Movement,You won't trigger pressure plates.,0005820c,OBJ-002461,base_game,https://en.uesp.net/wiki/Skyrim:Sneak,SRC-000285,SN-000082-individual-perk-rank-catalog.md,source_listed_perk_rank,Source-listed perk-rank row; allocation timing and route order deferred to TB-020.
PERKRANK-000236,PERKNODE-000169,SKILL-000017,Sneak,stealth,Silent Roll,1,1,50,50 Sneak,Light Foot,Sprinting while sneaking executes a silent forward roll.,00105f23,OBJ-002461,base_game,https://en.uesp.net/wiki/Skyrim:Sneak,SRC-000285,SN-000082-individual-perk-rank-catalog.md,source_listed_perk_rank,Source-listed perk-rank row; allocation timing and route order deferred to TB-020.
PERKRANK-000237,PERKNODE-000170,SKILL-000017,Sneak,stealth,Silence,1,1,70,70 Sneak,Silent Roll,Walking and running does not affect detection.,00105f24,OBJ-002461,base_game,https://en.uesp.net/wiki/Skyrim:Sneak,SRC-000285,SN-000082-individual-perk-rank-catalog.md,source_listed_perk_rank,Source-listed perk-rank row; allocation timing and route order deferred to TB-020.
PERKRANK-000238,PERKNODE-000171,SKILL-000017,Sneak,stealth,Shadow Warrior,1,1,100,100 Sneak,Silence,Crouching stops combat for a moment and forces distant opponents to search for a target.,00058214,OBJ-002461,base_game,https://en.uesp.net/wiki/Skyrim:Sneak,SRC-000285,SN-000082-individual-perk-rank-catalog.md,source_listed_perk_rank,Source-listed perk-rank row; allocation timing and route order deferred to TB-020.
PERKRANK-000239,PERKNODE-000172,SKILL-000018,Speech,stealth,Haggling,1,5,0,none,none,Buying and selling prices are 10% better.,000be128,OBJ-002462,base_game,https://en.uesp.net/wiki/Skyrim:Speech,SRC-000286,SN-000082-individual-perk-rank-catalog.md,source_listed_perk_rank,Source-listed perk-rank row; allocation timing and route order deferred to TB-020.
PERKRANK-000240,PERKNODE-000172,SKILL-000018,Speech,stealth,Haggling,2,5,20,20 Speech,none,Buying and selling prices are 15% better.,000c07ce,OBJ-002462,base_game,https://en.uesp.net/wiki/Skyrim:Speech,SRC-000286,SN-000082-individual-perk-rank-catalog.md,source_listed_perk_rank,Source-listed perk-rank row; allocation timing and route order deferred to TB-020.
PERKRANK-000241,PERKNODE-000172,SKILL-000018,Speech,stealth,Haggling,3,5,40,40 Speech,none,Buying and selling prices are 20% better.,000c07cf,OBJ-002462,base_game,https://en.uesp.net/wiki/Skyrim:Speech,SRC-000286,SN-000082-individual-perk-rank-catalog.md,source_listed_perk_rank,Source-listed perk-rank row; allocation timing and route order deferred to TB-020.
PERKRANK-000242,PERKNODE-000172,SKILL-000018,Speech,stealth,Haggling,4,5,60,60 Speech,none,Buying and selling prices are 25% better.,000c07d0,OBJ-002462,base_game,https://en.uesp.net/wiki/Skyrim:Speech,SRC-000286,SN-000082-individual-perk-rank-catalog.md,source_listed_perk_rank,Source-listed perk-rank row; allocation timing and route order deferred to TB-020.
PERKRANK-000243,PERKNODE-000172,SKILL-000018,Speech,stealth,Haggling,5,5,80,80 Speech,none,Buying and selling prices are 30% better.,000c07d1,OBJ-002462,base_game,https://en.uesp.net/wiki/Skyrim:Speech,SRC-000286,SN-000082-individual-perk-rank-catalog.md,source_listed_perk_rank,Source-listed perk-rank row; allocation timing and route order deferred to TB-020.
PERKRANK-000244,PERKNODE-000173,SKILL-000018,Speech,stealth,Allure,1,1,30,30 Speech,Haggling,10% better prices with the opposite sex.,00058f75,OBJ-002462,base_game,https://en.uesp.net/wiki/Skyrim:Speech,SRC-000286,SN-000082-individual-perk-rank-catalog.md,source_listed_perk_rank,Source-listed perk-rank row; allocation timing and route order deferred to TB-020.
PERKRANK-000245,PERKNODE-000174,SKILL-000018,Speech,stealth,Merchant,1,1,50,50 Speech,Allure,Can sell any type of item to any kind of merchant.,00058f7a,OBJ-002462,base_game,https://en.uesp.net/wiki/Skyrim:Speech,SRC-000286,SN-000082-individual-perk-rank-catalog.md,source_listed_perk_rank,Source-listed perk-rank row; allocation timing and route order deferred to TB-020.
PERKRANK-000246,PERKNODE-000175,SKILL-000018,Speech,stealth,Investor,1,1,70,70 Speech,Merchant,Can invest 500 gold with a shopkeeper to increase his available gold permanently.,00058f7b,OBJ-002462,base_game,https://en.uesp.net/wiki/Skyrim:Speech,SRC-000286,SN-000082-individual-perk-rank-catalog.md,source_listed_perk_rank,Source-listed perk-rank row; allocation timing and route order deferred to TB-020.
PERKRANK-000247,PERKNODE-000176,SKILL-000018,Speech,stealth,Fence,1,1,90,90 Speech,Investor,Can barter stolen goods with any merchant you have invested in.,00058f79,OBJ-002462,base_game,https://en.uesp.net/wiki/Skyrim:Speech,SRC-000286,SN-000082-individual-perk-rank-catalog.md,source_listed_perk_rank,Source-listed perk-rank row; allocation timing and route order deferred to TB-020.
PERKRANK-000248,PERKNODE-000177,SKILL-000018,Speech,stealth,Master Trader,1,1,100,100 Speech,Fence,Every merchant in the world gains 1000 gold for bartering.,001090a5,OBJ-002462,base_game,https://en.uesp.net/wiki/Skyrim:Speech,SRC-000286,SN-000082-individual-perk-rank-catalog.md,source_listed_perk_rank,Source-listed perk-rank row; allocation timing and route order deferred to TB-020.
PERKRANK-000249,PERKNODE-000178,SKILL-000018,Speech,stealth,Bribery,1,1,30,30 Speech,Haggling,Can bribe guards to ignore crimes.,00058f72,OBJ-002462,base_game,https://en.uesp.net/wiki/Skyrim:Speech,SRC-000286,SN-000082-individual-perk-rank-catalog.md,source_listed_perk_rank,Source-listed perk-rank row; allocation timing and route order deferred to TB-020.
PERKRANK-000250,PERKNODE-000179,SKILL-000018,Speech,stealth,Persuasion,1,1,50,50 Speech,Bribery,Persuasion attempts are 30% easier.,001090a2,OBJ-002462,base_game,https://en.uesp.net/wiki/Skyrim:Speech,SRC-000286,SN-000082-individual-perk-rank-catalog.md,source_listed_perk_rank,Source-listed perk-rank row; allocation timing and route order deferred to TB-020.
PERKRANK-000251,PERKNODE-000180,SKILL-000018,Speech,stealth,Intimidation,1,1,70,70 Speech,Persuasion,Intimidation is twice as likely to be successful.,00105f29,OBJ-002462,base_game,https://en.uesp.net/wiki/Skyrim:Speech,SRC-000286,SN-000082-individual-perk-rank-catalog.md,source_listed_perk_rank,Source-listed perk-rank row; allocation timing and route order deferred to TB-020.
